solid piece_02
  facet normal 0.000000 0.000000 1.000000
    outer loop
      vertex 36.1651 35.3110 0.0000
      vertex 36.5650 35.8001 0.0000
      vertex 36.2684 35.6415 0.0000
    endloop
  endfacet
  facet normal 0.000000 0.000000 1.000000
    outer loop
      vertex 36.1651 35.3110 0.0000
      vertex 36.8991 35.8932 0.0000
      vertex 36.5650 35.8001 0.0000
    endloop
  endfacet
  facet normal -0.000000 0.000000 1.000000
    outer loop
      vertex 36.1651 35.3110 0.0000
      vertex 36.0724 34.9768 0.0000
      vertex 36.8991 35.8932 0.0000
    endloop
  endfacet
  facet normal 0.000000 0.000000 1.000000
    outer loop
      vertex 36.0724 34.9768 0.0000
      vertex 37.2333 35.9859 0.0000
      vertex 36.8991 35.8932 0.0000
    endloop
  endfacet
  facet normal -0.000000 0.000000 1.000000
    outer loop
      vertex 37.5675 36.0787 0.0000
      vertex 35.8869 34.3084 0.0000
      vertex 37.9017 36.1714 0.0000
    endloop
  endfacet
  facet normal -0.000000 0.000000 1.000000
    outer loop
      vertex 35.8869 34.3084 0.0000
      vertex 35.7959 33.9738 0.0000
      vertex 37.9017 36.1714 0.0000
    endloop
  endfacet
  facet normal 0.000000 0.000000 1.000000
    outer loop
      vertex 35.7959 33.9738 0.0000
      vertex 38.2373 36.2586 0.0000
      vertex 37.9017 36.1714 0.0000
    endloop
  endfacet
  facet normal -0.000000 0.000000 1.000000
    outer loop
      vertex 35.7959 33.9738 0.0000
      vertex 35.7093 33.6380 0.0000
      vertex 38.2373 36.2586 0.0000
    endloop
  endfacet
  facet normal 0.000000 0.000000 1.000000
    outer loop
      vertex 35.7093 33.6380 0.0000
      vertex 38.5732 36.3452 0.0000
      vertex 38.2373 36.2586 0.0000
    endloop
  endfacet
  facet normal -0.000000 0.000000 1.000000
    outer loop
      vertex 38.9090 36.4318 0.0000
      vertex 35.5361 32.9663 0.0000
      vertex 39.2448 36.5184 0.0000
    endloop
  endfacet
  facet normal -0.000000 0.000000 1.000000
    outer loop
      vertex 35.5361 32.9663 0.0000
      vertex 35.4495 32.6305 0.0000
      vertex 39.2448 36.5184 0.0000
    endloop
  endfacet
  facet normal 0.000000 0.000000 1.000000
    outer loop
      vertex 35.4495 32.6305 0.0000
      vertex 39.5807 36.6050 0.0000
      vertex 39.2448 36.5184 0.0000
    endloop
  endfacet
  facet normal -0.000000 0.000000 1.000000
    outer loop
      vertex 35.4495 32.6305 0.0000
      vertex 35.3629 32.2946 0.0000
      vertex 39.5807 36.6050 0.0000
    endloop
  endfacet
  facet normal 0.000000 0.000000 1.000000
    outer loop
      vertex 35.3629 32.2946 0.0000
      vertex 39.9168 36.6905 0.0000
      vertex 39.5807 36.6050 0.0000
    endloop
  endfacet
  facet normal -0.000000 0.000000 1.000000
    outer loop
      vertex 35.3629 32.2946 0.0000
      vertex 35.2805 31.9578 0.0000
      vertex 39.9168 36.6905 0.0000
    endloop
  endfacet
  facet normal 0.000000 0.000000 1.000000
    outer loop
      vertex 35.2805 31.9578 0.0000
      vertex 40.2547 36.7685 0.0000
      vertex 39.9168 36.6905 0.0000
    endloop
  endfacet
  facet normal -0.000000 0.000000 1.000000
    outer loop
      vertex 35.2805 31.9578 0.0000
      vertex 35.2025 31.6198 0.0000
      vertex 40.2547 36.7685 0.0000
    endloop
  endfacet
  facet normal 0.000000 0.000000 1.000000
    outer loop
      vertex 35.2025 31.6198 0.0000
      vertex 40.5926 36.8466 0.0000
      vertex 40.2547 36.7685 0.0000
    endloop
  endfacet
  facet normal -0.000000 0.000000 1.000000
    outer loop
      vertex 41.6064 37.0807 0.0000
      vertex 49.8599 33.1664 0.0000
      vertex 41.9443 37.1587 0.0000
    endloop
  endfacet
  facet normal 0.000000 0.000000 1.000000
    outer loop
      vertex 49.8599 33.1664 0.0000
      vertex 42.2830 37.2329 0.0000
      vertex 41.9443 37.1587 0.0000
    endloop
  endfacet
  facet normal 0.000000 0.000000 1.000000
    outer loop
      vertex 49.8599 33.1664 0.0000
      vertex 42.6236 37.2984 0.0000
      vertex 42.2830 37.2329 0.0000
    endloop
  endfacet
  facet normal 0.000000 0.000000 1.000000
    outer loop
      vertex 49.8599 33.1664 0.0000
      vertex 49.7317 33.4836 0.0000
      vertex 42.6236 37.2984 0.0000
    endloop
  endfacet
  facet normal 0.000000 0.000000 1.000000
    outer loop
      vertex 49.7317 33.4836 0.0000
      vertex 42.9642 37.3638 0.0000
      vertex 42.6236 37.2984 0.0000
    endloop
  endfacet
  facet normal -0.000000 0.000000 1.000000
    outer loop
      vertex 42.9642 37.3638 0.0000
      vertex 49.7317 33.4836 0.0000
      vertex 43.3048 37.4293 0.0000
    endloop
  endfacet
  facet normal 0.000000 0.000000 1.000000
    outer loop
      vertex 49.7317 33.4836 0.0000
      vertex 43.6454 37.4947 0.0000
      vertex 43.3048 37.4293 0.0000
    endloop
  endfacet
  facet normal -0.000000 0.000000 1.000000
    outer loop
      vertex 43.6454 37.4947 0.0000
      vertex 49.6463 33.8197 0.0000
      vertex 43.9860 37.5602 0.0000
    endloop
  endfacet
  facet normal 0.000000 0.000000 1.000000
    outer loop
      vertex 49.6463 33.8197 0.0000
      vertex 49.5610 34.1559 0.0000
      vertex 43.9860 37.5602 0.0000
    endloop
  endfacet
  facet normal 0.000000 0.000000 1.000000
    outer loop
      vertex 49.5610 34.1559 0.0000
      vertex 44.3265 37.6256 0.0000
      vertex 43.9860 37.5602 0.0000
    endloop
  endfacet
  facet normal 0.000000 0.000000 1.000000
    outer loop
      vertex 49.5610 34.1559 0.0000
      vertex 49.4784 34.4926 0.0000
      vertex 44.3265 37.6256 0.0000
    endloop
  endfacet
  facet normal 0.000000 0.000000 1.000000
    outer loop
      vertex 49.4784 34.4926 0.0000
      vertex 44.6677 37.6875 0.0000
      vertex 44.3265 37.6256 0.0000
    endloop
  endfacet
  facet normal 0.000000 0.000000 1.000000
    outer loop
      vertex 49.4784 34.4926 0.0000
      vertex 45.0116 37.7328 0.0000
      vertex 44.6677 37.6875 0.0000
    endloop
  endfacet
  facet normal -0.000000 0.000000 1.000000
    outer loop
      vertex 45.0116 37.7328 0.0000
      vertex 49.4784 34.4926 0.0000
      vertex 45.3554 37.7781 0.0000
    endloop
  endfacet
  facet normal 0.000000 0.000000 1.000000
    outer loop
      vertex 49.4784 34.4926 0.0000
      vertex 45.6993 37.8234 0.0000
      vertex 45.3554 37.7781 0.0000
    endloop
  endfacet
  facet normal -0.000000 0.000000 1.000000
    outer loop
      vertex 46.3870 37.9140 0.0000
      vertex 49.4784 34.4926 0.0000
      vertex 46.7308 37.9593 0.0000
    endloop
  endfacet
  facet normal 0.000000 -0.000000 1.000000
    outer loop
      vertex 49.4784 34.4926 0.0000
      vertex 49.5594 34.8249 0.0000
      vertex 46.7308 37.9593 0.0000
    endloop
  endfacet
  facet normal 0.000000 0.000000 1.000000
    outer loop
      vertex 49.5594 34.8249 0.0000
      vertex 47.0761 37.9873 0.0000
      vertex 46.7308 37.9593 0.0000
    endloop
  endfacet
  facet normal 0.000000 0.000000 1.000000
    outer loop
      vertex 49.5594 34.8249 0.0000
      vertex 47.4228 37.9958 0.0000
      vertex 47.0761 37.9873 0.0000
    endloop
  endfacet
  facet normal 0.000000 -0.000000 1.000000
    outer loop
      vertex 49.5594 34.8249 0.0000
      vertex 49.6869 35.1475 0.0000
      vertex 47.4228 37.9958 0.0000
    endloop
  endfacet
  facet normal 0.000000 0.000000 1.000000
    outer loop
      vertex 49.6869 35.1475 0.0000
      vertex 47.7695 38.0043 0.0000
      vertex 47.4228 37.9958 0.0000
    endloop
  endfacet
  facet normal 0.000000 -0.000000 1.000000
    outer loop
      vertex 49.6869 35.1475 0.0000
      vertex 49.8143 35.4700 0.0000
      vertex 47.7695 38.0043 0.0000
    endloop
  endfacet
  facet normal 0.000000 0.000000 1.000000
    outer loop
      vertex 49.8143 35.4700 0.0000
      vertex 48.1162 38.0127 0.0000
      vertex 47.7695 38.0043 0.0000
    endloop
  endfacet
  facet normal -0.000000 0.000000 1.000000
    outer loop
      vertex 48.1162 38.0127 0.0000
      vertex 49.9417 35.7926 0.0000
      vertex 48.4629 38.0212 0.0000
    endloop
  endfacet
  facet normal 0.000000 -0.000000 1.000000
    outer loop
      vertex 49.9417 35.7926 0.0000
      vertex 50.0692 36.1151 0.0000
      vertex 48.4629 38.0212 0.0000
    endloop
  endfacet
  facet normal 0.000000 0.000000 1.000000
    outer loop
      vertex 50.0692 36.1151 0.0000
      vertex 48.8096 38.0294 0.0000
      vertex 48.4629 38.0212 0.0000
    endloop
  endfacet
  facet normal 0.000000 0.000000 1.000000
    outer loop
      vertex 50.0692 36.1151 0.0000
      vertex 49.1496 37.9636 0.0000
      vertex 48.8096 38.0294 0.0000
    endloop
  endfacet
  facet normal -0.000000 0.000000 1.000000
    outer loop
      vertex 59.0815 38.0141 0.0000
      vertex 57.9713 36.0126 0.0000
      vertex 59.4269 38.0239 0.0000
    endloop
  endfacet
  facet normal -0.000000 0.000000 1.000000
    outer loop
      vertex 57.9713 36.0126 0.0000
      vertex 58.0988 35.6901 0.0000
      vertex 59.4269 38.0239 0.0000
    endloop
  endfacet
  facet normal 0.000000 0.000000 1.000000
    outer loop
      vertex 58.0988 35.6901 0.0000
      vertex 59.7736 38.0154 0.0000
      vertex 59.4269 38.0239 0.0000
    endloop
  endfacet
  facet normal 0.000000 0.000000 1.000000
    outer loop
      vertex 59.7736 38.0154 0.0000
      vertex 58.2262 35.3675 0.0000
      vertex 60.1203 38.0069 0.0000
    endloop
  endfacet
  facet normal -0.000000 0.000000 1.000000
    outer loop
      vertex 58.2262 35.3675 0.0000
      vertex 58.3536 35.0450 0.0000
      vertex 60.1203 38.0069 0.0000
    endloop
  endfacet
  facet normal 0.000000 0.000000 1.000000
    outer loop
      vertex 58.3536 35.0450 0.0000
      vertex 60.4671 37.9985 0.0000
      vertex 60.1203 38.0069 0.0000
    endloop
  endfacet
  facet normal 0.000000 0.000000 1.000000
    outer loop
      vertex 60.4671 37.9985 0.0000
      vertex 58.4811 34.7224 0.0000
      vertex 60.8138 37.9900 0.0000
    endloop
  endfacet
  facet normal 0.000000 0.000000 1.000000
    outer loop
      vertex 58.4811 34.7224 0.0000
      vertex 61.1599 37.9737 0.0000
      vertex 60.8138 37.9900 0.0000
    endloop
  endfacet
  facet normal 0.000000 0.000000 1.000000
    outer loop
      vertex 58.4811 34.7224 0.0000
      vertex 61.5038 37.9284 0.0000
      vertex 61.1599 37.9737 0.0000
    endloop
  endfacet
  facet normal 0.000000 0.000000 1.000000
    outer loop
      vertex 61.8476 37.8831 0.0000
      vertex 58.4811 34.7224 0.0000
      vertex 62.1915 37.8378 0.0000
    endloop
  endfacet
  facet normal -0.000000 0.000000 1.000000
    outer loop
      vertex 58.4811 34.7224 0.0000
      vertex 58.4973 34.3852 0.0000
      vertex 62.1915 37.8378 0.0000
    endloop
  endfacet
  facet normal 0.000000 0.000000 1.000000
    outer loop
      vertex 58.4973 34.3852 0.0000
      vertex 62.5353 37.7925 0.0000
      vertex 62.1915 37.8378 0.0000
    endloop
  endfacet
  facet normal 0.000000 0.000000 1.000000
    outer loop
      vertex 62.5353 37.7925 0.0000
      vertex 58.4973 34.3852 0.0000
      vertex 62.8792 37.7472 0.0000
    endloop
  endfacet
  facet normal 0.000000 0.000000 1.000000
    outer loop
      vertex 58.4973 34.3852 0.0000
      vertex 63.2230 37.7019 0.0000
      vertex 62.8792 37.7472 0.0000
    endloop
  endfacet
  facet normal 0.000000 0.000000 1.000000
    outer loop
      vertex 58.4973 34.3852 0.0000
      vertex 63.5652 37.6464 0.0000
      vertex 63.2230 37.7019 0.0000
    endloop
  endfacet
  facet normal 0.000000 0.000000 1.000000
    outer loop
      vertex 58.4973 34.3852 0.0000
      vertex 63.9058 37.5810 0.0000
      vertex 63.5652 37.6464 0.0000
    endloop
  endfacet
  facet normal -0.000000 0.000000 1.000000
    outer loop
      vertex 58.4973 34.3852 0.0000
      vertex 58.4119 34.0490 0.0000
      vertex 63.9058 37.5810 0.0000
    endloop
  endfacet
  facet normal 0.000000 0.000000 1.000000
    outer loop
      vertex 58.4119 34.0490 0.0000
      vertex 64.2464 37.5155 0.0000
      vertex 63.9058 37.5810 0.0000
    endloop
  endfacet
  facet normal -0.000000 0.000000 1.000000
    outer loop
      vertex 58.4119 34.0490 0.0000
      vertex 58.3265 33.7129 0.0000
      vertex 64.2464 37.5155 0.0000
    endloop
  endfacet
  facet normal 0.000000 0.000000 1.000000
    outer loop
      vertex 58.3265 33.7129 0.0000
      vertex 64.5870 37.4501 0.0000
      vertex 64.2464 37.5155 0.0000
    endloop
  endfacet
  facet normal -0.000000 0.000000 1.000000
    outer loop
      vertex 58.3265 33.7129 0.0000
      vertex 58.2412 33.3768 0.0000
      vertex 64.5870 37.4501 0.0000
    endloop
  endfacet
  facet normal 0.000000 0.000000 1.000000
    outer loop
      vertex 58.2412 33.3768 0.0000
      vertex 64.9276 37.3846 0.0000
      vertex 64.5870 37.4501 0.0000
    endloop
  endfacet
  facet normal 0.000000 0.000000 1.000000
    outer loop
      vertex 65.2682 37.3192 0.0000
      vertex 58.2412 33.3768 0.0000
      vertex 65.6087 37.2537 0.0000
    endloop
  endfacet
  facet normal 0.000000 0.000000 1.000000
    outer loop
      vertex 58.2412 33.3768 0.0000
      vertex 65.9483 37.1835 0.0000
      vertex 65.6087 37.2537 0.0000
    endloop
  endfacet
  facet normal 0.000000 0.000000 1.000000
    outer loop
      vertex 58.2412 33.3768 0.0000
      vertex 66.2863 37.1055 0.0000
      vertex 65.9483 37.1835 0.0000
    endloop
  endfacet
  facet normal -0.000000 0.000000 1.000000
    outer loop
      vertex 58.2412 33.3768 0.0000
      vertex 71.6500 30.1215 0.0000
      vertex 66.2863 37.1055 0.0000
    endloop
  endfacet
  facet normal 0.000000 -0.000000 1.000000
    outer loop
      vertex 71.6500 30.1215 0.0000
      vertex 71.6500 30.4683 0.0000
      vertex 66.2863 37.1055 0.0000
    endloop
  endfacet
  facet normal 0.000000 0.000000 1.000000
    outer loop
      vertex 71.6500 30.4683 0.0000
      vertex 66.6242 37.0274 0.0000
      vertex 66.2863 37.1055 0.0000
    endloop
  endfacet
  facet normal 0.000000 0.000000 1.000000
    outer loop
      vertex 66.6242 37.0274 0.0000
      vertex 71.6500 30.8152 0.0000
      vertex 66.9621 36.9494 0.0000
    endloop
  endfacet
  facet normal 0.000000 -0.000000 1.000000
    outer loop
      vertex 71.6500 30.8152 0.0000
      vertex 71.6500 31.1620 0.0000
      vertex 66.9621 36.9494 0.0000
    endloop
  endfacet
  facet normal 0.000000 0.000000 1.000000
    outer loop
      vertex 71.6500 31.1620 0.0000
      vertex 67.3000 36.8714 0.0000
      vertex 66.9621 36.9494 0.0000
    endloop
  endfacet
  facet normal 0.000000 0.000000 1.000000
    outer loop
      vertex 67.6379 36.7933 0.0000
      vertex 71.6500 31.8556 0.0000
      vertex 67.9759 36.7153 0.0000
    endloop
  endfacet
  facet normal 0.000000 -0.000000 1.000000
    outer loop
      vertex 71.6500 31.8556 0.0000
      vertex 71.6500 32.2024 0.0000
      vertex 67.9759 36.7153 0.0000
    endloop
  endfacet
  facet normal 0.000000 0.000000 1.000000
    outer loop
      vertex 71.6500 32.2024 0.0000
      vertex 68.3126 36.6325 0.0000
      vertex 67.9759 36.7153 0.0000
    endloop
  endfacet
  facet normal 0.000000 -0.000000 1.000000
    outer loop
      vertex 71.6500 32.2024 0.0000
      vertex 71.6500 32.5492 0.0000
      vertex 68.3126 36.6325 0.0000
    endloop
  endfacet
  facet normal 0.000000 0.000000 1.000000
    outer loop
      vertex 71.6500 32.5492 0.0000
      vertex 68.6485 36.5459 0.0000
      vertex 68.3126 36.6325 0.0000
    endloop
  endfacet
  facet normal 0.000000 0.000000 1.000000
    outer loop
      vertex 68.6485 36.5459 0.0000
      vertex 71.6500 32.8961 0.0000
      vertex 68.9843 36.4593 0.0000
    endloop
  endfacet
  facet normal 0.000000 -0.000000 1.000000
    outer loop
      vertex 71.6500 32.8961 0.0000
      vertex 71.6500 33.2429 0.0000
      vertex 68.9843 36.4593 0.0000
    endloop
  endfacet
  facet normal 0.000000 0.000000 1.000000
    outer loop
      vertex 71.6500 33.2429 0.0000
      vertex 69.3201 36.3727 0.0000
      vertex 68.9843 36.4593 0.0000
    endloop
  endfacet
  facet normal 0.000000 -0.000000 1.000000
    outer loop
      vertex 71.6500 33.2429 0.0000
      vertex 71.6500 33.5897 0.0000
      vertex 69.3201 36.3727 0.0000
    endloop
  endfacet
  facet normal 0.000000 0.000000 1.000000
    outer loop
      vertex 71.6500 33.5897 0.0000
      vertex 69.6560 36.2861 0.0000
      vertex 69.3201 36.3727 0.0000
    endloop
  endfacet
  facet normal 0.000000 -0.000000 1.000000
    outer loop
      vertex 71.6500 33.5897 0.0000
      vertex 71.6500 33.9365 0.0000
      vertex 69.6560 36.2861 0.0000
    endloop
  endfacet
  facet normal 0.000000 0.000000 1.000000
    outer loop
      vertex 71.6500 33.9365 0.0000
      vertex 69.9918 36.1995 0.0000
      vertex 69.6560 36.2861 0.0000
    endloop
  endfacet
  facet normal 0.000000 -0.000000 1.000000
    outer loop
      vertex 71.6500 33.9365 0.0000
      vertex 71.6500 34.2833 0.0000
      vertex 69.9918 36.1995 0.0000
    endloop
  endfacet
  facet normal 0.000000 0.000000 1.000000
    outer loop
      vertex 71.6500 34.2833 0.0000
      vertex 70.3263 36.1081 0.0000
      vertex 69.9918 36.1995 0.0000
    endloop
  endfacet
  facet normal 0.000000 -0.000000 1.000000
    outer loop
      vertex 71.6500 34.2833 0.0000
      vertex 71.6500 34.6302 0.0000
      vertex 70.3263 36.1081 0.0000
    endloop
  endfacet
  facet normal 0.000000 0.000000 1.000000
    outer loop
      vertex 71.6500 34.6302 0.0000
      vertex 70.6605 36.0154 0.0000
      vertex 70.3263 36.1081 0.0000
    endloop
  endfacet
  facet normal 0.000000 0.000000 1.000000
    outer loop
      vertex 70.9947 35.9227 0.0000
      vertex 71.6500 35.3238 0.0000
      vertex 71.3289 35.8299 0.0000
    endloop
  endfacet
  facet normal 0.000000 0.000000 1.000000
    outer loop
      vertex 71.6500 35.3238 0.0000
      vertex 71.6205 35.6658 0.0000
      vertex 71.3289 35.8299 0.0000
    endloop
  endfacet
  facet normal 0.000000 0.000000 1.000000
    outer loop
      vertex 70.9947 35.9227 0.0000
      vertex 71.6500 34.9770 0.0000
      vertex 71.6500 35.3238 0.0000
    endloop
  endfacet
  facet normal 0.000000 0.000000 1.000000
    outer loop
      vertex 71.6500 0.6420 0.0000
      vertex 71.1400 0.3500 0.0000
      vertex 71.4849 0.3660 0.0000
    endloop
  endfacet
  facet normal 0.000000 -0.000000 1.000000
    outer loop
      vertex 71.6500 0.6420 0.0000
      vertex 71.6500 0.9888 0.0000
      vertex 71.1400 0.3500 0.0000
    endloop
  endfacet
  facet normal 0.000000 0.000000 1.000000
    outer loop
      vertex 71.6500 0.9888 0.0000
      vertex 70.7932 0.3500 0.0000
      vertex 71.1400 0.3500 0.0000
    endloop
  endfacet
  facet normal 0.000000 -0.000000 1.000000
    outer loop
      vertex 71.6500 0.9888 0.0000
      vertex 71.6500 1.3356 0.0000
      vertex 70.7932 0.3500 0.0000
    endloop
  endfacet
  facet normal 0.000000 0.000000 1.000000
    outer loop
      vertex 71.6500 1.3356 0.0000
      vertex 70.4463 0.3500 0.0000
      vertex 70.7932 0.3500 0.0000
    endloop
  endfacet
  facet normal 0.000000 -0.000000 1.000000
    outer loop
      vertex 71.6500 1.3356 0.0000
      vertex 71.6500 1.6824 0.0000
      vertex 70.4463 0.3500 0.0000
    endloop
  endfacet
  facet normal 0.000000 0.000000 1.000000
    outer loop
      vertex 71.6500 1.6824 0.0000
      vertex 70.0995 0.3500 0.0000
      vertex 70.4463 0.3500 0.0000
    endloop
  endfacet
  facet normal 0.000000 -0.000000 1.000000
    outer loop
      vertex 71.6500 1.6824 0.0000
      vertex 71.6500 2.0293 0.0000
      vertex 70.0995 0.3500 0.0000
    endloop
  endfacet
  facet normal 0.000000 0.000000 1.000000
    outer loop
      vertex 71.6500 2.0293 0.0000
      vertex 69.7527 0.3500 0.0000
      vertex 70.0995 0.3500 0.0000
    endloop
  endfacet
  facet normal 0.000000 -0.000000 1.000000
    outer loop
      vertex 71.6500 2.0293 0.0000
      vertex 71.6500 2.3761 0.0000
      vertex 69.7527 0.3500 0.0000
    endloop
  endfacet
  facet normal 0.000000 0.000000 1.000000
    outer loop
      vertex 71.6500 2.3761 0.0000
      vertex 69.4059 0.3500 0.0000
      vertex 69.7527 0.3500 0.0000
    endloop
  endfacet
  facet normal 0.000000 -0.000000 1.000000
    outer loop
      vertex 71.6500 2.3761 0.0000
      vertex 71.6500 2.7229 0.0000
      vertex 69.4059 0.3500 0.0000
    endloop
  endfacet
  facet normal 0.000000 0.000000 1.000000
    outer loop
      vertex 71.6500 2.7229 0.0000
      vertex 69.0591 0.3500 0.0000
      vertex 69.4059 0.3500 0.0000
    endloop
  endfacet
  facet normal 0.000000 -0.000000 1.000000
    outer loop
      vertex 71.6500 2.7229 0.0000
      vertex 71.6500 3.0697 0.0000
      vertex 69.0591 0.3500 0.0000
    endloop
  endfacet
  facet normal 0.000000 0.000000 1.000000
    outer loop
      vertex 71.6500 3.0697 0.0000
      vertex 68.7122 0.3500 0.0000
      vertex 69.0591 0.3500 0.0000
    endloop
  endfacet
  facet normal 0.000000 -0.000000 1.000000
    outer loop
      vertex 71.6500 3.0697 0.0000
      vertex 71.6500 3.4165 0.0000
      vertex 68.7122 0.3500 0.0000
    endloop
  endfacet
  facet normal 0.000000 0.000000 1.000000
    outer loop
      vertex 71.6500 3.4165 0.0000
      vertex 68.3654 0.3500 0.0000
      vertex 68.7122 0.3500 0.0000
    endloop
  endfacet
  facet normal 0.000000 -0.000000 1.000000
    outer loop
      vertex 71.6500 3.4165 0.0000
      vertex 71.6500 3.7634 0.0000
      vertex 68.3654 0.3500 0.0000
    endloop
  endfacet
  facet normal 0.000000 0.000000 1.000000
    outer loop
      vertex 71.6500 3.7634 0.0000
      vertex 68.0186 0.3500 0.0000
      vertex 68.3654 0.3500 0.0000
    endloop
  endfacet
  facet normal 0.000000 -0.000000 1.000000
    outer loop
      vertex 71.6500 3.7634 0.0000
      vertex 71.6500 4.1102 0.0000
      vertex 68.0186 0.3500 0.0000
    endloop
  endfacet
  facet normal 0.000000 0.000000 1.000000
    outer loop
      vertex 71.6500 4.1102 0.0000
      vertex 67.6718 0.3500 0.0000
      vertex 68.0186 0.3500 0.0000
    endloop
  endfacet
  facet normal 0.000000 -0.000000 1.000000
    outer loop
      vertex 71.6500 4.1102 0.0000
      vertex 71.6500 4.4570 0.0000
      vertex 67.6718 0.3500 0.0000
    endloop
  endfacet
  facet normal 0.000000 0.000000 1.000000
    outer loop
      vertex 71.6500 4.4570 0.0000
      vertex 67.3250 0.3500 0.0000
      vertex 67.6718 0.3500 0.0000
    endloop
  endfacet
  facet normal 0.000000 -0.000000 1.000000
    outer loop
      vertex 71.6500 4.4570 0.0000
      vertex 71.6500 4.8038 0.0000
      vertex 67.3250 0.3500 0.0000
    endloop
  endfacet
  facet normal 0.000000 0.000000 1.000000
    outer loop
      vertex 71.6500 4.8038 0.0000
      vertex 66.9782 0.3500 0.0000
      vertex 67.3250 0.3500 0.0000
    endloop
  endfacet
  facet normal 0.000000 -0.000000 1.000000
    outer loop
      vertex 71.6500 4.8038 0.0000
      vertex 71.6500 5.1506 0.0000
      vertex 66.9782 0.3500 0.0000
    endloop
  endfacet
  facet normal 0.000000 0.000000 1.000000
    outer loop
      vertex 71.6500 5.1506 0.0000
      vertex 66.6313 0.3500 0.0000
      vertex 66.9782 0.3500 0.0000
    endloop
  endfacet
  facet normal 0.000000 -0.000000 1.000000
    outer loop
      vertex 71.6500 5.1506 0.0000
      vertex 71.6500 5.4974 0.0000
      vertex 66.6313 0.3500 0.0000
    endloop
  endfacet
  facet normal 0.000000 0.000000 1.000000
    outer loop
      vertex 71.6500 5.4974 0.0000
      vertex 66.2845 0.3500 0.0000
      vertex 66.6313 0.3500 0.0000
    endloop
  endfacet
  facet normal 0.000000 -0.000000 1.000000
    outer loop
      vertex 71.6500 5.4974 0.0000
      vertex 71.6500 5.8443 0.0000
      vertex 66.2845 0.3500 0.0000
    endloop
  endfacet
  facet normal 0.000000 0.000000 1.000000
    outer loop
      vertex 71.6500 5.8443 0.0000
      vertex 65.9377 0.3500 0.0000
      vertex 66.2845 0.3500 0.0000
    endloop
  endfacet
  facet normal 0.000000 -0.000000 1.000000
    outer loop
      vertex 71.6500 5.8443 0.0000
      vertex 71.6500 6.1911 0.0000
      vertex 65.9377 0.3500 0.0000
    endloop
  endfacet
  facet normal 0.000000 0.000000 1.000000
    outer loop
      vertex 71.6500 6.1911 0.0000
      vertex 65.5909 0.3500 0.0000
      vertex 65.9377 0.3500 0.0000
    endloop
  endfacet
  facet normal 0.000000 -0.000000 1.000000
    outer loop
      vertex 71.6500 6.1911 0.0000
      vertex 71.6500 6.5379 0.0000
      vertex 65.5909 0.3500 0.0000
    endloop
  endfacet
  facet normal 0.000000 0.000000 1.000000
    outer loop
      vertex 71.6500 6.5379 0.0000
      vertex 65.2441 0.3500 0.0000
      vertex 65.5909 0.3500 0.0000
    endloop
  endfacet
  facet normal 0.000000 -0.000000 1.000000
    outer loop
      vertex 71.6500 6.5379 0.0000
      vertex 71.6500 6.8847 0.0000
      vertex 65.2441 0.3500 0.0000
    endloop
  endfacet
  facet normal 0.000000 0.000000 1.000000
    outer loop
      vertex 71.6500 6.8847 0.0000
      vertex 64.8972 0.3500 0.0000
      vertex 65.2441 0.3500 0.0000
    endloop
  endfacet
  facet normal 0.000000 -0.000000 1.000000
    outer loop
      vertex 71.6500 6.8847 0.0000
      vertex 71.6500 7.2315 0.0000
      vertex 64.8972 0.3500 0.0000
    endloop
  endfacet
  facet normal 0.000000 0.000000 1.000000
    outer loop
      vertex 71.6500 7.2315 0.0000
      vertex 64.5504 0.3500 0.0000
      vertex 64.8972 0.3500 0.0000
    endloop
  endfacet
  facet normal 0.000000 -0.000000 1.000000
    outer loop
      vertex 71.6500 7.2315 0.0000
      vertex 71.6500 7.5784 0.0000
      vertex 64.5504 0.3500 0.0000
    endloop
  endfacet
  facet normal 0.000000 0.000000 1.000000
    outer loop
      vertex 71.6500 7.5784 0.0000
      vertex 64.2036 0.3500 0.0000
      vertex 64.5504 0.3500 0.0000
    endloop
  endfacet
  facet normal 0.000000 -0.000000 1.000000
    outer loop
      vertex 71.6500 7.5784 0.0000
      vertex 71.6500 7.9252 0.0000
      vertex 64.2036 0.3500 0.0000
    endloop
  endfacet
  facet normal 0.000000 0.000000 1.000000
    outer loop
      vertex 71.6500 7.9252 0.0000
      vertex 63.8568 0.3500 0.0000
      vertex 64.2036 0.3500 0.0000
    endloop
  endfacet
  facet normal 0.000000 -0.000000 1.000000
    outer loop
      vertex 71.6500 7.9252 0.0000
      vertex 71.6500 8.2720 0.0000
      vertex 63.8568 0.3500 0.0000
    endloop
  endfacet
  facet normal 0.000000 0.000000 1.000000
    outer loop
      vertex 71.6500 8.2720 0.0000
      vertex 63.5100 0.3500 0.0000
      vertex 63.8568 0.3500 0.0000
    endloop
  endfacet
  facet normal 0.000000 -0.000000 1.000000
    outer loop
      vertex 71.6500 8.2720 0.0000
      vertex 71.6500 8.6188 0.0000
      vertex 63.5100 0.3500 0.0000
    endloop
  endfacet
  facet normal 0.000000 0.000000 1.000000
    outer loop
      vertex 71.6500 8.6188 0.0000
      vertex 63.1632 0.3500 0.0000
      vertex 63.5100 0.3500 0.0000
    endloop
  endfacet
  facet normal 0.000000 -0.000000 1.000000
    outer loop
      vertex 71.6500 8.6188 0.0000
      vertex 71.6500 8.9656 0.0000
      vertex 63.1632 0.3500 0.0000
    endloop
  endfacet
  facet normal 0.000000 0.000000 1.000000
    outer loop
      vertex 71.6500 8.9656 0.0000
      vertex 62.8163 0.3500 0.0000
      vertex 63.1632 0.3500 0.0000
    endloop
  endfacet
  facet normal 0.000000 -0.000000 1.000000
    outer loop
      vertex 71.6500 8.9656 0.0000
      vertex 71.6500 9.3124 0.0000
      vertex 62.8163 0.3500 0.0000
    endloop
  endfacet
  facet normal 0.000000 0.000000 1.000000
    outer loop
      vertex 71.6500 9.3124 0.0000
      vertex 62.4695 0.3500 0.0000
      vertex 62.8163 0.3500 0.0000
    endloop
  endfacet
  facet normal 0.000000 -0.000000 1.000000
    outer loop
      vertex 71.6500 9.3124 0.0000
      vertex 71.6500 9.6593 0.0000
      vertex 62.4695 0.3500 0.0000
    endloop
  endfacet
  facet normal 0.000000 0.000000 1.000000
    outer loop
      vertex 71.6500 9.6593 0.0000
      vertex 62.1227 0.3500 0.0000
      vertex 62.4695 0.3500 0.0000
    endloop
  endfacet
  facet normal 0.000000 -0.000000 1.000000
    outer loop
      vertex 71.6500 9.6593 0.0000
      vertex 71.6500 10.0061 0.0000
      vertex 62.1227 0.3500 0.0000
    endloop
  endfacet
  facet normal 0.000000 0.000000 1.000000
    outer loop
      vertex 71.6500 10.0061 0.0000
      vertex 61.7759 0.3500 0.0000
      vertex 62.1227 0.3500 0.0000
    endloop
  endfacet
  facet normal 0.000000 -0.000000 1.000000
    outer loop
      vertex 71.6500 10.0061 0.0000
      vertex 71.6500 10.3529 0.0000
      vertex 61.7759 0.3500 0.0000
    endloop
  endfacet
  facet normal 0.000000 0.000000 1.000000
    outer loop
      vertex 71.6500 10.3529 0.0000
      vertex 61.4291 0.3500 0.0000
      vertex 61.7759 0.3500 0.0000
    endloop
  endfacet
  facet normal 0.000000 -0.000000 1.000000
    outer loop
      vertex 71.6500 10.3529 0.0000
      vertex 71.6500 10.6997 0.0000
      vertex 61.4291 0.3500 0.0000
    endloop
  endfacet
  facet normal 0.000000 0.000000 1.000000
    outer loop
      vertex 71.6500 10.6997 0.0000
      vertex 61.0823 0.3500 0.0000
      vertex 61.4291 0.3500 0.0000
    endloop
  endfacet
  facet normal 0.000000 -0.000000 1.000000
    outer loop
      vertex 71.6500 10.6997 0.0000
      vertex 71.6500 11.0465 0.0000
      vertex 61.0823 0.3500 0.0000
    endloop
  endfacet
  facet normal 0.000000 0.000000 1.000000
    outer loop
      vertex 71.6500 11.0465 0.0000
      vertex 60.7354 0.3500 0.0000
      vertex 61.0823 0.3500 0.0000
    endloop
  endfacet
  facet normal 0.000000 -0.000000 1.000000
    outer loop
      vertex 71.6500 11.0465 0.0000
      vertex 71.6500 11.3934 0.0000
      vertex 60.7354 0.3500 0.0000
    endloop
  endfacet
  facet normal 0.000000 0.000000 1.000000
    outer loop
      vertex 71.6500 11.3934 0.0000
      vertex 60.3886 0.3500 0.0000
      vertex 60.7354 0.3500 0.0000
    endloop
  endfacet
  facet normal 0.000000 -0.000000 1.000000
    outer loop
      vertex 71.6500 11.3934 0.0000
      vertex 71.6500 11.7402 0.0000
      vertex 60.3886 0.3500 0.0000
    endloop
  endfacet
  facet normal 0.000000 0.000000 1.000000
    outer loop
      vertex 71.6500 11.7402 0.0000
      vertex 60.0418 0.3500 0.0000
      vertex 60.3886 0.3500 0.0000
    endloop
  endfacet
  facet normal 0.000000 -0.000000 1.000000
    outer loop
      vertex 71.6500 11.7402 0.0000
      vertex 71.6500 12.0870 0.0000
      vertex 60.0418 0.3500 0.0000
    endloop
  endfacet
  facet normal 0.000000 0.000000 1.000000
    outer loop
      vertex 71.6500 12.0870 0.0000
      vertex 59.6950 0.3500 0.0000
      vertex 60.0418 0.3500 0.0000
    endloop
  endfacet
  facet normal 0.000000 -0.000000 1.000000
    outer loop
      vertex 71.6500 12.0870 0.0000
      vertex 71.6500 12.4338 0.0000
      vertex 59.6950 0.3500 0.0000
    endloop
  endfacet
  facet normal 0.000000 0.000000 1.000000
    outer loop
      vertex 71.6500 12.4338 0.0000
      vertex 59.3482 0.3500 0.0000
      vertex 59.6950 0.3500 0.0000
    endloop
  endfacet
  facet normal 0.000000 -0.000000 1.000000
    outer loop
      vertex 71.6500 12.4338 0.0000
      vertex 71.6500 12.7806 0.0000
      vertex 59.3482 0.3500 0.0000
    endloop
  endfacet
  facet normal 0.000000 0.000000 1.000000
    outer loop
      vertex 71.6500 12.7806 0.0000
      vertex 59.0013 0.3500 0.0000
      vertex 59.3482 0.3500 0.0000
    endloop
  endfacet
  facet normal 0.000000 -0.000000 1.000000
    outer loop
      vertex 71.6500 12.7806 0.0000
      vertex 71.6500 13.1274 0.0000
      vertex 59.0013 0.3500 0.0000
    endloop
  endfacet
  facet normal 0.000000 0.000000 1.000000
    outer loop
      vertex 71.6500 13.1274 0.0000
      vertex 58.6545 0.3500 0.0000
      vertex 59.0013 0.3500 0.0000
    endloop
  endfacet
  facet normal 0.000000 -0.000000 1.000000
    outer loop
      vertex 71.6500 13.1274 0.0000
      vertex 71.6500 13.4743 0.0000
      vertex 58.6545 0.3500 0.0000
    endloop
  endfacet
  facet normal 0.000000 0.000000 1.000000
    outer loop
      vertex 71.6500 13.4743 0.0000
      vertex 58.3077 0.3500 0.0000
      vertex 58.6545 0.3500 0.0000
    endloop
  endfacet
  facet normal 0.000000 -0.000000 1.000000
    outer loop
      vertex 71.6500 13.4743 0.0000
      vertex 71.6500 13.8211 0.0000
      vertex 58.3077 0.3500 0.0000
    endloop
  endfacet
  facet normal 0.000000 0.000000 1.000000
    outer loop
      vertex 71.6500 13.8211 0.0000
      vertex 57.9609 0.3500 0.0000
      vertex 58.3077 0.3500 0.0000
    endloop
  endfacet
  facet normal 0.000000 -0.000000 1.000000
    outer loop
      vertex 71.6500 13.8211 0.0000
      vertex 71.6500 14.1679 0.0000
      vertex 57.9609 0.3500 0.0000
    endloop
  endfacet
  facet normal 0.000000 0.000000 1.000000
    outer loop
      vertex 71.6500 14.1679 0.0000
      vertex 57.6141 0.3500 0.0000
      vertex 57.9609 0.3500 0.0000
    endloop
  endfacet
  facet normal 0.000000 -0.000000 1.000000
    outer loop
      vertex 71.6500 14.1679 0.0000
      vertex 71.6500 14.5147 0.0000
      vertex 57.6141 0.3500 0.0000
    endloop
  endfacet
  facet normal 0.000000 0.000000 1.000000
    outer loop
      vertex 71.6500 14.5147 0.0000
      vertex 57.2673 0.3500 0.0000
      vertex 57.6141 0.3500 0.0000
    endloop
  endfacet
  facet normal 0.000000 -0.000000 1.000000
    outer loop
      vertex 71.6500 14.5147 0.0000
      vertex 71.6500 14.8615 0.0000
      vertex 57.2673 0.3500 0.0000
    endloop
  endfacet
  facet normal 0.000000 0.000000 1.000000
    outer loop
      vertex 71.6500 14.8615 0.0000
      vertex 56.9204 0.3500 0.0000
      vertex 57.2673 0.3500 0.0000
    endloop
  endfacet
  facet normal 0.000000 -0.000000 1.000000
    outer loop
      vertex 71.6500 14.8615 0.0000
      vertex 71.6500 15.2083 0.0000
      vertex 56.9204 0.3500 0.0000
    endloop
  endfacet
  facet normal 0.000000 0.000000 1.000000
    outer loop
      vertex 71.6500 15.2083 0.0000
      vertex 56.5736 0.3500 0.0000
      vertex 56.9204 0.3500 0.0000
    endloop
  endfacet
  facet normal 0.000000 -0.000000 1.000000
    outer loop
      vertex 71.6500 15.2083 0.0000
      vertex 71.6500 15.5552 0.0000
      vertex 56.5736 0.3500 0.0000
    endloop
  endfacet
  facet normal 0.000000 0.000000 1.000000
    outer loop
      vertex 71.6500 15.5552 0.0000
      vertex 56.2268 0.3500 0.0000
      vertex 56.5736 0.3500 0.0000
    endloop
  endfacet
  facet normal 0.000000 -0.000000 1.000000
    outer loop
      vertex 71.6500 15.5552 0.0000
      vertex 71.6500 15.9020 0.0000
      vertex 56.2268 0.3500 0.0000
    endloop
  endfacet
  facet normal 0.000000 0.000000 1.000000
    outer loop
      vertex 71.6500 15.9020 0.0000
      vertex 55.8800 0.3500 0.0000
      vertex 56.2268 0.3500 0.0000
    endloop
  endfacet
  facet normal 0.000000 0.000000 1.000000
    outer loop
      vertex 71.6500 15.9020 0.0000
      vertex 54.2904 31.6279 0.0000
      vertex 55.8800 0.3500 0.0000
    endloop
  endfacet
  facet normal 0.000000 0.000000 1.000000
    outer loop
      vertex 54.2904 31.6279 0.0000
      vertex 40.3590 17.5815 0.0000
      vertex 55.8800 0.3500 0.0000
    endloop
  endfacet
  facet normal 0.000000 0.000000 1.000000
    outer loop
      vertex 40.3590 17.5815 0.0000
      vertex 40.3237 17.2365 0.0000
      vertex 55.8800 0.3500 0.0000
    endloop
  endfacet
  facet normal 0.000000 0.000000 1.000000
    outer loop
      vertex 40.3237 17.2365 0.0000
      vertex 55.5332 0.3500 0.0000
      vertex 55.8800 0.3500 0.0000
    endloop
  endfacet
  facet normal 0.000000 0.000000 1.000000
    outer loop
      vertex 40.3237 17.2365 0.0000
      vertex 40.2885 16.8915 0.0000
      vertex 55.5332 0.3500 0.0000
    endloop
  endfacet
  facet normal 0.000000 0.000000 1.000000
    outer loop
      vertex 40.2885 16.8915 0.0000
      vertex 55.1863 0.3500 0.0000
      vertex 55.5332 0.3500 0.0000
    endloop
  endfacet
  facet normal 0.000000 0.000000 1.000000
    outer loop
      vertex 40.2885 16.8915 0.0000
      vertex 40.2532 16.5465 0.0000
      vertex 55.1863 0.3500 0.0000
    endloop
  endfacet
  facet normal 0.000000 0.000000 1.000000
    outer loop
      vertex 40.2532 16.5465 0.0000
      vertex 54.8395 0.3500 0.0000
      vertex 55.1863 0.3500 0.0000
    endloop
  endfacet
  facet normal 0.000000 0.000000 1.000000
    outer loop
      vertex 40.2532 16.5465 0.0000
      vertex 54.4927 0.3500 0.0000
      vertex 54.8395 0.3500 0.0000
    endloop
  endfacet
  facet normal 0.000000 0.000000 1.000000
    outer loop
      vertex 40.2532 16.5465 0.0000
      vertex 54.1459 0.3500 0.0000
      vertex 54.4927 0.3500 0.0000
    endloop
  endfacet
  facet normal 0.000000 0.000000 1.000000
    outer loop
      vertex 40.2532 16.5465 0.0000
      vertex 53.7991 0.3500 0.0000
      vertex 54.1459 0.3500 0.0000
    endloop
  endfacet
  facet normal 0.000000 0.000000 1.000000
    outer loop
      vertex 40.2532 16.5465 0.0000
      vertex 53.4523 0.3500 0.0000
      vertex 53.7991 0.3500 0.0000
    endloop
  endfacet
  facet normal 0.000000 0.000000 1.000000
    outer loop
      vertex 40.2532 16.5465 0.0000
      vertex 40.1856 16.2082 0.0000
      vertex 53.4523 0.3500 0.0000
    endloop
  endfacet
  facet normal 0.000000 0.000000 1.000000
    outer loop
      vertex 40.1856 16.2082 0.0000
      vertex 53.1054 0.3500 0.0000
      vertex 53.4523 0.3500 0.0000
    endloop
  endfacet
  facet normal 0.000000 0.000000 1.000000
    outer loop
      vertex 40.1856 16.2082 0.0000
      vertex 52.7586 0.3500 0.0000
      vertex 53.1054 0.3500 0.0000
    endloop
  endfacet
  facet normal 0.000000 0.000000 1.000000
    outer loop
      vertex 40.1856 16.2082 0.0000
      vertex 52.4118 0.3500 0.0000
      vertex 52.7586 0.3500 0.0000
    endloop
  endfacet
  facet normal 0.000000 0.000000 1.000000
    outer loop
      vertex 40.1856 16.2082 0.0000
      vertex 52.0650 0.3500 0.0000
      vertex 52.4118 0.3500 0.0000
    endloop
  endfacet
  facet normal 0.000000 0.000000 1.000000
    outer loop
      vertex 40.1856 16.2082 0.0000
      vertex 51.7182 0.3500 0.0000
      vertex 52.0650 0.3500 0.0000
    endloop
  endfacet
  facet normal 0.000000 0.000000 1.000000
    outer loop
      vertex 40.1856 16.2082 0.0000
      vertex 51.3713 0.3500 0.0000
      vertex 51.7182 0.3500 0.0000
    endloop
  endfacet
  facet normal 0.000000 0.000000 1.000000
    outer loop
      vertex 40.1856 16.2082 0.0000
      vertex 40.0695 15.8814 0.0000
      vertex 51.3713 0.3500 0.0000
    endloop
  endfacet
  facet normal 0.000000 0.000000 1.000000
    outer loop
      vertex 40.0695 15.8814 0.0000
      vertex 51.0245 0.3500 0.0000
      vertex 51.3713 0.3500 0.0000
    endloop
  endfacet
  facet normal 0.000000 0.000000 1.000000
    outer loop
      vertex 40.0695 15.8814 0.0000
      vertex 39.9534 15.5546 0.0000
      vertex 51.0245 0.3500 0.0000
    endloop
  endfacet
  facet normal 0.000000 0.000000 1.000000
    outer loop
      vertex 39.9534 15.5546 0.0000
      vertex 50.6777 0.3500 0.0000
      vertex 51.0245 0.3500 0.0000
    endloop
  endfacet
  facet normal 0.000000 0.000000 1.000000
    outer loop
      vertex 39.9534 15.5546 0.0000
      vertex 39.8373 15.2278 0.0000
      vertex 50.6777 0.3500 0.0000
    endloop
  endfacet
  facet normal 0.000000 0.000000 1.000000
    outer loop
      vertex 39.8373 15.2278 0.0000
      vertex 50.3309 0.3500 0.0000
      vertex 50.6777 0.3500 0.0000
    endloop
  endfacet
  facet normal 0.000000 0.000000 1.000000
    outer loop
      vertex 39.8373 15.2278 0.0000
      vertex 49.9841 0.3500 0.0000
      vertex 50.3309 0.3500 0.0000
    endloop
  endfacet
  facet normal 0.000000 0.000000 1.000000
    outer loop
      vertex 39.8373 15.2278 0.0000
      vertex 39.7191 14.9018 0.0000
      vertex 49.9841 0.3500 0.0000
    endloop
  endfacet
  facet normal 0.000000 0.000000 1.000000
    outer loop
      vertex 39.7191 14.9018 0.0000
      vertex 49.6373 0.3500 0.0000
      vertex 49.9841 0.3500 0.0000
    endloop
  endfacet
  facet normal 0.000000 0.000000 1.000000
    outer loop
      vertex 39.7191 14.9018 0.0000
      vertex 49.2904 0.3500 0.0000
      vertex 49.6373 0.3500 0.0000
    endloop
  endfacet
  facet normal 0.000000 0.000000 1.000000
    outer loop
      vertex 39.7191 14.9018 0.0000
      vertex 48.9436 0.3500 0.0000
      vertex 49.2904 0.3500 0.0000
    endloop
  endfacet
  facet normal 0.000000 0.000000 1.000000
    outer loop
      vertex 39.7191 14.9018 0.0000
      vertex 48.5968 0.3500 0.0000
      vertex 48.9436 0.3500 0.0000
    endloop
  endfacet
  facet normal 0.000000 0.000000 1.000000
    outer loop
      vertex 39.7191 14.9018 0.0000
      vertex 48.2500 0.3500 0.0000
      vertex 48.5968 0.3500 0.0000
    endloop
  endfacet
  facet normal 0.000000 0.000000 1.000000
    outer loop
      vertex 39.7191 14.9018 0.0000
      vertex 47.9032 0.3500 0.0000
      vertex 48.2500 0.3500 0.0000
    endloop
  endfacet
  facet normal 0.000000 0.000000 1.000000
    outer loop
      vertex 39.7191 14.9018 0.0000
      vertex 47.5564 0.3500 0.0000
      vertex 47.9032 0.3500 0.0000
    endloop
  endfacet
  facet normal 0.000000 0.000000 1.000000
    outer loop
      vertex 39.7191 14.9018 0.0000
      vertex 47.2095 0.3500 0.0000
      vertex 47.5564 0.3500 0.0000
    endloop
  endfacet
  facet normal 0.000000 0.000000 1.000000
    outer loop
      vertex 39.7191 14.9018 0.0000
      vertex 46.8627 0.3500 0.0000
      vertex 47.2095 0.3500 0.0000
    endloop
  endfacet
  facet normal 0.000000 0.000000 1.000000
    outer loop
      vertex 39.7191 14.9018 0.0000
      vertex 46.5159 0.3500 0.0000
      vertex 46.8627 0.3500 0.0000
    endloop
  endfacet
  facet normal 0.000000 0.000000 1.000000
    outer loop
      vertex 39.7191 14.9018 0.0000
      vertex 39.5040 14.6310 0.0000
      vertex 46.5159 0.3500 0.0000
    endloop
  endfacet
  facet normal 0.000000 0.000000 1.000000
    outer loop
      vertex 39.5040 14.6310 0.0000
      vertex 46.1691 0.3500 0.0000
      vertex 46.5159 0.3500 0.0000
    endloop
  endfacet
  facet normal 0.000000 0.000000 1.000000
    outer loop
      vertex 39.5040 14.6310 0.0000
      vertex 45.8223 0.3500 0.0000
      vertex 46.1691 0.3500 0.0000
    endloop
  endfacet
  facet normal 0.000000 0.000000 1.000000
    outer loop
      vertex 39.5040 14.6310 0.0000
      vertex 39.2771 14.3688 0.0000
      vertex 45.8223 0.3500 0.0000
    endloop
  endfacet
  facet normal 0.000000 0.000000 1.000000
    outer loop
      vertex 39.2771 14.3688 0.0000
      vertex 45.4754 0.3500 0.0000
      vertex 45.8223 0.3500 0.0000
    endloop
  endfacet
  facet normal 0.000000 0.000000 1.000000
    outer loop
      vertex 39.2771 14.3688 0.0000
      vertex 39.0501 14.1065 0.0000
      vertex 45.4754 0.3500 0.0000
    endloop
  endfacet
  facet normal 0.000000 0.000000 1.000000
    outer loop
      vertex 39.0501 14.1065 0.0000
      vertex 45.1286 0.3500 0.0000
      vertex 45.4754 0.3500 0.0000
    endloop
  endfacet
  facet normal 0.000000 0.000000 1.000000
    outer loop
      vertex 39.0501 14.1065 0.0000
      vertex 38.8197 13.8475 0.0000
      vertex 45.1286 0.3500 0.0000
    endloop
  endfacet
  facet normal 0.000000 0.000000 1.000000
    outer loop
      vertex 38.8197 13.8475 0.0000
      vertex 44.7818 0.3500 0.0000
      vertex 45.1286 0.3500 0.0000
    endloop
  endfacet
  facet normal 0.000000 0.000000 1.000000
    outer loop
      vertex 38.8197 13.8475 0.0000
      vertex 44.4350 0.3500 0.0000
      vertex 44.7818 0.3500 0.0000
    endloop
  endfacet
  facet normal 0.000000 0.000000 1.000000
    outer loop
      vertex 38.8197 13.8475 0.0000
      vertex 44.0882 0.3500 0.0000
      vertex 44.4350 0.3500 0.0000
    endloop
  endfacet
  facet normal 0.000000 0.000000 1.000000
    outer loop
      vertex 38.8197 13.8475 0.0000
      vertex 43.7414 0.3500 0.0000
      vertex 44.0882 0.3500 0.0000
    endloop
  endfacet
  facet normal 0.000000 0.000000 1.000000
    outer loop
      vertex 38.8197 13.8475 0.0000
      vertex 43.3945 0.3500 0.0000
      vertex 43.7414 0.3500 0.0000
    endloop
  endfacet
  facet normal 0.000000 0.000000 1.000000
    outer loop
      vertex 38.8197 13.8475 0.0000
      vertex 43.0477 0.3500 0.0000
      vertex 43.3945 0.3500 0.0000
    endloop
  endfacet
  facet normal 0.000000 0.000000 1.000000
    outer loop
      vertex 38.8197 13.8475 0.0000
      vertex 42.7009 0.3500 0.0000
      vertex 43.0477 0.3500 0.0000
    endloop
  endfacet
  facet normal 0.000000 0.000000 1.000000
    outer loop
      vertex 38.8197 13.8475 0.0000
      vertex 42.3541 0.3500 0.0000
      vertex 42.7009 0.3500 0.0000
    endloop
  endfacet
  facet normal 0.000000 0.000000 1.000000
    outer loop
      vertex 38.8197 13.8475 0.0000
      vertex 42.0073 0.3500 0.0000
      vertex 42.3541 0.3500 0.0000
    endloop
  endfacet
  facet normal 0.000000 0.000000 1.000000
    outer loop
      vertex 38.8197 13.8475 0.0000
      vertex 41.6604 0.3500 0.0000
      vertex 42.0073 0.3500 0.0000
    endloop
  endfacet
  facet normal 0.000000 0.000000 1.000000
    outer loop
      vertex 38.8197 13.8475 0.0000
      vertex 34.8454 5.9262 0.0000
      vertex 41.6604 0.3500 0.0000
    endloop
  endfacet
  facet normal 0.000000 0.000000 1.000000
    outer loop
      vertex 34.8454 5.9262 0.0000
      vertex 34.9235 5.5883 0.0000
      vertex 41.6604 0.3500 0.0000
    endloop
  endfacet
  facet normal 0.000000 0.000000 1.000000
    outer loop
      vertex 34.9235 5.5883 0.0000
      vertex 41.3136 0.3500 0.0000
      vertex 41.6604 0.3500 0.0000
    endloop
  endfacet
  facet normal 0.000000 0.000000 1.000000
    outer loop
      vertex 34.9235 5.5883 0.0000
      vertex 35.0015 5.2503 0.0000
      vertex 41.3136 0.3500 0.0000
    endloop
  endfacet
  facet normal 0.000000 0.000000 1.000000
    outer loop
      vertex 35.0015 5.2503 0.0000
      vertex 40.9668 0.3500 0.0000
      vertex 41.3136 0.3500 0.0000
    endloop
  endfacet
  facet normal 0.000000 0.000000 1.000000
    outer loop
      vertex 35.0015 5.2503 0.0000
      vertex 35.0796 4.9124 0.0000
      vertex 40.9668 0.3500 0.0000
    endloop
  endfacet
  facet normal 0.000000 0.000000 1.000000
    outer loop
      vertex 35.0796 4.9124 0.0000
      vertex 40.6200 0.3500 0.0000
      vertex 40.9668 0.3500 0.0000
    endloop
  endfacet
  facet normal 0.000000 0.000000 1.000000
    outer loop
      vertex 35.0796 4.9124 0.0000
      vertex 35.1576 4.5745 0.0000
      vertex 40.6200 0.3500 0.0000
    endloop
  endfacet
  facet normal 0.000000 0.000000 1.000000
    outer loop
      vertex 35.1576 4.5745 0.0000
      vertex 40.2732 0.3500 0.0000
      vertex 40.6200 0.3500 0.0000
    endloop
  endfacet
  facet normal 0.000000 0.000000 1.000000
    outer loop
      vertex 35.1576 4.5745 0.0000
      vertex 35.2357 4.2366 0.0000
      vertex 40.2732 0.3500 0.0000
    endloop
  endfacet
  facet normal 0.000000 0.000000 1.000000
    outer loop
      vertex 35.2357 4.2366 0.0000
      vertex 39.9264 0.3500 0.0000
      vertex 40.2732 0.3500 0.0000
    endloop
  endfacet
  facet normal 0.000000 0.000000 1.000000
    outer loop
      vertex 35.2357 4.2366 0.0000
      vertex 35.3137 3.8987 0.0000
      vertex 39.9264 0.3500 0.0000
    endloop
  endfacet
  facet normal 0.000000 0.000000 1.000000
    outer loop
      vertex 35.3137 3.8987 0.0000
      vertex 39.5795 0.3500 0.0000
      vertex 39.9264 0.3500 0.0000
    endloop
  endfacet
  facet normal 0.000000 0.000000 1.000000
    outer loop
      vertex 35.3137 3.8987 0.0000
      vertex 35.3997 3.5627 0.0000
      vertex 39.5795 0.3500 0.0000
    endloop
  endfacet
  facet normal 0.000000 0.000000 1.000000
    outer loop
      vertex 35.3997 3.5627 0.0000
      vertex 39.2327 0.3500 0.0000
      vertex 39.5795 0.3500 0.0000
    endloop
  endfacet
  facet normal 0.000000 0.000000 1.000000
    outer loop
      vertex 35.3997 3.5627 0.0000
      vertex 35.4863 3.2268 0.0000
      vertex 39.2327 0.3500 0.0000
    endloop
  endfacet
  facet normal 0.000000 0.000000 1.000000
    outer loop
      vertex 35.4863 3.2268 0.0000
      vertex 38.8859 0.3500 0.0000
      vertex 39.2327 0.3500 0.0000
    endloop
  endfacet
  facet normal 0.000000 0.000000 1.000000
    outer loop
      vertex 35.4863 3.2268 0.0000
      vertex 35.5729 2.8910 0.0000
      vertex 38.8859 0.3500 0.0000
    endloop
  endfacet
  facet normal 0.000000 0.000000 1.000000
    outer loop
      vertex 35.5729 2.8910 0.0000
      vertex 38.5391 0.3500 0.0000
      vertex 38.8859 0.3500 0.0000
    endloop
  endfacet
  facet normal 0.000000 0.000000 1.000000
    outer loop
      vertex 35.5729 2.8910 0.0000
      vertex 35.6595 2.5552 0.0000
      vertex 38.5391 0.3500 0.0000
    endloop
  endfacet
  facet normal 0.000000 0.000000 1.000000
    outer loop
      vertex 35.6595 2.5552 0.0000
      vertex 38.1923 0.3500 0.0000
      vertex 38.5391 0.3500 0.0000
    endloop
  endfacet
  facet normal 0.000000 0.000000 1.000000
    outer loop
      vertex 35.6595 2.5552 0.0000
      vertex 35.7461 2.2193 0.0000
      vertex 38.1923 0.3500 0.0000
    endloop
  endfacet
  facet normal 0.000000 0.000000 1.000000
    outer loop
      vertex 35.7461 2.2193 0.0000
      vertex 37.8454 0.3500 0.0000
      vertex 38.1923 0.3500 0.0000
    endloop
  endfacet
  facet normal 0.000000 0.000000 1.000000
    outer loop
      vertex 35.7461 2.2193 0.0000
      vertex 35.8336 1.8837 0.0000
      vertex 37.8454 0.3500 0.0000
    endloop
  endfacet
  facet normal 0.000000 0.000000 1.000000
    outer loop
      vertex 35.8336 1.8837 0.0000
      vertex 35.9263 1.5496 0.0000
      vertex 37.8454 0.3500 0.0000
    endloop
  endfacet
  facet normal 0.000000 0.000000 1.000000
    outer loop
      vertex 35.9263 1.5496 0.0000
      vertex 37.4986 0.3500 0.0000
      vertex 37.8454 0.3500 0.0000
    endloop
  endfacet
  facet normal 0.000000 0.000000 1.000000
    outer loop
      vertex 35.9263 1.5496 0.0000
      vertex 36.0190 1.2154 0.0000
      vertex 37.4986 0.3500 0.0000
    endloop
  endfacet
  facet normal 0.000000 0.000000 1.000000
    outer loop
      vertex 36.0190 1.2154 0.0000
      vertex 37.1518 0.3500 0.0000
      vertex 37.4986 0.3500 0.0000
    endloop
  endfacet
  facet normal 0.000000 0.000000 1.000000
    outer loop
      vertex 36.0190 1.2154 0.0000
      vertex 36.1118 0.8812 0.0000
      vertex 37.1518 0.3500 0.0000
    endloop
  endfacet
  facet normal 0.000000 0.000000 1.000000
    outer loop
      vertex 36.1118 0.8812 0.0000
      vertex 36.8050 0.3500 0.0000
      vertex 37.1518 0.3500 0.0000
    endloop
  endfacet
  facet normal 0.000000 0.000000 1.000000
    outer loop
      vertex 36.1118 0.8812 0.0000
      vertex 36.2051 0.5472 0.0000
      vertex 36.8050 0.3500 0.0000
    endloop
  endfacet
  facet normal 0.000000 0.000000 1.000000
    outer loop
      vertex 36.2051 0.5472 0.0000
      vertex 36.4582 0.3500 0.0000
      vertex 36.8050 0.3500 0.0000
    endloop
  endfacet
  facet normal 0.000000 0.000000 1.000000
    outer loop
      vertex 38.8197 13.8475 0.0000
      vertex 34.7706 6.2648 0.0000
      vertex 34.8454 5.9262 0.0000
    endloop
  endfacet
  facet normal 0.000000 0.000000 1.000000
    outer loop
      vertex 38.8197 13.8475 0.0000
      vertex 34.7052 6.6054 0.0000
      vertex 34.7706 6.2648 0.0000
    endloop
  endfacet
  facet normal 0.000000 0.000000 1.000000
    outer loop
      vertex 38.8197 13.8475 0.0000
      vertex 38.4984 13.7271 0.0000
      vertex 34.7052 6.6054 0.0000
    endloop
  endfacet
  facet normal 0.000000 0.000000 1.000000
    outer loop
      vertex 38.4984 13.7271 0.0000
      vertex 34.6397 6.9460 0.0000
      vertex 34.7052 6.6054 0.0000
    endloop
  endfacet
  facet normal 0.000000 -0.000000 1.000000
    outer loop
      vertex 34.5088 7.6271 0.0000
      vertex 38.1623 13.6418 0.0000
      vertex 34.4433 7.9677 0.0000
    endloop
  endfacet
  facet normal 0.000000 0.000000 1.000000
    outer loop
      vertex 38.1623 13.6418 0.0000
      vertex 37.8261 13.5564 0.0000
      vertex 34.4433 7.9677 0.0000
    endloop
  endfacet
  facet normal 0.000000 0.000000 1.000000
    outer loop
      vertex 37.8261 13.5564 0.0000
      vertex 34.3779 8.3083 0.0000
      vertex 34.4433 7.9677 0.0000
    endloop
  endfacet
  facet normal 0.000000 0.000000 1.000000
    outer loop
      vertex 37.8261 13.5564 0.0000
      vertex 37.4889 13.4765 0.0000
      vertex 34.3779 8.3083 0.0000
    endloop
  endfacet
  facet normal 0.000000 0.000000 1.000000
    outer loop
      vertex 37.4889 13.4765 0.0000
      vertex 34.3149 8.6493 0.0000
      vertex 34.3779 8.3083 0.0000
    endloop
  endfacet
  facet normal 0.000000 0.000000 1.000000
    outer loop
      vertex 37.4889 13.4765 0.0000
      vertex 34.2696 8.9932 0.0000
      vertex 34.3149 8.6493 0.0000
    endloop
  endfacet
  facet normal 0.000000 -0.000000 1.000000
    outer loop
      vertex 34.2696 8.9932 0.0000
      vertex 37.4889 13.4765 0.0000
      vertex 34.2243 9.3370 0.0000
    endloop
  endfacet
  facet normal 0.000000 0.000000 1.000000
    outer loop
      vertex 37.4889 13.4765 0.0000
      vertex 34.1790 9.6808 0.0000
      vertex 34.2243 9.3370 0.0000
    endloop
  endfacet
  facet normal 0.000000 -0.000000 1.000000
    outer loop
      vertex 34.1337 10.0247 0.0000
      vertex 37.4889 13.4765 0.0000
      vertex 34.0884 10.3685 0.0000
    endloop
  endfacet
  facet normal 0.000000 0.000000 1.000000
    outer loop
      vertex 37.4889 13.4765 0.0000
      vertex 34.0431 10.7124 0.0000
      vertex 34.0884 10.3685 0.0000
    endloop
  endfacet
  facet normal 0.000000 0.000000 1.000000
    outer loop
      vertex 37.4889 13.4765 0.0000
      vertex 37.1578 13.5663 0.0000
      vertex 34.0431 10.7124 0.0000
    endloop
  endfacet
  facet normal 0.000000 0.000000 1.000000
    outer loop
      vertex 37.1578 13.5663 0.0000
      vertex 34.0131 11.0575 0.0000
      vertex 34.0431 10.7124 0.0000
    endloop
  endfacet
  facet normal 0.000000 0.000000 1.000000
    outer loop
      vertex 37.1578 13.5663 0.0000
      vertex 34.0047 11.4042 0.0000
      vertex 34.0131 11.0575 0.0000
    endloop
  endfacet
  facet normal 0.000000 -0.000000 1.000000
    outer loop
      vertex 33.9962 11.7509 0.0000
      vertex 36.5127 13.8211 0.0000
      vertex 33.9877 12.0976 0.0000
    endloop
  endfacet
  facet normal 0.000000 0.000000 1.000000
    outer loop
      vertex 36.5127 13.8211 0.0000
      vertex 36.1901 13.9486 0.0000
      vertex 33.9877 12.0976 0.0000
    endloop
  endfacet
  facet normal 0.000000 0.000000 1.000000
    outer loop
      vertex 36.1901 13.9486 0.0000
      vertex 33.9793 12.4443 0.0000
      vertex 33.9877 12.0976 0.0000
    endloop
  endfacet
  facet normal 0.000000 0.000000 1.000000
    outer loop
      vertex 36.1901 13.9486 0.0000
      vertex 35.8675 14.0757 0.0000
      vertex 33.9793 12.4443 0.0000
    endloop
  endfacet
  facet normal 0.000000 0.000000 1.000000
    outer loop
      vertex 35.8675 14.0757 0.0000
      vertex 33.9708 12.7911 0.0000
      vertex 33.9793 12.4443 0.0000
    endloop
  endfacet
  facet normal 0.000000 0.000000 1.000000
    outer loop
      vertex 35.8675 14.0757 0.0000
      vertex 34.0325 13.1315 0.0000
      vertex 33.9708 12.7911 0.0000
    endloop
  endfacet
  facet normal -0.000000 -0.000000 1.000000
    outer loop
      vertex 33.9899 23.0634 0.0000
      vertex 36.0046 21.9782 0.0000
      vertex 33.9757 23.4083 0.0000
    endloop
  endfacet
  facet normal 0.000000 -0.000000 1.000000
    outer loop
      vertex 36.0046 21.9782 0.0000
      vertex 36.3272 22.1056 0.0000
      vertex 33.9757 23.4083 0.0000
    endloop
  endfacet
  facet normal 0.000000 0.000000 1.000000
    outer loop
      vertex 36.3272 22.1056 0.0000
      vertex 33.9841 23.7551 0.0000
      vertex 33.9757 23.4083 0.0000
    endloop
  endfacet
  facet normal 0.000000 -0.000000 1.000000
    outer loop
      vertex 36.3272 22.1056 0.0000
      vertex 36.6498 22.2330 0.0000
      vertex 33.9841 23.7551 0.0000
    endloop
  endfacet
  facet normal 0.000000 0.000000 1.000000
    outer loop
      vertex 36.6498 22.2330 0.0000
      vertex 33.9926 24.1018 0.0000
      vertex 33.9841 23.7551 0.0000
    endloop
  endfacet
  facet normal 0.000000 -0.000000 1.000000
    outer loop
      vertex 36.6498 22.2330 0.0000
      vertex 36.9723 22.3605 0.0000
      vertex 33.9926 24.1018 0.0000
    endloop
  endfacet
  facet normal 0.000000 0.000000 1.000000
    outer loop
      vertex 36.9723 22.3605 0.0000
      vertex 34.0011 24.4485 0.0000
      vertex 33.9926 24.1018 0.0000
    endloop
  endfacet
  facet normal 0.000000 -0.000000 1.000000
    outer loop
      vertex 36.9723 22.3605 0.0000
      vertex 37.2949 22.4879 0.0000
      vertex 34.0011 24.4485 0.0000
    endloop
  endfacet
  facet normal 0.000000 0.000000 1.000000
    outer loop
      vertex 37.2949 22.4879 0.0000
      vertex 34.0095 24.7952 0.0000
      vertex 34.0011 24.4485 0.0000
    endloop
  endfacet
  facet normal 0.000000 0.000000 1.000000
    outer loop
      vertex 37.2949 22.4879 0.0000
      vertex 34.0239 25.1415 0.0000
      vertex 34.0095 24.7952 0.0000
    endloop
  endfacet
  facet normal 0.000000 0.000000 1.000000
    outer loop
      vertex 37.2949 22.4879 0.0000
      vertex 34.0692 25.4854 0.0000
      vertex 34.0239 25.1415 0.0000
    endloop
  endfacet
  facet normal 0.000000 0.000000 1.000000
    outer loop
      vertex 37.2949 22.4879 0.0000
      vertex 34.1145 25.8292 0.0000
      vertex 34.0692 25.4854 0.0000
    endloop
  endfacet
  facet normal -0.000000 0.000000 1.000000
    outer loop
      vertex 34.1145 25.8292 0.0000
      vertex 37.2949 22.4879 0.0000
      vertex 34.1598 26.1730 0.0000
    endloop
  endfacet
  facet normal 0.000000 -0.000000 1.000000
    outer loop
      vertex 37.2949 22.4879 0.0000
      vertex 37.6328 22.4927 0.0000
      vertex 34.1598 26.1730 0.0000
    endloop
  endfacet
  facet normal 0.000000 0.000000 1.000000
    outer loop
      vertex 37.6328 22.4927 0.0000
      vertex 34.2051 26.5169 0.0000
      vertex 34.1598 26.1730 0.0000
    endloop
  endfacet
  facet normal -0.000000 0.000000 1.000000
    outer loop
      vertex 34.2051 26.5169 0.0000
      vertex 37.6328 22.4927 0.0000
      vertex 34.2504 26.8607 0.0000
    endloop
  endfacet
  facet normal 0.000000 0.000000 1.000000
    outer loop
      vertex 37.6328 22.4927 0.0000
      vertex 34.2957 27.2046 0.0000
      vertex 34.2504 26.8607 0.0000
    endloop
  endfacet
  facet normal 0.000000 0.000000 1.000000
    outer loop
      vertex 37.6328 22.4927 0.0000
      vertex 34.3500 27.5470 0.0000
      vertex 34.2957 27.2046 0.0000
    endloop
  endfacet
  facet normal 0.000000 0.000000 1.000000
    outer loop
      vertex 37.6328 22.4927 0.0000
      vertex 34.4155 27.8876 0.0000
      vertex 34.3500 27.5470 0.0000
    endloop
  endfacet
  facet normal -0.000000 0.000000 1.000000
    outer loop
      vertex 34.5464 28.5687 0.0000
      vertex 38.6413 22.2366 0.0000
      vertex 34.6119 28.9093 0.0000
    endloop
  endfacet
  facet normal 0.000000 0.000000 1.000000
    outer loop
      vertex 38.6413 22.2366 0.0000
      vertex 34.6773 29.2499 0.0000
      vertex 34.6119 28.9093 0.0000
    endloop
  endfacet
  facet normal 0.000000 0.000000 1.000000
    outer loop
      vertex 38.6413 22.2366 0.0000
      vertex 34.7428 29.5905 0.0000
      vertex 34.6773 29.2499 0.0000
    endloop
  endfacet
  facet normal 0.000000 0.000000 1.000000
    outer loop
      vertex 38.6413 22.2366 0.0000
      vertex 34.8123 29.9302 0.0000
      vertex 34.7428 29.5905 0.0000
    endloop
  endfacet
  facet normal 0.000000 0.000000 1.000000
    outer loop
      vertex 38.6413 22.2366 0.0000
      vertex 34.8903 30.2681 0.0000
      vertex 34.8123 29.9302 0.0000
    endloop
  endfacet
  facet normal -0.000000 0.000000 1.000000
    outer loop
      vertex 34.8903 30.2681 0.0000
      vertex 38.6413 22.2366 0.0000
      vertex 34.9684 30.6061 0.0000
    endloop
  endfacet
  facet normal 0.000000 0.000000 1.000000
    outer loop
      vertex 38.6413 22.2366 0.0000
      vertex 35.0464 30.9440 0.0000
      vertex 34.9684 30.6061 0.0000
    endloop
  endfacet
  facet normal 0.000000 0.000000 1.000000
    outer loop
      vertex 35.1245 31.2819 0.0000
      vertex 40.5926 36.8466 0.0000
      vertex 35.2025 31.6198 0.0000
    endloop
  endfacet
  facet normal 0.000000 0.000000 1.000000
    outer loop
      vertex 35.1245 31.2819 0.0000
      vertex 40.9305 36.9246 0.0000
      vertex 40.5926 36.8466 0.0000
    endloop
  endfacet
  facet normal -0.000000 0.000000 1.000000
    outer loop
      vertex 35.1245 31.2819 0.0000
      vertex 35.0464 30.9440 0.0000
      vertex 40.9305 36.9246 0.0000
    endloop
  endfacet
  facet normal 0.000000 0.000000 1.000000
    outer loop
      vertex 35.0464 30.9440 0.0000
      vertex 49.8599 33.1664 0.0000
      vertex 40.9305 36.9246 0.0000
    endloop
  endfacet
  facet normal 0.000000 0.000000 1.000000
    outer loop
      vertex 49.8599 33.1664 0.0000
      vertex 41.2685 37.0026 0.0000
      vertex 40.9305 36.9246 0.0000
    endloop
  endfacet
  facet normal 0.000000 0.000000 1.000000
    outer loop
      vertex 49.8599 33.1664 0.0000
      vertex 41.6064 37.0807 0.0000
      vertex 41.2685 37.0026 0.0000
    endloop
  endfacet
  facet normal -0.000000 0.000000 1.000000
    outer loop
      vertex 35.0464 30.9440 0.0000
      vertex 38.6413 22.2366 0.0000
      vertex 49.8599 33.1664 0.0000
    endloop
  endfacet
  facet normal -0.000000 0.000000 1.000000
    outer loop
      vertex 38.6413 22.2366 0.0000
      vertex 38.9196 22.0443 0.0000
      vertex 49.8599 33.1664 0.0000
    endloop
  endfacet
  facet normal 0.000000 0.000000 1.000000
    outer loop
      vertex 38.9196 22.0443 0.0000
      vertex 50.1206 32.9377 0.0000
      vertex 49.8599 33.1664 0.0000
    endloop
  endfacet
  facet normal 0.000000 0.000000 1.000000
    outer loop
      vertex 49.6463 33.8197 0.0000
      vertex 43.6454 37.4947 0.0000
      vertex 49.7317 33.4836 0.0000
    endloop
  endfacet
  facet normal 0.000000 0.000000 1.000000
    outer loop
      vertex 49.9417 35.7926 0.0000
      vertex 48.1162 38.0127 0.0000
      vertex 49.8143 35.4700 0.0000
    endloop
  endfacet
  facet normal 0.000000 0.000000 1.000000
    outer loop
      vertex 50.1867 36.4414 0.0000
      vertex 49.1496 37.9636 0.0000
      vertex 50.0692 36.1151 0.0000
    endloop
  endfacet
  facet normal 0.000000 0.000000 1.000000
    outer loop
      vertex 50.1867 36.4414 0.0000
      vertex 49.4884 37.8895 0.0000
      vertex 49.1496 37.9636 0.0000
    endloop
  endfacet
  facet normal -0.000000 0.000000 1.000000
    outer loop
      vertex 58.7427 37.9400 0.0000
      vertex 57.9713 36.0126 0.0000
      vertex 59.0815 38.0141 0.0000
    endloop
  endfacet
  facet normal 0.000000 0.000000 1.000000
    outer loop
      vertex 58.7427 37.9400 0.0000
      vertex 57.8505 36.3377 0.0000
      vertex 57.9713 36.0126 0.0000
    endloop
  endfacet
  facet normal 0.000000 -0.000000 1.000000
    outer loop
      vertex 58.2262 35.3675 0.0000
      vertex 59.7736 38.0154 0.0000
      vertex 58.0988 35.6901 0.0000
    endloop
  endfacet
  facet normal 0.000000 -0.000000 1.000000
    outer loop
      vertex 58.4811 34.7224 0.0000
      vertex 60.4671 37.9985 0.0000
      vertex 58.3536 35.0450 0.0000
    endloop
  endfacet
  facet normal -0.000000 0.000000 1.000000
    outer loop
      vertex 58.0584 33.0926 0.0000
      vertex 71.6500 29.4279 0.0000
      vertex 58.2412 33.3768 0.0000
    endloop
  endfacet
  facet normal 0.000000 -0.000000 1.000000
    outer loop
      vertex 71.6500 29.4279 0.0000
      vertex 71.6500 29.7747 0.0000
      vertex 58.2412 33.3768 0.0000
    endloop
  endfacet
  facet normal 0.000000 -0.000000 1.000000
    outer loop
      vertex 71.6500 29.7747 0.0000
      vertex 71.6500 30.1215 0.0000
      vertex 58.2412 33.3768 0.0000
    endloop
  endfacet
  facet normal 0.000000 0.000000 1.000000
    outer loop
      vertex 58.0584 33.0926 0.0000
      vertex 71.6500 29.0811 0.0000
      vertex 71.6500 29.4279 0.0000
    endloop
  endfacet
  facet normal 0.000000 0.000000 1.000000
    outer loop
      vertex 58.0584 33.0926 0.0000
      vertex 71.6500 28.7342 0.0000
      vertex 71.6500 29.0811 0.0000
    endloop
  endfacet
  facet normal 0.000000 0.000000 1.000000
    outer loop
      vertex 58.0584 33.0926 0.0000
      vertex 71.6500 28.3874 0.0000
      vertex 71.6500 28.7342 0.0000
    endloop
  endfacet
  facet normal 0.000000 0.000000 1.000000
    outer loop
      vertex 58.0584 33.0926 0.0000
      vertex 71.6500 28.0406 0.0000
      vertex 71.6500 28.3874 0.0000
    endloop
  endfacet
  facet normal 0.000000 0.000000 1.000000
    outer loop
      vertex 58.0584 33.0926 0.0000
      vertex 71.6500 27.6938 0.0000
      vertex 71.6500 28.0406 0.0000
    endloop
  endfacet
  facet normal 0.000000 0.000000 1.000000
    outer loop
      vertex 58.0584 33.0926 0.0000
      vertex 71.6500 27.3470 0.0000
      vertex 71.6500 27.6938 0.0000
    endloop
  endfacet
  facet normal 0.000000 0.000000 1.000000
    outer loop
      vertex 58.0584 33.0926 0.0000
      vertex 71.6500 27.0002 0.0000
      vertex 71.6500 27.3470 0.0000
    endloop
  endfacet
  facet normal 0.000000 0.000000 1.000000
    outer loop
      vertex 58.0584 33.0926 0.0000
      vertex 71.6500 26.6533 0.0000
      vertex 71.6500 27.0002 0.0000
    endloop
  endfacet
  facet normal 0.000000 0.000000 1.000000
    outer loop
      vertex 58.0584 33.0926 0.0000
      vertex 57.7961 32.8656 0.0000
      vertex 71.6500 26.6533 0.0000
    endloop
  endfacet
  facet normal 0.000000 0.000000 1.000000
    outer loop
      vertex 57.7961 32.8656 0.0000
      vertex 71.6500 26.3065 0.0000
      vertex 71.6500 26.6533 0.0000
    endloop
  endfacet
  facet normal 0.000000 0.000000 1.000000
    outer loop
      vertex 57.7961 32.8656 0.0000
      vertex 57.5339 32.6387 0.0000
      vertex 71.6500 26.3065 0.0000
    endloop
  endfacet
  facet normal 0.000000 0.000000 1.000000
    outer loop
      vertex 57.5339 32.6387 0.0000
      vertex 71.6500 25.9597 0.0000
      vertex 71.6500 26.3065 0.0000
    endloop
  endfacet
  facet normal 0.000000 0.000000 1.000000
    outer loop
      vertex 57.5339 32.6387 0.0000
      vertex 57.2716 32.4117 0.0000
      vertex 71.6500 25.9597 0.0000
    endloop
  endfacet
  facet normal 0.000000 0.000000 1.000000
    outer loop
      vertex 57.2716 32.4117 0.0000
      vertex 71.6500 25.6129 0.0000
      vertex 71.6500 25.9597 0.0000
    endloop
  endfacet
  facet normal 0.000000 0.000000 1.000000
    outer loop
      vertex 57.2716 32.4117 0.0000
      vertex 71.6500 25.2661 0.0000
      vertex 71.6500 25.6129 0.0000
    endloop
  endfacet
  facet normal 0.000000 0.000000 1.000000
    outer loop
      vertex 57.2716 32.4117 0.0000
      vertex 71.6500 24.9193 0.0000
      vertex 71.6500 25.2661 0.0000
    endloop
  endfacet
  facet normal 0.000000 0.000000 1.000000
    outer loop
      vertex 57.2716 32.4117 0.0000
      vertex 71.6500 24.5724 0.0000
      vertex 71.6500 24.9193 0.0000
    endloop
  endfacet
  facet normal 0.000000 0.000000 1.000000
    outer loop
      vertex 57.2716 32.4117 0.0000
      vertex 71.6500 24.2256 0.0000
      vertex 71.6500 24.5724 0.0000
    endloop
  endfacet
  facet normal 0.000000 0.000000 1.000000
    outer loop
      vertex 57.2716 32.4117 0.0000
      vertex 56.9777 32.2357 0.0000
      vertex 71.6500 24.2256 0.0000
    endloop
  endfacet
  facet normal 0.000000 0.000000 1.000000
    outer loop
      vertex 56.9777 32.2357 0.0000
      vertex 71.6500 23.8788 0.0000
      vertex 71.6500 24.2256 0.0000
    endloop
  endfacet
  facet normal 0.000000 0.000000 1.000000
    outer loop
      vertex 56.9777 32.2357 0.0000
      vertex 71.6500 23.5320 0.0000
      vertex 71.6500 23.8788 0.0000
    endloop
  endfacet
  facet normal 0.000000 0.000000 1.000000
    outer loop
      vertex 56.9777 32.2357 0.0000
      vertex 71.6500 23.1852 0.0000
      vertex 71.6500 23.5320 0.0000
    endloop
  endfacet
  facet normal 0.000000 0.000000 1.000000
    outer loop
      vertex 56.9777 32.2357 0.0000
      vertex 71.6500 22.8383 0.0000
      vertex 71.6500 23.1852 0.0000
    endloop
  endfacet
  facet normal 0.000000 0.000000 1.000000
    outer loop
      vertex 56.9777 32.2357 0.0000
      vertex 71.6500 22.4915 0.0000
      vertex 71.6500 22.8383 0.0000
    endloop
  endfacet
  facet normal 0.000000 0.000000 1.000000
    outer loop
      vertex 56.9777 32.2357 0.0000
      vertex 71.6500 22.1447 0.0000
      vertex 71.6500 22.4915 0.0000
    endloop
  endfacet
  facet normal 0.000000 0.000000 1.000000
    outer loop
      vertex 56.9777 32.2357 0.0000
      vertex 71.6500 21.7979 0.0000
      vertex 71.6500 22.1447 0.0000
    endloop
  endfacet
  facet normal 0.000000 0.000000 1.000000
    outer loop
      vertex 56.9777 32.2357 0.0000
      vertex 56.6509 32.1196 0.0000
      vertex 71.6500 21.7979 0.0000
    endloop
  endfacet
  facet normal 0.000000 0.000000 1.000000
    outer loop
      vertex 56.6509 32.1196 0.0000
      vertex 71.6500 21.4511 0.0000
      vertex 71.6500 21.7979 0.0000
    endloop
  endfacet
  facet normal 0.000000 0.000000 1.000000
    outer loop
      vertex 56.6509 32.1196 0.0000
      vertex 56.3241 32.0035 0.0000
      vertex 71.6500 21.4511 0.0000
    endloop
  endfacet
  facet normal 0.000000 0.000000 1.000000
    outer loop
      vertex 56.3241 32.0035 0.0000
      vertex 71.6500 21.1043 0.0000
      vertex 71.6500 21.4511 0.0000
    endloop
  endfacet
  facet normal 0.000000 0.000000 1.000000
    outer loop
      vertex 56.3241 32.0035 0.0000
      vertex 55.9973 31.8874 0.0000
      vertex 71.6500 21.1043 0.0000
    endloop
  endfacet
  facet normal 0.000000 0.000000 1.000000
    outer loop
      vertex 55.9973 31.8874 0.0000
      vertex 71.6500 20.7574 0.0000
      vertex 71.6500 21.1043 0.0000
    endloop
  endfacet
  facet normal 0.000000 0.000000 1.000000
    outer loop
      vertex 55.9973 31.8874 0.0000
      vertex 55.6698 31.7735 0.0000
      vertex 71.6500 20.7574 0.0000
    endloop
  endfacet
  facet normal 0.000000 0.000000 1.000000
    outer loop
      vertex 55.6698 31.7735 0.0000
      vertex 71.6500 20.4106 0.0000
      vertex 71.6500 20.7574 0.0000
    endloop
  endfacet
  facet normal 0.000000 0.000000 1.000000
    outer loop
      vertex 55.6698 31.7735 0.0000
      vertex 71.6500 20.0638 0.0000
      vertex 71.6500 20.4106 0.0000
    endloop
  endfacet
  facet normal 0.000000 0.000000 1.000000
    outer loop
      vertex 55.6698 31.7735 0.0000
      vertex 71.6500 19.7170 0.0000
      vertex 71.6500 20.0638 0.0000
    endloop
  endfacet
  facet normal 0.000000 0.000000 1.000000
    outer loop
      vertex 55.6698 31.7735 0.0000
      vertex 71.6500 19.3702 0.0000
      vertex 71.6500 19.7170 0.0000
    endloop
  endfacet
  facet normal 0.000000 0.000000 1.000000
    outer loop
      vertex 55.6698 31.7735 0.0000
      vertex 71.6500 19.0233 0.0000
      vertex 71.6500 19.3702 0.0000
    endloop
  endfacet
  facet normal 0.000000 0.000000 1.000000
    outer loop
      vertex 55.6698 31.7735 0.0000
      vertex 71.6500 18.6765 0.0000
      vertex 71.6500 19.0233 0.0000
    endloop
  endfacet
  facet normal 0.000000 0.000000 1.000000
    outer loop
      vertex 55.6698 31.7735 0.0000
      vertex 71.6500 18.3297 0.0000
      vertex 71.6500 18.6765 0.0000
    endloop
  endfacet
  facet normal 0.000000 0.000000 1.000000
    outer loop
      vertex 55.6698 31.7735 0.0000
      vertex 71.6500 17.9829 0.0000
      vertex 71.6500 18.3297 0.0000
    endloop
  endfacet
  facet normal 0.000000 0.000000 1.000000
    outer loop
      vertex 55.6698 31.7735 0.0000
      vertex 71.6500 17.6361 0.0000
      vertex 71.6500 17.9829 0.0000
    endloop
  endfacet
  facet normal 0.000000 0.000000 1.000000
    outer loop
      vertex 55.6698 31.7735 0.0000
      vertex 71.6500 17.2893 0.0000
      vertex 71.6500 17.6361 0.0000
    endloop
  endfacet
  facet normal 0.000000 0.000000 1.000000
    outer loop
      vertex 55.6698 31.7735 0.0000
      vertex 55.3254 31.7337 0.0000
      vertex 71.6500 17.2893 0.0000
    endloop
  endfacet
  facet normal 0.000000 0.000000 1.000000
    outer loop
      vertex 55.3254 31.7337 0.0000
      vertex 71.6500 16.9424 0.0000
      vertex 71.6500 17.2893 0.0000
    endloop
  endfacet
  facet normal 0.000000 0.000000 1.000000
    outer loop
      vertex 55.3254 31.7337 0.0000
      vertex 54.9804 31.6984 0.0000
      vertex 71.6500 16.9424 0.0000
    endloop
  endfacet
  facet normal 0.000000 0.000000 1.000000
    outer loop
      vertex 54.9804 31.6984 0.0000
      vertex 71.6500 16.5956 0.0000
      vertex 71.6500 16.9424 0.0000
    endloop
  endfacet
  facet normal 0.000000 0.000000 1.000000
    outer loop
      vertex 54.9804 31.6984 0.0000
      vertex 54.6354 31.6632 0.0000
      vertex 71.6500 16.5956 0.0000
    endloop
  endfacet
  facet normal 0.000000 0.000000 1.000000
    outer loop
      vertex 54.6354 31.6632 0.0000
      vertex 71.6500 16.2488 0.0000
      vertex 71.6500 16.5956 0.0000
    endloop
  endfacet
  facet normal 0.000000 0.000000 1.000000
    outer loop
      vertex 54.6354 31.6632 0.0000
      vertex 54.2904 31.6279 0.0000
      vertex 71.6500 16.2488 0.0000
    endloop
  endfacet
  facet normal 0.000000 0.000000 1.000000
    outer loop
      vertex 54.2904 31.6279 0.0000
      vertex 71.6500 15.9020 0.0000
      vertex 71.6500 16.2488 0.0000
    endloop
  endfacet
  facet normal -0.000000 0.000000 1.000000
    outer loop
      vertex 53.9450 31.6038 0.0000
      vertex 40.3943 17.9265 0.0000
      vertex 54.2904 31.6279 0.0000
    endloop
  endfacet
  facet normal -0.000000 0.000000 1.000000
    outer loop
      vertex 40.3943 17.9265 0.0000
      vertex 40.3590 17.5815 0.0000
      vertex 54.2904 31.6279 0.0000
    endloop
  endfacet
  facet normal -0.000000 0.000000 1.000000
    outer loop
      vertex 38.1623 13.6418 0.0000
      vertex 34.5088 7.6271 0.0000
      vertex 38.4984 13.7271 0.0000
    endloop
  endfacet
  facet normal -0.000000 0.000000 1.000000
    outer loop
      vertex 34.5088 7.6271 0.0000
      vertex 34.5742 7.2865 0.0000
      vertex 38.4984 13.7271 0.0000
    endloop
  endfacet
  facet normal -0.000000 0.000000 1.000000
    outer loop
      vertex 34.5742 7.2865 0.0000
      vertex 34.6397 6.9460 0.0000
      vertex 38.4984 13.7271 0.0000
    endloop
  endfacet
  facet normal 0.000000 0.000000 1.000000
    outer loop
      vertex 36.8353 13.6937 0.0000
      vertex 34.0047 11.4042 0.0000
      vertex 37.1578 13.5663 0.0000
    endloop
  endfacet
  facet normal 0.000000 0.000000 1.000000
    outer loop
      vertex 36.8353 13.6937 0.0000
      vertex 33.9962 11.7509 0.0000
      vertex 34.0047 11.4042 0.0000
    endloop
  endfacet
  facet normal 0.000000 0.000000 1.000000
    outer loop
      vertex 36.8353 13.6937 0.0000
      vertex 36.5127 13.8211 0.0000
      vertex 33.9962 11.7509 0.0000
    endloop
  endfacet
  facet normal 0.000000 0.000000 1.000000
    outer loop
      vertex 35.5411 14.1930 0.0000
      vertex 34.0325 13.1315 0.0000
      vertex 35.8675 14.0757 0.0000
    endloop
  endfacet
  facet normal 0.000000 0.000000 1.000000
    outer loop
      vertex 35.5411 14.1930 0.0000
      vertex 34.1066 13.4703 0.0000
      vertex 34.0325 13.1315 0.0000
    endloop
  endfacet
  facet normal -0.000000 -0.000000 1.000000
    outer loop
      vertex 34.0640 22.7246 0.0000
      vertex 35.6798 21.8568 0.0000
      vertex 33.9899 23.0634 0.0000
    endloop
  endfacet
  facet normal 0.000000 -0.000000 1.000000
    outer loop
      vertex 35.6798 21.8568 0.0000
      vertex 36.0046 21.9782 0.0000
      vertex 33.9899 23.0634 0.0000
    endloop
  endfacet
  facet normal 0.000000 0.000000 1.000000
    outer loop
      vertex 37.9690 22.4073 0.0000
      vertex 34.4155 27.8876 0.0000
      vertex 37.6328 22.4927 0.0000
    endloop
  endfacet
  facet normal 0.000000 0.000000 1.000000
    outer loop
      vertex 37.9690 22.4073 0.0000
      vertex 34.4810 28.2282 0.0000
      vertex 34.4155 27.8876 0.0000
    endloop
  endfacet
  facet normal -0.000000 -0.000000 1.000000
    outer loop
      vertex 37.9690 22.4073 0.0000
      vertex 38.3051 22.3220 0.0000
      vertex 34.4810 28.2282 0.0000
    endloop
  endfacet
  facet normal 0.000000 0.000000 1.000000
    outer loop
      vertex 38.3051 22.3220 0.0000
      vertex 34.5464 28.5687 0.0000
      vertex 34.4810 28.2282 0.0000
    endloop
  endfacet
  facet normal -0.000000 -0.000000 1.000000
    outer loop
      vertex 38.3051 22.3220 0.0000
      vertex 38.6413 22.2366 0.0000
      vertex 34.5464 28.5687 0.0000
    endloop
  endfacet
  facet normal 0.000000 -0.000000 1.000000
    outer loop
      vertex 39.1465 21.7821 0.0000
      vertex 50.1206 32.9377 0.0000
      vertex 38.9196 22.0443 0.0000
    endloop
  endfacet
  facet normal 0.000000 0.000000 1.000000
    outer loop
      vertex 39.1465 21.7821 0.0000
      vertex 50.3828 32.7108 0.0000
      vertex 50.1206 32.9377 0.0000
    endloop
  endfacet
  facet normal -0.000000 0.000000 1.000000
    outer loop
      vertex 39.1465 21.7821 0.0000
      vertex 39.3735 21.5198 0.0000
      vertex 50.3828 32.7108 0.0000
    endloop
  endfacet
  facet normal 0.000000 0.000000 1.000000
    outer loop
      vertex 39.3735 21.5198 0.0000
      vertex 50.6451 32.4838 0.0000
      vertex 50.3828 32.7108 0.0000
    endloop
  endfacet
  facet normal 0.000000 0.000000 1.000000
    outer loop
      vertex 50.9187 32.2733 0.0000
      vertex 39.7705 20.9602 0.0000
      vertex 51.2453 32.1565 0.0000
    endloop
  endfacet
  facet normal -0.000000 0.000000 1.000000
    outer loop
      vertex 39.7705 20.9602 0.0000
      vertex 39.8866 20.6334 0.0000
      vertex 51.2453 32.1565 0.0000
    endloop
  endfacet
  facet normal 0.000000 0.000000 1.000000
    outer loop
      vertex 39.8866 20.6334 0.0000
      vertex 51.5721 32.0404 0.0000
      vertex 51.2453 32.1565 0.0000
    endloop
  endfacet
  facet normal -0.000000 0.000000 1.000000
    outer loop
      vertex 39.8866 20.6334 0.0000
      vertex 40.0027 20.3066 0.0000
      vertex 51.5721 32.0404 0.0000
    endloop
  endfacet
  facet normal 0.000000 0.000000 1.000000
    outer loop
      vertex 40.0027 20.3066 0.0000
      vertex 51.8989 31.9243 0.0000
      vertex 51.5721 32.0404 0.0000
    endloop
  endfacet
  facet normal -0.000000 0.000000 1.000000
    outer loop
      vertex 40.0027 20.3066 0.0000
      vertex 40.1188 19.9797 0.0000
      vertex 51.8989 31.9243 0.0000
    endloop
  endfacet
  facet normal 0.000000 0.000000 1.000000
    outer loop
      vertex 40.1188 19.9797 0.0000
      vertex 52.2257 31.8082 0.0000
      vertex 51.8989 31.9243 0.0000
    endloop
  endfacet
  facet normal 0.000000 0.000000 1.000000
    outer loop
      vertex 52.5650 31.7449 0.0000
      vertex 40.2682 19.3069 0.0000
      vertex 52.9100 31.7097 0.0000
    endloop
  endfacet
  facet normal -0.000000 0.000000 1.000000
    outer loop
      vertex 40.2682 19.3069 0.0000
      vertex 40.3034 18.9619 0.0000
      vertex 52.9100 31.7097 0.0000
    endloop
  endfacet
  facet normal 0.000000 0.000000 1.000000
    outer loop
      vertex 40.3034 18.9619 0.0000
      vertex 53.2550 31.6744 0.0000
      vertex 52.9100 31.7097 0.0000
    endloop
  endfacet
  facet normal 0.000000 0.000000 1.000000
    outer loop
      vertex 50.3040 36.7678 0.0000
      vertex 49.4884 37.8895 0.0000
      vertex 50.1867 36.4414 0.0000
    endloop
  endfacet
  facet normal 0.000000 0.000000 1.000000
    outer loop
      vertex 50.3040 36.7678 0.0000
      vertex 49.8272 37.8154 0.0000
      vertex 49.4884 37.8895 0.0000
    endloop
  endfacet
  facet normal -0.000000 0.000000 1.000000
    outer loop
      vertex 58.4039 37.8659 0.0000
      vertex 57.8505 36.3377 0.0000
      vertex 58.7427 37.9400 0.0000
    endloop
  endfacet
  facet normal 0.000000 0.000000 1.000000
    outer loop
      vertex 58.4039 37.8659 0.0000
      vertex 57.7332 36.6641 0.0000
      vertex 57.8505 36.3377 0.0000
    endloop
  endfacet
  facet normal 0.000000 0.000000 1.000000
    outer loop
      vertex 58.4039 37.8659 0.0000
      vertex 58.0651 37.7918 0.0000
      vertex 57.7332 36.6641 0.0000
    endloop
  endfacet
  facet normal 0.000000 0.000000 1.000000
    outer loop
      vertex 58.0651 37.7918 0.0000
      vertex 57.6159 36.9905 0.0000
      vertex 57.7332 36.6641 0.0000
    endloop
  endfacet
  facet normal 0.000000 0.000000 1.000000
    outer loop
      vertex 58.0651 37.7918 0.0000
      vertex 57.7920 37.5999 0.0000
      vertex 57.6159 36.9905 0.0000
    endloop
  endfacet
  facet normal 0.000000 0.000000 1.000000
    outer loop
      vertex 57.7920 37.5999 0.0000
      vertex 57.5841 37.3227 0.0000
      vertex 57.6159 36.9905 0.0000
    endloop
  endfacet
  facet normal 0.000000 0.000000 1.000000
    outer loop
      vertex 53.2550 31.6744 0.0000
      vertex 40.3387 18.6169 0.0000
      vertex 53.6000 31.6391 0.0000
    endloop
  endfacet
  facet normal -0.000000 0.000000 1.000000
    outer loop
      vertex 40.3387 18.6169 0.0000
      vertex 40.3740 18.2719 0.0000
      vertex 53.6000 31.6391 0.0000
    endloop
  endfacet
  facet normal 0.000000 0.000000 1.000000
    outer loop
      vertex 40.3740 18.2719 0.0000
      vertex 53.9450 31.6038 0.0000
      vertex 53.6000 31.6391 0.0000
    endloop
  endfacet
  facet normal -0.000000 0.000000 1.000000
    outer loop
      vertex 40.3740 18.2719 0.0000
      vertex 40.3943 17.9265 0.0000
      vertex 53.9450 31.6038 0.0000
    endloop
  endfacet
  facet normal 0.000000 0.000000 1.000000
    outer loop
      vertex 35.3534 21.7395 0.0000
      vertex 34.1380 22.3858 0.0000
      vertex 35.0270 21.6222 0.0000
    endloop
  endfacet
  facet normal 0.000000 0.000000 1.000000
    outer loop
      vertex 34.1380 22.3858 0.0000
      vertex 34.2121 22.0470 0.0000
      vertex 35.0270 21.6222 0.0000
    endloop
  endfacet
  facet normal 0.000000 0.000000 1.000000
    outer loop
      vertex 34.2121 22.0470 0.0000
      vertex 34.4148 21.7807 0.0000
      vertex 35.0270 21.6222 0.0000
    endloop
  endfacet
  facet normal 0.000000 0.000000 1.000000
    outer loop
      vertex 34.4148 21.7807 0.0000
      vertex 34.6939 21.5757 0.0000
      vertex 35.0270 21.6222 0.0000
    endloop
  endfacet
  facet normal 0.000000 0.000000 1.000000
    outer loop
      vertex 34.8883 14.4276 0.0000
      vertex 34.5728 14.3411 0.0000
      vertex 35.2147 14.3103 0.0000
    endloop
  endfacet
  facet normal 0.000000 0.000000 1.000000
    outer loop
      vertex 34.5728 14.3411 0.0000
      vertex 34.1806 13.8091 0.0000
      vertex 35.2147 14.3103 0.0000
    endloop
  endfacet
  facet normal -0.000000 0.000000 1.000000
    outer loop
      vertex 34.1806 13.8091 0.0000
      vertex 34.1066 13.4703 0.0000
      vertex 35.2147 14.3103 0.0000
    endloop
  endfacet
  facet normal 0.000000 0.000000 1.000000
    outer loop
      vertex 34.1066 13.4703 0.0000
      vertex 35.5411 14.1930 0.0000
      vertex 35.2147 14.3103 0.0000
    endloop
  endfacet
  facet normal -0.000000 -0.000000 1.000000
    outer loop
      vertex 34.1380 22.3858 0.0000
      vertex 35.3534 21.7395 0.0000
      vertex 34.0640 22.7246 0.0000
    endloop
  endfacet
  facet normal 0.000000 -0.000000 1.000000
    outer loop
      vertex 35.3534 21.7395 0.0000
      vertex 35.6798 21.8568 0.0000
      vertex 34.0640 22.7246 0.0000
    endloop
  endfacet
  facet normal 0.000000 -0.000000 1.000000
    outer loop
      vertex 40.3387 18.6169 0.0000
      vertex 53.2550 31.6744 0.0000
      vertex 40.3034 18.9619 0.0000
    endloop
  endfacet
  facet normal -0.000000 0.000000 1.000000
    outer loop
      vertex 34.2993 14.1278 0.0000
      vertex 34.1806 13.8091 0.0000
      vertex 34.5728 14.3411 0.0000
    endloop
  endfacet
  facet normal 0.000000 0.000000 1.000000
    outer loop
      vertex 50.4213 37.0942 0.0000
      vertex 50.3524 37.4125 0.0000
      vertex 50.3040 36.7678 0.0000
    endloop
  endfacet
  facet normal 0.000000 0.000000 1.000000
    outer loop
      vertex 50.3524 37.4125 0.0000
      vertex 49.8272 37.8154 0.0000
      vertex 50.3040 36.7678 0.0000
    endloop
  endfacet
  facet normal 0.000000 0.000000 1.000000
    outer loop
      vertex 50.3524 37.4125 0.0000
      vertex 50.1402 37.6868 0.0000
      vertex 49.8272 37.8154 0.0000
    endloop
  endfacet
  facet normal 0.000000 0.000000 1.000000
    outer loop
      vertex 52.5650 31.7449 0.0000
      vertex 40.2306 19.6516 0.0000
      vertex 40.2682 19.3069 0.0000
    endloop
  endfacet
  facet normal 0.000000 -0.000000 1.000000
    outer loop
      vertex 40.2306 19.6516 0.0000
      vertex 52.2257 31.8082 0.0000
      vertex 40.1188 19.9797 0.0000
    endloop
  endfacet
  facet normal 0.000000 0.000000 1.000000
    outer loop
      vertex 40.2306 19.6516 0.0000
      vertex 52.5650 31.7449 0.0000
      vertex 52.2257 31.8082 0.0000
    endloop
  endfacet
  facet normal 0.000000 -0.000000 1.000000
    outer loop
      vertex 39.6004 21.2576 0.0000
      vertex 50.6451 32.4838 0.0000
      vertex 39.3735 21.5198 0.0000
    endloop
  endfacet
  facet normal 0.000000 0.000000 1.000000
    outer loop
      vertex 39.6004 21.2576 0.0000
      vertex 50.9187 32.2733 0.0000
      vertex 50.6451 32.4838 0.0000
    endloop
  endfacet
  facet normal -0.000000 0.000000 1.000000
    outer loop
      vertex 39.6004 21.2576 0.0000
      vertex 39.7705 20.9602 0.0000
      vertex 50.9187 32.2733 0.0000
    endloop
  endfacet
  facet normal -0.000000 0.000000 1.000000
    outer loop
      vertex 34.1337 10.0247 0.0000
      vertex 34.1790 9.6808 0.0000
      vertex 37.4889 13.4765 0.0000
    endloop
  endfacet
  facet normal 0.000000 0.000000 1.000000
    outer loop
      vertex 71.6500 30.8152 0.0000
      vertex 66.6242 37.0274 0.0000
      vertex 71.6500 30.4683 0.0000
    endloop
  endfacet
  facet normal 0.000000 0.000000 1.000000
    outer loop
      vertex 71.6500 31.5088 0.0000
      vertex 67.3000 36.8714 0.0000
      vertex 71.6500 31.1620 0.0000
    endloop
  endfacet
  facet normal 0.000000 0.000000 1.000000
    outer loop
      vertex 71.6500 31.5088 0.0000
      vertex 67.6379 36.7933 0.0000
      vertex 67.3000 36.8714 0.0000
    endloop
  endfacet
  facet normal 0.000000 -0.000000 1.000000
    outer loop
      vertex 71.6500 31.5088 0.0000
      vertex 71.6500 31.8556 0.0000
      vertex 67.6379 36.7933 0.0000
    endloop
  endfacet
  facet normal 0.000000 0.000000 1.000000
    outer loop
      vertex 71.6500 32.8961 0.0000
      vertex 68.6485 36.5459 0.0000
      vertex 71.6500 32.5492 0.0000
    endloop
  endfacet
  facet normal 0.000000 0.000000 1.000000
    outer loop
      vertex 71.6500 34.9770 0.0000
      vertex 70.6605 36.0154 0.0000
      vertex 71.6500 34.6302 0.0000
    endloop
  endfacet
  facet normal 0.000000 0.000000 1.000000
    outer loop
      vertex 71.6500 34.9770 0.0000
      vertex 70.9947 35.9227 0.0000
      vertex 70.6605 36.0154 0.0000
    endloop
  endfacet
  facet normal 0.000000 0.000000 1.000000
    outer loop
      vertex 65.2682 37.3192 0.0000
      vertex 64.9276 37.3846 0.0000
      vertex 58.2412 33.3768 0.0000
    endloop
  endfacet
  facet normal 0.000000 0.000000 1.000000
    outer loop
      vertex 61.8476 37.8831 0.0000
      vertex 61.5038 37.9284 0.0000
      vertex 58.4811 34.7224 0.0000
    endloop
  endfacet
  facet normal 0.000000 0.000000 1.000000
    outer loop
      vertex 46.3870 37.9140 0.0000
      vertex 46.0431 37.8687 0.0000
      vertex 49.4784 34.4926 0.0000
    endloop
  endfacet
  facet normal 0.000000 0.000000 1.000000
    outer loop
      vertex 46.0431 37.8687 0.0000
      vertex 45.6993 37.8234 0.0000
      vertex 49.4784 34.4926 0.0000
    endloop
  endfacet
  facet normal 0.000000 0.000000 1.000000
    outer loop
      vertex 35.6227 33.3021 0.0000
      vertex 38.5732 36.3452 0.0000
      vertex 35.7093 33.6380 0.0000
    endloop
  endfacet
  facet normal 0.000000 0.000000 1.000000
    outer loop
      vertex 35.6227 33.3021 0.0000
      vertex 38.9090 36.4318 0.0000
      vertex 38.5732 36.3452 0.0000
    endloop
  endfacet
  facet normal -0.000000 0.000000 1.000000
    outer loop
      vertex 35.6227 33.3021 0.0000
      vertex 35.5361 32.9663 0.0000
      vertex 38.9090 36.4318 0.0000
    endloop
  endfacet
  facet normal 0.000000 0.000000 1.000000
    outer loop
      vertex 37.5675 36.0787 0.0000
      vertex 35.9796 34.6426 0.0000
      vertex 35.8869 34.3084 0.0000
    endloop
  endfacet
  facet normal 0.000000 0.000000 1.000000
    outer loop
      vertex 37.5675 36.0787 0.0000
      vertex 37.2333 35.9859 0.0000
      vertex 35.9796 34.6426 0.0000
    endloop
  endfacet
  facet normal 0.000000 0.000000 1.000000
    outer loop
      vertex 37.2333 35.9859 0.0000
      vertex 36.0724 34.9768 0.0000
      vertex 35.9796 34.6426 0.0000
    endloop
  endfacet
  facet normal 0.000000 -0.954480 -0.298275
    outer loop
      vertex 36.8050 0.3500 0.0000
      vertex 37.1518 0.3500 0.0000
      vertex 37.1504 0.1000 0.8000
    endloop
  endfacet
  facet normal 0.000000 -0.954480 -0.298275
    outer loop
      vertex 36.8050 0.3500 0.0000
      vertex 37.1504 0.1000 0.8000
      vertex 36.8003 0.1000 0.8000
    endloop
  endfacet
  facet normal 0.000000 -0.954480 -0.298275
    outer loop
      vertex 37.1518 0.3500 0.0000
      vertex 37.4986 0.3500 0.0000
      vertex 37.5005 0.1000 0.8000
    endloop
  endfacet
  facet normal 0.000000 -0.954480 -0.298275
    outer loop
      vertex 37.1518 0.3500 0.0000
      vertex 37.5005 0.1000 0.8000
      vertex 37.1504 0.1000 0.8000
    endloop
  endfacet
  facet normal 0.000000 -0.954480 -0.298275
    outer loop
      vertex 37.4986 0.3500 0.0000
      vertex 37.8454 0.3500 0.0000
      vertex 37.8507 0.1000 0.8000
    endloop
  endfacet
  facet normal 0.000000 -0.954480 -0.298275
    outer loop
      vertex 37.4986 0.3500 0.0000
      vertex 37.8507 0.1000 0.8000
      vertex 37.5005 0.1000 0.8000
    endloop
  endfacet
  facet normal 0.000000 -0.954480 -0.298275
    outer loop
      vertex 37.8454 0.3500 0.0000
      vertex 38.1923 0.3500 0.0000
      vertex 38.2008 0.1000 0.8000
    endloop
  endfacet
  facet normal 0.000000 -0.954480 -0.298275
    outer loop
      vertex 37.8454 0.3500 0.0000
      vertex 38.2008 0.1000 0.8000
      vertex 37.8507 0.1000 0.8000
    endloop
  endfacet
  facet normal 0.000000 -0.954480 -0.298275
    outer loop
      vertex 38.1923 0.3500 0.0000
      vertex 38.5391 0.3500 0.0000
      vertex 38.5509 0.1000 0.8000
    endloop
  endfacet
  facet normal 0.000000 -0.954480 -0.298275
    outer loop
      vertex 38.1923 0.3500 0.0000
      vertex 38.5509 0.1000 0.8000
      vertex 38.2008 0.1000 0.8000
    endloop
  endfacet
  facet normal 0.000000 -0.954480 -0.298275
    outer loop
      vertex 38.5391 0.3500 0.0000
      vertex 38.8859 0.3500 0.0000
      vertex 38.9011 0.1000 0.8000
    endloop
  endfacet
  facet normal 0.000000 -0.954480 -0.298275
    outer loop
      vertex 38.5391 0.3500 0.0000
      vertex 38.9011 0.1000 0.8000
      vertex 38.5509 0.1000 0.8000
    endloop
  endfacet
  facet normal 0.000000 -0.954480 -0.298275
    outer loop
      vertex 38.8859 0.3500 0.0000
      vertex 39.2327 0.3500 0.0000
      vertex 39.2512 0.1000 0.8000
    endloop
  endfacet
  facet normal 0.000000 -0.954480 -0.298275
    outer loop
      vertex 38.8859 0.3500 0.0000
      vertex 39.2512 0.1000 0.8000
      vertex 38.9011 0.1000 0.8000
    endloop
  endfacet
  facet normal 0.000000 -0.954480 -0.298275
    outer loop
      vertex 39.2327 0.3500 0.0000
      vertex 39.5795 0.3500 0.0000
      vertex 39.6013 0.1000 0.8000
    endloop
  endfacet
  facet normal 0.000000 -0.954480 -0.298275
    outer loop
      vertex 39.2327 0.3500 0.0000
      vertex 39.6013 0.1000 0.8000
      vertex 39.2512 0.1000 0.8000
    endloop
  endfacet
  facet normal 0.000000 -0.954480 -0.298275
    outer loop
      vertex 39.5795 0.3500 0.0000
      vertex 39.9264 0.3500 0.0000
      vertex 39.9515 0.1000 0.8000
    endloop
  endfacet
  facet normal 0.000000 -0.954480 -0.298275
    outer loop
      vertex 39.5795 0.3500 0.0000
      vertex 39.9515 0.1000 0.8000
      vertex 39.6013 0.1000 0.8000
    endloop
  endfacet
  facet normal 0.000000 -0.954480 -0.298275
    outer loop
      vertex 39.9264 0.3500 0.0000
      vertex 40.2732 0.3500 0.0000
      vertex 40.3016 0.1000 0.8000
    endloop
  endfacet
  facet normal 0.000000 -0.954480 -0.298275
    outer loop
      vertex 39.9264 0.3500 0.0000
      vertex 40.3016 0.1000 0.8000
      vertex 39.9515 0.1000 0.8000
    endloop
  endfacet
  facet normal 0.000000 -0.954480 -0.298275
    outer loop
      vertex 40.2732 0.3500 0.0000
      vertex 40.6200 0.3500 0.0000
      vertex 40.6518 0.1000 0.8000
    endloop
  endfacet
  facet normal 0.000000 -0.954480 -0.298275
    outer loop
      vertex 40.2732 0.3500 0.0000
      vertex 40.6518 0.1000 0.8000
      vertex 40.3016 0.1000 0.8000
    endloop
  endfacet
  facet normal 0.000000 -0.954480 -0.298275
    outer loop
      vertex 40.6200 0.3500 0.0000
      vertex 40.9668 0.3500 0.0000
      vertex 41.0019 0.1000 0.8000
    endloop
  endfacet
  facet normal 0.000000 -0.954480 -0.298275
    outer loop
      vertex 40.6200 0.3500 0.0000
      vertex 41.0019 0.1000 0.8000
      vertex 40.6518 0.1000 0.8000
    endloop
  endfacet
  facet normal 0.000000 -0.954480 -0.298275
    outer loop
      vertex 40.9668 0.3500 0.0000
      vertex 41.3136 0.3500 0.0000
      vertex 41.3520 0.1000 0.8000
    endloop
  endfacet
  facet normal 0.000000 -0.954480 -0.298275
    outer loop
      vertex 40.9668 0.3500 0.0000
      vertex 41.3520 0.1000 0.8000
      vertex 41.0019 0.1000 0.8000
    endloop
  endfacet
  facet normal 0.000000 -0.954480 -0.298275
    outer loop
      vertex 41.3136 0.3500 0.0000
      vertex 41.6604 0.3500 0.0000
      vertex 41.7022 0.1000 0.8000
    endloop
  endfacet
  facet normal 0.000000 -0.954480 -0.298275
    outer loop
      vertex 41.3136 0.3500 0.0000
      vertex 41.7022 0.1000 0.8000
      vertex 41.3520 0.1000 0.8000
    endloop
  endfacet
  facet normal 0.000000 -0.954480 -0.298275
    outer loop
      vertex 41.6604 0.3500 0.0000
      vertex 42.0073 0.3500 0.0000
      vertex 42.0523 0.1000 0.8000
    endloop
  endfacet
  facet normal 0.000000 -0.954480 -0.298275
    outer loop
      vertex 41.6604 0.3500 0.0000
      vertex 42.0523 0.1000 0.8000
      vertex 41.7022 0.1000 0.8000
    endloop
  endfacet
  facet normal 0.000000 -0.954480 -0.298275
    outer loop
      vertex 42.0073 0.3500 0.0000
      vertex 42.3541 0.3500 0.0000
      vertex 42.4024 0.1000 0.8000
    endloop
  endfacet
  facet normal 0.000000 -0.954480 -0.298275
    outer loop
      vertex 42.0073 0.3500 0.0000
      vertex 42.4024 0.1000 0.8000
      vertex 42.0523 0.1000 0.8000
    endloop
  endfacet
  facet normal 0.000000 -0.954480 -0.298275
    outer loop
      vertex 42.3541 0.3500 0.0000
      vertex 42.7009 0.3500 0.0000
      vertex 42.7526 0.1000 0.8000
    endloop
  endfacet
  facet normal 0.000000 -0.954480 -0.298275
    outer loop
      vertex 42.3541 0.3500 0.0000
      vertex 42.7526 0.1000 0.8000
      vertex 42.4024 0.1000 0.8000
    endloop
  endfacet
  facet normal 0.000000 -0.954480 -0.298275
    outer loop
      vertex 42.7009 0.3500 0.0000
      vertex 43.0477 0.3500 0.0000
      vertex 43.1027 0.1000 0.8000
    endloop
  endfacet
  facet normal 0.000000 -0.954480 -0.298275
    outer loop
      vertex 42.7009 0.3500 0.0000
      vertex 43.1027 0.1000 0.8000
      vertex 42.7526 0.1000 0.8000
    endloop
  endfacet
  facet normal 0.000000 -0.954480 -0.298275
    outer loop
      vertex 43.0477 0.3500 0.0000
      vertex 43.3945 0.3500 0.0000
      vertex 43.4528 0.1000 0.8000
    endloop
  endfacet
  facet normal 0.000000 -0.954480 -0.298275
    outer loop
      vertex 43.0477 0.3500 0.0000
      vertex 43.4528 0.1000 0.8000
      vertex 43.1027 0.1000 0.8000
    endloop
  endfacet
  facet normal 0.000000 -0.954480 -0.298275
    outer loop
      vertex 43.3945 0.3500 0.0000
      vertex 43.7414 0.3500 0.0000
      vertex 43.8030 0.1000 0.8000
    endloop
  endfacet
  facet normal 0.000000 -0.954480 -0.298275
    outer loop
      vertex 43.3945 0.3500 0.0000
      vertex 43.8030 0.1000 0.8000
      vertex 43.4528 0.1000 0.8000
    endloop
  endfacet
  facet normal 0.000000 -0.954480 -0.298275
    outer loop
      vertex 43.7414 0.3500 0.0000
      vertex 44.0882 0.3500 0.0000
      vertex 44.1531 0.1000 0.8000
    endloop
  endfacet
  facet normal 0.000000 -0.954480 -0.298275
    outer loop
      vertex 43.7414 0.3500 0.0000
      vertex 44.1531 0.1000 0.8000
      vertex 43.8030 0.1000 0.8000
    endloop
  endfacet
  facet normal 0.000000 -0.954480 -0.298275
    outer loop
      vertex 44.0882 0.3500 0.0000
      vertex 44.4350 0.3500 0.0000
      vertex 44.5032 0.1000 0.8000
    endloop
  endfacet
  facet normal 0.000000 -0.954480 -0.298275
    outer loop
      vertex 44.0882 0.3500 0.0000
      vertex 44.5032 0.1000 0.8000
      vertex 44.1531 0.1000 0.8000
    endloop
  endfacet
  facet normal 0.000000 -0.954480 -0.298275
    outer loop
      vertex 44.4350 0.3500 0.0000
      vertex 44.7818 0.3500 0.0000
      vertex 44.8534 0.1000 0.8000
    endloop
  endfacet
  facet normal 0.000000 -0.954480 -0.298275
    outer loop
      vertex 44.4350 0.3500 0.0000
      vertex 44.8534 0.1000 0.8000
      vertex 44.5032 0.1000 0.8000
    endloop
  endfacet
  facet normal 0.000000 -0.954480 -0.298275
    outer loop
      vertex 44.7818 0.3500 0.0000
      vertex 45.1286 0.3500 0.0000
      vertex 45.2035 0.1000 0.8000
    endloop
  endfacet
  facet normal 0.000000 -0.954480 -0.298275
    outer loop
      vertex 44.7818 0.3500 0.0000
      vertex 45.2035 0.1000 0.8000
      vertex 44.8534 0.1000 0.8000
    endloop
  endfacet
  facet normal 0.000000 -0.954480 -0.298275
    outer loop
      vertex 45.1286 0.3500 0.0000
      vertex 45.4754 0.3500 0.0000
      vertex 45.5536 0.1000 0.8000
    endloop
  endfacet
  facet normal 0.000000 -0.954480 -0.298275
    outer loop
      vertex 45.1286 0.3500 0.0000
      vertex 45.5536 0.1000 0.8000
      vertex 45.2035 0.1000 0.8000
    endloop
  endfacet
  facet normal 0.000000 -0.954480 -0.298275
    outer loop
      vertex 45.4754 0.3500 0.0000
      vertex 45.8223 0.3500 0.0000
      vertex 45.9038 0.1000 0.8000
    endloop
  endfacet
  facet normal 0.000000 -0.954480 -0.298275
    outer loop
      vertex 45.4754 0.3500 0.0000
      vertex 45.9038 0.1000 0.8000
      vertex 45.5536 0.1000 0.8000
    endloop
  endfacet
  facet normal 0.000000 -0.954480 -0.298275
    outer loop
      vertex 45.8223 0.3500 0.0000
      vertex 46.1691 0.3500 0.0000
      vertex 46.2539 0.1000 0.8000
    endloop
  endfacet
  facet normal 0.000000 -0.954480 -0.298275
    outer loop
      vertex 45.8223 0.3500 0.0000
      vertex 46.2539 0.1000 0.8000
      vertex 45.9038 0.1000 0.8000
    endloop
  endfacet
  facet normal 0.000000 -0.954480 -0.298275
    outer loop
      vertex 46.1691 0.3500 0.0000
      vertex 46.5159 0.3500 0.0000
      vertex 46.6040 0.1000 0.8000
    endloop
  endfacet
  facet normal 0.000000 -0.954480 -0.298275
    outer loop
      vertex 46.1691 0.3500 0.0000
      vertex 46.6040 0.1000 0.8000
      vertex 46.2539 0.1000 0.8000
    endloop
  endfacet
  facet normal 0.000000 -0.954480 -0.298275
    outer loop
      vertex 46.5159 0.3500 0.0000
      vertex 46.8627 0.3500 0.0000
      vertex 46.9542 0.1000 0.8000
    endloop
  endfacet
  facet normal 0.000000 -0.954480 -0.298275
    outer loop
      vertex 46.5159 0.3500 0.0000
      vertex 46.9542 0.1000 0.8000
      vertex 46.6040 0.1000 0.8000
    endloop
  endfacet
  facet normal 0.000000 -0.954480 -0.298275
    outer loop
      vertex 46.8627 0.3500 0.0000
      vertex 47.2095 0.3500 0.0000
      vertex 47.3043 0.1000 0.8000
    endloop
  endfacet
  facet normal 0.000000 -0.954480 -0.298275
    outer loop
      vertex 46.8627 0.3500 0.0000
      vertex 47.3043 0.1000 0.8000
      vertex 46.9542 0.1000 0.8000
    endloop
  endfacet
  facet normal 0.000000 -0.954480 -0.298275
    outer loop
      vertex 47.2095 0.3500 0.0000
      vertex 47.5564 0.3500 0.0000
      vertex 47.6545 0.1000 0.8000
    endloop
  endfacet
  facet normal 0.000000 -0.954480 -0.298275
    outer loop
      vertex 47.2095 0.3500 0.0000
      vertex 47.6545 0.1000 0.8000
      vertex 47.3043 0.1000 0.8000
    endloop
  endfacet
  facet normal 0.000000 -0.954480 -0.298275
    outer loop
      vertex 47.5564 0.3500 0.0000
      vertex 47.9032 0.3500 0.0000
      vertex 48.0046 0.1000 0.8000
    endloop
  endfacet
  facet normal 0.000000 -0.954480 -0.298275
    outer loop
      vertex 47.5564 0.3500 0.0000
      vertex 48.0046 0.1000 0.8000
      vertex 47.6545 0.1000 0.8000
    endloop
  endfacet
  facet normal 0.000000 -0.954480 -0.298275
    outer loop
      vertex 47.9032 0.3500 0.0000
      vertex 48.2500 0.3500 0.0000
      vertex 48.3547 0.1000 0.8000
    endloop
  endfacet
  facet normal 0.000000 -0.954480 -0.298275
    outer loop
      vertex 47.9032 0.3500 0.0000
      vertex 48.3547 0.1000 0.8000
      vertex 48.0046 0.1000 0.8000
    endloop
  endfacet
  facet normal 0.000000 -0.954480 -0.298275
    outer loop
      vertex 48.2500 0.3500 0.0000
      vertex 48.5968 0.3500 0.0000
      vertex 48.7049 0.1000 0.8000
    endloop
  endfacet
  facet normal 0.000000 -0.954480 -0.298275
    outer loop
      vertex 48.2500 0.3500 0.0000
      vertex 48.7049 0.1000 0.8000
      vertex 48.3547 0.1000 0.8000
    endloop
  endfacet
  facet normal 0.000000 -0.954480 -0.298275
    outer loop
      vertex 48.5968 0.3500 0.0000
      vertex 48.9436 0.3500 0.0000
      vertex 49.0550 0.1000 0.8000
    endloop
  endfacet
  facet normal 0.000000 -0.954480 -0.298275
    outer loop
      vertex 48.5968 0.3500 0.0000
      vertex 49.0550 0.1000 0.8000
      vertex 48.7049 0.1000 0.8000
    endloop
  endfacet
  facet normal 0.000000 -0.954480 -0.298275
    outer loop
      vertex 48.9436 0.3500 0.0000
      vertex 49.2904 0.3500 0.0000
      vertex 49.4051 0.1000 0.8000
    endloop
  endfacet
  facet normal 0.000000 -0.954480 -0.298275
    outer loop
      vertex 48.9436 0.3500 0.0000
      vertex 49.4051 0.1000 0.8000
      vertex 49.0550 0.1000 0.8000
    endloop
  endfacet
  facet normal 0.000000 -0.954480 -0.298275
    outer loop
      vertex 49.2904 0.3500 0.0000
      vertex 49.6373 0.3500 0.0000
      vertex 49.7553 0.1000 0.8000
    endloop
  endfacet
  facet normal 0.000000 -0.954480 -0.298275
    outer loop
      vertex 49.2904 0.3500 0.0000
      vertex 49.7553 0.1000 0.8000
      vertex 49.4051 0.1000 0.8000
    endloop
  endfacet
  facet normal 0.000000 -0.954480 -0.298275
    outer loop
      vertex 49.6373 0.3500 0.0000
      vertex 49.9841 0.3500 0.0000
      vertex 50.1054 0.1000 0.8000
    endloop
  endfacet
  facet normal 0.000000 -0.954480 -0.298275
    outer loop
      vertex 49.6373 0.3500 0.0000
      vertex 50.1054 0.1000 0.8000
      vertex 49.7553 0.1000 0.8000
    endloop
  endfacet
  facet normal 0.000000 -0.954480 -0.298275
    outer loop
      vertex 49.9841 0.3500 0.0000
      vertex 50.3309 0.3500 0.0000
      vertex 50.4555 0.1000 0.8000
    endloop
  endfacet
  facet normal 0.000000 -0.954480 -0.298275
    outer loop
      vertex 49.9841 0.3500 0.0000
      vertex 50.4555 0.1000 0.8000
      vertex 50.1054 0.1000 0.8000
    endloop
  endfacet
  facet normal 0.000000 -0.954480 -0.298275
    outer loop
      vertex 50.3309 0.3500 0.0000
      vertex 50.6777 0.3500 0.0000
      vertex 50.8057 0.1000 0.8000
    endloop
  endfacet
  facet normal 0.000000 -0.954480 -0.298275
    outer loop
      vertex 50.3309 0.3500 0.0000
      vertex 50.8057 0.1000 0.8000
      vertex 50.4555 0.1000 0.8000
    endloop
  endfacet
  facet normal 0.000000 -0.954480 -0.298275
    outer loop
      vertex 50.6777 0.3500 0.0000
      vertex 51.0245 0.3500 0.0000
      vertex 51.1558 0.1000 0.8000
    endloop
  endfacet
  facet normal 0.000000 -0.954480 -0.298275
    outer loop
      vertex 50.6777 0.3500 0.0000
      vertex 51.1558 0.1000 0.8000
      vertex 50.8057 0.1000 0.8000
    endloop
  endfacet
  facet normal 0.000000 -0.954480 -0.298275
    outer loop
      vertex 51.0245 0.3500 0.0000
      vertex 51.3713 0.3500 0.0000
      vertex 51.5059 0.1000 0.8000
    endloop
  endfacet
  facet normal 0.000000 -0.954480 -0.298275
    outer loop
      vertex 51.0245 0.3500 0.0000
      vertex 51.5059 0.1000 0.8000
      vertex 51.1558 0.1000 0.8000
    endloop
  endfacet
  facet normal 0.000000 -0.954480 -0.298275
    outer loop
      vertex 51.3713 0.3500 0.0000
      vertex 51.7182 0.3500 0.0000
      vertex 51.8561 0.1000 0.8000
    endloop
  endfacet
  facet normal 0.000000 -0.954480 -0.298275
    outer loop
      vertex 51.3713 0.3500 0.0000
      vertex 51.8561 0.1000 0.8000
      vertex 51.5059 0.1000 0.8000
    endloop
  endfacet
  facet normal 0.000000 -0.954480 -0.298275
    outer loop
      vertex 51.7182 0.3500 0.0000
      vertex 52.0650 0.3500 0.0000
      vertex 52.2062 0.1000 0.8000
    endloop
  endfacet
  facet normal 0.000000 -0.954480 -0.298275
    outer loop
      vertex 51.7182 0.3500 0.0000
      vertex 52.2062 0.1000 0.8000
      vertex 51.8561 0.1000 0.8000
    endloop
  endfacet
  facet normal 0.000000 -0.954480 -0.298275
    outer loop
      vertex 52.0650 0.3500 0.0000
      vertex 52.4118 0.3500 0.0000
      vertex 52.5563 0.1000 0.8000
    endloop
  endfacet
  facet normal 0.000000 -0.954480 -0.298275
    outer loop
      vertex 52.0650 0.3500 0.0000
      vertex 52.5563 0.1000 0.8000
      vertex 52.2062 0.1000 0.8000
    endloop
  endfacet
  facet normal 0.000000 -0.954480 -0.298275
    outer loop
      vertex 52.4118 0.3500 0.0000
      vertex 52.7586 0.3500 0.0000
      vertex 52.9065 0.1000 0.8000
    endloop
  endfacet
  facet normal 0.000000 -0.954480 -0.298275
    outer loop
      vertex 52.4118 0.3500 0.0000
      vertex 52.9065 0.1000 0.8000
      vertex 52.5563 0.1000 0.8000
    endloop
  endfacet
  facet normal 0.000000 -0.954480 -0.298275
    outer loop
      vertex 52.7586 0.3500 0.0000
      vertex 53.1054 0.3500 0.0000
      vertex 53.2566 0.1000 0.8000
    endloop
  endfacet
  facet normal 0.000000 -0.954480 -0.298275
    outer loop
      vertex 52.7586 0.3500 0.0000
      vertex 53.2566 0.1000 0.8000
      vertex 52.9065 0.1000 0.8000
    endloop
  endfacet
  facet normal 0.000000 -0.954480 -0.298275
    outer loop
      vertex 53.1054 0.3500 0.0000
      vertex 53.4523 0.3500 0.0000
      vertex 53.6067 0.1000 0.8000
    endloop
  endfacet
  facet normal 0.000000 -0.954480 -0.298275
    outer loop
      vertex 53.1054 0.3500 0.0000
      vertex 53.6067 0.1000 0.8000
      vertex 53.2566 0.1000 0.8000
    endloop
  endfacet
  facet normal 0.000000 -0.954480 -0.298275
    outer loop
      vertex 53.4523 0.3500 0.0000
      vertex 53.7991 0.3500 0.0000
      vertex 53.9569 0.1000 0.8000
    endloop
  endfacet
  facet normal 0.000000 -0.954480 -0.298275
    outer loop
      vertex 53.4523 0.3500 0.0000
      vertex 53.9569 0.1000 0.8000
      vertex 53.6067 0.1000 0.8000
    endloop
  endfacet
  facet normal 0.000000 -0.954480 -0.298275
    outer loop
      vertex 53.7991 0.3500 0.0000
      vertex 54.1459 0.3500 0.0000
      vertex 54.3070 0.1000 0.8000
    endloop
  endfacet
  facet normal 0.000000 -0.954480 -0.298275
    outer loop
      vertex 53.7991 0.3500 0.0000
      vertex 54.3070 0.1000 0.8000
      vertex 53.9569 0.1000 0.8000
    endloop
  endfacet
  facet normal 0.000000 -0.954480 -0.298275
    outer loop
      vertex 54.1459 0.3500 0.0000
      vertex 54.4927 0.3500 0.0000
      vertex 54.6572 0.1000 0.8000
    endloop
  endfacet
  facet normal 0.000000 -0.954480 -0.298275
    outer loop
      vertex 54.1459 0.3500 0.0000
      vertex 54.6572 0.1000 0.8000
      vertex 54.3070 0.1000 0.8000
    endloop
  endfacet
  facet normal 0.000000 -0.954480 -0.298275
    outer loop
      vertex 54.4927 0.3500 0.0000
      vertex 54.8395 0.3500 0.0000
      vertex 55.0073 0.1000 0.8000
    endloop
  endfacet
  facet normal 0.000000 -0.954480 -0.298275
    outer loop
      vertex 54.4927 0.3500 0.0000
      vertex 55.0073 0.1000 0.8000
      vertex 54.6572 0.1000 0.8000
    endloop
  endfacet
  facet normal 0.000000 -0.954480 -0.298275
    outer loop
      vertex 54.8395 0.3500 0.0000
      vertex 55.1863 0.3500 0.0000
      vertex 55.3574 0.1000 0.8000
    endloop
  endfacet
  facet normal 0.000000 -0.954480 -0.298275
    outer loop
      vertex 54.8395 0.3500 0.0000
      vertex 55.3574 0.1000 0.8000
      vertex 55.0073 0.1000 0.8000
    endloop
  endfacet
  facet normal 0.000000 -0.954480 -0.298275
    outer loop
      vertex 55.1863 0.3500 0.0000
      vertex 55.5332 0.3500 0.0000
      vertex 55.7076 0.1000 0.8000
    endloop
  endfacet
  facet normal 0.000000 -0.954480 -0.298275
    outer loop
      vertex 55.1863 0.3500 0.0000
      vertex 55.7076 0.1000 0.8000
      vertex 55.3574 0.1000 0.8000
    endloop
  endfacet
  facet normal 0.000000 -0.954480 -0.298275
    outer loop
      vertex 55.5332 0.3500 0.0000
      vertex 55.8800 0.3500 0.0000
      vertex 56.0577 0.1000 0.8000
    endloop
  endfacet
  facet normal 0.000000 -0.954480 -0.298275
    outer loop
      vertex 55.5332 0.3500 0.0000
      vertex 56.0577 0.1000 0.8000
      vertex 55.7076 0.1000 0.8000
    endloop
  endfacet
  facet normal 0.000000 -0.954480 -0.298275
    outer loop
      vertex 55.8800 0.3500 0.0000
      vertex 56.2268 0.3500 0.0000
      vertex 56.4078 0.1000 0.8000
    endloop
  endfacet
  facet normal 0.000000 -0.954480 -0.298275
    outer loop
      vertex 55.8800 0.3500 0.0000
      vertex 56.4078 0.1000 0.8000
      vertex 56.0577 0.1000 0.8000
    endloop
  endfacet
  facet normal 0.000000 -0.954480 -0.298275
    outer loop
      vertex 56.2268 0.3500 0.0000
      vertex 56.5736 0.3500 0.0000
      vertex 56.7580 0.1000 0.8000
    endloop
  endfacet
  facet normal 0.000000 -0.954480 -0.298275
    outer loop
      vertex 56.2268 0.3500 0.0000
      vertex 56.7580 0.1000 0.8000
      vertex 56.4078 0.1000 0.8000
    endloop
  endfacet
  facet normal 0.000000 -0.954480 -0.298275
    outer loop
      vertex 56.5736 0.3500 0.0000
      vertex 56.9204 0.3500 0.0000
      vertex 57.1081 0.1000 0.8000
    endloop
  endfacet
  facet normal 0.000000 -0.954480 -0.298275
    outer loop
      vertex 56.5736 0.3500 0.0000
      vertex 57.1081 0.1000 0.8000
      vertex 56.7580 0.1000 0.8000
    endloop
  endfacet
  facet normal 0.000000 -0.954480 -0.298275
    outer loop
      vertex 56.9204 0.3500 0.0000
      vertex 57.2673 0.3500 0.0000
      vertex 57.4582 0.1000 0.8000
    endloop
  endfacet
  facet normal 0.000000 -0.954480 -0.298275
    outer loop
      vertex 56.9204 0.3500 0.0000
      vertex 57.4582 0.1000 0.8000
      vertex 57.1081 0.1000 0.8000
    endloop
  endfacet
  facet normal 0.000000 -0.954480 -0.298275
    outer loop
      vertex 57.2673 0.3500 0.0000
      vertex 57.6141 0.3500 0.0000
      vertex 57.8084 0.1000 0.8000
    endloop
  endfacet
  facet normal 0.000000 -0.954480 -0.298275
    outer loop
      vertex 57.2673 0.3500 0.0000
      vertex 57.8084 0.1000 0.8000
      vertex 57.4582 0.1000 0.8000
    endloop
  endfacet
  facet normal 0.000000 -0.954480 -0.298275
    outer loop
      vertex 57.6141 0.3500 0.0000
      vertex 57.9609 0.3500 0.0000
      vertex 58.1585 0.1000 0.8000
    endloop
  endfacet
  facet normal 0.000000 -0.954480 -0.298275
    outer loop
      vertex 57.6141 0.3500 0.0000
      vertex 58.1585 0.1000 0.8000
      vertex 57.8084 0.1000 0.8000
    endloop
  endfacet
  facet normal 0.000000 -0.954480 -0.298275
    outer loop
      vertex 57.9609 0.3500 0.0000
      vertex 58.3077 0.3500 0.0000
      vertex 58.5086 0.1000 0.8000
    endloop
  endfacet
  facet normal 0.000000 -0.954480 -0.298275
    outer loop
      vertex 57.9609 0.3500 0.0000
      vertex 58.5086 0.1000 0.8000
      vertex 58.1585 0.1000 0.8000
    endloop
  endfacet
  facet normal 0.000000 -0.954480 -0.298275
    outer loop
      vertex 58.3077 0.3500 0.0000
      vertex 58.6545 0.3500 0.0000
      vertex 58.8588 0.1000 0.8000
    endloop
  endfacet
  facet normal 0.000000 -0.954480 -0.298275
    outer loop
      vertex 58.3077 0.3500 0.0000
      vertex 58.8588 0.1000 0.8000
      vertex 58.5086 0.1000 0.8000
    endloop
  endfacet
  facet normal 0.000000 -0.954480 -0.298275
    outer loop
      vertex 58.6545 0.3500 0.0000
      vertex 59.0013 0.3500 0.0000
      vertex 59.2089 0.1000 0.8000
    endloop
  endfacet
  facet normal 0.000000 -0.954480 -0.298275
    outer loop
      vertex 58.6545 0.3500 0.0000
      vertex 59.2089 0.1000 0.8000
      vertex 58.8588 0.1000 0.8000
    endloop
  endfacet
  facet normal 0.000000 -0.954480 -0.298275
    outer loop
      vertex 59.0013 0.3500 0.0000
      vertex 59.3482 0.3500 0.0000
      vertex 59.5590 0.1000 0.8000
    endloop
  endfacet
  facet normal 0.000000 -0.954480 -0.298275
    outer loop
      vertex 59.0013 0.3500 0.0000
      vertex 59.5590 0.1000 0.8000
      vertex 59.2089 0.1000 0.8000
    endloop
  endfacet
  facet normal 0.000000 -0.954480 -0.298275
    outer loop
      vertex 59.3482 0.3500 0.0000
      vertex 59.6950 0.3500 0.0000
      vertex 59.9092 0.1000 0.8000
    endloop
  endfacet
  facet normal 0.000000 -0.954480 -0.298275
    outer loop
      vertex 59.3482 0.3500 0.0000
      vertex 59.9092 0.1000 0.8000
      vertex 59.5590 0.1000 0.8000
    endloop
  endfacet
  facet normal 0.000000 -0.954480 -0.298275
    outer loop
      vertex 59.6950 0.3500 0.0000
      vertex 60.0418 0.3500 0.0000
      vertex 60.2593 0.1000 0.8000
    endloop
  endfacet
  facet normal 0.000000 -0.954480 -0.298275
    outer loop
      vertex 59.6950 0.3500 0.0000
      vertex 60.2593 0.1000 0.8000
      vertex 59.9092 0.1000 0.8000
    endloop
  endfacet
  facet normal 0.000000 -0.954480 -0.298275
    outer loop
      vertex 60.0418 0.3500 0.0000
      vertex 60.3886 0.3500 0.0000
      vertex 60.6095 0.1000 0.8000
    endloop
  endfacet
  facet normal 0.000000 -0.954480 -0.298275
    outer loop
      vertex 60.0418 0.3500 0.0000
      vertex 60.6095 0.1000 0.8000
      vertex 60.2593 0.1000 0.8000
    endloop
  endfacet
  facet normal 0.000000 -0.954480 -0.298275
    outer loop
      vertex 60.3886 0.3500 0.0000
      vertex 60.7354 0.3500 0.0000
      vertex 60.9596 0.1000 0.8000
    endloop
  endfacet
  facet normal 0.000000 -0.954480 -0.298275
    outer loop
      vertex 60.3886 0.3500 0.0000
      vertex 60.9596 0.1000 0.8000
      vertex 60.6095 0.1000 0.8000
    endloop
  endfacet
  facet normal 0.000000 -0.954480 -0.298275
    outer loop
      vertex 60.7354 0.3500 0.0000
      vertex 61.0823 0.3500 0.0000
      vertex 61.3097 0.1000 0.8000
    endloop
  endfacet
  facet normal 0.000000 -0.954480 -0.298275
    outer loop
      vertex 60.7354 0.3500 0.0000
      vertex 61.3097 0.1000 0.8000
      vertex 60.9596 0.1000 0.8000
    endloop
  endfacet
  facet normal 0.000000 -0.954480 -0.298275
    outer loop
      vertex 61.0823 0.3500 0.0000
      vertex 61.4291 0.3500 0.0000
      vertex 61.6599 0.1000 0.8000
    endloop
  endfacet
  facet normal 0.000000 -0.954480 -0.298275
    outer loop
      vertex 61.0823 0.3500 0.0000
      vertex 61.6599 0.1000 0.8000
      vertex 61.3097 0.1000 0.8000
    endloop
  endfacet
  facet normal 0.000000 -0.954480 -0.298275
    outer loop
      vertex 61.4291 0.3500 0.0000
      vertex 61.7759 0.3500 0.0000
      vertex 62.0100 0.1000 0.8000
    endloop
  endfacet
  facet normal 0.000000 -0.954480 -0.298275
    outer loop
      vertex 61.4291 0.3500 0.0000
      vertex 62.0100 0.1000 0.8000
      vertex 61.6599 0.1000 0.8000
    endloop
  endfacet
  facet normal 0.000000 -0.954480 -0.298275
    outer loop
      vertex 61.7759 0.3500 0.0000
      vertex 62.1227 0.3500 0.0000
      vertex 62.3601 0.1000 0.8000
    endloop
  endfacet
  facet normal 0.000000 -0.954480 -0.298275
    outer loop
      vertex 61.7759 0.3500 0.0000
      vertex 62.3601 0.1000 0.8000
      vertex 62.0100 0.1000 0.8000
    endloop
  endfacet
  facet normal 0.000000 -0.954480 -0.298275
    outer loop
      vertex 62.1227 0.3500 0.0000
      vertex 62.4695 0.3500 0.0000
      vertex 62.7103 0.1000 0.8000
    endloop
  endfacet
  facet normal 0.000000 -0.954480 -0.298275
    outer loop
      vertex 62.1227 0.3500 0.0000
      vertex 62.7103 0.1000 0.8000
      vertex 62.3601 0.1000 0.8000
    endloop
  endfacet
  facet normal 0.000000 -0.954480 -0.298275
    outer loop
      vertex 62.4695 0.3500 0.0000
      vertex 62.8163 0.3500 0.0000
      vertex 63.0604 0.1000 0.8000
    endloop
  endfacet
  facet normal 0.000000 -0.954480 -0.298275
    outer loop
      vertex 62.4695 0.3500 0.0000
      vertex 63.0604 0.1000 0.8000
      vertex 62.7103 0.1000 0.8000
    endloop
  endfacet
  facet normal 0.000000 -0.954480 -0.298275
    outer loop
      vertex 62.8163 0.3500 0.0000
      vertex 63.1632 0.3500 0.0000
      vertex 63.4105 0.1000 0.8000
    endloop
  endfacet
  facet normal 0.000000 -0.954480 -0.298275
    outer loop
      vertex 62.8163 0.3500 0.0000
      vertex 63.4105 0.1000 0.8000
      vertex 63.0604 0.1000 0.8000
    endloop
  endfacet
  facet normal 0.000000 -0.954480 -0.298275
    outer loop
      vertex 63.1632 0.3500 0.0000
      vertex 63.5100 0.3500 0.0000
      vertex 63.7607 0.1000 0.8000
    endloop
  endfacet
  facet normal 0.000000 -0.954480 -0.298275
    outer loop
      vertex 63.1632 0.3500 0.0000
      vertex 63.7607 0.1000 0.8000
      vertex 63.4105 0.1000 0.8000
    endloop
  endfacet
  facet normal 0.000000 -0.954480 -0.298275
    outer loop
      vertex 63.5100 0.3500 0.0000
      vertex 63.8568 0.3500 0.0000
      vertex 64.1108 0.1000 0.8000
    endloop
  endfacet
  facet normal 0.000000 -0.954480 -0.298275
    outer loop
      vertex 63.5100 0.3500 0.0000
      vertex 64.1108 0.1000 0.8000
      vertex 63.7607 0.1000 0.8000
    endloop
  endfacet
  facet normal 0.000000 -0.954480 -0.298275
    outer loop
      vertex 63.8568 0.3500 0.0000
      vertex 64.2036 0.3500 0.0000
      vertex 64.4609 0.1000 0.8000
    endloop
  endfacet
  facet normal 0.000000 -0.954480 -0.298275
    outer loop
      vertex 63.8568 0.3500 0.0000
      vertex 64.4609 0.1000 0.8000
      vertex 64.1108 0.1000 0.8000
    endloop
  endfacet
  facet normal 0.000000 -0.954480 -0.298275
    outer loop
      vertex 64.2036 0.3500 0.0000
      vertex 64.5504 0.3500 0.0000
      vertex 64.8111 0.1000 0.8000
    endloop
  endfacet
  facet normal 0.000000 -0.954480 -0.298275
    outer loop
      vertex 64.2036 0.3500 0.0000
      vertex 64.8111 0.1000 0.8000
      vertex 64.4609 0.1000 0.8000
    endloop
  endfacet
  facet normal 0.000000 -0.954480 -0.298275
    outer loop
      vertex 64.5504 0.3500 0.0000
      vertex 64.8972 0.3500 0.0000
      vertex 65.1612 0.1000 0.8000
    endloop
  endfacet
  facet normal 0.000000 -0.954480 -0.298275
    outer loop
      vertex 64.5504 0.3500 0.0000
      vertex 65.1612 0.1000 0.8000
      vertex 64.8111 0.1000 0.8000
    endloop
  endfacet
  facet normal 0.000000 -0.954480 -0.298275
    outer loop
      vertex 64.8972 0.3500 0.0000
      vertex 65.2441 0.3500 0.0000
      vertex 65.5113 0.1000 0.8000
    endloop
  endfacet
  facet normal 0.000000 -0.954480 -0.298275
    outer loop
      vertex 64.8972 0.3500 0.0000
      vertex 65.5113 0.1000 0.8000
      vertex 65.1612 0.1000 0.8000
    endloop
  endfacet
  facet normal 0.000000 -0.954480 -0.298275
    outer loop
      vertex 65.2441 0.3500 0.0000
      vertex 65.5909 0.3500 0.0000
      vertex 65.8615 0.1000 0.8000
    endloop
  endfacet
  facet normal 0.000000 -0.954480 -0.298275
    outer loop
      vertex 65.2441 0.3500 0.0000
      vertex 65.8615 0.1000 0.8000
      vertex 65.5113 0.1000 0.8000
    endloop
  endfacet
  facet normal 0.000000 -0.954480 -0.298275
    outer loop
      vertex 65.5909 0.3500 0.0000
      vertex 65.9377 0.3500 0.0000
      vertex 66.2116 0.1000 0.8000
    endloop
  endfacet
  facet normal 0.000000 -0.954480 -0.298275
    outer loop
      vertex 65.5909 0.3500 0.0000
      vertex 66.2116 0.1000 0.8000
      vertex 65.8615 0.1000 0.8000
    endloop
  endfacet
  facet normal 0.000000 -0.954480 -0.298275
    outer loop
      vertex 65.9377 0.3500 0.0000
      vertex 66.2845 0.3500 0.0000
      vertex 66.5617 0.1000 0.8000
    endloop
  endfacet
  facet normal 0.000000 -0.954480 -0.298275
    outer loop
      vertex 65.9377 0.3500 0.0000
      vertex 66.5617 0.1000 0.8000
      vertex 66.2116 0.1000 0.8000
    endloop
  endfacet
  facet normal 0.000000 -0.954480 -0.298275
    outer loop
      vertex 66.2845 0.3500 0.0000
      vertex 66.6313 0.3500 0.0000
      vertex 66.9119 0.1000 0.8000
    endloop
  endfacet
  facet normal 0.000000 -0.954480 -0.298275
    outer loop
      vertex 66.2845 0.3500 0.0000
      vertex 66.9119 0.1000 0.8000
      vertex 66.5617 0.1000 0.8000
    endloop
  endfacet
  facet normal 0.000000 -0.954480 -0.298275
    outer loop
      vertex 66.6313 0.3500 0.0000
      vertex 66.9782 0.3500 0.0000
      vertex 67.2620 0.1000 0.8000
    endloop
  endfacet
  facet normal 0.000000 -0.954480 -0.298275
    outer loop
      vertex 66.6313 0.3500 0.0000
      vertex 67.2620 0.1000 0.8000
      vertex 66.9119 0.1000 0.8000
    endloop
  endfacet
  facet normal 0.000000 -0.954480 -0.298275
    outer loop
      vertex 66.9782 0.3500 0.0000
      vertex 67.3250 0.3500 0.0000
      vertex 67.6122 0.1000 0.8000
    endloop
  endfacet
  facet normal 0.000000 -0.954480 -0.298275
    outer loop
      vertex 66.9782 0.3500 0.0000
      vertex 67.6122 0.1000 0.8000
      vertex 67.2620 0.1000 0.8000
    endloop
  endfacet
  facet normal 0.000000 -0.954480 -0.298275
    outer loop
      vertex 67.3250 0.3500 0.0000
      vertex 67.6718 0.3500 0.0000
      vertex 67.9623 0.1000 0.8000
    endloop
  endfacet
  facet normal 0.000000 -0.954480 -0.298275
    outer loop
      vertex 67.3250 0.3500 0.0000
      vertex 67.9623 0.1000 0.8000
      vertex 67.6122 0.1000 0.8000
    endloop
  endfacet
  facet normal 0.000000 -0.954480 -0.298275
    outer loop
      vertex 67.6718 0.3500 0.0000
      vertex 68.0186 0.3500 0.0000
      vertex 68.3124 0.1000 0.8000
    endloop
  endfacet
  facet normal 0.000000 -0.954480 -0.298275
    outer loop
      vertex 67.6718 0.3500 0.0000
      vertex 68.3124 0.1000 0.8000
      vertex 67.9623 0.1000 0.8000
    endloop
  endfacet
  facet normal 0.000000 -0.954480 -0.298275
    outer loop
      vertex 68.0186 0.3500 0.0000
      vertex 68.3654 0.3500 0.0000
      vertex 68.6626 0.1000 0.8000
    endloop
  endfacet
  facet normal 0.000000 -0.954480 -0.298275
    outer loop
      vertex 68.0186 0.3500 0.0000
      vertex 68.6626 0.1000 0.8000
      vertex 68.3124 0.1000 0.8000
    endloop
  endfacet
  facet normal 0.000000 -0.954480 -0.298275
    outer loop
      vertex 68.3654 0.3500 0.0000
      vertex 68.7122 0.3500 0.0000
      vertex 69.0127 0.1000 0.8000
    endloop
  endfacet
  facet normal 0.000000 -0.954480 -0.298275
    outer loop
      vertex 68.3654 0.3500 0.0000
      vertex 69.0127 0.1000 0.8000
      vertex 68.6626 0.1000 0.8000
    endloop
  endfacet
  facet normal 0.000000 -0.954480 -0.298275
    outer loop
      vertex 68.7122 0.3500 0.0000
      vertex 69.0591 0.3500 0.0000
      vertex 69.3628 0.1000 0.8000
    endloop
  endfacet
  facet normal 0.000000 -0.954480 -0.298275
    outer loop
      vertex 68.7122 0.3500 0.0000
      vertex 69.3628 0.1000 0.8000
      vertex 69.0127 0.1000 0.8000
    endloop
  endfacet
  facet normal 0.000000 -0.954480 -0.298275
    outer loop
      vertex 69.0591 0.3500 0.0000
      vertex 69.4059 0.3500 0.0000
      vertex 69.7130 0.1000 0.8000
    endloop
  endfacet
  facet normal 0.000000 -0.954480 -0.298275
    outer loop
      vertex 69.0591 0.3500 0.0000
      vertex 69.7130 0.1000 0.8000
      vertex 69.3628 0.1000 0.8000
    endloop
  endfacet
  facet normal 0.000000 -0.954480 -0.298275
    outer loop
      vertex 69.4059 0.3500 0.0000
      vertex 69.7527 0.3500 0.0000
      vertex 70.0631 0.1000 0.8000
    endloop
  endfacet
  facet normal 0.000000 -0.954480 -0.298275
    outer loop
      vertex 69.4059 0.3500 0.0000
      vertex 70.0631 0.1000 0.8000
      vertex 69.7130 0.1000 0.8000
    endloop
  endfacet
  facet normal 0.000000 -0.954480 -0.298275
    outer loop
      vertex 69.7527 0.3500 0.0000
      vertex 70.0995 0.3500 0.0000
      vertex 70.4132 0.1000 0.8000
    endloop
  endfacet
  facet normal 0.000000 -0.954480 -0.298275
    outer loop
      vertex 69.7527 0.3500 0.0000
      vertex 70.4132 0.1000 0.8000
      vertex 70.0631 0.1000 0.8000
    endloop
  endfacet
  facet normal 0.000000 -0.954480 -0.298275
    outer loop
      vertex 70.0995 0.3500 0.0000
      vertex 70.4463 0.3500 0.0000
      vertex 70.7634 0.1000 0.8000
    endloop
  endfacet
  facet normal 0.000000 -0.954480 -0.298275
    outer loop
      vertex 70.0995 0.3500 0.0000
      vertex 70.7634 0.1000 0.8000
      vertex 70.4132 0.1000 0.8000
    endloop
  endfacet
  facet normal 0.000000 -0.954480 -0.298275
    outer loop
      vertex 70.4463 0.3500 0.0000
      vertex 70.7932 0.3500 0.0000
      vertex 71.1135 0.1000 0.8000
    endloop
  endfacet
  facet normal 0.000000 -0.954480 -0.298275
    outer loop
      vertex 70.4463 0.3500 0.0000
      vertex 71.1135 0.1000 0.8000
      vertex 70.7634 0.1000 0.8000
    endloop
  endfacet
  facet normal 0.000000 -0.955885 -0.293741
    outer loop
      vertex 70.7932 0.3500 0.0000
      vertex 71.1400 0.3500 0.0000
      vertex 71.4635 0.1042 0.8000
    endloop
  endfacet
  facet normal 0.011334 -0.953118 -0.302388
    outer loop
      vertex 70.7932 0.3500 0.0000
      vertex 71.4635 0.1042 0.8000
      vertex 71.1135 0.1000 0.8000
    endloop
  endfacet
  facet normal 0.045707 -0.988525 -0.143978
    outer loop
      vertex 71.1400 0.3500 0.0000
      vertex 71.4849 0.3660 0.0000
      vertex 71.7676 0.2625 0.8000
    endloop
  endfacet
  facet normal 0.419642 -0.806027 -0.417399
    outer loop
      vertex 71.1400 0.3500 0.0000
      vertex 71.7676 0.2625 0.8000
      vertex 71.4635 0.1042 0.8000
    endloop
  endfacet
  facet normal 0.820449 -0.490606 -0.293547
    outer loop
      vertex 71.4849 0.3660 0.0000
      vertex 71.6500 0.6420 0.0000
      vertex 71.8986 0.5791 0.8000
    endloop
  endfacet
  facet normal 0.864923 -0.357858 -0.351918
    outer loop
      vertex 71.4849 0.3660 0.0000
      vertex 71.8986 0.5791 0.8000
      vertex 71.7676 0.2625 0.8000
    endloop
  endfacet
  facet normal 0.954480 0.000000 -0.298275
    outer loop
      vertex 71.6500 0.6420 0.0000
      vertex 71.6500 0.9888 0.0000
      vertex 71.9000 0.9292 0.8000
    endloop
  endfacet
  facet normal 0.954854 -0.003733 -0.297052
    outer loop
      vertex 71.6500 0.6420 0.0000
      vertex 71.9000 0.9292 0.8000
      vertex 71.8986 0.5791 0.8000
    endloop
  endfacet
  facet normal 0.954480 0.000000 -0.298275
    outer loop
      vertex 71.6500 0.9888 0.0000
      vertex 71.6500 1.3356 0.0000
      vertex 71.9000 1.2793 0.8000
    endloop
  endfacet
  facet normal 0.954480 0.000000 -0.298275
    outer loop
      vertex 71.6500 0.9888 0.0000
      vertex 71.9000 1.2793 0.8000
      vertex 71.9000 0.9292 0.8000
    endloop
  endfacet
  facet normal 0.954480 0.000000 -0.298275
    outer loop
      vertex 71.6500 1.3356 0.0000
      vertex 71.6500 1.6824 0.0000
      vertex 71.9000 1.6295 0.8000
    endloop
  endfacet
  facet normal 0.954480 0.000000 -0.298275
    outer loop
      vertex 71.6500 1.3356 0.0000
      vertex 71.9000 1.6295 0.8000
      vertex 71.9000 1.2793 0.8000
    endloop
  endfacet
  facet normal 0.954480 0.000000 -0.298275
    outer loop
      vertex 71.6500 1.6824 0.0000
      vertex 71.6500 2.0293 0.0000
      vertex 71.9000 1.9796 0.8000
    endloop
  endfacet
  facet normal 0.954480 0.000000 -0.298275
    outer loop
      vertex 71.6500 1.6824 0.0000
      vertex 71.9000 1.9796 0.8000
      vertex 71.9000 1.6295 0.8000
    endloop
  endfacet
  facet normal 0.954480 0.000000 -0.298275
    outer loop
      vertex 71.6500 2.0293 0.0000
      vertex 71.6500 2.3761 0.0000
      vertex 71.9000 2.3297 0.8000
    endloop
  endfacet
  facet normal 0.954480 0.000000 -0.298275
    outer loop
      vertex 71.6500 2.0293 0.0000
      vertex 71.9000 2.3297 0.8000
      vertex 71.9000 1.9796 0.8000
    endloop
  endfacet
  facet normal 0.954480 0.000000 -0.298275
    outer loop
      vertex 71.6500 2.3761 0.0000
      vertex 71.6500 2.7229 0.0000
      vertex 71.9000 2.6799 0.8000
    endloop
  endfacet
  facet normal 0.954480 0.000000 -0.298275
    outer loop
      vertex 71.6500 2.3761 0.0000
      vertex 71.9000 2.6799 0.8000
      vertex 71.9000 2.3297 0.8000
    endloop
  endfacet
  facet normal 0.954480 0.000000 -0.298275
    outer loop
      vertex 71.6500 2.7229 0.0000
      vertex 71.6500 3.0697 0.0000
      vertex 71.9000 3.0300 0.8000
    endloop
  endfacet
  facet normal 0.954480 0.000000 -0.298275
    outer loop
      vertex 71.6500 2.7229 0.0000
      vertex 71.9000 3.0300 0.8000
      vertex 71.9000 2.6799 0.8000
    endloop
  endfacet
  facet normal 0.954480 0.000000 -0.298275
    outer loop
      vertex 71.6500 3.0697 0.0000
      vertex 71.6500 3.4165 0.0000
      vertex 71.9000 3.3802 0.8000
    endloop
  endfacet
  facet normal 0.954480 0.000000 -0.298275
    outer loop
      vertex 71.6500 3.0697 0.0000
      vertex 71.9000 3.3802 0.8000
      vertex 71.9000 3.0300 0.8000
    endloop
  endfacet
  facet normal 0.954480 0.000000 -0.298275
    outer loop
      vertex 71.6500 3.4165 0.0000
      vertex 71.6500 3.7634 0.0000
      vertex 71.9000 3.7303 0.8000
    endloop
  endfacet
  facet normal 0.954480 0.000000 -0.298275
    outer loop
      vertex 71.6500 3.4165 0.0000
      vertex 71.9000 3.7303 0.8000
      vertex 71.9000 3.3802 0.8000
    endloop
  endfacet
  facet normal 0.954480 0.000000 -0.298275
    outer loop
      vertex 71.6500 3.7634 0.0000
      vertex 71.6500 4.1102 0.0000
      vertex 71.9000 4.0804 0.8000
    endloop
  endfacet
  facet normal 0.954480 0.000000 -0.298275
    outer loop
      vertex 71.6500 3.7634 0.0000
      vertex 71.9000 4.0804 0.8000
      vertex 71.9000 3.7303 0.8000
    endloop
  endfacet
  facet normal 0.954480 0.000000 -0.298275
    outer loop
      vertex 71.6500 4.1102 0.0000
      vertex 71.6500 4.4570 0.0000
      vertex 71.9000 4.4306 0.8000
    endloop
  endfacet
  facet normal 0.954480 0.000000 -0.298275
    outer loop
      vertex 71.6500 4.1102 0.0000
      vertex 71.9000 4.4306 0.8000
      vertex 71.9000 4.0804 0.8000
    endloop
  endfacet
  facet normal 0.954480 0.000000 -0.298275
    outer loop
      vertex 71.6500 4.4570 0.0000
      vertex 71.6500 4.8038 0.0000
      vertex 71.9000 4.7807 0.8000
    endloop
  endfacet
  facet normal 0.954480 0.000000 -0.298275
    outer loop
      vertex 71.6500 4.4570 0.0000
      vertex 71.9000 4.7807 0.8000
      vertex 71.9000 4.4306 0.8000
    endloop
  endfacet
  facet normal 0.954480 0.000000 -0.298275
    outer loop
      vertex 71.6500 4.8038 0.0000
      vertex 71.6500 5.1506 0.0000
      vertex 71.9000 5.1308 0.8000
    endloop
  endfacet
  facet normal 0.954480 0.000000 -0.298275
    outer loop
      vertex 71.6500 4.8038 0.0000
      vertex 71.9000 5.1308 0.8000
      vertex 71.9000 4.7807 0.8000
    endloop
  endfacet
  facet normal 0.954480 0.000000 -0.298275
    outer loop
      vertex 71.6500 5.1506 0.0000
      vertex 71.6500 5.4974 0.0000
      vertex 71.9000 5.4810 0.8000
    endloop
  endfacet
  facet normal 0.954480 0.000000 -0.298275
    outer loop
      vertex 71.6500 5.1506 0.0000
      vertex 71.9000 5.4810 0.8000
      vertex 71.9000 5.1308 0.8000
    endloop
  endfacet
  facet normal 0.954480 0.000000 -0.298275
    outer loop
      vertex 71.6500 5.4974 0.0000
      vertex 71.6500 5.8443 0.0000
      vertex 71.9000 5.8311 0.8000
    endloop
  endfacet
  facet normal 0.954480 0.000000 -0.298275
    outer loop
      vertex 71.6500 5.4974 0.0000
      vertex 71.9000 5.8311 0.8000
      vertex 71.9000 5.4810 0.8000
    endloop
  endfacet
  facet normal 0.954480 0.000000 -0.298275
    outer loop
      vertex 71.6500 5.8443 0.0000
      vertex 71.6500 6.1911 0.0000
      vertex 71.9000 6.1812 0.8000
    endloop
  endfacet
  facet normal 0.954480 0.000000 -0.298275
    outer loop
      vertex 71.6500 5.8443 0.0000
      vertex 71.9000 6.1812 0.8000
      vertex 71.9000 5.8311 0.8000
    endloop
  endfacet
  facet normal 0.954480 0.000000 -0.298275
    outer loop
      vertex 71.6500 6.1911 0.0000
      vertex 71.6500 6.5379 0.0000
      vertex 71.9000 6.5314 0.8000
    endloop
  endfacet
  facet normal 0.954480 0.000000 -0.298275
    outer loop
      vertex 71.6500 6.1911 0.0000
      vertex 71.9000 6.5314 0.8000
      vertex 71.9000 6.1812 0.8000
    endloop
  endfacet
  facet normal 0.954480 0.000000 -0.298275
    outer loop
      vertex 71.6500 6.5379 0.0000
      vertex 71.6500 6.8847 0.0000
      vertex 71.9000 6.8815 0.8000
    endloop
  endfacet
  facet normal 0.954480 0.000000 -0.298275
    outer loop
      vertex 71.6500 6.5379 0.0000
      vertex 71.9000 6.8815 0.8000
      vertex 71.9000 6.5314 0.8000
    endloop
  endfacet
  facet normal 0.954480 0.000000 -0.298275
    outer loop
      vertex 71.6500 6.8847 0.0000
      vertex 71.6500 7.2315 0.0000
      vertex 71.9000 7.2316 0.8000
    endloop
  endfacet
  facet normal 0.954480 0.000000 -0.298275
    outer loop
      vertex 71.6500 6.8847 0.0000
      vertex 71.9000 7.2316 0.8000
      vertex 71.9000 6.8815 0.8000
    endloop
  endfacet
  facet normal 0.954480 0.000000 -0.298275
    outer loop
      vertex 71.6500 7.2315 0.0000
      vertex 71.6500 7.5784 0.0000
      vertex 71.9000 7.5818 0.8000
    endloop
  endfacet
  facet normal 0.954480 0.000000 -0.298275
    outer loop
      vertex 71.6500 7.2315 0.0000
      vertex 71.9000 7.5818 0.8000
      vertex 71.9000 7.2316 0.8000
    endloop
  endfacet
  facet normal 0.954480 0.000000 -0.298275
    outer loop
      vertex 71.6500 7.5784 0.0000
      vertex 71.6500 7.9252 0.0000
      vertex 71.9000 7.9319 0.8000
    endloop
  endfacet
  facet normal 0.954480 0.000000 -0.298275
    outer loop
      vertex 71.6500 7.5784 0.0000
      vertex 71.9000 7.9319 0.8000
      vertex 71.9000 7.5818 0.8000
    endloop
  endfacet
  facet normal 0.954480 0.000000 -0.298275
    outer loop
      vertex 71.6500 7.9252 0.0000
      vertex 71.6500 8.2720 0.0000
      vertex 71.9000 8.2820 0.8000
    endloop
  endfacet
  facet normal 0.954480 0.000000 -0.298275
    outer loop
      vertex 71.6500 7.9252 0.0000
      vertex 71.9000 8.2820 0.8000
      vertex 71.9000 7.9319 0.8000
    endloop
  endfacet
  facet normal 0.954480 0.000000 -0.298275
    outer loop
      vertex 71.6500 8.2720 0.0000
      vertex 71.6500 8.6188 0.0000
      vertex 71.9000 8.6322 0.8000
    endloop
  endfacet
  facet normal 0.954480 0.000000 -0.298275
    outer loop
      vertex 71.6500 8.2720 0.0000
      vertex 71.9000 8.6322 0.8000
      vertex 71.9000 8.2820 0.8000
    endloop
  endfacet
  facet normal 0.954480 0.000000 -0.298275
    outer loop
      vertex 71.6500 8.6188 0.0000
      vertex 71.6500 8.9656 0.0000
      vertex 71.9000 8.9823 0.8000
    endloop
  endfacet
  facet normal 0.954480 0.000000 -0.298275
    outer loop
      vertex 71.6500 8.6188 0.0000
      vertex 71.9000 8.9823 0.8000
      vertex 71.9000 8.6322 0.8000
    endloop
  endfacet
  facet normal 0.954480 0.000000 -0.298275
    outer loop
      vertex 71.6500 8.9656 0.0000
      vertex 71.6500 9.3124 0.0000
      vertex 71.9000 9.3324 0.8000
    endloop
  endfacet
  facet normal 0.954480 0.000000 -0.298275
    outer loop
      vertex 71.6500 8.9656 0.0000
      vertex 71.9000 9.3324 0.8000
      vertex 71.9000 8.9823 0.8000
    endloop
  endfacet
  facet normal 0.954480 0.000000 -0.298275
    outer loop
      vertex 71.6500 9.3124 0.0000
      vertex 71.6500 9.6593 0.0000
      vertex 71.9000 9.6826 0.8000
    endloop
  endfacet
  facet normal 0.954480 0.000000 -0.298275
    outer loop
      vertex 71.6500 9.3124 0.0000
      vertex 71.9000 9.6826 0.8000
      vertex 71.9000 9.3324 0.8000
    endloop
  endfacet
  facet normal 0.954480 0.000000 -0.298275
    outer loop
      vertex 71.6500 9.6593 0.0000
      vertex 71.6500 10.0061 0.0000
      vertex 71.9000 10.0327 0.8000
    endloop
  endfacet
  facet normal 0.954480 0.000000 -0.298275
    outer loop
      vertex 71.6500 9.6593 0.0000
      vertex 71.9000 10.0327 0.8000
      vertex 71.9000 9.6826 0.8000
    endloop
  endfacet
  facet normal 0.954480 0.000000 -0.298275
    outer loop
      vertex 71.6500 10.0061 0.0000
      vertex 71.6500 10.3529 0.0000
      vertex 71.9000 10.3829 0.8000
    endloop
  endfacet
  facet normal 0.954480 0.000000 -0.298275
    outer loop
      vertex 71.6500 10.0061 0.0000
      vertex 71.9000 10.3829 0.8000
      vertex 71.9000 10.0327 0.8000
    endloop
  endfacet
  facet normal 0.954480 0.000000 -0.298275
    outer loop
      vertex 71.6500 10.3529 0.0000
      vertex 71.6500 10.6997 0.0000
      vertex 71.9000 10.7330 0.8000
    endloop
  endfacet
  facet normal 0.954480 0.000000 -0.298275
    outer loop
      vertex 71.6500 10.3529 0.0000
      vertex 71.9000 10.7330 0.8000
      vertex 71.9000 10.3829 0.8000
    endloop
  endfacet
  facet normal 0.954480 0.000000 -0.298275
    outer loop
      vertex 71.6500 10.6997 0.0000
      vertex 71.6500 11.0465 0.0000
      vertex 71.9000 11.0831 0.8000
    endloop
  endfacet
  facet normal 0.954480 0.000000 -0.298275
    outer loop
      vertex 71.6500 10.6997 0.0000
      vertex 71.9000 11.0831 0.8000
      vertex 71.9000 10.7330 0.8000
    endloop
  endfacet
  facet normal 0.954480 0.000000 -0.298275
    outer loop
      vertex 71.6500 11.0465 0.0000
      vertex 71.6500 11.3934 0.0000
      vertex 71.9000 11.4333 0.8000
    endloop
  endfacet
  facet normal 0.954480 0.000000 -0.298275
    outer loop
      vertex 71.6500 11.0465 0.0000
      vertex 71.9000 11.4333 0.8000
      vertex 71.9000 11.0831 0.8000
    endloop
  endfacet
  facet normal 0.954480 0.000000 -0.298275
    outer loop
      vertex 71.6500 11.3934 0.0000
      vertex 71.6500 11.7402 0.0000
      vertex 71.9000 11.7834 0.8000
    endloop
  endfacet
  facet normal 0.954480 0.000000 -0.298275
    outer loop
      vertex 71.6500 11.3934 0.0000
      vertex 71.9000 11.7834 0.8000
      vertex 71.9000 11.4333 0.8000
    endloop
  endfacet
  facet normal 0.954480 0.000000 -0.298275
    outer loop
      vertex 71.6500 11.7402 0.0000
      vertex 71.6500 12.0870 0.0000
      vertex 71.9000 12.1335 0.8000
    endloop
  endfacet
  facet normal 0.954480 0.000000 -0.298275
    outer loop
      vertex 71.6500 11.7402 0.0000
      vertex 71.9000 12.1335 0.8000
      vertex 71.9000 11.7834 0.8000
    endloop
  endfacet
  facet normal 0.954480 0.000000 -0.298275
    outer loop
      vertex 71.6500 12.0870 0.0000
      vertex 71.6500 12.4338 0.0000
      vertex 71.9000 12.4837 0.8000
    endloop
  endfacet
  facet normal 0.954480 0.000000 -0.298275
    outer loop
      vertex 71.6500 12.0870 0.0000
      vertex 71.9000 12.4837 0.8000
      vertex 71.9000 12.1335 0.8000
    endloop
  endfacet
  facet normal 0.954480 0.000000 -0.298275
    outer loop
      vertex 71.6500 12.4338 0.0000
      vertex 71.6500 12.7806 0.0000
      vertex 71.9000 12.8338 0.8000
    endloop
  endfacet
  facet normal 0.954480 0.000000 -0.298275
    outer loop
      vertex 71.6500 12.4338 0.0000
      vertex 71.9000 12.8338 0.8000
      vertex 71.9000 12.4837 0.8000
    endloop
  endfacet
  facet normal 0.954480 0.000000 -0.298275
    outer loop
      vertex 71.6500 12.7806 0.0000
      vertex 71.6500 13.1274 0.0000
      vertex 71.9000 13.1839 0.8000
    endloop
  endfacet
  facet normal 0.954480 0.000000 -0.298275
    outer loop
      vertex 71.6500 12.7806 0.0000
      vertex 71.9000 13.1839 0.8000
      vertex 71.9000 12.8338 0.8000
    endloop
  endfacet
  facet normal 0.954480 0.000000 -0.298275
    outer loop
      vertex 71.6500 13.1274 0.0000
      vertex 71.6500 13.4743 0.0000
      vertex 71.9000 13.5341 0.8000
    endloop
  endfacet
  facet normal 0.954480 0.000000 -0.298275
    outer loop
      vertex 71.6500 13.1274 0.0000
      vertex 71.9000 13.5341 0.8000
      vertex 71.9000 13.1839 0.8000
    endloop
  endfacet
  facet normal 0.954480 0.000000 -0.298275
    outer loop
      vertex 71.6500 13.4743 0.0000
      vertex 71.6500 13.8211 0.0000
      vertex 71.9000 13.8842 0.8000
    endloop
  endfacet
  facet normal 0.954480 0.000000 -0.298275
    outer loop
      vertex 71.6500 13.4743 0.0000
      vertex 71.9000 13.8842 0.8000
      vertex 71.9000 13.5341 0.8000
    endloop
  endfacet
  facet normal 0.954480 0.000000 -0.298275
    outer loop
      vertex 71.6500 13.8211 0.0000
      vertex 71.6500 14.1679 0.0000
      vertex 71.9000 14.2343 0.8000
    endloop
  endfacet
  facet normal 0.954480 0.000000 -0.298275
    outer loop
      vertex 71.6500 13.8211 0.0000
      vertex 71.9000 14.2343 0.8000
      vertex 71.9000 13.8842 0.8000
    endloop
  endfacet
  facet normal 0.954480 0.000000 -0.298275
    outer loop
      vertex 71.6500 14.1679 0.0000
      vertex 71.6500 14.5147 0.0000
      vertex 71.9000 14.5845 0.8000
    endloop
  endfacet
  facet normal 0.954480 0.000000 -0.298275
    outer loop
      vertex 71.6500 14.1679 0.0000
      vertex 71.9000 14.5845 0.8000
      vertex 71.9000 14.2343 0.8000
    endloop
  endfacet
  facet normal 0.954480 0.000000 -0.298275
    outer loop
      vertex 71.6500 14.5147 0.0000
      vertex 71.6500 14.8615 0.0000
      vertex 71.9000 14.9346 0.8000
    endloop
  endfacet
  facet normal 0.954480 0.000000 -0.298275
    outer loop
      vertex 71.6500 14.5147 0.0000
      vertex 71.9000 14.9346 0.8000
      vertex 71.9000 14.5845 0.8000
    endloop
  endfacet
  facet normal 0.954480 0.000000 -0.298275
    outer loop
      vertex 71.6500 14.8615 0.0000
      vertex 71.6500 15.2083 0.0000
      vertex 71.9000 15.2847 0.8000
    endloop
  endfacet
  facet normal 0.954480 0.000000 -0.298275
    outer loop
      vertex 71.6500 14.8615 0.0000
      vertex 71.9000 15.2847 0.8000
      vertex 71.9000 14.9346 0.8000
    endloop
  endfacet
  facet normal 0.954480 0.000000 -0.298275
    outer loop
      vertex 71.6500 15.2083 0.0000
      vertex 71.6500 15.5552 0.0000
      vertex 71.9000 15.6349 0.8000
    endloop
  endfacet
  facet normal 0.954480 0.000000 -0.298275
    outer loop
      vertex 71.6500 15.2083 0.0000
      vertex 71.9000 15.6349 0.8000
      vertex 71.9000 15.2847 0.8000
    endloop
  endfacet
  facet normal 0.954480 0.000000 -0.298275
    outer loop
      vertex 71.6500 15.5552 0.0000
      vertex 71.6500 15.9020 0.0000
      vertex 71.9000 15.9850 0.8000
    endloop
  endfacet
  facet normal 0.954480 0.000000 -0.298275
    outer loop
      vertex 71.6500 15.5552 0.0000
      vertex 71.9000 15.9850 0.8000
      vertex 71.9000 15.6349 0.8000
    endloop
  endfacet
  facet normal 0.954480 0.000000 -0.298275
    outer loop
      vertex 71.6500 15.9020 0.0000
      vertex 71.6500 16.2488 0.0000
      vertex 71.9000 16.3352 0.8000
    endloop
  endfacet
  facet normal 0.954480 0.000000 -0.298275
    outer loop
      vertex 71.6500 15.9020 0.0000
      vertex 71.9000 16.3352 0.8000
      vertex 71.9000 15.9850 0.8000
    endloop
  endfacet
  facet normal 0.954480 0.000000 -0.298275
    outer loop
      vertex 71.6500 16.2488 0.0000
      vertex 71.6500 16.5956 0.0000
      vertex 71.9000 16.6853 0.8000
    endloop
  endfacet
  facet normal 0.954480 0.000000 -0.298275
    outer loop
      vertex 71.6500 16.2488 0.0000
      vertex 71.9000 16.6853 0.8000
      vertex 71.9000 16.3352 0.8000
    endloop
  endfacet
  facet normal 0.954480 0.000000 -0.298275
    outer loop
      vertex 71.6500 16.5956 0.0000
      vertex 71.6500 16.9424 0.0000
      vertex 71.9000 17.0354 0.8000
    endloop
  endfacet
  facet normal 0.954480 0.000000 -0.298275
    outer loop
      vertex 71.6500 16.5956 0.0000
      vertex 71.9000 17.0354 0.8000
      vertex 71.9000 16.6853 0.8000
    endloop
  endfacet
  facet normal 0.954480 0.000000 -0.298275
    outer loop
      vertex 71.6500 16.9424 0.0000
      vertex 71.6500 17.2893 0.0000
      vertex 71.9000 17.3856 0.8000
    endloop
  endfacet
  facet normal 0.954480 0.000000 -0.298275
    outer loop
      vertex 71.6500 16.9424 0.0000
      vertex 71.9000 17.3856 0.8000
      vertex 71.9000 17.0354 0.8000
    endloop
  endfacet
  facet normal 0.954480 0.000000 -0.298275
    outer loop
      vertex 71.6500 17.2893 0.0000
      vertex 71.6500 17.6361 0.0000
      vertex 71.9000 17.7357 0.8000
    endloop
  endfacet
  facet normal 0.954480 0.000000 -0.298275
    outer loop
      vertex 71.6500 17.2893 0.0000
      vertex 71.9000 17.7357 0.8000
      vertex 71.9000 17.3856 0.8000
    endloop
  endfacet
  facet normal 0.954480 0.000000 -0.298275
    outer loop
      vertex 71.6500 17.6361 0.0000
      vertex 71.6500 17.9829 0.0000
      vertex 71.9000 18.0858 0.8000
    endloop
  endfacet
  facet normal 0.954480 0.000000 -0.298275
    outer loop
      vertex 71.6500 17.6361 0.0000
      vertex 71.9000 18.0858 0.8000
      vertex 71.9000 17.7357 0.8000
    endloop
  endfacet
  facet normal 0.954480 0.000000 -0.298275
    outer loop
      vertex 71.6500 17.9829 0.0000
      vertex 71.6500 18.3297 0.0000
      vertex 71.9000 18.4360 0.8000
    endloop
  endfacet
  facet normal 0.954480 0.000000 -0.298275
    outer loop
      vertex 71.6500 17.9829 0.0000
      vertex 71.9000 18.4360 0.8000
      vertex 71.9000 18.0858 0.8000
    endloop
  endfacet
  facet normal 0.954480 0.000000 -0.298275
    outer loop
      vertex 71.6500 18.3297 0.0000
      vertex 71.6500 18.6765 0.0000
      vertex 71.9000 18.7861 0.8000
    endloop
  endfacet
  facet normal 0.954480 0.000000 -0.298275
    outer loop
      vertex 71.6500 18.3297 0.0000
      vertex 71.9000 18.7861 0.8000
      vertex 71.9000 18.4360 0.8000
    endloop
  endfacet
  facet normal 0.954480 0.000000 -0.298275
    outer loop
      vertex 71.6500 18.6765 0.0000
      vertex 71.6500 19.0233 0.0000
      vertex 71.9000 19.1362 0.8000
    endloop
  endfacet
  facet normal 0.954480 0.000000 -0.298275
    outer loop
      vertex 71.6500 18.6765 0.0000
      vertex 71.9000 19.1362 0.8000
      vertex 71.9000 18.7861 0.8000
    endloop
  endfacet
  facet normal 0.954480 0.000000 -0.298275
    outer loop
      vertex 71.6500 19.0233 0.0000
      vertex 71.6500 19.3702 0.0000
      vertex 71.9000 19.4864 0.8000
    endloop
  endfacet
  facet normal 0.954480 0.000000 -0.298275
    outer loop
      vertex 71.6500 19.0233 0.0000
      vertex 71.9000 19.4864 0.8000
      vertex 71.9000 19.1362 0.8000
    endloop
  endfacet
  facet normal 0.954480 0.000000 -0.298275
    outer loop
      vertex 71.6500 19.3702 0.0000
      vertex 71.6500 19.7170 0.0000
      vertex 71.9000 19.8365 0.8000
    endloop
  endfacet
  facet normal 0.954480 0.000000 -0.298275
    outer loop
      vertex 71.6500 19.3702 0.0000
      vertex 71.9000 19.8365 0.8000
      vertex 71.9000 19.4864 0.8000
    endloop
  endfacet
  facet normal 0.954480 0.000000 -0.298275
    outer loop
      vertex 71.6500 19.7170 0.0000
      vertex 71.6500 20.0638 0.0000
      vertex 71.9000 20.1866 0.8000
    endloop
  endfacet
  facet normal 0.954480 0.000000 -0.298275
    outer loop
      vertex 71.6500 19.7170 0.0000
      vertex 71.9000 20.1866 0.8000
      vertex 71.9000 19.8365 0.8000
    endloop
  endfacet
  facet normal 0.954480 0.000000 -0.298275
    outer loop
      vertex 71.6500 20.0638 0.0000
      vertex 71.6500 20.4106 0.0000
      vertex 71.9000 20.5368 0.8000
    endloop
  endfacet
  facet normal 0.954480 0.000000 -0.298275
    outer loop
      vertex 71.6500 20.0638 0.0000
      vertex 71.9000 20.5368 0.8000
      vertex 71.9000 20.1866 0.8000
    endloop
  endfacet
  facet normal 0.954480 0.000000 -0.298275
    outer loop
      vertex 71.6500 20.4106 0.0000
      vertex 71.6500 20.7574 0.0000
      vertex 71.9000 20.8869 0.8000
    endloop
  endfacet
  facet normal 0.954480 0.000000 -0.298275
    outer loop
      vertex 71.6500 20.4106 0.0000
      vertex 71.9000 20.8869 0.8000
      vertex 71.9000 20.5368 0.8000
    endloop
  endfacet
  facet normal 0.954480 0.000000 -0.298275
    outer loop
      vertex 71.6500 20.7574 0.0000
      vertex 71.6500 21.1043 0.0000
      vertex 71.9000 21.2370 0.8000
    endloop
  endfacet
  facet normal 0.954480 0.000000 -0.298275
    outer loop
      vertex 71.6500 20.7574 0.0000
      vertex 71.9000 21.2370 0.8000
      vertex 71.9000 20.8869 0.8000
    endloop
  endfacet
  facet normal 0.954480 0.000000 -0.298275
    outer loop
      vertex 71.6500 21.1043 0.0000
      vertex 71.6500 21.4511 0.0000
      vertex 71.9000 21.5872 0.8000
    endloop
  endfacet
  facet normal 0.954480 0.000000 -0.298275
    outer loop
      vertex 71.6500 21.1043 0.0000
      vertex 71.9000 21.5872 0.8000
      vertex 71.9000 21.2370 0.8000
    endloop
  endfacet
  facet normal 0.954480 0.000000 -0.298275
    outer loop
      vertex 71.6500 21.4511 0.0000
      vertex 71.6500 21.7979 0.0000
      vertex 71.9000 21.9373 0.8000
    endloop
  endfacet
  facet normal 0.954480 0.000000 -0.298275
    outer loop
      vertex 71.6500 21.4511 0.0000
      vertex 71.9000 21.9373 0.8000
      vertex 71.9000 21.5872 0.8000
    endloop
  endfacet
  facet normal 0.954480 0.000000 -0.298275
    outer loop
      vertex 71.6500 21.7979 0.0000
      vertex 71.6500 22.1447 0.0000
      vertex 71.9000 22.2874 0.8000
    endloop
  endfacet
  facet normal 0.954480 0.000000 -0.298275
    outer loop
      vertex 71.6500 21.7979 0.0000
      vertex 71.9000 22.2874 0.8000
      vertex 71.9000 21.9373 0.8000
    endloop
  endfacet
  facet normal 0.954480 0.000000 -0.298275
    outer loop
      vertex 71.6500 22.1447 0.0000
      vertex 71.6500 22.4915 0.0000
      vertex 71.9000 22.6376 0.8000
    endloop
  endfacet
  facet normal 0.954480 0.000000 -0.298275
    outer loop
      vertex 71.6500 22.1447 0.0000
      vertex 71.9000 22.6376 0.8000
      vertex 71.9000 22.2874 0.8000
    endloop
  endfacet
  facet normal 0.954480 0.000000 -0.298275
    outer loop
      vertex 71.6500 22.4915 0.0000
      vertex 71.6500 22.8383 0.0000
      vertex 71.9000 22.9877 0.8000
    endloop
  endfacet
  facet normal 0.954480 0.000000 -0.298275
    outer loop
      vertex 71.6500 22.4915 0.0000
      vertex 71.9000 22.9877 0.8000
      vertex 71.9000 22.6376 0.8000
    endloop
  endfacet
  facet normal 0.954480 0.000000 -0.298275
    outer loop
      vertex 71.6500 22.8383 0.0000
      vertex 71.6500 23.1852 0.0000
      vertex 71.9000 23.3379 0.8000
    endloop
  endfacet
  facet normal 0.954480 0.000000 -0.298275
    outer loop
      vertex 71.6500 22.8383 0.0000
      vertex 71.9000 23.3379 0.8000
      vertex 71.9000 22.9877 0.8000
    endloop
  endfacet
  facet normal 0.954480 0.000000 -0.298275
    outer loop
      vertex 71.6500 23.1852 0.0000
      vertex 71.6500 23.5320 0.0000
      vertex 71.9000 23.6880 0.8000
    endloop
  endfacet
  facet normal 0.954480 0.000000 -0.298275
    outer loop
      vertex 71.6500 23.1852 0.0000
      vertex 71.9000 23.6880 0.8000
      vertex 71.9000 23.3379 0.8000
    endloop
  endfacet
  facet normal 0.954480 0.000000 -0.298275
    outer loop
      vertex 71.6500 23.5320 0.0000
      vertex 71.6500 23.8788 0.0000
      vertex 71.9000 24.0381 0.8000
    endloop
  endfacet
  facet normal 0.954480 0.000000 -0.298275
    outer loop
      vertex 71.6500 23.5320 0.0000
      vertex 71.9000 24.0381 0.8000
      vertex 71.9000 23.6880 0.8000
    endloop
  endfacet
  facet normal 0.954480 0.000000 -0.298275
    outer loop
      vertex 71.6500 23.8788 0.0000
      vertex 71.6500 24.2256 0.0000
      vertex 71.9000 24.3883 0.8000
    endloop
  endfacet
  facet normal 0.954480 0.000000 -0.298275
    outer loop
      vertex 71.6500 23.8788 0.0000
      vertex 71.9000 24.3883 0.8000
      vertex 71.9000 24.0381 0.8000
    endloop
  endfacet
  facet normal 0.954480 0.000000 -0.298275
    outer loop
      vertex 71.6500 24.2256 0.0000
      vertex 71.6500 24.5724 0.0000
      vertex 71.9000 24.7384 0.8000
    endloop
  endfacet
  facet normal 0.954480 0.000000 -0.298275
    outer loop
      vertex 71.6500 24.2256 0.0000
      vertex 71.9000 24.7384 0.8000
      vertex 71.9000 24.3883 0.8000
    endloop
  endfacet
  facet normal 0.954480 0.000000 -0.298275
    outer loop
      vertex 71.6500 24.5724 0.0000
      vertex 71.6500 24.9193 0.0000
      vertex 71.9000 25.0885 0.8000
    endloop
  endfacet
  facet normal 0.954480 0.000000 -0.298275
    outer loop
      vertex 71.6500 24.5724 0.0000
      vertex 71.9000 25.0885 0.8000
      vertex 71.9000 24.7384 0.8000
    endloop
  endfacet
  facet normal 0.954480 0.000000 -0.298275
    outer loop
      vertex 71.6500 24.9193 0.0000
      vertex 71.6500 25.2661 0.0000
      vertex 71.9000 25.4387 0.8000
    endloop
  endfacet
  facet normal 0.954480 0.000000 -0.298275
    outer loop
      vertex 71.6500 24.9193 0.0000
      vertex 71.9000 25.4387 0.8000
      vertex 71.9000 25.0885 0.8000
    endloop
  endfacet
  facet normal 0.954480 0.000000 -0.298275
    outer loop
      vertex 71.6500 25.2661 0.0000
      vertex 71.6500 25.6129 0.0000
      vertex 71.9000 25.7888 0.8000
    endloop
  endfacet
  facet normal 0.954480 0.000000 -0.298275
    outer loop
      vertex 71.6500 25.2661 0.0000
      vertex 71.9000 25.7888 0.8000
      vertex 71.9000 25.4387 0.8000
    endloop
  endfacet
  facet normal 0.954480 0.000000 -0.298275
    outer loop
      vertex 71.6500 25.6129 0.0000
      vertex 71.6500 25.9597 0.0000
      vertex 71.9000 26.1389 0.8000
    endloop
  endfacet
  facet normal 0.954480 0.000000 -0.298275
    outer loop
      vertex 71.6500 25.6129 0.0000
      vertex 71.9000 26.1389 0.8000
      vertex 71.9000 25.7888 0.8000
    endloop
  endfacet
  facet normal 0.954480 0.000000 -0.298275
    outer loop
      vertex 71.6500 25.9597 0.0000
      vertex 71.6500 26.3065 0.0000
      vertex 71.9000 26.4891 0.8000
    endloop
  endfacet
  facet normal 0.954480 0.000000 -0.298275
    outer loop
      vertex 71.6500 25.9597 0.0000
      vertex 71.9000 26.4891 0.8000
      vertex 71.9000 26.1389 0.8000
    endloop
  endfacet
  facet normal 0.954480 0.000000 -0.298275
    outer loop
      vertex 71.6500 26.3065 0.0000
      vertex 71.6500 26.6533 0.0000
      vertex 71.9000 26.8392 0.8000
    endloop
  endfacet
  facet normal 0.954480 0.000000 -0.298275
    outer loop
      vertex 71.6500 26.3065 0.0000
      vertex 71.9000 26.8392 0.8000
      vertex 71.9000 26.4891 0.8000
    endloop
  endfacet
  facet normal 0.954480 0.000000 -0.298275
    outer loop
      vertex 71.6500 26.6533 0.0000
      vertex 71.6500 27.0002 0.0000
      vertex 71.9000 27.1893 0.8000
    endloop
  endfacet
  facet normal 0.954480 0.000000 -0.298275
    outer loop
      vertex 71.6500 26.6533 0.0000
      vertex 71.9000 27.1893 0.8000
      vertex 71.9000 26.8392 0.8000
    endloop
  endfacet
  facet normal 0.954480 0.000000 -0.298275
    outer loop
      vertex 71.6500 27.0002 0.0000
      vertex 71.6500 27.3470 0.0000
      vertex 71.9000 27.5395 0.8000
    endloop
  endfacet
  facet normal 0.954480 0.000000 -0.298275
    outer loop
      vertex 71.6500 27.0002 0.0000
      vertex 71.9000 27.5395 0.8000
      vertex 71.9000 27.1893 0.8000
    endloop
  endfacet
  facet normal 0.954480 0.000000 -0.298275
    outer loop
      vertex 71.6500 27.3470 0.0000
      vertex 71.6500 27.6938 0.0000
      vertex 71.9000 27.8896 0.8000
    endloop
  endfacet
  facet normal 0.954480 0.000000 -0.298275
    outer loop
      vertex 71.6500 27.3470 0.0000
      vertex 71.9000 27.8896 0.8000
      vertex 71.9000 27.5395 0.8000
    endloop
  endfacet
  facet normal 0.954480 0.000000 -0.298275
    outer loop
      vertex 71.6500 27.6938 0.0000
      vertex 71.6500 28.0406 0.0000
      vertex 71.9000 28.2397 0.8000
    endloop
  endfacet
  facet normal 0.954480 0.000000 -0.298275
    outer loop
      vertex 71.6500 27.6938 0.0000
      vertex 71.9000 28.2397 0.8000
      vertex 71.9000 27.8896 0.8000
    endloop
  endfacet
  facet normal 0.954480 0.000000 -0.298275
    outer loop
      vertex 71.6500 28.0406 0.0000
      vertex 71.6500 28.3874 0.0000
      vertex 71.9000 28.5899 0.8000
    endloop
  endfacet
  facet normal 0.954480 0.000000 -0.298275
    outer loop
      vertex 71.6500 28.0406 0.0000
      vertex 71.9000 28.5899 0.8000
      vertex 71.9000 28.2397 0.8000
    endloop
  endfacet
  facet normal 0.954480 0.000000 -0.298275
    outer loop
      vertex 71.6500 28.3874 0.0000
      vertex 71.6500 28.7342 0.0000
      vertex 71.9000 28.9400 0.8000
    endloop
  endfacet
  facet normal 0.954480 0.000000 -0.298275
    outer loop
      vertex 71.6500 28.3874 0.0000
      vertex 71.9000 28.9400 0.8000
      vertex 71.9000 28.5899 0.8000
    endloop
  endfacet
  facet normal 0.954480 0.000000 -0.298275
    outer loop
      vertex 71.6500 28.7342 0.0000
      vertex 71.6500 29.0811 0.0000
      vertex 71.9000 29.2901 0.8000
    endloop
  endfacet
  facet normal 0.954480 0.000000 -0.298275
    outer loop
      vertex 71.6500 28.7342 0.0000
      vertex 71.9000 29.2901 0.8000
      vertex 71.9000 28.9400 0.8000
    endloop
  endfacet
  facet normal 0.954480 0.000000 -0.298275
    outer loop
      vertex 71.6500 29.0811 0.0000
      vertex 71.6500 29.4279 0.0000
      vertex 71.9000 29.6403 0.8000
    endloop
  endfacet
  facet normal 0.954480 0.000000 -0.298275
    outer loop
      vertex 71.6500 29.0811 0.0000
      vertex 71.9000 29.6403 0.8000
      vertex 71.9000 29.2901 0.8000
    endloop
  endfacet
  facet normal 0.954480 0.000000 -0.298275
    outer loop
      vertex 71.6500 29.4279 0.0000
      vertex 71.6500 29.7747 0.0000
      vertex 71.9000 29.9904 0.8000
    endloop
  endfacet
  facet normal 0.954480 0.000000 -0.298275
    outer loop
      vertex 71.6500 29.4279 0.0000
      vertex 71.9000 29.9904 0.8000
      vertex 71.9000 29.6403 0.8000
    endloop
  endfacet
  facet normal 0.954480 0.000000 -0.298275
    outer loop
      vertex 71.6500 29.7747 0.0000
      vertex 71.6500 30.1215 0.0000
      vertex 71.9000 30.3406 0.8000
    endloop
  endfacet
  facet normal 0.954480 0.000000 -0.298275
    outer loop
      vertex 71.6500 29.7747 0.0000
      vertex 71.9000 30.3406 0.8000
      vertex 71.9000 29.9904 0.8000
    endloop
  endfacet
  facet normal 0.954480 0.000000 -0.298275
    outer loop
      vertex 71.6500 30.1215 0.0000
      vertex 71.6500 30.4683 0.0000
      vertex 71.9000 30.6907 0.8000
    endloop
  endfacet
  facet normal 0.954480 0.000000 -0.298275
    outer loop
      vertex 71.6500 30.1215 0.0000
      vertex 71.9000 30.6907 0.8000
      vertex 71.9000 30.3406 0.8000
    endloop
  endfacet
  facet normal 0.954480 0.000000 -0.298275
    outer loop
      vertex 71.6500 30.4683 0.0000
      vertex 71.6500 30.8152 0.0000
      vertex 71.9000 31.0408 0.8000
    endloop
  endfacet
  facet normal 0.954480 0.000000 -0.298275
    outer loop
      vertex 71.6500 30.4683 0.0000
      vertex 71.9000 31.0408 0.8000
      vertex 71.9000 30.6907 0.8000
    endloop
  endfacet
  facet normal 0.954480 0.000000 -0.298275
    outer loop
      vertex 71.6500 30.8152 0.0000
      vertex 71.6500 31.1620 0.0000
      vertex 71.9000 31.3910 0.8000
    endloop
  endfacet
  facet normal 0.954480 0.000000 -0.298275
    outer loop
      vertex 71.6500 30.8152 0.0000
      vertex 71.9000 31.3910 0.8000
      vertex 71.9000 31.0408 0.8000
    endloop
  endfacet
  facet normal 0.954480 0.000000 -0.298275
    outer loop
      vertex 71.6500 31.1620 0.0000
      vertex 71.6500 31.5088 0.0000
      vertex 71.9000 31.7411 0.8000
    endloop
  endfacet
  facet normal 0.954480 0.000000 -0.298275
    outer loop
      vertex 71.6500 31.1620 0.0000
      vertex 71.9000 31.7411 0.8000
      vertex 71.9000 31.3910 0.8000
    endloop
  endfacet
  facet normal 0.954480 0.000000 -0.298275
    outer loop
      vertex 71.6500 31.5088 0.0000
      vertex 71.6500 31.8556 0.0000
      vertex 71.9000 32.0912 0.8000
    endloop
  endfacet
  facet normal 0.954480 0.000000 -0.298275
    outer loop
      vertex 71.6500 31.5088 0.0000
      vertex 71.9000 32.0912 0.8000
      vertex 71.9000 31.7411 0.8000
    endloop
  endfacet
  facet normal 0.954480 0.000000 -0.298275
    outer loop
      vertex 71.6500 31.8556 0.0000
      vertex 71.6500 32.2024 0.0000
      vertex 71.9000 32.4414 0.8000
    endloop
  endfacet
  facet normal 0.954480 0.000000 -0.298275
    outer loop
      vertex 71.6500 31.8556 0.0000
      vertex 71.9000 32.4414 0.8000
      vertex 71.9000 32.0912 0.8000
    endloop
  endfacet
  facet normal 0.954480 0.000000 -0.298275
    outer loop
      vertex 71.6500 32.2024 0.0000
      vertex 71.6500 32.5492 0.0000
      vertex 71.9000 32.7915 0.8000
    endloop
  endfacet
  facet normal 0.954480 0.000000 -0.298275
    outer loop
      vertex 71.6500 32.2024 0.0000
      vertex 71.9000 32.7915 0.8000
      vertex 71.9000 32.4414 0.8000
    endloop
  endfacet
  facet normal 0.954480 0.000000 -0.298275
    outer loop
      vertex 71.6500 32.5492 0.0000
      vertex 71.6500 32.8961 0.0000
      vertex 71.9000 33.1416 0.8000
    endloop
  endfacet
  facet normal 0.954480 0.000000 -0.298275
    outer loop
      vertex 71.6500 32.5492 0.0000
      vertex 71.9000 33.1416 0.8000
      vertex 71.9000 32.7915 0.8000
    endloop
  endfacet
  facet normal 0.954480 0.000000 -0.298275
    outer loop
      vertex 71.6500 32.8961 0.0000
      vertex 71.6500 33.2429 0.0000
      vertex 71.9000 33.4918 0.8000
    endloop
  endfacet
  facet normal 0.954480 0.000000 -0.298275
    outer loop
      vertex 71.6500 32.8961 0.0000
      vertex 71.9000 33.4918 0.8000
      vertex 71.9000 33.1416 0.8000
    endloop
  endfacet
  facet normal 0.954480 0.000000 -0.298275
    outer loop
      vertex 71.6500 33.2429 0.0000
      vertex 71.6500 33.5897 0.0000
      vertex 71.9000 33.8419 0.8000
    endloop
  endfacet
  facet normal 0.954480 0.000000 -0.298275
    outer loop
      vertex 71.6500 33.2429 0.0000
      vertex 71.9000 33.8419 0.8000
      vertex 71.9000 33.4918 0.8000
    endloop
  endfacet
  facet normal 0.954480 0.000000 -0.298275
    outer loop
      vertex 71.6500 33.5897 0.0000
      vertex 71.6500 33.9365 0.0000
      vertex 71.9000 34.1920 0.8000
    endloop
  endfacet
  facet normal 0.954480 0.000000 -0.298275
    outer loop
      vertex 71.6500 33.5897 0.0000
      vertex 71.9000 34.1920 0.8000
      vertex 71.9000 33.8419 0.8000
    endloop
  endfacet
  facet normal 0.954480 0.000000 -0.298275
    outer loop
      vertex 71.6500 33.9365 0.0000
      vertex 71.6500 34.2833 0.0000
      vertex 71.9000 34.5422 0.8000
    endloop
  endfacet
  facet normal 0.954480 0.000000 -0.298275
    outer loop
      vertex 71.6500 33.9365 0.0000
      vertex 71.9000 34.5422 0.8000
      vertex 71.9000 34.1920 0.8000
    endloop
  endfacet
  facet normal 0.954480 0.000000 -0.298275
    outer loop
      vertex 71.6500 34.2833 0.0000
      vertex 71.6500 34.6302 0.0000
      vertex 71.9000 34.8923 0.8000
    endloop
  endfacet
  facet normal 0.954480 0.000000 -0.298275
    outer loop
      vertex 71.6500 34.2833 0.0000
      vertex 71.9000 34.8923 0.8000
      vertex 71.9000 34.5422 0.8000
    endloop
  endfacet
  facet normal 0.954480 0.000000 -0.298275
    outer loop
      vertex 71.6500 34.6302 0.0000
      vertex 71.6500 34.9770 0.0000
      vertex 71.9000 35.2424 0.8000
    endloop
  endfacet
  facet normal 0.954480 0.000000 -0.298275
    outer loop
      vertex 71.6500 34.6302 0.0000
      vertex 71.9000 35.2424 0.8000
      vertex 71.9000 34.8923 0.8000
    endloop
  endfacet
  facet normal 0.955409 0.000000 -0.295285
    outer loop
      vertex 71.6500 34.9770 0.0000
      vertex 71.6500 35.3238 0.0000
      vertex 71.8973 35.5925 0.8000
    endloop
  endfacet
  facet normal 0.953743 0.007485 -0.300529
    outer loop
      vertex 71.6500 34.9770 0.0000
      vertex 71.8973 35.5925 0.8000
      vertex 71.9000 35.2424 0.8000
    endloop
  endfacet
  facet normal 0.978677 0.084505 -0.187216
    outer loop
      vertex 71.6500 35.3238 0.0000
      vertex 71.6205 35.6658 0.0000
      vertex 71.7530 35.9034 0.8000
    endloop
  endfacet
  facet normal 0.835830 0.387804 -0.388582
    outer loop
      vertex 71.6500 35.3238 0.0000
      vertex 71.7530 35.9034 0.8000
      vertex 71.8973 35.5925 0.8000
    endloop
  endfacet
  facet normal 0.467378 0.830375 -0.303373
    outer loop
      vertex 71.6205 35.6658 0.0000
      vertex 71.3289 35.8299 0.0000
      vertex 71.4440 36.0575 0.8000
    endloop
  endfacet
  facet normal 0.422396 0.847424 -0.321643
    outer loop
      vertex 71.6205 35.6658 0.0000
      vertex 71.4440 36.0575 0.8000
      vertex 71.7530 35.9034 0.8000
    endloop
  endfacet
  facet normal 0.255206 0.919729 -0.298275
    outer loop
      vertex 71.3289 35.8299 0.0000
      vertex 70.9947 35.9227 0.0000
      vertex 71.1066 36.1511 0.8000
    endloop
  endfacet
  facet normal 0.255206 0.919729 -0.298275
    outer loop
      vertex 71.3289 35.8299 0.0000
      vertex 71.1066 36.1511 0.8000
      vertex 71.4440 36.0575 0.8000
    endloop
  endfacet
  facet normal 0.255206 0.919729 -0.298275
    outer loop
      vertex 70.9947 35.9227 0.0000
      vertex 70.6605 36.0154 0.0000
      vertex 70.7692 36.2447 0.8000
    endloop
  endfacet
  facet normal 0.255206 0.919729 -0.298275
    outer loop
      vertex 70.9947 35.9227 0.0000
      vertex 70.7692 36.2447 0.8000
      vertex 71.1066 36.1511 0.8000
    endloop
  endfacet
  facet normal 0.255206 0.919729 -0.298275
    outer loop
      vertex 70.6605 36.0154 0.0000
      vertex 70.3263 36.1081 0.0000
      vertex 70.4318 36.3383 0.8000
    endloop
  endfacet
  facet normal 0.255206 0.919729 -0.298275
    outer loop
      vertex 70.6605 36.0154 0.0000
      vertex 70.4318 36.3383 0.8000
      vertex 70.7692 36.2447 0.8000
    endloop
  endfacet
  facet normal 0.251417 0.920574 -0.298887
    outer loop
      vertex 70.3263 36.1081 0.0000
      vertex 69.9918 36.1995 0.0000
      vertex 70.0942 36.4313 0.8000
    endloop
  endfacet
  facet normal 0.253390 0.920260 -0.298188
    outer loop
      vertex 70.3263 36.1081 0.0000
      vertex 70.0942 36.4313 0.8000
      vertex 70.4318 36.3383 0.8000
    endloop
  endfacet
  facet normal 0.238323 0.924248 -0.298275
    outer loop
      vertex 69.9918 36.1995 0.0000
      vertex 69.6560 36.2861 0.0000
      vertex 69.7552 36.5187 0.8000
    endloop
  endfacet
  facet normal 0.238323 0.924248 -0.298275
    outer loop
      vertex 69.9918 36.1995 0.0000
      vertex 69.7552 36.5187 0.8000
      vertex 70.0942 36.4313 0.8000
    endloop
  endfacet
  facet normal 0.238323 0.924248 -0.298275
    outer loop
      vertex 69.6560 36.2861 0.0000
      vertex 69.3201 36.3727 0.0000
      vertex 69.4161 36.6061 0.8000
    endloop
  endfacet
  facet normal 0.238323 0.924248 -0.298275
    outer loop
      vertex 69.6560 36.2861 0.0000
      vertex 69.4161 36.6061 0.8000
      vertex 69.7552 36.5187 0.8000
    endloop
  endfacet
  facet normal 0.238323 0.924248 -0.298275
    outer loop
      vertex 69.3201 36.3727 0.0000
      vertex 68.9843 36.4593 0.0000
      vertex 69.0771 36.6935 0.8000
    endloop
  endfacet
  facet normal 0.238323 0.924248 -0.298275
    outer loop
      vertex 69.3201 36.3727 0.0000
      vertex 69.0771 36.6935 0.8000
      vertex 69.4161 36.6061 0.8000
    endloop
  endfacet
  facet normal 0.238323 0.924248 -0.298275
    outer loop
      vertex 68.9843 36.4593 0.0000
      vertex 68.6485 36.5459 0.0000
      vertex 68.7381 36.7810 0.8000
    endloop
  endfacet
  facet normal 0.238323 0.924248 -0.298275
    outer loop
      vertex 68.9843 36.4593 0.0000
      vertex 68.7381 36.7810 0.8000
      vertex 69.0771 36.6935 0.8000
    endloop
  endfacet
  facet normal 0.238323 0.924248 -0.298275
    outer loop
      vertex 68.6485 36.5459 0.0000
      vertex 68.3126 36.6325 0.0000
      vertex 68.3990 36.8684 0.8000
    endloop
  endfacet
  facet normal 0.238323 0.924248 -0.298275
    outer loop
      vertex 68.6485 36.5459 0.0000
      vertex 68.3990 36.8684 0.8000
      vertex 68.7381 36.7810 0.8000
    endloop
  endfacet
  facet normal 0.227845 0.926758 -0.298674
    outer loop
      vertex 68.3126 36.6325 0.0000
      vertex 67.9759 36.7153 0.0000
      vertex 68.0592 36.9526 0.8000
    endloop
  endfacet
  facet normal 0.229646 0.926527 -0.298010
    outer loop
      vertex 68.3126 36.6325 0.0000
      vertex 68.0592 36.9526 0.8000
      vertex 68.3990 36.8684 0.8000
    endloop
  endfacet
  facet normal 0.214782 0.930000 -0.298275
    outer loop
      vertex 67.9759 36.7153 0.0000
      vertex 67.6379 36.7933 0.0000
      vertex 67.7180 37.0314 0.8000
    endloop
  endfacet
  facet normal 0.214782 0.930000 -0.298275
    outer loop
      vertex 67.9759 36.7153 0.0000
      vertex 67.7180 37.0314 0.8000
      vertex 68.0592 36.9526 0.8000
    endloop
  endfacet
  facet normal 0.214782 0.930000 -0.298275
    outer loop
      vertex 67.6379 36.7933 0.0000
      vertex 67.3000 36.8714 0.0000
      vertex 67.3769 37.1102 0.8000
    endloop
  endfacet
  facet normal 0.214782 0.930000 -0.298275
    outer loop
      vertex 67.6379 36.7933 0.0000
      vertex 67.3769 37.1102 0.8000
      vertex 67.7180 37.0314 0.8000
    endloop
  endfacet
  facet normal 0.214782 0.930000 -0.298275
    outer loop
      vertex 67.3000 36.8714 0.0000
      vertex 66.9621 36.9494 0.0000
      vertex 67.0357 37.1890 0.8000
    endloop
  endfacet
  facet normal 0.214782 0.930000 -0.298275
    outer loop
      vertex 67.3000 36.8714 0.0000
      vertex 67.0357 37.1890 0.8000
      vertex 67.3769 37.1102 0.8000
    endloop
  endfacet
  facet normal 0.214782 0.930000 -0.298275
    outer loop
      vertex 66.9621 36.9494 0.0000
      vertex 66.6242 37.0274 0.0000
      vertex 66.6946 37.2678 0.8000
    endloop
  endfacet
  facet normal 0.214782 0.930000 -0.298275
    outer loop
      vertex 66.9621 36.9494 0.0000
      vertex 66.6946 37.2678 0.8000
      vertex 67.0357 37.1890 0.8000
    endloop
  endfacet
  facet normal 0.214782 0.930000 -0.298275
    outer loop
      vertex 66.6242 37.0274 0.0000
      vertex 66.2863 37.1055 0.0000
      vertex 66.3534 37.3466 0.8000
    endloop
  endfacet
  facet normal 0.214782 0.930000 -0.298275
    outer loop
      vertex 66.6242 37.0274 0.0000
      vertex 66.3534 37.3466 0.8000
      vertex 66.6946 37.2678 0.8000
    endloop
  endfacet
  facet normal 0.214782 0.930000 -0.298275
    outer loop
      vertex 66.2863 37.1055 0.0000
      vertex 65.9483 37.1835 0.0000
      vertex 66.0123 37.4254 0.8000
    endloop
  endfacet
  facet normal 0.214782 0.930000 -0.298275
    outer loop
      vertex 66.2863 37.1055 0.0000
      vertex 66.0123 37.4254 0.8000
      vertex 66.3534 37.3466 0.8000
    endloop
  endfacet
  facet normal 0.193119 0.934681 -0.298457
    outer loop
      vertex 65.9483 37.1835 0.0000
      vertex 65.6087 37.2537 0.0000
      vertex 65.6695 37.4966 0.8000
    endloop
  endfacet
  facet normal 0.194262 0.934583 -0.298021
    outer loop
      vertex 65.9483 37.1835 0.0000
      vertex 65.6695 37.4966 0.8000
      vertex 66.0123 37.4254 0.8000
    endloop
  endfacet
  facet normal 0.180149 0.937325 -0.298275
    outer loop
      vertex 65.6087 37.2537 0.0000
      vertex 65.2682 37.3192 0.0000
      vertex 65.3257 37.5627 0.8000
    endloop
  endfacet
  facet normal 0.180149 0.937325 -0.298275
    outer loop
      vertex 65.6087 37.2537 0.0000
      vertex 65.3257 37.5627 0.8000
      vertex 65.6695 37.4966 0.8000
    endloop
  endfacet
  facet normal 0.180149 0.937325 -0.298275
    outer loop
      vertex 65.2682 37.3192 0.0000
      vertex 64.9276 37.3846 0.0000
      vertex 64.9818 37.6288 0.8000
    endloop
  endfacet
  facet normal 0.180149 0.937325 -0.298275
    outer loop
      vertex 65.2682 37.3192 0.0000
      vertex 64.9818 37.6288 0.8000
      vertex 65.3257 37.5627 0.8000
    endloop
  endfacet
  facet normal 0.180149 0.937325 -0.298275
    outer loop
      vertex 64.9276 37.3846 0.0000
      vertex 64.5870 37.4501 0.0000
      vertex 64.6380 37.6948 0.8000
    endloop
  endfacet
  facet normal 0.180149 0.937325 -0.298275
    outer loop
      vertex 64.9276 37.3846 0.0000
      vertex 64.6380 37.6948 0.8000
      vertex 64.9818 37.6288 0.8000
    endloop
  endfacet
  facet normal 0.180149 0.937325 -0.298275
    outer loop
      vertex 64.5870 37.4501 0.0000
      vertex 64.2464 37.5155 0.0000
      vertex 64.2941 37.7609 0.8000
    endloop
  endfacet
  facet normal 0.180149 0.937325 -0.298275
    outer loop
      vertex 64.5870 37.4501 0.0000
      vertex 64.2941 37.7609 0.8000
      vertex 64.6380 37.6948 0.8000
    endloop
  endfacet
  facet normal 0.180149 0.937325 -0.298275
    outer loop
      vertex 64.2464 37.5155 0.0000
      vertex 63.9058 37.5810 0.0000
      vertex 63.9503 37.8270 0.8000
    endloop
  endfacet
  facet normal 0.180149 0.937325 -0.298275
    outer loop
      vertex 64.2464 37.5155 0.0000
      vertex 63.9503 37.8270 0.8000
      vertex 64.2941 37.7609 0.8000
    endloop
  endfacet
  facet normal 0.180149 0.937325 -0.298275
    outer loop
      vertex 63.9058 37.5810 0.0000
      vertex 63.5652 37.6464 0.0000
      vertex 63.6064 37.8931 0.8000
    endloop
  endfacet
  facet normal 0.180149 0.937325 -0.298275
    outer loop
      vertex 63.9058 37.5810 0.0000
      vertex 63.6064 37.8931 0.8000
      vertex 63.9503 37.8270 0.8000
    endloop
  endfacet
  facet normal 0.152613 0.942184 -0.298327
    outer loop
      vertex 63.5652 37.6464 0.0000
      vertex 63.2230 37.7019 0.0000
      vertex 63.2609 37.9490 0.8000
    endloop
  endfacet
  facet normal 0.152551 0.942186 -0.298352
    outer loop
      vertex 63.5652 37.6464 0.0000
      vertex 63.2609 37.9490 0.8000
      vertex 63.6064 37.8931 0.8000
    endloop
  endfacet
  facet normal 0.124667 0.946303 -0.298275
    outer loop
      vertex 63.2230 37.7019 0.0000
      vertex 62.8792 37.7472 0.0000
      vertex 62.9138 37.9948 0.8000
    endloop
  endfacet
  facet normal 0.124667 0.946303 -0.298275
    outer loop
      vertex 63.2230 37.7019 0.0000
      vertex 62.9138 37.9948 0.8000
      vertex 63.2609 37.9490 0.8000
    endloop
  endfacet
  facet normal 0.124667 0.946303 -0.298275
    outer loop
      vertex 62.8792 37.7472 0.0000
      vertex 62.5353 37.7925 0.0000
      vertex 62.5667 38.0405 0.8000
    endloop
  endfacet
  facet normal 0.124667 0.946303 -0.298275
    outer loop
      vertex 62.8792 37.7472 0.0000
      vertex 62.5667 38.0405 0.8000
      vertex 62.9138 37.9948 0.8000
    endloop
  endfacet
  facet normal 0.124667 0.946303 -0.298275
    outer loop
      vertex 62.5353 37.7925 0.0000
      vertex 62.1915 37.8378 0.0000
      vertex 62.2195 38.0862 0.8000
    endloop
  endfacet
  facet normal 0.124667 0.946303 -0.298275
    outer loop
      vertex 62.5353 37.7925 0.0000
      vertex 62.2195 38.0862 0.8000
      vertex 62.5667 38.0405 0.8000
    endloop
  endfacet
  facet normal 0.124667 0.946303 -0.298275
    outer loop
      vertex 62.1915 37.8378 0.0000
      vertex 61.8476 37.8831 0.0000
      vertex 61.8724 38.1320 0.8000
    endloop
  endfacet
  facet normal 0.124667 0.946303 -0.298275
    outer loop
      vertex 62.1915 37.8378 0.0000
      vertex 61.8724 38.1320 0.8000
      vertex 62.2195 38.0862 0.8000
    endloop
  endfacet
  facet normal 0.124667 0.946303 -0.298275
    outer loop
      vertex 61.8476 37.8831 0.0000
      vertex 61.5038 37.9284 0.0000
      vertex 61.5253 38.1777 0.8000
    endloop
  endfacet
  facet normal 0.124667 0.946303 -0.298275
    outer loop
      vertex 61.8476 37.8831 0.0000
      vertex 61.5253 38.1777 0.8000
      vertex 61.8724 38.1320 0.8000
    endloop
  endfacet
  facet normal 0.124667 0.946303 -0.298275
    outer loop
      vertex 61.5038 37.9284 0.0000
      vertex 61.1599 37.9737 0.0000
      vertex 61.1781 38.2234 0.8000
    endloop
  endfacet
  facet normal 0.124667 0.946303 -0.298275
    outer loop
      vertex 61.5038 37.9284 0.0000
      vertex 61.1781 38.2234 0.8000
      vertex 61.5253 38.1777 0.8000
    endloop
  endfacet
  facet normal 0.045011 0.953372 -0.298421
    outer loop
      vertex 61.1599 37.9737 0.0000
      vertex 60.8138 37.9900 0.0000
      vertex 60.8286 38.2397 0.8000
    endloop
  endfacet
  facet normal 0.044441 0.953330 -0.298643
    outer loop
      vertex 61.1599 37.9737 0.0000
      vertex 60.8286 38.2397 0.8000
      vertex 61.1781 38.2234 0.8000
    endloop
  endfacet
  facet normal 0.023294 0.954196 -0.298275
    outer loop
      vertex 60.8138 37.9900 0.0000
      vertex 60.4671 37.9985 0.0000
      vertex 60.4786 38.2483 0.8000
    endloop
  endfacet
  facet normal 0.023294 0.954196 -0.298275
    outer loop
      vertex 60.8138 37.9900 0.0000
      vertex 60.4786 38.2483 0.8000
      vertex 60.8286 38.2397 0.8000
    endloop
  endfacet
  facet normal 0.023294 0.954196 -0.298275
    outer loop
      vertex 60.4671 37.9985 0.0000
      vertex 60.1203 38.0069 0.0000
      vertex 60.1286 38.2568 0.8000
    endloop
  endfacet
  facet normal 0.023294 0.954196 -0.298275
    outer loop
      vertex 60.4671 37.9985 0.0000
      vertex 60.1286 38.2568 0.8000
      vertex 60.4786 38.2483 0.8000
    endloop
  endfacet
  facet normal 0.023294 0.954196 -0.298275
    outer loop
      vertex 60.1203 38.0069 0.0000
      vertex 59.7736 38.0154 0.0000
      vertex 59.7785 38.2654 0.8000
    endloop
  endfacet
  facet normal 0.023294 0.954196 -0.298275
    outer loop
      vertex 60.1203 38.0069 0.0000
      vertex 59.7785 38.2654 0.8000
      vertex 60.1286 38.2568 0.8000
    endloop
  endfacet
  facet normal 0.023294 0.954196 -0.298275
    outer loop
      vertex 59.7736 38.0154 0.0000
      vertex 59.4269 38.0239 0.0000
      vertex 59.4285 38.2739 0.8000
    endloop
  endfacet
  facet normal 0.023294 0.954196 -0.298275
    outer loop
      vertex 59.7736 38.0154 0.0000
      vertex 59.4285 38.2739 0.8000
      vertex 59.7785 38.2654 0.8000
    endloop
  endfacet
  facet normal -0.026925 0.952388 -0.303698
    outer loop
      vertex 59.4269 38.0239 0.0000
      vertex 59.0815 38.0141 0.0000
      vertex 59.0791 38.2691 0.8000
    endloop
  endfacet
  facet normal -0.013013 0.954394 -0.298265
    outer loop
      vertex 59.4269 38.0239 0.0000
      vertex 59.0791 38.2691 0.8000
      vertex 59.4285 38.2739 0.8000
    endloop
  endfacet
  facet normal -0.203898 0.932447 -0.298275
    outer loop
      vertex 59.0815 38.0141 0.0000
      vertex 58.7427 37.9400 0.0000
      vertex 58.7370 38.1947 0.8000
    endloop
  endfacet
  facet normal -0.203022 0.932738 -0.297963
    outer loop
      vertex 59.0815 38.0141 0.0000
      vertex 58.7370 38.1947 0.8000
      vertex 59.0791 38.2691 0.8000
    endloop
  endfacet
  facet normal -0.203898 0.932447 -0.298275
    outer loop
      vertex 58.7427 37.9400 0.0000
      vertex 58.4039 37.8659 0.0000
      vertex 58.3950 38.1199 0.8000
    endloop
  endfacet
  facet normal -0.203898 0.932447 -0.298275
    outer loop
      vertex 58.7427 37.9400 0.0000
      vertex 58.3950 38.1199 0.8000
      vertex 58.7370 38.1947 0.8000
    endloop
  endfacet
  facet normal -0.203898 0.932447 -0.298275
    outer loop
      vertex 58.4039 37.8659 0.0000
      vertex 58.0651 37.7918 0.0000
      vertex 58.0529 38.0451 0.8000
    endloop
  endfacet
  facet normal -0.203898 0.932447 -0.298275
    outer loop
      vertex 58.4039 37.8659 0.0000
      vertex 58.0529 38.0451 0.8000
      vertex 58.3950 38.1199 0.8000
    endloop
  endfacet
  facet normal -0.540466 0.769037 -0.341290
    outer loop
      vertex 58.0651 37.7918 0.0000
      vertex 57.7920 37.5999 0.0000
      vertex 57.7335 37.9138 0.8000
    endloop
  endfacet
  facet normal -0.364187 0.886290 -0.286107
    outer loop
      vertex 58.0651 37.7918 0.0000
      vertex 57.7335 37.9138 0.8000
      vertex 58.0529 38.0451 0.8000
    endloop
  endfacet
  facet normal -0.763030 0.572435 -0.300172
    outer loop
      vertex 57.7920 37.5999 0.0000
      vertex 57.5841 37.3227 0.0000
      vertex 57.5108 37.6446 0.8000
    endloop
  endfacet
  facet normal -0.736758 0.609377 -0.292999
    outer loop
      vertex 57.7920 37.5999 0.0000
      vertex 57.5108 37.6446 0.8000
      vertex 57.7335 37.9138 0.8000
    endloop
  endfacet
  facet normal -0.948566 -0.091070 -0.303198
    outer loop
      vertex 57.5841 37.3227 0.0000
      vertex 57.6159 36.9905 0.0000
      vertex 57.3257 37.3502 0.8000
    endloop
  endfacet
  facet normal -0.812645 0.511072 -0.280024
    outer loop
      vertex 57.5841 37.3227 0.0000
      vertex 57.3257 37.3502 0.8000
      vertex 57.5108 37.6446 0.8000
    endloop
  endfacet
  facet normal -0.898231 -0.322821 -0.298275
    outer loop
      vertex 57.6159 36.9905 0.0000
      vertex 57.7332 36.6641 0.0000
      vertex 57.3442 37.0073 0.8000
    endloop
  endfacet
  facet normal -0.945964 -0.051129 -0.320216
    outer loop
      vertex 57.6159 36.9905 0.0000
      vertex 57.3442 37.0073 0.8000
      vertex 57.3257 37.3502 0.8000
    endloop
  endfacet
  facet normal -0.898231 -0.322821 -0.298275
    outer loop
      vertex 57.7332 36.6641 0.0000
      vertex 57.8505 36.3377 0.0000
      vertex 57.4627 36.6778 0.8000
    endloop
  endfacet
  facet normal -0.898231 -0.322821 -0.298275
    outer loop
      vertex 57.7332 36.6641 0.0000
      vertex 57.4627 36.6778 0.8000
      vertex 57.3442 37.0073 0.8000
    endloop
  endfacet
  facet normal -0.895064 -0.332572 -0.297079
    outer loop
      vertex 57.8505 36.3377 0.0000
      vertex 57.9713 36.0126 0.0000
      vertex 57.5811 36.3483 0.8000
    endloop
  endfacet
  facet normal -0.898231 -0.322821 -0.298275
    outer loop
      vertex 57.8505 36.3377 0.0000
      vertex 57.5811 36.3483 0.8000
      vertex 57.4627 36.6778 0.8000
    endloop
  endfacet
  facet normal -0.887716 -0.350703 -0.298275
    outer loop
      vertex 57.9713 36.0126 0.0000
      vertex 58.0988 35.6901 0.0000
      vertex 57.7000 36.0190 0.8000
    endloop
  endfacet
  facet normal -0.896756 -0.323871 -0.301555
    outer loop
      vertex 57.9713 36.0126 0.0000
      vertex 57.7000 36.0190 0.8000
      vertex 57.5811 36.3483 0.8000
    endloop
  endfacet
  facet normal -0.887716 -0.350703 -0.298275
    outer loop
      vertex 58.0988 35.6901 0.0000
      vertex 58.2262 35.3675 0.0000
      vertex 57.8287 35.6934 0.8000
    endloop
  endfacet
  facet normal -0.887716 -0.350703 -0.298275
    outer loop
      vertex 58.0988 35.6901 0.0000
      vertex 57.8287 35.6934 0.8000
      vertex 57.7000 36.0190 0.8000
    endloop
  endfacet
  facet normal -0.887716 -0.350703 -0.298275
    outer loop
      vertex 58.2262 35.3675 0.0000
      vertex 58.3536 35.0450 0.0000
      vertex 57.9573 35.3677 0.8000
    endloop
  endfacet
  facet normal -0.887716 -0.350703 -0.298275
    outer loop
      vertex 58.2262 35.3675 0.0000
      vertex 57.9573 35.3677 0.8000
      vertex 57.8287 35.6934 0.8000
    endloop
  endfacet
  facet normal -0.887716 -0.350703 -0.298275
    outer loop
      vertex 58.3536 35.0450 0.0000
      vertex 58.4811 34.7224 0.0000
      vertex 58.0860 35.0421 0.8000
    endloop
  endfacet
  facet normal -0.887716 -0.350703 -0.298275
    outer loop
      vertex 58.3536 35.0450 0.0000
      vertex 58.0860 35.0421 0.8000
      vertex 57.9573 35.3677 0.8000
    endloop
  endfacet
  facet normal -0.947671 -0.045622 -0.315972
    outer loop
      vertex 58.4811 34.7224 0.0000
      vertex 58.4973 34.3852 0.0000
      vertex 58.2146 34.7164 0.8000
    endloop
  endfacet
  facet normal -0.887716 -0.350703 -0.298275
    outer loop
      vertex 58.4811 34.7224 0.0000
      vertex 58.2146 34.7164 0.8000
      vertex 58.0860 35.0421 0.8000
    endloop
  endfacet
  facet normal -0.925111 0.234949 -0.298275
    outer loop
      vertex 58.4973 34.3852 0.0000
      vertex 58.4119 34.0490 0.0000
      vertex 58.2385 34.3817 0.8000
    endloop
  endfacet
  facet normal -0.949177 -0.067633 -0.307390
    outer loop
      vertex 58.4973 34.3852 0.0000
      vertex 58.2385 34.3817 0.8000
      vertex 58.2146 34.7164 0.8000
    endloop
  endfacet
  facet normal -0.925111 0.234949 -0.298275
    outer loop
      vertex 58.4119 34.0490 0.0000
      vertex 58.3265 33.7129 0.0000
      vertex 58.1523 34.0423 0.8000
    endloop
  endfacet
  facet normal -0.925111 0.234949 -0.298275
    outer loop
      vertex 58.4119 34.0490 0.0000
      vertex 58.1523 34.0423 0.8000
      vertex 58.2385 34.3817 0.8000
    endloop
  endfacet
  facet normal -0.925111 0.234949 -0.298275
    outer loop
      vertex 58.3265 33.7129 0.0000
      vertex 58.2412 33.3768 0.0000
      vertex 58.0661 33.7030 0.8000
    endloop
  endfacet
  facet normal -0.925111 0.234949 -0.298275
    outer loop
      vertex 58.3265 33.7129 0.0000
      vertex 58.0661 33.7030 0.8000
      vertex 58.1523 34.0423 0.8000
    endloop
  endfacet
  facet normal -0.812074 0.522399 -0.260068
    outer loop
      vertex 58.2412 33.3768 0.0000
      vertex 58.0584 33.0926 0.0000
      vertex 57.9771 33.3645 0.8000
    endloop
  endfacet
  facet normal -0.922354 0.242508 -0.300754
    outer loop
      vertex 58.2412 33.3768 0.0000
      vertex 57.9771 33.3645 0.8000
      vertex 58.0661 33.7030 0.8000
    endloop
  endfacet
  facet normal -0.624590 0.721748 -0.298275
    outer loop
      vertex 58.0584 33.0926 0.0000
      vertex 57.7961 32.8656 0.0000
      vertex 57.7190 33.1295 0.8000
    endloop
  endfacet
  facet normal -0.641272 0.704288 -0.304547
    outer loop
      vertex 58.0584 33.0926 0.0000
      vertex 57.7190 33.1295 0.8000
      vertex 57.9771 33.3645 0.8000
    endloop
  endfacet
  facet normal -0.624590 0.721748 -0.298275
    outer loop
      vertex 57.7961 32.8656 0.0000
      vertex 57.5339 32.6387 0.0000
      vertex 57.4542 32.9004 0.8000
    endloop
  endfacet
  facet normal -0.624590 0.721748 -0.298275
    outer loop
      vertex 57.7961 32.8656 0.0000
      vertex 57.4542 32.9004 0.8000
      vertex 57.7190 33.1295 0.8000
    endloop
  endfacet
  facet normal -0.624590 0.721748 -0.298275
    outer loop
      vertex 57.5339 32.6387 0.0000
      vertex 57.2716 32.4117 0.0000
      vertex 57.1894 32.6712 0.8000
    endloop
  endfacet
  facet normal -0.624590 0.721748 -0.298275
    outer loop
      vertex 57.5339 32.6387 0.0000
      vertex 57.1894 32.6712 0.8000
      vertex 57.4542 32.9004 0.8000
    endloop
  endfacet
  facet normal -0.491643 0.820919 -0.290481
    outer loop
      vertex 57.2716 32.4117 0.0000
      vertex 56.9777 32.2357 0.0000
      vertex 56.9047 32.4751 0.8000
    endloop
  endfacet
  facet normal -0.539497 0.783069 -0.309428
    outer loop
      vertex 57.2716 32.4117 0.0000
      vertex 56.9047 32.4751 0.8000
      vertex 57.1894 32.6712 0.8000
    endloop
  endfacet
  facet normal -0.319527 0.899408 -0.298275
    outer loop
      vertex 56.9777 32.2357 0.0000
      vertex 56.6509 32.1196 0.0000
      vertex 56.5748 32.3579 0.8000
    endloop
  endfacet
  facet normal -0.319527 0.899408 -0.298275
    outer loop
      vertex 56.9777 32.2357 0.0000
      vertex 56.5748 32.3579 0.8000
      vertex 56.9047 32.4751 0.8000
    endloop
  endfacet
  facet normal -0.319527 0.899408 -0.298275
    outer loop
      vertex 56.6509 32.1196 0.0000
      vertex 56.3241 32.0035 0.0000
      vertex 56.2449 32.2407 0.8000
    endloop
  endfacet
  facet normal -0.319527 0.899408 -0.298275
    outer loop
      vertex 56.6509 32.1196 0.0000
      vertex 56.2449 32.2407 0.8000
      vertex 56.5748 32.3579 0.8000
    endloop
  endfacet
  facet normal -0.319527 0.899408 -0.298275
    outer loop
      vertex 56.3241 32.0035 0.0000
      vertex 55.9973 31.8874 0.0000
      vertex 55.9149 32.1234 0.8000
    endloop
  endfacet
  facet normal -0.319527 0.899408 -0.298275
    outer loop
      vertex 56.3241 32.0035 0.0000
      vertex 55.9149 32.1234 0.8000
      vertex 56.2449 32.2407 0.8000
    endloop
  endfacet
  facet normal -0.313236 0.900511 -0.301600
    outer loop
      vertex 55.9973 31.8874 0.0000
      vertex 55.6698 31.7735 0.0000
      vertex 55.5836 32.0114 0.8000
    endloop
  endfacet
  facet normal -0.305681 0.904210 -0.298267
    outer loop
      vertex 55.9973 31.8874 0.0000
      vertex 55.5836 32.0114 0.8000
      vertex 55.9149 32.1234 0.8000
    endloop
  endfacet
  facet normal -0.109394 0.947909 -0.299169
    outer loop
      vertex 55.6698 31.7735 0.0000
      vertex 55.3254 31.7337 0.0000
      vertex 55.2353 31.9758 0.8000
    endloop
  endfacet
  facet normal -0.097265 0.951037 -0.293373
    outer loop
      vertex 55.6698 31.7735 0.0000
      vertex 55.2353 31.9758 0.8000
      vertex 55.5836 32.0114 0.8000
    endloop
  endfacet
  facet normal -0.097111 0.949527 -0.298275
    outer loop
      vertex 55.3254 31.7337 0.0000
      vertex 54.9804 31.6984 0.0000
      vertex 54.8870 31.9402 0.8000
    endloop
  endfacet
  facet normal -0.097111 0.949527 -0.298275
    outer loop
      vertex 55.3254 31.7337 0.0000
      vertex 54.8870 31.9402 0.8000
      vertex 55.2353 31.9758 0.8000
    endloop
  endfacet
  facet normal -0.097111 0.949527 -0.298275
    outer loop
      vertex 54.9804 31.6984 0.0000
      vertex 54.6354 31.6632 0.0000
      vertex 54.5387 31.9046 0.8000
    endloop
  endfacet
  facet normal -0.097111 0.949527 -0.298275
    outer loop
      vertex 54.9804 31.6984 0.0000
      vertex 54.5387 31.9046 0.8000
      vertex 54.8870 31.9402 0.8000
    endloop
  endfacet
  facet normal -0.097111 0.949527 -0.298275
    outer loop
      vertex 54.6354 31.6632 0.0000
      vertex 54.2904 31.6279 0.0000
      vertex 54.1903 31.8689 0.8000
    endloop
  endfacet
  facet normal -0.097111 0.949527 -0.298275
    outer loop
      vertex 54.6354 31.6632 0.0000
      vertex 54.1903 31.8689 0.8000
      vertex 54.5387 31.9046 0.8000
    endloop
  endfacet
  facet normal -0.065931 0.945774 -0.318065
    outer loop
      vertex 54.2904 31.6279 0.0000
      vertex 53.9450 31.6038 0.0000
      vertex 53.8419 31.8656 0.8000
    endloop
  endfacet
  facet normal -0.009056 0.957119 -0.289554
    outer loop
      vertex 54.2904 31.6279 0.0000
      vertex 53.8419 31.8656 0.8000
      vertex 54.1903 31.8689 0.8000
    endloop
  endfacet
  facet normal 0.097111 0.949527 -0.298275
    outer loop
      vertex 53.9450 31.6038 0.0000
      vertex 53.6000 31.6391 0.0000
      vertex 53.4936 31.9013 0.8000
    endloop
  endfacet
  facet normal 0.097111 0.949527 -0.298275
    outer loop
      vertex 53.9450 31.6038 0.0000
      vertex 53.4936 31.9013 0.8000
      vertex 53.8419 31.8656 0.8000
    endloop
  endfacet
  facet normal 0.097111 0.949527 -0.298275
    outer loop
      vertex 53.6000 31.6391 0.0000
      vertex 53.2550 31.6744 0.0000
      vertex 53.1453 31.9369 0.8000
    endloop
  endfacet
  facet normal 0.097111 0.949527 -0.298275
    outer loop
      vertex 53.6000 31.6391 0.0000
      vertex 53.1453 31.9369 0.8000
      vertex 53.4936 31.9013 0.8000
    endloop
  endfacet
  facet normal 0.097111 0.949527 -0.298275
    outer loop
      vertex 53.2550 31.6744 0.0000
      vertex 52.9100 31.7097 0.0000
      vertex 52.7969 31.9725 0.8000
    endloop
  endfacet
  facet normal 0.097111 0.949527 -0.298275
    outer loop
      vertex 53.2550 31.6744 0.0000
      vertex 52.7969 31.9725 0.8000
      vertex 53.1453 31.9369 0.8000
    endloop
  endfacet
  facet normal 0.097111 0.949527 -0.298275
    outer loop
      vertex 52.9100 31.7097 0.0000
      vertex 52.5650 31.7449 0.0000
      vertex 52.4486 32.0081 0.8000
    endloop
  endfacet
  facet normal 0.097111 0.949527 -0.298275
    outer loop
      vertex 52.9100 31.7097 0.0000
      vertex 52.4486 32.0081 0.8000
      vertex 52.7969 31.9725 0.8000
    endloop
  endfacet
  facet normal 0.173010 0.928204 -0.329399
    outer loop
      vertex 52.5650 31.7449 0.0000
      vertex 52.2257 31.8082 0.0000
      vertex 52.1156 32.1126 0.8000
    endloop
  endfacet
  facet normal 0.288909 0.921084 -0.261027
    outer loop
      vertex 52.5650 31.7449 0.0000
      vertex 52.1156 32.1126 0.8000
      vertex 52.4486 32.0081 0.8000
    endloop
  endfacet
  facet normal 0.319527 0.899408 -0.298275
    outer loop
      vertex 52.2257 31.8082 0.0000
      vertex 51.8989 31.9243 0.0000
      vertex 51.7857 32.2298 0.8000
    endloop
  endfacet
  facet normal 0.319527 0.899408 -0.298275
    outer loop
      vertex 52.2257 31.8082 0.0000
      vertex 51.7857 32.2298 0.8000
      vertex 52.1156 32.1126 0.8000
    endloop
  endfacet
  facet normal 0.319527 0.899408 -0.298275
    outer loop
      vertex 51.8989 31.9243 0.0000
      vertex 51.5721 32.0404 0.0000
      vertex 51.4557 32.3470 0.8000
    endloop
  endfacet
  facet normal 0.319527 0.899408 -0.298275
    outer loop
      vertex 51.8989 31.9243 0.0000
      vertex 51.4557 32.3470 0.8000
      vertex 51.7857 32.2298 0.8000
    endloop
  endfacet
  facet normal 0.319527 0.899408 -0.298275
    outer loop
      vertex 51.5721 32.0404 0.0000
      vertex 51.2453 32.1565 0.0000
      vertex 51.1258 32.4642 0.8000
    endloop
  endfacet
  facet normal 0.319527 0.899408 -0.298275
    outer loop
      vertex 51.5721 32.0404 0.0000
      vertex 51.1258 32.4642 0.8000
      vertex 51.4557 32.3470 0.8000
    endloop
  endfacet
  facet normal 0.311832 0.871748 -0.377910
    outer loop
      vertex 51.2453 32.1565 0.0000
      vertex 50.9187 32.2733 0.0000
      vertex 50.8351 32.6500 0.8000
    endloop
  endfacet
  facet normal 0.523161 0.818674 -0.236802
    outer loop
      vertex 51.2453 32.1565 0.0000
      vertex 50.8351 32.6500 0.8000
      vertex 51.1258 32.4642 0.8000
    endloop
  endfacet
  facet normal 0.578230 0.751617 -0.317367
    outer loop
      vertex 50.9187 32.2733 0.0000
      vertex 50.6451 32.4838 0.0000
      vertex 50.5703 32.8791 0.8000
    endloop
  endfacet
  facet normal 0.628877 0.726702 -0.276439
    outer loop
      vertex 50.9187 32.2733 0.0000
      vertex 50.5703 32.8791 0.8000
      vertex 50.8351 32.6500 0.8000
    endloop
  endfacet
  facet normal 0.624590 0.721748 -0.298275
    outer loop
      vertex 50.6451 32.4838 0.0000
      vertex 50.3828 32.7108 0.0000
      vertex 50.3055 33.1083 0.8000
    endloop
  endfacet
  facet normal 0.624590 0.721748 -0.298275
    outer loop
      vertex 50.6451 32.4838 0.0000
      vertex 50.3055 33.1083 0.8000
      vertex 50.5703 32.8791 0.8000
    endloop
  endfacet
  facet normal 0.624341 0.721461 -0.299488
    outer loop
      vertex 50.3828 32.7108 0.0000
      vertex 50.1206 32.9377 0.0000
      vertex 50.0416 33.3382 0.8000
    endloop
  endfacet
  facet normal 0.627114 0.720013 -0.297169
    outer loop
      vertex 50.3828 32.7108 0.0000
      vertex 50.0416 33.3382 0.8000
      vertex 50.3055 33.1083 0.8000
    endloop
  endfacet
  facet normal 0.579628 0.660869 -0.476743
    outer loop
      vertex 50.1206 32.9377 0.0000
      vertex 49.8599 33.1664 0.0000
      vertex 49.9419 33.6715 0.8000
    endloop
  endfacet
  facet normal 0.956963 0.286093 -0.048704
    outer loop
      vertex 50.1206 32.9377 0.0000
      vertex 49.9419 33.6715 0.8000
      vertex 50.0416 33.3382 0.8000
    endloop
  endfacet
  facet normal 0.863591 0.348977 -0.363904
    outer loop
      vertex 49.8599 33.1664 0.0000
      vertex 49.7317 33.4836 0.0000
      vertex 49.8557 34.0109 0.8000
    endloop
  endfacet
  facet normal 0.939220 0.238532 -0.246916
    outer loop
      vertex 49.8599 33.1664 0.0000
      vertex 49.8557 34.0109 0.8000
      vertex 49.9419 33.6715 0.8000
    endloop
  endfacet
  facet normal 0.925111 0.234949 -0.298275
    outer loop
      vertex 49.7317 33.4836 0.0000
      vertex 49.6463 33.8197 0.0000
      vertex 49.7695 34.3503 0.8000
    endloop
  endfacet
  facet normal 0.925111 0.234949 -0.298275
    outer loop
      vertex 49.7317 33.4836 0.0000
      vertex 49.7695 34.3503 0.8000
      vertex 49.8557 34.0109 0.8000
    endloop
  endfacet
  facet normal 0.893388 0.226892 -0.387785
    outer loop
      vertex 49.6463 33.8197 0.0000
      vertex 49.5610 34.1559 0.0000
      vertex 49.7735 34.6863 0.8000
    endloop
  endfacet
  facet normal 0.989420 -0.011690 -0.144607
    outer loop
      vertex 49.6463 33.8197 0.0000
      vertex 49.7735 34.6863 0.8000
      vertex 49.7695 34.3503 0.8000
    endloop
  endfacet
  facet normal 0.807290 0.197843 -0.556005
    outer loop
      vertex 49.5610 34.1559 0.0000
      vertex 49.4784 34.4926 0.0000
      vertex 49.9021 35.0119 0.8000
    endloop
  endfacet
  facet normal 0.930046 -0.367426 -0.003454
    outer loop
      vertex 49.5610 34.1559 0.0000
      vertex 49.9021 35.0119 0.8000
      vertex 49.7735 34.6863 0.8000
    endloop
  endfacet
  facet normal 0.895546 -0.218318 -0.387730
    outer loop
      vertex 49.4784 34.4926 0.0000
      vertex 49.5594 34.8249 0.0000
      vertex 50.0308 35.3376 0.8000
    endloop
  endfacet
  facet normal 0.901416 -0.356115 -0.246236
    outer loop
      vertex 49.4784 34.4926 0.0000
      vertex 50.0308 35.3376 0.8000
      vertex 49.9021 35.0119 0.8000
    endloop
  endfacet
  facet normal 0.887716 -0.350703 -0.298275
    outer loop
      vertex 49.5594 34.8249 0.0000
      vertex 49.6869 35.1475 0.0000
      vertex 50.1594 35.6632 0.8000
    endloop
  endfacet
  facet normal 0.887716 -0.350703 -0.298275
    outer loop
      vertex 49.5594 34.8249 0.0000
      vertex 50.1594 35.6632 0.8000
      vertex 50.0308 35.3376 0.8000
    endloop
  endfacet
  facet normal 0.887716 -0.350703 -0.298275
    outer loop
      vertex 49.6869 35.1475 0.0000
      vertex 49.8143 35.4700 0.0000
      vertex 50.2881 35.9889 0.8000
    endloop
  endfacet
  facet normal 0.887716 -0.350703 -0.298275
    outer loop
      vertex 49.6869 35.1475 0.0000
      vertex 50.2881 35.9889 0.8000
      vertex 50.1594 35.6632 0.8000
    endloop
  endfacet
  facet normal 0.890636 -0.351856 -0.288037
    outer loop
      vertex 49.8143 35.4700 0.0000
      vertex 49.9417 35.7926 0.0000
      vertex 50.4080 36.3178 0.8000
    endloop
  endfacet
  facet normal 0.891065 -0.324729 -0.317104
    outer loop
      vertex 49.8143 35.4700 0.0000
      vertex 50.4080 36.3178 0.8000
      vertex 50.2881 35.9889 0.8000
    endloop
  endfacet
  facet normal 0.893934 -0.353159 -0.275972
    outer loop
      vertex 49.9417 35.7926 0.0000
      vertex 50.0692 36.1151 0.0000
      vertex 50.5264 36.6473 0.8000
    endloop
  endfacet
  facet normal 0.894623 -0.321524 -0.310276
    outer loop
      vertex 49.9417 35.7926 0.0000
      vertex 50.5264 36.6473 0.8000
      vertex 50.4080 36.3178 0.8000
    endloop
  endfacet
  facet normal 0.898139 -0.323612 -0.297693
    outer loop
      vertex 50.0692 36.1151 0.0000
      vertex 50.1867 36.4414 0.0000
      vertex 50.6448 36.9768 0.8000
    endloop
  endfacet
  facet normal 0.898141 -0.322789 -0.298581
    outer loop
      vertex 50.0692 36.1151 0.0000
      vertex 50.6448 36.9768 0.8000
      vertex 50.5264 36.6473 0.8000
    endloop
  endfacet
  facet normal 0.920662 -0.330883 -0.207118
    outer loop
      vertex 50.1867 36.4414 0.0000
      vertex 50.3040 36.7678 0.0000
      vertex 50.6820 37.3188 0.8000
    endloop
  endfacet
  facet normal 0.890302 -0.096897 -0.444942
    outer loop
      vertex 50.1867 36.4414 0.0000
      vertex 50.6820 37.3188 0.8000
      vertex 50.6448 36.9768 0.8000
    endloop
  endfacet
  facet normal 0.934502 -0.335857 0.117928
    outer loop
      vertex 50.3040 36.7678 0.0000
      vertex 50.4213 37.0942 0.0000
      vertex 50.5090 37.6189 0.8000
    endloop
  endfacet
  facet normal 0.691905 0.398983 -0.601731
    outer loop
      vertex 50.3040 36.7678 0.0000
      vertex 50.5090 37.6189 0.8000
      vertex 50.6820 37.3188 0.8000
    endloop
  endfacet
  facet normal 0.976028 0.211301 -0.052162
    outer loop
      vertex 50.4213 37.0942 0.0000
      vertex 50.3524 37.4125 0.0000
      vertex 50.2912 37.8929 0.8000
    endloop
  endfacet
  facet normal 0.701802 0.557972 -0.442878
    outer loop
      vertex 50.4213 37.0942 0.0000
      vertex 50.2912 37.8929 0.8000
      vertex 50.5090 37.6189 0.8000
    endloop
  endfacet
  facet normal 0.786252 0.608307 -0.108491
    outer loop
      vertex 50.3524 37.4125 0.0000
      vertex 50.1402 37.6868 0.0000
      vertex 49.9787 38.0382 0.8000
    endloop
  endfacet
  facet normal 0.375353 0.807046 -0.455836
    outer loop
      vertex 50.3524 37.4125 0.0000
      vertex 49.9787 38.0382 0.8000
      vertex 50.2912 37.8929 0.8000
    endloop
  endfacet
  facet normal 0.368371 0.896605 -0.245768
    outer loop
      vertex 50.1402 37.6868 0.0000
      vertex 49.8272 37.8154 0.0000
      vertex 49.6367 38.1130 0.8000
    endloop
  endfacet
  facet normal 0.199295 0.911394 -0.360059
    outer loop
      vertex 50.1402 37.6868 0.0000
      vertex 49.6367 38.1130 0.8000
      vertex 49.9787 38.0382 0.8000
    endloop
  endfacet
  facet normal 0.203898 0.932447 -0.298275
    outer loop
      vertex 49.8272 37.8154 0.0000
      vertex 49.4884 37.8895 0.0000
      vertex 49.2946 38.1878 0.8000
    endloop
  endfacet
  facet normal 0.203898 0.932447 -0.298275
    outer loop
      vertex 49.8272 37.8154 0.0000
      vertex 49.2946 38.1878 0.8000
      vertex 49.6367 38.1130 0.8000
    endloop
  endfacet
  facet normal 0.203898 0.932447 -0.298275
    outer loop
      vertex 49.4884 37.8895 0.0000
      vertex 49.1496 37.9636 0.0000
      vertex 48.9526 38.2626 0.8000
    endloop
  endfacet
  facet normal 0.203898 0.932447 -0.298275
    outer loop
      vertex 49.4884 37.8895 0.0000
      vertex 48.9526 38.2626 0.8000
      vertex 49.2946 38.1878 0.8000
    endloop
  endfacet
  facet normal 0.184435 0.951966 -0.244427
    outer loop
      vertex 49.1496 37.9636 0.0000
      vertex 48.8096 38.0294 0.0000
      vertex 48.6039 38.2747 0.8000
    endloop
  endfacet
  facet normal 0.032701 0.938830 -0.342824
    outer loop
      vertex 49.1496 37.9636 0.0000
      vertex 48.6039 38.2747 0.8000
      vertex 48.9526 38.2626 0.8000
    endloop
  endfacet
  facet normal -0.022700 0.954253 -0.298137
    outer loop
      vertex 48.8096 38.0294 0.0000
      vertex 48.4629 38.0212 0.0000
      vertex 48.2539 38.2662 0.8000
    endloop
  endfacet
  facet normal -0.023292 0.954122 -0.298510
    outer loop
      vertex 48.8096 38.0294 0.0000
      vertex 48.2539 38.2662 0.8000
      vertex 48.6039 38.2747 0.8000
    endloop
  endfacet
  facet normal -0.023294 0.954196 -0.298275
    outer loop
      vertex 48.4629 38.0212 0.0000
      vertex 48.1162 38.0127 0.0000
      vertex 47.9038 38.2576 0.8000
    endloop
  endfacet
  facet normal -0.023294 0.954196 -0.298275
    outer loop
      vertex 48.4629 38.0212 0.0000
      vertex 47.9038 38.2576 0.8000
      vertex 48.2539 38.2662 0.8000
    endloop
  endfacet
  facet normal -0.023294 0.954196 -0.298275
    outer loop
      vertex 48.1162 38.0127 0.0000
      vertex 47.7695 38.0043 0.0000
      vertex 47.5538 38.2491 0.8000
    endloop
  endfacet
  facet normal -0.023294 0.954196 -0.298275
    outer loop
      vertex 48.1162 38.0127 0.0000
      vertex 47.5538 38.2491 0.8000
      vertex 47.9038 38.2576 0.8000
    endloop
  endfacet
  facet normal -0.023294 0.954196 -0.298275
    outer loop
      vertex 47.7695 38.0043 0.0000
      vertex 47.4228 37.9958 0.0000
      vertex 47.2038 38.2405 0.8000
    endloop
  endfacet
  facet normal -0.023294 0.954196 -0.298275
    outer loop
      vertex 47.7695 38.0043 0.0000
      vertex 47.2038 38.2405 0.8000
      vertex 47.5538 38.2491 0.8000
    endloop
  endfacet
  facet normal -0.023330 0.955650 -0.293578
    outer loop
      vertex 47.4228 37.9958 0.0000
      vertex 47.0761 37.9873 0.0000
      vertex 46.8540 38.2277 0.8000
    endloop
  endfacet
  facet normal -0.035012 0.952949 -0.301102
    outer loop
      vertex 47.4228 37.9958 0.0000
      vertex 46.8540 38.2277 0.8000
      vertex 47.2038 38.2405 0.8000
    endloop
  endfacet
  facet normal -0.077555 0.954662 -0.287413
    outer loop
      vertex 47.0761 37.9873 0.0000
      vertex 46.7308 37.9593 0.0000
      vertex 46.5069 38.1819 0.8000
    endloop
  endfacet
  facet normal -0.123881 0.940338 -0.316889
    outer loop
      vertex 47.0761 37.9873 0.0000
      vertex 46.5069 38.1819 0.8000
      vertex 46.8540 38.2277 0.8000
    endloop
  endfacet
  facet normal -0.124667 0.946303 -0.298275
    outer loop
      vertex 46.7308 37.9593 0.0000
      vertex 46.3870 37.9140 0.0000
      vertex 46.1597 38.1362 0.8000
    endloop
  endfacet
  facet normal -0.124667 0.946303 -0.298275
    outer loop
      vertex 46.7308 37.9593 0.0000
      vertex 46.1597 38.1362 0.8000
      vertex 46.5069 38.1819 0.8000
    endloop
  endfacet
  facet normal -0.124667 0.946303 -0.298275
    outer loop
      vertex 46.3870 37.9140 0.0000
      vertex 46.0431 37.8687 0.0000
      vertex 45.8126 38.0905 0.8000
    endloop
  endfacet
  facet normal -0.124667 0.946303 -0.298275
    outer loop
      vertex 46.3870 37.9140 0.0000
      vertex 45.8126 38.0905 0.8000
      vertex 46.1597 38.1362 0.8000
    endloop
  endfacet
  facet normal -0.124667 0.946303 -0.298275
    outer loop
      vertex 46.0431 37.8687 0.0000
      vertex 45.6993 37.8234 0.0000
      vertex 45.4655 38.0447 0.8000
    endloop
  endfacet
  facet normal -0.124667 0.946303 -0.298275
    outer loop
      vertex 46.0431 37.8687 0.0000
      vertex 45.4655 38.0447 0.8000
      vertex 45.8126 38.0905 0.8000
    endloop
  endfacet
  facet normal -0.124667 0.946303 -0.298275
    outer loop
      vertex 45.6993 37.8234 0.0000
      vertex 45.3554 37.7781 0.0000
      vertex 45.1183 37.9990 0.8000
    endloop
  endfacet
  facet normal -0.124667 0.946303 -0.298275
    outer loop
      vertex 45.6993 37.8234 0.0000
      vertex 45.1183 37.9990 0.8000
      vertex 45.4655 38.0447 0.8000
    endloop
  endfacet
  facet normal -0.124667 0.946303 -0.298275
    outer loop
      vertex 45.3554 37.7781 0.0000
      vertex 45.0116 37.7328 0.0000
      vertex 44.7712 37.9533 0.8000
    endloop
  endfacet
  facet normal -0.124667 0.946303 -0.298275
    outer loop
      vertex 45.3554 37.7781 0.0000
      vertex 44.7712 37.9533 0.8000
      vertex 45.1183 37.9990 0.8000
    endloop
  endfacet
  facet normal -0.125036 0.949106 -0.289074
    outer loop
      vertex 45.0116 37.7328 0.0000
      vertex 44.6677 37.6875 0.0000
      vertex 44.4254 37.8992 0.8000
    endloop
  endfacet
  facet normal -0.147153 0.941347 -0.303666
    outer loop
      vertex 45.0116 37.7328 0.0000
      vertex 44.4254 37.8992 0.8000
      vertex 44.7712 37.9533 0.8000
    endloop
  endfacet
  facet normal -0.170351 0.939893 -0.295940
    outer loop
      vertex 44.6677 37.6875 0.0000
      vertex 44.3265 37.6256 0.0000
      vertex 44.0815 37.8331 0.8000
    endloop
  endfacet
  facet normal -0.179912 0.936095 -0.302255
    outer loop
      vertex 44.6677 37.6875 0.0000
      vertex 44.0815 37.8331 0.8000
      vertex 44.4254 37.8992 0.8000
    endloop
  endfacet
  facet normal -0.180149 0.937325 -0.298275
    outer loop
      vertex 44.3265 37.6256 0.0000
      vertex 43.9860 37.5602 0.0000
      vertex 43.7377 37.7670 0.8000
    endloop
  endfacet
  facet normal -0.180149 0.937325 -0.298275
    outer loop
      vertex 44.3265 37.6256 0.0000
      vertex 43.7377 37.7670 0.8000
      vertex 44.0815 37.8331 0.8000
    endloop
  endfacet
  facet normal -0.180149 0.937325 -0.298275
    outer loop
      vertex 43.9860 37.5602 0.0000
      vertex 43.6454 37.4947 0.0000
      vertex 43.3939 37.7010 0.8000
    endloop
  endfacet
  facet normal -0.180149 0.937325 -0.298275
    outer loop
      vertex 43.9860 37.5602 0.0000
      vertex 43.3939 37.7010 0.8000
      vertex 43.7377 37.7670 0.8000
    endloop
  endfacet
  facet normal -0.180149 0.937325 -0.298275
    outer loop
      vertex 43.6454 37.4947 0.0000
      vertex 43.3048 37.4293 0.0000
      vertex 43.0500 37.6349 0.8000
    endloop
  endfacet
  facet normal -0.180149 0.937325 -0.298275
    outer loop
      vertex 43.6454 37.4947 0.0000
      vertex 43.0500 37.6349 0.8000
      vertex 43.3939 37.7010 0.8000
    endloop
  endfacet
  facet normal -0.180149 0.937325 -0.298275
    outer loop
      vertex 43.3048 37.4293 0.0000
      vertex 42.9642 37.3638 0.0000
      vertex 42.7062 37.5688 0.8000
    endloop
  endfacet
  facet normal -0.180149 0.937325 -0.298275
    outer loop
      vertex 43.3048 37.4293 0.0000
      vertex 42.7062 37.5688 0.8000
      vertex 43.0500 37.6349 0.8000
    endloop
  endfacet
  facet normal -0.180149 0.937325 -0.298275
    outer loop
      vertex 42.9642 37.3638 0.0000
      vertex 42.6236 37.2984 0.0000
      vertex 42.3623 37.5027 0.8000
    endloop
  endfacet
  facet normal -0.180149 0.937325 -0.298275
    outer loop
      vertex 42.9642 37.3638 0.0000
      vertex 42.3623 37.5027 0.8000
      vertex 42.7062 37.5688 0.8000
    endloop
  endfacet
  facet normal -0.180408 0.938675 -0.293840
    outer loop
      vertex 42.6236 37.2984 0.0000
      vertex 42.2830 37.2329 0.0000
      vertex 42.0193 37.4326 0.8000
    endloop
  endfacet
  facet normal -0.190865 0.934326 -0.301009
    outer loop
      vertex 42.6236 37.2984 0.0000
      vertex 42.0193 37.4326 0.8000
      vertex 42.3623 37.5027 0.8000
    endloop
  endfacet
  facet normal -0.204314 0.933215 -0.295577
    outer loop
      vertex 42.2830 37.2329 0.0000
      vertex 41.9443 37.1587 0.0000
      vertex 41.6782 37.3539 0.8000
    endloop
  endfacet
  facet normal -0.214478 0.928680 -0.302576
    outer loop
      vertex 42.2830 37.2329 0.0000
      vertex 41.6782 37.3539 0.8000
      vertex 42.0193 37.4326 0.8000
    endloop
  endfacet
  facet normal -0.214782 0.930000 -0.298275
    outer loop
      vertex 41.9443 37.1587 0.0000
      vertex 41.6064 37.0807 0.0000
      vertex 41.3370 37.2751 0.8000
    endloop
  endfacet
  facet normal -0.214782 0.930000 -0.298275
    outer loop
      vertex 41.9443 37.1587 0.0000
      vertex 41.3370 37.2751 0.8000
      vertex 41.6782 37.3539 0.8000
    endloop
  endfacet
  facet normal -0.214782 0.930000 -0.298275
    outer loop
      vertex 41.6064 37.0807 0.0000
      vertex 41.2685 37.0026 0.0000
      vertex 40.9959 37.1963 0.8000
    endloop
  endfacet
  facet normal -0.214782 0.930000 -0.298275
    outer loop
      vertex 41.6064 37.0807 0.0000
      vertex 40.9959 37.1963 0.8000
      vertex 41.3370 37.2751 0.8000
    endloop
  endfacet
  facet normal -0.214782 0.930000 -0.298275
    outer loop
      vertex 41.2685 37.0026 0.0000
      vertex 40.9305 36.9246 0.0000
      vertex 40.6547 37.1175 0.8000
    endloop
  endfacet
  facet normal -0.214782 0.930000 -0.298275
    outer loop
      vertex 41.2685 37.0026 0.0000
      vertex 40.6547 37.1175 0.8000
      vertex 40.9959 37.1963 0.8000
    endloop
  endfacet
  facet normal -0.214782 0.930000 -0.298275
    outer loop
      vertex 40.9305 36.9246 0.0000
      vertex 40.5926 36.8466 0.0000
      vertex 40.3135 37.0387 0.8000
    endloop
  endfacet
  facet normal -0.214782 0.930000 -0.298275
    outer loop
      vertex 40.9305 36.9246 0.0000
      vertex 40.3135 37.0387 0.8000
      vertex 40.6547 37.1175 0.8000
    endloop
  endfacet
  facet normal -0.214782 0.930000 -0.298275
    outer loop
      vertex 40.5926 36.8466 0.0000
      vertex 40.2547 36.7685 0.0000
      vertex 39.9724 36.9599 0.8000
    endloop
  endfacet
  facet normal -0.214782 0.930000 -0.298275
    outer loop
      vertex 40.5926 36.8466 0.0000
      vertex 39.9724 36.9599 0.8000
      vertex 40.3135 37.0387 0.8000
    endloop
  endfacet
  facet normal -0.215145 0.931570 -0.293071
    outer loop
      vertex 40.2547 36.7685 0.0000
      vertex 39.9168 36.6905 0.0000
      vertex 39.6324 36.8765 0.8000
    endloop
  endfacet
  facet normal -0.227193 0.925943 -0.301684
    outer loop
      vertex 40.2547 36.7685 0.0000
      vertex 39.6324 36.8765 0.8000
      vertex 39.9724 36.9599 0.8000
    endloop
  endfacet
  facet normal -0.235407 0.925257 -0.297460
    outer loop
      vertex 39.9168 36.6905 0.0000
      vertex 39.5807 36.6050 0.0000
      vertex 39.2933 36.7891 0.8000
    endloop
  endfacet
  facet normal -0.238228 0.923880 -0.299488
    outer loop
      vertex 39.9168 36.6905 0.0000
      vertex 39.2933 36.7891 0.8000
      vertex 39.6324 36.8765 0.8000
    endloop
  endfacet
  facet normal -0.238323 0.924248 -0.298275
    outer loop
      vertex 39.5807 36.6050 0.0000
      vertex 39.2448 36.5184 0.0000
      vertex 38.9543 36.7016 0.8000
    endloop
  endfacet
  facet normal -0.238323 0.924248 -0.298275
    outer loop
      vertex 39.5807 36.6050 0.0000
      vertex 38.9543 36.7016 0.8000
      vertex 39.2933 36.7891 0.8000
    endloop
  endfacet
  facet normal -0.238323 0.924248 -0.298275
    outer loop
      vertex 39.2448 36.5184 0.0000
      vertex 38.9090 36.4318 0.0000
      vertex 38.6152 36.6142 0.8000
    endloop
  endfacet
  facet normal -0.238323 0.924248 -0.298275
    outer loop
      vertex 39.2448 36.5184 0.0000
      vertex 38.6152 36.6142 0.8000
      vertex 38.9543 36.7016 0.8000
    endloop
  endfacet
  facet normal -0.238323 0.924248 -0.298275
    outer loop
      vertex 38.9090 36.4318 0.0000
      vertex 38.5732 36.3452 0.0000
      vertex 38.2762 36.5268 0.8000
    endloop
  endfacet
  facet normal -0.238323 0.924248 -0.298275
    outer loop
      vertex 38.9090 36.4318 0.0000
      vertex 38.2762 36.5268 0.8000
      vertex 38.6152 36.6142 0.8000
    endloop
  endfacet
  facet normal -0.238323 0.924248 -0.298275
    outer loop
      vertex 38.5732 36.3452 0.0000
      vertex 38.2373 36.2586 0.0000
      vertex 37.9371 36.4394 0.8000
    endloop
  endfacet
  facet normal -0.238323 0.924248 -0.298275
    outer loop
      vertex 38.5732 36.3452 0.0000
      vertex 37.9371 36.4394 0.8000
      vertex 38.2762 36.5268 0.8000
    endloop
  endfacet
  facet normal -0.240291 0.925161 -0.293832
    outer loop
      vertex 38.2373 36.2586 0.0000
      vertex 37.9017 36.1714 0.0000
      vertex 37.5994 36.3470 0.8000
    endloop
  endfacet
  facet normal -0.251501 0.919487 -0.302144
    outer loop
      vertex 38.2373 36.2586 0.0000
      vertex 37.5994 36.3470 0.8000
      vertex 37.9371 36.4394 0.8000
    endloop
  endfacet
  facet normal -0.255206 0.919729 -0.298275
    outer loop
      vertex 37.9017 36.1714 0.0000
      vertex 37.5675 36.0787 0.0000
      vertex 37.2620 36.2534 0.8000
    endloop
  endfacet
  facet normal -0.255206 0.919729 -0.298275
    outer loop
      vertex 37.9017 36.1714 0.0000
      vertex 37.2620 36.2534 0.8000
      vertex 37.5994 36.3470 0.8000
    endloop
  endfacet
  facet normal -0.255206 0.919729 -0.298275
    outer loop
      vertex 37.5675 36.0787 0.0000
      vertex 37.2333 35.9859 0.0000
      vertex 36.9247 36.1597 0.8000
    endloop
  endfacet
  facet normal -0.255206 0.919729 -0.298275
    outer loop
      vertex 37.5675 36.0787 0.0000
      vertex 36.9247 36.1597 0.8000
      vertex 37.2620 36.2534 0.8000
    endloop
  endfacet
  facet normal -0.255206 0.919729 -0.298275
    outer loop
      vertex 37.2333 35.9859 0.0000
      vertex 36.8991 35.8932 0.0000
      vertex 36.5873 36.0661 0.8000
    endloop
  endfacet
  facet normal -0.255206 0.919729 -0.298275
    outer loop
      vertex 37.2333 35.9859 0.0000
      vertex 36.5873 36.0661 0.8000
      vertex 36.9247 36.1597 0.8000
    endloop
  endfacet
  facet normal -0.257503 0.923697 -0.283683
    outer loop
      vertex 36.8991 35.8932 0.0000
      vertex 36.5650 35.8001 0.0000
      vertex 36.2545 35.9592 0.8000
    endloop
  endfacet
  facet normal -0.290928 0.905435 -0.309109
    outer loop
      vertex 36.8991 35.8932 0.0000
      vertex 36.2545 35.9592 0.8000
      vertex 36.5873 36.0661 0.8000
    endloop
  endfacet
  facet normal -0.460673 0.861812 -0.212275
    outer loop
      vertex 36.5650 35.8001 0.0000
      vertex 36.2684 35.6415 0.0000
      vertex 36.0224 35.7071 0.8000
    endloop
  endfacet
  facet normal -0.678233 0.624403 -0.387453
    outer loop
      vertex 36.5650 35.8001 0.0000
      vertex 36.0224 35.7071 0.8000
      vertex 36.2545 35.9592 0.8000
    endloop
  endfacet
  facet normal -0.911123 0.284792 -0.297905
    outer loop
      vertex 36.2684 35.6415 0.0000
      vertex 36.1651 35.3110 0.0000
      vertex 35.9225 35.3716 0.8000
    endloop
  endfacet
  facet normal -0.913302 0.271963 -0.303176
    outer loop
      vertex 36.2684 35.6415 0.0000
      vertex 35.9225 35.3716 0.8000
      vertex 36.0224 35.7071 0.8000
    endloop
  endfacet
  facet normal -0.919729 0.255206 -0.298275
    outer loop
      vertex 36.1651 35.3110 0.0000
      vertex 36.0724 34.9768 0.0000
      vertex 35.8288 35.0342 0.8000
    endloop
  endfacet
  facet normal -0.919729 0.255206 -0.298275
    outer loop
      vertex 36.1651 35.3110 0.0000
      vertex 35.8288 35.0342 0.8000
      vertex 35.9225 35.3716 0.8000
    endloop
  endfacet
  facet normal -0.919729 0.255206 -0.298275
    outer loop
      vertex 36.0724 34.9768 0.0000
      vertex 35.9796 34.6426 0.0000
      vertex 35.7352 34.6968 0.8000
    endloop
  endfacet
  facet normal -0.919729 0.255206 -0.298275
    outer loop
      vertex 36.0724 34.9768 0.0000
      vertex 35.7352 34.6968 0.8000
      vertex 35.8288 35.0342 0.8000
    endloop
  endfacet
  facet normal -0.919729 0.255206 -0.298275
    outer loop
      vertex 35.9796 34.6426 0.0000
      vertex 35.8869 34.3084 0.0000
      vertex 35.6416 34.3594 0.8000
    endloop
  endfacet
  facet normal -0.919729 0.255206 -0.298275
    outer loop
      vertex 35.9796 34.6426 0.0000
      vertex 35.6416 34.3594 0.8000
      vertex 35.7352 34.6968 0.8000
    endloop
  endfacet
  facet normal -0.921078 0.250584 -0.298032
    outer loop
      vertex 35.8869 34.3084 0.0000
      vertex 35.7959 33.9738 0.0000
      vertex 35.5500 34.0215 0.8000
    endloop
  endfacet
  facet normal -0.921191 0.249757 -0.298376
    outer loop
      vertex 35.8869 34.3084 0.0000
      vertex 35.5500 34.0215 0.8000
      vertex 35.6416 34.3594 0.8000
    endloop
  endfacet
  facet normal -0.924248 0.238323 -0.298275
    outer loop
      vertex 35.7959 33.9738 0.0000
      vertex 35.7093 33.6380 0.0000
      vertex 35.4626 33.6825 0.8000
    endloop
  endfacet
  facet normal -0.924248 0.238323 -0.298275
    outer loop
      vertex 35.7959 33.9738 0.0000
      vertex 35.4626 33.6825 0.8000
      vertex 35.5500 34.0215 0.8000
    endloop
  endfacet
  facet normal -0.924248 0.238323 -0.298275
    outer loop
      vertex 35.7093 33.6380 0.0000
      vertex 35.6227 33.3021 0.0000
      vertex 35.3751 33.3434 0.8000
    endloop
  endfacet
  facet normal -0.924248 0.238323 -0.298275
    outer loop
      vertex 35.7093 33.6380 0.0000
      vertex 35.3751 33.3434 0.8000
      vertex 35.4626 33.6825 0.8000
    endloop
  endfacet
  facet normal -0.924248 0.238323 -0.298275
    outer loop
      vertex 35.6227 33.3021 0.0000
      vertex 35.5361 32.9663 0.0000
      vertex 35.2877 33.0044 0.8000
    endloop
  endfacet
  facet normal -0.924248 0.238323 -0.298275
    outer loop
      vertex 35.6227 33.3021 0.0000
      vertex 35.2877 33.0044 0.8000
      vertex 35.3751 33.3434 0.8000
    endloop
  endfacet
  facet normal -0.924248 0.238323 -0.298275
    outer loop
      vertex 35.5361 32.9663 0.0000
      vertex 35.4495 32.6305 0.0000
      vertex 35.2003 32.6653 0.8000
    endloop
  endfacet
  facet normal -0.924248 0.238323 -0.298275
    outer loop
      vertex 35.5361 32.9663 0.0000
      vertex 35.2003 32.6653 0.8000
      vertex 35.2877 33.0044 0.8000
    endloop
  endfacet
  facet normal -0.924248 0.238323 -0.298275
    outer loop
      vertex 35.4495 32.6305 0.0000
      vertex 35.3629 32.2946 0.0000
      vertex 35.1129 32.3263 0.8000
    endloop
  endfacet
  facet normal -0.924248 0.238323 -0.298275
    outer loop
      vertex 35.4495 32.6305 0.0000
      vertex 35.1129 32.3263 0.8000
      vertex 35.2003 32.6653 0.8000
    endloop
  endfacet
  facet normal -0.927316 0.226645 -0.297855
    outer loop
      vertex 35.3629 32.2946 0.0000
      vertex 35.2805 31.9578 0.0000
      vertex 35.0305 31.9860 0.8000
    endloop
  endfacet
  facet normal -0.927537 0.224541 -0.298758
    outer loop
      vertex 35.3629 32.2946 0.0000
      vertex 35.0305 31.9860 0.8000
      vertex 35.1129 32.3263 0.8000
    endloop
  endfacet
  facet normal -0.930000 0.214782 -0.298275
    outer loop
      vertex 35.2805 31.9578 0.0000
      vertex 35.2025 31.6198 0.0000
      vertex 34.9517 31.6448 0.8000
    endloop
  endfacet
  facet normal -0.930000 0.214782 -0.298275
    outer loop
      vertex 35.2805 31.9578 0.0000
      vertex 34.9517 31.6448 0.8000
      vertex 35.0305 31.9860 0.8000
    endloop
  endfacet
  facet normal -0.930000 0.214782 -0.298275
    outer loop
      vertex 35.2025 31.6198 0.0000
      vertex 35.1245 31.2819 0.0000
      vertex 34.8729 31.3037 0.8000
    endloop
  endfacet
  facet normal -0.930000 0.214782 -0.298275
    outer loop
      vertex 35.2025 31.6198 0.0000
      vertex 34.8729 31.3037 0.8000
      vertex 34.9517 31.6448 0.8000
    endloop
  endfacet
  facet normal -0.930000 0.214782 -0.298275
    outer loop
      vertex 35.1245 31.2819 0.0000
      vertex 35.0464 30.9440 0.0000
      vertex 34.7941 30.9625 0.8000
    endloop
  endfacet
  facet normal -0.930000 0.214782 -0.298275
    outer loop
      vertex 35.1245 31.2819 0.0000
      vertex 34.7941 30.9625 0.8000
      vertex 34.8729 31.3037 0.8000
    endloop
  endfacet
  facet normal -0.930000 0.214782 -0.298275
    outer loop
      vertex 35.0464 30.9440 0.0000
      vertex 34.9684 30.6061 0.0000
      vertex 34.7153 30.6214 0.8000
    endloop
  endfacet
  facet normal -0.930000 0.214782 -0.298275
    outer loop
      vertex 35.0464 30.9440 0.0000
      vertex 34.7153 30.6214 0.8000
      vertex 34.7941 30.9625 0.8000
    endloop
  endfacet
  facet normal -0.930000 0.214782 -0.298275
    outer loop
      vertex 34.9684 30.6061 0.0000
      vertex 34.8903 30.2681 0.0000
      vertex 34.6365 30.2802 0.8000
    endloop
  endfacet
  facet normal -0.930000 0.214782 -0.298275
    outer loop
      vertex 34.9684 30.6061 0.0000
      vertex 34.6365 30.2802 0.8000
      vertex 34.7153 30.6214 0.8000
    endloop
  endfacet
  facet normal -0.930000 0.214782 -0.298275
    outer loop
      vertex 34.8903 30.2681 0.0000
      vertex 34.8123 29.9302 0.0000
      vertex 34.5577 29.9391 0.8000
    endloop
  endfacet
  facet normal -0.930000 0.214782 -0.298275
    outer loop
      vertex 34.8903 30.2681 0.0000
      vertex 34.5577 29.9391 0.8000
      vertex 34.6365 30.2802 0.8000
    endloop
  endfacet
  facet normal -0.935293 0.191308 -0.297704
    outer loop
      vertex 34.8123 29.9302 0.0000
      vertex 34.7428 29.5905 0.0000
      vertex 34.4892 29.5957 0.8000
    endloop
  endfacet
  facet normal -0.935572 0.186714 -0.299738
    outer loop
      vertex 34.8123 29.9302 0.0000
      vertex 34.4892 29.5957 0.8000
      vertex 34.5577 29.9391 0.8000
    endloop
  endfacet
  facet normal -0.937325 0.180149 -0.298275
    outer loop
      vertex 34.7428 29.5905 0.0000
      vertex 34.6773 29.2499 0.0000
      vertex 34.4231 29.2519 0.8000
    endloop
  endfacet
  facet normal -0.937325 0.180149 -0.298275
    outer loop
      vertex 34.7428 29.5905 0.0000
      vertex 34.4231 29.2519 0.8000
      vertex 34.4892 29.5957 0.8000
    endloop
  endfacet
  facet normal -0.937325 0.180149 -0.298275
    outer loop
      vertex 34.6773 29.2499 0.0000
      vertex 34.6119 28.9093 0.0000
      vertex 34.3571 28.9080 0.8000
    endloop
  endfacet
  facet normal -0.937325 0.180149 -0.298275
    outer loop
      vertex 34.6773 29.2499 0.0000
      vertex 34.3571 28.9080 0.8000
      vertex 34.4231 29.2519 0.8000
    endloop
  endfacet
  facet normal -0.937325 0.180149 -0.298275
    outer loop
      vertex 34.6119 28.9093 0.0000
      vertex 34.5464 28.5687 0.0000
      vertex 34.2910 28.5642 0.8000
    endloop
  endfacet
  facet normal -0.937325 0.180149 -0.298275
    outer loop
      vertex 34.6119 28.9093 0.0000
      vertex 34.2910 28.5642 0.8000
      vertex 34.3571 28.9080 0.8000
    endloop
  endfacet
  facet normal -0.937325 0.180149 -0.298275
    outer loop
      vertex 34.5464 28.5687 0.0000
      vertex 34.4810 28.2282 0.0000
      vertex 34.2249 28.2204 0.8000
    endloop
  endfacet
  facet normal -0.937325 0.180149 -0.298275
    outer loop
      vertex 34.5464 28.5687 0.0000
      vertex 34.2249 28.2204 0.8000
      vertex 34.2910 28.5642 0.8000
    endloop
  endfacet
  facet normal -0.937325 0.180149 -0.298275
    outer loop
      vertex 34.4810 28.2282 0.0000
      vertex 34.4155 27.8876 0.0000
      vertex 34.1588 27.8765 0.8000
    endloop
  endfacet
  facet normal -0.937325 0.180149 -0.298275
    outer loop
      vertex 34.4810 28.2282 0.0000
      vertex 34.1588 27.8765 0.8000
      vertex 34.2249 28.2204 0.8000
    endloop
  endfacet
  facet normal -0.937325 0.180149 -0.298275
    outer loop
      vertex 34.4155 27.8876 0.0000
      vertex 34.3500 27.5470 0.0000
      vertex 34.0927 27.5327 0.8000
    endloop
  endfacet
  facet normal -0.937325 0.180149 -0.298275
    outer loop
      vertex 34.4155 27.8876 0.0000
      vertex 34.0927 27.5327 0.8000
      vertex 34.1588 27.8765 0.8000
    endloop
  endfacet
  facet normal -0.943159 0.149717 -0.296707
    outer loop
      vertex 34.3500 27.5470 0.0000
      vertex 34.2957 27.2046 0.0000
      vertex 34.0411 27.1865 0.8000
    endloop
  endfacet
  facet normal -0.943250 0.140515 -0.300889
    outer loop
      vertex 34.3500 27.5470 0.0000
      vertex 34.0411 27.1865 0.8000
      vertex 34.0927 27.5327 0.8000
    endloop
  endfacet
  facet normal -0.946303 0.124667 -0.298275
    outer loop
      vertex 34.2957 27.2046 0.0000
      vertex 34.2504 26.8607 0.0000
      vertex 33.9954 26.8393 0.8000
    endloop
  endfacet
  facet normal -0.946303 0.124667 -0.298275
    outer loop
      vertex 34.2957 27.2046 0.0000
      vertex 33.9954 26.8393 0.8000
      vertex 34.0411 27.1865 0.8000
    endloop
  endfacet
  facet normal -0.946303 0.124667 -0.298275
    outer loop
      vertex 34.2504 26.8607 0.0000
      vertex 34.2051 26.5169 0.0000
      vertex 33.9497 26.4922 0.8000
    endloop
  endfacet
  facet normal -0.946303 0.124667 -0.298275
    outer loop
      vertex 34.2504 26.8607 0.0000
      vertex 33.9497 26.4922 0.8000
      vertex 33.9954 26.8393 0.8000
    endloop
  endfacet
  facet normal -0.946303 0.124667 -0.298275
    outer loop
      vertex 34.2051 26.5169 0.0000
      vertex 34.1598 26.1730 0.0000
      vertex 33.9040 26.1451 0.8000
    endloop
  endfacet
  facet normal -0.946303 0.124667 -0.298275
    outer loop
      vertex 34.2051 26.5169 0.0000
      vertex 33.9040 26.1451 0.8000
      vertex 33.9497 26.4922 0.8000
    endloop
  endfacet
  facet normal -0.946303 0.124667 -0.298275
    outer loop
      vertex 34.1598 26.1730 0.0000
      vertex 34.1145 25.8292 0.0000
      vertex 33.8582 25.7979 0.8000
    endloop
  endfacet
  facet normal -0.946303 0.124667 -0.298275
    outer loop
      vertex 34.1598 26.1730 0.0000
      vertex 33.8582 25.7979 0.8000
      vertex 33.9040 26.1451 0.8000
    endloop
  endfacet
  facet normal -0.946303 0.124667 -0.298275
    outer loop
      vertex 34.1145 25.8292 0.0000
      vertex 34.0692 25.4854 0.0000
      vertex 33.8125 25.4508 0.8000
    endloop
  endfacet
  facet normal -0.946303 0.124667 -0.298275
    outer loop
      vertex 34.1145 25.8292 0.0000
      vertex 33.8125 25.4508 0.8000
      vertex 33.8582 25.7979 0.8000
    endloop
  endfacet
  facet normal -0.946820 0.124735 -0.296603
    outer loop
      vertex 34.0692 25.4854 0.0000
      vertex 34.0239 25.1415 0.0000
      vertex 33.7683 25.1035 0.8000
    endloop
  endfacet
  facet normal -0.946742 0.120499 -0.298596
    outer loop
      vertex 34.0692 25.4854 0.0000
      vertex 33.7683 25.1035 0.8000
      vertex 33.8125 25.4508 0.8000
    endloop
  endfacet
  facet normal -0.953948 0.039582 -0.297349
    outer loop
      vertex 34.0239 25.1415 0.0000
      vertex 34.0095 24.7952 0.0000
      vertex 33.7584 24.7535 0.8000
    endloop
  endfacet
  facet normal -0.952583 0.026795 -0.303097
    outer loop
      vertex 34.0239 25.1415 0.0000
      vertex 33.7584 24.7535 0.8000
      vertex 33.7683 25.1035 0.8000
    endloop
  endfacet
  facet normal -0.954196 0.023294 -0.298275
    outer loop
      vertex 34.0095 24.7952 0.0000
      vertex 34.0011 24.4485 0.0000
      vertex 33.7499 24.4035 0.8000
    endloop
  endfacet
  facet normal -0.954196 0.023294 -0.298275
    outer loop
      vertex 34.0095 24.7952 0.0000
      vertex 33.7499 24.4035 0.8000
      vertex 33.7584 24.7535 0.8000
    endloop
  endfacet
  facet normal -0.954196 0.023294 -0.298275
    outer loop
      vertex 34.0011 24.4485 0.0000
      vertex 33.9926 24.1018 0.0000
      vertex 33.7413 24.0535 0.8000
    endloop
  endfacet
  facet normal -0.954196 0.023294 -0.298275
    outer loop
      vertex 34.0011 24.4485 0.0000
      vertex 33.7413 24.0535 0.8000
      vertex 33.7499 24.4035 0.8000
    endloop
  endfacet
  facet normal -0.954196 0.023294 -0.298275
    outer loop
      vertex 33.9926 24.1018 0.0000
      vertex 33.9841 23.7551 0.0000
      vertex 33.7328 23.7034 0.8000
    endloop
  endfacet
  facet normal -0.954196 0.023294 -0.298275
    outer loop
      vertex 33.9926 24.1018 0.0000
      vertex 33.7328 23.7034 0.8000
      vertex 33.7413 24.0535 0.8000
    endloop
  endfacet
  facet normal -0.954196 0.023294 -0.298275
    outer loop
      vertex 33.9841 23.7551 0.0000
      vertex 33.9757 23.4083 0.0000
      vertex 33.7243 23.3534 0.8000
    endloop
  endfacet
  facet normal -0.954196 0.023294 -0.298275
    outer loop
      vertex 33.9841 23.7551 0.0000
      vertex 33.7243 23.3534 0.8000
      vertex 33.7328 23.7034 0.8000
    endloop
  endfacet
  facet normal -0.955206 -0.039286 -0.293324
    outer loop
      vertex 33.9757 23.4083 0.0000
      vertex 33.9899 23.0634 0.0000
      vertex 33.7466 23.0057 0.8000
    endloop
  endfacet
  facet normal -0.951014 -0.061022 -0.303064
    outer loop
      vertex 33.9757 23.4083 0.0000
      vertex 33.7466 23.0057 0.8000
      vertex 33.7243 23.3534 0.8000
    endloop
  endfacet
  facet normal -0.932447 -0.203898 -0.298275
    outer loop
      vertex 33.9899 23.0634 0.0000
      vertex 34.0640 22.7246 0.0000
      vertex 33.8214 22.6636 0.8000
    endloop
  endfacet
  facet normal -0.932447 -0.203898 -0.298275
    outer loop
      vertex 33.9899 23.0634 0.0000
      vertex 33.8214 22.6636 0.8000
      vertex 33.7466 23.0057 0.8000
    endloop
  endfacet
  facet normal -0.932447 -0.203898 -0.298275
    outer loop
      vertex 34.0640 22.7246 0.0000
      vertex 34.1380 22.3858 0.0000
      vertex 33.8962 22.3216 0.8000
    endloop
  endfacet
  facet normal -0.932447 -0.203898 -0.298275
    outer loop
      vertex 34.0640 22.7246 0.0000
      vertex 33.8962 22.3216 0.8000
      vertex 33.8214 22.6636 0.8000
    endloop
  endfacet
  facet normal -0.932447 -0.203898 -0.298275
    outer loop
      vertex 34.1380 22.3858 0.0000
      vertex 34.2121 22.0470 0.0000
      vertex 33.9710 21.9795 0.8000
    endloop
  endfacet
  facet normal -0.932447 -0.203898 -0.298275
    outer loop
      vertex 34.1380 22.3858 0.0000
      vertex 33.9710 21.9795 0.8000
      vertex 33.8962 22.3216 0.8000
    endloop
  endfacet
  facet normal -0.750947 -0.571566 -0.330741
    outer loop
      vertex 34.2121 22.0470 0.0000
      vertex 34.4148 21.7807 0.0000
      vertex 34.1389 21.6803 0.8000
    endloop
  endfacet
  facet normal -0.834367 -0.468149 -0.290978
    outer loop
      vertex 34.2121 22.0470 0.0000
      vertex 34.1389 21.6803 0.8000
      vertex 33.9710 21.9795 0.8000
    endloop
  endfacet
  facet normal -0.564222 -0.768009 -0.303012
    outer loop
      vertex 34.4148 21.7807 0.0000
      vertex 34.6939 21.5757 0.0000
      vertex 34.4149 21.4650 0.8000
    endloop
  endfacet
  facet normal -0.587260 -0.752917 -0.297053
    outer loop
      vertex 34.4148 21.7807 0.0000
      vertex 34.4149 21.4650 0.8000
      vertex 34.1389 21.6803 0.8000
    endloop
  endfacet
  facet normal 0.131315 -0.939223 -0.317202
    outer loop
      vertex 34.6939 21.5757 0.0000
      vertex 35.0270 21.6222 0.0000
      vertex 34.7230 21.3095 0.8000
    endloop
  endfacet
  facet normal -0.433613 -0.859651 -0.270148
    outer loop
      vertex 34.6939 21.5757 0.0000
      vertex 34.7230 21.3095 0.8000
      vertex 34.4149 21.4650 0.8000
    endloop
  endfacet
  facet normal 0.322821 -0.898231 -0.298275
    outer loop
      vertex 35.0270 21.6222 0.0000
      vertex 35.3534 21.7395 0.0000
      vertex 35.0634 21.3696 0.8000
    endloop
  endfacet
  facet normal 0.165652 -0.938235 -0.303768
    outer loop
      vertex 35.0270 21.6222 0.0000
      vertex 35.0634 21.3696 0.8000
      vertex 34.7230 21.3095 0.8000
    endloop
  endfacet
  facet normal 0.322821 -0.898231 -0.298275
    outer loop
      vertex 35.3534 21.7395 0.0000
      vertex 35.6798 21.8568 0.0000
      vertex 35.3929 21.4881 0.8000
    endloop
  endfacet
  facet normal 0.322821 -0.898231 -0.298275
    outer loop
      vertex 35.3534 21.7395 0.0000
      vertex 35.3929 21.4881 0.8000
      vertex 35.0634 21.3696 0.8000
    endloop
  endfacet
  facet normal 0.334006 -0.894339 -0.297652
    outer loop
      vertex 35.6798 21.8568 0.0000
      vertex 36.0046 21.9782 0.0000
      vertex 35.7224 21.6065 0.8000
    endloop
  endfacet
  facet normal 0.322821 -0.898231 -0.298275
    outer loop
      vertex 35.6798 21.8568 0.0000
      vertex 35.7224 21.6065 0.8000
      vertex 35.3929 21.4881 0.8000
    endloop
  endfacet
  facet normal 0.350703 -0.887716 -0.298275
    outer loop
      vertex 36.0046 21.9782 0.0000
      vertex 36.3272 22.1056 0.0000
      vertex 36.0508 21.7276 0.8000
    endloop
  endfacet
  facet normal 0.330102 -0.895196 -0.299428
    outer loop
      vertex 36.0046 21.9782 0.0000
      vertex 36.0508 21.7276 0.8000
      vertex 35.7224 21.6065 0.8000
    endloop
  endfacet
  facet normal 0.350703 -0.887716 -0.298275
    outer loop
      vertex 36.3272 22.1056 0.0000
      vertex 36.6498 22.2330 0.0000
      vertex 36.3765 21.8563 0.8000
    endloop
  endfacet
  facet normal 0.350703 -0.887716 -0.298275
    outer loop
      vertex 36.3272 22.1056 0.0000
      vertex 36.3765 21.8563 0.8000
      vertex 36.0508 21.7276 0.8000
    endloop
  endfacet
  facet normal 0.350703 -0.887716 -0.298275
    outer loop
      vertex 36.6498 22.2330 0.0000
      vertex 36.9723 22.3605 0.0000
      vertex 36.7021 21.9849 0.8000
    endloop
  endfacet
  facet normal 0.350703 -0.887716 -0.298275
    outer loop
      vertex 36.6498 22.2330 0.0000
      vertex 36.7021 21.9849 0.8000
      vertex 36.3765 21.8563 0.8000
    endloop
  endfacet
  facet normal 0.350703 -0.887716 -0.298275
    outer loop
      vertex 36.9723 22.3605 0.0000
      vertex 37.2949 22.4879 0.0000
      vertex 37.0278 22.1136 0.8000
    endloop
  endfacet
  facet normal 0.350703 -0.887716 -0.298275
    outer loop
      vertex 36.9723 22.3605 0.0000
      vertex 37.0278 22.1136 0.8000
      vertex 36.7021 21.9849 0.8000
    endloop
  endfacet
  facet normal 0.013663 -0.955569 -0.294451
    outer loop
      vertex 37.2949 22.4879 0.0000
      vertex 37.6328 22.4927 0.0000
      vertex 37.3534 22.2422 0.8000
    endloop
  endfacet
  facet normal 0.350703 -0.887716 -0.298275
    outer loop
      vertex 37.2949 22.4879 0.0000
      vertex 37.3534 22.2422 0.8000
      vertex 37.0278 22.1136 0.8000
    endloop
  endfacet
  facet normal -0.234949 -0.925111 -0.298275
    outer loop
      vertex 37.6328 22.4927 0.0000
      vertex 37.9690 22.4073 0.0000
      vertex 37.6911 22.2200 0.8000
    endloop
  endfacet
  facet normal -0.062291 -0.946044 -0.317995
    outer loop
      vertex 37.6328 22.4927 0.0000
      vertex 37.6911 22.2200 0.8000
      vertex 37.3534 22.2422 0.8000
    endloop
  endfacet
  facet normal -0.234949 -0.925111 -0.298275
    outer loop
      vertex 37.9690 22.4073 0.0000
      vertex 38.3051 22.3220 0.0000
      vertex 38.0305 22.1338 0.8000
    endloop
  endfacet
  facet normal -0.234949 -0.925111 -0.298275
    outer loop
      vertex 37.9690 22.4073 0.0000
      vertex 38.0305 22.1338 0.8000
      vertex 37.6911 22.2200 0.8000
    endloop
  endfacet
  facet normal -0.234949 -0.925111 -0.298275
    outer loop
      vertex 38.3051 22.3220 0.0000
      vertex 38.6413 22.2366 0.0000
      vertex 38.3698 22.0476 0.8000
    endloop
  endfacet
  facet normal -0.234949 -0.925111 -0.298275
    outer loop
      vertex 38.3051 22.3220 0.0000
      vertex 38.3698 22.0476 0.8000
      vertex 38.0305 22.1338 0.8000
    endloop
  endfacet
  facet normal -0.546862 -0.791563 -0.272708
    outer loop
      vertex 38.6413 22.2366 0.0000
      vertex 38.9196 22.0443 0.0000
      vertex 38.6906 21.9269 0.8000
    endloop
  endfacet
  facet normal -0.333345 -0.885965 -0.322408
    outer loop
      vertex 38.6413 22.2366 0.0000
      vertex 38.6906 21.9269 0.8000
      vertex 38.3698 22.0476 0.8000
    endloop
  endfacet
  facet normal -0.721748 -0.624590 -0.298275
    outer loop
      vertex 38.9196 22.0443 0.0000
      vertex 39.1465 21.7821 0.0000
      vertex 38.9197 21.6622 0.8000
    endloop
  endfacet
  facet normal -0.721748 -0.624590 -0.298275
    outer loop
      vertex 38.9196 22.0443 0.0000
      vertex 38.9197 21.6622 0.8000
      vertex 38.6906 21.9269 0.8000
    endloop
  endfacet
  facet normal -0.721748 -0.624590 -0.298275
    outer loop
      vertex 39.1465 21.7821 0.0000
      vertex 39.3735 21.5198 0.0000
      vertex 39.1488 21.3974 0.8000
    endloop
  endfacet
  facet normal -0.721748 -0.624590 -0.298275
    outer loop
      vertex 39.1465 21.7821 0.0000
      vertex 39.1488 21.3974 0.8000
      vertex 38.9197 21.6622 0.8000
    endloop
  endfacet
  facet normal -0.721748 -0.624590 -0.298275
    outer loop
      vertex 39.3735 21.5198 0.0000
      vertex 39.6004 21.2576 0.0000
      vertex 39.3779 21.1326 0.8000
    endloop
  endfacet
  facet normal -0.721748 -0.624590 -0.298275
    outer loop
      vertex 39.3735 21.5198 0.0000
      vertex 39.3779 21.1326 0.8000
      vertex 39.1488 21.3974 0.8000
    endloop
  endfacet
  facet normal -0.827334 -0.473199 -0.302656
    outer loop
      vertex 39.6004 21.2576 0.0000
      vertex 39.7705 20.9602 0.0000
      vertex 39.5501 20.8340 0.8000
    endloop
  endfacet
  facet normal -0.825440 -0.475721 -0.303872
    outer loop
      vertex 39.6004 21.2576 0.0000
      vertex 39.5501 20.8340 0.8000
      vertex 39.3779 21.1326 0.8000
    endloop
  endfacet
  facet normal -0.899408 -0.319527 -0.298275
    outer loop
      vertex 39.7705 20.9602 0.0000
      vertex 39.8866 20.6334 0.0000
      vertex 39.6673 20.5040 0.8000
    endloop
  endfacet
  facet normal -0.899408 -0.319527 -0.298275
    outer loop
      vertex 39.7705 20.9602 0.0000
      vertex 39.6673 20.5040 0.8000
      vertex 39.5501 20.8340 0.8000
    endloop
  endfacet
  facet normal -0.899408 -0.319527 -0.298275
    outer loop
      vertex 39.8866 20.6334 0.0000
      vertex 40.0027 20.3066 0.0000
      vertex 39.7845 20.1741 0.8000
    endloop
  endfacet
  facet normal -0.899408 -0.319527 -0.298275
    outer loop
      vertex 39.8866 20.6334 0.0000
      vertex 39.7845 20.1741 0.8000
      vertex 39.6673 20.5040 0.8000
    endloop
  endfacet
  facet normal -0.899408 -0.319527 -0.298275
    outer loop
      vertex 40.0027 20.3066 0.0000
      vertex 40.1188 19.9797 0.0000
      vertex 39.9017 19.8442 0.8000
    endloop
  endfacet
  facet normal -0.899408 -0.319527 -0.298275
    outer loop
      vertex 40.0027 20.3066 0.0000
      vertex 39.9017 19.8442 0.8000
      vertex 39.7845 20.1741 0.8000
    endloop
  endfacet
  facet normal -0.897578 -0.305786 -0.317568
    outer loop
      vertex 40.1188 19.9797 0.0000
      vertex 40.2306 19.6516 0.0000
      vertex 39.9962 19.5089 0.8000
    endloop
  endfacet
  facet normal -0.920051 -0.259343 -0.293678
    outer loop
      vertex 40.1188 19.9797 0.0000
      vertex 39.9962 19.5089 0.8000
      vertex 39.9017 19.8442 0.8000
    endloop
  endfacet
  facet normal -0.948600 -0.103321 -0.299137
    outer loop
      vertex 40.2306 19.6516 0.0000
      vertex 40.2682 19.3069 0.0000
      vertex 40.0318 19.1606 0.8000
    endloop
  endfacet
  facet normal -0.950295 -0.097189 -0.295794
    outer loop
      vertex 40.2306 19.6516 0.0000
      vertex 40.0318 19.1606 0.8000
      vertex 39.9962 19.5089 0.8000
    endloop
  endfacet
  facet normal -0.949527 -0.097111 -0.298275
    outer loop
      vertex 40.2682 19.3069 0.0000
      vertex 40.3034 18.9619 0.0000
      vertex 40.0675 18.8123 0.8000
    endloop
  endfacet
  facet normal -0.949527 -0.097111 -0.298275
    outer loop
      vertex 40.2682 19.3069 0.0000
      vertex 40.0675 18.8123 0.8000
      vertex 40.0318 19.1606 0.8000
    endloop
  endfacet
  facet normal -0.949527 -0.097111 -0.298275
    outer loop
      vertex 40.3034 18.9619 0.0000
      vertex 40.3387 18.6169 0.0000
      vertex 40.1031 18.4639 0.8000
    endloop
  endfacet
  facet normal -0.949527 -0.097111 -0.298275
    outer loop
      vertex 40.3034 18.9619 0.0000
      vertex 40.1031 18.4639 0.8000
      vertex 40.0675 18.8123 0.8000
    endloop
  endfacet
  facet normal -0.949527 -0.097111 -0.298275
    outer loop
      vertex 40.3387 18.6169 0.0000
      vertex 40.3740 18.2719 0.0000
      vertex 40.1387 18.1156 0.8000
    endloop
  endfacet
  facet normal -0.949527 -0.097111 -0.298275
    outer loop
      vertex 40.3387 18.6169 0.0000
      vertex 40.1387 18.1156 0.8000
      vertex 40.1031 18.4639 0.8000
    endloop
  endfacet
  facet normal -0.943516 -0.055443 -0.326655
    outer loop
      vertex 40.3740 18.2719 0.0000
      vertex 40.3943 17.9265 0.0000
      vertex 40.1267 17.7672 0.8000
    endloop
  endfacet
  facet normal -0.960561 0.033046 -0.276098
    outer loop
      vertex 40.3740 18.2719 0.0000
      vertex 40.1267 17.7672 0.8000
      vertex 40.1387 18.1156 0.8000
    endloop
  endfacet
  facet normal -0.949527 0.097111 -0.298275
    outer loop
      vertex 40.3943 17.9265 0.0000
      vertex 40.3590 17.5815 0.0000
      vertex 40.0911 17.4188 0.8000
    endloop
  endfacet
  facet normal -0.949527 0.097111 -0.298275
    outer loop
      vertex 40.3943 17.9265 0.0000
      vertex 40.0911 17.4188 0.8000
      vertex 40.1267 17.7672 0.8000
    endloop
  endfacet
  facet normal -0.949527 0.097111 -0.298275
    outer loop
      vertex 40.3590 17.5815 0.0000
      vertex 40.3237 17.2365 0.0000
      vertex 40.0555 17.0705 0.8000
    endloop
  endfacet
  facet normal -0.949527 0.097111 -0.298275
    outer loop
      vertex 40.3590 17.5815 0.0000
      vertex 40.0555 17.0705 0.8000
      vertex 40.0911 17.4188 0.8000
    endloop
  endfacet
  facet normal -0.949527 0.097111 -0.298275
    outer loop
      vertex 40.3237 17.2365 0.0000
      vertex 40.2885 16.8915 0.0000
      vertex 40.0198 16.7222 0.8000
    endloop
  endfacet
  facet normal -0.949527 0.097111 -0.298275
    outer loop
      vertex 40.3237 17.2365 0.0000
      vertex 40.0198 16.7222 0.8000
      vertex 40.0555 17.0705 0.8000
    endloop
  endfacet
  facet normal -0.947890 0.096943 -0.303490
    outer loop
      vertex 40.2885 16.8915 0.0000
      vertex 40.2532 16.5465 0.0000
      vertex 39.9795 16.3747 0.8000
    endloop
  endfacet
  facet normal -0.949014 0.110265 -0.295320
    outer loop
      vertex 40.2885 16.8915 0.0000
      vertex 39.9795 16.3747 0.8000
      vertex 40.0198 16.7222 0.8000
    endloop
  endfacet
  facet normal -0.923730 0.184497 -0.335682
    outer loop
      vertex 40.2532 16.5465 0.0000
      vertex 40.1856 16.2082 0.0000
      vertex 39.8623 16.0448 0.8000
    endloop
  endfacet
  facet normal -0.914053 0.324729 -0.243019
    outer loop
      vertex 40.2532 16.5465 0.0000
      vertex 39.8623 16.0448 0.8000
      vertex 39.9795 16.3747 0.8000
    endloop
  endfacet
  facet normal -0.899408 0.319527 -0.298275
    outer loop
      vertex 40.1856 16.2082 0.0000
      vertex 40.0695 15.8814 0.0000
      vertex 39.7450 15.7149 0.8000
    endloop
  endfacet
  facet normal -0.899408 0.319527 -0.298275
    outer loop
      vertex 40.1856 16.2082 0.0000
      vertex 39.7450 15.7149 0.8000
      vertex 39.8623 16.0448 0.8000
    endloop
  endfacet
  facet normal -0.899408 0.319527 -0.298275
    outer loop
      vertex 40.0695 15.8814 0.0000
      vertex 39.9534 15.5546 0.0000
      vertex 39.6278 15.3849 0.8000
    endloop
  endfacet
  facet normal -0.899408 0.319527 -0.298275
    outer loop
      vertex 40.0695 15.8814 0.0000
      vertex 39.6278 15.3849 0.8000
      vertex 39.7450 15.7149 0.8000
    endloop
  endfacet
  facet normal -0.899408 0.319527 -0.298275
    outer loop
      vertex 39.9534 15.5546 0.0000
      vertex 39.8373 15.2278 0.0000
      vertex 39.5106 15.0550 0.8000
    endloop
  endfacet
  facet normal -0.899408 0.319527 -0.298275
    outer loop
      vertex 39.9534 15.5546 0.0000
      vertex 39.5106 15.0550 0.8000
      vertex 39.6278 15.3849 0.8000
    endloop
  endfacet
  facet normal -0.860854 0.311997 -0.401980
    outer loop
      vertex 39.8373 15.2278 0.0000
      vertex 39.7191 14.9018 0.0000
      vertex 39.3008 14.7783 0.8000
    endloop
  endfacet
  facet normal -0.782177 0.592942 -0.191360
    outer loop
      vertex 39.8373 15.2278 0.0000
      vertex 39.3008 14.7783 0.8000
      vertex 39.5106 15.0550 0.8000
    endloop
  endfacet
  facet normal -0.743120 0.590466 -0.314836
    outer loop
      vertex 39.7191 14.9018 0.0000
      vertex 39.5040 14.6310 0.0000
      vertex 39.0717 14.5135 0.8000
    endloop
  endfacet
  facet normal -0.725391 0.627742 -0.282397
    outer loop
      vertex 39.7191 14.9018 0.0000
      vertex 39.0717 14.5135 0.8000
      vertex 39.3008 14.7783 0.8000
    endloop
  endfacet
  facet normal -0.721748 0.624590 -0.298275
    outer loop
      vertex 39.5040 14.6310 0.0000
      vertex 39.2771 14.3688 0.0000
      vertex 38.8426 14.2487 0.8000
    endloop
  endfacet
  facet normal -0.721748 0.624590 -0.298275
    outer loop
      vertex 39.5040 14.6310 0.0000
      vertex 38.8426 14.2487 0.8000
      vertex 39.0717 14.5135 0.8000
    endloop
  endfacet
  facet normal -0.713519 0.617468 -0.331095
    outer loop
      vertex 39.2771 14.3688 0.0000
      vertex 39.0501 14.1065 0.0000
      vertex 38.5950 14.0096 0.8000
    endloop
  endfacet
  facet normal -0.670851 0.694465 -0.260150
    outer loop
      vertex 39.2771 14.3688 0.0000
      vertex 38.5950 14.0096 0.8000
      vertex 38.8426 14.2487 0.8000
    endloop
  endfacet
  facet normal -0.643562 0.572431 -0.508085
    outer loop
      vertex 39.0501 14.1065 0.0000
      vertex 38.8197 13.8475 0.0000
      vertex 38.2556 13.9234 0.8000
    endloop
  endfacet
  facet normal -0.246091 0.968983 -0.022605
    outer loop
      vertex 39.0501 14.1065 0.0000
      vertex 38.2556 13.9234 0.8000
      vertex 38.5950 14.0096 0.8000
    endloop
  endfacet
  facet normal -0.327540 0.874127 -0.358635
    outer loop
      vertex 38.8197 13.8475 0.0000
      vertex 38.4984 13.7271 0.0000
      vertex 37.9163 13.8372 0.8000
    endloop
  endfacet
  facet normal -0.237912 0.936777 -0.256608
    outer loop
      vertex 38.8197 13.8475 0.0000
      vertex 37.9163 13.8372 0.8000
      vertex 38.2556 13.9234 0.8000
    endloop
  endfacet
  facet normal -0.234949 0.925111 -0.298275
    outer loop
      vertex 38.4984 13.7271 0.0000
      vertex 38.1623 13.6418 0.0000
      vertex 37.5769 13.7510 0.8000
    endloop
  endfacet
  facet normal -0.234949 0.925111 -0.298275
    outer loop
      vertex 38.4984 13.7271 0.0000
      vertex 37.5769 13.7510 0.8000
      vertex 37.9163 13.8372 0.8000
    endloop
  endfacet
  facet normal -0.222290 0.875268 -0.429527
    outer loop
      vertex 38.1623 13.6418 0.0000
      vertex 37.8261 13.5564 0.0000
      vertex 37.2438 13.8011 0.8000
    endloop
  endfacet
  facet normal 0.148567 0.988552 -0.026324
    outer loop
      vertex 38.1623 13.6418 0.0000
      vertex 37.2438 13.8011 0.8000
      vertex 37.5769 13.7510 0.8000
    endloop
  endfacet
  facet normal -0.187426 0.791291 -0.582005
    outer loop
      vertex 37.8261 13.5564 0.0000
      vertex 37.4889 13.4765 0.0000
      vertex 36.9182 13.9297 0.8000
    endloop
  endfacet
  facet normal 0.367375 0.929917 -0.017041
    outer loop
      vertex 37.8261 13.5564 0.0000
      vertex 36.9182 13.9297 0.8000
      vertex 37.2438 13.8011 0.8000
    endloop
  endfacet
  facet normal 0.242175 0.893381 -0.378445
    outer loop
      vertex 37.4889 13.4765 0.0000
      vertex 37.1578 13.5663 0.0000
      vertex 36.5925 14.0584 0.8000
    endloop
  endfacet
  facet normal 0.355188 0.899071 -0.255955
    outer loop
      vertex 37.4889 13.4765 0.0000
      vertex 36.5925 14.0584 0.8000
      vertex 36.9182 13.9297 0.8000
    endloop
  endfacet
  facet normal 0.350703 0.887716 -0.298275
    outer loop
      vertex 37.1578 13.5663 0.0000
      vertex 36.8353 13.6937 0.0000
      vertex 36.2669 14.1870 0.8000
    endloop
  endfacet
  facet normal 0.350703 0.887716 -0.298275
    outer loop
      vertex 37.1578 13.5663 0.0000
      vertex 36.2669 14.1870 0.8000
      vertex 36.5925 14.0584 0.8000
    endloop
  endfacet
  facet normal 0.350801 0.887964 -0.297419
    outer loop
      vertex 36.8353 13.6937 0.0000
      vertex 36.5127 13.8211 0.0000
      vertex 35.9410 14.3149 0.8000
    endloop
  endfacet
  facet normal 0.348508 0.887997 -0.300008
    outer loop
      vertex 36.8353 13.6937 0.0000
      vertex 35.9410 14.3149 0.8000
      vertex 36.2669 14.1870 0.8000
    endloop
  endfacet
  facet normal 0.352139 0.891353 -0.285460
    outer loop
      vertex 36.5127 13.8211 0.0000
      vertex 36.1901 13.9486 0.0000
      vertex 35.6115 14.4334 0.8000
    endloop
  endfacet
  facet normal 0.320293 0.891197 -0.321217
    outer loop
      vertex 36.5127 13.8211 0.0000
      vertex 35.6115 14.4334 0.8000
      vertex 35.9410 14.3149 0.8000
    endloop
  endfacet
  facet normal 0.352556 0.894660 -0.274387
    outer loop
      vertex 36.1901 13.9486 0.0000
      vertex 35.8675 14.0757 0.0000
      vertex 35.2820 14.5518 0.8000
    endloop
  endfacet
  facet normal 0.321593 0.894814 -0.309653
    outer loop
      vertex 36.1901 13.9486 0.0000
      vertex 35.2820 14.5518 0.8000
      vertex 35.6115 14.4334 0.8000
    endloop
  endfacet
  facet normal 0.322902 0.898455 -0.297511
    outer loop
      vertex 35.8675 14.0757 0.0000
      vertex 35.5411 14.1930 0.0000
      vertex 34.9523 14.6695 0.8000
    endloop
  endfacet
  facet normal 0.320855 0.898419 -0.299826
    outer loop
      vertex 35.8675 14.0757 0.0000
      vertex 34.9523 14.6695 0.8000
      vertex 35.2820 14.5518 0.8000
    endloop
  endfacet
  facet normal 0.334205 0.929906 -0.153565
    outer loop
      vertex 35.5411 14.1930 0.0000
      vertex 35.2147 14.3103 0.0000
      vertex 34.6096 14.6599 0.8000
    endloop
  endfacet
  facet normal -0.023918 0.851045 -0.524548
    outer loop
      vertex 35.5411 14.1930 0.0000
      vertex 34.6096 14.6599 0.8000
      vertex 34.9523 14.6695 0.8000
    endloop
  endfacet
  facet normal 0.331785 0.923173 0.194086
    outer loop
      vertex 35.2147 14.3103 0.0000
      vertex 34.8883 14.4276 0.0000
      vertex 34.3216 14.4631 0.8000
    endloop
  endfacet
  facet normal -0.443258 0.648594 -0.618747
    outer loop
      vertex 35.2147 14.3103 0.0000
      vertex 34.3216 14.4631 0.8000
      vertex 34.6096 14.6599 0.8000
    endloop
  endfacet
  facet normal -0.264273 0.963624 -0.039858
    outer loop
      vertex 34.8883 14.4276 0.0000
      vertex 34.5728 14.3411 0.0000
      vertex 34.0593 14.2333 0.8000
    endloop
  endfacet
  facet normal -0.589346 0.672700 -0.447376
    outer loop
      vertex 34.8883 14.4276 0.0000
      vertex 34.0593 14.2333 0.8000
      vertex 34.3216 14.4631 0.8000
    endloop
  endfacet
  facet normal -0.614033 0.787545 -0.052312
    outer loop
      vertex 34.5728 14.3411 0.0000
      vertex 34.2993 14.1278 0.0000
      vertex 33.9458 13.9054 0.8000
    endloop
  endfacet
  facet normal -0.823646 0.285085 -0.490239
    outer loop
      vertex 34.5728 14.3411 0.0000
      vertex 33.9458 13.9054 0.8000
      vertex 34.0593 14.2333 0.8000
    endloop
  endfacet
  facet normal -0.907992 0.337991 -0.247614
    outer loop
      vertex 34.2993 14.1278 0.0000
      vertex 34.1806 13.8091 0.0000
      vertex 33.8710 13.5633 0.8000
    endloop
  endfacet
  facet normal -0.915532 0.200199 -0.348886
    outer loop
      vertex 34.2993 14.1278 0.0000
      vertex 33.8710 13.5633 0.8000
      vertex 33.9458 13.9054 0.8000
    endloop
  endfacet
  facet normal -0.932447 0.203898 -0.298275
    outer loop
      vertex 34.1806 13.8091 0.0000
      vertex 34.1066 13.4703 0.0000
      vertex 33.7962 13.2213 0.8000
    endloop
  endfacet
  facet normal -0.932447 0.203898 -0.298275
    outer loop
      vertex 34.1806 13.8091 0.0000
      vertex 33.7962 13.2213 0.8000
      vertex 33.8710 13.5633 0.8000
    endloop
  endfacet
  facet normal -0.933403 0.204107 -0.295124
    outer loop
      vertex 34.1066 13.4703 0.0000
      vertex 34.0325 13.1315 0.0000
      vertex 33.7242 12.8787 0.8000
    endloop
  endfacet
  facet normal -0.933250 0.196002 -0.301044
    outer loop
      vertex 34.1066 13.4703 0.0000
      vertex 33.7242 12.8787 0.8000
      vertex 33.7962 13.2213 0.8000
    endloop
  endfacet
  facet normal -0.956537 0.173270 -0.234550
    outer loop
      vertex 34.0325 13.1315 0.0000
      vertex 33.9708 12.7911 0.0000
      vertex 33.7271 12.5288 0.8000
    endloop
  endfacet
  facet normal -0.932293 -0.007694 -0.361622
    outer loop
      vertex 34.0325 13.1315 0.0000
      vertex 33.7271 12.5288 0.8000
      vertex 33.7242 12.8787 0.8000
    endloop
  endfacet
  facet normal -0.954196 -0.023294 -0.298275
    outer loop
      vertex 33.9708 12.7911 0.0000
      vertex 33.9793 12.4443 0.0000
      vertex 33.7357 12.1788 0.8000
    endloop
  endfacet
  facet normal -0.954196 -0.023294 -0.298275
    outer loop
      vertex 33.9708 12.7911 0.0000
      vertex 33.7357 12.1788 0.8000
      vertex 33.7271 12.5288 0.8000
    endloop
  endfacet
  facet normal -0.954196 -0.023294 -0.298275
    outer loop
      vertex 33.9793 12.4443 0.0000
      vertex 33.9877 12.0976 0.0000
      vertex 33.7442 11.8287 0.8000
    endloop
  endfacet
  facet normal -0.954196 -0.023294 -0.298275
    outer loop
      vertex 33.9793 12.4443 0.0000
      vertex 33.7442 11.8287 0.8000
      vertex 33.7357 12.1788 0.8000
    endloop
  endfacet
  facet normal -0.954196 -0.023294 -0.298275
    outer loop
      vertex 33.9877 12.0976 0.0000
      vertex 33.9962 11.7509 0.0000
      vertex 33.7528 11.4787 0.8000
    endloop
  endfacet
  facet normal -0.954196 -0.023294 -0.298275
    outer loop
      vertex 33.9877 12.0976 0.0000
      vertex 33.7528 11.4787 0.8000
      vertex 33.7442 11.8287 0.8000
    endloop
  endfacet
  facet normal -0.954196 -0.023294 -0.298275
    outer loop
      vertex 33.9962 11.7509 0.0000
      vertex 34.0047 11.4042 0.0000
      vertex 33.7613 11.1287 0.8000
    endloop
  endfacet
  facet normal -0.954196 -0.023294 -0.298275
    outer loop
      vertex 33.9962 11.7509 0.0000
      vertex 33.7613 11.1287 0.8000
      vertex 33.7528 11.4787 0.8000
    endloop
  endfacet
  facet normal -0.958296 -0.023394 -0.284817
    outer loop
      vertex 34.0047 11.4042 0.0000
      vertex 34.0131 11.0575 0.0000
      vertex 33.7821 10.7795 0.8000
    endloop
  endfacet
  facet normal -0.949582 -0.056648 -0.308359
    outer loop
      vertex 34.0047 11.4042 0.0000
      vertex 33.7821 10.7795 0.8000
      vertex 33.7613 11.1287 0.8000
    endloop
  endfacet
  facet normal -0.954639 -0.083047 -0.285951
    outer loop
      vertex 34.0131 11.0575 0.0000
      vertex 34.0431 10.7124 0.0000
      vertex 33.8279 10.4324 0.8000
    endloop
  endfacet
  facet normal -0.941034 -0.123973 -0.314779
    outer loop
      vertex 34.0131 11.0575 0.0000
      vertex 33.8279 10.4324 0.8000
      vertex 33.7821 10.7795 0.8000
    endloop
  endfacet
  facet normal -0.946303 -0.124667 -0.298275
    outer loop
      vertex 34.0431 10.7124 0.0000
      vertex 34.0884 10.3685 0.0000
      vertex 33.8736 10.0853 0.8000
    endloop
  endfacet
  facet normal -0.946303 -0.124667 -0.298275
    outer loop
      vertex 34.0431 10.7124 0.0000
      vertex 33.8736 10.0853 0.8000
      vertex 33.8279 10.4324 0.8000
    endloop
  endfacet
  facet normal -0.946303 -0.124667 -0.298275
    outer loop
      vertex 34.0884 10.3685 0.0000
      vertex 34.1337 10.0247 0.0000
      vertex 33.9193 9.7381 0.8000
    endloop
  endfacet
  facet normal -0.946303 -0.124667 -0.298275
    outer loop
      vertex 34.0884 10.3685 0.0000
      vertex 33.9193 9.7381 0.8000
      vertex 33.8736 10.0853 0.8000
    endloop
  endfacet
  facet normal -0.946303 -0.124667 -0.298275
    outer loop
      vertex 34.1337 10.0247 0.0000
      vertex 34.1790 9.6808 0.0000
      vertex 33.9651 9.3910 0.8000
    endloop
  endfacet
  facet normal -0.946303 -0.124667 -0.298275
    outer loop
      vertex 34.1337 10.0247 0.0000
      vertex 33.9651 9.3910 0.8000
      vertex 33.9193 9.7381 0.8000
    endloop
  endfacet
  facet normal -0.946303 -0.124667 -0.298275
    outer loop
      vertex 34.1790 9.6808 0.0000
      vertex 34.2243 9.3370 0.0000
      vertex 34.0108 9.0438 0.8000
    endloop
  endfacet
  facet normal -0.946303 -0.124667 -0.298275
    outer loop
      vertex 34.1790 9.6808 0.0000
      vertex 34.0108 9.0438 0.8000
      vertex 33.9651 9.3910 0.8000
    endloop
  endfacet
  facet normal -0.946303 -0.124667 -0.298275
    outer loop
      vertex 34.2243 9.3370 0.0000
      vertex 34.2696 8.9932 0.0000
      vertex 34.0565 8.6967 0.8000
    endloop
  endfacet
  facet normal -0.946303 -0.124667 -0.298275
    outer loop
      vertex 34.2243 9.3370 0.0000
      vertex 34.0565 8.6967 0.8000
      vertex 34.0108 9.0438 0.8000
    endloop
  endfacet
  facet normal -0.950547 -0.125226 -0.284215
    outer loop
      vertex 34.2696 8.9932 0.0000
      vertex 34.3149 8.6493 0.0000
      vertex 34.1150 8.3516 0.8000
    endloop
  endfacet
  facet normal -0.937830 -0.158769 -0.308654
    outer loop
      vertex 34.2696 8.9932 0.0000
      vertex 34.1150 8.3516 0.8000
      vertex 34.0565 8.6967 0.8000
    endloop
  endfacet
  facet normal -0.939277 -0.173302 -0.296183
    outer loop
      vertex 34.3149 8.6493 0.0000
      vertex 34.3779 8.3083 0.0000
      vertex 34.1810 8.0078 0.8000
    endloop
  endfacet
  facet normal -0.936463 -0.179983 -0.301070
    outer loop
      vertex 34.3149 8.6493 0.0000
      vertex 34.1810 8.0078 0.8000
      vertex 34.1150 8.3516 0.8000
    endloop
  endfacet
  facet normal -0.937325 -0.180149 -0.298275
    outer loop
      vertex 34.3779 8.3083 0.0000
      vertex 34.4433 7.9677 0.0000
      vertex 34.2471 7.6639 0.8000
    endloop
  endfacet
  facet normal -0.937325 -0.180149 -0.298275
    outer loop
      vertex 34.3779 8.3083 0.0000
      vertex 34.2471 7.6639 0.8000
      vertex 34.1810 8.0078 0.8000
    endloop
  endfacet
  facet normal -0.937325 -0.180149 -0.298275
    outer loop
      vertex 34.4433 7.9677 0.0000
      vertex 34.5088 7.6271 0.0000
      vertex 34.3132 7.3201 0.8000
    endloop
  endfacet
  facet normal -0.937325 -0.180149 -0.298275
    outer loop
      vertex 34.4433 7.9677 0.0000
      vertex 34.3132 7.3201 0.8000
      vertex 34.2471 7.6639 0.8000
    endloop
  endfacet
  facet normal -0.937325 -0.180149 -0.298275
    outer loop
      vertex 34.5088 7.6271 0.0000
      vertex 34.5742 7.2865 0.0000
      vertex 34.3793 6.9762 0.8000
    endloop
  endfacet
  facet normal -0.937325 -0.180149 -0.298275
    outer loop
      vertex 34.5088 7.6271 0.0000
      vertex 34.3793 6.9762 0.8000
      vertex 34.3132 7.3201 0.8000
    endloop
  endfacet
  facet normal -0.937325 -0.180149 -0.298275
    outer loop
      vertex 34.5742 7.2865 0.0000
      vertex 34.6397 6.9460 0.0000
      vertex 34.4454 6.6324 0.8000
    endloop
  endfacet
  facet normal -0.937325 -0.180149 -0.298275
    outer loop
      vertex 34.5742 7.2865 0.0000
      vertex 34.4454 6.6324 0.8000
      vertex 34.3793 6.9762 0.8000
    endloop
  endfacet
  facet normal -0.937325 -0.180149 -0.298275
    outer loop
      vertex 34.6397 6.9460 0.0000
      vertex 34.7052 6.6054 0.0000
      vertex 34.5115 6.2886 0.8000
    endloop
  endfacet
  facet normal -0.937325 -0.180149 -0.298275
    outer loop
      vertex 34.6397 6.9460 0.0000
      vertex 34.5115 6.2886 0.8000
      vertex 34.4454 6.6324 0.8000
    endloop
  endfacet
  facet normal -0.939589 -0.180584 -0.290795
    outer loop
      vertex 34.7052 6.6054 0.0000
      vertex 34.7706 6.2648 0.0000
      vertex 34.5843 5.9461 0.8000
    endloop
  endfacet
  facet normal -0.931833 -0.198093 -0.304051
    outer loop
      vertex 34.7052 6.6054 0.0000
      vertex 34.5843 5.9461 0.8000
      vertex 34.5115 6.2886 0.8000
    endloop
  endfacet
  facet normal -0.932840 -0.206175 -0.295467
    outer loop
      vertex 34.7706 6.2648 0.0000
      vertex 34.8454 5.9262 0.0000
      vertex 34.6630 5.6050 0.8000
    endloop
  endfacet
  facet normal -0.928911 -0.214531 -0.301830
    outer loop
      vertex 34.7706 6.2648 0.0000
      vertex 34.6630 5.6050 0.8000
      vertex 34.5843 5.9461 0.8000
    endloop
  endfacet
  facet normal -0.930000 -0.214782 -0.298275
    outer loop
      vertex 34.8454 5.9262 0.0000
      vertex 34.9235 5.5883 0.0000
      vertex 34.7418 5.2638 0.8000
    endloop
  endfacet
  facet normal -0.930000 -0.214782 -0.298275
    outer loop
      vertex 34.8454 5.9262 0.0000
      vertex 34.7418 5.2638 0.8000
      vertex 34.6630 5.6050 0.8000
    endloop
  endfacet
  facet normal -0.930000 -0.214782 -0.298275
    outer loop
      vertex 34.9235 5.5883 0.0000
      vertex 35.0015 5.2503 0.0000
      vertex 34.8206 4.9227 0.8000
    endloop
  endfacet
  facet normal -0.930000 -0.214782 -0.298275
    outer loop
      vertex 34.9235 5.5883 0.0000
      vertex 34.8206 4.9227 0.8000
      vertex 34.7418 5.2638 0.8000
    endloop
  endfacet
  facet normal -0.930000 -0.214782 -0.298275
    outer loop
      vertex 35.0015 5.2503 0.0000
      vertex 35.0796 4.9124 0.0000
      vertex 34.8994 4.5815 0.8000
    endloop
  endfacet
  facet normal -0.930000 -0.214782 -0.298275
    outer loop
      vertex 35.0015 5.2503 0.0000
      vertex 34.8994 4.5815 0.8000
      vertex 34.8206 4.9227 0.8000
    endloop
  endfacet
  facet normal -0.930000 -0.214782 -0.298275
    outer loop
      vertex 35.0796 4.9124 0.0000
      vertex 35.1576 4.5745 0.0000
      vertex 34.9782 4.2404 0.8000
    endloop
  endfacet
  facet normal -0.930000 -0.214782 -0.298275
    outer loop
      vertex 35.0796 4.9124 0.0000
      vertex 34.9782 4.2404 0.8000
      vertex 34.8994 4.5815 0.8000
    endloop
  endfacet
  facet normal -0.930000 -0.214782 -0.298275
    outer loop
      vertex 35.1576 4.5745 0.0000
      vertex 35.2357 4.2366 0.0000
      vertex 35.0570 3.8992 0.8000
    endloop
  endfacet
  facet normal -0.930000 -0.214782 -0.298275
    outer loop
      vertex 35.1576 4.5745 0.0000
      vertex 35.0570 3.8992 0.8000
      vertex 34.9782 4.2404 0.8000
    endloop
  endfacet
  facet normal -0.932190 -0.215288 -0.290985
    outer loop
      vertex 35.2357 4.2366 0.0000
      vertex 35.3137 3.8987 0.0000
      vertex 35.1423 3.5596 0.8000
    endloop
  endfacet
  facet normal -0.923918 -0.232039 -0.304194
    outer loop
      vertex 35.2357 4.2366 0.0000
      vertex 35.1423 3.5596 0.8000
      vertex 35.0570 3.8992 0.8000
    endloop
  endfacet
  facet normal -0.924867 -0.236648 -0.297690
    outer loop
      vertex 35.3137 3.8987 0.0000
      vertex 35.3997 3.5627 0.0000
      vertex 35.2297 3.2206 0.8000
    endloop
  endfacet
  facet normal -0.924036 -0.238268 -0.298976
    outer loop
      vertex 35.3137 3.8987 0.0000
      vertex 35.2297 3.2206 0.8000
      vertex 35.1423 3.5596 0.8000
    endloop
  endfacet
  facet normal -0.924248 -0.238323 -0.298275
    outer loop
      vertex 35.3997 3.5627 0.0000
      vertex 35.4863 3.2268 0.0000
      vertex 35.3171 2.8815 0.8000
    endloop
  endfacet
  facet normal -0.924248 -0.238323 -0.298275
    outer loop
      vertex 35.3997 3.5627 0.0000
      vertex 35.3171 2.8815 0.8000
      vertex 35.2297 3.2206 0.8000
    endloop
  endfacet
  facet normal -0.924248 -0.238323 -0.298275
    outer loop
      vertex 35.4863 3.2268 0.0000
      vertex 35.5729 2.8910 0.0000
      vertex 35.4046 2.5425 0.8000
    endloop
  endfacet
  facet normal -0.924248 -0.238323 -0.298275
    outer loop
      vertex 35.4863 3.2268 0.0000
      vertex 35.4046 2.5425 0.8000
      vertex 35.3171 2.8815 0.8000
    endloop
  endfacet
  facet normal -0.924248 -0.238323 -0.298275
    outer loop
      vertex 35.5729 2.8910 0.0000
      vertex 35.6595 2.5552 0.0000
      vertex 35.4920 2.2035 0.8000
    endloop
  endfacet
  facet normal -0.924248 -0.238323 -0.298275
    outer loop
      vertex 35.5729 2.8910 0.0000
      vertex 35.4920 2.2035 0.8000
      vertex 35.4046 2.5425 0.8000
    endloop
  endfacet
  facet normal -0.924277 -0.238330 -0.298179
    outer loop
      vertex 35.6595 2.5552 0.0000
      vertex 35.7461 2.2193 0.0000
      vertex 35.5795 1.8644 0.8000
    endloop
  endfacet
  facet normal -0.924163 -0.238548 -0.298356
    outer loop
      vertex 35.6595 2.5552 0.0000
      vertex 35.5795 1.8644 0.8000
      vertex 35.4920 2.2035 0.8000
    endloop
  endfacet
  facet normal -0.925131 -0.241253 -0.293137
    outer loop
      vertex 35.7461 2.2193 0.0000
      vertex 35.8336 1.8837 0.0000
      vertex 35.6731 1.5270 0.8000
    endloop
  endfacet
  facet normal -0.917947 -0.254712 -0.304129
    outer loop
      vertex 35.7461 2.2193 0.0000
      vertex 35.6731 1.5270 0.8000
      vertex 35.5795 1.8644 0.8000
    endloop
  endfacet
  facet normal -0.919729 -0.255206 -0.298275
    outer loop
      vertex 35.8336 1.8837 0.0000
      vertex 35.9263 1.5496 0.0000
      vertex 35.7667 1.1897 0.8000
    endloop
  endfacet
  facet normal -0.919729 -0.255206 -0.298275
    outer loop
      vertex 35.8336 1.8837 0.0000
      vertex 35.7667 1.1897 0.8000
      vertex 35.6731 1.5270 0.8000
    endloop
  endfacet
  facet normal -0.919729 -0.255206 -0.298275
    outer loop
      vertex 35.9263 1.5496 0.0000
      vertex 36.0190 1.2154 0.0000
      vertex 35.8603 0.8523 0.8000
    endloop
  endfacet
  facet normal -0.919729 -0.255206 -0.298275
    outer loop
      vertex 35.9263 1.5496 0.0000
      vertex 35.8603 0.8523 0.8000
      vertex 35.7667 1.1897 0.8000
    endloop
  endfacet
  facet normal -0.919785 -0.255222 -0.298088
    outer loop
      vertex 36.0190 1.2154 0.0000
      vertex 36.1118 0.8812 0.0000
      vertex 35.9541 0.5149 0.8000
    endloop
  endfacet
  facet normal -0.919555 -0.255643 -0.298439
    outer loop
      vertex 36.0190 1.2154 0.0000
      vertex 35.9541 0.5149 0.8000
      vertex 35.8603 0.8523 0.8000
    endloop
  endfacet
  facet normal -0.943846 -0.263820 -0.198883
    outer loop
      vertex 36.1118 0.8812 0.0000
      vertex 36.2051 0.5472 0.0000
      vertex 36.1284 0.2186 0.8000
    endloop
  endfacet
  facet normal -0.799800 -0.470360 -0.372936
    outer loop
      vertex 36.1118 0.8812 0.0000
      vertex 36.1284 0.2186 0.8000
      vertex 35.9541 0.5149 0.8000
    endloop
  endfacet
  facet normal -0.595882 -0.764790 -0.244992
    outer loop
      vertex 36.2051 0.5472 0.0000
      vertex 36.4582 0.3500 0.0000
      vertex 36.4501 0.1000 0.8000
    endloop
  endfacet
  facet normal -0.319058 -0.865532 -0.386079
    outer loop
      vertex 36.2051 0.5472 0.0000
      vertex 36.4501 0.1000 0.8000
      vertex 36.1284 0.2186 0.8000
    endloop
  endfacet
  facet normal 0.000000 -0.954480 -0.298275
    outer loop
      vertex 36.4582 0.3500 0.0000
      vertex 36.8050 0.3500 0.0000
      vertex 36.8003 0.1000 0.8000
    endloop
  endfacet
  facet normal 0.000000 -0.954480 -0.298275
    outer loop
      vertex 36.4582 0.3500 0.0000
      vertex 36.8003 0.1000 0.8000
      vertex 36.4501 0.1000 0.8000
    endloop
  endfacet
  facet normal 0.000000 -1.000000 0.000000
    outer loop
      vertex 36.8003 0.1000 0.8000
      vertex 37.1504 0.1000 0.8000
      vertex 37.1504 0.1000 1.6000
    endloop
  endfacet
  facet normal 0.000000 -1.000000 0.000000
    outer loop
      vertex 36.8003 0.1000 0.8000
      vertex 37.1504 0.1000 1.6000
      vertex 36.8003 0.1000 1.6000
    endloop
  endfacet
  facet normal 0.000000 -1.000000 0.000000
    outer loop
      vertex 37.1504 0.1000 0.8000
      vertex 37.5005 0.1000 0.8000
      vertex 37.5005 0.1000 1.6000
    endloop
  endfacet
  facet normal 0.000000 -1.000000 0.000000
    outer loop
      vertex 37.1504 0.1000 0.8000
      vertex 37.5005 0.1000 1.6000
      vertex 37.1504 0.1000 1.6000
    endloop
  endfacet
  facet normal 0.000000 -1.000000 0.000000
    outer loop
      vertex 37.5005 0.1000 0.8000
      vertex 37.8507 0.1000 0.8000
      vertex 37.8507 0.1000 1.6000
    endloop
  endfacet
  facet normal 0.000000 -1.000000 0.000000
    outer loop
      vertex 37.5005 0.1000 0.8000
      vertex 37.8507 0.1000 1.6000
      vertex 37.5005 0.1000 1.6000
    endloop
  endfacet
  facet normal 0.000000 -1.000000 0.000000
    outer loop
      vertex 37.8507 0.1000 0.8000
      vertex 38.2008 0.1000 0.8000
      vertex 38.2008 0.1000 1.6000
    endloop
  endfacet
  facet normal 0.000000 -1.000000 0.000000
    outer loop
      vertex 37.8507 0.1000 0.8000
      vertex 38.2008 0.1000 1.6000
      vertex 37.8507 0.1000 1.6000
    endloop
  endfacet
  facet normal 0.000000 -1.000000 0.000000
    outer loop
      vertex 38.2008 0.1000 0.8000
      vertex 38.5509 0.1000 0.8000
      vertex 38.5509 0.1000 1.6000
    endloop
  endfacet
  facet normal 0.000000 -1.000000 0.000000
    outer loop
      vertex 38.2008 0.1000 0.8000
      vertex 38.5509 0.1000 1.6000
      vertex 38.2008 0.1000 1.6000
    endloop
  endfacet
  facet normal 0.000000 -1.000000 0.000000
    outer loop
      vertex 38.5509 0.1000 0.8000
      vertex 38.9011 0.1000 0.8000
      vertex 38.9011 0.1000 1.6000
    endloop
  endfacet
  facet normal 0.000000 -1.000000 0.000000
    outer loop
      vertex 38.5509 0.1000 0.8000
      vertex 38.9011 0.1000 1.6000
      vertex 38.5509 0.1000 1.6000
    endloop
  endfacet
  facet normal 0.000000 -1.000000 0.000000
    outer loop
      vertex 38.9011 0.1000 0.8000
      vertex 39.2512 0.1000 0.8000
      vertex 39.2512 0.1000 1.6000
    endloop
  endfacet
  facet normal 0.000000 -1.000000 0.000000
    outer loop
      vertex 38.9011 0.1000 0.8000
      vertex 39.2512 0.1000 1.6000
      vertex 38.9011 0.1000 1.6000
    endloop
  endfacet
  facet normal 0.000000 -1.000000 0.000000
    outer loop
      vertex 39.2512 0.1000 0.8000
      vertex 39.6013 0.1000 0.8000
      vertex 39.6013 0.1000 1.6000
    endloop
  endfacet
  facet normal 0.000000 -1.000000 0.000000
    outer loop
      vertex 39.2512 0.1000 0.8000
      vertex 39.6013 0.1000 1.6000
      vertex 39.2512 0.1000 1.6000
    endloop
  endfacet
  facet normal 0.000000 -1.000000 0.000000
    outer loop
      vertex 39.6013 0.1000 0.8000
      vertex 39.9515 0.1000 0.8000
      vertex 39.9515 0.1000 1.6000
    endloop
  endfacet
  facet normal 0.000000 -1.000000 0.000000
    outer loop
      vertex 39.6013 0.1000 0.8000
      vertex 39.9515 0.1000 1.6000
      vertex 39.6013 0.1000 1.6000
    endloop
  endfacet
  facet normal 0.000000 -1.000000 0.000000
    outer loop
      vertex 39.9515 0.1000 0.8000
      vertex 40.3016 0.1000 0.8000
      vertex 40.3016 0.1000 1.6000
    endloop
  endfacet
  facet normal 0.000000 -1.000000 0.000000
    outer loop
      vertex 39.9515 0.1000 0.8000
      vertex 40.3016 0.1000 1.6000
      vertex 39.9515 0.1000 1.6000
    endloop
  endfacet
  facet normal 0.000000 -1.000000 0.000000
    outer loop
      vertex 40.3016 0.1000 0.8000
      vertex 40.6518 0.1000 0.8000
      vertex 40.6518 0.1000 1.6000
    endloop
  endfacet
  facet normal 0.000000 -1.000000 0.000000
    outer loop
      vertex 40.3016 0.1000 0.8000
      vertex 40.6518 0.1000 1.6000
      vertex 40.3016 0.1000 1.6000
    endloop
  endfacet
  facet normal 0.000000 -1.000000 0.000000
    outer loop
      vertex 40.6518 0.1000 0.8000
      vertex 41.0019 0.1000 0.8000
      vertex 41.0019 0.1000 1.6000
    endloop
  endfacet
  facet normal 0.000000 -1.000000 0.000000
    outer loop
      vertex 40.6518 0.1000 0.8000
      vertex 41.0019 0.1000 1.6000
      vertex 40.6518 0.1000 1.6000
    endloop
  endfacet
  facet normal 0.000000 -1.000000 0.000000
    outer loop
      vertex 41.0019 0.1000 0.8000
      vertex 41.3520 0.1000 0.8000
      vertex 41.3520 0.1000 1.6000
    endloop
  endfacet
  facet normal 0.000000 -1.000000 0.000000
    outer loop
      vertex 41.0019 0.1000 0.8000
      vertex 41.3520 0.1000 1.6000
      vertex 41.0019 0.1000 1.6000
    endloop
  endfacet
  facet normal 0.000000 -1.000000 0.000000
    outer loop
      vertex 41.3520 0.1000 0.8000
      vertex 41.7022 0.1000 0.8000
      vertex 41.7022 0.1000 1.6000
    endloop
  endfacet
  facet normal 0.000000 -1.000000 0.000000
    outer loop
      vertex 41.3520 0.1000 0.8000
      vertex 41.7022 0.1000 1.6000
      vertex 41.3520 0.1000 1.6000
    endloop
  endfacet
  facet normal 0.000000 -1.000000 0.000000
    outer loop
      vertex 41.7022 0.1000 0.8000
      vertex 42.0523 0.1000 0.8000
      vertex 42.0523 0.1000 1.6000
    endloop
  endfacet
  facet normal 0.000000 -1.000000 0.000000
    outer loop
      vertex 41.7022 0.1000 0.8000
      vertex 42.0523 0.1000 1.6000
      vertex 41.7022 0.1000 1.6000
    endloop
  endfacet
  facet normal 0.000000 -1.000000 0.000000
    outer loop
      vertex 42.0523 0.1000 0.8000
      vertex 42.4024 0.1000 0.8000
      vertex 42.4024 0.1000 1.6000
    endloop
  endfacet
  facet normal 0.000000 -1.000000 0.000000
    outer loop
      vertex 42.0523 0.1000 0.8000
      vertex 42.4024 0.1000 1.6000
      vertex 42.0523 0.1000 1.6000
    endloop
  endfacet
  facet normal 0.000000 -1.000000 0.000000
    outer loop
      vertex 42.4024 0.1000 0.8000
      vertex 42.7526 0.1000 0.8000
      vertex 42.7526 0.1000 1.6000
    endloop
  endfacet
  facet normal 0.000000 -1.000000 0.000000
    outer loop
      vertex 42.4024 0.1000 0.8000
      vertex 42.7526 0.1000 1.6000
      vertex 42.4024 0.1000 1.6000
    endloop
  endfacet
  facet normal 0.000000 -1.000000 0.000000
    outer loop
      vertex 42.7526 0.1000 0.8000
      vertex 43.1027 0.1000 0.8000
      vertex 43.1027 0.1000 1.6000
    endloop
  endfacet
  facet normal 0.000000 -1.000000 0.000000
    outer loop
      vertex 42.7526 0.1000 0.8000
      vertex 43.1027 0.1000 1.6000
      vertex 42.7526 0.1000 1.6000
    endloop
  endfacet
  facet normal 0.000000 -1.000000 0.000000
    outer loop
      vertex 43.1027 0.1000 0.8000
      vertex 43.4528 0.1000 0.8000
      vertex 43.4528 0.1000 1.6000
    endloop
  endfacet
  facet normal 0.000000 -1.000000 0.000000
    outer loop
      vertex 43.1027 0.1000 0.8000
      vertex 43.4528 0.1000 1.6000
      vertex 43.1027 0.1000 1.6000
    endloop
  endfacet
  facet normal 0.000000 -1.000000 0.000000
    outer loop
      vertex 43.4528 0.1000 0.8000
      vertex 43.8030 0.1000 0.8000
      vertex 43.8030 0.1000 1.6000
    endloop
  endfacet
  facet normal 0.000000 -1.000000 0.000000
    outer loop
      vertex 43.4528 0.1000 0.8000
      vertex 43.8030 0.1000 1.6000
      vertex 43.4528 0.1000 1.6000
    endloop
  endfacet
  facet normal 0.000000 -1.000000 0.000000
    outer loop
      vertex 43.8030 0.1000 0.8000
      vertex 44.1531 0.1000 0.8000
      vertex 44.1531 0.1000 1.6000
    endloop
  endfacet
  facet normal 0.000000 -1.000000 0.000000
    outer loop
      vertex 43.8030 0.1000 0.8000
      vertex 44.1531 0.1000 1.6000
      vertex 43.8030 0.1000 1.6000
    endloop
  endfacet
  facet normal 0.000000 -1.000000 0.000000
    outer loop
      vertex 44.1531 0.1000 0.8000
      vertex 44.5032 0.1000 0.8000
      vertex 44.5032 0.1000 1.6000
    endloop
  endfacet
  facet normal 0.000000 -1.000000 0.000000
    outer loop
      vertex 44.1531 0.1000 0.8000
      vertex 44.5032 0.1000 1.6000
      vertex 44.1531 0.1000 1.6000
    endloop
  endfacet
  facet normal 0.000000 -1.000000 0.000000
    outer loop
      vertex 44.5032 0.1000 0.8000
      vertex 44.8534 0.1000 0.8000
      vertex 44.8534 0.1000 1.6000
    endloop
  endfacet
  facet normal 0.000000 -1.000000 0.000000
    outer loop
      vertex 44.5032 0.1000 0.8000
      vertex 44.8534 0.1000 1.6000
      vertex 44.5032 0.1000 1.6000
    endloop
  endfacet
  facet normal 0.000000 -1.000000 0.000000
    outer loop
      vertex 44.8534 0.1000 0.8000
      vertex 45.2035 0.1000 0.8000
      vertex 45.2035 0.1000 1.6000
    endloop
  endfacet
  facet normal 0.000000 -1.000000 0.000000
    outer loop
      vertex 44.8534 0.1000 0.8000
      vertex 45.2035 0.1000 1.6000
      vertex 44.8534 0.1000 1.6000
    endloop
  endfacet
  facet normal 0.000000 -1.000000 0.000000
    outer loop
      vertex 45.2035 0.1000 0.8000
      vertex 45.5536 0.1000 0.8000
      vertex 45.5536 0.1000 1.6000
    endloop
  endfacet
  facet normal 0.000000 -1.000000 0.000000
    outer loop
      vertex 45.2035 0.1000 0.8000
      vertex 45.5536 0.1000 1.6000
      vertex 45.2035 0.1000 1.6000
    endloop
  endfacet
  facet normal 0.000000 -1.000000 0.000000
    outer loop
      vertex 45.5536 0.1000 0.8000
      vertex 45.9038 0.1000 0.8000
      vertex 45.9038 0.1000 1.6000
    endloop
  endfacet
  facet normal 0.000000 -1.000000 0.000000
    outer loop
      vertex 45.5536 0.1000 0.8000
      vertex 45.9038 0.1000 1.6000
      vertex 45.5536 0.1000 1.6000
    endloop
  endfacet
  facet normal 0.000000 -1.000000 0.000000
    outer loop
      vertex 45.9038 0.1000 0.8000
      vertex 46.2539 0.1000 0.8000
      vertex 46.2539 0.1000 1.6000
    endloop
  endfacet
  facet normal 0.000000 -1.000000 0.000000
    outer loop
      vertex 45.9038 0.1000 0.8000
      vertex 46.2539 0.1000 1.6000
      vertex 45.9038 0.1000 1.6000
    endloop
  endfacet
  facet normal 0.000000 -1.000000 0.000000
    outer loop
      vertex 46.2539 0.1000 0.8000
      vertex 46.6040 0.1000 0.8000
      vertex 46.6040 0.1000 1.6000
    endloop
  endfacet
  facet normal 0.000000 -1.000000 0.000000
    outer loop
      vertex 46.2539 0.1000 0.8000
      vertex 46.6040 0.1000 1.6000
      vertex 46.2539 0.1000 1.6000
    endloop
  endfacet
  facet normal 0.000000 -1.000000 0.000000
    outer loop
      vertex 46.6040 0.1000 0.8000
      vertex 46.9542 0.1000 0.8000
      vertex 46.9542 0.1000 1.6000
    endloop
  endfacet
  facet normal 0.000000 -1.000000 0.000000
    outer loop
      vertex 46.6040 0.1000 0.8000
      vertex 46.9542 0.1000 1.6000
      vertex 46.6040 0.1000 1.6000
    endloop
  endfacet
  facet normal 0.000000 -1.000000 0.000000
    outer loop
      vertex 46.9542 0.1000 0.8000
      vertex 47.3043 0.1000 0.8000
      vertex 47.3043 0.1000 1.6000
    endloop
  endfacet
  facet normal 0.000000 -1.000000 0.000000
    outer loop
      vertex 46.9542 0.1000 0.8000
      vertex 47.3043 0.1000 1.6000
      vertex 46.9542 0.1000 1.6000
    endloop
  endfacet
  facet normal 0.000000 -1.000000 0.000000
    outer loop
      vertex 47.3043 0.1000 0.8000
      vertex 47.6545 0.1000 0.8000
      vertex 47.6545 0.1000 1.6000
    endloop
  endfacet
  facet normal 0.000000 -1.000000 0.000000
    outer loop
      vertex 47.3043 0.1000 0.8000
      vertex 47.6545 0.1000 1.6000
      vertex 47.3043 0.1000 1.6000
    endloop
  endfacet
  facet normal 0.000000 -1.000000 0.000000
    outer loop
      vertex 47.6545 0.1000 0.8000
      vertex 48.0046 0.1000 0.8000
      vertex 48.0046 0.1000 1.6000
    endloop
  endfacet
  facet normal 0.000000 -1.000000 0.000000
    outer loop
      vertex 47.6545 0.1000 0.8000
      vertex 48.0046 0.1000 1.6000
      vertex 47.6545 0.1000 1.6000
    endloop
  endfacet
  facet normal 0.000000 -1.000000 0.000000
    outer loop
      vertex 48.0046 0.1000 0.8000
      vertex 48.3547 0.1000 0.8000
      vertex 48.3547 0.1000 1.6000
    endloop
  endfacet
  facet normal 0.000000 -1.000000 0.000000
    outer loop
      vertex 48.0046 0.1000 0.8000
      vertex 48.3547 0.1000 1.6000
      vertex 48.0046 0.1000 1.6000
    endloop
  endfacet
  facet normal 0.000000 -1.000000 0.000000
    outer loop
      vertex 48.3547 0.1000 0.8000
      vertex 48.7049 0.1000 0.8000
      vertex 48.7049 0.1000 1.6000
    endloop
  endfacet
  facet normal 0.000000 -1.000000 0.000000
    outer loop
      vertex 48.3547 0.1000 0.8000
      vertex 48.7049 0.1000 1.6000
      vertex 48.3547 0.1000 1.6000
    endloop
  endfacet
  facet normal 0.000000 -1.000000 0.000000
    outer loop
      vertex 48.7049 0.1000 0.8000
      vertex 49.0550 0.1000 0.8000
      vertex 49.0550 0.1000 1.6000
    endloop
  endfacet
  facet normal 0.000000 -1.000000 0.000000
    outer loop
      vertex 48.7049 0.1000 0.8000
      vertex 49.0550 0.1000 1.6000
      vertex 48.7049 0.1000 1.6000
    endloop
  endfacet
  facet normal 0.000000 -1.000000 0.000000
    outer loop
      vertex 49.0550 0.1000 0.8000
      vertex 49.4051 0.1000 0.8000
      vertex 49.4051 0.1000 1.6000
    endloop
  endfacet
  facet normal 0.000000 -1.000000 0.000000
    outer loop
      vertex 49.0550 0.1000 0.8000
      vertex 49.4051 0.1000 1.6000
      vertex 49.0550 0.1000 1.6000
    endloop
  endfacet
  facet normal 0.000000 -1.000000 0.000000
    outer loop
      vertex 49.4051 0.1000 0.8000
      vertex 49.7553 0.1000 0.8000
      vertex 49.7553 0.1000 1.6000
    endloop
  endfacet
  facet normal 0.000000 -1.000000 0.000000
    outer loop
      vertex 49.4051 0.1000 0.8000
      vertex 49.7553 0.1000 1.6000
      vertex 49.4051 0.1000 1.6000
    endloop
  endfacet
  facet normal 0.000000 -1.000000 0.000000
    outer loop
      vertex 49.7553 0.1000 0.8000
      vertex 50.1054 0.1000 0.8000
      vertex 50.1054 0.1000 1.6000
    endloop
  endfacet
  facet normal 0.000000 -1.000000 0.000000
    outer loop
      vertex 49.7553 0.1000 0.8000
      vertex 50.1054 0.1000 1.6000
      vertex 49.7553 0.1000 1.6000
    endloop
  endfacet
  facet normal 0.000000 -1.000000 0.000000
    outer loop
      vertex 50.1054 0.1000 0.8000
      vertex 50.4555 0.1000 0.8000
      vertex 50.4555 0.1000 1.6000
    endloop
  endfacet
  facet normal 0.000000 -1.000000 0.000000
    outer loop
      vertex 50.1054 0.1000 0.8000
      vertex 50.4555 0.1000 1.6000
      vertex 50.1054 0.1000 1.6000
    endloop
  endfacet
  facet normal 0.000000 -1.000000 0.000000
    outer loop
      vertex 50.4555 0.1000 0.8000
      vertex 50.8057 0.1000 0.8000
      vertex 50.8057 0.1000 1.6000
    endloop
  endfacet
  facet normal 0.000000 -1.000000 0.000000
    outer loop
      vertex 50.4555 0.1000 0.8000
      vertex 50.8057 0.1000 1.6000
      vertex 50.4555 0.1000 1.6000
    endloop
  endfacet
  facet normal 0.000000 -1.000000 0.000000
    outer loop
      vertex 50.8057 0.1000 0.8000
      vertex 51.1558 0.1000 0.8000
      vertex 51.1558 0.1000 1.6000
    endloop
  endfacet
  facet normal 0.000000 -1.000000 0.000000
    outer loop
      vertex 50.8057 0.1000 0.8000
      vertex 51.1558 0.1000 1.6000
      vertex 50.8057 0.1000 1.6000
    endloop
  endfacet
  facet normal 0.000000 -1.000000 0.000000
    outer loop
      vertex 51.1558 0.1000 0.8000
      vertex 51.5059 0.1000 0.8000
      vertex 51.5059 0.1000 1.6000
    endloop
  endfacet
  facet normal 0.000000 -1.000000 0.000000
    outer loop
      vertex 51.1558 0.1000 0.8000
      vertex 51.5059 0.1000 1.6000
      vertex 51.1558 0.1000 1.6000
    endloop
  endfacet
  facet normal 0.000000 -1.000000 0.000000
    outer loop
      vertex 51.5059 0.1000 0.8000
      vertex 51.8561 0.1000 0.8000
      vertex 51.8561 0.1000 1.6000
    endloop
  endfacet
  facet normal 0.000000 -1.000000 0.000000
    outer loop
      vertex 51.5059 0.1000 0.8000
      vertex 51.8561 0.1000 1.6000
      vertex 51.5059 0.1000 1.6000
    endloop
  endfacet
  facet normal 0.000000 -1.000000 0.000000
    outer loop
      vertex 51.8561 0.1000 0.8000
      vertex 52.2062 0.1000 0.8000
      vertex 52.2062 0.1000 1.6000
    endloop
  endfacet
  facet normal 0.000000 -1.000000 0.000000
    outer loop
      vertex 51.8561 0.1000 0.8000
      vertex 52.2062 0.1000 1.6000
      vertex 51.8561 0.1000 1.6000
    endloop
  endfacet
  facet normal 0.000000 -1.000000 0.000000
    outer loop
      vertex 52.2062 0.1000 0.8000
      vertex 52.5563 0.1000 0.8000
      vertex 52.5563 0.1000 1.6000
    endloop
  endfacet
  facet normal 0.000000 -1.000000 0.000000
    outer loop
      vertex 52.2062 0.1000 0.8000
      vertex 52.5563 0.1000 1.6000
      vertex 52.2062 0.1000 1.6000
    endloop
  endfacet
  facet normal 0.000000 -1.000000 0.000000
    outer loop
      vertex 52.5563 0.1000 0.8000
      vertex 52.9065 0.1000 0.8000
      vertex 52.9065 0.1000 1.6000
    endloop
  endfacet
  facet normal 0.000000 -1.000000 0.000000
    outer loop
      vertex 52.5563 0.1000 0.8000
      vertex 52.9065 0.1000 1.6000
      vertex 52.5563 0.1000 1.6000
    endloop
  endfacet
  facet normal 0.000000 -1.000000 0.000000
    outer loop
      vertex 52.9065 0.1000 0.8000
      vertex 53.2566 0.1000 0.8000
      vertex 53.2566 0.1000 1.6000
    endloop
  endfacet
  facet normal 0.000000 -1.000000 0.000000
    outer loop
      vertex 52.9065 0.1000 0.8000
      vertex 53.2566 0.1000 1.6000
      vertex 52.9065 0.1000 1.6000
    endloop
  endfacet
  facet normal 0.000000 -1.000000 0.000000
    outer loop
      vertex 53.2566 0.1000 0.8000
      vertex 53.6067 0.1000 0.8000
      vertex 53.6067 0.1000 1.6000
    endloop
  endfacet
  facet normal 0.000000 -1.000000 0.000000
    outer loop
      vertex 53.2566 0.1000 0.8000
      vertex 53.6067 0.1000 1.6000
      vertex 53.2566 0.1000 1.6000
    endloop
  endfacet
  facet normal 0.000000 -1.000000 0.000000
    outer loop
      vertex 53.6067 0.1000 0.8000
      vertex 53.9569 0.1000 0.8000
      vertex 53.9569 0.1000 1.6000
    endloop
  endfacet
  facet normal 0.000000 -1.000000 0.000000
    outer loop
      vertex 53.6067 0.1000 0.8000
      vertex 53.9569 0.1000 1.6000
      vertex 53.6067 0.1000 1.6000
    endloop
  endfacet
  facet normal 0.000000 -1.000000 0.000000
    outer loop
      vertex 53.9569 0.1000 0.8000
      vertex 54.3070 0.1000 0.8000
      vertex 54.3070 0.1000 1.6000
    endloop
  endfacet
  facet normal 0.000000 -1.000000 0.000000
    outer loop
      vertex 53.9569 0.1000 0.8000
      vertex 54.3070 0.1000 1.6000
      vertex 53.9569 0.1000 1.6000
    endloop
  endfacet
  facet normal 0.000000 -1.000000 0.000000
    outer loop
      vertex 54.3070 0.1000 0.8000
      vertex 54.6572 0.1000 0.8000
      vertex 54.6572 0.1000 1.6000
    endloop
  endfacet
  facet normal 0.000000 -1.000000 0.000000
    outer loop
      vertex 54.3070 0.1000 0.8000
      vertex 54.6572 0.1000 1.6000
      vertex 54.3070 0.1000 1.6000
    endloop
  endfacet
  facet normal 0.000000 -1.000000 0.000000
    outer loop
      vertex 54.6572 0.1000 0.8000
      vertex 55.0073 0.1000 0.8000
      vertex 55.0073 0.1000 1.6000
    endloop
  endfacet
  facet normal 0.000000 -1.000000 0.000000
    outer loop
      vertex 54.6572 0.1000 0.8000
      vertex 55.0073 0.1000 1.6000
      vertex 54.6572 0.1000 1.6000
    endloop
  endfacet
  facet normal 0.000000 -1.000000 0.000000
    outer loop
      vertex 55.0073 0.1000 0.8000
      vertex 55.3574 0.1000 0.8000
      vertex 55.3574 0.1000 1.6000
    endloop
  endfacet
  facet normal 0.000000 -1.000000 0.000000
    outer loop
      vertex 55.0073 0.1000 0.8000
      vertex 55.3574 0.1000 1.6000
      vertex 55.0073 0.1000 1.6000
    endloop
  endfacet
  facet normal 0.000000 -1.000000 0.000000
    outer loop
      vertex 55.3574 0.1000 0.8000
      vertex 55.7076 0.1000 0.8000
      vertex 55.7076 0.1000 1.6000
    endloop
  endfacet
  facet normal 0.000000 -1.000000 0.000000
    outer loop
      vertex 55.3574 0.1000 0.8000
      vertex 55.7076 0.1000 1.6000
      vertex 55.3574 0.1000 1.6000
    endloop
  endfacet
  facet normal 0.000000 -1.000000 0.000000
    outer loop
      vertex 55.7076 0.1000 0.8000
      vertex 56.0577 0.1000 0.8000
      vertex 56.0577 0.1000 1.6000
    endloop
  endfacet
  facet normal 0.000000 -1.000000 0.000000
    outer loop
      vertex 55.7076 0.1000 0.8000
      vertex 56.0577 0.1000 1.6000
      vertex 55.7076 0.1000 1.6000
    endloop
  endfacet
  facet normal 0.000000 -1.000000 0.000000
    outer loop
      vertex 56.0577 0.1000 0.8000
      vertex 56.4078 0.1000 0.8000
      vertex 56.4078 0.1000 1.6000
    endloop
  endfacet
  facet normal 0.000000 -1.000000 0.000000
    outer loop
      vertex 56.0577 0.1000 0.8000
      vertex 56.4078 0.1000 1.6000
      vertex 56.0577 0.1000 1.6000
    endloop
  endfacet
  facet normal 0.000000 -1.000000 0.000000
    outer loop
      vertex 56.4078 0.1000 0.8000
      vertex 56.7580 0.1000 0.8000
      vertex 56.7580 0.1000 1.6000
    endloop
  endfacet
  facet normal 0.000000 -1.000000 0.000000
    outer loop
      vertex 56.4078 0.1000 0.8000
      vertex 56.7580 0.1000 1.6000
      vertex 56.4078 0.1000 1.6000
    endloop
  endfacet
  facet normal 0.000000 -1.000000 0.000000
    outer loop
      vertex 56.7580 0.1000 0.8000
      vertex 57.1081 0.1000 0.8000
      vertex 57.1081 0.1000 1.6000
    endloop
  endfacet
  facet normal 0.000000 -1.000000 0.000000
    outer loop
      vertex 56.7580 0.1000 0.8000
      vertex 57.1081 0.1000 1.6000
      vertex 56.7580 0.1000 1.6000
    endloop
  endfacet
  facet normal 0.000000 -1.000000 0.000000
    outer loop
      vertex 57.1081 0.1000 0.8000
      vertex 57.4582 0.1000 0.8000
      vertex 57.4582 0.1000 1.6000
    endloop
  endfacet
  facet normal 0.000000 -1.000000 0.000000
    outer loop
      vertex 57.1081 0.1000 0.8000
      vertex 57.4582 0.1000 1.6000
      vertex 57.1081 0.1000 1.6000
    endloop
  endfacet
  facet normal 0.000000 -1.000000 0.000000
    outer loop
      vertex 57.4582 0.1000 0.8000
      vertex 57.8084 0.1000 0.8000
      vertex 57.8084 0.1000 1.6000
    endloop
  endfacet
  facet normal 0.000000 -1.000000 0.000000
    outer loop
      vertex 57.4582 0.1000 0.8000
      vertex 57.8084 0.1000 1.6000
      vertex 57.4582 0.1000 1.6000
    endloop
  endfacet
  facet normal 0.000000 -1.000000 0.000000
    outer loop
      vertex 57.8084 0.1000 0.8000
      vertex 58.1585 0.1000 0.8000
      vertex 58.1585 0.1000 1.6000
    endloop
  endfacet
  facet normal 0.000000 -1.000000 0.000000
    outer loop
      vertex 57.8084 0.1000 0.8000
      vertex 58.1585 0.1000 1.6000
      vertex 57.8084 0.1000 1.6000
    endloop
  endfacet
  facet normal 0.000000 -1.000000 0.000000
    outer loop
      vertex 58.1585 0.1000 0.8000
      vertex 58.5086 0.1000 0.8000
      vertex 58.5086 0.1000 1.6000
    endloop
  endfacet
  facet normal 0.000000 -1.000000 0.000000
    outer loop
      vertex 58.1585 0.1000 0.8000
      vertex 58.5086 0.1000 1.6000
      vertex 58.1585 0.1000 1.6000
    endloop
  endfacet
  facet normal 0.000000 -1.000000 0.000000
    outer loop
      vertex 58.5086 0.1000 0.8000
      vertex 58.8588 0.1000 0.8000
      vertex 58.8588 0.1000 1.6000
    endloop
  endfacet
  facet normal 0.000000 -1.000000 0.000000
    outer loop
      vertex 58.5086 0.1000 0.8000
      vertex 58.8588 0.1000 1.6000
      vertex 58.5086 0.1000 1.6000
    endloop
  endfacet
  facet normal 0.000000 -1.000000 0.000000
    outer loop
      vertex 58.8588 0.1000 0.8000
      vertex 59.2089 0.1000 0.8000
      vertex 59.2089 0.1000 1.6000
    endloop
  endfacet
  facet normal 0.000000 -1.000000 0.000000
    outer loop
      vertex 58.8588 0.1000 0.8000
      vertex 59.2089 0.1000 1.6000
      vertex 58.8588 0.1000 1.6000
    endloop
  endfacet
  facet normal 0.000000 -1.000000 0.000000
    outer loop
      vertex 59.2089 0.1000 0.8000
      vertex 59.5590 0.1000 0.8000
      vertex 59.5590 0.1000 1.6000
    endloop
  endfacet
  facet normal 0.000000 -1.000000 0.000000
    outer loop
      vertex 59.2089 0.1000 0.8000
      vertex 59.5590 0.1000 1.6000
      vertex 59.2089 0.1000 1.6000
    endloop
  endfacet
  facet normal 0.000000 -1.000000 0.000000
    outer loop
      vertex 59.5590 0.1000 0.8000
      vertex 59.9092 0.1000 0.8000
      vertex 59.9092 0.1000 1.6000
    endloop
  endfacet
  facet normal 0.000000 -1.000000 0.000000
    outer loop
      vertex 59.5590 0.1000 0.8000
      vertex 59.9092 0.1000 1.6000
      vertex 59.5590 0.1000 1.6000
    endloop
  endfacet
  facet normal 0.000000 -1.000000 0.000000
    outer loop
      vertex 59.9092 0.1000 0.8000
      vertex 60.2593 0.1000 0.8000
      vertex 60.2593 0.1000 1.6000
    endloop
  endfacet
  facet normal 0.000000 -1.000000 0.000000
    outer loop
      vertex 59.9092 0.1000 0.8000
      vertex 60.2593 0.1000 1.6000
      vertex 59.9092 0.1000 1.6000
    endloop
  endfacet
  facet normal 0.000000 -1.000000 0.000000
    outer loop
      vertex 60.2593 0.1000 0.8000
      vertex 60.6095 0.1000 0.8000
      vertex 60.6095 0.1000 1.6000
    endloop
  endfacet
  facet normal 0.000000 -1.000000 0.000000
    outer loop
      vertex 60.2593 0.1000 0.8000
      vertex 60.6095 0.1000 1.6000
      vertex 60.2593 0.1000 1.6000
    endloop
  endfacet
  facet normal 0.000000 -1.000000 0.000000
    outer loop
      vertex 60.6095 0.1000 0.8000
      vertex 60.9596 0.1000 0.8000
      vertex 60.9596 0.1000 1.6000
    endloop
  endfacet
  facet normal 0.000000 -1.000000 0.000000
    outer loop
      vertex 60.6095 0.1000 0.8000
      vertex 60.9596 0.1000 1.6000
      vertex 60.6095 0.1000 1.6000
    endloop
  endfacet
  facet normal 0.000000 -1.000000 0.000000
    outer loop
      vertex 60.9596 0.1000 0.8000
      vertex 61.3097 0.1000 0.8000
      vertex 61.3097 0.1000 1.6000
    endloop
  endfacet
  facet normal 0.000000 -1.000000 0.000000
    outer loop
      vertex 60.9596 0.1000 0.8000
      vertex 61.3097 0.1000 1.6000
      vertex 60.9596 0.1000 1.6000
    endloop
  endfacet
  facet normal 0.000000 -1.000000 0.000000
    outer loop
      vertex 61.3097 0.1000 0.8000
      vertex 61.6599 0.1000 0.8000
      vertex 61.6599 0.1000 1.6000
    endloop
  endfacet
  facet normal 0.000000 -1.000000 0.000000
    outer loop
      vertex 61.3097 0.1000 0.8000
      vertex 61.6599 0.1000 1.6000
      vertex 61.3097 0.1000 1.6000
    endloop
  endfacet
  facet normal 0.000000 -1.000000 0.000000
    outer loop
      vertex 61.6599 0.1000 0.8000
      vertex 62.0100 0.1000 0.8000
      vertex 62.0100 0.1000 1.6000
    endloop
  endfacet
  facet normal 0.000000 -1.000000 0.000000
    outer loop
      vertex 61.6599 0.1000 0.8000
      vertex 62.0100 0.1000 1.6000
      vertex 61.6599 0.1000 1.6000
    endloop
  endfacet
  facet normal 0.000000 -1.000000 0.000000
    outer loop
      vertex 62.0100 0.1000 0.8000
      vertex 62.3601 0.1000 0.8000
      vertex 62.3601 0.1000 1.6000
    endloop
  endfacet
  facet normal 0.000000 -1.000000 0.000000
    outer loop
      vertex 62.0100 0.1000 0.8000
      vertex 62.3601 0.1000 1.6000
      vertex 62.0100 0.1000 1.6000
    endloop
  endfacet
  facet normal 0.000000 -1.000000 0.000000
    outer loop
      vertex 62.3601 0.1000 0.8000
      vertex 62.7103 0.1000 0.8000
      vertex 62.7103 0.1000 1.6000
    endloop
  endfacet
  facet normal 0.000000 -1.000000 0.000000
    outer loop
      vertex 62.3601 0.1000 0.8000
      vertex 62.7103 0.1000 1.6000
      vertex 62.3601 0.1000 1.6000
    endloop
  endfacet
  facet normal 0.000000 -1.000000 0.000000
    outer loop
      vertex 62.7103 0.1000 0.8000
      vertex 63.0604 0.1000 0.8000
      vertex 63.0604 0.1000 1.6000
    endloop
  endfacet
  facet normal 0.000000 -1.000000 0.000000
    outer loop
      vertex 62.7103 0.1000 0.8000
      vertex 63.0604 0.1000 1.6000
      vertex 62.7103 0.1000 1.6000
    endloop
  endfacet
  facet normal 0.000000 -1.000000 0.000000
    outer loop
      vertex 63.0604 0.1000 0.8000
      vertex 63.4105 0.1000 0.8000
      vertex 63.4105 0.1000 1.6000
    endloop
  endfacet
  facet normal 0.000000 -1.000000 0.000000
    outer loop
      vertex 63.0604 0.1000 0.8000
      vertex 63.4105 0.1000 1.6000
      vertex 63.0604 0.1000 1.6000
    endloop
  endfacet
  facet normal 0.000000 -1.000000 0.000000
    outer loop
      vertex 63.4105 0.1000 0.8000
      vertex 63.7607 0.1000 0.8000
      vertex 63.7607 0.1000 1.6000
    endloop
  endfacet
  facet normal 0.000000 -1.000000 0.000000
    outer loop
      vertex 63.4105 0.1000 0.8000
      vertex 63.7607 0.1000 1.6000
      vertex 63.4105 0.1000 1.6000
    endloop
  endfacet
  facet normal 0.000000 -1.000000 0.000000
    outer loop
      vertex 63.7607 0.1000 0.8000
      vertex 64.1108 0.1000 0.8000
      vertex 64.1108 0.1000 1.6000
    endloop
  endfacet
  facet normal 0.000000 -1.000000 0.000000
    outer loop
      vertex 63.7607 0.1000 0.8000
      vertex 64.1108 0.1000 1.6000
      vertex 63.7607 0.1000 1.6000
    endloop
  endfacet
  facet normal 0.000000 -1.000000 0.000000
    outer loop
      vertex 64.1108 0.1000 0.8000
      vertex 64.4609 0.1000 0.8000
      vertex 64.4609 0.1000 1.6000
    endloop
  endfacet
  facet normal 0.000000 -1.000000 0.000000
    outer loop
      vertex 64.1108 0.1000 0.8000
      vertex 64.4609 0.1000 1.6000
      vertex 64.1108 0.1000 1.6000
    endloop
  endfacet
  facet normal 0.000000 -1.000000 0.000000
    outer loop
      vertex 64.4609 0.1000 0.8000
      vertex 64.8111 0.1000 0.8000
      vertex 64.8111 0.1000 1.6000
    endloop
  endfacet
  facet normal 0.000000 -1.000000 0.000000
    outer loop
      vertex 64.4609 0.1000 0.8000
      vertex 64.8111 0.1000 1.6000
      vertex 64.4609 0.1000 1.6000
    endloop
  endfacet
  facet normal 0.000000 -1.000000 0.000000
    outer loop
      vertex 64.8111 0.1000 0.8000
      vertex 65.1612 0.1000 0.8000
      vertex 65.1612 0.1000 1.6000
    endloop
  endfacet
  facet normal 0.000000 -1.000000 0.000000
    outer loop
      vertex 64.8111 0.1000 0.8000
      vertex 65.1612 0.1000 1.6000
      vertex 64.8111 0.1000 1.6000
    endloop
  endfacet
  facet normal 0.000000 -1.000000 0.000000
    outer loop
      vertex 65.1612 0.1000 0.8000
      vertex 65.5113 0.1000 0.8000
      vertex 65.5113 0.1000 1.6000
    endloop
  endfacet
  facet normal 0.000000 -1.000000 0.000000
    outer loop
      vertex 65.1612 0.1000 0.8000
      vertex 65.5113 0.1000 1.6000
      vertex 65.1612 0.1000 1.6000
    endloop
  endfacet
  facet normal 0.000000 -1.000000 0.000000
    outer loop
      vertex 65.5113 0.1000 0.8000
      vertex 65.8615 0.1000 0.8000
      vertex 65.8615 0.1000 1.6000
    endloop
  endfacet
  facet normal 0.000000 -1.000000 0.000000
    outer loop
      vertex 65.5113 0.1000 0.8000
      vertex 65.8615 0.1000 1.6000
      vertex 65.5113 0.1000 1.6000
    endloop
  endfacet
  facet normal 0.000000 -1.000000 0.000000
    outer loop
      vertex 65.8615 0.1000 0.8000
      vertex 66.2116 0.1000 0.8000
      vertex 66.2116 0.1000 1.6000
    endloop
  endfacet
  facet normal 0.000000 -1.000000 0.000000
    outer loop
      vertex 65.8615 0.1000 0.8000
      vertex 66.2116 0.1000 1.6000
      vertex 65.8615 0.1000 1.6000
    endloop
  endfacet
  facet normal 0.000000 -1.000000 0.000000
    outer loop
      vertex 66.2116 0.1000 0.8000
      vertex 66.5617 0.1000 0.8000
      vertex 66.5617 0.1000 1.6000
    endloop
  endfacet
  facet normal 0.000000 -1.000000 0.000000
    outer loop
      vertex 66.2116 0.1000 0.8000
      vertex 66.5617 0.1000 1.6000
      vertex 66.2116 0.1000 1.6000
    endloop
  endfacet
  facet normal 0.000000 -1.000000 0.000000
    outer loop
      vertex 66.5617 0.1000 0.8000
      vertex 66.9119 0.1000 0.8000
      vertex 66.9119 0.1000 1.6000
    endloop
  endfacet
  facet normal 0.000000 -1.000000 0.000000
    outer loop
      vertex 66.5617 0.1000 0.8000
      vertex 66.9119 0.1000 1.6000
      vertex 66.5617 0.1000 1.6000
    endloop
  endfacet
  facet normal 0.000000 -1.000000 0.000000
    outer loop
      vertex 66.9119 0.1000 0.8000
      vertex 67.2620 0.1000 0.8000
      vertex 67.2620 0.1000 1.6000
    endloop
  endfacet
  facet normal 0.000000 -1.000000 0.000000
    outer loop
      vertex 66.9119 0.1000 0.8000
      vertex 67.2620 0.1000 1.6000
      vertex 66.9119 0.1000 1.6000
    endloop
  endfacet
  facet normal 0.000000 -1.000000 0.000000
    outer loop
      vertex 67.2620 0.1000 0.8000
      vertex 67.6122 0.1000 0.8000
      vertex 67.6122 0.1000 1.6000
    endloop
  endfacet
  facet normal 0.000000 -1.000000 0.000000
    outer loop
      vertex 67.2620 0.1000 0.8000
      vertex 67.6122 0.1000 1.6000
      vertex 67.2620 0.1000 1.6000
    endloop
  endfacet
  facet normal 0.000000 -1.000000 0.000000
    outer loop
      vertex 67.6122 0.1000 0.8000
      vertex 67.9623 0.1000 0.8000
      vertex 67.9623 0.1000 1.6000
    endloop
  endfacet
  facet normal 0.000000 -1.000000 0.000000
    outer loop
      vertex 67.6122 0.1000 0.8000
      vertex 67.9623 0.1000 1.6000
      vertex 67.6122 0.1000 1.6000
    endloop
  endfacet
  facet normal 0.000000 -1.000000 0.000000
    outer loop
      vertex 67.9623 0.1000 0.8000
      vertex 68.3124 0.1000 0.8000
      vertex 68.3124 0.1000 1.6000
    endloop
  endfacet
  facet normal 0.000000 -1.000000 0.000000
    outer loop
      vertex 67.9623 0.1000 0.8000
      vertex 68.3124 0.1000 1.6000
      vertex 67.9623 0.1000 1.6000
    endloop
  endfacet
  facet normal 0.000000 -1.000000 0.000000
    outer loop
      vertex 68.3124 0.1000 0.8000
      vertex 68.6626 0.1000 0.8000
      vertex 68.6626 0.1000 1.6000
    endloop
  endfacet
  facet normal 0.000000 -1.000000 0.000000
    outer loop
      vertex 68.3124 0.1000 0.8000
      vertex 68.6626 0.1000 1.6000
      vertex 68.3124 0.1000 1.6000
    endloop
  endfacet
  facet normal 0.000000 -1.000000 0.000000
    outer loop
      vertex 68.6626 0.1000 0.8000
      vertex 69.0127 0.1000 0.8000
      vertex 69.0127 0.1000 1.6000
    endloop
  endfacet
  facet normal 0.000000 -1.000000 0.000000
    outer loop
      vertex 68.6626 0.1000 0.8000
      vertex 69.0127 0.1000 1.6000
      vertex 68.6626 0.1000 1.6000
    endloop
  endfacet
  facet normal 0.000000 -1.000000 0.000000
    outer loop
      vertex 69.0127 0.1000 0.8000
      vertex 69.3628 0.1000 0.8000
      vertex 69.3628 0.1000 1.6000
    endloop
  endfacet
  facet normal 0.000000 -1.000000 0.000000
    outer loop
      vertex 69.0127 0.1000 0.8000
      vertex 69.3628 0.1000 1.6000
      vertex 69.0127 0.1000 1.6000
    endloop
  endfacet
  facet normal 0.000000 -1.000000 0.000000
    outer loop
      vertex 69.3628 0.1000 0.8000
      vertex 69.7130 0.1000 0.8000
      vertex 69.7130 0.1000 1.6000
    endloop
  endfacet
  facet normal 0.000000 -1.000000 0.000000
    outer loop
      vertex 69.3628 0.1000 0.8000
      vertex 69.7130 0.1000 1.6000
      vertex 69.3628 0.1000 1.6000
    endloop
  endfacet
  facet normal 0.000000 -1.000000 0.000000
    outer loop
      vertex 69.7130 0.1000 0.8000
      vertex 70.0631 0.1000 0.8000
      vertex 70.0631 0.1000 1.6000
    endloop
  endfacet
  facet normal 0.000000 -1.000000 0.000000
    outer loop
      vertex 69.7130 0.1000 0.8000
      vertex 70.0631 0.1000 1.6000
      vertex 69.7130 0.1000 1.6000
    endloop
  endfacet
  facet normal 0.000000 -1.000000 0.000000
    outer loop
      vertex 70.0631 0.1000 0.8000
      vertex 70.4132 0.1000 0.8000
      vertex 70.4132 0.1000 1.6000
    endloop
  endfacet
  facet normal 0.000000 -1.000000 0.000000
    outer loop
      vertex 70.0631 0.1000 0.8000
      vertex 70.4132 0.1000 1.6000
      vertex 70.0631 0.1000 1.6000
    endloop
  endfacet
  facet normal 0.000000 -1.000000 0.000000
    outer loop
      vertex 70.4132 0.1000 0.8000
      vertex 70.7634 0.1000 0.8000
      vertex 70.7634 0.1000 1.6000
    endloop
  endfacet
  facet normal 0.000000 -1.000000 0.000000
    outer loop
      vertex 70.4132 0.1000 0.8000
      vertex 70.7634 0.1000 1.6000
      vertex 70.4132 0.1000 1.6000
    endloop
  endfacet
  facet normal 0.000000 -1.000000 0.000000
    outer loop
      vertex 70.7634 0.1000 0.8000
      vertex 71.1135 0.1000 0.8000
      vertex 71.1135 0.1000 1.6000
    endloop
  endfacet
  facet normal 0.000000 -1.000000 0.000000
    outer loop
      vertex 70.7634 0.1000 0.8000
      vertex 71.1135 0.1000 1.6000
      vertex 70.7634 0.1000 1.6000
    endloop
  endfacet
  facet normal 0.011891 -0.999929 0.000000
    outer loop
      vertex 71.1135 0.1000 0.8000
      vertex 71.4635 0.1042 0.8000
      vertex 71.4635 0.1042 1.6000
    endloop
  endfacet
  facet normal 0.011891 -0.999929 0.000000
    outer loop
      vertex 71.1135 0.1000 0.8000
      vertex 71.4635 0.1042 1.6000
      vertex 71.1135 0.1000 1.6000
    endloop
  endfacet
  facet normal 0.461793 -0.886988 0.000000
    outer loop
      vertex 71.4635 0.1042 0.8000
      vertex 71.7676 0.2625 0.8000
      vertex 71.7676 0.2625 1.6000
    endloop
  endfacet
  facet normal 0.461793 -0.886988 0.000000
    outer loop
      vertex 71.4635 0.1042 0.8000
      vertex 71.7676 0.2625 1.6000
      vertex 71.4635 0.1042 1.6000
    endloop
  endfacet
  facet normal 0.924032 -0.382314 0.000000
    outer loop
      vertex 71.7676 0.2625 0.8000
      vertex 71.8986 0.5791 0.8000
      vertex 71.8986 0.5791 1.6000
    endloop
  endfacet
  facet normal 0.924032 -0.382314 0.000000
    outer loop
      vertex 71.7676 0.2625 0.8000
      vertex 71.8986 0.5791 1.6000
      vertex 71.7676 0.2625 1.6000
    endloop
  endfacet
  facet normal 0.999992 -0.003910 0.000000
    outer loop
      vertex 71.8986 0.5791 0.8000
      vertex 71.9000 0.9292 0.8000
      vertex 71.9000 0.9292 1.6000
    endloop
  endfacet
  facet normal 0.999992 -0.003910 0.000000
    outer loop
      vertex 71.8986 0.5791 0.8000
      vertex 71.9000 0.9292 1.6000
      vertex 71.8986 0.5791 1.6000
    endloop
  endfacet
  facet normal 1.000000 0.000000 0.000000
    outer loop
      vertex 71.9000 0.9292 0.8000
      vertex 71.9000 1.2793 0.8000
      vertex 71.9000 1.2793 1.6000
    endloop
  endfacet
  facet normal 1.000000 0.000000 0.000000
    outer loop
      vertex 71.9000 0.9292 0.8000
      vertex 71.9000 1.2793 1.6000
      vertex 71.9000 0.9292 1.6000
    endloop
  endfacet
  facet normal 1.000000 0.000000 0.000000
    outer loop
      vertex 71.9000 1.2793 0.8000
      vertex 71.9000 1.6295 0.8000
      vertex 71.9000 1.6295 1.6000
    endloop
  endfacet
  facet normal 1.000000 0.000000 0.000000
    outer loop
      vertex 71.9000 1.2793 0.8000
      vertex 71.9000 1.6295 1.6000
      vertex 71.9000 1.2793 1.6000
    endloop
  endfacet
  facet normal 1.000000 0.000000 0.000000
    outer loop
      vertex 71.9000 1.6295 0.8000
      vertex 71.9000 1.9796 0.8000
      vertex 71.9000 1.9796 1.6000
    endloop
  endfacet
  facet normal 1.000000 0.000000 0.000000
    outer loop
      vertex 71.9000 1.6295 0.8000
      vertex 71.9000 1.9796 1.6000
      vertex 71.9000 1.6295 1.6000
    endloop
  endfacet
  facet normal 1.000000 0.000000 0.000000
    outer loop
      vertex 71.9000 1.9796 0.8000
      vertex 71.9000 2.3297 0.8000
      vertex 71.9000 2.3297 1.6000
    endloop
  endfacet
  facet normal 1.000000 0.000000 0.000000
    outer loop
      vertex 71.9000 1.9796 0.8000
      vertex 71.9000 2.3297 1.6000
      vertex 71.9000 1.9796 1.6000
    endloop
  endfacet
  facet normal 1.000000 0.000000 0.000000
    outer loop
      vertex 71.9000 2.3297 0.8000
      vertex 71.9000 2.6799 0.8000
      vertex 71.9000 2.6799 1.6000
    endloop
  endfacet
  facet normal 1.000000 0.000000 0.000000
    outer loop
      vertex 71.9000 2.3297 0.8000
      vertex 71.9000 2.6799 1.6000
      vertex 71.9000 2.3297 1.6000
    endloop
  endfacet
  facet normal 1.000000 0.000000 0.000000
    outer loop
      vertex 71.9000 2.6799 0.8000
      vertex 71.9000 3.0300 0.8000
      vertex 71.9000 3.0300 1.6000
    endloop
  endfacet
  facet normal 1.000000 0.000000 0.000000
    outer loop
      vertex 71.9000 2.6799 0.8000
      vertex 71.9000 3.0300 1.6000
      vertex 71.9000 2.6799 1.6000
    endloop
  endfacet
  facet normal 1.000000 0.000000 0.000000
    outer loop
      vertex 71.9000 3.0300 0.8000
      vertex 71.9000 3.3802 0.8000
      vertex 71.9000 3.3802 1.6000
    endloop
  endfacet
  facet normal 1.000000 0.000000 0.000000
    outer loop
      vertex 71.9000 3.0300 0.8000
      vertex 71.9000 3.3802 1.6000
      vertex 71.9000 3.0300 1.6000
    endloop
  endfacet
  facet normal 1.000000 0.000000 0.000000
    outer loop
      vertex 71.9000 3.3802 0.8000
      vertex 71.9000 3.7303 0.8000
      vertex 71.9000 3.7303 1.6000
    endloop
  endfacet
  facet normal 1.000000 0.000000 0.000000
    outer loop
      vertex 71.9000 3.3802 0.8000
      vertex 71.9000 3.7303 1.6000
      vertex 71.9000 3.3802 1.6000
    endloop
  endfacet
  facet normal 1.000000 0.000000 0.000000
    outer loop
      vertex 71.9000 3.7303 0.8000
      vertex 71.9000 4.0804 0.8000
      vertex 71.9000 4.0804 1.6000
    endloop
  endfacet
  facet normal 1.000000 0.000000 0.000000
    outer loop
      vertex 71.9000 3.7303 0.8000
      vertex 71.9000 4.0804 1.6000
      vertex 71.9000 3.7303 1.6000
    endloop
  endfacet
  facet normal 1.000000 0.000000 0.000000
    outer loop
      vertex 71.9000 4.0804 0.8000
      vertex 71.9000 4.4306 0.8000
      vertex 71.9000 4.4306 1.6000
    endloop
  endfacet
  facet normal 1.000000 0.000000 0.000000
    outer loop
      vertex 71.9000 4.0804 0.8000
      vertex 71.9000 4.4306 1.6000
      vertex 71.9000 4.0804 1.6000
    endloop
  endfacet
  facet normal 1.000000 0.000000 0.000000
    outer loop
      vertex 71.9000 4.4306 0.8000
      vertex 71.9000 4.7807 0.8000
      vertex 71.9000 4.7807 1.6000
    endloop
  endfacet
  facet normal 1.000000 0.000000 0.000000
    outer loop
      vertex 71.9000 4.4306 0.8000
      vertex 71.9000 4.7807 1.6000
      vertex 71.9000 4.4306 1.6000
    endloop
  endfacet
  facet normal 1.000000 0.000000 0.000000
    outer loop
      vertex 71.9000 4.7807 0.8000
      vertex 71.9000 5.1308 0.8000
      vertex 71.9000 5.1308 1.6000
    endloop
  endfacet
  facet normal 1.000000 0.000000 0.000000
    outer loop
      vertex 71.9000 4.7807 0.8000
      vertex 71.9000 5.1308 1.6000
      vertex 71.9000 4.7807 1.6000
    endloop
  endfacet
  facet normal 1.000000 0.000000 0.000000
    outer loop
      vertex 71.9000 5.1308 0.8000
      vertex 71.9000 5.4810 0.8000
      vertex 71.9000 5.4810 1.6000
    endloop
  endfacet
  facet normal 1.000000 0.000000 0.000000
    outer loop
      vertex 71.9000 5.1308 0.8000
      vertex 71.9000 5.4810 1.6000
      vertex 71.9000 5.1308 1.6000
    endloop
  endfacet
  facet normal 1.000000 0.000000 0.000000
    outer loop
      vertex 71.9000 5.4810 0.8000
      vertex 71.9000 5.8311 0.8000
      vertex 71.9000 5.8311 1.6000
    endloop
  endfacet
  facet normal 1.000000 0.000000 0.000000
    outer loop
      vertex 71.9000 5.4810 0.8000
      vertex 71.9000 5.8311 1.6000
      vertex 71.9000 5.4810 1.6000
    endloop
  endfacet
  facet normal 1.000000 0.000000 0.000000
    outer loop
      vertex 71.9000 5.8311 0.8000
      vertex 71.9000 6.1812 0.8000
      vertex 71.9000 6.1812 1.6000
    endloop
  endfacet
  facet normal 1.000000 0.000000 0.000000
    outer loop
      vertex 71.9000 5.8311 0.8000
      vertex 71.9000 6.1812 1.6000
      vertex 71.9000 5.8311 1.6000
    endloop
  endfacet
  facet normal 1.000000 0.000000 0.000000
    outer loop
      vertex 71.9000 6.1812 0.8000
      vertex 71.9000 6.5314 0.8000
      vertex 71.9000 6.5314 1.6000
    endloop
  endfacet
  facet normal 1.000000 0.000000 0.000000
    outer loop
      vertex 71.9000 6.1812 0.8000
      vertex 71.9000 6.5314 1.6000
      vertex 71.9000 6.1812 1.6000
    endloop
  endfacet
  facet normal 1.000000 0.000000 0.000000
    outer loop
      vertex 71.9000 6.5314 0.8000
      vertex 71.9000 6.8815 0.8000
      vertex 71.9000 6.8815 1.6000
    endloop
  endfacet
  facet normal 1.000000 0.000000 0.000000
    outer loop
      vertex 71.9000 6.5314 0.8000
      vertex 71.9000 6.8815 1.6000
      vertex 71.9000 6.5314 1.6000
    endloop
  endfacet
  facet normal 1.000000 0.000000 0.000000
    outer loop
      vertex 71.9000 6.8815 0.8000
      vertex 71.9000 7.2316 0.8000
      vertex 71.9000 7.2316 1.6000
    endloop
  endfacet
  facet normal 1.000000 0.000000 0.000000
    outer loop
      vertex 71.9000 6.8815 0.8000
      vertex 71.9000 7.2316 1.6000
      vertex 71.9000 6.8815 1.6000
    endloop
  endfacet
  facet normal 1.000000 0.000000 0.000000
    outer loop
      vertex 71.9000 7.2316 0.8000
      vertex 71.9000 7.5818 0.8000
      vertex 71.9000 7.5818 1.6000
    endloop
  endfacet
  facet normal 1.000000 0.000000 0.000000
    outer loop
      vertex 71.9000 7.2316 0.8000
      vertex 71.9000 7.5818 1.6000
      vertex 71.9000 7.2316 1.6000
    endloop
  endfacet
  facet normal 1.000000 0.000000 0.000000
    outer loop
      vertex 71.9000 7.5818 0.8000
      vertex 71.9000 7.9319 0.8000
      vertex 71.9000 7.9319 1.6000
    endloop
  endfacet
  facet normal 1.000000 0.000000 0.000000
    outer loop
      vertex 71.9000 7.5818 0.8000
      vertex 71.9000 7.9319 1.6000
      vertex 71.9000 7.5818 1.6000
    endloop
  endfacet
  facet normal 1.000000 0.000000 0.000000
    outer loop
      vertex 71.9000 7.9319 0.8000
      vertex 71.9000 8.2820 0.8000
      vertex 71.9000 8.2820 1.6000
    endloop
  endfacet
  facet normal 1.000000 0.000000 0.000000
    outer loop
      vertex 71.9000 7.9319 0.8000
      vertex 71.9000 8.2820 1.6000
      vertex 71.9000 7.9319 1.6000
    endloop
  endfacet
  facet normal 1.000000 0.000000 0.000000
    outer loop
      vertex 71.9000 8.2820 0.8000
      vertex 71.9000 8.6322 0.8000
      vertex 71.9000 8.6322 1.6000
    endloop
  endfacet
  facet normal 1.000000 0.000000 0.000000
    outer loop
      vertex 71.9000 8.2820 0.8000
      vertex 71.9000 8.6322 1.6000
      vertex 71.9000 8.2820 1.6000
    endloop
  endfacet
  facet normal 1.000000 0.000000 0.000000
    outer loop
      vertex 71.9000 8.6322 0.8000
      vertex 71.9000 8.9823 0.8000
      vertex 71.9000 8.9823 1.6000
    endloop
  endfacet
  facet normal 1.000000 0.000000 0.000000
    outer loop
      vertex 71.9000 8.6322 0.8000
      vertex 71.9000 8.9823 1.6000
      vertex 71.9000 8.6322 1.6000
    endloop
  endfacet
  facet normal 1.000000 0.000000 0.000000
    outer loop
      vertex 71.9000 8.9823 0.8000
      vertex 71.9000 9.3324 0.8000
      vertex 71.9000 9.3324 1.6000
    endloop
  endfacet
  facet normal 1.000000 0.000000 0.000000
    outer loop
      vertex 71.9000 8.9823 0.8000
      vertex 71.9000 9.3324 1.6000
      vertex 71.9000 8.9823 1.6000
    endloop
  endfacet
  facet normal 1.000000 0.000000 0.000000
    outer loop
      vertex 71.9000 9.3324 0.8000
      vertex 71.9000 9.6826 0.8000
      vertex 71.9000 9.6826 1.6000
    endloop
  endfacet
  facet normal 1.000000 0.000000 0.000000
    outer loop
      vertex 71.9000 9.3324 0.8000
      vertex 71.9000 9.6826 1.6000
      vertex 71.9000 9.3324 1.6000
    endloop
  endfacet
  facet normal 1.000000 0.000000 0.000000
    outer loop
      vertex 71.9000 9.6826 0.8000
      vertex 71.9000 10.0327 0.8000
      vertex 71.9000 10.0327 1.6000
    endloop
  endfacet
  facet normal 1.000000 0.000000 0.000000
    outer loop
      vertex 71.9000 9.6826 0.8000
      vertex 71.9000 10.0327 1.6000
      vertex 71.9000 9.6826 1.6000
    endloop
  endfacet
  facet normal 1.000000 0.000000 0.000000
    outer loop
      vertex 71.9000 10.0327 0.8000
      vertex 71.9000 10.3829 0.8000
      vertex 71.9000 10.3829 1.6000
    endloop
  endfacet
  facet normal 1.000000 0.000000 0.000000
    outer loop
      vertex 71.9000 10.0327 0.8000
      vertex 71.9000 10.3829 1.6000
      vertex 71.9000 10.0327 1.6000
    endloop
  endfacet
  facet normal 1.000000 0.000000 0.000000
    outer loop
      vertex 71.9000 10.3829 0.8000
      vertex 71.9000 10.7330 0.8000
      vertex 71.9000 10.7330 1.6000
    endloop
  endfacet
  facet normal 1.000000 0.000000 0.000000
    outer loop
      vertex 71.9000 10.3829 0.8000
      vertex 71.9000 10.7330 1.6000
      vertex 71.9000 10.3829 1.6000
    endloop
  endfacet
  facet normal 1.000000 0.000000 0.000000
    outer loop
      vertex 71.9000 10.7330 0.8000
      vertex 71.9000 11.0831 0.8000
      vertex 71.9000 11.0831 1.6000
    endloop
  endfacet
  facet normal 1.000000 0.000000 0.000000
    outer loop
      vertex 71.9000 10.7330 0.8000
      vertex 71.9000 11.0831 1.6000
      vertex 71.9000 10.7330 1.6000
    endloop
  endfacet
  facet normal 1.000000 0.000000 0.000000
    outer loop
      vertex 71.9000 11.0831 0.8000
      vertex 71.9000 11.4333 0.8000
      vertex 71.9000 11.4333 1.6000
    endloop
  endfacet
  facet normal 1.000000 0.000000 0.000000
    outer loop
      vertex 71.9000 11.0831 0.8000
      vertex 71.9000 11.4333 1.6000
      vertex 71.9000 11.0831 1.6000
    endloop
  endfacet
  facet normal 1.000000 0.000000 0.000000
    outer loop
      vertex 71.9000 11.4333 0.8000
      vertex 71.9000 11.7834 0.8000
      vertex 71.9000 11.7834 1.6000
    endloop
  endfacet
  facet normal 1.000000 0.000000 0.000000
    outer loop
      vertex 71.9000 11.4333 0.8000
      vertex 71.9000 11.7834 1.6000
      vertex 71.9000 11.4333 1.6000
    endloop
  endfacet
  facet normal 1.000000 0.000000 0.000000
    outer loop
      vertex 71.9000 11.7834 0.8000
      vertex 71.9000 12.1335 0.8000
      vertex 71.9000 12.1335 1.6000
    endloop
  endfacet
  facet normal 1.000000 0.000000 0.000000
    outer loop
      vertex 71.9000 11.7834 0.8000
      vertex 71.9000 12.1335 1.6000
      vertex 71.9000 11.7834 1.6000
    endloop
  endfacet
  facet normal 1.000000 0.000000 0.000000
    outer loop
      vertex 71.9000 12.1335 0.8000
      vertex 71.9000 12.4837 0.8000
      vertex 71.9000 12.4837 1.6000
    endloop
  endfacet
  facet normal 1.000000 0.000000 0.000000
    outer loop
      vertex 71.9000 12.1335 0.8000
      vertex 71.9000 12.4837 1.6000
      vertex 71.9000 12.1335 1.6000
    endloop
  endfacet
  facet normal 1.000000 0.000000 0.000000
    outer loop
      vertex 71.9000 12.4837 0.8000
      vertex 71.9000 12.8338 0.8000
      vertex 71.9000 12.8338 1.6000
    endloop
  endfacet
  facet normal 1.000000 0.000000 0.000000
    outer loop
      vertex 71.9000 12.4837 0.8000
      vertex 71.9000 12.8338 1.6000
      vertex 71.9000 12.4837 1.6000
    endloop
  endfacet
  facet normal 1.000000 0.000000 0.000000
    outer loop
      vertex 71.9000 12.8338 0.8000
      vertex 71.9000 13.1839 0.8000
      vertex 71.9000 13.1839 1.6000
    endloop
  endfacet
  facet normal 1.000000 0.000000 0.000000
    outer loop
      vertex 71.9000 12.8338 0.8000
      vertex 71.9000 13.1839 1.6000
      vertex 71.9000 12.8338 1.6000
    endloop
  endfacet
  facet normal 1.000000 0.000000 0.000000
    outer loop
      vertex 71.9000 13.1839 0.8000
      vertex 71.9000 13.5341 0.8000
      vertex 71.9000 13.5341 1.6000
    endloop
  endfacet
  facet normal 1.000000 0.000000 0.000000
    outer loop
      vertex 71.9000 13.1839 0.8000
      vertex 71.9000 13.5341 1.6000
      vertex 71.9000 13.1839 1.6000
    endloop
  endfacet
  facet normal 1.000000 0.000000 0.000000
    outer loop
      vertex 71.9000 13.5341 0.8000
      vertex 71.9000 13.8842 0.8000
      vertex 71.9000 13.8842 1.6000
    endloop
  endfacet
  facet normal 1.000000 0.000000 0.000000
    outer loop
      vertex 71.9000 13.5341 0.8000
      vertex 71.9000 13.8842 1.6000
      vertex 71.9000 13.5341 1.6000
    endloop
  endfacet
  facet normal 1.000000 0.000000 0.000000
    outer loop
      vertex 71.9000 13.8842 0.8000
      vertex 71.9000 14.2343 0.8000
      vertex 71.9000 14.2343 1.6000
    endloop
  endfacet
  facet normal 1.000000 0.000000 0.000000
    outer loop
      vertex 71.9000 13.8842 0.8000
      vertex 71.9000 14.2343 1.6000
      vertex 71.9000 13.8842 1.6000
    endloop
  endfacet
  facet normal 1.000000 0.000000 0.000000
    outer loop
      vertex 71.9000 14.2343 0.8000
      vertex 71.9000 14.5845 0.8000
      vertex 71.9000 14.5845 1.6000
    endloop
  endfacet
  facet normal 1.000000 0.000000 0.000000
    outer loop
      vertex 71.9000 14.2343 0.8000
      vertex 71.9000 14.5845 1.6000
      vertex 71.9000 14.2343 1.6000
    endloop
  endfacet
  facet normal 1.000000 0.000000 0.000000
    outer loop
      vertex 71.9000 14.5845 0.8000
      vertex 71.9000 14.9346 0.8000
      vertex 71.9000 14.9346 1.6000
    endloop
  endfacet
  facet normal 1.000000 0.000000 0.000000
    outer loop
      vertex 71.9000 14.5845 0.8000
      vertex 71.9000 14.9346 1.6000
      vertex 71.9000 14.5845 1.6000
    endloop
  endfacet
  facet normal 1.000000 0.000000 0.000000
    outer loop
      vertex 71.9000 14.9346 0.8000
      vertex 71.9000 15.2847 0.8000
      vertex 71.9000 15.2847 1.6000
    endloop
  endfacet
  facet normal 1.000000 0.000000 0.000000
    outer loop
      vertex 71.9000 14.9346 0.8000
      vertex 71.9000 15.2847 1.6000
      vertex 71.9000 14.9346 1.6000
    endloop
  endfacet
  facet normal 1.000000 0.000000 0.000000
    outer loop
      vertex 71.9000 15.2847 0.8000
      vertex 71.9000 15.6349 0.8000
      vertex 71.9000 15.6349 1.6000
    endloop
  endfacet
  facet normal 1.000000 0.000000 0.000000
    outer loop
      vertex 71.9000 15.2847 0.8000
      vertex 71.9000 15.6349 1.6000
      vertex 71.9000 15.2847 1.6000
    endloop
  endfacet
  facet normal 1.000000 0.000000 0.000000
    outer loop
      vertex 71.9000 15.6349 0.8000
      vertex 71.9000 15.9850 0.8000
      vertex 71.9000 15.9850 1.6000
    endloop
  endfacet
  facet normal 1.000000 0.000000 0.000000
    outer loop
      vertex 71.9000 15.6349 0.8000
      vertex 71.9000 15.9850 1.6000
      vertex 71.9000 15.6349 1.6000
    endloop
  endfacet
  facet normal 1.000000 0.000000 0.000000
    outer loop
      vertex 71.9000 15.9850 0.8000
      vertex 71.9000 16.3352 0.8000
      vertex 71.9000 16.3352 1.6000
    endloop
  endfacet
  facet normal 1.000000 0.000000 0.000000
    outer loop
      vertex 71.9000 15.9850 0.8000
      vertex 71.9000 16.3352 1.6000
      vertex 71.9000 15.9850 1.6000
    endloop
  endfacet
  facet normal 1.000000 0.000000 0.000000
    outer loop
      vertex 71.9000 16.3352 0.8000
      vertex 71.9000 16.6853 0.8000
      vertex 71.9000 16.6853 1.6000
    endloop
  endfacet
  facet normal 1.000000 0.000000 0.000000
    outer loop
      vertex 71.9000 16.3352 0.8000
      vertex 71.9000 16.6853 1.6000
      vertex 71.9000 16.3352 1.6000
    endloop
  endfacet
  facet normal 1.000000 0.000000 0.000000
    outer loop
      vertex 71.9000 16.6853 0.8000
      vertex 71.9000 17.0354 0.8000
      vertex 71.9000 17.0354 1.6000
    endloop
  endfacet
  facet normal 1.000000 0.000000 0.000000
    outer loop
      vertex 71.9000 16.6853 0.8000
      vertex 71.9000 17.0354 1.6000
      vertex 71.9000 16.6853 1.6000
    endloop
  endfacet
  facet normal 1.000000 0.000000 0.000000
    outer loop
      vertex 71.9000 17.0354 0.8000
      vertex 71.9000 17.3856 0.8000
      vertex 71.9000 17.3856 1.6000
    endloop
  endfacet
  facet normal 1.000000 0.000000 0.000000
    outer loop
      vertex 71.9000 17.0354 0.8000
      vertex 71.9000 17.3856 1.6000
      vertex 71.9000 17.0354 1.6000
    endloop
  endfacet
  facet normal 1.000000 0.000000 0.000000
    outer loop
      vertex 71.9000 17.3856 0.8000
      vertex 71.9000 17.7357 0.8000
      vertex 71.9000 17.7357 1.6000
    endloop
  endfacet
  facet normal 1.000000 0.000000 0.000000
    outer loop
      vertex 71.9000 17.3856 0.8000
      vertex 71.9000 17.7357 1.6000
      vertex 71.9000 17.3856 1.6000
    endloop
  endfacet
  facet normal 1.000000 0.000000 0.000000
    outer loop
      vertex 71.9000 17.7357 0.8000
      vertex 71.9000 18.0858 0.8000
      vertex 71.9000 18.0858 1.6000
    endloop
  endfacet
  facet normal 1.000000 0.000000 0.000000
    outer loop
      vertex 71.9000 17.7357 0.8000
      vertex 71.9000 18.0858 1.6000
      vertex 71.9000 17.7357 1.6000
    endloop
  endfacet
  facet normal 1.000000 0.000000 0.000000
    outer loop
      vertex 71.9000 18.0858 0.8000
      vertex 71.9000 18.4360 0.8000
      vertex 71.9000 18.4360 1.6000
    endloop
  endfacet
  facet normal 1.000000 0.000000 0.000000
    outer loop
      vertex 71.9000 18.0858 0.8000
      vertex 71.9000 18.4360 1.6000
      vertex 71.9000 18.0858 1.6000
    endloop
  endfacet
  facet normal 1.000000 0.000000 0.000000
    outer loop
      vertex 71.9000 18.4360 0.8000
      vertex 71.9000 18.7861 0.8000
      vertex 71.9000 18.7861 1.6000
    endloop
  endfacet
  facet normal 1.000000 0.000000 0.000000
    outer loop
      vertex 71.9000 18.4360 0.8000
      vertex 71.9000 18.7861 1.6000
      vertex 71.9000 18.4360 1.6000
    endloop
  endfacet
  facet normal 1.000000 0.000000 0.000000
    outer loop
      vertex 71.9000 18.7861 0.8000
      vertex 71.9000 19.1362 0.8000
      vertex 71.9000 19.1362 1.6000
    endloop
  endfacet
  facet normal 1.000000 0.000000 0.000000
    outer loop
      vertex 71.9000 18.7861 0.8000
      vertex 71.9000 19.1362 1.6000
      vertex 71.9000 18.7861 1.6000
    endloop
  endfacet
  facet normal 1.000000 0.000000 0.000000
    outer loop
      vertex 71.9000 19.1362 0.8000
      vertex 71.9000 19.4864 0.8000
      vertex 71.9000 19.4864 1.6000
    endloop
  endfacet
  facet normal 1.000000 0.000000 0.000000
    outer loop
      vertex 71.9000 19.1362 0.8000
      vertex 71.9000 19.4864 1.6000
      vertex 71.9000 19.1362 1.6000
    endloop
  endfacet
  facet normal 1.000000 0.000000 0.000000
    outer loop
      vertex 71.9000 19.4864 0.8000
      vertex 71.9000 19.8365 0.8000
      vertex 71.9000 19.8365 1.6000
    endloop
  endfacet
  facet normal 1.000000 0.000000 0.000000
    outer loop
      vertex 71.9000 19.4864 0.8000
      vertex 71.9000 19.8365 1.6000
      vertex 71.9000 19.4864 1.6000
    endloop
  endfacet
  facet normal 1.000000 0.000000 0.000000
    outer loop
      vertex 71.9000 19.8365 0.8000
      vertex 71.9000 20.1866 0.8000
      vertex 71.9000 20.1866 1.6000
    endloop
  endfacet
  facet normal 1.000000 0.000000 0.000000
    outer loop
      vertex 71.9000 19.8365 0.8000
      vertex 71.9000 20.1866 1.6000
      vertex 71.9000 19.8365 1.6000
    endloop
  endfacet
  facet normal 1.000000 0.000000 0.000000
    outer loop
      vertex 71.9000 20.1866 0.8000
      vertex 71.9000 20.5368 0.8000
      vertex 71.9000 20.5368 1.6000
    endloop
  endfacet
  facet normal 1.000000 0.000000 0.000000
    outer loop
      vertex 71.9000 20.1866 0.8000
      vertex 71.9000 20.5368 1.6000
      vertex 71.9000 20.1866 1.6000
    endloop
  endfacet
  facet normal 1.000000 0.000000 0.000000
    outer loop
      vertex 71.9000 20.5368 0.8000
      vertex 71.9000 20.8869 0.8000
      vertex 71.9000 20.8869 1.6000
    endloop
  endfacet
  facet normal 1.000000 0.000000 0.000000
    outer loop
      vertex 71.9000 20.5368 0.8000
      vertex 71.9000 20.8869 1.6000
      vertex 71.9000 20.5368 1.6000
    endloop
  endfacet
  facet normal 1.000000 0.000000 0.000000
    outer loop
      vertex 71.9000 20.8869 0.8000
      vertex 71.9000 21.2370 0.8000
      vertex 71.9000 21.2370 1.6000
    endloop
  endfacet
  facet normal 1.000000 0.000000 0.000000
    outer loop
      vertex 71.9000 20.8869 0.8000
      vertex 71.9000 21.2370 1.6000
      vertex 71.9000 20.8869 1.6000
    endloop
  endfacet
  facet normal 1.000000 0.000000 0.000000
    outer loop
      vertex 71.9000 21.2370 0.8000
      vertex 71.9000 21.5872 0.8000
      vertex 71.9000 21.5872 1.6000
    endloop
  endfacet
  facet normal 1.000000 0.000000 0.000000
    outer loop
      vertex 71.9000 21.2370 0.8000
      vertex 71.9000 21.5872 1.6000
      vertex 71.9000 21.2370 1.6000
    endloop
  endfacet
  facet normal 1.000000 0.000000 0.000000
    outer loop
      vertex 71.9000 21.5872 0.8000
      vertex 71.9000 21.9373 0.8000
      vertex 71.9000 21.9373 1.6000
    endloop
  endfacet
  facet normal 1.000000 0.000000 0.000000
    outer loop
      vertex 71.9000 21.5872 0.8000
      vertex 71.9000 21.9373 1.6000
      vertex 71.9000 21.5872 1.6000
    endloop
  endfacet
  facet normal 1.000000 0.000000 0.000000
    outer loop
      vertex 71.9000 21.9373 0.8000
      vertex 71.9000 22.2874 0.8000
      vertex 71.9000 22.2874 1.6000
    endloop
  endfacet
  facet normal 1.000000 0.000000 0.000000
    outer loop
      vertex 71.9000 21.9373 0.8000
      vertex 71.9000 22.2874 1.6000
      vertex 71.9000 21.9373 1.6000
    endloop
  endfacet
  facet normal 1.000000 0.000000 0.000000
    outer loop
      vertex 71.9000 22.2874 0.8000
      vertex 71.9000 22.6376 0.8000
      vertex 71.9000 22.6376 1.6000
    endloop
  endfacet
  facet normal 1.000000 0.000000 0.000000
    outer loop
      vertex 71.9000 22.2874 0.8000
      vertex 71.9000 22.6376 1.6000
      vertex 71.9000 22.2874 1.6000
    endloop
  endfacet
  facet normal 1.000000 0.000000 0.000000
    outer loop
      vertex 71.9000 22.6376 0.8000
      vertex 71.9000 22.9877 0.8000
      vertex 71.9000 22.9877 1.6000
    endloop
  endfacet
  facet normal 1.000000 0.000000 0.000000
    outer loop
      vertex 71.9000 22.6376 0.8000
      vertex 71.9000 22.9877 1.6000
      vertex 71.9000 22.6376 1.6000
    endloop
  endfacet
  facet normal 1.000000 0.000000 0.000000
    outer loop
      vertex 71.9000 22.9877 0.8000
      vertex 71.9000 23.3379 0.8000
      vertex 71.9000 23.3379 1.6000
    endloop
  endfacet
  facet normal 1.000000 0.000000 0.000000
    outer loop
      vertex 71.9000 22.9877 0.8000
      vertex 71.9000 23.3379 1.6000
      vertex 71.9000 22.9877 1.6000
    endloop
  endfacet
  facet normal 1.000000 0.000000 0.000000
    outer loop
      vertex 71.9000 23.3379 0.8000
      vertex 71.9000 23.6880 0.8000
      vertex 71.9000 23.6880 1.6000
    endloop
  endfacet
  facet normal 1.000000 0.000000 0.000000
    outer loop
      vertex 71.9000 23.3379 0.8000
      vertex 71.9000 23.6880 1.6000
      vertex 71.9000 23.3379 1.6000
    endloop
  endfacet
  facet normal 1.000000 0.000000 0.000000
    outer loop
      vertex 71.9000 23.6880 0.8000
      vertex 71.9000 24.0381 0.8000
      vertex 71.9000 24.0381 1.6000
    endloop
  endfacet
  facet normal 1.000000 0.000000 0.000000
    outer loop
      vertex 71.9000 23.6880 0.8000
      vertex 71.9000 24.0381 1.6000
      vertex 71.9000 23.6880 1.6000
    endloop
  endfacet
  facet normal 1.000000 0.000000 0.000000
    outer loop
      vertex 71.9000 24.0381 0.8000
      vertex 71.9000 24.3883 0.8000
      vertex 71.9000 24.3883 1.6000
    endloop
  endfacet
  facet normal 1.000000 0.000000 0.000000
    outer loop
      vertex 71.9000 24.0381 0.8000
      vertex 71.9000 24.3883 1.6000
      vertex 71.9000 24.0381 1.6000
    endloop
  endfacet
  facet normal 1.000000 0.000000 0.000000
    outer loop
      vertex 71.9000 24.3883 0.8000
      vertex 71.9000 24.7384 0.8000
      vertex 71.9000 24.7384 1.6000
    endloop
  endfacet
  facet normal 1.000000 0.000000 0.000000
    outer loop
      vertex 71.9000 24.3883 0.8000
      vertex 71.9000 24.7384 1.6000
      vertex 71.9000 24.3883 1.6000
    endloop
  endfacet
  facet normal 1.000000 0.000000 0.000000
    outer loop
      vertex 71.9000 24.7384 0.8000
      vertex 71.9000 25.0885 0.8000
      vertex 71.9000 25.0885 1.6000
    endloop
  endfacet
  facet normal 1.000000 0.000000 0.000000
    outer loop
      vertex 71.9000 24.7384 0.8000
      vertex 71.9000 25.0885 1.6000
      vertex 71.9000 24.7384 1.6000
    endloop
  endfacet
  facet normal 1.000000 0.000000 0.000000
    outer loop
      vertex 71.9000 25.0885 0.8000
      vertex 71.9000 25.4387 0.8000
      vertex 71.9000 25.4387 1.6000
    endloop
  endfacet
  facet normal 1.000000 0.000000 0.000000
    outer loop
      vertex 71.9000 25.0885 0.8000
      vertex 71.9000 25.4387 1.6000
      vertex 71.9000 25.0885 1.6000
    endloop
  endfacet
  facet normal 1.000000 0.000000 0.000000
    outer loop
      vertex 71.9000 25.4387 0.8000
      vertex 71.9000 25.7888 0.8000
      vertex 71.9000 25.7888 1.6000
    endloop
  endfacet
  facet normal 1.000000 0.000000 0.000000
    outer loop
      vertex 71.9000 25.4387 0.8000
      vertex 71.9000 25.7888 1.6000
      vertex 71.9000 25.4387 1.6000
    endloop
  endfacet
  facet normal 1.000000 0.000000 0.000000
    outer loop
      vertex 71.9000 25.7888 0.8000
      vertex 71.9000 26.1389 0.8000
      vertex 71.9000 26.1389 1.6000
    endloop
  endfacet
  facet normal 1.000000 0.000000 0.000000
    outer loop
      vertex 71.9000 25.7888 0.8000
      vertex 71.9000 26.1389 1.6000
      vertex 71.9000 25.7888 1.6000
    endloop
  endfacet
  facet normal 1.000000 0.000000 0.000000
    outer loop
      vertex 71.9000 26.1389 0.8000
      vertex 71.9000 26.4891 0.8000
      vertex 71.9000 26.4891 1.6000
    endloop
  endfacet
  facet normal 1.000000 0.000000 0.000000
    outer loop
      vertex 71.9000 26.1389 0.8000
      vertex 71.9000 26.4891 1.6000
      vertex 71.9000 26.1389 1.6000
    endloop
  endfacet
  facet normal 1.000000 0.000000 0.000000
    outer loop
      vertex 71.9000 26.4891 0.8000
      vertex 71.9000 26.8392 0.8000
      vertex 71.9000 26.8392 1.6000
    endloop
  endfacet
  facet normal 1.000000 0.000000 0.000000
    outer loop
      vertex 71.9000 26.4891 0.8000
      vertex 71.9000 26.8392 1.6000
      vertex 71.9000 26.4891 1.6000
    endloop
  endfacet
  facet normal 1.000000 0.000000 0.000000
    outer loop
      vertex 71.9000 26.8392 0.8000
      vertex 71.9000 27.1893 0.8000
      vertex 71.9000 27.1893 1.6000
    endloop
  endfacet
  facet normal 1.000000 0.000000 0.000000
    outer loop
      vertex 71.9000 26.8392 0.8000
      vertex 71.9000 27.1893 1.6000
      vertex 71.9000 26.8392 1.6000
    endloop
  endfacet
  facet normal 1.000000 0.000000 0.000000
    outer loop
      vertex 71.9000 27.1893 0.8000
      vertex 71.9000 27.5395 0.8000
      vertex 71.9000 27.5395 1.6000
    endloop
  endfacet
  facet normal 1.000000 0.000000 0.000000
    outer loop
      vertex 71.9000 27.1893 0.8000
      vertex 71.9000 27.5395 1.6000
      vertex 71.9000 27.1893 1.6000
    endloop
  endfacet
  facet normal 1.000000 0.000000 0.000000
    outer loop
      vertex 71.9000 27.5395 0.8000
      vertex 71.9000 27.8896 0.8000
      vertex 71.9000 27.8896 1.6000
    endloop
  endfacet
  facet normal 1.000000 0.000000 0.000000
    outer loop
      vertex 71.9000 27.5395 0.8000
      vertex 71.9000 27.8896 1.6000
      vertex 71.9000 27.5395 1.6000
    endloop
  endfacet
  facet normal 1.000000 0.000000 0.000000
    outer loop
      vertex 71.9000 27.8896 0.8000
      vertex 71.9000 28.2397 0.8000
      vertex 71.9000 28.2397 1.6000
    endloop
  endfacet
  facet normal 1.000000 0.000000 0.000000
    outer loop
      vertex 71.9000 27.8896 0.8000
      vertex 71.9000 28.2397 1.6000
      vertex 71.9000 27.8896 1.6000
    endloop
  endfacet
  facet normal 1.000000 0.000000 0.000000
    outer loop
      vertex 71.9000 28.2397 0.8000
      vertex 71.9000 28.5899 0.8000
      vertex 71.9000 28.5899 1.6000
    endloop
  endfacet
  facet normal 1.000000 0.000000 0.000000
    outer loop
      vertex 71.9000 28.2397 0.8000
      vertex 71.9000 28.5899 1.6000
      vertex 71.9000 28.2397 1.6000
    endloop
  endfacet
  facet normal 1.000000 0.000000 0.000000
    outer loop
      vertex 71.9000 28.5899 0.8000
      vertex 71.9000 28.9400 0.8000
      vertex 71.9000 28.9400 1.6000
    endloop
  endfacet
  facet normal 1.000000 0.000000 0.000000
    outer loop
      vertex 71.9000 28.5899 0.8000
      vertex 71.9000 28.9400 1.6000
      vertex 71.9000 28.5899 1.6000
    endloop
  endfacet
  facet normal 1.000000 0.000000 0.000000
    outer loop
      vertex 71.9000 28.9400 0.8000
      vertex 71.9000 29.2901 0.8000
      vertex 71.9000 29.2901 1.6000
    endloop
  endfacet
  facet normal 1.000000 0.000000 0.000000
    outer loop
      vertex 71.9000 28.9400 0.8000
      vertex 71.9000 29.2901 1.6000
      vertex 71.9000 28.9400 1.6000
    endloop
  endfacet
  facet normal 1.000000 0.000000 0.000000
    outer loop
      vertex 71.9000 29.2901 0.8000
      vertex 71.9000 29.6403 0.8000
      vertex 71.9000 29.6403 1.6000
    endloop
  endfacet
  facet normal 1.000000 0.000000 0.000000
    outer loop
      vertex 71.9000 29.2901 0.8000
      vertex 71.9000 29.6403 1.6000
      vertex 71.9000 29.2901 1.6000
    endloop
  endfacet
  facet normal 1.000000 0.000000 0.000000
    outer loop
      vertex 71.9000 29.6403 0.8000
      vertex 71.9000 29.9904 0.8000
      vertex 71.9000 29.9904 1.6000
    endloop
  endfacet
  facet normal 1.000000 0.000000 0.000000
    outer loop
      vertex 71.9000 29.6403 0.8000
      vertex 71.9000 29.9904 1.6000
      vertex 71.9000 29.6403 1.6000
    endloop
  endfacet
  facet normal 1.000000 0.000000 0.000000
    outer loop
      vertex 71.9000 29.9904 0.8000
      vertex 71.9000 30.3406 0.8000
      vertex 71.9000 30.3406 1.6000
    endloop
  endfacet
  facet normal 1.000000 0.000000 0.000000
    outer loop
      vertex 71.9000 29.9904 0.8000
      vertex 71.9000 30.3406 1.6000
      vertex 71.9000 29.9904 1.6000
    endloop
  endfacet
  facet normal 1.000000 0.000000 0.000000
    outer loop
      vertex 71.9000 30.3406 0.8000
      vertex 71.9000 30.6907 0.8000
      vertex 71.9000 30.6907 1.6000
    endloop
  endfacet
  facet normal 1.000000 0.000000 0.000000
    outer loop
      vertex 71.9000 30.3406 0.8000
      vertex 71.9000 30.6907 1.6000
      vertex 71.9000 30.3406 1.6000
    endloop
  endfacet
  facet normal 1.000000 0.000000 0.000000
    outer loop
      vertex 71.9000 30.6907 0.8000
      vertex 71.9000 31.0408 0.8000
      vertex 71.9000 31.0408 1.6000
    endloop
  endfacet
  facet normal 1.000000 0.000000 0.000000
    outer loop
      vertex 71.9000 30.6907 0.8000
      vertex 71.9000 31.0408 1.6000
      vertex 71.9000 30.6907 1.6000
    endloop
  endfacet
  facet normal 1.000000 0.000000 0.000000
    outer loop
      vertex 71.9000 31.0408 0.8000
      vertex 71.9000 31.3910 0.8000
      vertex 71.9000 31.3910 1.6000
    endloop
  endfacet
  facet normal 1.000000 0.000000 0.000000
    outer loop
      vertex 71.9000 31.0408 0.8000
      vertex 71.9000 31.3910 1.6000
      vertex 71.9000 31.0408 1.6000
    endloop
  endfacet
  facet normal 1.000000 0.000000 0.000000
    outer loop
      vertex 71.9000 31.3910 0.8000
      vertex 71.9000 31.7411 0.8000
      vertex 71.9000 31.7411 1.6000
    endloop
  endfacet
  facet normal 1.000000 0.000000 0.000000
    outer loop
      vertex 71.9000 31.3910 0.8000
      vertex 71.9000 31.7411 1.6000
      vertex 71.9000 31.3910 1.6000
    endloop
  endfacet
  facet normal 1.000000 0.000000 0.000000
    outer loop
      vertex 71.9000 31.7411 0.8000
      vertex 71.9000 32.0912 0.8000
      vertex 71.9000 32.0912 1.6000
    endloop
  endfacet
  facet normal 1.000000 0.000000 0.000000
    outer loop
      vertex 71.9000 31.7411 0.8000
      vertex 71.9000 32.0912 1.6000
      vertex 71.9000 31.7411 1.6000
    endloop
  endfacet
  facet normal 1.000000 0.000000 0.000000
    outer loop
      vertex 71.9000 32.0912 0.8000
      vertex 71.9000 32.4414 0.8000
      vertex 71.9000 32.4414 1.6000
    endloop
  endfacet
  facet normal 1.000000 0.000000 0.000000
    outer loop
      vertex 71.9000 32.0912 0.8000
      vertex 71.9000 32.4414 1.6000
      vertex 71.9000 32.0912 1.6000
    endloop
  endfacet
  facet normal 1.000000 0.000000 0.000000
    outer loop
      vertex 71.9000 32.4414 0.8000
      vertex 71.9000 32.7915 0.8000
      vertex 71.9000 32.7915 1.6000
    endloop
  endfacet
  facet normal 1.000000 0.000000 0.000000
    outer loop
      vertex 71.9000 32.4414 0.8000
      vertex 71.9000 32.7915 1.6000
      vertex 71.9000 32.4414 1.6000
    endloop
  endfacet
  facet normal 1.000000 0.000000 0.000000
    outer loop
      vertex 71.9000 32.7915 0.8000
      vertex 71.9000 33.1416 0.8000
      vertex 71.9000 33.1416 1.6000
    endloop
  endfacet
  facet normal 1.000000 0.000000 0.000000
    outer loop
      vertex 71.9000 32.7915 0.8000
      vertex 71.9000 33.1416 1.6000
      vertex 71.9000 32.7915 1.6000
    endloop
  endfacet
  facet normal 1.000000 0.000000 0.000000
    outer loop
      vertex 71.9000 33.1416 0.8000
      vertex 71.9000 33.4918 0.8000
      vertex 71.9000 33.4918 1.6000
    endloop
  endfacet
  facet normal 1.000000 0.000000 0.000000
    outer loop
      vertex 71.9000 33.1416 0.8000
      vertex 71.9000 33.4918 1.6000
      vertex 71.9000 33.1416 1.6000
    endloop
  endfacet
  facet normal 1.000000 0.000000 0.000000
    outer loop
      vertex 71.9000 33.4918 0.8000
      vertex 71.9000 33.8419 0.8000
      vertex 71.9000 33.8419 1.6000
    endloop
  endfacet
  facet normal 1.000000 0.000000 0.000000
    outer loop
      vertex 71.9000 33.4918 0.8000
      vertex 71.9000 33.8419 1.6000
      vertex 71.9000 33.4918 1.6000
    endloop
  endfacet
  facet normal 1.000000 0.000000 0.000000
    outer loop
      vertex 71.9000 33.8419 0.8000
      vertex 71.9000 34.1920 0.8000
      vertex 71.9000 34.1920 1.6000
    endloop
  endfacet
  facet normal 1.000000 0.000000 0.000000
    outer loop
      vertex 71.9000 33.8419 0.8000
      vertex 71.9000 34.1920 1.6000
      vertex 71.9000 33.8419 1.6000
    endloop
  endfacet
  facet normal 1.000000 0.000000 0.000000
    outer loop
      vertex 71.9000 34.1920 0.8000
      vertex 71.9000 34.5422 0.8000
      vertex 71.9000 34.5422 1.6000
    endloop
  endfacet
  facet normal 1.000000 0.000000 0.000000
    outer loop
      vertex 71.9000 34.1920 0.8000
      vertex 71.9000 34.5422 1.6000
      vertex 71.9000 34.1920 1.6000
    endloop
  endfacet
  facet normal 1.000000 0.000000 0.000000
    outer loop
      vertex 71.9000 34.5422 0.8000
      vertex 71.9000 34.8923 0.8000
      vertex 71.9000 34.8923 1.6000
    endloop
  endfacet
  facet normal 1.000000 0.000000 0.000000
    outer loop
      vertex 71.9000 34.5422 0.8000
      vertex 71.9000 34.8923 1.6000
      vertex 71.9000 34.5422 1.6000
    endloop
  endfacet
  facet normal 1.000000 0.000000 0.000000
    outer loop
      vertex 71.9000 34.8923 0.8000
      vertex 71.9000 35.2424 0.8000
      vertex 71.9000 35.2424 1.6000
    endloop
  endfacet
  facet normal 1.000000 0.000000 0.000000
    outer loop
      vertex 71.9000 34.8923 0.8000
      vertex 71.9000 35.2424 1.6000
      vertex 71.9000 34.8923 1.6000
    endloop
  endfacet
  facet normal 0.999969 0.007847 0.000000
    outer loop
      vertex 71.9000 35.2424 0.8000
      vertex 71.8973 35.5925 0.8000
      vertex 71.8973 35.5925 1.6000
    endloop
  endfacet
  facet normal 0.999969 0.007847 -0.000000
    outer loop
      vertex 71.9000 35.2424 0.8000
      vertex 71.8973 35.5925 1.6000
      vertex 71.9000 35.2424 1.6000
    endloop
  endfacet
  facet normal 0.907117 0.420879 0.000000
    outer loop
      vertex 71.8973 35.5925 0.8000
      vertex 71.7530 35.9034 0.8000
      vertex 71.7530 35.9034 1.6000
    endloop
  endfacet
  facet normal 0.907117 0.420879 -0.000000
    outer loop
      vertex 71.8973 35.5925 0.8000
      vertex 71.7530 35.9034 1.6000
      vertex 71.8973 35.5925 1.6000
    endloop
  endfacet
  facet normal 0.446101 0.894982 0.000000
    outer loop
      vertex 71.7530 35.9034 0.8000
      vertex 71.4440 36.0575 0.8000
      vertex 71.4440 36.0575 1.6000
    endloop
  endfacet
  facet normal 0.446101 0.894982 -0.000000
    outer loop
      vertex 71.7530 35.9034 0.8000
      vertex 71.4440 36.0575 1.6000
      vertex 71.7530 35.9034 1.6000
    endloop
  endfacet
  facet normal 0.267377 0.963592 0.000000
    outer loop
      vertex 71.4440 36.0575 0.8000
      vertex 71.1066 36.1511 0.8000
      vertex 71.1066 36.1511 1.6000
    endloop
  endfacet
  facet normal 0.267377 0.963592 -0.000000
    outer loop
      vertex 71.4440 36.0575 0.8000
      vertex 71.1066 36.1511 1.6000
      vertex 71.4440 36.0575 1.6000
    endloop
  endfacet
  facet normal 0.267377 0.963592 0.000000
    outer loop
      vertex 71.1066 36.1511 0.8000
      vertex 70.7692 36.2447 0.8000
      vertex 70.7692 36.2447 1.6000
    endloop
  endfacet
  facet normal 0.267377 0.963592 -0.000000
    outer loop
      vertex 71.1066 36.1511 0.8000
      vertex 70.7692 36.2447 1.6000
      vertex 71.1066 36.1511 1.6000
    endloop
  endfacet
  facet normal 0.267377 0.963592 0.000000
    outer loop
      vertex 70.7692 36.2447 0.8000
      vertex 70.4318 36.3383 0.8000
      vertex 70.4318 36.3383 1.6000
    endloop
  endfacet
  facet normal 0.267377 0.963592 -0.000000
    outer loop
      vertex 70.7692 36.2447 0.8000
      vertex 70.4318 36.3383 1.6000
      vertex 70.7692 36.2447 1.6000
    endloop
  endfacet
  facet normal 0.265466 0.964120 0.000000
    outer loop
      vertex 70.4318 36.3383 0.8000
      vertex 70.0942 36.4313 0.8000
      vertex 70.0942 36.4313 1.6000
    endloop
  endfacet
  facet normal 0.265466 0.964120 -0.000000
    outer loop
      vertex 70.4318 36.3383 0.8000
      vertex 70.0942 36.4313 1.6000
      vertex 70.4318 36.3383 1.6000
    endloop
  endfacet
  facet normal 0.249689 0.968326 0.000000
    outer loop
      vertex 70.0942 36.4313 0.8000
      vertex 69.7552 36.5187 0.8000
      vertex 69.7552 36.5187 1.6000
    endloop
  endfacet
  facet normal 0.249689 0.968326 -0.000000
    outer loop
      vertex 70.0942 36.4313 0.8000
      vertex 69.7552 36.5187 1.6000
      vertex 70.0942 36.4313 1.6000
    endloop
  endfacet
  facet normal 0.249689 0.968326 0.000000
    outer loop
      vertex 69.7552 36.5187 0.8000
      vertex 69.4161 36.6061 0.8000
      vertex 69.4161 36.6061 1.6000
    endloop
  endfacet
  facet normal 0.249689 0.968326 -0.000000
    outer loop
      vertex 69.7552 36.5187 0.8000
      vertex 69.4161 36.6061 1.6000
      vertex 69.7552 36.5187 1.6000
    endloop
  endfacet
  facet normal 0.249689 0.968326 0.000000
    outer loop
      vertex 69.4161 36.6061 0.8000
      vertex 69.0771 36.6935 0.8000
      vertex 69.0771 36.6935 1.6000
    endloop
  endfacet
  facet normal 0.249689 0.968326 -0.000000
    outer loop
      vertex 69.4161 36.6061 0.8000
      vertex 69.0771 36.6935 1.6000
      vertex 69.4161 36.6061 1.6000
    endloop
  endfacet
  facet normal 0.249689 0.968326 0.000000
    outer loop
      vertex 69.0771 36.6935 0.8000
      vertex 68.7381 36.7810 0.8000
      vertex 68.7381 36.7810 1.6000
    endloop
  endfacet
  facet normal 0.249689 0.968326 -0.000000
    outer loop
      vertex 69.0771 36.6935 0.8000
      vertex 68.7381 36.7810 1.6000
      vertex 69.0771 36.6935 1.6000
    endloop
  endfacet
  facet normal 0.249689 0.968326 0.000000
    outer loop
      vertex 68.7381 36.7810 0.8000
      vertex 68.3990 36.8684 0.8000
      vertex 68.3990 36.8684 1.6000
    endloop
  endfacet
  facet normal 0.249689 0.968326 -0.000000
    outer loop
      vertex 68.7381 36.7810 0.8000
      vertex 68.3990 36.8684 1.6000
      vertex 68.7381 36.7810 1.6000
    endloop
  endfacet
  facet normal 0.240578 0.970630 0.000000
    outer loop
      vertex 68.3990 36.8684 0.8000
      vertex 68.0592 36.9526 0.8000
      vertex 68.0592 36.9526 1.6000
    endloop
  endfacet
  facet normal 0.240578 0.970630 -0.000000
    outer loop
      vertex 68.3990 36.8684 0.8000
      vertex 68.0592 36.9526 1.6000
      vertex 68.3990 36.8684 1.6000
    endloop
  endfacet
  facet normal 0.225026 0.974353 0.000000
    outer loop
      vertex 68.0592 36.9526 0.8000
      vertex 67.7180 37.0314 0.8000
      vertex 67.7180 37.0314 1.6000
    endloop
  endfacet
  facet normal 0.225026 0.974353 -0.000000
    outer loop
      vertex 68.0592 36.9526 0.8000
      vertex 67.7180 37.0314 1.6000
      vertex 68.0592 36.9526 1.6000
    endloop
  endfacet
  facet normal 0.225026 0.974353 0.000000
    outer loop
      vertex 67.7180 37.0314 0.8000
      vertex 67.3769 37.1102 0.8000
      vertex 67.3769 37.1102 1.6000
    endloop
  endfacet
  facet normal 0.225026 0.974353 -0.000000
    outer loop
      vertex 67.7180 37.0314 0.8000
      vertex 67.3769 37.1102 1.6000
      vertex 67.7180 37.0314 1.6000
    endloop
  endfacet
  facet normal 0.225026 0.974353 0.000000
    outer loop
      vertex 67.3769 37.1102 0.8000
      vertex 67.0357 37.1890 0.8000
      vertex 67.0357 37.1890 1.6000
    endloop
  endfacet
  facet normal 0.225026 0.974353 -0.000000
    outer loop
      vertex 67.3769 37.1102 0.8000
      vertex 67.0357 37.1890 1.6000
      vertex 67.3769 37.1102 1.6000
    endloop
  endfacet
  facet normal 0.225026 0.974353 0.000000
    outer loop
      vertex 67.0357 37.1890 0.8000
      vertex 66.6946 37.2678 0.8000
      vertex 66.6946 37.2678 1.6000
    endloop
  endfacet
  facet normal 0.225026 0.974353 -0.000000
    outer loop
      vertex 67.0357 37.1890 0.8000
      vertex 66.6946 37.2678 1.6000
      vertex 67.0357 37.1890 1.6000
    endloop
  endfacet
  facet normal 0.225026 0.974353 0.000000
    outer loop
      vertex 66.6946 37.2678 0.8000
      vertex 66.3534 37.3466 0.8000
      vertex 66.3534 37.3466 1.6000
    endloop
  endfacet
  facet normal 0.225026 0.974353 -0.000000
    outer loop
      vertex 66.6946 37.2678 0.8000
      vertex 66.3534 37.3466 1.6000
      vertex 66.6946 37.2678 1.6000
    endloop
  endfacet
  facet normal 0.225026 0.974353 0.000000
    outer loop
      vertex 66.3534 37.3466 0.8000
      vertex 66.0123 37.4254 0.8000
      vertex 66.0123 37.4254 1.6000
    endloop
  endfacet
  facet normal 0.225026 0.974353 -0.000000
    outer loop
      vertex 66.3534 37.3466 0.8000
      vertex 66.0123 37.4254 1.6000
      vertex 66.3534 37.3466 1.6000
    endloop
  endfacet
  facet normal 0.203510 0.979073 0.000000
    outer loop
      vertex 66.0123 37.4254 0.8000
      vertex 65.6695 37.4966 0.8000
      vertex 65.6695 37.4966 1.6000
    endloop
  endfacet
  facet normal 0.203510 0.979073 -0.000000
    outer loop
      vertex 66.0123 37.4254 0.8000
      vertex 65.6695 37.4966 1.6000
      vertex 66.0123 37.4254 1.6000
    endloop
  endfacet
  facet normal 0.188740 0.982027 0.000000
    outer loop
      vertex 65.6695 37.4966 0.8000
      vertex 65.3257 37.5627 0.8000
      vertex 65.3257 37.5627 1.6000
    endloop
  endfacet
  facet normal 0.188740 0.982027 -0.000000
    outer loop
      vertex 65.6695 37.4966 0.8000
      vertex 65.3257 37.5627 1.6000
      vertex 65.6695 37.4966 1.6000
    endloop
  endfacet
  facet normal 0.188740 0.982027 0.000000
    outer loop
      vertex 65.3257 37.5627 0.8000
      vertex 64.9818 37.6288 0.8000
      vertex 64.9818 37.6288 1.6000
    endloop
  endfacet
  facet normal 0.188740 0.982027 -0.000000
    outer loop
      vertex 65.3257 37.5627 0.8000
      vertex 64.9818 37.6288 1.6000
      vertex 65.3257 37.5627 1.6000
    endloop
  endfacet
  facet normal 0.188740 0.982027 0.000000
    outer loop
      vertex 64.9818 37.6288 0.8000
      vertex 64.6380 37.6948 0.8000
      vertex 64.6380 37.6948 1.6000
    endloop
  endfacet
  facet normal 0.188740 0.982027 -0.000000
    outer loop
      vertex 64.9818 37.6288 0.8000
      vertex 64.6380 37.6948 1.6000
      vertex 64.9818 37.6288 1.6000
    endloop
  endfacet
  facet normal 0.188740 0.982027 0.000000
    outer loop
      vertex 64.6380 37.6948 0.8000
      vertex 64.2941 37.7609 0.8000
      vertex 64.2941 37.7609 1.6000
    endloop
  endfacet
  facet normal 0.188740 0.982027 -0.000000
    outer loop
      vertex 64.6380 37.6948 0.8000
      vertex 64.2941 37.7609 1.6000
      vertex 64.6380 37.6948 1.6000
    endloop
  endfacet
  facet normal 0.188740 0.982027 0.000000
    outer loop
      vertex 64.2941 37.7609 0.8000
      vertex 63.9503 37.8270 0.8000
      vertex 63.9503 37.8270 1.6000
    endloop
  endfacet
  facet normal 0.188740 0.982027 -0.000000
    outer loop
      vertex 64.2941 37.7609 0.8000
      vertex 63.9503 37.8270 1.6000
      vertex 64.2941 37.7609 1.6000
    endloop
  endfacet
  facet normal 0.188740 0.982027 0.000000
    outer loop
      vertex 63.9503 37.8270 0.8000
      vertex 63.6064 37.8931 0.8000
      vertex 63.6064 37.8931 1.6000
    endloop
  endfacet
  facet normal 0.188740 0.982027 -0.000000
    outer loop
      vertex 63.9503 37.8270 0.8000
      vertex 63.6064 37.8931 1.6000
      vertex 63.9503 37.8270 1.6000
    endloop
  endfacet
  facet normal 0.159830 0.987145 0.000000
    outer loop
      vertex 63.6064 37.8931 0.8000
      vertex 63.2609 37.9490 0.8000
      vertex 63.2609 37.9490 1.6000
    endloop
  endfacet
  facet normal 0.159830 0.987145 -0.000000
    outer loop
      vertex 63.6064 37.8931 0.8000
      vertex 63.2609 37.9490 1.6000
      vertex 63.6064 37.8931 1.6000
    endloop
  endfacet
  facet normal 0.130613 0.991433 0.000000
    outer loop
      vertex 63.2609 37.9490 0.8000
      vertex 62.9138 37.9948 0.8000
      vertex 62.9138 37.9948 1.6000
    endloop
  endfacet
  facet normal 0.130613 0.991433 -0.000000
    outer loop
      vertex 63.2609 37.9490 0.8000
      vertex 62.9138 37.9948 1.6000
      vertex 63.2609 37.9490 1.6000
    endloop
  endfacet
  facet normal 0.130613 0.991433 0.000000
    outer loop
      vertex 62.9138 37.9948 0.8000
      vertex 62.5667 38.0405 0.8000
      vertex 62.5667 38.0405 1.6000
    endloop
  endfacet
  facet normal 0.130613 0.991433 -0.000000
    outer loop
      vertex 62.9138 37.9948 0.8000
      vertex 62.5667 38.0405 1.6000
      vertex 62.9138 37.9948 1.6000
    endloop
  endfacet
  facet normal 0.130613 0.991433 0.000000
    outer loop
      vertex 62.5667 38.0405 0.8000
      vertex 62.2195 38.0862 0.8000
      vertex 62.2195 38.0862 1.6000
    endloop
  endfacet
  facet normal 0.130613 0.991433 -0.000000
    outer loop
      vertex 62.5667 38.0405 0.8000
      vertex 62.2195 38.0862 1.6000
      vertex 62.5667 38.0405 1.6000
    endloop
  endfacet
  facet normal 0.130613 0.991433 0.000000
    outer loop
      vertex 62.2195 38.0862 0.8000
      vertex 61.8724 38.1320 0.8000
      vertex 61.8724 38.1320 1.6000
    endloop
  endfacet
  facet normal 0.130613 0.991433 -0.000000
    outer loop
      vertex 62.2195 38.0862 0.8000
      vertex 61.8724 38.1320 1.6000
      vertex 62.2195 38.0862 1.6000
    endloop
  endfacet
  facet normal 0.130613 0.991433 0.000000
    outer loop
      vertex 61.8724 38.1320 0.8000
      vertex 61.5253 38.1777 0.8000
      vertex 61.5253 38.1777 1.6000
    endloop
  endfacet
  facet normal 0.130613 0.991433 -0.000000
    outer loop
      vertex 61.8724 38.1320 0.8000
      vertex 61.5253 38.1777 1.6000
      vertex 61.8724 38.1320 1.6000
    endloop
  endfacet
  facet normal 0.130613 0.991433 0.000000
    outer loop
      vertex 61.5253 38.1777 0.8000
      vertex 61.1781 38.2234 0.8000
      vertex 61.1781 38.2234 1.6000
    endloop
  endfacet
  facet normal 0.130613 0.991433 -0.000000
    outer loop
      vertex 61.5253 38.1777 0.8000
      vertex 61.1781 38.2234 1.6000
      vertex 61.5253 38.1777 1.6000
    endloop
  endfacet
  facet normal 0.046566 0.998915 0.000000
    outer loop
      vertex 61.1781 38.2234 0.8000
      vertex 60.8286 38.2397 0.8000
      vertex 60.8286 38.2397 1.6000
    endloop
  endfacet
  facet normal 0.046566 0.998915 -0.000000
    outer loop
      vertex 61.1781 38.2234 0.8000
      vertex 60.8286 38.2397 1.6000
      vertex 61.1781 38.2234 1.6000
    endloop
  endfacet
  facet normal 0.024405 0.999702 0.000000
    outer loop
      vertex 60.8286 38.2397 0.8000
      vertex 60.4786 38.2483 0.8000
      vertex 60.4786 38.2483 1.6000
    endloop
  endfacet
  facet normal 0.024405 0.999702 -0.000000
    outer loop
      vertex 60.8286 38.2397 0.8000
      vertex 60.4786 38.2483 1.6000
      vertex 60.8286 38.2397 1.6000
    endloop
  endfacet
  facet normal 0.024405 0.999702 0.000000
    outer loop
      vertex 60.4786 38.2483 0.8000
      vertex 60.1286 38.2568 0.8000
      vertex 60.1286 38.2568 1.6000
    endloop
  endfacet
  facet normal 0.024405 0.999702 -0.000000
    outer loop
      vertex 60.4786 38.2483 0.8000
      vertex 60.1286 38.2568 1.6000
      vertex 60.4786 38.2483 1.6000
    endloop
  endfacet
  facet normal 0.024405 0.999702 0.000000
    outer loop
      vertex 60.1286 38.2568 0.8000
      vertex 59.7785 38.2654 0.8000
      vertex 59.7785 38.2654 1.6000
    endloop
  endfacet
  facet normal 0.024405 0.999702 -0.000000
    outer loop
      vertex 60.1286 38.2568 0.8000
      vertex 59.7785 38.2654 1.6000
      vertex 60.1286 38.2568 1.6000
    endloop
  endfacet
  facet normal 0.024405 0.999702 0.000000
    outer loop
      vertex 59.7785 38.2654 0.8000
      vertex 59.4285 38.2739 0.8000
      vertex 59.4285 38.2739 1.6000
    endloop
  endfacet
  facet normal 0.024405 0.999702 -0.000000
    outer loop
      vertex 59.7785 38.2654 0.8000
      vertex 59.4285 38.2739 1.6000
      vertex 59.7785 38.2654 1.6000
    endloop
  endfacet
  facet normal -0.013633 0.999907 0.000000
    outer loop
      vertex 59.4285 38.2739 0.8000
      vertex 59.0791 38.2691 0.8000
      vertex 59.0791 38.2691 1.6000
    endloop
  endfacet
  facet normal -0.013633 0.999907 0.000000
    outer loop
      vertex 59.4285 38.2739 0.8000
      vertex 59.0791 38.2691 1.6000
      vertex 59.4285 38.2739 1.6000
    endloop
  endfacet
  facet normal -0.212683 0.977121 0.000000
    outer loop
      vertex 59.0791 38.2691 0.8000
      vertex 58.7370 38.1947 0.8000
      vertex 58.7370 38.1947 1.6000
    endloop
  endfacet
  facet normal -0.212683 0.977121 0.000000
    outer loop
      vertex 59.0791 38.2691 0.8000
      vertex 58.7370 38.1947 1.6000
      vertex 59.0791 38.2691 1.6000
    endloop
  endfacet
  facet normal -0.213622 0.976916 0.000000
    outer loop
      vertex 58.7370 38.1947 0.8000
      vertex 58.3950 38.1199 0.8000
      vertex 58.3950 38.1199 1.6000
    endloop
  endfacet
  facet normal -0.213622 0.976916 0.000000
    outer loop
      vertex 58.7370 38.1947 0.8000
      vertex 58.3950 38.1199 1.6000
      vertex 58.7370 38.1947 1.6000
    endloop
  endfacet
  facet normal -0.213622 0.976916 0.000000
    outer loop
      vertex 58.3950 38.1199 0.8000
      vertex 58.0529 38.0451 0.8000
      vertex 58.0529 38.0451 1.6000
    endloop
  endfacet
  facet normal -0.213622 0.976916 0.000000
    outer loop
      vertex 58.3950 38.1199 0.8000
      vertex 58.0529 38.0451 1.6000
      vertex 58.3950 38.1199 1.6000
    endloop
  endfacet
  facet normal -0.380075 0.924956 0.000000
    outer loop
      vertex 58.0529 38.0451 0.8000
      vertex 57.7335 37.9138 0.8000
      vertex 57.7335 37.9138 1.6000
    endloop
  endfacet
  facet normal -0.380075 0.924956 0.000000
    outer loop
      vertex 58.0529 38.0451 0.8000
      vertex 57.7335 37.9138 1.6000
      vertex 58.0529 38.0451 1.6000
    endloop
  endfacet
  facet normal -0.770576 0.637348 0.000000
    outer loop
      vertex 57.7335 37.9138 0.8000
      vertex 57.5108 37.6446 0.8000
      vertex 57.5108 37.6446 1.6000
    endloop
  endfacet
  facet normal -0.770576 0.637348 0.000000
    outer loop
      vertex 57.7335 37.9138 0.8000
      vertex 57.5108 37.6446 1.6000
      vertex 57.7335 37.9138 1.6000
    endloop
  endfacet
  facet normal -0.846511 0.532371 0.000000
    outer loop
      vertex 57.5108 37.6446 0.8000
      vertex 57.3257 37.3502 0.8000
      vertex 57.3257 37.3502 1.6000
    endloop
  endfacet
  facet normal -0.846511 0.532371 0.000000
    outer loop
      vertex 57.5108 37.6446 0.8000
      vertex 57.3257 37.3502 1.6000
      vertex 57.5108 37.6446 1.6000
    endloop
  endfacet
  facet normal -0.998543 -0.053971 0.000000
    outer loop
      vertex 57.3257 37.3502 0.8000
      vertex 57.3442 37.0073 0.8000
      vertex 57.3442 37.0073 1.6000
    endloop
  endfacet
  facet normal -0.998543 -0.053971 0.000000
    outer loop
      vertex 57.3257 37.3502 0.8000
      vertex 57.3442 37.0073 1.6000
      vertex 57.3257 37.3502 1.6000
    endloop
  endfacet
  facet normal -0.941068 -0.338217 0.000000
    outer loop
      vertex 57.3442 37.0073 0.8000
      vertex 57.4627 36.6778 0.8000
      vertex 57.4627 36.6778 1.6000
    endloop
  endfacet
  facet normal -0.941068 -0.338217 0.000000
    outer loop
      vertex 57.3442 37.0073 0.8000
      vertex 57.4627 36.6778 1.6000
      vertex 57.3442 37.0073 1.6000
    endloop
  endfacet
  facet normal -0.941068 -0.338217 0.000000
    outer loop
      vertex 57.4627 36.6778 0.8000
      vertex 57.5811 36.3483 0.8000
      vertex 57.5811 36.3483 1.6000
    endloop
  endfacet
  facet normal -0.941068 -0.338217 0.000000
    outer loop
      vertex 57.4627 36.6778 0.8000
      vertex 57.5811 36.3483 1.6000
      vertex 57.4627 36.6778 1.6000
    endloop
  endfacet
  facet normal -0.940540 -0.339684 0.000000
    outer loop
      vertex 57.5811 36.3483 0.8000
      vertex 57.7000 36.0190 0.8000
      vertex 57.7000 36.0190 1.6000
    endloop
  endfacet
  facet normal -0.940540 -0.339684 0.000000
    outer loop
      vertex 57.5811 36.3483 0.8000
      vertex 57.7000 36.0190 1.6000
      vertex 57.5811 36.3483 1.6000
    endloop
  endfacet
  facet normal -0.930052 -0.367428 0.000000
    outer loop
      vertex 57.7000 36.0190 0.8000
      vertex 57.8287 35.6934 0.8000
      vertex 57.8287 35.6934 1.6000
    endloop
  endfacet
  facet normal -0.930052 -0.367428 0.000000
    outer loop
      vertex 57.7000 36.0190 0.8000
      vertex 57.8287 35.6934 1.6000
      vertex 57.7000 36.0190 1.6000
    endloop
  endfacet
  facet normal -0.930052 -0.367428 0.000000
    outer loop
      vertex 57.8287 35.6934 0.8000
      vertex 57.9573 35.3677 0.8000
      vertex 57.9573 35.3677 1.6000
    endloop
  endfacet
  facet normal -0.930052 -0.367428 0.000000
    outer loop
      vertex 57.8287 35.6934 0.8000
      vertex 57.9573 35.3677 1.6000
      vertex 57.8287 35.6934 1.6000
    endloop
  endfacet
  facet normal -0.930052 -0.367428 0.000000
    outer loop
      vertex 57.9573 35.3677 0.8000
      vertex 58.0860 35.0421 0.8000
      vertex 58.0860 35.0421 1.6000
    endloop
  endfacet
  facet normal -0.930052 -0.367428 0.000000
    outer loop
      vertex 57.9573 35.3677 0.8000
      vertex 58.0860 35.0421 1.6000
      vertex 57.9573 35.3677 1.6000
    endloop
  endfacet
  facet normal -0.930052 -0.367428 0.000000
    outer loop
      vertex 58.0860 35.0421 0.8000
      vertex 58.2146 34.7164 0.8000
      vertex 58.2146 34.7164 1.6000
    endloop
  endfacet
  facet normal -0.930052 -0.367428 0.000000
    outer loop
      vertex 58.0860 35.0421 0.8000
      vertex 58.2146 34.7164 1.6000
      vertex 58.0860 35.0421 1.6000
    endloop
  endfacet
  facet normal -0.997471 -0.071074 0.000000
    outer loop
      vertex 58.2146 34.7164 0.8000
      vertex 58.2385 34.3817 0.8000
      vertex 58.2385 34.3817 1.6000
    endloop
  endfacet
  facet normal -0.997471 -0.071074 0.000000
    outer loop
      vertex 58.2146 34.7164 0.8000
      vertex 58.2385 34.3817 1.6000
      vertex 58.2146 34.7164 1.6000
    endloop
  endfacet
  facet normal -0.969231 0.246154 0.000000
    outer loop
      vertex 58.2385 34.3817 0.8000
      vertex 58.1523 34.0423 0.8000
      vertex 58.1523 34.0423 1.6000
    endloop
  endfacet
  facet normal -0.969231 0.246154 0.000000
    outer loop
      vertex 58.2385 34.3817 0.8000
      vertex 58.1523 34.0423 1.6000
      vertex 58.2385 34.3817 1.6000
    endloop
  endfacet
  facet normal -0.969231 0.246154 0.000000
    outer loop
      vertex 58.1523 34.0423 0.8000
      vertex 58.0661 33.7030 0.8000
      vertex 58.0661 33.7030 1.6000
    endloop
  endfacet
  facet normal -0.969231 0.246154 0.000000
    outer loop
      vertex 58.1523 34.0423 0.8000
      vertex 58.0661 33.7030 1.6000
      vertex 58.1523 34.0423 1.6000
    endloop
  endfacet
  facet normal -0.967131 0.254280 0.000000
    outer loop
      vertex 58.0661 33.7030 0.8000
      vertex 57.9771 33.3645 0.8000
      vertex 57.9771 33.3645 1.6000
    endloop
  endfacet
  facet normal -0.967131 0.254280 0.000000
    outer loop
      vertex 58.0661 33.7030 0.8000
      vertex 57.9771 33.3645 1.6000
      vertex 58.0661 33.7030 1.6000
    endloop
  endfacet
  facet normal -0.673253 0.739412 0.000000
    outer loop
      vertex 57.9771 33.3645 0.8000
      vertex 57.7190 33.1295 0.8000
      vertex 57.7190 33.1295 1.6000
    endloop
  endfacet
  facet normal -0.673253 0.739412 0.000000
    outer loop
      vertex 57.9771 33.3645 0.8000
      vertex 57.7190 33.1295 1.6000
      vertex 57.9771 33.3645 1.6000
    endloop
  endfacet
  facet normal -0.654377 0.756169 0.000000
    outer loop
      vertex 57.7190 33.1295 0.8000
      vertex 57.4542 32.9004 0.8000
      vertex 57.4542 32.9004 1.6000
    endloop
  endfacet
  facet normal -0.654377 0.756169 0.000000
    outer loop
      vertex 57.7190 33.1295 0.8000
      vertex 57.4542 32.9004 1.6000
      vertex 57.7190 33.1295 1.6000
    endloop
  endfacet
  facet normal -0.654377 0.756169 0.000000
    outer loop
      vertex 57.4542 32.9004 0.8000
      vertex 57.1894 32.6712 0.8000
      vertex 57.1894 32.6712 1.6000
    endloop
  endfacet
  facet normal -0.654377 0.756169 0.000000
    outer loop
      vertex 57.4542 32.9004 0.8000
      vertex 57.1894 32.6712 1.6000
      vertex 57.4542 32.9004 1.6000
    endloop
  endfacet
  facet normal -0.567340 0.823484 0.000000
    outer loop
      vertex 57.1894 32.6712 0.8000
      vertex 56.9047 32.4751 0.8000
      vertex 56.9047 32.4751 1.6000
    endloop
  endfacet
  facet normal -0.567340 0.823484 0.000000
    outer loop
      vertex 57.1894 32.6712 0.8000
      vertex 56.9047 32.4751 1.6000
      vertex 57.1894 32.6712 1.6000
    endloop
  endfacet
  facet normal -0.334765 0.942302 0.000000
    outer loop
      vertex 56.9047 32.4751 0.8000
      vertex 56.5748 32.3579 0.8000
      vertex 56.5748 32.3579 1.6000
    endloop
  endfacet
  facet normal -0.334765 0.942302 0.000000
    outer loop
      vertex 56.9047 32.4751 0.8000
      vertex 56.5748 32.3579 1.6000
      vertex 56.9047 32.4751 1.6000
    endloop
  endfacet
  facet normal -0.334765 0.942302 0.000000
    outer loop
      vertex 56.5748 32.3579 0.8000
      vertex 56.2449 32.2407 0.8000
      vertex 56.2449 32.2407 1.6000
    endloop
  endfacet
  facet normal -0.334765 0.942302 0.000000
    outer loop
      vertex 56.5748 32.3579 0.8000
      vertex 56.2449 32.2407 1.6000
      vertex 56.5748 32.3579 1.6000
    endloop
  endfacet
  facet normal -0.334765 0.942302 0.000000
    outer loop
      vertex 56.2449 32.2407 0.8000
      vertex 55.9149 32.1234 0.8000
      vertex 55.9149 32.1234 1.6000
    endloop
  endfacet
  facet normal -0.334765 0.942302 0.000000
    outer loop
      vertex 56.2449 32.2407 0.8000
      vertex 55.9149 32.1234 1.6000
      vertex 56.2449 32.2407 1.6000
    endloop
  endfacet
  facet normal -0.320258 0.947330 0.000000
    outer loop
      vertex 55.9149 32.1234 0.8000
      vertex 55.5836 32.0114 0.8000
      vertex 55.5836 32.0114 1.6000
    endloop
  endfacet
  facet normal -0.320258 0.947330 0.000000
    outer loop
      vertex 55.9149 32.1234 0.8000
      vertex 55.5836 32.0114 1.6000
      vertex 55.9149 32.1234 1.6000
    endloop
  endfacet
  facet normal -0.101742 0.994811 0.000000
    outer loop
      vertex 55.5836 32.0114 0.8000
      vertex 55.2353 31.9758 0.8000
      vertex 55.2353 31.9758 1.6000
    endloop
  endfacet
  facet normal -0.101742 0.994811 0.000000
    outer loop
      vertex 55.5836 32.0114 0.8000
      vertex 55.2353 31.9758 1.6000
      vertex 55.5836 32.0114 1.6000
    endloop
  endfacet
  facet normal -0.101742 0.994811 0.000000
    outer loop
      vertex 55.2353 31.9758 0.8000
      vertex 54.8870 31.9402 0.8000
      vertex 54.8870 31.9402 1.6000
    endloop
  endfacet
  facet normal -0.101742 0.994811 0.000000
    outer loop
      vertex 55.2353 31.9758 0.8000
      vertex 54.8870 31.9402 1.6000
      vertex 55.2353 31.9758 1.6000
    endloop
  endfacet
  facet normal -0.101742 0.994811 0.000000
    outer loop
      vertex 54.8870 31.9402 0.8000
      vertex 54.5387 31.9046 0.8000
      vertex 54.5387 31.9046 1.6000
    endloop
  endfacet
  facet normal -0.101742 0.994811 0.000000
    outer loop
      vertex 54.8870 31.9402 0.8000
      vertex 54.5387 31.9046 1.6000
      vertex 54.8870 31.9402 1.6000
    endloop
  endfacet
  facet normal -0.101742 0.994811 0.000000
    outer loop
      vertex 54.5387 31.9046 0.8000
      vertex 54.1903 31.8689 0.8000
      vertex 54.1903 31.8689 1.6000
    endloop
  endfacet
  facet normal -0.101742 0.994811 0.000000
    outer loop
      vertex 54.5387 31.9046 0.8000
      vertex 54.1903 31.8689 1.6000
      vertex 54.5387 31.9046 1.6000
    endloop
  endfacet
  facet normal -0.009461 0.999955 0.000000
    outer loop
      vertex 54.1903 31.8689 0.8000
      vertex 53.8419 31.8656 0.8000
      vertex 53.8419 31.8656 1.6000
    endloop
  endfacet
  facet normal -0.009461 0.999955 0.000000
    outer loop
      vertex 54.1903 31.8689 0.8000
      vertex 53.8419 31.8656 1.6000
      vertex 54.1903 31.8689 1.6000
    endloop
  endfacet
  facet normal 0.101742 0.994811 0.000000
    outer loop
      vertex 53.8419 31.8656 0.8000
      vertex 53.4936 31.9013 0.8000
      vertex 53.4936 31.9013 1.6000
    endloop
  endfacet
  facet normal 0.101742 0.994811 -0.000000
    outer loop
      vertex 53.8419 31.8656 0.8000
      vertex 53.4936 31.9013 1.6000
      vertex 53.8419 31.8656 1.6000
    endloop
  endfacet
  facet normal 0.101742 0.994811 0.000000
    outer loop
      vertex 53.4936 31.9013 0.8000
      vertex 53.1453 31.9369 0.8000
      vertex 53.1453 31.9369 1.6000
    endloop
  endfacet
  facet normal 0.101742 0.994811 -0.000000
    outer loop
      vertex 53.4936 31.9013 0.8000
      vertex 53.1453 31.9369 1.6000
      vertex 53.4936 31.9013 1.6000
    endloop
  endfacet
  facet normal 0.101742 0.994811 0.000000
    outer loop
      vertex 53.1453 31.9369 0.8000
      vertex 52.7969 31.9725 0.8000
      vertex 52.7969 31.9725 1.6000
    endloop
  endfacet
  facet normal 0.101742 0.994811 -0.000000
    outer loop
      vertex 53.1453 31.9369 0.8000
      vertex 52.7969 31.9725 1.6000
      vertex 53.1453 31.9369 1.6000
    endloop
  endfacet
  facet normal 0.101742 0.994811 0.000000
    outer loop
      vertex 52.7969 31.9725 0.8000
      vertex 52.4486 32.0081 0.8000
      vertex 52.4486 32.0081 1.6000
    endloop
  endfacet
  facet normal 0.101742 0.994811 -0.000000
    outer loop
      vertex 52.7969 31.9725 0.8000
      vertex 52.4486 32.0081 1.6000
      vertex 52.7969 31.9725 1.6000
    endloop
  endfacet
  facet normal 0.299285 0.954164 0.000000
    outer loop
      vertex 52.4486 32.0081 0.8000
      vertex 52.1156 32.1126 0.8000
      vertex 52.1156 32.1126 1.6000
    endloop
  endfacet
  facet normal 0.299285 0.954164 -0.000000
    outer loop
      vertex 52.4486 32.0081 0.8000
      vertex 52.1156 32.1126 1.6000
      vertex 52.4486 32.0081 1.6000
    endloop
  endfacet
  facet normal 0.334765 0.942302 0.000000
    outer loop
      vertex 52.1156 32.1126 0.8000
      vertex 51.7857 32.2298 0.8000
      vertex 51.7857 32.2298 1.6000
    endloop
  endfacet
  facet normal 0.334765 0.942302 -0.000000
    outer loop
      vertex 52.1156 32.1126 0.8000
      vertex 51.7857 32.2298 1.6000
      vertex 52.1156 32.1126 1.6000
    endloop
  endfacet
  facet normal 0.334765 0.942302 0.000000
    outer loop
      vertex 51.7857 32.2298 0.8000
      vertex 51.4557 32.3470 0.8000
      vertex 51.4557 32.3470 1.6000
    endloop
  endfacet
  facet normal 0.334765 0.942302 -0.000000
    outer loop
      vertex 51.7857 32.2298 0.8000
      vertex 51.4557 32.3470 1.6000
      vertex 51.7857 32.2298 1.6000
    endloop
  endfacet
  facet normal 0.334765 0.942302 0.000000
    outer loop
      vertex 51.4557 32.3470 0.8000
      vertex 51.1258 32.4642 0.8000
      vertex 51.1258 32.4642 1.6000
    endloop
  endfacet
  facet normal 0.334765 0.942302 -0.000000
    outer loop
      vertex 51.4557 32.3470 0.8000
      vertex 51.1258 32.4642 1.6000
      vertex 51.4557 32.3470 1.6000
    endloop
  endfacet
  facet normal 0.538476 0.842641 0.000000
    outer loop
      vertex 51.1258 32.4642 0.8000
      vertex 50.8351 32.6500 0.8000
      vertex 50.8351 32.6500 1.6000
    endloop
  endfacet
  facet normal 0.538476 0.842641 -0.000000
    outer loop
      vertex 51.1258 32.4642 0.8000
      vertex 50.8351 32.6500 1.6000
      vertex 51.1258 32.4642 1.6000
    endloop
  endfacet
  facet normal 0.654377 0.756169 0.000000
    outer loop
      vertex 50.8351 32.6500 0.8000
      vertex 50.5703 32.8791 0.8000
      vertex 50.5703 32.8791 1.6000
    endloop
  endfacet
  facet normal 0.654377 0.756169 -0.000000
    outer loop
      vertex 50.8351 32.6500 0.8000
      vertex 50.5703 32.8791 1.6000
      vertex 50.8351 32.6500 1.6000
    endloop
  endfacet
  facet normal 0.654377 0.756169 0.000000
    outer loop
      vertex 50.5703 32.8791 0.8000
      vertex 50.3055 33.1083 0.8000
      vertex 50.3055 33.1083 1.6000
    endloop
  endfacet
  facet normal 0.654377 0.756169 -0.000000
    outer loop
      vertex 50.5703 32.8791 0.8000
      vertex 50.3055 33.1083 1.6000
      vertex 50.5703 32.8791 1.6000
    endloop
  endfacet
  facet normal 0.656785 0.754078 0.000000
    outer loop
      vertex 50.3055 33.1083 0.8000
      vertex 50.0416 33.3382 0.8000
      vertex 50.0416 33.3382 1.6000
    endloop
  endfacet
  facet normal 0.656785 0.754078 -0.000000
    outer loop
      vertex 50.3055 33.1083 0.8000
      vertex 50.0416 33.3382 1.6000
      vertex 50.3055 33.1083 1.6000
    endloop
  endfacet
  facet normal 0.958100 0.286433 0.000000
    outer loop
      vertex 50.0416 33.3382 0.8000
      vertex 49.9419 33.6715 0.8000
      vertex 49.9419 33.6715 1.6000
    endloop
  endfacet
  facet normal 0.958100 0.286433 -0.000000
    outer loop
      vertex 50.0416 33.3382 0.8000
      vertex 49.9419 33.6715 1.6000
      vertex 50.0416 33.3382 1.6000
    endloop
  endfacet
  facet normal 0.969231 0.246154 0.000000
    outer loop
      vertex 49.9419 33.6715 0.8000
      vertex 49.8557 34.0109 0.8000
      vertex 49.8557 34.0109 1.6000
    endloop
  endfacet
  facet normal 0.969231 0.246154 -0.000000
    outer loop
      vertex 49.9419 33.6715 0.8000
      vertex 49.8557 34.0109 1.6000
      vertex 49.9419 33.6715 1.6000
    endloop
  endfacet
  facet normal 0.969231 0.246154 0.000000
    outer loop
      vertex 49.8557 34.0109 0.8000
      vertex 49.7695 34.3503 0.8000
      vertex 49.7695 34.3503 1.6000
    endloop
  endfacet
  facet normal 0.969231 0.246154 -0.000000
    outer loop
      vertex 49.8557 34.0109 0.8000
      vertex 49.7695 34.3503 1.6000
      vertex 49.8557 34.0109 1.6000
    endloop
  endfacet
  facet normal 0.999930 -0.011814 0.000000
    outer loop
      vertex 49.7695 34.3503 0.8000
      vertex 49.7735 34.6863 0.8000
      vertex 49.7735 34.6863 1.6000
    endloop
  endfacet
  facet normal 0.999930 -0.011814 0.000000
    outer loop
      vertex 49.7695 34.3503 0.8000
      vertex 49.7735 34.6863 1.6000
      vertex 49.7695 34.3503 1.6000
    endloop
  endfacet
  facet normal 0.930052 -0.367428 0.000000
    outer loop
      vertex 49.7735 34.6863 0.8000
      vertex 49.9021 35.0119 0.8000
      vertex 49.9021 35.0119 1.6000
    endloop
  endfacet
  facet normal 0.930052 -0.367428 0.000000
    outer loop
      vertex 49.7735 34.6863 0.8000
      vertex 49.9021 35.0119 1.6000
      vertex 49.7735 34.6863 1.6000
    endloop
  endfacet
  facet normal 0.930052 -0.367428 0.000000
    outer loop
      vertex 49.9021 35.0119 0.8000
      vertex 50.0308 35.3376 0.8000
      vertex 50.0308 35.3376 1.6000
    endloop
  endfacet
  facet normal 0.930052 -0.367428 0.000000
    outer loop
      vertex 49.9021 35.0119 0.8000
      vertex 50.0308 35.3376 1.6000
      vertex 49.9021 35.0119 1.6000
    endloop
  endfacet
  facet normal 0.930052 -0.367428 0.000000
    outer loop
      vertex 50.0308 35.3376 0.8000
      vertex 50.1594 35.6632 0.8000
      vertex 50.1594 35.6632 1.6000
    endloop
  endfacet
  facet normal 0.930052 -0.367428 0.000000
    outer loop
      vertex 50.0308 35.3376 0.8000
      vertex 50.1594 35.6632 1.6000
      vertex 50.0308 35.3376 1.6000
    endloop
  endfacet
  facet normal 0.930052 -0.367428 0.000000
    outer loop
      vertex 50.1594 35.6632 0.8000
      vertex 50.2881 35.9889 0.8000
      vertex 50.2881 35.9889 1.6000
    endloop
  endfacet
  facet normal 0.930052 -0.367428 0.000000
    outer loop
      vertex 50.1594 35.6632 0.8000
      vertex 50.2881 35.9889 1.6000
      vertex 50.1594 35.6632 1.6000
    endloop
  endfacet
  facet normal 0.939554 -0.342400 0.000000
    outer loop
      vertex 50.2881 35.9889 0.8000
      vertex 50.4080 36.3178 0.8000
      vertex 50.4080 36.3178 1.6000
    endloop
  endfacet
  facet normal 0.939554 -0.342400 0.000000
    outer loop
      vertex 50.2881 35.9889 0.8000
      vertex 50.4080 36.3178 1.6000
      vertex 50.2881 35.9889 1.6000
    endloop
  endfacet
  facet normal 0.941068 -0.338217 0.000000
    outer loop
      vertex 50.4080 36.3178 0.8000
      vertex 50.5264 36.6473 0.8000
      vertex 50.5264 36.6473 1.6000
    endloop
  endfacet
  facet normal 0.941068 -0.338217 0.000000
    outer loop
      vertex 50.4080 36.3178 0.8000
      vertex 50.5264 36.6473 1.6000
      vertex 50.4080 36.3178 1.6000
    endloop
  endfacet
  facet normal 0.941068 -0.338217 0.000000
    outer loop
      vertex 50.5264 36.6473 0.8000
      vertex 50.6448 36.9768 0.8000
      vertex 50.6448 36.9768 1.6000
    endloop
  endfacet
  facet normal 0.941068 -0.338217 0.000000
    outer loop
      vertex 50.5264 36.6473 0.8000
      vertex 50.6448 36.9768 1.6000
      vertex 50.5264 36.6473 1.6000
    endloop
  endfacet
  facet normal 0.994129 -0.108197 0.000000
    outer loop
      vertex 50.6448 36.9768 0.8000
      vertex 50.6820 37.3188 0.8000
      vertex 50.6820 37.3188 1.6000
    endloop
  endfacet
  facet normal 0.994129 -0.108197 0.000000
    outer loop
      vertex 50.6448 36.9768 0.8000
      vertex 50.6820 37.3188 1.6000
      vertex 50.6448 36.9768 1.6000
    endloop
  endfacet
  facet normal 0.866290 0.499541 0.000000
    outer loop
      vertex 50.6820 37.3188 0.8000
      vertex 50.5090 37.6189 0.8000
      vertex 50.5090 37.6189 1.6000
    endloop
  endfacet
  facet normal 0.866290 0.499541 -0.000000
    outer loop
      vertex 50.6820 37.3188 0.8000
      vertex 50.5090 37.6189 1.6000
      vertex 50.6820 37.3188 1.6000
    endloop
  endfacet
  facet normal 0.782753 0.622333 0.000000
    outer loop
      vertex 50.5090 37.6189 0.8000
      vertex 50.2912 37.8929 0.8000
      vertex 50.2912 37.8929 1.6000
    endloop
  endfacet
  facet normal 0.782753 0.622333 -0.000000
    outer loop
      vertex 50.5090 37.6189 0.8000
      vertex 50.2912 37.8929 1.6000
      vertex 50.5090 37.6189 1.6000
    endloop
  endfacet
  facet normal 0.421715 0.906729 0.000000
    outer loop
      vertex 50.2912 37.8929 0.8000
      vertex 49.9787 38.0382 0.8000
      vertex 49.9787 38.0382 1.6000
    endloop
  endfacet
  facet normal 0.421715 0.906729 -0.000000
    outer loop
      vertex 50.2912 37.8929 0.8000
      vertex 49.9787 38.0382 1.6000
      vertex 50.2912 37.8929 1.6000
    endloop
  endfacet
  facet normal 0.213622 0.976916 0.000000
    outer loop
      vertex 49.9787 38.0382 0.8000
      vertex 49.6367 38.1130 0.8000
      vertex 49.6367 38.1130 1.6000
    endloop
  endfacet
  facet normal 0.213622 0.976916 -0.000000
    outer loop
      vertex 49.9787 38.0382 0.8000
      vertex 49.6367 38.1130 1.6000
      vertex 49.9787 38.0382 1.6000
    endloop
  endfacet
  facet normal 0.213622 0.976916 0.000000
    outer loop
      vertex 49.6367 38.1130 0.8000
      vertex 49.2946 38.1878 0.8000
      vertex 49.2946 38.1878 1.6000
    endloop
  endfacet
  facet normal 0.213622 0.976916 -0.000000
    outer loop
      vertex 49.6367 38.1130 0.8000
      vertex 49.2946 38.1878 1.6000
      vertex 49.6367 38.1130 1.6000
    endloop
  endfacet
  facet normal 0.213622 0.976916 0.000000
    outer loop
      vertex 49.2946 38.1878 0.8000
      vertex 48.9526 38.2626 0.8000
      vertex 48.9526 38.2626 1.6000
    endloop
  endfacet
  facet normal 0.213622 0.976916 -0.000000
    outer loop
      vertex 49.2946 38.1878 0.8000
      vertex 48.9526 38.2626 1.6000
      vertex 49.2946 38.1878 1.6000
    endloop
  endfacet
  facet normal 0.034811 0.999394 0.000000
    outer loop
      vertex 48.9526 38.2626 0.8000
      vertex 48.6039 38.2747 0.8000
      vertex 48.6039 38.2747 1.6000
    endloop
  endfacet
  facet normal 0.034811 0.999394 -0.000000
    outer loop
      vertex 48.9526 38.2626 0.8000
      vertex 48.6039 38.2747 1.6000
      vertex 48.9526 38.2626 1.6000
    endloop
  endfacet
  facet normal -0.024405 0.999702 0.000000
    outer loop
      vertex 48.6039 38.2747 0.8000
      vertex 48.2539 38.2662 0.8000
      vertex 48.2539 38.2662 1.6000
    endloop
  endfacet
  facet normal -0.024405 0.999702 0.000000
    outer loop
      vertex 48.6039 38.2747 0.8000
      vertex 48.2539 38.2662 1.6000
      vertex 48.6039 38.2747 1.6000
    endloop
  endfacet
  facet normal -0.024405 0.999702 0.000000
    outer loop
      vertex 48.2539 38.2662 0.8000
      vertex 47.9038 38.2576 0.8000
      vertex 47.9038 38.2576 1.6000
    endloop
  endfacet
  facet normal -0.024405 0.999702 0.000000
    outer loop
      vertex 48.2539 38.2662 0.8000
      vertex 47.9038 38.2576 1.6000
      vertex 48.2539 38.2662 1.6000
    endloop
  endfacet
  facet normal -0.024405 0.999702 0.000000
    outer loop
      vertex 47.9038 38.2576 0.8000
      vertex 47.5538 38.2491 0.8000
      vertex 47.5538 38.2491 1.6000
    endloop
  endfacet
  facet normal -0.024405 0.999702 0.000000
    outer loop
      vertex 47.9038 38.2576 0.8000
      vertex 47.5538 38.2491 1.6000
      vertex 47.9038 38.2576 1.6000
    endloop
  endfacet
  facet normal -0.024405 0.999702 0.000000
    outer loop
      vertex 47.5538 38.2491 0.8000
      vertex 47.2038 38.2405 0.8000
      vertex 47.2038 38.2405 1.6000
    endloop
  endfacet
  facet normal -0.024405 0.999702 0.000000
    outer loop
      vertex 47.5538 38.2491 0.8000
      vertex 47.2038 38.2405 1.6000
      vertex 47.5538 38.2491 1.6000
    endloop
  endfacet
  facet normal -0.036716 0.999326 0.000000
    outer loop
      vertex 47.2038 38.2405 0.8000
      vertex 46.8540 38.2277 0.8000
      vertex 46.8540 38.2277 1.6000
    endloop
  endfacet
  facet normal -0.036716 0.999326 0.000000
    outer loop
      vertex 47.2038 38.2405 0.8000
      vertex 46.8540 38.2277 1.6000
      vertex 47.2038 38.2405 1.6000
    endloop
  endfacet
  facet normal -0.130613 0.991433 0.000000
    outer loop
      vertex 46.8540 38.2277 0.8000
      vertex 46.5069 38.1819 0.8000
      vertex 46.5069 38.1819 1.6000
    endloop
  endfacet
  facet normal -0.130613 0.991433 0.000000
    outer loop
      vertex 46.8540 38.2277 0.8000
      vertex 46.5069 38.1819 1.6000
      vertex 46.8540 38.2277 1.6000
    endloop
  endfacet
  facet normal -0.130613 0.991433 0.000000
    outer loop
      vertex 46.5069 38.1819 0.8000
      vertex 46.1597 38.1362 0.8000
      vertex 46.1597 38.1362 1.6000
    endloop
  endfacet
  facet normal -0.130613 0.991433 0.000000
    outer loop
      vertex 46.5069 38.1819 0.8000
      vertex 46.1597 38.1362 1.6000
      vertex 46.5069 38.1819 1.6000
    endloop
  endfacet
  facet normal -0.130613 0.991433 0.000000
    outer loop
      vertex 46.1597 38.1362 0.8000
      vertex 45.8126 38.0905 0.8000
      vertex 45.8126 38.0905 1.6000
    endloop
  endfacet
  facet normal -0.130613 0.991433 0.000000
    outer loop
      vertex 46.1597 38.1362 0.8000
      vertex 45.8126 38.0905 1.6000
      vertex 46.1597 38.1362 1.6000
    endloop
  endfacet
  facet normal -0.130613 0.991433 0.000000
    outer loop
      vertex 45.8126 38.0905 0.8000
      vertex 45.4655 38.0447 0.8000
      vertex 45.4655 38.0447 1.6000
    endloop
  endfacet
  facet normal -0.130613 0.991433 0.000000
    outer loop
      vertex 45.8126 38.0905 0.8000
      vertex 45.4655 38.0447 1.6000
      vertex 45.8126 38.0905 1.6000
    endloop
  endfacet
  facet normal -0.130613 0.991433 0.000000
    outer loop
      vertex 45.4655 38.0447 0.8000
      vertex 45.1183 37.9990 0.8000
      vertex 45.1183 37.9990 1.6000
    endloop
  endfacet
  facet normal -0.130613 0.991433 0.000000
    outer loop
      vertex 45.4655 38.0447 0.8000
      vertex 45.1183 37.9990 1.6000
      vertex 45.4655 38.0447 1.6000
    endloop
  endfacet
  facet normal -0.130613 0.991433 0.000000
    outer loop
      vertex 45.1183 37.9990 0.8000
      vertex 44.7712 37.9533 0.8000
      vertex 44.7712 37.9533 1.6000
    endloop
  endfacet
  facet normal -0.130613 0.991433 0.000000
    outer loop
      vertex 45.1183 37.9990 0.8000
      vertex 44.7712 37.9533 1.6000
      vertex 45.1183 37.9990 1.6000
    endloop
  endfacet
  facet normal -0.154446 0.988001 0.000000
    outer loop
      vertex 44.7712 37.9533 0.8000
      vertex 44.4254 37.8992 0.8000
      vertex 44.4254 37.8992 1.6000
    endloop
  endfacet
  facet normal -0.154446 0.988001 0.000000
    outer loop
      vertex 44.7712 37.9533 0.8000
      vertex 44.4254 37.8992 1.6000
      vertex 44.7712 37.9533 1.6000
    endloop
  endfacet
  facet normal -0.188740 0.982027 0.000000
    outer loop
      vertex 44.4254 37.8992 0.8000
      vertex 44.0815 37.8331 0.8000
      vertex 44.0815 37.8331 1.6000
    endloop
  endfacet
  facet normal -0.188740 0.982027 0.000000
    outer loop
      vertex 44.4254 37.8992 0.8000
      vertex 44.0815 37.8331 1.6000
      vertex 44.4254 37.8992 1.6000
    endloop
  endfacet
  facet normal -0.188740 0.982027 0.000000
    outer loop
      vertex 44.0815 37.8331 0.8000
      vertex 43.7377 37.7670 0.8000
      vertex 43.7377 37.7670 1.6000
    endloop
  endfacet
  facet normal -0.188740 0.982027 0.000000
    outer loop
      vertex 44.0815 37.8331 0.8000
      vertex 43.7377 37.7670 1.6000
      vertex 44.0815 37.8331 1.6000
    endloop
  endfacet
  facet normal -0.188740 0.982027 0.000000
    outer loop
      vertex 43.7377 37.7670 0.8000
      vertex 43.3939 37.7010 0.8000
      vertex 43.3939 37.7010 1.6000
    endloop
  endfacet
  facet normal -0.188740 0.982027 0.000000
    outer loop
      vertex 43.7377 37.7670 0.8000
      vertex 43.3939 37.7010 1.6000
      vertex 43.7377 37.7670 1.6000
    endloop
  endfacet
  facet normal -0.188740 0.982027 0.000000
    outer loop
      vertex 43.3939 37.7010 0.8000
      vertex 43.0500 37.6349 0.8000
      vertex 43.0500 37.6349 1.6000
    endloop
  endfacet
  facet normal -0.188740 0.982027 0.000000
    outer loop
      vertex 43.3939 37.7010 0.8000
      vertex 43.0500 37.6349 1.6000
      vertex 43.3939 37.7010 1.6000
    endloop
  endfacet
  facet normal -0.188740 0.982027 0.000000
    outer loop
      vertex 43.0500 37.6349 0.8000
      vertex 42.7062 37.5688 0.8000
      vertex 42.7062 37.5688 1.6000
    endloop
  endfacet
  facet normal -0.188740 0.982027 0.000000
    outer loop
      vertex 43.0500 37.6349 0.8000
      vertex 42.7062 37.5688 1.6000
      vertex 43.0500 37.6349 1.6000
    endloop
  endfacet
  facet normal -0.188740 0.982027 0.000000
    outer loop
      vertex 42.7062 37.5688 0.8000
      vertex 42.3623 37.5027 0.8000
      vertex 42.3623 37.5027 1.6000
    endloop
  endfacet
  facet normal -0.188740 0.982027 0.000000
    outer loop
      vertex 42.7062 37.5688 0.8000
      vertex 42.3623 37.5027 1.6000
      vertex 42.7062 37.5688 1.6000
    endloop
  endfacet
  facet normal -0.200147 0.979766 0.000000
    outer loop
      vertex 42.3623 37.5027 0.8000
      vertex 42.0193 37.4326 0.8000
      vertex 42.0193 37.4326 1.6000
    endloop
  endfacet
  facet normal -0.200147 0.979766 0.000000
    outer loop
      vertex 42.3623 37.5027 0.8000
      vertex 42.0193 37.4326 1.6000
      vertex 42.3623 37.5027 1.6000
    endloop
  endfacet
  facet normal -0.225026 0.974353 0.000000
    outer loop
      vertex 42.0193 37.4326 0.8000
      vertex 41.6782 37.3539 0.8000
      vertex 41.6782 37.3539 1.6000
    endloop
  endfacet
  facet normal -0.225026 0.974353 0.000000
    outer loop
      vertex 42.0193 37.4326 0.8000
      vertex 41.6782 37.3539 1.6000
      vertex 42.0193 37.4326 1.6000
    endloop
  endfacet
  facet normal -0.225026 0.974353 0.000000
    outer loop
      vertex 41.6782 37.3539 0.8000
      vertex 41.3370 37.2751 0.8000
      vertex 41.3370 37.2751 1.6000
    endloop
  endfacet
  facet normal -0.225026 0.974353 0.000000
    outer loop
      vertex 41.6782 37.3539 0.8000
      vertex 41.3370 37.2751 1.6000
      vertex 41.6782 37.3539 1.6000
    endloop
  endfacet
  facet normal -0.225026 0.974353 0.000000
    outer loop
      vertex 41.3370 37.2751 0.8000
      vertex 40.9959 37.1963 0.8000
      vertex 40.9959 37.1963 1.6000
    endloop
  endfacet
  facet normal -0.225026 0.974353 0.000000
    outer loop
      vertex 41.3370 37.2751 0.8000
      vertex 40.9959 37.1963 1.6000
      vertex 41.3370 37.2751 1.6000
    endloop
  endfacet
  facet normal -0.225026 0.974353 0.000000
    outer loop
      vertex 40.9959 37.1963 0.8000
      vertex 40.6547 37.1175 0.8000
      vertex 40.6547 37.1175 1.6000
    endloop
  endfacet
  facet normal -0.225026 0.974353 0.000000
    outer loop
      vertex 40.9959 37.1963 0.8000
      vertex 40.6547 37.1175 1.6000
      vertex 40.9959 37.1963 1.6000
    endloop
  endfacet
  facet normal -0.225026 0.974353 0.000000
    outer loop
      vertex 40.6547 37.1175 0.8000
      vertex 40.3135 37.0387 0.8000
      vertex 40.3135 37.0387 1.6000
    endloop
  endfacet
  facet normal -0.225026 0.974353 0.000000
    outer loop
      vertex 40.6547 37.1175 0.8000
      vertex 40.3135 37.0387 1.6000
      vertex 40.6547 37.1175 1.6000
    endloop
  endfacet
  facet normal -0.225026 0.974353 0.000000
    outer loop
      vertex 40.3135 37.0387 0.8000
      vertex 39.9724 36.9599 0.8000
      vertex 39.9724 36.9599 1.6000
    endloop
  endfacet
  facet normal -0.225026 0.974353 0.000000
    outer loop
      vertex 40.3135 37.0387 0.8000
      vertex 39.9724 36.9599 1.6000
      vertex 40.3135 37.0387 1.6000
    endloop
  endfacet
  facet normal -0.238296 0.971193 0.000000
    outer loop
      vertex 39.9724 36.9599 0.8000
      vertex 39.6324 36.8765 0.8000
      vertex 39.6324 36.8765 1.6000
    endloop
  endfacet
  facet normal -0.238296 0.971193 0.000000
    outer loop
      vertex 39.9724 36.9599 0.8000
      vertex 39.6324 36.8765 1.6000
      vertex 39.9724 36.9599 1.6000
    endloop
  endfacet
  facet normal -0.249689 0.968326 0.000000
    outer loop
      vertex 39.6324 36.8765 0.8000
      vertex 39.2933 36.7891 0.8000
      vertex 39.2933 36.7891 1.6000
    endloop
  endfacet
  facet normal -0.249689 0.968326 0.000000
    outer loop
      vertex 39.6324 36.8765 0.8000
      vertex 39.2933 36.7891 1.6000
      vertex 39.6324 36.8765 1.6000
    endloop
  endfacet
  facet normal -0.249689 0.968326 0.000000
    outer loop
      vertex 39.2933 36.7891 0.8000
      vertex 38.9543 36.7016 0.8000
      vertex 38.9543 36.7016 1.6000
    endloop
  endfacet
  facet normal -0.249689 0.968326 0.000000
    outer loop
      vertex 39.2933 36.7891 0.8000
      vertex 38.9543 36.7016 1.6000
      vertex 39.2933 36.7891 1.6000
    endloop
  endfacet
  facet normal -0.249689 0.968326 0.000000
    outer loop
      vertex 38.9543 36.7016 0.8000
      vertex 38.6152 36.6142 0.8000
      vertex 38.6152 36.6142 1.6000
    endloop
  endfacet
  facet normal -0.249689 0.968326 0.000000
    outer loop
      vertex 38.9543 36.7016 0.8000
      vertex 38.6152 36.6142 1.6000
      vertex 38.9543 36.7016 1.6000
    endloop
  endfacet
  facet normal -0.249689 0.968326 0.000000
    outer loop
      vertex 38.6152 36.6142 0.8000
      vertex 38.2762 36.5268 0.8000
      vertex 38.2762 36.5268 1.6000
    endloop
  endfacet
  facet normal -0.249689 0.968326 0.000000
    outer loop
      vertex 38.6152 36.6142 0.8000
      vertex 38.2762 36.5268 1.6000
      vertex 38.6152 36.6142 1.6000
    endloop
  endfacet
  facet normal -0.249689 0.968326 0.000000
    outer loop
      vertex 38.2762 36.5268 0.8000
      vertex 37.9371 36.4394 0.8000
      vertex 37.9371 36.4394 1.6000
    endloop
  endfacet
  facet normal -0.249689 0.968326 0.000000
    outer loop
      vertex 38.2762 36.5268 0.8000
      vertex 37.9371 36.4394 1.6000
      vertex 38.2762 36.5268 1.6000
    endloop
  endfacet
  facet normal -0.263832 0.964569 0.000000
    outer loop
      vertex 37.9371 36.4394 0.8000
      vertex 37.5994 36.3470 0.8000
      vertex 37.5994 36.3470 1.6000
    endloop
  endfacet
  facet normal -0.263832 0.964569 0.000000
    outer loop
      vertex 37.9371 36.4394 0.8000
      vertex 37.5994 36.3470 1.6000
      vertex 37.9371 36.4394 1.6000
    endloop
  endfacet
  facet normal -0.267377 0.963592 0.000000
    outer loop
      vertex 37.5994 36.3470 0.8000
      vertex 37.2620 36.2534 0.8000
      vertex 37.2620 36.2534 1.6000
    endloop
  endfacet
  facet normal -0.267377 0.963592 0.000000
    outer loop
      vertex 37.5994 36.3470 0.8000
      vertex 37.2620 36.2534 1.6000
      vertex 37.5994 36.3470 1.6000
    endloop
  endfacet
  facet normal -0.267377 0.963592 0.000000
    outer loop
      vertex 37.2620 36.2534 0.8000
      vertex 36.9247 36.1597 0.8000
      vertex 36.9247 36.1597 1.6000
    endloop
  endfacet
  facet normal -0.267377 0.963592 0.000000
    outer loop
      vertex 37.2620 36.2534 0.8000
      vertex 36.9247 36.1597 1.6000
      vertex 37.2620 36.2534 1.6000
    endloop
  endfacet
  facet normal -0.267377 0.963592 0.000000
    outer loop
      vertex 36.9247 36.1597 0.8000
      vertex 36.5873 36.0661 0.8000
      vertex 36.5873 36.0661 1.6000
    endloop
  endfacet
  facet normal -0.267377 0.963592 0.000000
    outer loop
      vertex 36.9247 36.1597 0.8000
      vertex 36.5873 36.0661 1.6000
      vertex 36.9247 36.1597 1.6000
    endloop
  endfacet
  facet normal -0.305909 0.952061 0.000000
    outer loop
      vertex 36.5873 36.0661 0.8000
      vertex 36.2545 35.9592 0.8000
      vertex 36.2545 35.9592 1.6000
    endloop
  endfacet
  facet normal -0.305909 0.952061 0.000000
    outer loop
      vertex 36.5873 36.0661 0.8000
      vertex 36.2545 35.9592 1.6000
      vertex 36.5873 36.0661 1.6000
    endloop
  endfacet
  facet normal -0.735699 0.677308 0.000000
    outer loop
      vertex 36.2545 35.9592 0.8000
      vertex 36.0224 35.7071 0.8000
      vertex 36.0224 35.7071 1.6000
    endloop
  endfacet
  facet normal -0.735699 0.677308 0.000000
    outer loop
      vertex 36.2545 35.9592 0.8000
      vertex 36.0224 35.7071 1.6000
      vertex 36.2545 35.9592 1.6000
    endloop
  endfacet
  facet normal -0.958410 0.285395 0.000000
    outer loop
      vertex 36.0224 35.7071 0.8000
      vertex 35.9225 35.3716 0.8000
      vertex 35.9225 35.3716 1.6000
    endloop
  endfacet
  facet normal -0.958410 0.285395 0.000000
    outer loop
      vertex 36.0224 35.7071 0.8000
      vertex 35.9225 35.3716 1.6000
      vertex 36.0224 35.7071 1.6000
    endloop
  endfacet
  facet normal -0.963592 0.267377 0.000000
    outer loop
      vertex 35.9225 35.3716 0.8000
      vertex 35.8288 35.0342 0.8000
      vertex 35.8288 35.0342 1.6000
    endloop
  endfacet
  facet normal -0.963592 0.267377 0.000000
    outer loop
      vertex 35.9225 35.3716 0.8000
      vertex 35.8288 35.0342 1.6000
      vertex 35.9225 35.3716 1.6000
    endloop
  endfacet
  facet normal -0.963592 0.267377 0.000000
    outer loop
      vertex 35.8288 35.0342 0.8000
      vertex 35.7352 34.6968 0.8000
      vertex 35.7352 34.6968 1.6000
    endloop
  endfacet
  facet normal -0.963592 0.267377 0.000000
    outer loop
      vertex 35.8288 35.0342 0.8000
      vertex 35.7352 34.6968 1.6000
      vertex 35.8288 35.0342 1.6000
    endloop
  endfacet
  facet normal -0.963592 0.267377 0.000000
    outer loop
      vertex 35.7352 34.6968 0.8000
      vertex 35.6416 34.3594 0.8000
      vertex 35.6416 34.3594 1.6000
    endloop
  endfacet
  facet normal -0.963592 0.267377 0.000000
    outer loop
      vertex 35.7352 34.6968 0.8000
      vertex 35.6416 34.3594 1.6000
      vertex 35.7352 34.6968 1.6000
    endloop
  endfacet
  facet normal -0.965156 0.261677 0.000000
    outer loop
      vertex 35.6416 34.3594 0.8000
      vertex 35.5500 34.0215 0.8000
      vertex 35.5500 34.0215 1.6000
    endloop
  endfacet
  facet normal -0.965156 0.261677 0.000000
    outer loop
      vertex 35.6416 34.3594 0.8000
      vertex 35.5500 34.0215 1.6000
      vertex 35.6416 34.3594 1.6000
    endloop
  endfacet
  facet normal -0.968326 0.249689 0.000000
    outer loop
      vertex 35.5500 34.0215 0.8000
      vertex 35.4626 33.6825 0.8000
      vertex 35.4626 33.6825 1.6000
    endloop
  endfacet
  facet normal -0.968326 0.249689 0.000000
    outer loop
      vertex 35.5500 34.0215 0.8000
      vertex 35.4626 33.6825 1.6000
      vertex 35.5500 34.0215 1.6000
    endloop
  endfacet
  facet normal -0.968326 0.249689 0.000000
    outer loop
      vertex 35.4626 33.6825 0.8000
      vertex 35.3751 33.3434 0.8000
      vertex 35.3751 33.3434 1.6000
    endloop
  endfacet
  facet normal -0.968326 0.249689 0.000000
    outer loop
      vertex 35.4626 33.6825 0.8000
      vertex 35.3751 33.3434 1.6000
      vertex 35.4626 33.6825 1.6000
    endloop
  endfacet
  facet normal -0.968326 0.249689 0.000000
    outer loop
      vertex 35.3751 33.3434 0.8000
      vertex 35.2877 33.0044 0.8000
      vertex 35.2877 33.0044 1.6000
    endloop
  endfacet
  facet normal -0.968326 0.249689 0.000000
    outer loop
      vertex 35.3751 33.3434 0.8000
      vertex 35.2877 33.0044 1.6000
      vertex 35.3751 33.3434 1.6000
    endloop
  endfacet
  facet normal -0.968326 0.249689 0.000000
    outer loop
      vertex 35.2877 33.0044 0.8000
      vertex 35.2003 32.6653 0.8000
      vertex 35.2003 32.6653 1.6000
    endloop
  endfacet
  facet normal -0.968326 0.249689 0.000000
    outer loop
      vertex 35.2877 33.0044 0.8000
      vertex 35.2003 32.6653 1.6000
      vertex 35.2877 33.0044 1.6000
    endloop
  endfacet
  facet normal -0.968326 0.249689 0.000000
    outer loop
      vertex 35.2003 32.6653 0.8000
      vertex 35.1129 32.3263 0.8000
      vertex 35.1129 32.3263 1.6000
    endloop
  endfacet
  facet normal -0.968326 0.249689 0.000000
    outer loop
      vertex 35.2003 32.6653 0.8000
      vertex 35.1129 32.3263 1.6000
      vertex 35.2003 32.6653 1.6000
    endloop
  endfacet
  facet normal -0.971926 0.235287 0.000000
    outer loop
      vertex 35.1129 32.3263 0.8000
      vertex 35.0305 31.9860 0.8000
      vertex 35.0305 31.9860 1.6000
    endloop
  endfacet
  facet normal -0.971926 0.235287 0.000000
    outer loop
      vertex 35.1129 32.3263 0.8000
      vertex 35.0305 31.9860 1.6000
      vertex 35.1129 32.3263 1.6000
    endloop
  endfacet
  facet normal -0.974353 0.225026 0.000000
    outer loop
      vertex 35.0305 31.9860 0.8000
      vertex 34.9517 31.6448 0.8000
      vertex 34.9517 31.6448 1.6000
    endloop
  endfacet
  facet normal -0.974353 0.225026 0.000000
    outer loop
      vertex 35.0305 31.9860 0.8000
      vertex 34.9517 31.6448 1.6000
      vertex 35.0305 31.9860 1.6000
    endloop
  endfacet
  facet normal -0.974353 0.225026 0.000000
    outer loop
      vertex 34.9517 31.6448 0.8000
      vertex 34.8729 31.3037 0.8000
      vertex 34.8729 31.3037 1.6000
    endloop
  endfacet
  facet normal -0.974353 0.225026 0.000000
    outer loop
      vertex 34.9517 31.6448 0.8000
      vertex 34.8729 31.3037 1.6000
      vertex 34.9517 31.6448 1.6000
    endloop
  endfacet
  facet normal -0.974353 0.225026 0.000000
    outer loop
      vertex 34.8729 31.3037 0.8000
      vertex 34.7941 30.9625 0.8000
      vertex 34.7941 30.9625 1.6000
    endloop
  endfacet
  facet normal -0.974353 0.225026 0.000000
    outer loop
      vertex 34.8729 31.3037 0.8000
      vertex 34.7941 30.9625 1.6000
      vertex 34.8729 31.3037 1.6000
    endloop
  endfacet
  facet normal -0.974353 0.225026 0.000000
    outer loop
      vertex 34.7941 30.9625 0.8000
      vertex 34.7153 30.6214 0.8000
      vertex 34.7153 30.6214 1.6000
    endloop
  endfacet
  facet normal -0.974353 0.225026 0.000000
    outer loop
      vertex 34.7941 30.9625 0.8000
      vertex 34.7153 30.6214 1.6000
      vertex 34.7941 30.9625 1.6000
    endloop
  endfacet
  facet normal -0.974353 0.225026 0.000000
    outer loop
      vertex 34.7153 30.6214 0.8000
      vertex 34.6365 30.2802 0.8000
      vertex 34.6365 30.2802 1.6000
    endloop
  endfacet
  facet normal -0.974353 0.225026 0.000000
    outer loop
      vertex 34.7153 30.6214 0.8000
      vertex 34.6365 30.2802 1.6000
      vertex 34.7153 30.6214 1.6000
    endloop
  endfacet
  facet normal -0.974353 0.225026 0.000000
    outer loop
      vertex 34.6365 30.2802 0.8000
      vertex 34.5577 29.9391 0.8000
      vertex 34.5577 29.9391 1.6000
    endloop
  endfacet
  facet normal -0.974353 0.225026 0.000000
    outer loop
      vertex 34.6365 30.2802 0.8000
      vertex 34.5577 29.9391 1.6000
      vertex 34.6365 30.2802 1.6000
    endloop
  endfacet
  facet normal -0.980661 0.195712 0.000000
    outer loop
      vertex 34.5577 29.9391 0.8000
      vertex 34.4892 29.5957 0.8000
      vertex 34.4892 29.5957 1.6000
    endloop
  endfacet
  facet normal -0.980661 0.195712 0.000000
    outer loop
      vertex 34.5577 29.9391 0.8000
      vertex 34.4892 29.5957 1.6000
      vertex 34.5577 29.9391 1.6000
    endloop
  endfacet
  facet normal -0.982027 0.188740 0.000000
    outer loop
      vertex 34.4892 29.5957 0.8000
      vertex 34.4231 29.2519 0.8000
      vertex 34.4231 29.2519 1.6000
    endloop
  endfacet
  facet normal -0.982027 0.188740 0.000000
    outer loop
      vertex 34.4892 29.5957 0.8000
      vertex 34.4231 29.2519 1.6000
      vertex 34.4892 29.5957 1.6000
    endloop
  endfacet
  facet normal -0.982027 0.188740 0.000000
    outer loop
      vertex 34.4231 29.2519 0.8000
      vertex 34.3571 28.9080 0.8000
      vertex 34.3571 28.9080 1.6000
    endloop
  endfacet
  facet normal -0.982027 0.188740 0.000000
    outer loop
      vertex 34.4231 29.2519 0.8000
      vertex 34.3571 28.9080 1.6000
      vertex 34.4231 29.2519 1.6000
    endloop
  endfacet
  facet normal -0.982027 0.188740 0.000000
    outer loop
      vertex 34.3571 28.9080 0.8000
      vertex 34.2910 28.5642 0.8000
      vertex 34.2910 28.5642 1.6000
    endloop
  endfacet
  facet normal -0.982027 0.188740 0.000000
    outer loop
      vertex 34.3571 28.9080 0.8000
      vertex 34.2910 28.5642 1.6000
      vertex 34.3571 28.9080 1.6000
    endloop
  endfacet
  facet normal -0.982027 0.188740 0.000000
    outer loop
      vertex 34.2910 28.5642 0.8000
      vertex 34.2249 28.2204 0.8000
      vertex 34.2249 28.2204 1.6000
    endloop
  endfacet
  facet normal -0.982027 0.188740 0.000000
    outer loop
      vertex 34.2910 28.5642 0.8000
      vertex 34.2249 28.2204 1.6000
      vertex 34.2910 28.5642 1.6000
    endloop
  endfacet
  facet normal -0.982027 0.188740 0.000000
    outer loop
      vertex 34.2249 28.2204 0.8000
      vertex 34.1588 27.8765 0.8000
      vertex 34.1588 27.8765 1.6000
    endloop
  endfacet
  facet normal -0.982027 0.188740 0.000000
    outer loop
      vertex 34.2249 28.2204 0.8000
      vertex 34.1588 27.8765 1.6000
      vertex 34.2249 28.2204 1.6000
    endloop
  endfacet
  facet normal -0.982027 0.188740 0.000000
    outer loop
      vertex 34.1588 27.8765 0.8000
      vertex 34.0927 27.5327 0.8000
      vertex 34.0927 27.5327 1.6000
    endloop
  endfacet
  facet normal -0.982027 0.188740 0.000000
    outer loop
      vertex 34.1588 27.8765 0.8000
      vertex 34.0927 27.5327 1.6000
      vertex 34.1588 27.8765 1.6000
    endloop
  endfacet
  facet normal -0.989085 0.147343 0.000000
    outer loop
      vertex 34.0927 27.5327 0.8000
      vertex 34.0411 27.1865 0.8000
      vertex 34.0411 27.1865 1.6000
    endloop
  endfacet
  facet normal -0.989085 0.147343 0.000000
    outer loop
      vertex 34.0927 27.5327 0.8000
      vertex 34.0411 27.1865 1.6000
      vertex 34.0927 27.5327 1.6000
    endloop
  endfacet
  facet normal -0.991433 0.130613 0.000000
    outer loop
      vertex 34.0411 27.1865 0.8000
      vertex 33.9954 26.8393 0.8000
      vertex 33.9954 26.8393 1.6000
    endloop
  endfacet
  facet normal -0.991433 0.130613 0.000000
    outer loop
      vertex 34.0411 27.1865 0.8000
      vertex 33.9954 26.8393 1.6000
      vertex 34.0411 27.1865 1.6000
    endloop
  endfacet
  facet normal -0.991433 0.130613 0.000000
    outer loop
      vertex 33.9954 26.8393 0.8000
      vertex 33.9497 26.4922 0.8000
      vertex 33.9497 26.4922 1.6000
    endloop
  endfacet
  facet normal -0.991433 0.130613 0.000000
    outer loop
      vertex 33.9954 26.8393 0.8000
      vertex 33.9497 26.4922 1.6000
      vertex 33.9954 26.8393 1.6000
    endloop
  endfacet
  facet normal -0.991433 0.130613 0.000000
    outer loop
      vertex 33.9497 26.4922 0.8000
      vertex 33.9040 26.1451 0.8000
      vertex 33.9040 26.1451 1.6000
    endloop
  endfacet
  facet normal -0.991433 0.130613 0.000000
    outer loop
      vertex 33.9497 26.4922 0.8000
      vertex 33.9040 26.1451 1.6000
      vertex 33.9497 26.4922 1.6000
    endloop
  endfacet
  facet normal -0.991433 0.130613 0.000000
    outer loop
      vertex 33.9040 26.1451 0.8000
      vertex 33.8582 25.7979 0.8000
      vertex 33.8582 25.7979 1.6000
    endloop
  endfacet
  facet normal -0.991433 0.130613 0.000000
    outer loop
      vertex 33.9040 26.1451 0.8000
      vertex 33.8582 25.7979 1.6000
      vertex 33.9040 26.1451 1.6000
    endloop
  endfacet
  facet normal -0.991433 0.130613 0.000000
    outer loop
      vertex 33.8582 25.7979 0.8000
      vertex 33.8125 25.4508 0.8000
      vertex 33.8125 25.4508 1.6000
    endloop
  endfacet
  facet normal -0.991433 0.130613 0.000000
    outer loop
      vertex 33.8582 25.7979 0.8000
      vertex 33.8125 25.4508 1.6000
      vertex 33.8582 25.7979 1.6000
    endloop
  endfacet
  facet normal -0.991997 0.126259 0.000000
    outer loop
      vertex 33.8125 25.4508 0.8000
      vertex 33.7683 25.1035 0.8000
      vertex 33.7683 25.1035 1.6000
    endloop
  endfacet
  facet normal -0.991997 0.126259 0.000000
    outer loop
      vertex 33.8125 25.4508 0.8000
      vertex 33.7683 25.1035 1.6000
      vertex 33.8125 25.4508 1.6000
    endloop
  endfacet
  facet normal -0.999605 0.028117 0.000000
    outer loop
      vertex 33.7683 25.1035 0.8000
      vertex 33.7584 24.7535 0.8000
      vertex 33.7584 24.7535 1.6000
    endloop
  endfacet
  facet normal -0.999605 0.028117 0.000000
    outer loop
      vertex 33.7683 25.1035 0.8000
      vertex 33.7584 24.7535 1.6000
      vertex 33.7683 25.1035 1.6000
    endloop
  endfacet
  facet normal -0.999702 0.024405 0.000000
    outer loop
      vertex 33.7584 24.7535 0.8000
      vertex 33.7499 24.4035 0.8000
      vertex 33.7499 24.4035 1.6000
    endloop
  endfacet
  facet normal -0.999702 0.024405 0.000000
    outer loop
      vertex 33.7584 24.7535 0.8000
      vertex 33.7499 24.4035 1.6000
      vertex 33.7584 24.7535 1.6000
    endloop
  endfacet
  facet normal -0.999702 0.024405 0.000000
    outer loop
      vertex 33.7499 24.4035 0.8000
      vertex 33.7413 24.0535 0.8000
      vertex 33.7413 24.0535 1.6000
    endloop
  endfacet
  facet normal -0.999702 0.024405 0.000000
    outer loop
      vertex 33.7499 24.4035 0.8000
      vertex 33.7413 24.0535 1.6000
      vertex 33.7499 24.4035 1.6000
    endloop
  endfacet
  facet normal -0.999702 0.024405 0.000000
    outer loop
      vertex 33.7413 24.0535 0.8000
      vertex 33.7328 23.7034 0.8000
      vertex 33.7328 23.7034 1.6000
    endloop
  endfacet
  facet normal -0.999702 0.024405 0.000000
    outer loop
      vertex 33.7413 24.0535 0.8000
      vertex 33.7328 23.7034 1.6000
      vertex 33.7413 24.0535 1.6000
    endloop
  endfacet
  facet normal -0.999702 0.024405 0.000000
    outer loop
      vertex 33.7328 23.7034 0.8000
      vertex 33.7243 23.3534 0.8000
      vertex 33.7243 23.3534 1.6000
    endloop
  endfacet
  facet normal -0.999702 0.024405 0.000000
    outer loop
      vertex 33.7328 23.7034 0.8000
      vertex 33.7243 23.3534 1.6000
      vertex 33.7328 23.7034 1.6000
    endloop
  endfacet
  facet normal -0.997948 -0.064034 0.000000
    outer loop
      vertex 33.7243 23.3534 0.8000
      vertex 33.7466 23.0057 0.8000
      vertex 33.7466 23.0057 1.6000
    endloop
  endfacet
  facet normal -0.997948 -0.064034 0.000000
    outer loop
      vertex 33.7243 23.3534 0.8000
      vertex 33.7466 23.0057 1.6000
      vertex 33.7243 23.3534 1.6000
    endloop
  endfacet
  facet normal -0.976916 -0.213622 0.000000
    outer loop
      vertex 33.7466 23.0057 0.8000
      vertex 33.8214 22.6636 0.8000
      vertex 33.8214 22.6636 1.6000
    endloop
  endfacet
  facet normal -0.976916 -0.213622 0.000000
    outer loop
      vertex 33.7466 23.0057 0.8000
      vertex 33.8214 22.6636 1.6000
      vertex 33.7466 23.0057 1.6000
    endloop
  endfacet
  facet normal -0.976916 -0.213622 0.000000
    outer loop
      vertex 33.8214 22.6636 0.8000
      vertex 33.8962 22.3216 0.8000
      vertex 33.8962 22.3216 1.6000
    endloop
  endfacet
  facet normal -0.976916 -0.213622 0.000000
    outer loop
      vertex 33.8214 22.6636 0.8000
      vertex 33.8962 22.3216 1.6000
      vertex 33.8214 22.6636 1.6000
    endloop
  endfacet
  facet normal -0.976916 -0.213622 0.000000
    outer loop
      vertex 33.8962 22.3216 0.8000
      vertex 33.9710 21.9795 0.8000
      vertex 33.9710 21.9795 1.6000
    endloop
  endfacet
  facet normal -0.976916 -0.213622 0.000000
    outer loop
      vertex 33.8962 22.3216 0.8000
      vertex 33.9710 21.9795 1.6000
      vertex 33.8962 22.3216 1.6000
    endloop
  endfacet
  facet normal -0.872103 -0.489322 0.000000
    outer loop
      vertex 33.9710 21.9795 0.8000
      vertex 34.1389 21.6803 0.8000
      vertex 34.1389 21.6803 1.6000
    endloop
  endfacet
  facet normal -0.872103 -0.489322 0.000000
    outer loop
      vertex 33.9710 21.9795 0.8000
      vertex 34.1389 21.6803 1.6000
      vertex 33.9710 21.9795 1.6000
    endloop
  endfacet
  facet normal -0.615022 -0.788510 0.000000
    outer loop
      vertex 34.1389 21.6803 0.8000
      vertex 34.4149 21.4650 0.8000
      vertex 34.4149 21.4650 1.6000
    endloop
  endfacet
  facet normal -0.615022 -0.788510 0.000000
    outer loop
      vertex 34.1389 21.6803 0.8000
      vertex 34.4149 21.4650 1.6000
      vertex 34.1389 21.6803 1.6000
    endloop
  endfacet
  facet normal -0.450358 -0.892848 0.000000
    outer loop
      vertex 34.4149 21.4650 0.8000
      vertex 34.7230 21.3095 0.8000
      vertex 34.7230 21.3095 1.6000
    endloop
  endfacet
  facet normal -0.450358 -0.892848 0.000000
    outer loop
      vertex 34.4149 21.4650 0.8000
      vertex 34.7230 21.3095 1.6000
      vertex 34.4149 21.4650 1.6000
    endloop
  endfacet
  facet normal 0.173868 -0.984769 0.000000
    outer loop
      vertex 34.7230 21.3095 0.8000
      vertex 35.0634 21.3696 0.8000
      vertex 35.0634 21.3696 1.6000
    endloop
  endfacet
  facet normal 0.173868 -0.984769 0.000000
    outer loop
      vertex 34.7230 21.3095 0.8000
      vertex 35.0634 21.3696 1.6000
      vertex 34.7230 21.3095 1.6000
    endloop
  endfacet
  facet normal 0.338217 -0.941068 0.000000
    outer loop
      vertex 35.0634 21.3696 0.8000
      vertex 35.3929 21.4881 0.8000
      vertex 35.3929 21.4881 1.6000
    endloop
  endfacet
  facet normal 0.338217 -0.941068 0.000000
    outer loop
      vertex 35.0634 21.3696 0.8000
      vertex 35.3929 21.4881 1.6000
      vertex 35.0634 21.3696 1.6000
    endloop
  endfacet
  facet normal 0.338217 -0.941068 0.000000
    outer loop
      vertex 35.3929 21.4881 0.8000
      vertex 35.7224 21.6065 0.8000
      vertex 35.7224 21.6065 1.6000
    endloop
  endfacet
  facet normal 0.338217 -0.941068 0.000000
    outer loop
      vertex 35.3929 21.4881 0.8000
      vertex 35.7224 21.6065 1.6000
      vertex 35.3929 21.4881 1.6000
    endloop
  endfacet
  facet normal 0.345976 -0.938243 0.000000
    outer loop
      vertex 35.7224 21.6065 0.8000
      vertex 36.0508 21.7276 0.8000
      vertex 36.0508 21.7276 1.6000
    endloop
  endfacet
  facet normal 0.345976 -0.938243 0.000000
    outer loop
      vertex 35.7224 21.6065 0.8000
      vertex 36.0508 21.7276 1.6000
      vertex 35.7224 21.6065 1.6000
    endloop
  endfacet
  facet normal 0.367428 -0.930052 0.000000
    outer loop
      vertex 36.0508 21.7276 0.8000
      vertex 36.3765 21.8563 0.8000
      vertex 36.3765 21.8563 1.6000
    endloop
  endfacet
  facet normal 0.367428 -0.930052 0.000000
    outer loop
      vertex 36.0508 21.7276 0.8000
      vertex 36.3765 21.8563 1.6000
      vertex 36.0508 21.7276 1.6000
    endloop
  endfacet
  facet normal 0.367428 -0.930052 0.000000
    outer loop
      vertex 36.3765 21.8563 0.8000
      vertex 36.7021 21.9849 0.8000
      vertex 36.7021 21.9849 1.6000
    endloop
  endfacet
  facet normal 0.367428 -0.930052 0.000000
    outer loop
      vertex 36.3765 21.8563 0.8000
      vertex 36.7021 21.9849 1.6000
      vertex 36.3765 21.8563 1.6000
    endloop
  endfacet
  facet normal 0.367428 -0.930052 0.000000
    outer loop
      vertex 36.7021 21.9849 0.8000
      vertex 37.0278 22.1136 0.8000
      vertex 37.0278 22.1136 1.6000
    endloop
  endfacet
  facet normal 0.367428 -0.930052 0.000000
    outer loop
      vertex 36.7021 21.9849 0.8000
      vertex 37.0278 22.1136 1.6000
      vertex 36.7021 21.9849 1.6000
    endloop
  endfacet
  facet normal 0.367428 -0.930052 0.000000
    outer loop
      vertex 37.0278 22.1136 0.8000
      vertex 37.3534 22.2422 0.8000
      vertex 37.3534 22.2422 1.6000
    endloop
  endfacet
  facet normal 0.367428 -0.930052 0.000000
    outer loop
      vertex 37.0278 22.1136 0.8000
      vertex 37.3534 22.2422 1.6000
      vertex 37.0278 22.1136 1.6000
    endloop
  endfacet
  facet normal -0.065701 -0.997839 0.000000
    outer loop
      vertex 37.3534 22.2422 0.8000
      vertex 37.6911 22.2200 0.8000
      vertex 37.6911 22.2200 1.6000
    endloop
  endfacet
  facet normal -0.065701 -0.997839 0.000000
    outer loop
      vertex 37.3534 22.2422 0.8000
      vertex 37.6911 22.2200 1.6000
      vertex 37.3534 22.2422 1.6000
    endloop
  endfacet
  facet normal -0.246154 -0.969231 0.000000
    outer loop
      vertex 37.6911 22.2200 0.8000
      vertex 38.0305 22.1338 0.8000
      vertex 38.0305 22.1338 1.6000
    endloop
  endfacet
  facet normal -0.246154 -0.969231 0.000000
    outer loop
      vertex 37.6911 22.2200 0.8000
      vertex 38.0305 22.1338 1.6000
      vertex 37.6911 22.2200 1.6000
    endloop
  endfacet
  facet normal -0.246154 -0.969231 0.000000
    outer loop
      vertex 38.0305 22.1338 0.8000
      vertex 38.3698 22.0476 0.8000
      vertex 38.3698 22.0476 1.6000
    endloop
  endfacet
  facet normal -0.246154 -0.969231 0.000000
    outer loop
      vertex 38.0305 22.1338 0.8000
      vertex 38.3698 22.0476 1.6000
      vertex 38.0305 22.1338 1.6000
    endloop
  endfacet
  facet normal -0.352149 -0.935944 0.000000
    outer loop
      vertex 38.3698 22.0476 0.8000
      vertex 38.6906 21.9269 0.8000
      vertex 38.6906 21.9269 1.6000
    endloop
  endfacet
  facet normal -0.352149 -0.935944 0.000000
    outer loop
      vertex 38.3698 22.0476 0.8000
      vertex 38.6906 21.9269 1.6000
      vertex 38.3698 22.0476 1.6000
    endloop
  endfacet
  facet normal -0.756169 -0.654377 0.000000
    outer loop
      vertex 38.6906 21.9269 0.8000
      vertex 38.9197 21.6622 0.8000
      vertex 38.9197 21.6622 1.6000
    endloop
  endfacet
  facet normal -0.756169 -0.654377 0.000000
    outer loop
      vertex 38.6906 21.9269 0.8000
      vertex 38.9197 21.6622 1.6000
      vertex 38.6906 21.9269 1.6000
    endloop
  endfacet
  facet normal -0.756169 -0.654377 0.000000
    outer loop
      vertex 38.9197 21.6622 0.8000
      vertex 39.1488 21.3974 0.8000
      vertex 39.1488 21.3974 1.6000
    endloop
  endfacet
  facet normal -0.756169 -0.654377 0.000000
    outer loop
      vertex 38.9197 21.6622 0.8000
      vertex 39.1488 21.3974 1.6000
      vertex 38.9197 21.6622 1.6000
    endloop
  endfacet
  facet normal -0.756169 -0.654377 0.000000
    outer loop
      vertex 39.1488 21.3974 0.8000
      vertex 39.3779 21.1326 0.8000
      vertex 39.3779 21.1326 1.6000
    endloop
  endfacet
  facet normal -0.756169 -0.654377 0.000000
    outer loop
      vertex 39.1488 21.3974 0.8000
      vertex 39.3779 21.1326 1.6000
      vertex 39.1488 21.3974 1.6000
    endloop
  endfacet
  facet normal -0.866410 -0.499333 0.000000
    outer loop
      vertex 39.3779 21.1326 0.8000
      vertex 39.5501 20.8340 0.8000
      vertex 39.5501 20.8340 1.6000
    endloop
  endfacet
  facet normal -0.866410 -0.499333 0.000000
    outer loop
      vertex 39.3779 21.1326 0.8000
      vertex 39.5501 20.8340 1.6000
      vertex 39.3779 21.1326 1.6000
    endloop
  endfacet
  facet normal -0.942302 -0.334765 0.000000
    outer loop
      vertex 39.5501 20.8340 0.8000
      vertex 39.6673 20.5040 0.8000
      vertex 39.6673 20.5040 1.6000
    endloop
  endfacet
  facet normal -0.942302 -0.334765 0.000000
    outer loop
      vertex 39.5501 20.8340 0.8000
      vertex 39.6673 20.5040 1.6000
      vertex 39.5501 20.8340 1.6000
    endloop
  endfacet
  facet normal -0.942302 -0.334765 0.000000
    outer loop
      vertex 39.6673 20.5040 0.8000
      vertex 39.7845 20.1741 0.8000
      vertex 39.7845 20.1741 1.6000
    endloop
  endfacet
  facet normal -0.942302 -0.334765 0.000000
    outer loop
      vertex 39.6673 20.5040 0.8000
      vertex 39.7845 20.1741 1.6000
      vertex 39.6673 20.5040 1.6000
    endloop
  endfacet
  facet normal -0.942302 -0.334765 0.000000
    outer loop
      vertex 39.7845 20.1741 0.8000
      vertex 39.9017 19.8442 0.8000
      vertex 39.9017 19.8442 1.6000
    endloop
  endfacet
  facet normal -0.942302 -0.334765 0.000000
    outer loop
      vertex 39.7845 20.1741 0.8000
      vertex 39.9017 19.8442 1.6000
      vertex 39.7845 20.1741 1.6000
    endloop
  endfacet
  facet normal -0.962493 -0.271307 0.000000
    outer loop
      vertex 39.9017 19.8442 0.8000
      vertex 39.9962 19.5089 0.8000
      vertex 39.9962 19.5089 1.6000
    endloop
  endfacet
  facet normal -0.962493 -0.271307 0.000000
    outer loop
      vertex 39.9017 19.8442 0.8000
      vertex 39.9962 19.5089 1.6000
      vertex 39.9017 19.8442 1.6000
    endloop
  endfacet
  facet normal -0.994811 -0.101742 0.000000
    outer loop
      vertex 39.9962 19.5089 0.8000
      vertex 40.0318 19.1606 0.8000
      vertex 40.0318 19.1606 1.6000
    endloop
  endfacet
  facet normal -0.994811 -0.101742 0.000000
    outer loop
      vertex 39.9962 19.5089 0.8000
      vertex 40.0318 19.1606 1.6000
      vertex 39.9962 19.5089 1.6000
    endloop
  endfacet
  facet normal -0.994811 -0.101742 0.000000
    outer loop
      vertex 40.0318 19.1606 0.8000
      vertex 40.0675 18.8123 0.8000
      vertex 40.0675 18.8123 1.6000
    endloop
  endfacet
  facet normal -0.994811 -0.101742 0.000000
    outer loop
      vertex 40.0318 19.1606 0.8000
      vertex 40.0675 18.8123 1.6000
      vertex 40.0318 19.1606 1.6000
    endloop
  endfacet
  facet normal -0.994811 -0.101742 0.000000
    outer loop
      vertex 40.0675 18.8123 0.8000
      vertex 40.1031 18.4639 0.8000
      vertex 40.1031 18.4639 1.6000
    endloop
  endfacet
  facet normal -0.994811 -0.101742 0.000000
    outer loop
      vertex 40.0675 18.8123 0.8000
      vertex 40.1031 18.4639 1.6000
      vertex 40.0675 18.8123 1.6000
    endloop
  endfacet
  facet normal -0.994811 -0.101742 0.000000
    outer loop
      vertex 40.1031 18.4639 0.8000
      vertex 40.1387 18.1156 0.8000
      vertex 40.1387 18.1156 1.6000
    endloop
  endfacet
  facet normal -0.994811 -0.101742 0.000000
    outer loop
      vertex 40.1031 18.4639 0.8000
      vertex 40.1387 18.1156 1.6000
      vertex 40.1031 18.4639 1.6000
    endloop
  endfacet
  facet normal -0.999409 0.034383 0.000000
    outer loop
      vertex 40.1387 18.1156 0.8000
      vertex 40.1267 17.7672 0.8000
      vertex 40.1267 17.7672 1.6000
    endloop
  endfacet
  facet normal -0.999409 0.034383 0.000000
    outer loop
      vertex 40.1387 18.1156 0.8000
      vertex 40.1267 17.7672 1.6000
      vertex 40.1387 18.1156 1.6000
    endloop
  endfacet
  facet normal -0.994811 0.101742 0.000000
    outer loop
      vertex 40.1267 17.7672 0.8000
      vertex 40.0911 17.4188 0.8000
      vertex 40.0911 17.4188 1.6000
    endloop
  endfacet
  facet normal -0.994811 0.101742 0.000000
    outer loop
      vertex 40.1267 17.7672 0.8000
      vertex 40.0911 17.4188 1.6000
      vertex 40.1267 17.7672 1.6000
    endloop
  endfacet
  facet normal -0.994811 0.101742 0.000000
    outer loop
      vertex 40.0911 17.4188 0.8000
      vertex 40.0555 17.0705 0.8000
      vertex 40.0555 17.0705 1.6000
    endloop
  endfacet
  facet normal -0.994811 0.101742 0.000000
    outer loop
      vertex 40.0911 17.4188 0.8000
      vertex 40.0555 17.0705 1.6000
      vertex 40.0911 17.4188 1.6000
    endloop
  endfacet
  facet normal -0.994811 0.101742 0.000000
    outer loop
      vertex 40.0555 17.0705 0.8000
      vertex 40.0198 16.7222 0.8000
      vertex 40.0198 16.7222 1.6000
    endloop
  endfacet
  facet normal -0.994811 0.101742 0.000000
    outer loop
      vertex 40.0555 17.0705 0.8000
      vertex 40.0198 16.7222 1.6000
      vertex 40.0555 17.0705 1.6000
    endloop
  endfacet
  facet normal -0.993318 0.115412 0.000000
    outer loop
      vertex 40.0198 16.7222 0.8000
      vertex 39.9795 16.3747 0.8000
      vertex 39.9795 16.3747 1.6000
    endloop
  endfacet
  facet normal -0.993318 0.115412 0.000000
    outer loop
      vertex 40.0198 16.7222 0.8000
      vertex 39.9795 16.3747 1.6000
      vertex 40.0198 16.7222 1.6000
    endloop
  endfacet
  facet normal -0.942302 0.334765 0.000000
    outer loop
      vertex 39.9795 16.3747 0.8000
      vertex 39.8623 16.0448 0.8000
      vertex 39.8623 16.0448 1.6000
    endloop
  endfacet
  facet normal -0.942302 0.334765 0.000000
    outer loop
      vertex 39.9795 16.3747 0.8000
      vertex 39.8623 16.0448 1.6000
      vertex 39.9795 16.3747 1.6000
    endloop
  endfacet
  facet normal -0.942302 0.334765 0.000000
    outer loop
      vertex 39.8623 16.0448 0.8000
      vertex 39.7450 15.7149 0.8000
      vertex 39.7450 15.7149 1.6000
    endloop
  endfacet
  facet normal -0.942302 0.334765 0.000000
    outer loop
      vertex 39.8623 16.0448 0.8000
      vertex 39.7450 15.7149 1.6000
      vertex 39.8623 16.0448 1.6000
    endloop
  endfacet
  facet normal -0.942302 0.334765 0.000000
    outer loop
      vertex 39.7450 15.7149 0.8000
      vertex 39.6278 15.3849 0.8000
      vertex 39.6278 15.3849 1.6000
    endloop
  endfacet
  facet normal -0.942302 0.334765 0.000000
    outer loop
      vertex 39.7450 15.7149 0.8000
      vertex 39.6278 15.3849 1.6000
      vertex 39.7450 15.7149 1.6000
    endloop
  endfacet
  facet normal -0.942302 0.334765 0.000000
    outer loop
      vertex 39.6278 15.3849 0.8000
      vertex 39.5106 15.0550 0.8000
      vertex 39.5106 15.0550 1.6000
    endloop
  endfacet
  facet normal -0.942302 0.334765 0.000000
    outer loop
      vertex 39.6278 15.3849 0.8000
      vertex 39.5106 15.0550 1.6000
      vertex 39.6278 15.3849 1.6000
    endloop
  endfacet
  facet normal -0.796904 0.604106 0.000000
    outer loop
      vertex 39.5106 15.0550 0.8000
      vertex 39.3008 14.7783 0.8000
      vertex 39.3008 14.7783 1.6000
    endloop
  endfacet
  facet normal -0.796904 0.604106 0.000000
    outer loop
      vertex 39.5106 15.0550 0.8000
      vertex 39.3008 14.7783 1.6000
      vertex 39.5106 15.0550 1.6000
    endloop
  endfacet
  facet normal -0.756169 0.654377 0.000000
    outer loop
      vertex 39.3008 14.7783 0.8000
      vertex 39.0717 14.5135 0.8000
      vertex 39.0717 14.5135 1.6000
    endloop
  endfacet
  facet normal -0.756169 0.654377 0.000000
    outer loop
      vertex 39.3008 14.7783 0.8000
      vertex 39.0717 14.5135 1.6000
      vertex 39.3008 14.7783 1.6000
    endloop
  endfacet
  facet normal -0.756169 0.654377 0.000000
    outer loop
      vertex 39.0717 14.5135 0.8000
      vertex 38.8426 14.2487 0.8000
      vertex 38.8426 14.2487 1.6000
    endloop
  endfacet
  facet normal -0.756169 0.654377 0.000000
    outer loop
      vertex 39.0717 14.5135 0.8000
      vertex 38.8426 14.2487 1.6000
      vertex 39.0717 14.5135 1.6000
    endloop
  endfacet
  facet normal -0.694773 0.719229 0.000000
    outer loop
      vertex 38.8426 14.2487 0.8000
      vertex 38.5950 14.0096 0.8000
      vertex 38.5950 14.0096 1.6000
    endloop
  endfacet
  facet normal -0.694773 0.719229 0.000000
    outer loop
      vertex 38.8426 14.2487 0.8000
      vertex 38.5950 14.0096 1.6000
      vertex 38.8426 14.2487 1.6000
    endloop
  endfacet
  facet normal -0.246154 0.969231 0.000000
    outer loop
      vertex 38.5950 14.0096 0.8000
      vertex 38.2556 13.9234 0.8000
      vertex 38.2556 13.9234 1.6000
    endloop
  endfacet
  facet normal -0.246154 0.969231 0.000000
    outer loop
      vertex 38.5950 14.0096 0.8000
      vertex 38.2556 13.9234 1.6000
      vertex 38.5950 14.0096 1.6000
    endloop
  endfacet
  facet normal -0.246154 0.969231 0.000000
    outer loop
      vertex 38.2556 13.9234 0.8000
      vertex 37.9163 13.8372 0.8000
      vertex 37.9163 13.8372 1.6000
    endloop
  endfacet
  facet normal -0.246154 0.969231 0.000000
    outer loop
      vertex 38.2556 13.9234 0.8000
      vertex 37.9163 13.8372 1.6000
      vertex 38.2556 13.9234 1.6000
    endloop
  endfacet
  facet normal -0.246154 0.969231 0.000000
    outer loop
      vertex 37.9163 13.8372 0.8000
      vertex 37.5769 13.7510 0.8000
      vertex 37.5769 13.7510 1.6000
    endloop
  endfacet
  facet normal -0.246154 0.969231 0.000000
    outer loop
      vertex 37.9163 13.8372 0.8000
      vertex 37.5769 13.7510 1.6000
      vertex 37.9163 13.8372 1.6000
    endloop
  endfacet
  facet normal 0.148618 0.988895 0.000000
    outer loop
      vertex 37.5769 13.7510 0.8000
      vertex 37.2438 13.8011 0.8000
      vertex 37.2438 13.8011 1.6000
    endloop
  endfacet
  facet normal 0.148618 0.988895 -0.000000
    outer loop
      vertex 37.5769 13.7510 0.8000
      vertex 37.2438 13.8011 1.6000
      vertex 37.5769 13.7510 1.6000
    endloop
  endfacet
  facet normal 0.367428 0.930052 0.000000
    outer loop
      vertex 37.2438 13.8011 0.8000
      vertex 36.9182 13.9297 0.8000
      vertex 36.9182 13.9297 1.6000
    endloop
  endfacet
  facet normal 0.367428 0.930052 -0.000000
    outer loop
      vertex 37.2438 13.8011 0.8000
      vertex 36.9182 13.9297 1.6000
      vertex 37.2438 13.8011 1.6000
    endloop
  endfacet
  facet normal 0.367428 0.930052 0.000000
    outer loop
      vertex 36.9182 13.9297 0.8000
      vertex 36.5925 14.0584 0.8000
      vertex 36.5925 14.0584 1.6000
    endloop
  endfacet
  facet normal 0.367428 0.930052 -0.000000
    outer loop
      vertex 36.9182 13.9297 0.8000
      vertex 36.5925 14.0584 1.6000
      vertex 36.9182 13.9297 1.6000
    endloop
  endfacet
  facet normal 0.367428 0.930052 0.000000
    outer loop
      vertex 36.5925 14.0584 0.8000
      vertex 36.2669 14.1870 0.8000
      vertex 36.2669 14.1870 1.6000
    endloop
  endfacet
  facet normal 0.367428 0.930052 -0.000000
    outer loop
      vertex 36.5925 14.0584 0.8000
      vertex 36.2669 14.1870 1.6000
      vertex 36.5925 14.0584 1.6000
    endloop
  endfacet
  facet normal 0.365336 0.930876 0.000000
    outer loop
      vertex 36.2669 14.1870 0.8000
      vertex 35.9410 14.3149 0.8000
      vertex 35.9410 14.3149 1.6000
    endloop
  endfacet
  facet normal 0.365336 0.930876 -0.000000
    outer loop
      vertex 36.2669 14.1870 0.8000
      vertex 35.9410 14.3149 1.6000
      vertex 36.2669 14.1870 1.6000
    endloop
  endfacet
  facet normal 0.338217 0.941068 0.000000
    outer loop
      vertex 35.9410 14.3149 0.8000
      vertex 35.6115 14.4334 0.8000
      vertex 35.6115 14.4334 1.6000
    endloop
  endfacet
  facet normal 0.338217 0.941068 -0.000000
    outer loop
      vertex 35.9410 14.3149 0.8000
      vertex 35.6115 14.4334 1.6000
      vertex 35.9410 14.3149 1.6000
    endloop
  endfacet
  facet normal 0.338217 0.941068 0.000000
    outer loop
      vertex 35.6115 14.4334 0.8000
      vertex 35.2820 14.5518 0.8000
      vertex 35.2820 14.5518 1.6000
    endloop
  endfacet
  facet normal 0.338217 0.941068 -0.000000
    outer loop
      vertex 35.6115 14.4334 0.8000
      vertex 35.2820 14.5518 1.6000
      vertex 35.6115 14.4334 1.6000
    endloop
  endfacet
  facet normal 0.336328 0.941745 0.000000
    outer loop
      vertex 35.2820 14.5518 0.8000
      vertex 34.9523 14.6695 0.8000
      vertex 34.9523 14.6695 1.6000
    endloop
  endfacet
  facet normal 0.336328 0.941745 -0.000000
    outer loop
      vertex 35.2820 14.5518 0.8000
      vertex 34.9523 14.6695 1.6000
      vertex 35.2820 14.5518 1.6000
    endloop
  endfacet
  facet normal -0.028093 0.999605 0.000000
    outer loop
      vertex 34.9523 14.6695 0.8000
      vertex 34.6096 14.6599 0.8000
      vertex 34.6096 14.6599 1.6000
    endloop
  endfacet
  facet normal -0.028093 0.999605 0.000000
    outer loop
      vertex 34.9523 14.6695 0.8000
      vertex 34.6096 14.6599 1.6000
      vertex 34.9523 14.6695 1.6000
    endloop
  endfacet
  facet normal -0.564236 0.825614 0.000000
    outer loop
      vertex 34.6096 14.6599 0.8000
      vertex 34.3216 14.4631 0.8000
      vertex 34.3216 14.4631 1.6000
    endloop
  endfacet
  facet normal -0.564236 0.825614 0.000000
    outer loop
      vertex 34.6096 14.6599 0.8000
      vertex 34.3216 14.4631 1.6000
      vertex 34.6096 14.6599 1.6000
    endloop
  endfacet
  facet normal -0.658969 0.752170 0.000000
    outer loop
      vertex 34.3216 14.4631 0.8000
      vertex 34.0593 14.2333 0.8000
      vertex 34.0593 14.2333 1.6000
    endloop
  endfacet
  facet normal -0.658969 0.752170 0.000000
    outer loop
      vertex 34.3216 14.4631 0.8000
      vertex 34.0593 14.2333 1.6000
      vertex 34.3216 14.4631 1.6000
    endloop
  endfacet
  facet normal -0.944994 0.327087 0.000000
    outer loop
      vertex 34.0593 14.2333 0.8000
      vertex 33.9458 13.9054 0.8000
      vertex 33.9458 13.9054 1.6000
    endloop
  endfacet
  facet normal -0.944994 0.327087 0.000000
    outer loop
      vertex 34.0593 14.2333 0.8000
      vertex 33.9458 13.9054 1.6000
      vertex 34.0593 14.2333 1.6000
    endloop
  endfacet
  facet normal -0.976916 0.213622 0.000000
    outer loop
      vertex 33.9458 13.9054 0.8000
      vertex 33.8710 13.5633 0.8000
      vertex 33.8710 13.5633 1.6000
    endloop
  endfacet
  facet normal -0.976916 0.213622 0.000000
    outer loop
      vertex 33.9458 13.9054 0.8000
      vertex 33.8710 13.5633 1.6000
      vertex 33.9458 13.9054 1.6000
    endloop
  endfacet
  facet normal -0.976916 0.213622 0.000000
    outer loop
      vertex 33.8710 13.5633 0.8000
      vertex 33.7962 13.2213 0.8000
      vertex 33.7962 13.2213 1.6000
    endloop
  endfacet
  facet normal -0.976916 0.213622 0.000000
    outer loop
      vertex 33.8710 13.5633 0.8000
      vertex 33.7962 13.2213 1.6000
      vertex 33.8710 13.5633 1.6000
    endloop
  endfacet
  facet normal -0.978649 0.205537 0.000000
    outer loop
      vertex 33.7962 13.2213 0.8000
      vertex 33.7242 12.8787 0.8000
      vertex 33.7242 12.8787 1.6000
    endloop
  endfacet
  facet normal -0.978649 0.205537 0.000000
    outer loop
      vertex 33.7962 13.2213 0.8000
      vertex 33.7242 12.8787 1.6000
      vertex 33.7962 13.2213 1.6000
    endloop
  endfacet
  facet normal -0.999966 -0.008253 0.000000
    outer loop
      vertex 33.7242 12.8787 0.8000
      vertex 33.7271 12.5288 0.8000
      vertex 33.7271 12.5288 1.6000
    endloop
  endfacet
  facet normal -0.999966 -0.008253 0.000000
    outer loop
      vertex 33.7242 12.8787 0.8000
      vertex 33.7271 12.5288 1.6000
      vertex 33.7242 12.8787 1.6000
    endloop
  endfacet
  facet normal -0.999702 -0.024405 0.000000
    outer loop
      vertex 33.7271 12.5288 0.8000
      vertex 33.7357 12.1788 0.8000
      vertex 33.7357 12.1788 1.6000
    endloop
  endfacet
  facet normal -0.999702 -0.024405 0.000000
    outer loop
      vertex 33.7271 12.5288 0.8000
      vertex 33.7357 12.1788 1.6000
      vertex 33.7271 12.5288 1.6000
    endloop
  endfacet
  facet normal -0.999702 -0.024405 0.000000
    outer loop
      vertex 33.7357 12.1788 0.8000
      vertex 33.7442 11.8287 0.8000
      vertex 33.7442 11.8287 1.6000
    endloop
  endfacet
  facet normal -0.999702 -0.024405 0.000000
    outer loop
      vertex 33.7357 12.1788 0.8000
      vertex 33.7442 11.8287 1.6000
      vertex 33.7357 12.1788 1.6000
    endloop
  endfacet
  facet normal -0.999702 -0.024405 0.000000
    outer loop
      vertex 33.7442 11.8287 0.8000
      vertex 33.7528 11.4787 0.8000
      vertex 33.7528 11.4787 1.6000
    endloop
  endfacet
  facet normal -0.999702 -0.024405 0.000000
    outer loop
      vertex 33.7442 11.8287 0.8000
      vertex 33.7528 11.4787 1.6000
      vertex 33.7442 11.8287 1.6000
    endloop
  endfacet
  facet normal -0.999702 -0.024405 0.000000
    outer loop
      vertex 33.7528 11.4787 0.8000
      vertex 33.7613 11.1287 0.8000
      vertex 33.7613 11.1287 1.6000
    endloop
  endfacet
  facet normal -0.999702 -0.024405 0.000000
    outer loop
      vertex 33.7528 11.4787 0.8000
      vertex 33.7613 11.1287 1.6000
      vertex 33.7528 11.4787 1.6000
    endloop
  endfacet
  facet normal -0.998225 -0.059550 0.000000
    outer loop
      vertex 33.7613 11.1287 0.8000
      vertex 33.7821 10.7795 0.8000
      vertex 33.7821 10.7795 1.6000
    endloop
  endfacet
  facet normal -0.998225 -0.059550 0.000000
    outer loop
      vertex 33.7613 11.1287 0.8000
      vertex 33.7821 10.7795 1.6000
      vertex 33.7613 11.1287 1.6000
    endloop
  endfacet
  facet normal -0.991433 -0.130613 0.000000
    outer loop
      vertex 33.7821 10.7795 0.8000
      vertex 33.8279 10.4324 0.8000
      vertex 33.8279 10.4324 1.6000
    endloop
  endfacet
  facet normal -0.991433 -0.130613 0.000000
    outer loop
      vertex 33.7821 10.7795 0.8000
      vertex 33.8279 10.4324 1.6000
      vertex 33.7821 10.7795 1.6000
    endloop
  endfacet
  facet normal -0.991433 -0.130613 0.000000
    outer loop
      vertex 33.8279 10.4324 0.8000
      vertex 33.8736 10.0853 0.8000
      vertex 33.8736 10.0853 1.6000
    endloop
  endfacet
  facet normal -0.991433 -0.130613 0.000000
    outer loop
      vertex 33.8279 10.4324 0.8000
      vertex 33.8736 10.0853 1.6000
      vertex 33.8279 10.4324 1.6000
    endloop
  endfacet
  facet normal -0.991433 -0.130613 0.000000
    outer loop
      vertex 33.8736 10.0853 0.8000
      vertex 33.9193 9.7381 0.8000
      vertex 33.9193 9.7381 1.6000
    endloop
  endfacet
  facet normal -0.991433 -0.130613 0.000000
    outer loop
      vertex 33.8736 10.0853 0.8000
      vertex 33.9193 9.7381 1.6000
      vertex 33.8736 10.0853 1.6000
    endloop
  endfacet
  facet normal -0.991433 -0.130613 0.000000
    outer loop
      vertex 33.9193 9.7381 0.8000
      vertex 33.9651 9.3910 0.8000
      vertex 33.9651 9.3910 1.6000
    endloop
  endfacet
  facet normal -0.991433 -0.130613 0.000000
    outer loop
      vertex 33.9193 9.7381 0.8000
      vertex 33.9651 9.3910 1.6000
      vertex 33.9193 9.7381 1.6000
    endloop
  endfacet
  facet normal -0.991433 -0.130613 0.000000
    outer loop
      vertex 33.9651 9.3910 0.8000
      vertex 34.0108 9.0438 0.8000
      vertex 34.0108 9.0438 1.6000
    endloop
  endfacet
  facet normal -0.991433 -0.130613 0.000000
    outer loop
      vertex 33.9651 9.3910 0.8000
      vertex 34.0108 9.0438 1.6000
      vertex 33.9651 9.3910 1.6000
    endloop
  endfacet
  facet normal -0.991433 -0.130613 0.000000
    outer loop
      vertex 34.0108 9.0438 0.8000
      vertex 34.0565 8.6967 0.8000
      vertex 34.0565 8.6967 1.6000
    endloop
  endfacet
  facet normal -0.991433 -0.130613 0.000000
    outer loop
      vertex 34.0108 9.0438 0.8000
      vertex 34.0565 8.6967 1.6000
      vertex 34.0108 9.0438 1.6000
    endloop
  endfacet
  facet normal -0.985971 -0.166919 0.000000
    outer loop
      vertex 34.0565 8.6967 0.8000
      vertex 34.1150 8.3516 0.8000
      vertex 34.1150 8.3516 1.6000
    endloop
  endfacet
  facet normal -0.985971 -0.166919 0.000000
    outer loop
      vertex 34.0565 8.6967 0.8000
      vertex 34.1150 8.3516 1.6000
      vertex 34.0565 8.6967 1.6000
    endloop
  endfacet
  facet normal -0.982027 -0.188740 0.000000
    outer loop
      vertex 34.1150 8.3516 0.8000
      vertex 34.1810 8.0078 0.8000
      vertex 34.1810 8.0078 1.6000
    endloop
  endfacet
  facet normal -0.982027 -0.188740 0.000000
    outer loop
      vertex 34.1150 8.3516 0.8000
      vertex 34.1810 8.0078 1.6000
      vertex 34.1150 8.3516 1.6000
    endloop
  endfacet
  facet normal -0.982027 -0.188740 0.000000
    outer loop
      vertex 34.1810 8.0078 0.8000
      vertex 34.2471 7.6639 0.8000
      vertex 34.2471 7.6639 1.6000
    endloop
  endfacet
  facet normal -0.982027 -0.188740 0.000000
    outer loop
      vertex 34.1810 8.0078 0.8000
      vertex 34.2471 7.6639 1.6000
      vertex 34.1810 8.0078 1.6000
    endloop
  endfacet
  facet normal -0.982027 -0.188740 0.000000
    outer loop
      vertex 34.2471 7.6639 0.8000
      vertex 34.3132 7.3201 0.8000
      vertex 34.3132 7.3201 1.6000
    endloop
  endfacet
  facet normal -0.982027 -0.188740 0.000000
    outer loop
      vertex 34.2471 7.6639 0.8000
      vertex 34.3132 7.3201 1.6000
      vertex 34.2471 7.6639 1.6000
    endloop
  endfacet
  facet normal -0.982027 -0.188740 0.000000
    outer loop
      vertex 34.3132 7.3201 0.8000
      vertex 34.3793 6.9762 0.8000
      vertex 34.3793 6.9762 1.6000
    endloop
  endfacet
  facet normal -0.982027 -0.188740 0.000000
    outer loop
      vertex 34.3132 7.3201 0.8000
      vertex 34.3793 6.9762 1.6000
      vertex 34.3132 7.3201 1.6000
    endloop
  endfacet
  facet normal -0.982027 -0.188740 0.000000
    outer loop
      vertex 34.3793 6.9762 0.8000
      vertex 34.4454 6.6324 0.8000
      vertex 34.4454 6.6324 1.6000
    endloop
  endfacet
  facet normal -0.982027 -0.188740 0.000000
    outer loop
      vertex 34.3793 6.9762 0.8000
      vertex 34.4454 6.6324 1.6000
      vertex 34.3793 6.9762 1.6000
    endloop
  endfacet
  facet normal -0.982027 -0.188740 0.000000
    outer loop
      vertex 34.4454 6.6324 0.8000
      vertex 34.5115 6.2886 0.8000
      vertex 34.5115 6.2886 1.6000
    endloop
  endfacet
  facet normal -0.982027 -0.188740 0.000000
    outer loop
      vertex 34.4454 6.6324 0.8000
      vertex 34.5115 6.2886 1.6000
      vertex 34.4454 6.6324 1.6000
    endloop
  endfacet
  facet normal -0.978142 -0.207938 0.000000
    outer loop
      vertex 34.5115 6.2886 0.8000
      vertex 34.5843 5.9461 0.8000
      vertex 34.5843 5.9461 1.6000
    endloop
  endfacet
  facet normal -0.978142 -0.207938 0.000000
    outer loop
      vertex 34.5115 6.2886 0.8000
      vertex 34.5843 5.9461 1.6000
      vertex 34.5115 6.2886 1.6000
    endloop
  endfacet
  facet normal -0.974353 -0.225026 0.000000
    outer loop
      vertex 34.5843 5.9461 0.8000
      vertex 34.6630 5.6050 0.8000
      vertex 34.6630 5.6050 1.6000
    endloop
  endfacet
  facet normal -0.974353 -0.225026 0.000000
    outer loop
      vertex 34.5843 5.9461 0.8000
      vertex 34.6630 5.6050 1.6000
      vertex 34.5843 5.9461 1.6000
    endloop
  endfacet
  facet normal -0.974353 -0.225026 0.000000
    outer loop
      vertex 34.6630 5.6050 0.8000
      vertex 34.7418 5.2638 0.8000
      vertex 34.7418 5.2638 1.6000
    endloop
  endfacet
  facet normal -0.974353 -0.225026 0.000000
    outer loop
      vertex 34.6630 5.6050 0.8000
      vertex 34.7418 5.2638 1.6000
      vertex 34.6630 5.6050 1.6000
    endloop
  endfacet
  facet normal -0.974353 -0.225026 0.000000
    outer loop
      vertex 34.7418 5.2638 0.8000
      vertex 34.8206 4.9227 0.8000
      vertex 34.8206 4.9227 1.6000
    endloop
  endfacet
  facet normal -0.974353 -0.225026 0.000000
    outer loop
      vertex 34.7418 5.2638 0.8000
      vertex 34.8206 4.9227 1.6000
      vertex 34.7418 5.2638 1.6000
    endloop
  endfacet
  facet normal -0.974353 -0.225026 0.000000
    outer loop
      vertex 34.8206 4.9227 0.8000
      vertex 34.8994 4.5815 0.8000
      vertex 34.8994 4.5815 1.6000
    endloop
  endfacet
  facet normal -0.974353 -0.225026 0.000000
    outer loop
      vertex 34.8206 4.9227 0.8000
      vertex 34.8994 4.5815 1.6000
      vertex 34.8206 4.9227 1.6000
    endloop
  endfacet
  facet normal -0.974353 -0.225026 0.000000
    outer loop
      vertex 34.8994 4.5815 0.8000
      vertex 34.9782 4.2404 0.8000
      vertex 34.9782 4.2404 1.6000
    endloop
  endfacet
  facet normal -0.974353 -0.225026 0.000000
    outer loop
      vertex 34.8994 4.5815 0.8000
      vertex 34.9782 4.2404 1.6000
      vertex 34.8994 4.5815 1.6000
    endloop
  endfacet
  facet normal -0.974353 -0.225026 0.000000
    outer loop
      vertex 34.9782 4.2404 0.8000
      vertex 35.0570 3.8992 0.8000
      vertex 35.0570 3.8992 1.6000
    endloop
  endfacet
  facet normal -0.974353 -0.225026 0.000000
    outer loop
      vertex 34.9782 4.2404 0.8000
      vertex 35.0570 3.8992 1.6000
      vertex 34.9782 4.2404 1.6000
    endloop
  endfacet
  facet normal -0.969880 -0.243583 0.000000
    outer loop
      vertex 35.0570 3.8992 0.8000
      vertex 35.1423 3.5596 0.8000
      vertex 35.1423 3.5596 1.6000
    endloop
  endfacet
  facet normal -0.969880 -0.243583 0.000000
    outer loop
      vertex 35.0570 3.8992 0.8000
      vertex 35.1423 3.5596 1.6000
      vertex 35.0570 3.8992 1.6000
    endloop
  endfacet
  facet normal -0.968326 -0.249689 0.000000
    outer loop
      vertex 35.1423 3.5596 0.8000
      vertex 35.2297 3.2206 0.8000
      vertex 35.2297 3.2206 1.6000
    endloop
  endfacet
  facet normal -0.968326 -0.249689 0.000000
    outer loop
      vertex 35.1423 3.5596 0.8000
      vertex 35.2297 3.2206 1.6000
      vertex 35.1423 3.5596 1.6000
    endloop
  endfacet
  facet normal -0.968326 -0.249689 0.000000
    outer loop
      vertex 35.2297 3.2206 0.8000
      vertex 35.3171 2.8815 0.8000
      vertex 35.3171 2.8815 1.6000
    endloop
  endfacet
  facet normal -0.968326 -0.249689 0.000000
    outer loop
      vertex 35.2297 3.2206 0.8000
      vertex 35.3171 2.8815 1.6000
      vertex 35.2297 3.2206 1.6000
    endloop
  endfacet
  facet normal -0.968326 -0.249689 0.000000
    outer loop
      vertex 35.3171 2.8815 0.8000
      vertex 35.4046 2.5425 0.8000
      vertex 35.4046 2.5425 1.6000
    endloop
  endfacet
  facet normal -0.968326 -0.249689 0.000000
    outer loop
      vertex 35.3171 2.8815 0.8000
      vertex 35.4046 2.5425 1.6000
      vertex 35.3171 2.8815 1.6000
    endloop
  endfacet
  facet normal -0.968326 -0.249689 0.000000
    outer loop
      vertex 35.4046 2.5425 0.8000
      vertex 35.4920 2.2035 0.8000
      vertex 35.4920 2.2035 1.6000
    endloop
  endfacet
  facet normal -0.968326 -0.249689 0.000000
    outer loop
      vertex 35.4046 2.5425 0.8000
      vertex 35.4920 2.2035 1.6000
      vertex 35.4046 2.5425 1.6000
    endloop
  endfacet
  facet normal -0.968264 -0.249932 0.000000
    outer loop
      vertex 35.4920 2.2035 0.8000
      vertex 35.5795 1.8644 0.8000
      vertex 35.5795 1.8644 1.6000
    endloop
  endfacet
  facet normal -0.968264 -0.249932 0.000000
    outer loop
      vertex 35.4920 2.2035 0.8000
      vertex 35.5795 1.8644 1.6000
      vertex 35.4920 2.2035 1.6000
    endloop
  endfacet
  facet normal -0.963592 -0.267377 0.000000
    outer loop
      vertex 35.5795 1.8644 0.8000
      vertex 35.6731 1.5270 0.8000
      vertex 35.6731 1.5270 1.6000
    endloop
  endfacet
  facet normal -0.963592 -0.267377 0.000000
    outer loop
      vertex 35.5795 1.8644 0.8000
      vertex 35.6731 1.5270 1.6000
      vertex 35.5795 1.8644 1.6000
    endloop
  endfacet
  facet normal -0.963592 -0.267377 0.000000
    outer loop
      vertex 35.6731 1.5270 0.8000
      vertex 35.7667 1.1897 0.8000
      vertex 35.7667 1.1897 1.6000
    endloop
  endfacet
  facet normal -0.963592 -0.267377 0.000000
    outer loop
      vertex 35.6731 1.5270 0.8000
      vertex 35.7667 1.1897 1.6000
      vertex 35.6731 1.5270 1.6000
    endloop
  endfacet
  facet normal -0.963592 -0.267377 0.000000
    outer loop
      vertex 35.7667 1.1897 0.8000
      vertex 35.8603 0.8523 0.8000
      vertex 35.8603 0.8523 1.6000
    endloop
  endfacet
  facet normal -0.963592 -0.267377 0.000000
    outer loop
      vertex 35.7667 1.1897 0.8000
      vertex 35.8603 0.8523 1.6000
      vertex 35.7667 1.1897 1.6000
    endloop
  endfacet
  facet normal -0.963461 -0.267850 0.000000
    outer loop
      vertex 35.8603 0.8523 0.8000
      vertex 35.9541 0.5149 0.8000
      vertex 35.9541 0.5149 1.6000
    endloop
  endfacet
  facet normal -0.963461 -0.267850 0.000000
    outer loop
      vertex 35.8603 0.8523 0.8000
      vertex 35.9541 0.5149 1.6000
      vertex 35.8603 0.8523 1.6000
    endloop
  endfacet
  facet normal -0.861986 -0.506932 0.000000
    outer loop
      vertex 35.9541 0.5149 0.8000
      vertex 36.1284 0.2186 0.8000
      vertex 36.1284 0.2186 1.6000
    endloop
  endfacet
  facet normal -0.861986 -0.506932 0.000000
    outer loop
      vertex 35.9541 0.5149 0.8000
      vertex 36.1284 0.2186 1.6000
      vertex 35.9541 0.5149 1.6000
    endloop
  endfacet
  facet normal -0.345876 -0.938280 0.000000
    outer loop
      vertex 36.1284 0.2186 0.8000
      vertex 36.4501 0.1000 0.8000
      vertex 36.4501 0.1000 1.6000
    endloop
  endfacet
  facet normal -0.345876 -0.938280 0.000000
    outer loop
      vertex 36.1284 0.2186 0.8000
      vertex 36.4501 0.1000 1.6000
      vertex 36.1284 0.2186 1.6000
    endloop
  endfacet
  facet normal 0.000000 -1.000000 0.000000
    outer loop
      vertex 36.4501 0.1000 0.8000
      vertex 36.8003 0.1000 0.8000
      vertex 36.8003 0.1000 1.6000
    endloop
  endfacet
  facet normal 0.000000 -1.000000 0.000000
    outer loop
      vertex 36.4501 0.1000 0.8000
      vertex 36.8003 0.1000 1.6000
      vertex 36.4501 0.1000 1.6000
    endloop
  endfacet
  facet normal 0.000000 -0.954480 0.298275
    outer loop
      vertex 36.8003 0.1000 1.6000
      vertex 37.1504 0.1000 1.6000
      vertex 37.1518 0.3500 2.4000
    endloop
  endfacet
  facet normal 0.000000 -0.954480 0.298275
    outer loop
      vertex 36.8003 0.1000 1.6000
      vertex 37.1518 0.3500 2.4000
      vertex 36.8050 0.3500 2.4000
    endloop
  endfacet
  facet normal 0.000000 -0.954480 0.298275
    outer loop
      vertex 37.1504 0.1000 1.6000
      vertex 37.5005 0.1000 1.6000
      vertex 37.4986 0.3500 2.4000
    endloop
  endfacet
  facet normal 0.000000 -0.954480 0.298275
    outer loop
      vertex 37.1504 0.1000 1.6000
      vertex 37.4986 0.3500 2.4000
      vertex 37.1518 0.3500 2.4000
    endloop
  endfacet
  facet normal 0.000000 -0.954480 0.298275
    outer loop
      vertex 37.5005 0.1000 1.6000
      vertex 37.8507 0.1000 1.6000
      vertex 37.8454 0.3500 2.4000
    endloop
  endfacet
  facet normal 0.000000 -0.954480 0.298275
    outer loop
      vertex 37.5005 0.1000 1.6000
      vertex 37.8454 0.3500 2.4000
      vertex 37.4986 0.3500 2.4000
    endloop
  endfacet
  facet normal 0.000000 -0.954480 0.298275
    outer loop
      vertex 37.8507 0.1000 1.6000
      vertex 38.2008 0.1000 1.6000
      vertex 38.1923 0.3500 2.4000
    endloop
  endfacet
  facet normal 0.000000 -0.954480 0.298275
    outer loop
      vertex 37.8507 0.1000 1.6000
      vertex 38.1923 0.3500 2.4000
      vertex 37.8454 0.3500 2.4000
    endloop
  endfacet
  facet normal 0.000000 -0.954480 0.298275
    outer loop
      vertex 38.2008 0.1000 1.6000
      vertex 38.5509 0.1000 1.6000
      vertex 38.5391 0.3500 2.4000
    endloop
  endfacet
  facet normal 0.000000 -0.954480 0.298275
    outer loop
      vertex 38.2008 0.1000 1.6000
      vertex 38.5391 0.3500 2.4000
      vertex 38.1923 0.3500 2.4000
    endloop
  endfacet
  facet normal 0.000000 -0.954480 0.298275
    outer loop
      vertex 38.5509 0.1000 1.6000
      vertex 38.9011 0.1000 1.6000
      vertex 38.8859 0.3500 2.4000
    endloop
  endfacet
  facet normal 0.000000 -0.954480 0.298275
    outer loop
      vertex 38.5509 0.1000 1.6000
      vertex 38.8859 0.3500 2.4000
      vertex 38.5391 0.3500 2.4000
    endloop
  endfacet
  facet normal 0.000000 -0.954480 0.298275
    outer loop
      vertex 38.9011 0.1000 1.6000
      vertex 39.2512 0.1000 1.6000
      vertex 39.2327 0.3500 2.4000
    endloop
  endfacet
  facet normal 0.000000 -0.954480 0.298275
    outer loop
      vertex 38.9011 0.1000 1.6000
      vertex 39.2327 0.3500 2.4000
      vertex 38.8859 0.3500 2.4000
    endloop
  endfacet
  facet normal 0.000000 -0.954480 0.298275
    outer loop
      vertex 39.2512 0.1000 1.6000
      vertex 39.6013 0.1000 1.6000
      vertex 39.5795 0.3500 2.4000
    endloop
  endfacet
  facet normal 0.000000 -0.954480 0.298275
    outer loop
      vertex 39.2512 0.1000 1.6000
      vertex 39.5795 0.3500 2.4000
      vertex 39.2327 0.3500 2.4000
    endloop
  endfacet
  facet normal 0.000000 -0.954480 0.298275
    outer loop
      vertex 39.6013 0.1000 1.6000
      vertex 39.9515 0.1000 1.6000
      vertex 39.9264 0.3500 2.4000
    endloop
  endfacet
  facet normal 0.000000 -0.954480 0.298275
    outer loop
      vertex 39.6013 0.1000 1.6000
      vertex 39.9264 0.3500 2.4000
      vertex 39.5795 0.3500 2.4000
    endloop
  endfacet
  facet normal 0.000000 -0.954480 0.298275
    outer loop
      vertex 39.9515 0.1000 1.6000
      vertex 40.3016 0.1000 1.6000
      vertex 40.2732 0.3500 2.4000
    endloop
  endfacet
  facet normal 0.000000 -0.954480 0.298275
    outer loop
      vertex 39.9515 0.1000 1.6000
      vertex 40.2732 0.3500 2.4000
      vertex 39.9264 0.3500 2.4000
    endloop
  endfacet
  facet normal 0.000000 -0.954480 0.298275
    outer loop
      vertex 40.3016 0.1000 1.6000
      vertex 40.6518 0.1000 1.6000
      vertex 40.6200 0.3500 2.4000
    endloop
  endfacet
  facet normal 0.000000 -0.954480 0.298275
    outer loop
      vertex 40.3016 0.1000 1.6000
      vertex 40.6200 0.3500 2.4000
      vertex 40.2732 0.3500 2.4000
    endloop
  endfacet
  facet normal 0.000000 -0.954480 0.298275
    outer loop
      vertex 40.6518 0.1000 1.6000
      vertex 41.0019 0.1000 1.6000
      vertex 40.9668 0.3500 2.4000
    endloop
  endfacet
  facet normal 0.000000 -0.954480 0.298275
    outer loop
      vertex 40.6518 0.1000 1.6000
      vertex 40.9668 0.3500 2.4000
      vertex 40.6200 0.3500 2.4000
    endloop
  endfacet
  facet normal 0.000000 -0.954480 0.298275
    outer loop
      vertex 41.0019 0.1000 1.6000
      vertex 41.3520 0.1000 1.6000
      vertex 41.3136 0.3500 2.4000
    endloop
  endfacet
  facet normal 0.000000 -0.954480 0.298275
    outer loop
      vertex 41.0019 0.1000 1.6000
      vertex 41.3136 0.3500 2.4000
      vertex 40.9668 0.3500 2.4000
    endloop
  endfacet
  facet normal 0.000000 -0.954480 0.298275
    outer loop
      vertex 41.3520 0.1000 1.6000
      vertex 41.7022 0.1000 1.6000
      vertex 41.6604 0.3500 2.4000
    endloop
  endfacet
  facet normal 0.000000 -0.954480 0.298275
    outer loop
      vertex 41.3520 0.1000 1.6000
      vertex 41.6604 0.3500 2.4000
      vertex 41.3136 0.3500 2.4000
    endloop
  endfacet
  facet normal 0.000000 -0.954480 0.298275
    outer loop
      vertex 41.7022 0.1000 1.6000
      vertex 42.0523 0.1000 1.6000
      vertex 42.0073 0.3500 2.4000
    endloop
  endfacet
  facet normal 0.000000 -0.954480 0.298275
    outer loop
      vertex 41.7022 0.1000 1.6000
      vertex 42.0073 0.3500 2.4000
      vertex 41.6604 0.3500 2.4000
    endloop
  endfacet
  facet normal 0.000000 -0.954480 0.298275
    outer loop
      vertex 42.0523 0.1000 1.6000
      vertex 42.4024 0.1000 1.6000
      vertex 42.3541 0.3500 2.4000
    endloop
  endfacet
  facet normal 0.000000 -0.954480 0.298275
    outer loop
      vertex 42.0523 0.1000 1.6000
      vertex 42.3541 0.3500 2.4000
      vertex 42.0073 0.3500 2.4000
    endloop
  endfacet
  facet normal 0.000000 -0.954480 0.298275
    outer loop
      vertex 42.4024 0.1000 1.6000
      vertex 42.7526 0.1000 1.6000
      vertex 42.7009 0.3500 2.4000
    endloop
  endfacet
  facet normal 0.000000 -0.954480 0.298275
    outer loop
      vertex 42.4024 0.1000 1.6000
      vertex 42.7009 0.3500 2.4000
      vertex 42.3541 0.3500 2.4000
    endloop
  endfacet
  facet normal 0.000000 -0.954480 0.298275
    outer loop
      vertex 42.7526 0.1000 1.6000
      vertex 43.1027 0.1000 1.6000
      vertex 43.0477 0.3500 2.4000
    endloop
  endfacet
  facet normal 0.000000 -0.954480 0.298275
    outer loop
      vertex 42.7526 0.1000 1.6000
      vertex 43.0477 0.3500 2.4000
      vertex 42.7009 0.3500 2.4000
    endloop
  endfacet
  facet normal 0.000000 -0.954480 0.298275
    outer loop
      vertex 43.1027 0.1000 1.6000
      vertex 43.4528 0.1000 1.6000
      vertex 43.3945 0.3500 2.4000
    endloop
  endfacet
  facet normal 0.000000 -0.954480 0.298275
    outer loop
      vertex 43.1027 0.1000 1.6000
      vertex 43.3945 0.3500 2.4000
      vertex 43.0477 0.3500 2.4000
    endloop
  endfacet
  facet normal 0.000000 -0.954480 0.298275
    outer loop
      vertex 43.4528 0.1000 1.6000
      vertex 43.8030 0.1000 1.6000
      vertex 43.7414 0.3500 2.4000
    endloop
  endfacet
  facet normal 0.000000 -0.954480 0.298275
    outer loop
      vertex 43.4528 0.1000 1.6000
      vertex 43.7414 0.3500 2.4000
      vertex 43.3945 0.3500 2.4000
    endloop
  endfacet
  facet normal 0.000000 -0.954480 0.298275
    outer loop
      vertex 43.8030 0.1000 1.6000
      vertex 44.1531 0.1000 1.6000
      vertex 44.0882 0.3500 2.4000
    endloop
  endfacet
  facet normal 0.000000 -0.954480 0.298275
    outer loop
      vertex 43.8030 0.1000 1.6000
      vertex 44.0882 0.3500 2.4000
      vertex 43.7414 0.3500 2.4000
    endloop
  endfacet
  facet normal 0.000000 -0.954480 0.298275
    outer loop
      vertex 44.1531 0.1000 1.6000
      vertex 44.5032 0.1000 1.6000
      vertex 44.4350 0.3500 2.4000
    endloop
  endfacet
  facet normal 0.000000 -0.954480 0.298275
    outer loop
      vertex 44.1531 0.1000 1.6000
      vertex 44.4350 0.3500 2.4000
      vertex 44.0882 0.3500 2.4000
    endloop
  endfacet
  facet normal 0.000000 -0.954480 0.298275
    outer loop
      vertex 44.5032 0.1000 1.6000
      vertex 44.8534 0.1000 1.6000
      vertex 44.7818 0.3500 2.4000
    endloop
  endfacet
  facet normal 0.000000 -0.954480 0.298275
    outer loop
      vertex 44.5032 0.1000 1.6000
      vertex 44.7818 0.3500 2.4000
      vertex 44.4350 0.3500 2.4000
    endloop
  endfacet
  facet normal 0.000000 -0.954480 0.298275
    outer loop
      vertex 44.8534 0.1000 1.6000
      vertex 45.2035 0.1000 1.6000
      vertex 45.1286 0.3500 2.4000
    endloop
  endfacet
  facet normal 0.000000 -0.954480 0.298275
    outer loop
      vertex 44.8534 0.1000 1.6000
      vertex 45.1286 0.3500 2.4000
      vertex 44.7818 0.3500 2.4000
    endloop
  endfacet
  facet normal 0.000000 -0.954480 0.298275
    outer loop
      vertex 45.2035 0.1000 1.6000
      vertex 45.5536 0.1000 1.6000
      vertex 45.4754 0.3500 2.4000
    endloop
  endfacet
  facet normal 0.000000 -0.954480 0.298275
    outer loop
      vertex 45.2035 0.1000 1.6000
      vertex 45.4754 0.3500 2.4000
      vertex 45.1286 0.3500 2.4000
    endloop
  endfacet
  facet normal 0.000000 -0.954480 0.298275
    outer loop
      vertex 45.5536 0.1000 1.6000
      vertex 45.9038 0.1000 1.6000
      vertex 45.8223 0.3500 2.4000
    endloop
  endfacet
  facet normal 0.000000 -0.954480 0.298275
    outer loop
      vertex 45.5536 0.1000 1.6000
      vertex 45.8223 0.3500 2.4000
      vertex 45.4754 0.3500 2.4000
    endloop
  endfacet
  facet normal 0.000000 -0.954480 0.298275
    outer loop
      vertex 45.9038 0.1000 1.6000
      vertex 46.2539 0.1000 1.6000
      vertex 46.1691 0.3500 2.4000
    endloop
  endfacet
  facet normal 0.000000 -0.954480 0.298275
    outer loop
      vertex 45.9038 0.1000 1.6000
      vertex 46.1691 0.3500 2.4000
      vertex 45.8223 0.3500 2.4000
    endloop
  endfacet
  facet normal 0.000000 -0.954480 0.298275
    outer loop
      vertex 46.2539 0.1000 1.6000
      vertex 46.6040 0.1000 1.6000
      vertex 46.5159 0.3500 2.4000
    endloop
  endfacet
  facet normal 0.000000 -0.954480 0.298275
    outer loop
      vertex 46.2539 0.1000 1.6000
      vertex 46.5159 0.3500 2.4000
      vertex 46.1691 0.3500 2.4000
    endloop
  endfacet
  facet normal 0.000000 -0.954480 0.298275
    outer loop
      vertex 46.6040 0.1000 1.6000
      vertex 46.9542 0.1000 1.6000
      vertex 46.8627 0.3500 2.4000
    endloop
  endfacet
  facet normal 0.000000 -0.954480 0.298275
    outer loop
      vertex 46.6040 0.1000 1.6000
      vertex 46.8627 0.3500 2.4000
      vertex 46.5159 0.3500 2.4000
    endloop
  endfacet
  facet normal 0.000000 -0.954480 0.298275
    outer loop
      vertex 46.9542 0.1000 1.6000
      vertex 47.3043 0.1000 1.6000
      vertex 47.2095 0.3500 2.4000
    endloop
  endfacet
  facet normal 0.000000 -0.954480 0.298275
    outer loop
      vertex 46.9542 0.1000 1.6000
      vertex 47.2095 0.3500 2.4000
      vertex 46.8627 0.3500 2.4000
    endloop
  endfacet
  facet normal 0.000000 -0.954480 0.298275
    outer loop
      vertex 47.3043 0.1000 1.6000
      vertex 47.6545 0.1000 1.6000
      vertex 47.5564 0.3500 2.4000
    endloop
  endfacet
  facet normal 0.000000 -0.954480 0.298275
    outer loop
      vertex 47.3043 0.1000 1.6000
      vertex 47.5564 0.3500 2.4000
      vertex 47.2095 0.3500 2.4000
    endloop
  endfacet
  facet normal 0.000000 -0.954480 0.298275
    outer loop
      vertex 47.6545 0.1000 1.6000
      vertex 48.0046 0.1000 1.6000
      vertex 47.9032 0.3500 2.4000
    endloop
  endfacet
  facet normal 0.000000 -0.954480 0.298275
    outer loop
      vertex 47.6545 0.1000 1.6000
      vertex 47.9032 0.3500 2.4000
      vertex 47.5564 0.3500 2.4000
    endloop
  endfacet
  facet normal 0.000000 -0.954480 0.298275
    outer loop
      vertex 48.0046 0.1000 1.6000
      vertex 48.3547 0.1000 1.6000
      vertex 48.2500 0.3500 2.4000
    endloop
  endfacet
  facet normal 0.000000 -0.954480 0.298275
    outer loop
      vertex 48.0046 0.1000 1.6000
      vertex 48.2500 0.3500 2.4000
      vertex 47.9032 0.3500 2.4000
    endloop
  endfacet
  facet normal 0.000000 -0.954480 0.298275
    outer loop
      vertex 48.3547 0.1000 1.6000
      vertex 48.7049 0.1000 1.6000
      vertex 48.5968 0.3500 2.4000
    endloop
  endfacet
  facet normal 0.000000 -0.954480 0.298275
    outer loop
      vertex 48.3547 0.1000 1.6000
      vertex 48.5968 0.3500 2.4000
      vertex 48.2500 0.3500 2.4000
    endloop
  endfacet
  facet normal 0.000000 -0.954480 0.298275
    outer loop
      vertex 48.7049 0.1000 1.6000
      vertex 49.0550 0.1000 1.6000
      vertex 48.9436 0.3500 2.4000
    endloop
  endfacet
  facet normal 0.000000 -0.954480 0.298275
    outer loop
      vertex 48.7049 0.1000 1.6000
      vertex 48.9436 0.3500 2.4000
      vertex 48.5968 0.3500 2.4000
    endloop
  endfacet
  facet normal 0.000000 -0.954480 0.298275
    outer loop
      vertex 49.0550 0.1000 1.6000
      vertex 49.4051 0.1000 1.6000
      vertex 49.2904 0.3500 2.4000
    endloop
  endfacet
  facet normal 0.000000 -0.954480 0.298275
    outer loop
      vertex 49.0550 0.1000 1.6000
      vertex 49.2904 0.3500 2.4000
      vertex 48.9436 0.3500 2.4000
    endloop
  endfacet
  facet normal 0.000000 -0.954480 0.298275
    outer loop
      vertex 49.4051 0.1000 1.6000
      vertex 49.7553 0.1000 1.6000
      vertex 49.6373 0.3500 2.4000
    endloop
  endfacet
  facet normal 0.000000 -0.954480 0.298275
    outer loop
      vertex 49.4051 0.1000 1.6000
      vertex 49.6373 0.3500 2.4000
      vertex 49.2904 0.3500 2.4000
    endloop
  endfacet
  facet normal 0.000000 -0.954480 0.298275
    outer loop
      vertex 49.7553 0.1000 1.6000
      vertex 50.1054 0.1000 1.6000
      vertex 49.9841 0.3500 2.4000
    endloop
  endfacet
  facet normal 0.000000 -0.954480 0.298275
    outer loop
      vertex 49.7553 0.1000 1.6000
      vertex 49.9841 0.3500 2.4000
      vertex 49.6373 0.3500 2.4000
    endloop
  endfacet
  facet normal 0.000000 -0.954480 0.298275
    outer loop
      vertex 50.1054 0.1000 1.6000
      vertex 50.4555 0.1000 1.6000
      vertex 50.3309 0.3500 2.4000
    endloop
  endfacet
  facet normal 0.000000 -0.954480 0.298275
    outer loop
      vertex 50.1054 0.1000 1.6000
      vertex 50.3309 0.3500 2.4000
      vertex 49.9841 0.3500 2.4000
    endloop
  endfacet
  facet normal 0.000000 -0.954480 0.298275
    outer loop
      vertex 50.4555 0.1000 1.6000
      vertex 50.8057 0.1000 1.6000
      vertex 50.6777 0.3500 2.4000
    endloop
  endfacet
  facet normal 0.000000 -0.954480 0.298275
    outer loop
      vertex 50.4555 0.1000 1.6000
      vertex 50.6777 0.3500 2.4000
      vertex 50.3309 0.3500 2.4000
    endloop
  endfacet
  facet normal 0.000000 -0.954480 0.298275
    outer loop
      vertex 50.8057 0.1000 1.6000
      vertex 51.1558 0.1000 1.6000
      vertex 51.0245 0.3500 2.4000
    endloop
  endfacet
  facet normal 0.000000 -0.954480 0.298275
    outer loop
      vertex 50.8057 0.1000 1.6000
      vertex 51.0245 0.3500 2.4000
      vertex 50.6777 0.3500 2.4000
    endloop
  endfacet
  facet normal 0.000000 -0.954480 0.298275
    outer loop
      vertex 51.1558 0.1000 1.6000
      vertex 51.5059 0.1000 1.6000
      vertex 51.3713 0.3500 2.4000
    endloop
  endfacet
  facet normal 0.000000 -0.954480 0.298275
    outer loop
      vertex 51.1558 0.1000 1.6000
      vertex 51.3713 0.3500 2.4000
      vertex 51.0245 0.3500 2.4000
    endloop
  endfacet
  facet normal 0.000000 -0.954480 0.298275
    outer loop
      vertex 51.5059 0.1000 1.6000
      vertex 51.8561 0.1000 1.6000
      vertex 51.7182 0.3500 2.4000
    endloop
  endfacet
  facet normal 0.000000 -0.954480 0.298275
    outer loop
      vertex 51.5059 0.1000 1.6000
      vertex 51.7182 0.3500 2.4000
      vertex 51.3713 0.3500 2.4000
    endloop
  endfacet
  facet normal 0.000000 -0.954480 0.298275
    outer loop
      vertex 51.8561 0.1000 1.6000
      vertex 52.2062 0.1000 1.6000
      vertex 52.0650 0.3500 2.4000
    endloop
  endfacet
  facet normal 0.000000 -0.954480 0.298275
    outer loop
      vertex 51.8561 0.1000 1.6000
      vertex 52.0650 0.3500 2.4000
      vertex 51.7182 0.3500 2.4000
    endloop
  endfacet
  facet normal 0.000000 -0.954480 0.298275
    outer loop
      vertex 52.2062 0.1000 1.6000
      vertex 52.5563 0.1000 1.6000
      vertex 52.4118 0.3500 2.4000
    endloop
  endfacet
  facet normal 0.000000 -0.954480 0.298275
    outer loop
      vertex 52.2062 0.1000 1.6000
      vertex 52.4118 0.3500 2.4000
      vertex 52.0650 0.3500 2.4000
    endloop
  endfacet
  facet normal 0.000000 -0.954480 0.298275
    outer loop
      vertex 52.5563 0.1000 1.6000
      vertex 52.9065 0.1000 1.6000
      vertex 52.7586 0.3500 2.4000
    endloop
  endfacet
  facet normal 0.000000 -0.954480 0.298275
    outer loop
      vertex 52.5563 0.1000 1.6000
      vertex 52.7586 0.3500 2.4000
      vertex 52.4118 0.3500 2.4000
    endloop
  endfacet
  facet normal 0.000000 -0.954480 0.298275
    outer loop
      vertex 52.9065 0.1000 1.6000
      vertex 53.2566 0.1000 1.6000
      vertex 53.1054 0.3500 2.4000
    endloop
  endfacet
  facet normal 0.000000 -0.954480 0.298275
    outer loop
      vertex 52.9065 0.1000 1.6000
      vertex 53.1054 0.3500 2.4000
      vertex 52.7586 0.3500 2.4000
    endloop
  endfacet
  facet normal 0.000000 -0.954480 0.298275
    outer loop
      vertex 53.2566 0.1000 1.6000
      vertex 53.6067 0.1000 1.6000
      vertex 53.4523 0.3500 2.4000
    endloop
  endfacet
  facet normal 0.000000 -0.954480 0.298275
    outer loop
      vertex 53.2566 0.1000 1.6000
      vertex 53.4523 0.3500 2.4000
      vertex 53.1054 0.3500 2.4000
    endloop
  endfacet
  facet normal 0.000000 -0.954480 0.298275
    outer loop
      vertex 53.6067 0.1000 1.6000
      vertex 53.9569 0.1000 1.6000
      vertex 53.7991 0.3500 2.4000
    endloop
  endfacet
  facet normal 0.000000 -0.954480 0.298275
    outer loop
      vertex 53.6067 0.1000 1.6000
      vertex 53.7991 0.3500 2.4000
      vertex 53.4523 0.3500 2.4000
    endloop
  endfacet
  facet normal 0.000000 -0.954480 0.298275
    outer loop
      vertex 53.9569 0.1000 1.6000
      vertex 54.3070 0.1000 1.6000
      vertex 54.1459 0.3500 2.4000
    endloop
  endfacet
  facet normal 0.000000 -0.954480 0.298275
    outer loop
      vertex 53.9569 0.1000 1.6000
      vertex 54.1459 0.3500 2.4000
      vertex 53.7991 0.3500 2.4000
    endloop
  endfacet
  facet normal 0.000000 -0.954480 0.298275
    outer loop
      vertex 54.3070 0.1000 1.6000
      vertex 54.6572 0.1000 1.6000
      vertex 54.4927 0.3500 2.4000
    endloop
  endfacet
  facet normal 0.000000 -0.954480 0.298275
    outer loop
      vertex 54.3070 0.1000 1.6000
      vertex 54.4927 0.3500 2.4000
      vertex 54.1459 0.3500 2.4000
    endloop
  endfacet
  facet normal 0.000000 -0.954480 0.298275
    outer loop
      vertex 54.6572 0.1000 1.6000
      vertex 55.0073 0.1000 1.6000
      vertex 54.8395 0.3500 2.4000
    endloop
  endfacet
  facet normal 0.000000 -0.954480 0.298275
    outer loop
      vertex 54.6572 0.1000 1.6000
      vertex 54.8395 0.3500 2.4000
      vertex 54.4927 0.3500 2.4000
    endloop
  endfacet
  facet normal 0.000000 -0.954480 0.298275
    outer loop
      vertex 55.0073 0.1000 1.6000
      vertex 55.3574 0.1000 1.6000
      vertex 55.1863 0.3500 2.4000
    endloop
  endfacet
  facet normal 0.000000 -0.954480 0.298275
    outer loop
      vertex 55.0073 0.1000 1.6000
      vertex 55.1863 0.3500 2.4000
      vertex 54.8395 0.3500 2.4000
    endloop
  endfacet
  facet normal 0.000000 -0.954480 0.298275
    outer loop
      vertex 55.3574 0.1000 1.6000
      vertex 55.7076 0.1000 1.6000
      vertex 55.5332 0.3500 2.4000
    endloop
  endfacet
  facet normal 0.000000 -0.954480 0.298275
    outer loop
      vertex 55.3574 0.1000 1.6000
      vertex 55.5332 0.3500 2.4000
      vertex 55.1863 0.3500 2.4000
    endloop
  endfacet
  facet normal 0.000000 -0.954480 0.298275
    outer loop
      vertex 55.7076 0.1000 1.6000
      vertex 56.0577 0.1000 1.6000
      vertex 55.8800 0.3500 2.4000
    endloop
  endfacet
  facet normal 0.000000 -0.954480 0.298275
    outer loop
      vertex 55.7076 0.1000 1.6000
      vertex 55.8800 0.3500 2.4000
      vertex 55.5332 0.3500 2.4000
    endloop
  endfacet
  facet normal 0.000000 -0.954480 0.298275
    outer loop
      vertex 56.0577 0.1000 1.6000
      vertex 56.4078 0.1000 1.6000
      vertex 56.2268 0.3500 2.4000
    endloop
  endfacet
  facet normal 0.000000 -0.954480 0.298275
    outer loop
      vertex 56.0577 0.1000 1.6000
      vertex 56.2268 0.3500 2.4000
      vertex 55.8800 0.3500 2.4000
    endloop
  endfacet
  facet normal 0.000000 -0.954480 0.298275
    outer loop
      vertex 56.4078 0.1000 1.6000
      vertex 56.7580 0.1000 1.6000
      vertex 56.5736 0.3500 2.4000
    endloop
  endfacet
  facet normal 0.000000 -0.954480 0.298275
    outer loop
      vertex 56.4078 0.1000 1.6000
      vertex 56.5736 0.3500 2.4000
      vertex 56.2268 0.3500 2.4000
    endloop
  endfacet
  facet normal 0.000000 -0.954480 0.298275
    outer loop
      vertex 56.7580 0.1000 1.6000
      vertex 57.1081 0.1000 1.6000
      vertex 56.9204 0.3500 2.4000
    endloop
  endfacet
  facet normal 0.000000 -0.954480 0.298275
    outer loop
      vertex 56.7580 0.1000 1.6000
      vertex 56.9204 0.3500 2.4000
      vertex 56.5736 0.3500 2.4000
    endloop
  endfacet
  facet normal 0.000000 -0.954480 0.298275
    outer loop
      vertex 57.1081 0.1000 1.6000
      vertex 57.4582 0.1000 1.6000
      vertex 57.2673 0.3500 2.4000
    endloop
  endfacet
  facet normal 0.000000 -0.954480 0.298275
    outer loop
      vertex 57.1081 0.1000 1.6000
      vertex 57.2673 0.3500 2.4000
      vertex 56.9204 0.3500 2.4000
    endloop
  endfacet
  facet normal 0.000000 -0.954480 0.298275
    outer loop
      vertex 57.4582 0.1000 1.6000
      vertex 57.8084 0.1000 1.6000
      vertex 57.6141 0.3500 2.4000
    endloop
  endfacet
  facet normal 0.000000 -0.954480 0.298275
    outer loop
      vertex 57.4582 0.1000 1.6000
      vertex 57.6141 0.3500 2.4000
      vertex 57.2673 0.3500 2.4000
    endloop
  endfacet
  facet normal 0.000000 -0.954480 0.298275
    outer loop
      vertex 57.8084 0.1000 1.6000
      vertex 58.1585 0.1000 1.6000
      vertex 57.9609 0.3500 2.4000
    endloop
  endfacet
  facet normal 0.000000 -0.954480 0.298275
    outer loop
      vertex 57.8084 0.1000 1.6000
      vertex 57.9609 0.3500 2.4000
      vertex 57.6141 0.3500 2.4000
    endloop
  endfacet
  facet normal 0.000000 -0.954480 0.298275
    outer loop
      vertex 58.1585 0.1000 1.6000
      vertex 58.5086 0.1000 1.6000
      vertex 58.3077 0.3500 2.4000
    endloop
  endfacet
  facet normal 0.000000 -0.954480 0.298275
    outer loop
      vertex 58.1585 0.1000 1.6000
      vertex 58.3077 0.3500 2.4000
      vertex 57.9609 0.3500 2.4000
    endloop
  endfacet
  facet normal 0.000000 -0.954480 0.298275
    outer loop
      vertex 58.5086 0.1000 1.6000
      vertex 58.8588 0.1000 1.6000
      vertex 58.6545 0.3500 2.4000
    endloop
  endfacet
  facet normal 0.000000 -0.954480 0.298275
    outer loop
      vertex 58.5086 0.1000 1.6000
      vertex 58.6545 0.3500 2.4000
      vertex 58.3077 0.3500 2.4000
    endloop
  endfacet
  facet normal 0.000000 -0.954480 0.298275
    outer loop
      vertex 58.8588 0.1000 1.6000
      vertex 59.2089 0.1000 1.6000
      vertex 59.0013 0.3500 2.4000
    endloop
  endfacet
  facet normal 0.000000 -0.954480 0.298275
    outer loop
      vertex 58.8588 0.1000 1.6000
      vertex 59.0013 0.3500 2.4000
      vertex 58.6545 0.3500 2.4000
    endloop
  endfacet
  facet normal 0.000000 -0.954480 0.298275
    outer loop
      vertex 59.2089 0.1000 1.6000
      vertex 59.5590 0.1000 1.6000
      vertex 59.3482 0.3500 2.4000
    endloop
  endfacet
  facet normal 0.000000 -0.954480 0.298275
    outer loop
      vertex 59.2089 0.1000 1.6000
      vertex 59.3482 0.3500 2.4000
      vertex 59.0013 0.3500 2.4000
    endloop
  endfacet
  facet normal 0.000000 -0.954480 0.298275
    outer loop
      vertex 59.5590 0.1000 1.6000
      vertex 59.9092 0.1000 1.6000
      vertex 59.6950 0.3500 2.4000
    endloop
  endfacet
  facet normal 0.000000 -0.954480 0.298275
    outer loop
      vertex 59.5590 0.1000 1.6000
      vertex 59.6950 0.3500 2.4000
      vertex 59.3482 0.3500 2.4000
    endloop
  endfacet
  facet normal 0.000000 -0.954480 0.298275
    outer loop
      vertex 59.9092 0.1000 1.6000
      vertex 60.2593 0.1000 1.6000
      vertex 60.0418 0.3500 2.4000
    endloop
  endfacet
  facet normal 0.000000 -0.954480 0.298275
    outer loop
      vertex 59.9092 0.1000 1.6000
      vertex 60.0418 0.3500 2.4000
      vertex 59.6950 0.3500 2.4000
    endloop
  endfacet
  facet normal 0.000000 -0.954480 0.298275
    outer loop
      vertex 60.2593 0.1000 1.6000
      vertex 60.6095 0.1000 1.6000
      vertex 60.3886 0.3500 2.4000
    endloop
  endfacet
  facet normal 0.000000 -0.954480 0.298275
    outer loop
      vertex 60.2593 0.1000 1.6000
      vertex 60.3886 0.3500 2.4000
      vertex 60.0418 0.3500 2.4000
    endloop
  endfacet
  facet normal 0.000000 -0.954480 0.298275
    outer loop
      vertex 60.6095 0.1000 1.6000
      vertex 60.9596 0.1000 1.6000
      vertex 60.7354 0.3500 2.4000
    endloop
  endfacet
  facet normal 0.000000 -0.954480 0.298275
    outer loop
      vertex 60.6095 0.1000 1.6000
      vertex 60.7354 0.3500 2.4000
      vertex 60.3886 0.3500 2.4000
    endloop
  endfacet
  facet normal 0.000000 -0.954480 0.298275
    outer loop
      vertex 60.9596 0.1000 1.6000
      vertex 61.3097 0.1000 1.6000
      vertex 61.0823 0.3500 2.4000
    endloop
  endfacet
  facet normal 0.000000 -0.954480 0.298275
    outer loop
      vertex 60.9596 0.1000 1.6000
      vertex 61.0823 0.3500 2.4000
      vertex 60.7354 0.3500 2.4000
    endloop
  endfacet
  facet normal 0.000000 -0.954480 0.298275
    outer loop
      vertex 61.3097 0.1000 1.6000
      vertex 61.6599 0.1000 1.6000
      vertex 61.4291 0.3500 2.4000
    endloop
  endfacet
  facet normal 0.000000 -0.954480 0.298275
    outer loop
      vertex 61.3097 0.1000 1.6000
      vertex 61.4291 0.3500 2.4000
      vertex 61.0823 0.3500 2.4000
    endloop
  endfacet
  facet normal 0.000000 -0.954480 0.298275
    outer loop
      vertex 61.6599 0.1000 1.6000
      vertex 62.0100 0.1000 1.6000
      vertex 61.7759 0.3500 2.4000
    endloop
  endfacet
  facet normal 0.000000 -0.954480 0.298275
    outer loop
      vertex 61.6599 0.1000 1.6000
      vertex 61.7759 0.3500 2.4000
      vertex 61.4291 0.3500 2.4000
    endloop
  endfacet
  facet normal 0.000000 -0.954480 0.298275
    outer loop
      vertex 62.0100 0.1000 1.6000
      vertex 62.3601 0.1000 1.6000
      vertex 62.1227 0.3500 2.4000
    endloop
  endfacet
  facet normal 0.000000 -0.954480 0.298275
    outer loop
      vertex 62.0100 0.1000 1.6000
      vertex 62.1227 0.3500 2.4000
      vertex 61.7759 0.3500 2.4000
    endloop
  endfacet
  facet normal 0.000000 -0.954480 0.298275
    outer loop
      vertex 62.3601 0.1000 1.6000
      vertex 62.7103 0.1000 1.6000
      vertex 62.4695 0.3500 2.4000
    endloop
  endfacet
  facet normal 0.000000 -0.954480 0.298275
    outer loop
      vertex 62.3601 0.1000 1.6000
      vertex 62.4695 0.3500 2.4000
      vertex 62.1227 0.3500 2.4000
    endloop
  endfacet
  facet normal 0.000000 -0.954480 0.298275
    outer loop
      vertex 62.7103 0.1000 1.6000
      vertex 63.0604 0.1000 1.6000
      vertex 62.8163 0.3500 2.4000
    endloop
  endfacet
  facet normal 0.000000 -0.954480 0.298275
    outer loop
      vertex 62.7103 0.1000 1.6000
      vertex 62.8163 0.3500 2.4000
      vertex 62.4695 0.3500 2.4000
    endloop
  endfacet
  facet normal 0.000000 -0.954480 0.298275
    outer loop
      vertex 63.0604 0.1000 1.6000
      vertex 63.4105 0.1000 1.6000
      vertex 63.1632 0.3500 2.4000
    endloop
  endfacet
  facet normal 0.000000 -0.954480 0.298275
    outer loop
      vertex 63.0604 0.1000 1.6000
      vertex 63.1632 0.3500 2.4000
      vertex 62.8163 0.3500 2.4000
    endloop
  endfacet
  facet normal 0.000000 -0.954480 0.298275
    outer loop
      vertex 63.4105 0.1000 1.6000
      vertex 63.7607 0.1000 1.6000
      vertex 63.5100 0.3500 2.4000
    endloop
  endfacet
  facet normal 0.000000 -0.954480 0.298275
    outer loop
      vertex 63.4105 0.1000 1.6000
      vertex 63.5100 0.3500 2.4000
      vertex 63.1632 0.3500 2.4000
    endloop
  endfacet
  facet normal 0.000000 -0.954480 0.298275
    outer loop
      vertex 63.7607 0.1000 1.6000
      vertex 64.1108 0.1000 1.6000
      vertex 63.8568 0.3500 2.4000
    endloop
  endfacet
  facet normal 0.000000 -0.954480 0.298275
    outer loop
      vertex 63.7607 0.1000 1.6000
      vertex 63.8568 0.3500 2.4000
      vertex 63.5100 0.3500 2.4000
    endloop
  endfacet
  facet normal 0.000000 -0.954480 0.298275
    outer loop
      vertex 64.1108 0.1000 1.6000
      vertex 64.4609 0.1000 1.6000
      vertex 64.2036 0.3500 2.4000
    endloop
  endfacet
  facet normal 0.000000 -0.954480 0.298275
    outer loop
      vertex 64.1108 0.1000 1.6000
      vertex 64.2036 0.3500 2.4000
      vertex 63.8568 0.3500 2.4000
    endloop
  endfacet
  facet normal 0.000000 -0.954480 0.298275
    outer loop
      vertex 64.4609 0.1000 1.6000
      vertex 64.8111 0.1000 1.6000
      vertex 64.5504 0.3500 2.4000
    endloop
  endfacet
  facet normal 0.000000 -0.954480 0.298275
    outer loop
      vertex 64.4609 0.1000 1.6000
      vertex 64.5504 0.3500 2.4000
      vertex 64.2036 0.3500 2.4000
    endloop
  endfacet
  facet normal 0.000000 -0.954480 0.298275
    outer loop
      vertex 64.8111 0.1000 1.6000
      vertex 65.1612 0.1000 1.6000
      vertex 64.8972 0.3500 2.4000
    endloop
  endfacet
  facet normal 0.000000 -0.954480 0.298275
    outer loop
      vertex 64.8111 0.1000 1.6000
      vertex 64.8972 0.3500 2.4000
      vertex 64.5504 0.3500 2.4000
    endloop
  endfacet
  facet normal 0.000000 -0.954480 0.298275
    outer loop
      vertex 65.1612 0.1000 1.6000
      vertex 65.5113 0.1000 1.6000
      vertex 65.2441 0.3500 2.4000
    endloop
  endfacet
  facet normal 0.000000 -0.954480 0.298275
    outer loop
      vertex 65.1612 0.1000 1.6000
      vertex 65.2441 0.3500 2.4000
      vertex 64.8972 0.3500 2.4000
    endloop
  endfacet
  facet normal 0.000000 -0.954480 0.298275
    outer loop
      vertex 65.5113 0.1000 1.6000
      vertex 65.8615 0.1000 1.6000
      vertex 65.5909 0.3500 2.4000
    endloop
  endfacet
  facet normal 0.000000 -0.954480 0.298275
    outer loop
      vertex 65.5113 0.1000 1.6000
      vertex 65.5909 0.3500 2.4000
      vertex 65.2441 0.3500 2.4000
    endloop
  endfacet
  facet normal 0.000000 -0.954480 0.298275
    outer loop
      vertex 65.8615 0.1000 1.6000
      vertex 66.2116 0.1000 1.6000
      vertex 65.9377 0.3500 2.4000
    endloop
  endfacet
  facet normal 0.000000 -0.954480 0.298275
    outer loop
      vertex 65.8615 0.1000 1.6000
      vertex 65.9377 0.3500 2.4000
      vertex 65.5909 0.3500 2.4000
    endloop
  endfacet
  facet normal 0.000000 -0.954480 0.298275
    outer loop
      vertex 66.2116 0.1000 1.6000
      vertex 66.5617 0.1000 1.6000
      vertex 66.2845 0.3500 2.4000
    endloop
  endfacet
  facet normal 0.000000 -0.954480 0.298275
    outer loop
      vertex 66.2116 0.1000 1.6000
      vertex 66.2845 0.3500 2.4000
      vertex 65.9377 0.3500 2.4000
    endloop
  endfacet
  facet normal 0.000000 -0.954480 0.298275
    outer loop
      vertex 66.5617 0.1000 1.6000
      vertex 66.9119 0.1000 1.6000
      vertex 66.6313 0.3500 2.4000
    endloop
  endfacet
  facet normal 0.000000 -0.954480 0.298275
    outer loop
      vertex 66.5617 0.1000 1.6000
      vertex 66.6313 0.3500 2.4000
      vertex 66.2845 0.3500 2.4000
    endloop
  endfacet
  facet normal 0.000000 -0.954480 0.298275
    outer loop
      vertex 66.9119 0.1000 1.6000
      vertex 67.2620 0.1000 1.6000
      vertex 66.9782 0.3500 2.4000
    endloop
  endfacet
  facet normal 0.000000 -0.954480 0.298275
    outer loop
      vertex 66.9119 0.1000 1.6000
      vertex 66.9782 0.3500 2.4000
      vertex 66.6313 0.3500 2.4000
    endloop
  endfacet
  facet normal 0.000000 -0.954480 0.298275
    outer loop
      vertex 67.2620 0.1000 1.6000
      vertex 67.6122 0.1000 1.6000
      vertex 67.3250 0.3500 2.4000
    endloop
  endfacet
  facet normal 0.000000 -0.954480 0.298275
    outer loop
      vertex 67.2620 0.1000 1.6000
      vertex 67.3250 0.3500 2.4000
      vertex 66.9782 0.3500 2.4000
    endloop
  endfacet
  facet normal 0.000000 -0.954480 0.298275
    outer loop
      vertex 67.6122 0.1000 1.6000
      vertex 67.9623 0.1000 1.6000
      vertex 67.6718 0.3500 2.4000
    endloop
  endfacet
  facet normal 0.000000 -0.954480 0.298275
    outer loop
      vertex 67.6122 0.1000 1.6000
      vertex 67.6718 0.3500 2.4000
      vertex 67.3250 0.3500 2.4000
    endloop
  endfacet
  facet normal 0.000000 -0.954480 0.298275
    outer loop
      vertex 67.9623 0.1000 1.6000
      vertex 68.3124 0.1000 1.6000
      vertex 68.0186 0.3500 2.4000
    endloop
  endfacet
  facet normal 0.000000 -0.954480 0.298275
    outer loop
      vertex 67.9623 0.1000 1.6000
      vertex 68.0186 0.3500 2.4000
      vertex 67.6718 0.3500 2.4000
    endloop
  endfacet
  facet normal 0.000000 -0.954480 0.298275
    outer loop
      vertex 68.3124 0.1000 1.6000
      vertex 68.6626 0.1000 1.6000
      vertex 68.3654 0.3500 2.4000
    endloop
  endfacet
  facet normal 0.000000 -0.954480 0.298275
    outer loop
      vertex 68.3124 0.1000 1.6000
      vertex 68.3654 0.3500 2.4000
      vertex 68.0186 0.3500 2.4000
    endloop
  endfacet
  facet normal 0.000000 -0.954480 0.298275
    outer loop
      vertex 68.6626 0.1000 1.6000
      vertex 69.0127 0.1000 1.6000
      vertex 68.7122 0.3500 2.4000
    endloop
  endfacet
  facet normal 0.000000 -0.954480 0.298275
    outer loop
      vertex 68.6626 0.1000 1.6000
      vertex 68.7122 0.3500 2.4000
      vertex 68.3654 0.3500 2.4000
    endloop
  endfacet
  facet normal 0.000000 -0.954480 0.298275
    outer loop
      vertex 69.0127 0.1000 1.6000
      vertex 69.3628 0.1000 1.6000
      vertex 69.0591 0.3500 2.4000
    endloop
  endfacet
  facet normal 0.000000 -0.954480 0.298275
    outer loop
      vertex 69.0127 0.1000 1.6000
      vertex 69.0591 0.3500 2.4000
      vertex 68.7122 0.3500 2.4000
    endloop
  endfacet
  facet normal 0.000000 -0.954480 0.298275
    outer loop
      vertex 69.3628 0.1000 1.6000
      vertex 69.7130 0.1000 1.6000
      vertex 69.4059 0.3500 2.4000
    endloop
  endfacet
  facet normal 0.000000 -0.954480 0.298275
    outer loop
      vertex 69.3628 0.1000 1.6000
      vertex 69.4059 0.3500 2.4000
      vertex 69.0591 0.3500 2.4000
    endloop
  endfacet
  facet normal 0.000000 -0.954480 0.298275
    outer loop
      vertex 69.7130 0.1000 1.6000
      vertex 70.0631 0.1000 1.6000
      vertex 69.7527 0.3500 2.4000
    endloop
  endfacet
  facet normal 0.000000 -0.954480 0.298275
    outer loop
      vertex 69.7130 0.1000 1.6000
      vertex 69.7527 0.3500 2.4000
      vertex 69.4059 0.3500 2.4000
    endloop
  endfacet
  facet normal 0.000000 -0.954480 0.298275
    outer loop
      vertex 70.0631 0.1000 1.6000
      vertex 70.4132 0.1000 1.6000
      vertex 70.0995 0.3500 2.4000
    endloop
  endfacet
  facet normal 0.000000 -0.954480 0.298275
    outer loop
      vertex 70.0631 0.1000 1.6000
      vertex 70.0995 0.3500 2.4000
      vertex 69.7527 0.3500 2.4000
    endloop
  endfacet
  facet normal 0.000000 -0.954480 0.298275
    outer loop
      vertex 70.4132 0.1000 1.6000
      vertex 70.7634 0.1000 1.6000
      vertex 70.4463 0.3500 2.4000
    endloop
  endfacet
  facet normal 0.000000 -0.954480 0.298275
    outer loop
      vertex 70.4132 0.1000 1.6000
      vertex 70.4463 0.3500 2.4000
      vertex 70.0995 0.3500 2.4000
    endloop
  endfacet
  facet normal 0.000000 -0.954480 0.298275
    outer loop
      vertex 70.7634 0.1000 1.6000
      vertex 71.1135 0.1000 1.6000
      vertex 70.7932 0.3500 2.4000
    endloop
  endfacet
  facet normal 0.000000 -0.954480 0.298275
    outer loop
      vertex 70.7634 0.1000 1.6000
      vertex 70.7932 0.3500 2.4000
      vertex 70.4463 0.3500 2.4000
    endloop
  endfacet
  facet normal 0.011351 -0.954525 0.297914
    outer loop
      vertex 71.1135 0.1000 1.6000
      vertex 71.4635 0.1042 1.6000
      vertex 71.1400 0.3500 2.4000
    endloop
  endfacet
  facet normal 0.000000 -0.954480 0.298275
    outer loop
      vertex 71.1135 0.1000 1.6000
      vertex 71.1400 0.3500 2.4000
      vertex 70.7932 0.3500 2.4000
    endloop
  endfacet
  facet normal 0.444933 -0.854606 0.267738
    outer loop
      vertex 71.4635 0.1042 1.6000
      vertex 71.7676 0.2625 1.6000
      vertex 71.4849 0.3660 2.4000
    endloop
  endfacet
  facet normal 0.043919 -0.949838 0.309644
    outer loop
      vertex 71.4635 0.1042 1.6000
      vertex 71.4849 0.3660 2.4000
      vertex 71.1400 0.3500 2.4000
    endloop
  endfacet
  facet normal 0.880777 -0.364417 0.302378
    outer loop
      vertex 71.7676 0.2625 1.6000
      vertex 71.8986 0.5791 1.6000
      vertex 71.6500 0.6420 2.4000
    endloop
  endfacet
  facet normal 0.805020 -0.481380 0.346722
    outer loop
      vertex 71.7676 0.2625 1.6000
      vertex 71.6500 0.6420 2.4000
      vertex 71.4849 0.3660 2.4000
    endloop
  endfacet
  facet normal 0.954394 -0.003732 0.298526
    outer loop
      vertex 71.8986 0.5791 1.6000
      vertex 71.9000 0.9292 1.6000
      vertex 71.6500 0.9888 2.4000
    endloop
  endfacet
  facet normal 0.954944 0.000000 0.296786
    outer loop
      vertex 71.8986 0.5791 1.6000
      vertex 71.6500 0.9888 2.4000
      vertex 71.6500 0.6420 2.4000
    endloop
  endfacet
  facet normal 0.954480 -0.000000 0.298275
    outer loop
      vertex 71.9000 0.9292 1.6000
      vertex 71.9000 1.2793 1.6000
      vertex 71.6500 1.3356 2.4000
    endloop
  endfacet
  facet normal 0.954480 0.000000 0.298275
    outer loop
      vertex 71.9000 0.9292 1.6000
      vertex 71.6500 1.3356 2.4000
      vertex 71.6500 0.9888 2.4000
    endloop
  endfacet
  facet normal 0.954480 -0.000000 0.298275
    outer loop
      vertex 71.9000 1.2793 1.6000
      vertex 71.9000 1.6295 1.6000
      vertex 71.6500 1.6824 2.4000
    endloop
  endfacet
  facet normal 0.954480 0.000000 0.298275
    outer loop
      vertex 71.9000 1.2793 1.6000
      vertex 71.6500 1.6824 2.4000
      vertex 71.6500 1.3356 2.4000
    endloop
  endfacet
  facet normal 0.954480 -0.000000 0.298275
    outer loop
      vertex 71.9000 1.6295 1.6000
      vertex 71.9000 1.9796 1.6000
      vertex 71.6500 2.0293 2.4000
    endloop
  endfacet
  facet normal 0.954480 0.000000 0.298275
    outer loop
      vertex 71.9000 1.6295 1.6000
      vertex 71.6500 2.0293 2.4000
      vertex 71.6500 1.6824 2.4000
    endloop
  endfacet
  facet normal 0.954480 -0.000000 0.298275
    outer loop
      vertex 71.9000 1.9796 1.6000
      vertex 71.9000 2.3297 1.6000
      vertex 71.6500 2.3761 2.4000
    endloop
  endfacet
  facet normal 0.954480 0.000000 0.298275
    outer loop
      vertex 71.9000 1.9796 1.6000
      vertex 71.6500 2.3761 2.4000
      vertex 71.6500 2.0293 2.4000
    endloop
  endfacet
  facet normal 0.954480 -0.000000 0.298275
    outer loop
      vertex 71.9000 2.3297 1.6000
      vertex 71.9000 2.6799 1.6000
      vertex 71.6500 2.7229 2.4000
    endloop
  endfacet
  facet normal 0.954480 0.000000 0.298275
    outer loop
      vertex 71.9000 2.3297 1.6000
      vertex 71.6500 2.7229 2.4000
      vertex 71.6500 2.3761 2.4000
    endloop
  endfacet
  facet normal 0.954480 -0.000000 0.298275
    outer loop
      vertex 71.9000 2.6799 1.6000
      vertex 71.9000 3.0300 1.6000
      vertex 71.6500 3.0697 2.4000
    endloop
  endfacet
  facet normal 0.954480 0.000000 0.298275
    outer loop
      vertex 71.9000 2.6799 1.6000
      vertex 71.6500 3.0697 2.4000
      vertex 71.6500 2.7229 2.4000
    endloop
  endfacet
  facet normal 0.954480 -0.000000 0.298275
    outer loop
      vertex 71.9000 3.0300 1.6000
      vertex 71.9000 3.3802 1.6000
      vertex 71.6500 3.4165 2.4000
    endloop
  endfacet
  facet normal 0.954480 0.000000 0.298275
    outer loop
      vertex 71.9000 3.0300 1.6000
      vertex 71.6500 3.4165 2.4000
      vertex 71.6500 3.0697 2.4000
    endloop
  endfacet
  facet normal 0.954480 -0.000000 0.298275
    outer loop
      vertex 71.9000 3.3802 1.6000
      vertex 71.9000 3.7303 1.6000
      vertex 71.6500 3.7634 2.4000
    endloop
  endfacet
  facet normal 0.954480 0.000000 0.298275
    outer loop
      vertex 71.9000 3.3802 1.6000
      vertex 71.6500 3.7634 2.4000
      vertex 71.6500 3.4165 2.4000
    endloop
  endfacet
  facet normal 0.954480 -0.000000 0.298275
    outer loop
      vertex 71.9000 3.7303 1.6000
      vertex 71.9000 4.0804 1.6000
      vertex 71.6500 4.1102 2.4000
    endloop
  endfacet
  facet normal 0.954480 0.000000 0.298275
    outer loop
      vertex 71.9000 3.7303 1.6000
      vertex 71.6500 4.1102 2.4000
      vertex 71.6500 3.7634 2.4000
    endloop
  endfacet
  facet normal 0.954480 -0.000000 0.298275
    outer loop
      vertex 71.9000 4.0804 1.6000
      vertex 71.9000 4.4306 1.6000
      vertex 71.6500 4.4570 2.4000
    endloop
  endfacet
  facet normal 0.954480 0.000000 0.298275
    outer loop
      vertex 71.9000 4.0804 1.6000
      vertex 71.6500 4.4570 2.4000
      vertex 71.6500 4.1102 2.4000
    endloop
  endfacet
  facet normal 0.954480 -0.000000 0.298275
    outer loop
      vertex 71.9000 4.4306 1.6000
      vertex 71.9000 4.7807 1.6000
      vertex 71.6500 4.8038 2.4000
    endloop
  endfacet
  facet normal 0.954480 0.000000 0.298275
    outer loop
      vertex 71.9000 4.4306 1.6000
      vertex 71.6500 4.8038 2.4000
      vertex 71.6500 4.4570 2.4000
    endloop
  endfacet
  facet normal 0.954480 -0.000000 0.298275
    outer loop
      vertex 71.9000 4.7807 1.6000
      vertex 71.9000 5.1308 1.6000
      vertex 71.6500 5.1506 2.4000
    endloop
  endfacet
  facet normal 0.954480 0.000000 0.298275
    outer loop
      vertex 71.9000 4.7807 1.6000
      vertex 71.6500 5.1506 2.4000
      vertex 71.6500 4.8038 2.4000
    endloop
  endfacet
  facet normal 0.954480 -0.000000 0.298275
    outer loop
      vertex 71.9000 5.1308 1.6000
      vertex 71.9000 5.4810 1.6000
      vertex 71.6500 5.4974 2.4000
    endloop
  endfacet
  facet normal 0.954480 0.000000 0.298275
    outer loop
      vertex 71.9000 5.1308 1.6000
      vertex 71.6500 5.4974 2.4000
      vertex 71.6500 5.1506 2.4000
    endloop
  endfacet
  facet normal 0.954480 -0.000000 0.298275
    outer loop
      vertex 71.9000 5.4810 1.6000
      vertex 71.9000 5.8311 1.6000
      vertex 71.6500 5.8443 2.4000
    endloop
  endfacet
  facet normal 0.954480 0.000000 0.298275
    outer loop
      vertex 71.9000 5.4810 1.6000
      vertex 71.6500 5.8443 2.4000
      vertex 71.6500 5.4974 2.4000
    endloop
  endfacet
  facet normal 0.954480 -0.000000 0.298275
    outer loop
      vertex 71.9000 5.8311 1.6000
      vertex 71.9000 6.1812 1.6000
      vertex 71.6500 6.1911 2.4000
    endloop
  endfacet
  facet normal 0.954480 0.000000 0.298275
    outer loop
      vertex 71.9000 5.8311 1.6000
      vertex 71.6500 6.1911 2.4000
      vertex 71.6500 5.8443 2.4000
    endloop
  endfacet
  facet normal 0.954480 -0.000000 0.298275
    outer loop
      vertex 71.9000 6.1812 1.6000
      vertex 71.9000 6.5314 1.6000
      vertex 71.6500 6.5379 2.4000
    endloop
  endfacet
  facet normal 0.954480 0.000000 0.298275
    outer loop
      vertex 71.9000 6.1812 1.6000
      vertex 71.6500 6.5379 2.4000
      vertex 71.6500 6.1911 2.4000
    endloop
  endfacet
  facet normal 0.954480 -0.000000 0.298275
    outer loop
      vertex 71.9000 6.5314 1.6000
      vertex 71.9000 6.8815 1.6000
      vertex 71.6500 6.8847 2.4000
    endloop
  endfacet
  facet normal 0.954480 0.000000 0.298275
    outer loop
      vertex 71.9000 6.5314 1.6000
      vertex 71.6500 6.8847 2.4000
      vertex 71.6500 6.5379 2.4000
    endloop
  endfacet
  facet normal 0.954480 -0.000000 0.298275
    outer loop
      vertex 71.9000 6.8815 1.6000
      vertex 71.9000 7.2316 1.6000
      vertex 71.6500 7.2315 2.4000
    endloop
  endfacet
  facet normal 0.954480 0.000000 0.298275
    outer loop
      vertex 71.9000 6.8815 1.6000
      vertex 71.6500 7.2315 2.4000
      vertex 71.6500 6.8847 2.4000
    endloop
  endfacet
  facet normal 0.954480 -0.000000 0.298275
    outer loop
      vertex 71.9000 7.2316 1.6000
      vertex 71.9000 7.5818 1.6000
      vertex 71.6500 7.5784 2.4000
    endloop
  endfacet
  facet normal 0.954480 0.000000 0.298275
    outer loop
      vertex 71.9000 7.2316 1.6000
      vertex 71.6500 7.5784 2.4000
      vertex 71.6500 7.2315 2.4000
    endloop
  endfacet
  facet normal 0.954480 -0.000000 0.298275
    outer loop
      vertex 71.9000 7.5818 1.6000
      vertex 71.9000 7.9319 1.6000
      vertex 71.6500 7.9252 2.4000
    endloop
  endfacet
  facet normal 0.954480 0.000000 0.298275
    outer loop
      vertex 71.9000 7.5818 1.6000
      vertex 71.6500 7.9252 2.4000
      vertex 71.6500 7.5784 2.4000
    endloop
  endfacet
  facet normal 0.954480 -0.000000 0.298275
    outer loop
      vertex 71.9000 7.9319 1.6000
      vertex 71.9000 8.2820 1.6000
      vertex 71.6500 8.2720 2.4000
    endloop
  endfacet
  facet normal 0.954480 0.000000 0.298275
    outer loop
      vertex 71.9000 7.9319 1.6000
      vertex 71.6500 8.2720 2.4000
      vertex 71.6500 7.9252 2.4000
    endloop
  endfacet
  facet normal 0.954480 -0.000000 0.298275
    outer loop
      vertex 71.9000 8.2820 1.6000
      vertex 71.9000 8.6322 1.6000
      vertex 71.6500 8.6188 2.4000
    endloop
  endfacet
  facet normal 0.954480 0.000000 0.298275
    outer loop
      vertex 71.9000 8.2820 1.6000
      vertex 71.6500 8.6188 2.4000
      vertex 71.6500 8.2720 2.4000
    endloop
  endfacet
  facet normal 0.954480 -0.000000 0.298275
    outer loop
      vertex 71.9000 8.6322 1.6000
      vertex 71.9000 8.9823 1.6000
      vertex 71.6500 8.9656 2.4000
    endloop
  endfacet
  facet normal 0.954480 0.000000 0.298275
    outer loop
      vertex 71.9000 8.6322 1.6000
      vertex 71.6500 8.9656 2.4000
      vertex 71.6500 8.6188 2.4000
    endloop
  endfacet
  facet normal 0.954480 -0.000000 0.298275
    outer loop
      vertex 71.9000 8.9823 1.6000
      vertex 71.9000 9.3324 1.6000
      vertex 71.6500 9.3124 2.4000
    endloop
  endfacet
  facet normal 0.954480 0.000000 0.298275
    outer loop
      vertex 71.9000 8.9823 1.6000
      vertex 71.6500 9.3124 2.4000
      vertex 71.6500 8.9656 2.4000
    endloop
  endfacet
  facet normal 0.954480 -0.000000 0.298275
    outer loop
      vertex 71.9000 9.3324 1.6000
      vertex 71.9000 9.6826 1.6000
      vertex 71.6500 9.6593 2.4000
    endloop
  endfacet
  facet normal 0.954480 0.000000 0.298275
    outer loop
      vertex 71.9000 9.3324 1.6000
      vertex 71.6500 9.6593 2.4000
      vertex 71.6500 9.3124 2.4000
    endloop
  endfacet
  facet normal 0.954480 -0.000000 0.298275
    outer loop
      vertex 71.9000 9.6826 1.6000
      vertex 71.9000 10.0327 1.6000
      vertex 71.6500 10.0061 2.4000
    endloop
  endfacet
  facet normal 0.954480 0.000000 0.298275
    outer loop
      vertex 71.9000 9.6826 1.6000
      vertex 71.6500 10.0061 2.4000
      vertex 71.6500 9.6593 2.4000
    endloop
  endfacet
  facet normal 0.954480 -0.000000 0.298275
    outer loop
      vertex 71.9000 10.0327 1.6000
      vertex 71.9000 10.3829 1.6000
      vertex 71.6500 10.3529 2.4000
    endloop
  endfacet
  facet normal 0.954480 0.000000 0.298275
    outer loop
      vertex 71.9000 10.0327 1.6000
      vertex 71.6500 10.3529 2.4000
      vertex 71.6500 10.0061 2.4000
    endloop
  endfacet
  facet normal 0.954480 -0.000000 0.298275
    outer loop
      vertex 71.9000 10.3829 1.6000
      vertex 71.9000 10.7330 1.6000
      vertex 71.6500 10.6997 2.4000
    endloop
  endfacet
  facet normal 0.954480 0.000000 0.298275
    outer loop
      vertex 71.9000 10.3829 1.6000
      vertex 71.6500 10.6997 2.4000
      vertex 71.6500 10.3529 2.4000
    endloop
  endfacet
  facet normal 0.954480 -0.000000 0.298275
    outer loop
      vertex 71.9000 10.7330 1.6000
      vertex 71.9000 11.0831 1.6000
      vertex 71.6500 11.0465 2.4000
    endloop
  endfacet
  facet normal 0.954480 0.000000 0.298275
    outer loop
      vertex 71.9000 10.7330 1.6000
      vertex 71.6500 11.0465 2.4000
      vertex 71.6500 10.6997 2.4000
    endloop
  endfacet
  facet normal 0.954480 -0.000000 0.298275
    outer loop
      vertex 71.9000 11.0831 1.6000
      vertex 71.9000 11.4333 1.6000
      vertex 71.6500 11.3934 2.4000
    endloop
  endfacet
  facet normal 0.954480 0.000000 0.298275
    outer loop
      vertex 71.9000 11.0831 1.6000
      vertex 71.6500 11.3934 2.4000
      vertex 71.6500 11.0465 2.4000
    endloop
  endfacet
  facet normal 0.954480 -0.000000 0.298275
    outer loop
      vertex 71.9000 11.4333 1.6000
      vertex 71.9000 11.7834 1.6000
      vertex 71.6500 11.7402 2.4000
    endloop
  endfacet
  facet normal 0.954480 0.000000 0.298275
    outer loop
      vertex 71.9000 11.4333 1.6000
      vertex 71.6500 11.7402 2.4000
      vertex 71.6500 11.3934 2.4000
    endloop
  endfacet
  facet normal 0.954480 -0.000000 0.298275
    outer loop
      vertex 71.9000 11.7834 1.6000
      vertex 71.9000 12.1335 1.6000
      vertex 71.6500 12.0870 2.4000
    endloop
  endfacet
  facet normal 0.954480 0.000000 0.298275
    outer loop
      vertex 71.9000 11.7834 1.6000
      vertex 71.6500 12.0870 2.4000
      vertex 71.6500 11.7402 2.4000
    endloop
  endfacet
  facet normal 0.954480 -0.000000 0.298275
    outer loop
      vertex 71.9000 12.1335 1.6000
      vertex 71.9000 12.4837 1.6000
      vertex 71.6500 12.4338 2.4000
    endloop
  endfacet
  facet normal 0.954480 0.000000 0.298275
    outer loop
      vertex 71.9000 12.1335 1.6000
      vertex 71.6500 12.4338 2.4000
      vertex 71.6500 12.0870 2.4000
    endloop
  endfacet
  facet normal 0.954480 -0.000000 0.298275
    outer loop
      vertex 71.9000 12.4837 1.6000
      vertex 71.9000 12.8338 1.6000
      vertex 71.6500 12.7806 2.4000
    endloop
  endfacet
  facet normal 0.954480 0.000000 0.298275
    outer loop
      vertex 71.9000 12.4837 1.6000
      vertex 71.6500 12.7806 2.4000
      vertex 71.6500 12.4338 2.4000
    endloop
  endfacet
  facet normal 0.954480 -0.000000 0.298275
    outer loop
      vertex 71.9000 12.8338 1.6000
      vertex 71.9000 13.1839 1.6000
      vertex 71.6500 13.1274 2.4000
    endloop
  endfacet
  facet normal 0.954480 0.000000 0.298275
    outer loop
      vertex 71.9000 12.8338 1.6000
      vertex 71.6500 13.1274 2.4000
      vertex 71.6500 12.7806 2.4000
    endloop
  endfacet
  facet normal 0.954480 -0.000000 0.298275
    outer loop
      vertex 71.9000 13.1839 1.6000
      vertex 71.9000 13.5341 1.6000
      vertex 71.6500 13.4743 2.4000
    endloop
  endfacet
  facet normal 0.954480 0.000000 0.298275
    outer loop
      vertex 71.9000 13.1839 1.6000
      vertex 71.6500 13.4743 2.4000
      vertex 71.6500 13.1274 2.4000
    endloop
  endfacet
  facet normal 0.954480 -0.000000 0.298275
    outer loop
      vertex 71.9000 13.5341 1.6000
      vertex 71.9000 13.8842 1.6000
      vertex 71.6500 13.8211 2.4000
    endloop
  endfacet
  facet normal 0.954480 0.000000 0.298275
    outer loop
      vertex 71.9000 13.5341 1.6000
      vertex 71.6500 13.8211 2.4000
      vertex 71.6500 13.4743 2.4000
    endloop
  endfacet
  facet normal 0.954480 -0.000000 0.298275
    outer loop
      vertex 71.9000 13.8842 1.6000
      vertex 71.9000 14.2343 1.6000
      vertex 71.6500 14.1679 2.4000
    endloop
  endfacet
  facet normal 0.954480 0.000000 0.298275
    outer loop
      vertex 71.9000 13.8842 1.6000
      vertex 71.6500 14.1679 2.4000
      vertex 71.6500 13.8211 2.4000
    endloop
  endfacet
  facet normal 0.954480 -0.000000 0.298275
    outer loop
      vertex 71.9000 14.2343 1.6000
      vertex 71.9000 14.5845 1.6000
      vertex 71.6500 14.5147 2.4000
    endloop
  endfacet
  facet normal 0.954480 0.000000 0.298275
    outer loop
      vertex 71.9000 14.2343 1.6000
      vertex 71.6500 14.5147 2.4000
      vertex 71.6500 14.1679 2.4000
    endloop
  endfacet
  facet normal 0.954480 -0.000000 0.298275
    outer loop
      vertex 71.9000 14.5845 1.6000
      vertex 71.9000 14.9346 1.6000
      vertex 71.6500 14.8615 2.4000
    endloop
  endfacet
  facet normal 0.954480 0.000000 0.298275
    outer loop
      vertex 71.9000 14.5845 1.6000
      vertex 71.6500 14.8615 2.4000
      vertex 71.6500 14.5147 2.4000
    endloop
  endfacet
  facet normal 0.954480 -0.000000 0.298275
    outer loop
      vertex 71.9000 14.9346 1.6000
      vertex 71.9000 15.2847 1.6000
      vertex 71.6500 15.2083 2.4000
    endloop
  endfacet
  facet normal 0.954480 0.000000 0.298275
    outer loop
      vertex 71.9000 14.9346 1.6000
      vertex 71.6500 15.2083 2.4000
      vertex 71.6500 14.8615 2.4000
    endloop
  endfacet
  facet normal 0.954480 -0.000000 0.298275
    outer loop
      vertex 71.9000 15.2847 1.6000
      vertex 71.9000 15.6349 1.6000
      vertex 71.6500 15.5552 2.4000
    endloop
  endfacet
  facet normal 0.954480 0.000000 0.298275
    outer loop
      vertex 71.9000 15.2847 1.6000
      vertex 71.6500 15.5552 2.4000
      vertex 71.6500 15.2083 2.4000
    endloop
  endfacet
  facet normal 0.954480 -0.000000 0.298275
    outer loop
      vertex 71.9000 15.6349 1.6000
      vertex 71.9000 15.9850 1.6000
      vertex 71.6500 15.9020 2.4000
    endloop
  endfacet
  facet normal 0.954480 0.000000 0.298275
    outer loop
      vertex 71.9000 15.6349 1.6000
      vertex 71.6500 15.9020 2.4000
      vertex 71.6500 15.5552 2.4000
    endloop
  endfacet
  facet normal 0.954480 -0.000000 0.298275
    outer loop
      vertex 71.9000 15.9850 1.6000
      vertex 71.9000 16.3352 1.6000
      vertex 71.6500 16.2488 2.4000
    endloop
  endfacet
  facet normal 0.954480 0.000000 0.298275
    outer loop
      vertex 71.9000 15.9850 1.6000
      vertex 71.6500 16.2488 2.4000
      vertex 71.6500 15.9020 2.4000
    endloop
  endfacet
  facet normal 0.954480 -0.000000 0.298275
    outer loop
      vertex 71.9000 16.3352 1.6000
      vertex 71.9000 16.6853 1.6000
      vertex 71.6500 16.5956 2.4000
    endloop
  endfacet
  facet normal 0.954480 0.000000 0.298275
    outer loop
      vertex 71.9000 16.3352 1.6000
      vertex 71.6500 16.5956 2.4000
      vertex 71.6500 16.2488 2.4000
    endloop
  endfacet
  facet normal 0.954480 -0.000000 0.298275
    outer loop
      vertex 71.9000 16.6853 1.6000
      vertex 71.9000 17.0354 1.6000
      vertex 71.6500 16.9424 2.4000
    endloop
  endfacet
  facet normal 0.954480 0.000000 0.298275
    outer loop
      vertex 71.9000 16.6853 1.6000
      vertex 71.6500 16.9424 2.4000
      vertex 71.6500 16.5956 2.4000
    endloop
  endfacet
  facet normal 0.954480 -0.000000 0.298275
    outer loop
      vertex 71.9000 17.0354 1.6000
      vertex 71.9000 17.3856 1.6000
      vertex 71.6500 17.2893 2.4000
    endloop
  endfacet
  facet normal 0.954480 0.000000 0.298275
    outer loop
      vertex 71.9000 17.0354 1.6000
      vertex 71.6500 17.2893 2.4000
      vertex 71.6500 16.9424 2.4000
    endloop
  endfacet
  facet normal 0.954480 -0.000000 0.298275
    outer loop
      vertex 71.9000 17.3856 1.6000
      vertex 71.9000 17.7357 1.6000
      vertex 71.6500 17.6361 2.4000
    endloop
  endfacet
  facet normal 0.954480 0.000000 0.298275
    outer loop
      vertex 71.9000 17.3856 1.6000
      vertex 71.6500 17.6361 2.4000
      vertex 71.6500 17.2893 2.4000
    endloop
  endfacet
  facet normal 0.954480 -0.000000 0.298275
    outer loop
      vertex 71.9000 17.7357 1.6000
      vertex 71.9000 18.0858 1.6000
      vertex 71.6500 17.9829 2.4000
    endloop
  endfacet
  facet normal 0.954480 0.000000 0.298275
    outer loop
      vertex 71.9000 17.7357 1.6000
      vertex 71.6500 17.9829 2.4000
      vertex 71.6500 17.6361 2.4000
    endloop
  endfacet
  facet normal 0.954480 -0.000000 0.298275
    outer loop
      vertex 71.9000 18.0858 1.6000
      vertex 71.9000 18.4360 1.6000
      vertex 71.6500 18.3297 2.4000
    endloop
  endfacet
  facet normal 0.954480 0.000000 0.298275
    outer loop
      vertex 71.9000 18.0858 1.6000
      vertex 71.6500 18.3297 2.4000
      vertex 71.6500 17.9829 2.4000
    endloop
  endfacet
  facet normal 0.954480 -0.000000 0.298275
    outer loop
      vertex 71.9000 18.4360 1.6000
      vertex 71.9000 18.7861 1.6000
      vertex 71.6500 18.6765 2.4000
    endloop
  endfacet
  facet normal 0.954480 0.000000 0.298275
    outer loop
      vertex 71.9000 18.4360 1.6000
      vertex 71.6500 18.6765 2.4000
      vertex 71.6500 18.3297 2.4000
    endloop
  endfacet
  facet normal 0.954480 -0.000000 0.298275
    outer loop
      vertex 71.9000 18.7861 1.6000
      vertex 71.9000 19.1362 1.6000
      vertex 71.6500 19.0233 2.4000
    endloop
  endfacet
  facet normal 0.954480 0.000000 0.298275
    outer loop
      vertex 71.9000 18.7861 1.6000
      vertex 71.6500 19.0233 2.4000
      vertex 71.6500 18.6765 2.4000
    endloop
  endfacet
  facet normal 0.954480 -0.000000 0.298275
    outer loop
      vertex 71.9000 19.1362 1.6000
      vertex 71.9000 19.4864 1.6000
      vertex 71.6500 19.3702 2.4000
    endloop
  endfacet
  facet normal 0.954480 0.000000 0.298275
    outer loop
      vertex 71.9000 19.1362 1.6000
      vertex 71.6500 19.3702 2.4000
      vertex 71.6500 19.0233 2.4000
    endloop
  endfacet
  facet normal 0.954480 -0.000000 0.298275
    outer loop
      vertex 71.9000 19.4864 1.6000
      vertex 71.9000 19.8365 1.6000
      vertex 71.6500 19.7170 2.4000
    endloop
  endfacet
  facet normal 0.954480 0.000000 0.298275
    outer loop
      vertex 71.9000 19.4864 1.6000
      vertex 71.6500 19.7170 2.4000
      vertex 71.6500 19.3702 2.4000
    endloop
  endfacet
  facet normal 0.954480 -0.000000 0.298275
    outer loop
      vertex 71.9000 19.8365 1.6000
      vertex 71.9000 20.1866 1.6000
      vertex 71.6500 20.0638 2.4000
    endloop
  endfacet
  facet normal 0.954480 0.000000 0.298275
    outer loop
      vertex 71.9000 19.8365 1.6000
      vertex 71.6500 20.0638 2.4000
      vertex 71.6500 19.7170 2.4000
    endloop
  endfacet
  facet normal 0.954480 -0.000000 0.298275
    outer loop
      vertex 71.9000 20.1866 1.6000
      vertex 71.9000 20.5368 1.6000
      vertex 71.6500 20.4106 2.4000
    endloop
  endfacet
  facet normal 0.954480 0.000000 0.298275
    outer loop
      vertex 71.9000 20.1866 1.6000
      vertex 71.6500 20.4106 2.4000
      vertex 71.6500 20.0638 2.4000
    endloop
  endfacet
  facet normal 0.954480 -0.000000 0.298275
    outer loop
      vertex 71.9000 20.5368 1.6000
      vertex 71.9000 20.8869 1.6000
      vertex 71.6500 20.7574 2.4000
    endloop
  endfacet
  facet normal 0.954480 0.000000 0.298275
    outer loop
      vertex 71.9000 20.5368 1.6000
      vertex 71.6500 20.7574 2.4000
      vertex 71.6500 20.4106 2.4000
    endloop
  endfacet
  facet normal 0.954480 -0.000000 0.298275
    outer loop
      vertex 71.9000 20.8869 1.6000
      vertex 71.9000 21.2370 1.6000
      vertex 71.6500 21.1043 2.4000
    endloop
  endfacet
  facet normal 0.954480 0.000000 0.298275
    outer loop
      vertex 71.9000 20.8869 1.6000
      vertex 71.6500 21.1043 2.4000
      vertex 71.6500 20.7574 2.4000
    endloop
  endfacet
  facet normal 0.954480 -0.000000 0.298275
    outer loop
      vertex 71.9000 21.2370 1.6000
      vertex 71.9000 21.5872 1.6000
      vertex 71.6500 21.4511 2.4000
    endloop
  endfacet
  facet normal 0.954480 0.000000 0.298275
    outer loop
      vertex 71.9000 21.2370 1.6000
      vertex 71.6500 21.4511 2.4000
      vertex 71.6500 21.1043 2.4000
    endloop
  endfacet
  facet normal 0.954480 -0.000000 0.298275
    outer loop
      vertex 71.9000 21.5872 1.6000
      vertex 71.9000 21.9373 1.6000
      vertex 71.6500 21.7979 2.4000
    endloop
  endfacet
  facet normal 0.954480 0.000000 0.298275
    outer loop
      vertex 71.9000 21.5872 1.6000
      vertex 71.6500 21.7979 2.4000
      vertex 71.6500 21.4511 2.4000
    endloop
  endfacet
  facet normal 0.954480 -0.000000 0.298275
    outer loop
      vertex 71.9000 21.9373 1.6000
      vertex 71.9000 22.2874 1.6000
      vertex 71.6500 22.1447 2.4000
    endloop
  endfacet
  facet normal 0.954480 0.000000 0.298275
    outer loop
      vertex 71.9000 21.9373 1.6000
      vertex 71.6500 22.1447 2.4000
      vertex 71.6500 21.7979 2.4000
    endloop
  endfacet
  facet normal 0.954480 -0.000000 0.298275
    outer loop
      vertex 71.9000 22.2874 1.6000
      vertex 71.9000 22.6376 1.6000
      vertex 71.6500 22.4915 2.4000
    endloop
  endfacet
  facet normal 0.954480 0.000000 0.298275
    outer loop
      vertex 71.9000 22.2874 1.6000
      vertex 71.6500 22.4915 2.4000
      vertex 71.6500 22.1447 2.4000
    endloop
  endfacet
  facet normal 0.954480 -0.000000 0.298275
    outer loop
      vertex 71.9000 22.6376 1.6000
      vertex 71.9000 22.9877 1.6000
      vertex 71.6500 22.8383 2.4000
    endloop
  endfacet
  facet normal 0.954480 0.000000 0.298275
    outer loop
      vertex 71.9000 22.6376 1.6000
      vertex 71.6500 22.8383 2.4000
      vertex 71.6500 22.4915 2.4000
    endloop
  endfacet
  facet normal 0.954480 -0.000000 0.298275
    outer loop
      vertex 71.9000 22.9877 1.6000
      vertex 71.9000 23.3379 1.6000
      vertex 71.6500 23.1852 2.4000
    endloop
  endfacet
  facet normal 0.954480 0.000000 0.298275
    outer loop
      vertex 71.9000 22.9877 1.6000
      vertex 71.6500 23.1852 2.4000
      vertex 71.6500 22.8383 2.4000
    endloop
  endfacet
  facet normal 0.954480 -0.000000 0.298275
    outer loop
      vertex 71.9000 23.3379 1.6000
      vertex 71.9000 23.6880 1.6000
      vertex 71.6500 23.5320 2.4000
    endloop
  endfacet
  facet normal 0.954480 0.000000 0.298275
    outer loop
      vertex 71.9000 23.3379 1.6000
      vertex 71.6500 23.5320 2.4000
      vertex 71.6500 23.1852 2.4000
    endloop
  endfacet
  facet normal 0.954480 -0.000000 0.298275
    outer loop
      vertex 71.9000 23.6880 1.6000
      vertex 71.9000 24.0381 1.6000
      vertex 71.6500 23.8788 2.4000
    endloop
  endfacet
  facet normal 0.954480 0.000000 0.298275
    outer loop
      vertex 71.9000 23.6880 1.6000
      vertex 71.6500 23.8788 2.4000
      vertex 71.6500 23.5320 2.4000
    endloop
  endfacet
  facet normal 0.954480 -0.000000 0.298275
    outer loop
      vertex 71.9000 24.0381 1.6000
      vertex 71.9000 24.3883 1.6000
      vertex 71.6500 24.2256 2.4000
    endloop
  endfacet
  facet normal 0.954480 0.000000 0.298275
    outer loop
      vertex 71.9000 24.0381 1.6000
      vertex 71.6500 24.2256 2.4000
      vertex 71.6500 23.8788 2.4000
    endloop
  endfacet
  facet normal 0.954480 -0.000000 0.298275
    outer loop
      vertex 71.9000 24.3883 1.6000
      vertex 71.9000 24.7384 1.6000
      vertex 71.6500 24.5724 2.4000
    endloop
  endfacet
  facet normal 0.954480 0.000000 0.298275
    outer loop
      vertex 71.9000 24.3883 1.6000
      vertex 71.6500 24.5724 2.4000
      vertex 71.6500 24.2256 2.4000
    endloop
  endfacet
  facet normal 0.954480 -0.000000 0.298275
    outer loop
      vertex 71.9000 24.7384 1.6000
      vertex 71.9000 25.0885 1.6000
      vertex 71.6500 24.9193 2.4000
    endloop
  endfacet
  facet normal 0.954480 0.000000 0.298275
    outer loop
      vertex 71.9000 24.7384 1.6000
      vertex 71.6500 24.9193 2.4000
      vertex 71.6500 24.5724 2.4000
    endloop
  endfacet
  facet normal 0.954480 -0.000000 0.298275
    outer loop
      vertex 71.9000 25.0885 1.6000
      vertex 71.9000 25.4387 1.6000
      vertex 71.6500 25.2661 2.4000
    endloop
  endfacet
  facet normal 0.954480 0.000000 0.298275
    outer loop
      vertex 71.9000 25.0885 1.6000
      vertex 71.6500 25.2661 2.4000
      vertex 71.6500 24.9193 2.4000
    endloop
  endfacet
  facet normal 0.954480 -0.000000 0.298275
    outer loop
      vertex 71.9000 25.4387 1.6000
      vertex 71.9000 25.7888 1.6000
      vertex 71.6500 25.6129 2.4000
    endloop
  endfacet
  facet normal 0.954480 0.000000 0.298275
    outer loop
      vertex 71.9000 25.4387 1.6000
      vertex 71.6500 25.6129 2.4000
      vertex 71.6500 25.2661 2.4000
    endloop
  endfacet
  facet normal 0.954480 -0.000000 0.298275
    outer loop
      vertex 71.9000 25.7888 1.6000
      vertex 71.9000 26.1389 1.6000
      vertex 71.6500 25.9597 2.4000
    endloop
  endfacet
  facet normal 0.954480 0.000000 0.298275
    outer loop
      vertex 71.9000 25.7888 1.6000
      vertex 71.6500 25.9597 2.4000
      vertex 71.6500 25.6129 2.4000
    endloop
  endfacet
  facet normal 0.954480 -0.000000 0.298275
    outer loop
      vertex 71.9000 26.1389 1.6000
      vertex 71.9000 26.4891 1.6000
      vertex 71.6500 26.3065 2.4000
    endloop
  endfacet
  facet normal 0.954480 0.000000 0.298275
    outer loop
      vertex 71.9000 26.1389 1.6000
      vertex 71.6500 26.3065 2.4000
      vertex 71.6500 25.9597 2.4000
    endloop
  endfacet
  facet normal 0.954480 -0.000000 0.298275
    outer loop
      vertex 71.9000 26.4891 1.6000
      vertex 71.9000 26.8392 1.6000
      vertex 71.6500 26.6533 2.4000
    endloop
  endfacet
  facet normal 0.954480 0.000000 0.298275
    outer loop
      vertex 71.9000 26.4891 1.6000
      vertex 71.6500 26.6533 2.4000
      vertex 71.6500 26.3065 2.4000
    endloop
  endfacet
  facet normal 0.954480 -0.000000 0.298275
    outer loop
      vertex 71.9000 26.8392 1.6000
      vertex 71.9000 27.1893 1.6000
      vertex 71.6500 27.0002 2.4000
    endloop
  endfacet
  facet normal 0.954480 0.000000 0.298275
    outer loop
      vertex 71.9000 26.8392 1.6000
      vertex 71.6500 27.0002 2.4000
      vertex 71.6500 26.6533 2.4000
    endloop
  endfacet
  facet normal 0.954480 -0.000000 0.298275
    outer loop
      vertex 71.9000 27.1893 1.6000
      vertex 71.9000 27.5395 1.6000
      vertex 71.6500 27.3470 2.4000
    endloop
  endfacet
  facet normal 0.954480 0.000000 0.298275
    outer loop
      vertex 71.9000 27.1893 1.6000
      vertex 71.6500 27.3470 2.4000
      vertex 71.6500 27.0002 2.4000
    endloop
  endfacet
  facet normal 0.954480 -0.000000 0.298275
    outer loop
      vertex 71.9000 27.5395 1.6000
      vertex 71.9000 27.8896 1.6000
      vertex 71.6500 27.6938 2.4000
    endloop
  endfacet
  facet normal 0.954480 0.000000 0.298275
    outer loop
      vertex 71.9000 27.5395 1.6000
      vertex 71.6500 27.6938 2.4000
      vertex 71.6500 27.3470 2.4000
    endloop
  endfacet
  facet normal 0.954480 -0.000000 0.298275
    outer loop
      vertex 71.9000 27.8896 1.6000
      vertex 71.9000 28.2397 1.6000
      vertex 71.6500 28.0406 2.4000
    endloop
  endfacet
  facet normal 0.954480 0.000000 0.298275
    outer loop
      vertex 71.9000 27.8896 1.6000
      vertex 71.6500 28.0406 2.4000
      vertex 71.6500 27.6938 2.4000
    endloop
  endfacet
  facet normal 0.954480 -0.000000 0.298275
    outer loop
      vertex 71.9000 28.2397 1.6000
      vertex 71.9000 28.5899 1.6000
      vertex 71.6500 28.3874 2.4000
    endloop
  endfacet
  facet normal 0.954480 0.000000 0.298275
    outer loop
      vertex 71.9000 28.2397 1.6000
      vertex 71.6500 28.3874 2.4000
      vertex 71.6500 28.0406 2.4000
    endloop
  endfacet
  facet normal 0.954480 -0.000000 0.298275
    outer loop
      vertex 71.9000 28.5899 1.6000
      vertex 71.9000 28.9400 1.6000
      vertex 71.6500 28.7342 2.4000
    endloop
  endfacet
  facet normal 0.954480 0.000000 0.298275
    outer loop
      vertex 71.9000 28.5899 1.6000
      vertex 71.6500 28.7342 2.4000
      vertex 71.6500 28.3874 2.4000
    endloop
  endfacet
  facet normal 0.954480 -0.000000 0.298275
    outer loop
      vertex 71.9000 28.9400 1.6000
      vertex 71.9000 29.2901 1.6000
      vertex 71.6500 29.0811 2.4000
    endloop
  endfacet
  facet normal 0.954480 0.000000 0.298275
    outer loop
      vertex 71.9000 28.9400 1.6000
      vertex 71.6500 29.0811 2.4000
      vertex 71.6500 28.7342 2.4000
    endloop
  endfacet
  facet normal 0.954480 -0.000000 0.298275
    outer loop
      vertex 71.9000 29.2901 1.6000
      vertex 71.9000 29.6403 1.6000
      vertex 71.6500 29.4279 2.4000
    endloop
  endfacet
  facet normal 0.954480 0.000000 0.298275
    outer loop
      vertex 71.9000 29.2901 1.6000
      vertex 71.6500 29.4279 2.4000
      vertex 71.6500 29.0811 2.4000
    endloop
  endfacet
  facet normal 0.954480 -0.000000 0.298275
    outer loop
      vertex 71.9000 29.6403 1.6000
      vertex 71.9000 29.9904 1.6000
      vertex 71.6500 29.7747 2.4000
    endloop
  endfacet
  facet normal 0.954480 0.000000 0.298275
    outer loop
      vertex 71.9000 29.6403 1.6000
      vertex 71.6500 29.7747 2.4000
      vertex 71.6500 29.4279 2.4000
    endloop
  endfacet
  facet normal 0.954480 -0.000000 0.298275
    outer loop
      vertex 71.9000 29.9904 1.6000
      vertex 71.9000 30.3406 1.6000
      vertex 71.6500 30.1215 2.4000
    endloop
  endfacet
  facet normal 0.954480 0.000000 0.298275
    outer loop
      vertex 71.9000 29.9904 1.6000
      vertex 71.6500 30.1215 2.4000
      vertex 71.6500 29.7747 2.4000
    endloop
  endfacet
  facet normal 0.954480 -0.000000 0.298275
    outer loop
      vertex 71.9000 30.3406 1.6000
      vertex 71.9000 30.6907 1.6000
      vertex 71.6500 30.4683 2.4000
    endloop
  endfacet
  facet normal 0.954480 0.000000 0.298275
    outer loop
      vertex 71.9000 30.3406 1.6000
      vertex 71.6500 30.4683 2.4000
      vertex 71.6500 30.1215 2.4000
    endloop
  endfacet
  facet normal 0.954480 -0.000000 0.298275
    outer loop
      vertex 71.9000 30.6907 1.6000
      vertex 71.9000 31.0408 1.6000
      vertex 71.6500 30.8152 2.4000
    endloop
  endfacet
  facet normal 0.954480 0.000000 0.298275
    outer loop
      vertex 71.9000 30.6907 1.6000
      vertex 71.6500 30.8152 2.4000
      vertex 71.6500 30.4683 2.4000
    endloop
  endfacet
  facet normal 0.954480 -0.000000 0.298275
    outer loop
      vertex 71.9000 31.0408 1.6000
      vertex 71.9000 31.3910 1.6000
      vertex 71.6500 31.1620 2.4000
    endloop
  endfacet
  facet normal 0.954480 0.000000 0.298275
    outer loop
      vertex 71.9000 31.0408 1.6000
      vertex 71.6500 31.1620 2.4000
      vertex 71.6500 30.8152 2.4000
    endloop
  endfacet
  facet normal 0.954480 -0.000000 0.298275
    outer loop
      vertex 71.9000 31.3910 1.6000
      vertex 71.9000 31.7411 1.6000
      vertex 71.6500 31.5088 2.4000
    endloop
  endfacet
  facet normal 0.954480 0.000000 0.298275
    outer loop
      vertex 71.9000 31.3910 1.6000
      vertex 71.6500 31.5088 2.4000
      vertex 71.6500 31.1620 2.4000
    endloop
  endfacet
  facet normal 0.954480 -0.000000 0.298275
    outer loop
      vertex 71.9000 31.7411 1.6000
      vertex 71.9000 32.0912 1.6000
      vertex 71.6500 31.8556 2.4000
    endloop
  endfacet
  facet normal 0.954480 0.000000 0.298275
    outer loop
      vertex 71.9000 31.7411 1.6000
      vertex 71.6500 31.8556 2.4000
      vertex 71.6500 31.5088 2.4000
    endloop
  endfacet
  facet normal 0.954480 -0.000000 0.298275
    outer loop
      vertex 71.9000 32.0912 1.6000
      vertex 71.9000 32.4414 1.6000
      vertex 71.6500 32.2024 2.4000
    endloop
  endfacet
  facet normal 0.954480 0.000000 0.298275
    outer loop
      vertex 71.9000 32.0912 1.6000
      vertex 71.6500 32.2024 2.4000
      vertex 71.6500 31.8556 2.4000
    endloop
  endfacet
  facet normal 0.954480 -0.000000 0.298275
    outer loop
      vertex 71.9000 32.4414 1.6000
      vertex 71.9000 32.7915 1.6000
      vertex 71.6500 32.5492 2.4000
    endloop
  endfacet
  facet normal 0.954480 0.000000 0.298275
    outer loop
      vertex 71.9000 32.4414 1.6000
      vertex 71.6500 32.5492 2.4000
      vertex 71.6500 32.2024 2.4000
    endloop
  endfacet
  facet normal 0.954480 -0.000000 0.298275
    outer loop
      vertex 71.9000 32.7915 1.6000
      vertex 71.9000 33.1416 1.6000
      vertex 71.6500 32.8961 2.4000
    endloop
  endfacet
  facet normal 0.954480 0.000000 0.298275
    outer loop
      vertex 71.9000 32.7915 1.6000
      vertex 71.6500 32.8961 2.4000
      vertex 71.6500 32.5492 2.4000
    endloop
  endfacet
  facet normal 0.954480 -0.000000 0.298275
    outer loop
      vertex 71.9000 33.1416 1.6000
      vertex 71.9000 33.4918 1.6000
      vertex 71.6500 33.2429 2.4000
    endloop
  endfacet
  facet normal 0.954480 0.000000 0.298275
    outer loop
      vertex 71.9000 33.1416 1.6000
      vertex 71.6500 33.2429 2.4000
      vertex 71.6500 32.8961 2.4000
    endloop
  endfacet
  facet normal 0.954480 -0.000000 0.298275
    outer loop
      vertex 71.9000 33.4918 1.6000
      vertex 71.9000 33.8419 1.6000
      vertex 71.6500 33.5897 2.4000
    endloop
  endfacet
  facet normal 0.954480 0.000000 0.298275
    outer loop
      vertex 71.9000 33.4918 1.6000
      vertex 71.6500 33.5897 2.4000
      vertex 71.6500 33.2429 2.4000
    endloop
  endfacet
  facet normal 0.954480 -0.000000 0.298275
    outer loop
      vertex 71.9000 33.8419 1.6000
      vertex 71.9000 34.1920 1.6000
      vertex 71.6500 33.9365 2.4000
    endloop
  endfacet
  facet normal 0.954480 0.000000 0.298275
    outer loop
      vertex 71.9000 33.8419 1.6000
      vertex 71.6500 33.9365 2.4000
      vertex 71.6500 33.5897 2.4000
    endloop
  endfacet
  facet normal 0.954480 -0.000000 0.298275
    outer loop
      vertex 71.9000 34.1920 1.6000
      vertex 71.9000 34.5422 1.6000
      vertex 71.6500 34.2833 2.4000
    endloop
  endfacet
  facet normal 0.954480 0.000000 0.298275
    outer loop
      vertex 71.9000 34.1920 1.6000
      vertex 71.6500 34.2833 2.4000
      vertex 71.6500 33.9365 2.4000
    endloop
  endfacet
  facet normal 0.954480 -0.000000 0.298275
    outer loop
      vertex 71.9000 34.5422 1.6000
      vertex 71.9000 34.8923 1.6000
      vertex 71.6500 34.6302 2.4000
    endloop
  endfacet
  facet normal 0.954480 0.000000 0.298275
    outer loop
      vertex 71.9000 34.5422 1.6000
      vertex 71.6500 34.6302 2.4000
      vertex 71.6500 34.2833 2.4000
    endloop
  endfacet
  facet normal 0.954480 -0.000000 0.298275
    outer loop
      vertex 71.9000 34.8923 1.6000
      vertex 71.9000 35.2424 1.6000
      vertex 71.6500 34.9770 2.4000
    endloop
  endfacet
  facet normal 0.954480 0.000000 0.298275
    outer loop
      vertex 71.9000 34.8923 1.6000
      vertex 71.6500 34.9770 2.4000
      vertex 71.6500 34.6302 2.4000
    endloop
  endfacet
  facet normal 0.954670 0.007492 0.297573
    outer loop
      vertex 71.9000 35.2424 1.6000
      vertex 71.8973 35.5925 1.6000
      vertex 71.6500 35.3238 2.4000
    endloop
  endfacet
  facet normal 0.954480 0.000000 0.298275
    outer loop
      vertex 71.9000 35.2424 1.6000
      vertex 71.6500 35.3238 2.4000
      vertex 71.6500 34.9770 2.4000
    endloop
  endfacet
  facet normal 0.874589 0.405786 0.265390
    outer loop
      vertex 71.8973 35.5925 1.6000
      vertex 71.7530 35.9034 1.6000
      vertex 71.6205 35.6658 2.4000
    endloop
  endfacet
  facet normal 0.944176 0.081526 0.319196
    outer loop
      vertex 71.8973 35.5925 1.6000
      vertex 71.6205 35.6658 2.4000
      vertex 71.6500 35.3238 2.4000
    endloop
  endfacet
  facet normal 0.425039 0.852727 0.303641
    outer loop
      vertex 71.7530 35.9034 1.6000
      vertex 71.4440 36.0575 1.6000
      vertex 71.3289 35.8299 2.4000
    endloop
  endfacet
  facet normal 0.464378 0.825046 0.321951
    outer loop
      vertex 71.7530 35.9034 1.6000
      vertex 71.3289 35.8299 2.4000
      vertex 71.6205 35.6658 2.4000
    endloop
  endfacet
  facet normal 0.255206 0.919729 0.298275
    outer loop
      vertex 71.4440 36.0575 1.6000
      vertex 71.1066 36.1511 1.6000
      vertex 70.9947 35.9227 2.4000
    endloop
  endfacet
  facet normal 0.255206 0.919729 0.298275
    outer loop
      vertex 71.4440 36.0575 1.6000
      vertex 70.9947 35.9227 2.4000
      vertex 71.3289 35.8299 2.4000
    endloop
  endfacet
  facet normal 0.255206 0.919729 0.298275
    outer loop
      vertex 71.1066 36.1511 1.6000
      vertex 70.7692 36.2447 1.6000
      vertex 70.6605 36.0154 2.4000
    endloop
  endfacet
  facet normal 0.255206 0.919729 0.298275
    outer loop
      vertex 71.1066 36.1511 1.6000
      vertex 70.6605 36.0154 2.4000
      vertex 70.9947 35.9227 2.4000
    endloop
  endfacet
  facet normal 0.255206 0.919729 0.298275
    outer loop
      vertex 70.7692 36.2447 1.6000
      vertex 70.4318 36.3383 1.6000
      vertex 70.3263 36.1081 2.4000
    endloop
  endfacet
  facet normal 0.255206 0.919729 0.298275
    outer loop
      vertex 70.7692 36.2447 1.6000
      vertex 70.3263 36.1081 2.4000
      vertex 70.6605 36.0154 2.4000
    endloop
  endfacet
  facet normal 0.253324 0.920023 0.298972
    outer loop
      vertex 70.4318 36.3383 1.6000
      vertex 70.0942 36.4313 1.6000
      vertex 69.9918 36.1995 2.4000
    endloop
  endfacet
  facet normal 0.251482 0.920812 0.298096
    outer loop
      vertex 70.4318 36.3383 1.6000
      vertex 69.9918 36.1995 2.4000
      vertex 70.3263 36.1081 2.4000
    endloop
  endfacet
  facet normal 0.238323 0.924248 0.298275
    outer loop
      vertex 70.0942 36.4313 1.6000
      vertex 69.7552 36.5187 1.6000
      vertex 69.6560 36.2861 2.4000
    endloop
  endfacet
  facet normal 0.238323 0.924248 0.298275
    outer loop
      vertex 70.0942 36.4313 1.6000
      vertex 69.6560 36.2861 2.4000
      vertex 69.9918 36.1995 2.4000
    endloop
  endfacet
  facet normal 0.238323 0.924248 0.298275
    outer loop
      vertex 69.7552 36.5187 1.6000
      vertex 69.4161 36.6061 1.6000
      vertex 69.3201 36.3727 2.4000
    endloop
  endfacet
  facet normal 0.238323 0.924248 0.298275
    outer loop
      vertex 69.7552 36.5187 1.6000
      vertex 69.3201 36.3727 2.4000
      vertex 69.6560 36.2861 2.4000
    endloop
  endfacet
  facet normal 0.238323 0.924248 0.298275
    outer loop
      vertex 69.4161 36.6061 1.6000
      vertex 69.0771 36.6935 1.6000
      vertex 68.9843 36.4593 2.4000
    endloop
  endfacet
  facet normal 0.238323 0.924248 0.298275
    outer loop
      vertex 69.4161 36.6061 1.6000
      vertex 68.9843 36.4593 2.4000
      vertex 69.3201 36.3727 2.4000
    endloop
  endfacet
  facet normal 0.238323 0.924248 0.298275
    outer loop
      vertex 69.0771 36.6935 1.6000
      vertex 68.7381 36.7810 1.6000
      vertex 68.6485 36.5459 2.4000
    endloop
  endfacet
  facet normal 0.238323 0.924248 0.298275
    outer loop
      vertex 69.0771 36.6935 1.6000
      vertex 68.6485 36.5459 2.4000
      vertex 68.9843 36.4593 2.4000
    endloop
  endfacet
  facet normal 0.238323 0.924248 0.298275
    outer loop
      vertex 68.7381 36.7810 1.6000
      vertex 68.3990 36.8684 1.6000
      vertex 68.3126 36.6325 2.4000
    endloop
  endfacet
  facet normal 0.238323 0.924248 0.298275
    outer loop
      vertex 68.7381 36.7810 1.6000
      vertex 68.3126 36.6325 2.4000
      vertex 68.6485 36.5459 2.4000
    endloop
  endfacet
  facet normal 0.229593 0.926311 0.298723
    outer loop
      vertex 68.3990 36.8684 1.6000
      vertex 68.0592 36.9526 1.6000
      vertex 67.9759 36.7153 2.4000
    endloop
  endfacet
  facet normal 0.227898 0.926977 0.297954
    outer loop
      vertex 68.3990 36.8684 1.6000
      vertex 67.9759 36.7153 2.4000
      vertex 68.3126 36.6325 2.4000
    endloop
  endfacet
  facet normal 0.214782 0.930000 0.298275
    outer loop
      vertex 68.0592 36.9526 1.6000
      vertex 67.7180 37.0314 1.6000
      vertex 67.6379 36.7933 2.4000
    endloop
  endfacet
  facet normal 0.214782 0.930000 0.298275
    outer loop
      vertex 68.0592 36.9526 1.6000
      vertex 67.6379 36.7933 2.4000
      vertex 67.9759 36.7153 2.4000
    endloop
  endfacet
  facet normal 0.214782 0.930000 0.298275
    outer loop
      vertex 67.7180 37.0314 1.6000
      vertex 67.3769 37.1102 1.6000
      vertex 67.3000 36.8714 2.4000
    endloop
  endfacet
  facet normal 0.214782 0.930000 0.298275
    outer loop
      vertex 67.7180 37.0314 1.6000
      vertex 67.3000 36.8714 2.4000
      vertex 67.6379 36.7933 2.4000
    endloop
  endfacet
  facet normal 0.214782 0.930000 0.298275
    outer loop
      vertex 67.3769 37.1102 1.6000
      vertex 67.0357 37.1890 1.6000
      vertex 66.9621 36.9494 2.4000
    endloop
  endfacet
  facet normal 0.214782 0.930000 0.298275
    outer loop
      vertex 67.3769 37.1102 1.6000
      vertex 66.9621 36.9494 2.4000
      vertex 67.3000 36.8714 2.4000
    endloop
  endfacet
  facet normal 0.214782 0.930000 0.298275
    outer loop
      vertex 67.0357 37.1890 1.6000
      vertex 66.6946 37.2678 1.6000
      vertex 66.6242 37.0274 2.4000
    endloop
  endfacet
  facet normal 0.214782 0.930000 0.298275
    outer loop
      vertex 67.0357 37.1890 1.6000
      vertex 66.6242 37.0274 2.4000
      vertex 66.9621 36.9494 2.4000
    endloop
  endfacet
  facet normal 0.214782 0.930000 0.298275
    outer loop
      vertex 66.6946 37.2678 1.6000
      vertex 66.3534 37.3466 1.6000
      vertex 66.2863 37.1055 2.4000
    endloop
  endfacet
  facet normal 0.214782 0.930000 0.298275
    outer loop
      vertex 66.6946 37.2678 1.6000
      vertex 66.2863 37.1055 2.4000
      vertex 66.6242 37.0274 2.4000
    endloop
  endfacet
  facet normal 0.214782 0.930000 0.298275
    outer loop
      vertex 66.3534 37.3466 1.6000
      vertex 66.0123 37.4254 1.6000
      vertex 65.9483 37.1835 2.4000
    endloop
  endfacet
  facet normal 0.214782 0.930000 0.298275
    outer loop
      vertex 66.3534 37.3466 1.6000
      vertex 65.9483 37.1835 2.4000
      vertex 66.2863 37.1055 2.4000
    endloop
  endfacet
  facet normal 0.194233 0.934446 0.298470
    outer loop
      vertex 66.0123 37.4254 1.6000
      vertex 65.6695 37.4966 1.6000
      vertex 65.6087 37.2537 2.4000
    endloop
  endfacet
  facet normal 0.193148 0.934820 0.298003
    outer loop
      vertex 66.0123 37.4254 1.6000
      vertex 65.6087 37.2537 2.4000
      vertex 65.9483 37.1835 2.4000
    endloop
  endfacet
  facet normal 0.180149 0.937325 0.298275
    outer loop
      vertex 65.6695 37.4966 1.6000
      vertex 65.3257 37.5627 1.6000
      vertex 65.2682 37.3192 2.4000
    endloop
  endfacet
  facet normal 0.180149 0.937325 0.298275
    outer loop
      vertex 65.6695 37.4966 1.6000
      vertex 65.2682 37.3192 2.4000
      vertex 65.6087 37.2537 2.4000
    endloop
  endfacet
  facet normal 0.180149 0.937325 0.298275
    outer loop
      vertex 65.3257 37.5627 1.6000
      vertex 64.9818 37.6288 1.6000
      vertex 64.9276 37.3846 2.4000
    endloop
  endfacet
  facet normal 0.180149 0.937325 0.298275
    outer loop
      vertex 65.3257 37.5627 1.6000
      vertex 64.9276 37.3846 2.4000
      vertex 65.2682 37.3192 2.4000
    endloop
  endfacet
  facet normal 0.180149 0.937325 0.298275
    outer loop
      vertex 64.9818 37.6288 1.6000
      vertex 64.6380 37.6948 1.6000
      vertex 64.5870 37.4501 2.4000
    endloop
  endfacet
  facet normal 0.180149 0.937325 0.298275
    outer loop
      vertex 64.9818 37.6288 1.6000
      vertex 64.5870 37.4501 2.4000
      vertex 64.9276 37.3846 2.4000
    endloop
  endfacet
  facet normal 0.180149 0.937325 0.298275
    outer loop
      vertex 64.6380 37.6948 1.6000
      vertex 64.2941 37.7609 1.6000
      vertex 64.2464 37.5155 2.4000
    endloop
  endfacet
  facet normal 0.180149 0.937325 0.298275
    outer loop
      vertex 64.6380 37.6948 1.6000
      vertex 64.2464 37.5155 2.4000
      vertex 64.5870 37.4501 2.4000
    endloop
  endfacet
  facet normal 0.180149 0.937325 0.298275
    outer loop
      vertex 64.2941 37.7609 1.6000
      vertex 63.9503 37.8270 1.6000
      vertex 63.9058 37.5810 2.4000
    endloop
  endfacet
  facet normal 0.180149 0.937325 0.298275
    outer loop
      vertex 64.2941 37.7609 1.6000
      vertex 63.9058 37.5810 2.4000
      vertex 64.2464 37.5155 2.4000
    endloop
  endfacet
  facet normal 0.180149 0.937325 0.298275
    outer loop
      vertex 63.9503 37.8270 1.6000
      vertex 63.6064 37.8931 1.6000
      vertex 63.5652 37.6464 2.4000
    endloop
  endfacet
  facet normal 0.180149 0.937325 0.298275
    outer loop
      vertex 63.9503 37.8270 1.6000
      vertex 63.5652 37.6464 2.4000
      vertex 63.9058 37.5810 2.4000
    endloop
  endfacet
  facet normal 0.152552 0.942194 0.298327
    outer loop
      vertex 63.6064 37.8931 1.6000
      vertex 63.2609 37.9490 1.6000
      vertex 63.2230 37.7019 2.4000
    endloop
  endfacet
  facet normal 0.152611 0.942176 0.298352
    outer loop
      vertex 63.6064 37.8931 1.6000
      vertex 63.2230 37.7019 2.4000
      vertex 63.5652 37.6464 2.4000
    endloop
  endfacet
  facet normal 0.124667 0.946303 0.298275
    outer loop
      vertex 63.2609 37.9490 1.6000
      vertex 62.9138 37.9948 1.6000
      vertex 62.8792 37.7472 2.4000
    endloop
  endfacet
  facet normal 0.124667 0.946303 0.298275
    outer loop
      vertex 63.2609 37.9490 1.6000
      vertex 62.8792 37.7472 2.4000
      vertex 63.2230 37.7019 2.4000
    endloop
  endfacet
  facet normal 0.124667 0.946303 0.298275
    outer loop
      vertex 62.9138 37.9948 1.6000
      vertex 62.5667 38.0405 1.6000
      vertex 62.5353 37.7925 2.4000
    endloop
  endfacet
  facet normal 0.124667 0.946303 0.298275
    outer loop
      vertex 62.9138 37.9948 1.6000
      vertex 62.5353 37.7925 2.4000
      vertex 62.8792 37.7472 2.4000
    endloop
  endfacet
  facet normal 0.124667 0.946303 0.298275
    outer loop
      vertex 62.5667 38.0405 1.6000
      vertex 62.2195 38.0862 1.6000
      vertex 62.1915 37.8378 2.4000
    endloop
  endfacet
  facet normal 0.124667 0.946303 0.298275
    outer loop
      vertex 62.5667 38.0405 1.6000
      vertex 62.1915 37.8378 2.4000
      vertex 62.5353 37.7925 2.4000
    endloop
  endfacet
  facet normal 0.124667 0.946303 0.298275
    outer loop
      vertex 62.2195 38.0862 1.6000
      vertex 61.8724 38.1320 1.6000
      vertex 61.8476 37.8831 2.4000
    endloop
  endfacet
  facet normal 0.124667 0.946303 0.298275
    outer loop
      vertex 62.2195 38.0862 1.6000
      vertex 61.8476 37.8831 2.4000
      vertex 62.1915 37.8378 2.4000
    endloop
  endfacet
  facet normal 0.124667 0.946303 0.298275
    outer loop
      vertex 61.8724 38.1320 1.6000
      vertex 61.5253 38.1777 1.6000
      vertex 61.5038 37.9284 2.4000
    endloop
  endfacet
  facet normal 0.124667 0.946303 0.298275
    outer loop
      vertex 61.8724 38.1320 1.6000
      vertex 61.5038 37.9284 2.4000
      vertex 61.8476 37.8831 2.4000
    endloop
  endfacet
  facet normal 0.124667 0.946303 0.298275
    outer loop
      vertex 61.5253 38.1777 1.6000
      vertex 61.1781 38.2234 1.6000
      vertex 61.1599 37.9737 2.4000
    endloop
  endfacet
  facet normal 0.124667 0.946303 0.298275
    outer loop
      vertex 61.5253 38.1777 1.6000
      vertex 61.1599 37.9737 2.4000
      vertex 61.5038 37.9284 2.4000
    endloop
  endfacet
  facet normal 0.044444 0.953400 0.298419
    outer loop
      vertex 61.1781 38.2234 1.6000
      vertex 60.8286 38.2397 1.6000
      vertex 60.8138 37.9900 2.4000
    endloop
  endfacet
  facet normal 0.045008 0.953302 0.298647
    outer loop
      vertex 61.1781 38.2234 1.6000
      vertex 60.8138 37.9900 2.4000
      vertex 61.1599 37.9737 2.4000
    endloop
  endfacet
  facet normal 0.023294 0.954196 0.298275
    outer loop
      vertex 60.8286 38.2397 1.6000
      vertex 60.4786 38.2483 1.6000
      vertex 60.4671 37.9985 2.4000
    endloop
  endfacet
  facet normal 0.023294 0.954196 0.298275
    outer loop
      vertex 60.8286 38.2397 1.6000
      vertex 60.4671 37.9985 2.4000
      vertex 60.8138 37.9900 2.4000
    endloop
  endfacet
  facet normal 0.023294 0.954196 0.298275
    outer loop
      vertex 60.4786 38.2483 1.6000
      vertex 60.1286 38.2568 1.6000
      vertex 60.1203 38.0069 2.4000
    endloop
  endfacet
  facet normal 0.023294 0.954196 0.298275
    outer loop
      vertex 60.4786 38.2483 1.6000
      vertex 60.1203 38.0069 2.4000
      vertex 60.4671 37.9985 2.4000
    endloop
  endfacet
  facet normal 0.023294 0.954196 0.298275
    outer loop
      vertex 60.1286 38.2568 1.6000
      vertex 59.7785 38.2654 1.6000
      vertex 59.7736 38.0154 2.4000
    endloop
  endfacet
  facet normal 0.023294 0.954196 0.298275
    outer loop
      vertex 60.1286 38.2568 1.6000
      vertex 59.7736 38.0154 2.4000
      vertex 60.1203 38.0069 2.4000
    endloop
  endfacet
  facet normal 0.023294 0.954196 0.298275
    outer loop
      vertex 59.7785 38.2654 1.6000
      vertex 59.4285 38.2739 1.6000
      vertex 59.4269 38.0239 2.4000
    endloop
  endfacet
  facet normal 0.023294 0.954196 0.298275
    outer loop
      vertex 59.7785 38.2654 1.6000
      vertex 59.4269 38.0239 2.4000
      vertex 59.7736 38.0154 2.4000
    endloop
  endfacet
  facet normal -0.012989 0.952665 0.303744
    outer loop
      vertex 59.4285 38.2739 1.6000
      vertex 59.0791 38.2691 1.6000
      vertex 59.0815 38.0141 2.4000
    endloop
  endfacet
  facet normal -0.026974 0.954136 0.298156
    outer loop
      vertex 59.4285 38.2739 1.6000
      vertex 59.0815 38.0141 2.4000
      vertex 59.4269 38.0239 2.4000
    endloop
  endfacet
  facet normal -0.202998 0.932627 0.298326
    outer loop
      vertex 59.0791 38.2691 1.6000
      vertex 58.7370 38.1947 1.6000
      vertex 58.7427 37.9400 2.4000
    endloop
  endfacet
  facet normal -0.203923 0.932559 0.297909
    outer loop
      vertex 59.0791 38.2691 1.6000
      vertex 58.7427 37.9400 2.4000
      vertex 59.0815 38.0141 2.4000
    endloop
  endfacet
  facet normal -0.203898 0.932447 0.298275
    outer loop
      vertex 58.7370 38.1947 1.6000
      vertex 58.3950 38.1199 1.6000
      vertex 58.4039 37.8659 2.4000
    endloop
  endfacet
  facet normal -0.203898 0.932447 0.298275
    outer loop
      vertex 58.7370 38.1947 1.6000
      vertex 58.4039 37.8659 2.4000
      vertex 58.7427 37.9400 2.4000
    endloop
  endfacet
  facet normal -0.203898 0.932447 0.298275
    outer loop
      vertex 58.3950 38.1199 1.6000
      vertex 58.0529 38.0451 1.6000
      vertex 58.0651 37.7918 2.4000
    endloop
  endfacet
  facet normal -0.203898 0.932447 0.298275
    outer loop
      vertex 58.3950 38.1199 1.6000
      vertex 58.0651 37.7918 2.4000
      vertex 58.4039 37.8659 2.4000
    endloop
  endfacet
  facet normal -0.354010 0.861524 0.363942
    outer loop
      vertex 58.0529 38.0451 1.6000
      vertex 57.7335 37.9138 1.6000
      vertex 57.7920 37.5999 2.4000
    endloop
  endfacet
  facet normal -0.555424 0.790322 0.258642
    outer loop
      vertex 58.0529 38.0451 1.6000
      vertex 57.7920 37.5999 2.4000
      vertex 58.0651 37.7918 2.4000
    endloop
  endfacet
  facet normal -0.732416 0.605786 0.310789
    outer loop
      vertex 57.7335 37.9138 1.6000
      vertex 57.5108 37.6446 1.6000
      vertex 57.5841 37.3227 2.4000
    endloop
  endfacet
  facet normal -0.767442 0.575745 0.282047
    outer loop
      vertex 57.7335 37.9138 1.6000
      vertex 57.5841 37.3227 2.4000
      vertex 57.7920 37.5999 2.4000
    endloop
  endfacet
  facet normal -0.742810 0.467153 0.479585
    outer loop
      vertex 57.5108 37.6446 1.6000
      vertex 57.3257 37.3502 1.6000
      vertex 57.6159 36.9905 2.4000
    endloop
  endfacet
  facet normal -0.994045 -0.095437 0.052595
    outer loop
      vertex 57.5108 37.6446 1.6000
      vertex 57.6159 36.9905 2.4000
      vertex 57.5841 37.3227 2.4000
    endloop
  endfacet
  facet normal -0.906336 -0.048987 0.419708
    outer loop
      vertex 57.3257 37.3502 1.6000
      vertex 57.3442 37.0073 1.6000
      vertex 57.7332 36.6641 2.4000
    endloop
  endfacet
  facet normal -0.924641 -0.332313 0.186029
    outer loop
      vertex 57.3257 37.3502 1.6000
      vertex 57.7332 36.6641 2.4000
      vertex 57.6159 36.9905 2.4000
    endloop
  endfacet
  facet normal -0.898231 -0.322821 0.298275
    outer loop
      vertex 57.3442 37.0073 1.6000
      vertex 57.4627 36.6778 1.6000
      vertex 57.8505 36.3377 2.4000
    endloop
  endfacet
  facet normal -0.898231 -0.322821 0.298275
    outer loop
      vertex 57.3442 37.0073 1.6000
      vertex 57.8505 36.3377 2.4000
      vertex 57.7332 36.6641 2.4000
    endloop
  endfacet
  facet normal -0.897035 -0.322391 0.302312
    outer loop
      vertex 57.4627 36.6778 1.6000
      vertex 57.5811 36.3483 1.6000
      vertex 57.9713 36.0126 2.4000
    endloop
  endfacet
  facet normal -0.896250 -0.333012 0.292982
    outer loop
      vertex 57.4627 36.6778 1.6000
      vertex 57.9713 36.0126 2.4000
      vertex 57.8505 36.3377 2.4000
    endloop
  endfacet
  facet normal -0.893393 -0.322657 0.312637
    outer loop
      vertex 57.5811 36.3483 1.6000
      vertex 57.7000 36.0190 1.6000
      vertex 58.0988 35.6901 2.4000
    endloop
  endfacet
  facet normal -0.890946 -0.351979 0.286926
    outer loop
      vertex 57.5811 36.3483 1.6000
      vertex 58.0988 35.6901 2.4000
      vertex 57.9713 36.0126 2.4000
    endloop
  endfacet
  facet normal -0.887716 -0.350703 0.298275
    outer loop
      vertex 57.7000 36.0190 1.6000
      vertex 57.8287 35.6934 1.6000
      vertex 58.2262 35.3675 2.4000
    endloop
  endfacet
  facet normal -0.887716 -0.350703 0.298275
    outer loop
      vertex 57.7000 36.0190 1.6000
      vertex 58.2262 35.3675 2.4000
      vertex 58.0988 35.6901 2.4000
    endloop
  endfacet
  facet normal -0.887716 -0.350703 0.298275
    outer loop
      vertex 57.8287 35.6934 1.6000
      vertex 57.9573 35.3677 1.6000
      vertex 58.3536 35.0450 2.4000
    endloop
  endfacet
  facet normal -0.887716 -0.350703 0.298275
    outer loop
      vertex 57.8287 35.6934 1.6000
      vertex 58.3536 35.0450 2.4000
      vertex 58.2262 35.3675 2.4000
    endloop
  endfacet
  facet normal -0.887716 -0.350703 0.298275
    outer loop
      vertex 57.9573 35.3677 1.6000
      vertex 58.0860 35.0421 1.6000
      vertex 58.4811 34.7224 2.4000
    endloop
  endfacet
  facet normal -0.887716 -0.350703 0.298275
    outer loop
      vertex 57.9573 35.3677 1.6000
      vertex 58.4811 34.7224 2.4000
      vertex 58.3536 35.0450 2.4000
    endloop
  endfacet
  facet normal -0.915896 -0.361835 0.173811
    outer loop
      vertex 58.0860 35.0421 1.6000
      vertex 58.2146 34.7164 1.6000
      vertex 58.4973 34.3852 2.4000
    endloop
  endfacet
  facet normal -0.902552 -0.043450 0.428383
    outer loop
      vertex 58.0860 35.0421 1.6000
      vertex 58.4973 34.3852 2.4000
      vertex 58.4811 34.7224 2.4000
    endloop
  endfacet
  facet normal -0.980524 -0.069867 0.183550
    outer loop
      vertex 58.2146 34.7164 1.6000
      vertex 58.2385 34.3817 1.6000
      vertex 58.4119 34.0490 2.4000
    endloop
  endfacet
  facet normal -0.885707 0.224942 0.406108
    outer loop
      vertex 58.2146 34.7164 1.6000
      vertex 58.4119 34.0490 2.4000
      vertex 58.4973 34.3852 2.4000
    endloop
  endfacet
  facet normal -0.925111 0.234949 0.298275
    outer loop
      vertex 58.2385 34.3817 1.6000
      vertex 58.1523 34.0423 1.6000
      vertex 58.3265 33.7129 2.4000
    endloop
  endfacet
  facet normal -0.925111 0.234949 0.298275
    outer loop
      vertex 58.2385 34.3817 1.6000
      vertex 58.3265 33.7129 2.4000
      vertex 58.4119 34.0490 2.4000
    endloop
  endfacet
  facet normal -0.925111 0.234949 0.298275
    outer loop
      vertex 58.1523 34.0423 1.6000
      vertex 58.0661 33.7030 1.6000
      vertex 58.2412 33.3768 2.4000
    endloop
  endfacet
  facet normal -0.925111 0.234949 0.298275
    outer loop
      vertex 58.1523 34.0423 1.6000
      vertex 58.2412 33.3768 2.4000
      vertex 58.3265 33.7129 2.4000
    endloop
  endfacet
  facet normal -0.951048 0.250052 0.181607
    outer loop
      vertex 58.0661 33.7030 1.6000
      vertex 57.9771 33.3645 1.6000
      vertex 58.0584 33.0926 2.4000
    endloop
  endfacet
  facet normal -0.779599 0.501509 0.375119
    outer loop
      vertex 58.0661 33.7030 1.6000
      vertex 58.0584 33.0926 2.4000
      vertex 58.2412 33.3768 2.4000
    endloop
  endfacet
  facet normal -0.643282 0.706495 0.295047
    outer loop
      vertex 57.9771 33.3645 1.6000
      vertex 57.7190 33.1295 1.6000
      vertex 57.7961 32.8656 2.4000
    endloop
  endfacet
  facet normal -0.622606 0.719456 0.307807
    outer loop
      vertex 57.9771 33.3645 1.6000
      vertex 57.7961 32.8656 2.4000
      vertex 58.0584 33.0926 2.4000
    endloop
  endfacet
  facet normal -0.624590 0.721748 0.298275
    outer loop
      vertex 57.7190 33.1295 1.6000
      vertex 57.4542 32.9004 1.6000
      vertex 57.5339 32.6387 2.4000
    endloop
  endfacet
  facet normal -0.624590 0.721748 0.298275
    outer loop
      vertex 57.7190 33.1295 1.6000
      vertex 57.5339 32.6387 2.4000
      vertex 57.7961 32.8656 2.4000
    endloop
  endfacet
  facet normal -0.624590 0.721748 0.298275
    outer loop
      vertex 57.4542 32.9004 1.6000
      vertex 57.1894 32.6712 1.6000
      vertex 57.2716 32.4117 2.4000
    endloop
  endfacet
  facet normal -0.624590 0.721748 0.298275
    outer loop
      vertex 57.4542 32.9004 1.6000
      vertex 57.2716 32.4117 2.4000
      vertex 57.5339 32.6387 2.4000
    endloop
  endfacet
  facet normal -0.543689 0.789155 0.285721
    outer loop
      vertex 57.1894 32.6712 1.6000
      vertex 56.9047 32.4751 1.6000
      vertex 56.9777 32.2357 2.4000
    endloop
  endfacet
  facet normal -0.487761 0.814439 0.314290
    outer loop
      vertex 57.1894 32.6712 1.6000
      vertex 56.9777 32.2357 2.4000
      vertex 57.2716 32.4117 2.4000
    endloop
  endfacet
  facet normal -0.319527 0.899408 0.298275
    outer loop
      vertex 56.9047 32.4751 1.6000
      vertex 56.5748 32.3579 1.6000
      vertex 56.6509 32.1196 2.4000
    endloop
  endfacet
  facet normal -0.319527 0.899408 0.298275
    outer loop
      vertex 56.9047 32.4751 1.6000
      vertex 56.6509 32.1196 2.4000
      vertex 56.9777 32.2357 2.4000
    endloop
  endfacet
  facet normal -0.319527 0.899408 0.298275
    outer loop
      vertex 56.5748 32.3579 1.6000
      vertex 56.2449 32.2407 1.6000
      vertex 56.3241 32.0035 2.4000
    endloop
  endfacet
  facet normal -0.319527 0.899408 0.298275
    outer loop
      vertex 56.5748 32.3579 1.6000
      vertex 56.3241 32.0035 2.4000
      vertex 56.6509 32.1196 2.4000
    endloop
  endfacet
  facet normal -0.319527 0.899408 0.298275
    outer loop
      vertex 56.2449 32.2407 1.6000
      vertex 55.9149 32.1234 1.6000
      vertex 55.9973 31.8874 2.4000
    endloop
  endfacet
  facet normal -0.319527 0.899408 0.298275
    outer loop
      vertex 56.2449 32.2407 1.6000
      vertex 55.9973 31.8874 2.4000
      vertex 56.3241 32.0035 2.4000
    endloop
  endfacet
  facet normal -0.305349 0.903230 0.301560
    outer loop
      vertex 55.9149 32.1234 1.6000
      vertex 55.5836 32.0114 1.6000
      vertex 55.6698 31.7735 2.4000
    endloop
  endfacet
  facet normal -0.313579 0.901497 0.298280
    outer loop
      vertex 55.9149 32.1234 1.6000
      vertex 55.6698 31.7735 2.4000
      vertex 55.9973 31.8874 2.4000
    endloop
  endfacet
  facet normal -0.097111 0.949527 0.298275
    outer loop
      vertex 55.5836 32.0114 1.6000
      vertex 55.2353 31.9758 1.6000
      vertex 55.3254 31.7337 2.4000
    endloop
  endfacet
  facet normal -0.109570 0.949436 0.294222
    outer loop
      vertex 55.5836 32.0114 1.6000
      vertex 55.3254 31.7337 2.4000
      vertex 55.6698 31.7735 2.4000
    endloop
  endfacet
  facet normal -0.097111 0.949527 0.298275
    outer loop
      vertex 55.2353 31.9758 1.6000
      vertex 54.8870 31.9402 1.6000
      vertex 54.9804 31.6984 2.4000
    endloop
  endfacet
  facet normal -0.097111 0.949527 0.298275
    outer loop
      vertex 55.2353 31.9758 1.6000
      vertex 54.9804 31.6984 2.4000
      vertex 55.3254 31.7337 2.4000
    endloop
  endfacet
  facet normal -0.097111 0.949527 0.298275
    outer loop
      vertex 54.8870 31.9402 1.6000
      vertex 54.5387 31.9046 1.6000
      vertex 54.6354 31.6632 2.4000
    endloop
  endfacet
  facet normal -0.097111 0.949527 0.298275
    outer loop
      vertex 54.8870 31.9402 1.6000
      vertex 54.6354 31.6632 2.4000
      vertex 54.9804 31.6984 2.4000
    endloop
  endfacet
  facet normal -0.097111 0.949527 0.298275
    outer loop
      vertex 54.5387 31.9046 1.6000
      vertex 54.1903 31.8689 1.6000
      vertex 54.2904 31.6279 2.4000
    endloop
  endfacet
  facet normal -0.097111 0.949527 0.298275
    outer loop
      vertex 54.5387 31.9046 1.6000
      vertex 54.2904 31.6279 2.4000
      vertex 54.6354 31.6632 2.4000
    endloop
  endfacet
  facet normal -0.008989 0.950004 0.312109
    outer loop
      vertex 54.1903 31.8689 1.6000
      vertex 53.8419 31.8656 1.6000
      vertex 53.9450 31.6038 2.4000
    endloop
  endfacet
  facet normal -0.066437 0.953031 0.295496
    outer loop
      vertex 54.1903 31.8689 1.6000
      vertex 53.9450 31.6038 2.4000
      vertex 54.2904 31.6279 2.4000
    endloop
  endfacet
  facet normal 0.097111 0.949527 0.298275
    outer loop
      vertex 53.8419 31.8656 1.6000
      vertex 53.4936 31.9013 1.6000
      vertex 53.6000 31.6391 2.4000
    endloop
  endfacet
  facet normal 0.097111 0.949527 0.298275
    outer loop
      vertex 53.8419 31.8656 1.6000
      vertex 53.6000 31.6391 2.4000
      vertex 53.9450 31.6038 2.4000
    endloop
  endfacet
  facet normal 0.097111 0.949527 0.298275
    outer loop
      vertex 53.4936 31.9013 1.6000
      vertex 53.1453 31.9369 1.6000
      vertex 53.2550 31.6744 2.4000
    endloop
  endfacet
  facet normal 0.097111 0.949527 0.298275
    outer loop
      vertex 53.4936 31.9013 1.6000
      vertex 53.2550 31.6744 2.4000
      vertex 53.6000 31.6391 2.4000
    endloop
  endfacet
  facet normal 0.097111 0.949527 0.298275
    outer loop
      vertex 53.1453 31.9369 1.6000
      vertex 52.7969 31.9725 1.6000
      vertex 52.9100 31.7097 2.4000
    endloop
  endfacet
  facet normal 0.097111 0.949527 0.298275
    outer loop
      vertex 53.1453 31.9369 1.6000
      vertex 52.9100 31.7097 2.4000
      vertex 53.2550 31.6744 2.4000
    endloop
  endfacet
  facet normal 0.097111 0.949527 0.298275
    outer loop
      vertex 52.7969 31.9725 1.6000
      vertex 52.4486 32.0081 1.6000
      vertex 52.5650 31.7449 2.4000
    endloop
  endfacet
  facet normal 0.097111 0.949527 0.298275
    outer loop
      vertex 52.7969 31.9725 1.6000
      vertex 52.5650 31.7449 2.4000
      vertex 52.9100 31.7097 2.4000
    endloop
  endfacet
  facet normal 0.284889 0.908267 0.306414
    outer loop
      vertex 52.4486 32.0081 1.6000
      vertex 52.1156 32.1126 1.6000
      vertex 52.2257 31.8082 2.4000
    endloop
  endfacet
  facet normal 0.175664 0.942439 0.284520
    outer loop
      vertex 52.4486 32.0081 1.6000
      vertex 52.2257 31.8082 2.4000
      vertex 52.5650 31.7449 2.4000
    endloop
  endfacet
  facet normal 0.319527 0.899408 0.298275
    outer loop
      vertex 52.1156 32.1126 1.6000
      vertex 51.7857 32.2298 1.6000
      vertex 51.8989 31.9243 2.4000
    endloop
  endfacet
  facet normal 0.319527 0.899408 0.298275
    outer loop
      vertex 52.1156 32.1126 1.6000
      vertex 51.8989 31.9243 2.4000
      vertex 52.2257 31.8082 2.4000
    endloop
  endfacet
  facet normal 0.319527 0.899408 0.298275
    outer loop
      vertex 51.7857 32.2298 1.6000
      vertex 51.4557 32.3470 1.6000
      vertex 51.5721 32.0404 2.4000
    endloop
  endfacet
  facet normal 0.319527 0.899408 0.298275
    outer loop
      vertex 51.7857 32.2298 1.6000
      vertex 51.5721 32.0404 2.4000
      vertex 51.8989 31.9243 2.4000
    endloop
  endfacet
  facet normal 0.319527 0.899408 0.298275
    outer loop
      vertex 51.4557 32.3470 1.6000
      vertex 51.1258 32.4642 1.6000
      vertex 51.2453 32.1565 2.4000
    endloop
  endfacet
  facet normal 0.319527 0.899408 0.298275
    outer loop
      vertex 51.4557 32.3470 1.6000
      vertex 51.2453 32.1565 2.4000
      vertex 51.5721 32.0404 2.4000
    endloop
  endfacet
  facet normal 0.509738 0.797669 0.322322
    outer loop
      vertex 51.1258 32.4642 1.6000
      vertex 50.8351 32.6500 1.6000
      vertex 50.9187 32.2733 2.4000
    endloop
  endfacet
  facet normal 0.321531 0.898862 0.297766
    outer loop
      vertex 51.1258 32.4642 1.6000
      vertex 50.9187 32.2733 2.4000
      vertex 51.2453 32.1565 2.4000
    endloop
  endfacet
  facet normal 0.624590 0.721748 0.298275
    outer loop
      vertex 50.8351 32.6500 1.6000
      vertex 50.5703 32.8791 1.6000
      vertex 50.6451 32.4838 2.4000
    endloop
  endfacet
  facet normal 0.582497 0.757163 0.295635
    outer loop
      vertex 50.8351 32.6500 1.6000
      vertex 50.6451 32.4838 2.4000
      vertex 50.9187 32.2733 2.4000
    endloop
  endfacet
  facet normal 0.624590 0.721748 0.298275
    outer loop
      vertex 50.5703 32.8791 1.6000
      vertex 50.3055 33.1083 1.6000
      vertex 50.3828 32.7108 2.4000
    endloop
  endfacet
  facet normal 0.624590 0.721748 0.298275
    outer loop
      vertex 50.5703 32.8791 1.6000
      vertex 50.3828 32.7108 2.4000
      vertex 50.6451 32.4838 2.4000
    endloop
  endfacet
  facet normal 0.626868 0.719730 0.298372
    outer loop
      vertex 50.3055 33.1083 1.6000
      vertex 50.0416 33.3382 1.6000
      vertex 50.1206 32.9377 2.4000
    endloop
  endfacet
  facet normal 0.624590 0.721748 0.298275
    outer loop
      vertex 50.3055 33.1083 1.6000
      vertex 50.1206 32.9377 2.4000
      vertex 50.3828 32.7108 2.4000
    endloop
  endfacet
  facet normal 0.922831 0.275889 0.268826
    outer loop
      vertex 50.0416 33.3382 1.6000
      vertex 49.9419 33.6715 1.6000
      vertex 49.8599 33.1664 2.4000
    endloop
  endfacet
  facet normal 0.629600 0.717845 0.297158
    outer loop
      vertex 50.0416 33.3382 1.6000
      vertex 49.8599 33.1664 2.4000
      vertex 50.1206 32.9377 2.4000
    endloop
  endfacet
  facet normal 0.925111 0.234949 0.298275
    outer loop
      vertex 49.9419 33.6715 1.6000
      vertex 49.8557 34.0109 1.6000
      vertex 49.7317 33.4836 2.4000
    endloop
  endfacet
  facet normal 0.880026 0.355618 0.314784
    outer loop
      vertex 49.9419 33.6715 1.6000
      vertex 49.7317 33.4836 2.4000
      vertex 49.8599 33.1664 2.4000
    endloop
  endfacet
  facet normal 0.925111 0.234949 0.298275
    outer loop
      vertex 49.8557 34.0109 1.6000
      vertex 49.7695 34.3503 1.6000
      vertex 49.6463 33.8197 2.4000
    endloop
  endfacet
  facet normal 0.925111 0.234949 0.298275
    outer loop
      vertex 49.8557 34.0109 1.6000
      vertex 49.6463 33.8197 2.4000
      vertex 49.7317 33.4836 2.4000
    endloop
  endfacet
  facet normal 0.968269 -0.011440 0.249649
    outer loop
      vertex 49.7695 34.3503 1.6000
      vertex 49.7735 34.6863 1.6000
      vertex 49.5610 34.1559 2.4000
    endloop
  endfacet
  facet normal 0.925111 0.234949 0.298275
    outer loop
      vertex 49.7695 34.3503 1.6000
      vertex 49.5610 34.1559 2.4000
      vertex 49.6463 33.8197 2.4000
    endloop
  endfacet
  facet normal 0.901416 -0.356115 0.246236
    outer loop
      vertex 49.7735 34.6863 1.6000
      vertex 49.9021 35.0119 1.6000
      vertex 49.4784 34.4926 2.4000
    endloop
  endfacet
  facet normal 0.896804 0.219781 0.383977
    outer loop
      vertex 49.7735 34.6863 1.6000
      vertex 49.4784 34.4926 2.4000
      vertex 49.5610 34.1559 2.4000
    endloop
  endfacet
  facet normal 0.887716 -0.350703 0.298275
    outer loop
      vertex 49.9021 35.0119 1.6000
      vertex 50.0308 35.3376 1.6000
      vertex 49.5594 34.8249 2.4000
    endloop
  endfacet
  facet normal 0.913881 -0.222788 0.339392
    outer loop
      vertex 49.9021 35.0119 1.6000
      vertex 49.5594 34.8249 2.4000
      vertex 49.4784 34.4926 2.4000
    endloop
  endfacet
  facet normal 0.887716 -0.350703 0.298275
    outer loop
      vertex 50.0308 35.3376 1.6000
      vertex 50.1594 35.6632 1.6000
      vertex 49.6869 35.1475 2.4000
    endloop
  endfacet
  facet normal 0.887716 -0.350703 0.298275
    outer loop
      vertex 50.0308 35.3376 1.6000
      vertex 49.6869 35.1475 2.4000
      vertex 49.5594 34.8249 2.4000
    endloop
  endfacet
  facet normal 0.887716 -0.350703 0.298275
    outer loop
      vertex 50.1594 35.6632 1.6000
      vertex 50.2881 35.9889 1.6000
      vertex 49.8143 35.4700 2.4000
    endloop
  endfacet
  facet normal 0.887716 -0.350703 0.298275
    outer loop
      vertex 50.1594 35.6632 1.6000
      vertex 49.8143 35.4700 2.4000
      vertex 49.6869 35.1475 2.4000
    endloop
  endfacet
  facet normal 0.894136 -0.325848 0.307153
    outer loop
      vertex 50.2881 35.9889 1.6000
      vertex 50.4080 36.3178 1.6000
      vertex 49.9417 35.7926 2.4000
    endloop
  endfacet
  facet normal 0.887716 -0.350703 0.298275
    outer loop
      vertex 50.2881 35.9889 1.6000
      vertex 49.9417 35.7926 2.4000
      vertex 49.8143 35.4700 2.4000
    endloop
  endfacet
  facet normal 0.898141 -0.322789 0.298581
    outer loop
      vertex 50.4080 36.3178 1.6000
      vertex 50.5264 36.6473 1.6000
      vertex 50.0692 36.1151 2.4000
    endloop
  endfacet
  facet normal 0.890636 -0.351856 0.288037
    outer loop
      vertex 50.4080 36.3178 1.6000
      vertex 50.0692 36.1151 2.4000
      vertex 49.9417 35.7926 2.4000
    endloop
  endfacet
  facet normal 0.898231 -0.322821 0.298275
    outer loop
      vertex 50.5264 36.6473 1.6000
      vertex 50.6448 36.9768 1.6000
      vertex 50.1867 36.4414 2.4000
    endloop
  endfacet
  facet normal 0.898049 -0.323579 0.298003
    outer loop
      vertex 50.5264 36.6473 1.6000
      vertex 50.1867 36.4414 2.4000
      vertex 50.0692 36.1151 2.4000
    endloop
  endfacet
  facet normal 0.924546 -0.100624 0.367546
    outer loop
      vertex 50.6448 36.9768 1.6000
      vertex 50.6820 37.3188 1.6000
      vertex 50.3040 36.7678 2.4000
    endloop
  endfacet
  facet normal 0.898231 -0.322821 0.298275
    outer loop
      vertex 50.6448 36.9768 1.6000
      vertex 50.3040 36.7678 2.4000
      vertex 50.1867 36.4414 2.4000
    endloop
  endfacet
  facet normal 0.797970 0.460144 0.389244
    outer loop
      vertex 50.6820 37.3188 1.6000
      vertex 50.5090 37.6189 1.6000
      vertex 50.4213 37.0942 2.4000
    endloop
  endfacet
  facet normal 0.920662 -0.330883 0.207118
    outer loop
      vertex 50.6820 37.3188 1.6000
      vertex 50.4213 37.0942 2.4000
      vertex 50.3040 36.7678 2.4000
    endloop
  endfacet
  facet normal 0.746856 0.593793 0.299359
    outer loop
      vertex 50.5090 37.6189 1.6000
      vertex 50.2912 37.8929 1.6000
      vertex 50.3524 37.4125 2.4000
    endloop
  endfacet
  facet normal 0.949095 0.205470 0.238748
    outer loop
      vertex 50.5090 37.6189 1.6000
      vertex 50.3524 37.4125 2.4000
      vertex 50.4213 37.0942 2.4000
    endloop
  endfacet
  facet normal 0.402447 0.865301 0.298817
    outer loop
      vertex 50.2912 37.8929 1.6000
      vertex 49.9787 38.0382 1.6000
      vertex 50.1402 37.6868 2.4000
    endloop
  endfacet
  facet normal 0.756120 0.584995 0.293367
    outer loop
      vertex 50.2912 37.8929 1.6000
      vertex 50.1402 37.6868 2.4000
      vertex 50.3524 37.4125 2.4000
    endloop
  endfacet
  facet normal 0.203898 0.932447 0.298275
    outer loop
      vertex 49.9787 38.0382 1.6000
      vertex 49.6367 38.1130 1.6000
      vertex 49.8272 37.8154 2.4000
    endloop
  endfacet
  facet normal 0.360933 0.878501 0.312992
    outer loop
      vertex 49.9787 38.0382 1.6000
      vertex 49.8272 37.8154 2.4000
      vertex 50.1402 37.6868 2.4000
    endloop
  endfacet
  facet normal 0.203898 0.932447 0.298275
    outer loop
      vertex 49.6367 38.1130 1.6000
      vertex 49.2946 38.1878 1.6000
      vertex 49.4884 37.8895 2.4000
    endloop
  endfacet
  facet normal 0.203898 0.932447 0.298275
    outer loop
      vertex 49.6367 38.1130 1.6000
      vertex 49.4884 37.8895 2.4000
      vertex 49.8272 37.8154 2.4000
    endloop
  endfacet
  facet normal 0.203898 0.932447 0.298275
    outer loop
      vertex 49.2946 38.1878 1.6000
      vertex 48.9526 38.2626 1.6000
      vertex 49.1496 37.9636 2.4000
    endloop
  endfacet
  facet normal 0.203898 0.932447 0.298275
    outer loop
      vertex 49.2946 38.1878 1.6000
      vertex 49.1496 37.9636 2.4000
      vertex 49.4884 37.8895 2.4000
    endloop
  endfacet
  facet normal 0.033366 0.957916 0.285102
    outer loop
      vertex 48.9526 38.2626 1.6000
      vertex 48.6039 38.2747 1.6000
      vertex 48.8096 38.0294 2.4000
    endloop
  endfacet
  facet normal 0.181151 0.935018 0.304838
    outer loop
      vertex 48.9526 38.2626 1.6000
      vertex 48.8096 38.0294 2.4000
      vertex 49.1496 37.9636 2.4000
    endloop
  endfacet
  facet normal -0.023294 0.954196 0.298275
    outer loop
      vertex 48.6039 38.2747 1.6000
      vertex 48.2539 38.2662 1.6000
      vertex 48.4629 38.0212 2.4000
    endloop
  endfacet
  facet normal -0.022698 0.954179 0.298375
    outer loop
      vertex 48.6039 38.2747 1.6000
      vertex 48.4629 38.0212 2.4000
      vertex 48.8096 38.0294 2.4000
    endloop
  endfacet
  facet normal -0.023294 0.954196 0.298275
    outer loop
      vertex 48.2539 38.2662 1.6000
      vertex 47.9038 38.2576 1.6000
      vertex 48.1162 38.0127 2.4000
    endloop
  endfacet
  facet normal -0.023294 0.954196 0.298275
    outer loop
      vertex 48.2539 38.2662 1.6000
      vertex 48.1162 38.0127 2.4000
      vertex 48.4629 38.0212 2.4000
    endloop
  endfacet
  facet normal -0.023294 0.954196 0.298275
    outer loop
      vertex 47.9038 38.2576 1.6000
      vertex 47.5538 38.2491 1.6000
      vertex 47.7695 38.0043 2.4000
    endloop
  endfacet
  facet normal -0.023294 0.954196 0.298275
    outer loop
      vertex 47.9038 38.2576 1.6000
      vertex 47.7695 38.0043 2.4000
      vertex 48.1162 38.0127 2.4000
    endloop
  endfacet
  facet normal -0.023294 0.954196 0.298275
    outer loop
      vertex 47.5538 38.2491 1.6000
      vertex 47.2038 38.2405 1.6000
      vertex 47.4228 37.9958 2.4000
    endloop
  endfacet
  facet normal -0.023294 0.954196 0.298275
    outer loop
      vertex 47.5538 38.2491 1.6000
      vertex 47.4228 37.9958 2.4000
      vertex 47.7695 38.0043 2.4000
    endloop
  endfacet
  facet normal -0.035066 0.954401 0.296461
    outer loop
      vertex 47.2038 38.2405 1.6000
      vertex 46.8540 38.2277 1.6000
      vertex 47.0761 37.9873 2.4000
    endloop
  endfacet
  facet normal -0.023294 0.954196 0.298275
    outer loop
      vertex 47.2038 38.2405 1.6000
      vertex 47.0761 37.9873 2.4000
      vertex 47.4228 37.9958 2.4000
    endloop
  endfacet
  facet normal -0.124667 0.946303 0.298275
    outer loop
      vertex 46.8540 38.2277 1.6000
      vertex 46.5069 38.1819 1.6000
      vertex 46.7308 37.9593 2.4000
    endloop
  endfacet
  facet normal -0.077076 0.948768 0.306430
    outer loop
      vertex 46.8540 38.2277 1.6000
      vertex 46.7308 37.9593 2.4000
      vertex 47.0761 37.9873 2.4000
    endloop
  endfacet
  facet normal -0.124667 0.946303 0.298275
    outer loop
      vertex 46.5069 38.1819 1.6000
      vertex 46.1597 38.1362 1.6000
      vertex 46.3870 37.9140 2.4000
    endloop
  endfacet
  facet normal -0.124667 0.946303 0.298275
    outer loop
      vertex 46.5069 38.1819 1.6000
      vertex 46.3870 37.9140 2.4000
      vertex 46.7308 37.9593 2.4000
    endloop
  endfacet
  facet normal -0.124667 0.946303 0.298275
    outer loop
      vertex 46.1597 38.1362 1.6000
      vertex 45.8126 38.0905 1.6000
      vertex 46.0431 37.8687 2.4000
    endloop
  endfacet
  facet normal -0.124667 0.946303 0.298275
    outer loop
      vertex 46.1597 38.1362 1.6000
      vertex 46.0431 37.8687 2.4000
      vertex 46.3870 37.9140 2.4000
    endloop
  endfacet
  facet normal -0.124667 0.946303 0.298275
    outer loop
      vertex 45.8126 38.0905 1.6000
      vertex 45.4655 38.0447 1.6000
      vertex 45.6993 37.8234 2.4000
    endloop
  endfacet
  facet normal -0.124667 0.946303 0.298275
    outer loop
      vertex 45.8126 38.0905 1.6000
      vertex 45.6993 37.8234 2.4000
      vertex 46.0431 37.8687 2.4000
    endloop
  endfacet
  facet normal -0.124667 0.946303 0.298275
    outer loop
      vertex 45.4655 38.0447 1.6000
      vertex 45.1183 37.9990 1.6000
      vertex 45.3554 37.7781 2.4000
    endloop
  endfacet
  facet normal -0.124667 0.946303 0.298275
    outer loop
      vertex 45.4655 38.0447 1.6000
      vertex 45.3554 37.7781 2.4000
      vertex 45.6993 37.8234 2.4000
    endloop
  endfacet
  facet normal -0.124667 0.946303 0.298275
    outer loop
      vertex 45.1183 37.9990 1.6000
      vertex 44.7712 37.9533 1.6000
      vertex 45.0116 37.7328 2.4000
    endloop
  endfacet
  facet normal -0.124667 0.946303 0.298275
    outer loop
      vertex 45.1183 37.9990 1.6000
      vertex 45.0116 37.7328 2.4000
      vertex 45.3554 37.7781 2.4000
    endloop
  endfacet
  facet normal -0.147592 0.944155 0.294597
    outer loop
      vertex 44.7712 37.9533 1.6000
      vertex 44.4254 37.8992 1.6000
      vertex 44.6677 37.6875 2.4000
    endloop
  endfacet
  facet normal -0.124667 0.946303 0.298275
    outer loop
      vertex 44.7712 37.9533 1.6000
      vertex 44.6677 37.6875 2.4000
      vertex 45.0116 37.7328 2.4000
    endloop
  endfacet
  facet normal -0.180149 0.937325 0.298275
    outer loop
      vertex 44.4254 37.8992 1.6000
      vertex 44.0815 37.8331 1.6000
      vertex 44.3265 37.6256 2.4000
    endloop
  endfacet
  facet normal -0.170127 0.938656 0.299968
    outer loop
      vertex 44.4254 37.8992 1.6000
      vertex 44.3265 37.6256 2.4000
      vertex 44.6677 37.6875 2.4000
    endloop
  endfacet
  facet normal -0.180149 0.937325 0.298275
    outer loop
      vertex 44.0815 37.8331 1.6000
      vertex 43.7377 37.7670 1.6000
      vertex 43.9860 37.5602 2.4000
    endloop
  endfacet
  facet normal -0.180149 0.937325 0.298275
    outer loop
      vertex 44.0815 37.8331 1.6000
      vertex 43.9860 37.5602 2.4000
      vertex 44.3265 37.6256 2.4000
    endloop
  endfacet
  facet normal -0.180149 0.937325 0.298275
    outer loop
      vertex 43.7377 37.7670 1.6000
      vertex 43.3939 37.7010 1.6000
      vertex 43.6454 37.4947 2.4000
    endloop
  endfacet
  facet normal -0.180149 0.937325 0.298275
    outer loop
      vertex 43.7377 37.7670 1.6000
      vertex 43.6454 37.4947 2.4000
      vertex 43.9860 37.5602 2.4000
    endloop
  endfacet
  facet normal -0.180149 0.937325 0.298275
    outer loop
      vertex 43.3939 37.7010 1.6000
      vertex 43.0500 37.6349 1.6000
      vertex 43.3048 37.4293 2.4000
    endloop
  endfacet
  facet normal -0.180149 0.937325 0.298275
    outer loop
      vertex 43.3939 37.7010 1.6000
      vertex 43.3048 37.4293 2.4000
      vertex 43.6454 37.4947 2.4000
    endloop
  endfacet
  facet normal -0.180149 0.937325 0.298275
    outer loop
      vertex 43.0500 37.6349 1.6000
      vertex 42.7062 37.5688 1.6000
      vertex 42.9642 37.3638 2.4000
    endloop
  endfacet
  facet normal -0.180149 0.937325 0.298275
    outer loop
      vertex 43.0500 37.6349 1.6000
      vertex 42.9642 37.3638 2.4000
      vertex 43.3048 37.4293 2.4000
    endloop
  endfacet
  facet normal -0.180149 0.937325 0.298275
    outer loop
      vertex 42.7062 37.5688 1.6000
      vertex 42.3623 37.5027 1.6000
      vertex 42.6236 37.2984 2.4000
    endloop
  endfacet
  facet normal -0.180149 0.937325 0.298275
    outer loop
      vertex 42.7062 37.5688 1.6000
      vertex 42.6236 37.2984 2.4000
      vertex 42.9642 37.3638 2.4000
    endloop
  endfacet
  facet normal -0.191139 0.935670 0.296627
    outer loop
      vertex 42.3623 37.5027 1.6000
      vertex 42.0193 37.4326 1.6000
      vertex 42.2830 37.2329 2.4000
    endloop
  endfacet
  facet normal -0.180149 0.937325 0.298275
    outer loop
      vertex 42.3623 37.5027 1.6000
      vertex 42.2830 37.2329 2.4000
      vertex 42.6236 37.2984 2.4000
    endloop
  endfacet
  facet normal -0.214782 0.930000 0.298275
    outer loop
      vertex 42.0193 37.4326 1.6000
      vertex 41.6782 37.3539 1.6000
      vertex 41.9443 37.1587 2.4000
    endloop
  endfacet
  facet normal -0.204023 0.931889 0.299931
    outer loop
      vertex 42.0193 37.4326 1.6000
      vertex 41.9443 37.1587 2.4000
      vertex 42.2830 37.2329 2.4000
    endloop
  endfacet
  facet normal -0.214782 0.930000 0.298275
    outer loop
      vertex 41.6782 37.3539 1.6000
      vertex 41.3370 37.2751 1.6000
      vertex 41.6064 37.0807 2.4000
    endloop
  endfacet
  facet normal -0.214782 0.930000 0.298275
    outer loop
      vertex 41.6782 37.3539 1.6000
      vertex 41.6064 37.0807 2.4000
      vertex 41.9443 37.1587 2.4000
    endloop
  endfacet
  facet normal -0.214782 0.930000 0.298275
    outer loop
      vertex 41.3370 37.2751 1.6000
      vertex 40.9959 37.1963 1.6000
      vertex 41.2685 37.0026 2.4000
    endloop
  endfacet
  facet normal -0.214782 0.930000 0.298275
    outer loop
      vertex 41.3370 37.2751 1.6000
      vertex 41.2685 37.0026 2.4000
      vertex 41.6064 37.0807 2.4000
    endloop
  endfacet
  facet normal -0.214782 0.930000 0.298275
    outer loop
      vertex 40.9959 37.1963 1.6000
      vertex 40.6547 37.1175 1.6000
      vertex 40.9305 36.9246 2.4000
    endloop
  endfacet
  facet normal -0.214782 0.930000 0.298275
    outer loop
      vertex 40.9959 37.1963 1.6000
      vertex 40.9305 36.9246 2.4000
      vertex 41.2685 37.0026 2.4000
    endloop
  endfacet
  facet normal -0.214782 0.930000 0.298275
    outer loop
      vertex 40.6547 37.1175 1.6000
      vertex 40.3135 37.0387 1.6000
      vertex 40.5926 36.8466 2.4000
    endloop
  endfacet
  facet normal -0.214782 0.930000 0.298275
    outer loop
      vertex 40.6547 37.1175 1.6000
      vertex 40.5926 36.8466 2.4000
      vertex 40.9305 36.9246 2.4000
    endloop
  endfacet
  facet normal -0.214782 0.930000 0.298275
    outer loop
      vertex 40.3135 37.0387 1.6000
      vertex 39.9724 36.9599 1.6000
      vertex 40.2547 36.7685 2.4000
    endloop
  endfacet
  facet normal -0.214782 0.930000 0.298275
    outer loop
      vertex 40.3135 37.0387 1.6000
      vertex 40.2547 36.7685 2.4000
      vertex 40.5926 36.8466 2.4000
    endloop
  endfacet
  facet normal -0.227577 0.927507 0.296546
    outer loop
      vertex 39.9724 36.9599 1.6000
      vertex 39.6324 36.8765 1.6000
      vertex 39.9168 36.6905 2.4000
    endloop
  endfacet
  facet normal -0.214782 0.930000 0.298275
    outer loop
      vertex 39.9724 36.9599 1.6000
      vertex 39.9168 36.6905 2.4000
      vertex 40.2547 36.7685 2.4000
    endloop
  endfacet
  facet normal -0.238323 0.924248 0.298275
    outer loop
      vertex 39.6324 36.8765 1.6000
      vertex 39.2933 36.7891 1.6000
      vertex 39.5807 36.6050 2.4000
    endloop
  endfacet
  facet normal -0.235313 0.924886 0.298686
    outer loop
      vertex 39.6324 36.8765 1.6000
      vertex 39.5807 36.6050 2.4000
      vertex 39.9168 36.6905 2.4000
    endloop
  endfacet
  facet normal -0.238323 0.924248 0.298275
    outer loop
      vertex 39.2933 36.7891 1.6000
      vertex 38.9543 36.7016 1.6000
      vertex 39.2448 36.5184 2.4000
    endloop
  endfacet
  facet normal -0.238323 0.924248 0.298275
    outer loop
      vertex 39.2933 36.7891 1.6000
      vertex 39.2448 36.5184 2.4000
      vertex 39.5807 36.6050 2.4000
    endloop
  endfacet
  facet normal -0.238323 0.924248 0.298275
    outer loop
      vertex 38.9543 36.7016 1.6000
      vertex 38.6152 36.6142 1.6000
      vertex 38.9090 36.4318 2.4000
    endloop
  endfacet
  facet normal -0.238323 0.924248 0.298275
    outer loop
      vertex 38.9543 36.7016 1.6000
      vertex 38.9090 36.4318 2.4000
      vertex 39.2448 36.5184 2.4000
    endloop
  endfacet
  facet normal -0.238323 0.924248 0.298275
    outer loop
      vertex 38.6152 36.6142 1.6000
      vertex 38.2762 36.5268 1.6000
      vertex 38.5732 36.3452 2.4000
    endloop
  endfacet
  facet normal -0.238323 0.924248 0.298275
    outer loop
      vertex 38.6152 36.6142 1.6000
      vertex 38.5732 36.3452 2.4000
      vertex 38.9090 36.4318 2.4000
    endloop
  endfacet
  facet normal -0.238323 0.924248 0.298275
    outer loop
      vertex 38.2762 36.5268 1.6000
      vertex 37.9371 36.4394 1.6000
      vertex 38.2373 36.2586 2.4000
    endloop
  endfacet
  facet normal -0.238323 0.924248 0.298275
    outer loop
      vertex 38.2762 36.5268 1.6000
      vertex 38.2373 36.2586 2.4000
      vertex 38.5732 36.3452 2.4000
    endloop
  endfacet
  facet normal -0.251903 0.920956 0.297296
    outer loop
      vertex 37.9371 36.4394 1.6000
      vertex 37.5994 36.3470 1.6000
      vertex 37.9017 36.1714 2.4000
    endloop
  endfacet
  facet normal -0.239908 0.923686 0.298743
    outer loop
      vertex 37.9371 36.4394 1.6000
      vertex 37.9017 36.1714 2.4000
      vertex 38.2373 36.2586 2.4000
    endloop
  endfacet
  facet normal -0.255206 0.919729 0.298275
    outer loop
      vertex 37.5994 36.3470 1.6000
      vertex 37.2620 36.2534 1.6000
      vertex 37.5675 36.0787 2.4000
    endloop
  endfacet
  facet normal -0.255206 0.919729 0.298275
    outer loop
      vertex 37.5994 36.3470 1.6000
      vertex 37.5675 36.0787 2.4000
      vertex 37.9017 36.1714 2.4000
    endloop
  endfacet
  facet normal -0.255206 0.919729 0.298275
    outer loop
      vertex 37.2620 36.2534 1.6000
      vertex 36.9247 36.1597 1.6000
      vertex 37.2333 35.9859 2.4000
    endloop
  endfacet
  facet normal -0.255206 0.919729 0.298275
    outer loop
      vertex 37.2620 36.2534 1.6000
      vertex 37.2333 35.9859 2.4000
      vertex 37.5675 36.0787 2.4000
    endloop
  endfacet
  facet normal -0.255206 0.919729 0.298275
    outer loop
      vertex 36.9247 36.1597 1.6000
      vertex 36.5873 36.0661 1.6000
      vertex 36.8991 35.8932 2.4000
    endloop
  endfacet
  facet normal -0.255206 0.919729 0.298275
    outer loop
      vertex 36.9247 36.1597 1.6000
      vertex 36.8991 35.8932 2.4000
      vertex 37.2333 35.9859 2.4000
    endloop
  endfacet
  facet normal -0.292347 0.909852 0.294454
    outer loop
      vertex 36.5873 36.0661 1.6000
      vertex 36.2545 35.9592 1.6000
      vertex 36.5650 35.8001 2.4000
    endloop
  endfacet
  facet normal -0.256284 0.919322 0.298607
    outer loop
      vertex 36.5873 36.0661 1.6000
      vertex 36.5650 35.8001 2.4000
      vertex 36.8991 35.8932 2.4000
    endloop
  endfacet
  facet normal -0.708129 0.651926 0.271193
    outer loop
      vertex 36.2545 35.9592 1.6000
      vertex 36.0224 35.7071 1.6000
      vertex 36.2684 35.6415 2.4000
    endloop
  endfacet
  facet normal -0.443776 0.830201 0.337386
    outer loop
      vertex 36.2545 35.9592 1.6000
      vertex 36.2684 35.6415 2.4000
      vertex 36.5650 35.8001 2.4000
    endloop
  endfacet
  facet normal -0.914837 0.272420 0.298094
    outer loop
      vertex 36.0224 35.7071 1.6000
      vertex 35.9225 35.3716 1.6000
      vertex 36.1651 35.3110 2.4000
    endloop
  endfacet
  facet normal -0.909579 0.284310 0.303042
    outer loop
      vertex 36.0224 35.7071 1.6000
      vertex 36.1651 35.3110 2.4000
      vertex 36.2684 35.6415 2.4000
    endloop
  endfacet
  facet normal -0.919729 0.255206 0.298275
    outer loop
      vertex 35.9225 35.3716 1.6000
      vertex 35.8288 35.0342 1.6000
      vertex 36.0724 34.9768 2.4000
    endloop
  endfacet
  facet normal -0.919729 0.255206 0.298275
    outer loop
      vertex 35.9225 35.3716 1.6000
      vertex 36.0724 34.9768 2.4000
      vertex 36.1651 35.3110 2.4000
    endloop
  endfacet
  facet normal -0.919729 0.255206 0.298275
    outer loop
      vertex 35.8288 35.0342 1.6000
      vertex 35.7352 34.6968 1.6000
      vertex 35.9796 34.6426 2.4000
    endloop
  endfacet
  facet normal -0.919729 0.255206 0.298275
    outer loop
      vertex 35.8288 35.0342 1.6000
      vertex 35.9796 34.6426 2.4000
      vertex 36.0724 34.9768 2.4000
    endloop
  endfacet
  facet normal -0.919729 0.255206 0.298275
    outer loop
      vertex 35.7352 34.6968 1.6000
      vertex 35.6416 34.3594 1.6000
      vertex 35.8869 34.3084 2.4000
    endloop
  endfacet
  facet normal -0.919729 0.255206 0.298275
    outer loop
      vertex 35.7352 34.6968 1.6000
      vertex 35.8869 34.3084 2.4000
      vertex 35.9796 34.6426 2.4000
    endloop
  endfacet
  facet normal -0.921290 0.249784 0.298049
    outer loop
      vertex 35.6416 34.3594 1.6000
      vertex 35.5500 34.0215 1.6000
      vertex 35.7959 33.9738 2.4000
    endloop
  endfacet
  facet normal -0.920979 0.250557 0.298362
    outer loop
      vertex 35.6416 34.3594 1.6000
      vertex 35.7959 33.9738 2.4000
      vertex 35.8869 34.3084 2.4000
    endloop
  endfacet
  facet normal -0.924248 0.238323 0.298275
    outer loop
      vertex 35.5500 34.0215 1.6000
      vertex 35.4626 33.6825 1.6000
      vertex 35.7093 33.6380 2.4000
    endloop
  endfacet
  facet normal -0.924248 0.238323 0.298275
    outer loop
      vertex 35.5500 34.0215 1.6000
      vertex 35.7093 33.6380 2.4000
      vertex 35.7959 33.9738 2.4000
    endloop
  endfacet
  facet normal -0.924248 0.238323 0.298275
    outer loop
      vertex 35.4626 33.6825 1.6000
      vertex 35.3751 33.3434 1.6000
      vertex 35.6227 33.3021 2.4000
    endloop
  endfacet
  facet normal -0.924248 0.238323 0.298275
    outer loop
      vertex 35.4626 33.6825 1.6000
      vertex 35.6227 33.3021 2.4000
      vertex 35.7093 33.6380 2.4000
    endloop
  endfacet
  facet normal -0.924248 0.238323 0.298275
    outer loop
      vertex 35.3751 33.3434 1.6000
      vertex 35.2877 33.0044 1.6000
      vertex 35.5361 32.9663 2.4000
    endloop
  endfacet
  facet normal -0.924248 0.238323 0.298275
    outer loop
      vertex 35.3751 33.3434 1.6000
      vertex 35.5361 32.9663 2.4000
      vertex 35.6227 33.3021 2.4000
    endloop
  endfacet
  facet normal -0.924248 0.238323 0.298275
    outer loop
      vertex 35.2877 33.0044 1.6000
      vertex 35.2003 32.6653 1.6000
      vertex 35.4495 32.6305 2.4000
    endloop
  endfacet
  facet normal -0.924248 0.238323 0.298275
    outer loop
      vertex 35.2877 33.0044 1.6000
      vertex 35.4495 32.6305 2.4000
      vertex 35.5361 32.9663 2.4000
    endloop
  endfacet
  facet normal -0.924248 0.238323 0.298275
    outer loop
      vertex 35.2003 32.6653 1.6000
      vertex 35.1129 32.3263 1.6000
      vertex 35.3629 32.2946 2.4000
    endloop
  endfacet
  facet normal -0.924248 0.238323 0.298275
    outer loop
      vertex 35.2003 32.6653 1.6000
      vertex 35.3629 32.2946 2.4000
      vertex 35.4495 32.6305 2.4000
    endloop
  endfacet
  facet normal -0.927789 0.224602 0.297930
    outer loop
      vertex 35.1129 32.3263 1.6000
      vertex 35.0305 31.9860 1.6000
      vertex 35.2805 31.9578 2.4000
    endloop
  endfacet
  facet normal -0.927062 0.226583 0.298690
    outer loop
      vertex 35.1129 32.3263 1.6000
      vertex 35.2805 31.9578 2.4000
      vertex 35.3629 32.2946 2.4000
    endloop
  endfacet
  facet normal -0.930000 0.214782 0.298275
    outer loop
      vertex 35.0305 31.9860 1.6000
      vertex 34.9517 31.6448 1.6000
      vertex 35.2025 31.6198 2.4000
    endloop
  endfacet
  facet normal -0.930000 0.214782 0.298275
    outer loop
      vertex 35.0305 31.9860 1.6000
      vertex 35.2025 31.6198 2.4000
      vertex 35.2805 31.9578 2.4000
    endloop
  endfacet
  facet normal -0.930000 0.214782 0.298275
    outer loop
      vertex 34.9517 31.6448 1.6000
      vertex 34.8729 31.3037 1.6000
      vertex 35.1245 31.2819 2.4000
    endloop
  endfacet
  facet normal -0.930000 0.214782 0.298275
    outer loop
      vertex 34.9517 31.6448 1.6000
      vertex 35.1245 31.2819 2.4000
      vertex 35.2025 31.6198 2.4000
    endloop
  endfacet
  facet normal -0.930000 0.214782 0.298275
    outer loop
      vertex 34.8729 31.3037 1.6000
      vertex 34.7941 30.9625 1.6000
      vertex 35.0464 30.9440 2.4000
    endloop
  endfacet
  facet normal -0.930000 0.214782 0.298275
    outer loop
      vertex 34.8729 31.3037 1.6000
      vertex 35.0464 30.9440 2.4000
      vertex 35.1245 31.2819 2.4000
    endloop
  endfacet
  facet normal -0.930000 0.214782 0.298275
    outer loop
      vertex 34.7941 30.9625 1.6000
      vertex 34.7153 30.6214 1.6000
      vertex 34.9684 30.6061 2.4000
    endloop
  endfacet
  facet normal -0.930000 0.214782 0.298275
    outer loop
      vertex 34.7941 30.9625 1.6000
      vertex 34.9684 30.6061 2.4000
      vertex 35.0464 30.9440 2.4000
    endloop
  endfacet
  facet normal -0.930000 0.214782 0.298275
    outer loop
      vertex 34.7153 30.6214 1.6000
      vertex 34.6365 30.2802 1.6000
      vertex 34.8903 30.2681 2.4000
    endloop
  endfacet
  facet normal -0.930000 0.214782 0.298275
    outer loop
      vertex 34.7153 30.6214 1.6000
      vertex 34.8903 30.2681 2.4000
      vertex 34.9684 30.6061 2.4000
    endloop
  endfacet
  facet normal -0.930000 0.214782 0.298275
    outer loop
      vertex 34.6365 30.2802 1.6000
      vertex 34.5577 29.9391 1.6000
      vertex 34.8123 29.9302 2.4000
    endloop
  endfacet
  facet normal -0.930000 0.214782 0.298275
    outer loop
      vertex 34.6365 30.2802 1.6000
      vertex 34.8123 29.9302 2.4000
      vertex 34.8903 30.2681 2.4000
    endloop
  endfacet
  facet normal -0.936125 0.186824 0.297938
    outer loop
      vertex 34.5577 29.9391 1.6000
      vertex 34.4892 29.5957 1.6000
      vertex 34.7428 29.5905 2.4000
    endloop
  endfacet
  facet normal -0.934736 0.191194 0.299521
    outer loop
      vertex 34.5577 29.9391 1.6000
      vertex 34.7428 29.5905 2.4000
      vertex 34.8123 29.9302 2.4000
    endloop
  endfacet
  facet normal -0.937325 0.180149 0.298275
    outer loop
      vertex 34.4892 29.5957 1.6000
      vertex 34.4231 29.2519 1.6000
      vertex 34.6773 29.2499 2.4000
    endloop
  endfacet
  facet normal -0.937325 0.180149 0.298275
    outer loop
      vertex 34.4892 29.5957 1.6000
      vertex 34.6773 29.2499 2.4000
      vertex 34.7428 29.5905 2.4000
    endloop
  endfacet
  facet normal -0.937325 0.180149 0.298275
    outer loop
      vertex 34.4231 29.2519 1.6000
      vertex 34.3571 28.9080 1.6000
      vertex 34.6119 28.9093 2.4000
    endloop
  endfacet
  facet normal -0.937325 0.180149 0.298275
    outer loop
      vertex 34.4231 29.2519 1.6000
      vertex 34.6119 28.9093 2.4000
      vertex 34.6773 29.2499 2.4000
    endloop
  endfacet
  facet normal -0.937325 0.180149 0.298275
    outer loop
      vertex 34.3571 28.9080 1.6000
      vertex 34.2910 28.5642 1.6000
      vertex 34.5464 28.5687 2.4000
    endloop
  endfacet
  facet normal -0.937325 0.180149 0.298275
    outer loop
      vertex 34.3571 28.9080 1.6000
      vertex 34.5464 28.5687 2.4000
      vertex 34.6119 28.9093 2.4000
    endloop
  endfacet
  facet normal -0.937325 0.180149 0.298275
    outer loop
      vertex 34.2910 28.5642 1.6000
      vertex 34.2249 28.2204 1.6000
      vertex 34.4810 28.2282 2.4000
    endloop
  endfacet
  facet normal -0.937325 0.180149 0.298275
    outer loop
      vertex 34.2910 28.5642 1.6000
      vertex 34.4810 28.2282 2.4000
      vertex 34.5464 28.5687 2.4000
    endloop
  endfacet
  facet normal -0.937325 0.180149 0.298275
    outer loop
      vertex 34.2249 28.2204 1.6000
      vertex 34.1588 27.8765 1.6000
      vertex 34.4155 27.8876 2.4000
    endloop
  endfacet
  facet normal -0.937325 0.180149 0.298275
    outer loop
      vertex 34.2249 28.2204 1.6000
      vertex 34.4155 27.8876 2.4000
      vertex 34.4810 28.2282 2.4000
    endloop
  endfacet
  facet normal -0.937325 0.180149 0.298275
    outer loop
      vertex 34.1588 27.8765 1.6000
      vertex 34.0927 27.5327 1.6000
      vertex 34.3500 27.5470 2.4000
    endloop
  endfacet
  facet normal -0.937325 0.180149 0.298275
    outer loop
      vertex 34.1588 27.8765 1.6000
      vertex 34.3500 27.5470 2.4000
      vertex 34.4155 27.8876 2.4000
    endloop
  endfacet
  facet normal -0.944364 0.140681 0.297295
    outer loop
      vertex 34.0927 27.5327 1.6000
      vertex 34.0411 27.1865 1.6000
      vertex 34.2957 27.2046 2.4000
    endloop
  endfacet
  facet normal -0.942038 0.149539 0.300338
    outer loop
      vertex 34.0927 27.5327 1.6000
      vertex 34.2957 27.2046 2.4000
      vertex 34.3500 27.5470 2.4000
    endloop
  endfacet
  facet normal -0.946303 0.124667 0.298275
    outer loop
      vertex 34.0411 27.1865 1.6000
      vertex 33.9954 26.8393 1.6000
      vertex 34.2504 26.8607 2.4000
    endloop
  endfacet
  facet normal -0.946303 0.124667 0.298275
    outer loop
      vertex 34.0411 27.1865 1.6000
      vertex 34.2504 26.8607 2.4000
      vertex 34.2957 27.2046 2.4000
    endloop
  endfacet
  facet normal -0.946303 0.124667 0.298275
    outer loop
      vertex 33.9954 26.8393 1.6000
      vertex 33.9497 26.4922 1.6000
      vertex 34.2051 26.5169 2.4000
    endloop
  endfacet
  facet normal -0.946303 0.124667 0.298275
    outer loop
      vertex 33.9954 26.8393 1.6000
      vertex 34.2051 26.5169 2.4000
      vertex 34.2504 26.8607 2.4000
    endloop
  endfacet
  facet normal -0.946303 0.124667 0.298275
    outer loop
      vertex 33.9497 26.4922 1.6000
      vertex 33.9040 26.1451 1.6000
      vertex 34.1598 26.1730 2.4000
    endloop
  endfacet
  facet normal -0.946303 0.124667 0.298275
    outer loop
      vertex 33.9497 26.4922 1.6000
      vertex 34.1598 26.1730 2.4000
      vertex 34.2051 26.5169 2.4000
    endloop
  endfacet
  facet normal -0.946303 0.124667 0.298275
    outer loop
      vertex 33.9040 26.1451 1.6000
      vertex 33.8582 25.7979 1.6000
      vertex 34.1145 25.8292 2.4000
    endloop
  endfacet
  facet normal -0.946303 0.124667 0.298275
    outer loop
      vertex 33.9040 26.1451 1.6000
      vertex 34.1145 25.8292 2.4000
      vertex 34.1598 26.1730 2.4000
    endloop
  endfacet
  facet normal -0.946303 0.124667 0.298275
    outer loop
      vertex 33.8582 25.7979 1.6000
      vertex 33.8125 25.4508 1.6000
      vertex 34.0692 25.4854 2.4000
    endloop
  endfacet
  facet normal -0.946303 0.124667 0.298275
    outer loop
      vertex 33.8582 25.7979 1.6000
      vertex 34.0692 25.4854 2.4000
      vertex 34.1145 25.8292 2.4000
    endloop
  endfacet
  facet normal -0.947254 0.120564 0.296940
    outer loop
      vertex 33.8125 25.4508 1.6000
      vertex 33.7683 25.1035 1.6000
      vertex 34.0239 25.1415 2.4000
    endloop
  endfacet
  facet normal -0.946303 0.124667 0.298275
    outer loop
      vertex 33.8125 25.4508 1.6000
      vertex 34.0239 25.1415 2.4000
      vertex 34.0692 25.4854 2.4000
    endloop
  endfacet
  facet normal -0.954163 0.026839 0.298080
    outer loop
      vertex 33.7683 25.1035 1.6000
      vertex 33.7584 24.7535 1.6000
      vertex 34.0095 24.7952 2.4000
    endloop
  endfacet
  facet normal -0.952355 0.039516 0.302420
    outer loop
      vertex 33.7683 25.1035 1.6000
      vertex 34.0095 24.7952 2.4000
      vertex 34.0239 25.1415 2.4000
    endloop
  endfacet
  facet normal -0.954196 0.023294 0.298275
    outer loop
      vertex 33.7584 24.7535 1.6000
      vertex 33.7499 24.4035 1.6000
      vertex 34.0011 24.4485 2.4000
    endloop
  endfacet
  facet normal -0.954196 0.023294 0.298275
    outer loop
      vertex 33.7584 24.7535 1.6000
      vertex 34.0011 24.4485 2.4000
      vertex 34.0095 24.7952 2.4000
    endloop
  endfacet
  facet normal -0.954196 0.023294 0.298275
    outer loop
      vertex 33.7499 24.4035 1.6000
      vertex 33.7413 24.0535 1.6000
      vertex 33.9926 24.1018 2.4000
    endloop
  endfacet
  facet normal -0.954196 0.023294 0.298275
    outer loop
      vertex 33.7499 24.4035 1.6000
      vertex 33.9926 24.1018 2.4000
      vertex 34.0011 24.4485 2.4000
    endloop
  endfacet
  facet normal -0.954196 0.023294 0.298275
    outer loop
      vertex 33.7413 24.0535 1.6000
      vertex 33.7328 23.7034 1.6000
      vertex 33.9841 23.7551 2.4000
    endloop
  endfacet
  facet normal -0.954196 0.023294 0.298275
    outer loop
      vertex 33.7413 24.0535 1.6000
      vertex 33.9841 23.7551 2.4000
      vertex 33.9926 24.1018 2.4000
    endloop
  endfacet
  facet normal -0.954196 0.023294 0.298275
    outer loop
      vertex 33.7328 23.7034 1.6000
      vertex 33.7243 23.3534 1.6000
      vertex 33.9757 23.4083 2.4000
    endloop
  endfacet
  facet normal -0.954196 0.023294 0.298275
    outer loop
      vertex 33.7328 23.7034 1.6000
      vertex 33.9757 23.4083 2.4000
      vertex 33.9841 23.7551 2.4000
    endloop
  endfacet
  facet normal -0.953706 -0.061195 0.294448
    outer loop
      vertex 33.7243 23.3534 1.6000
      vertex 33.7466 23.0057 1.6000
      vertex 33.9899 23.0634 2.4000
    endloop
  endfacet
  facet normal -0.952494 -0.039174 0.302029
    outer loop
      vertex 33.7243 23.3534 1.6000
      vertex 33.9899 23.0634 2.4000
      vertex 33.9757 23.4083 2.4000
    endloop
  endfacet
  facet normal -0.932447 -0.203898 0.298275
    outer loop
      vertex 33.7466 23.0057 1.6000
      vertex 33.8214 22.6636 1.6000
      vertex 34.0640 22.7246 2.4000
    endloop
  endfacet
  facet normal -0.932447 -0.203898 0.298275
    outer loop
      vertex 33.7466 23.0057 1.6000
      vertex 34.0640 22.7246 2.4000
      vertex 33.9899 23.0634 2.4000
    endloop
  endfacet
  facet normal -0.932447 -0.203898 0.298275
    outer loop
      vertex 33.8214 22.6636 1.6000
      vertex 33.8962 22.3216 1.6000
      vertex 34.1380 22.3858 2.4000
    endloop
  endfacet
  facet normal -0.932447 -0.203898 0.298275
    outer loop
      vertex 33.8214 22.6636 1.6000
      vertex 34.1380 22.3858 2.4000
      vertex 34.0640 22.7246 2.4000
    endloop
  endfacet
  facet normal -0.932447 -0.203898 0.298275
    outer loop
      vertex 33.8962 22.3216 1.6000
      vertex 33.9710 21.9795 1.6000
      vertex 34.2121 22.0470 2.4000
    endloop
  endfacet
  facet normal -0.932447 -0.203898 0.298275
    outer loop
      vertex 33.8962 22.3216 1.6000
      vertex 34.2121 22.0470 2.4000
      vertex 34.1380 22.3858 2.4000
    endloop
  endfacet
  facet normal -0.819974 -0.460073 0.340552
    outer loop
      vertex 33.9710 21.9795 1.6000
      vertex 34.1389 21.6803 1.6000
      vertex 34.4148 21.7807 2.4000
    endloop
  endfacet
  facet normal -0.764054 -0.581542 0.279338
    outer loop
      vertex 33.9710 21.9795 1.6000
      vertex 34.4148 21.7807 2.4000
      vertex 34.2121 22.0470 2.4000
    endloop
  endfacet
  facet normal -0.585153 -0.750216 0.307850
    outer loop
      vertex 34.1389 21.6803 1.6000
      vertex 34.4149 21.4650 1.6000
      vertex 34.6939 21.5757 2.4000
    endloop
  endfacet
  facet normal -0.566245 -0.770763 0.292045
    outer loop
      vertex 34.1389 21.6803 1.6000
      vertex 34.6939 21.5757 2.4000
      vertex 34.4148 21.7807 2.4000
    endloop
  endfacet
  facet normal -0.399547 -0.792114 0.461429
    outer loop
      vertex 34.4149 21.4650 1.6000
      vertex 34.7230 21.3095 1.6000
      vertex 35.0270 21.6222 2.4000
    endloop
  endfacet
  facet normal 0.137924 -0.986490 0.088397
    outer loop
      vertex 34.4149 21.4650 1.6000
      vertex 35.0270 21.6222 2.4000
      vertex 34.6939 21.5757 2.4000
    endloop
  endfacet
  facet normal 0.161859 -0.916751 0.365197
    outer loop
      vertex 34.7230 21.3095 1.6000
      vertex 35.0634 21.3696 1.6000
      vertex 35.3534 21.7395 2.4000
    endloop
  endfacet
  facet normal 0.328930 -0.915228 0.232731
    outer loop
      vertex 34.7230 21.3095 1.6000
      vertex 35.3534 21.7395 2.4000
      vertex 35.0270 21.6222 2.4000
    endloop
  endfacet
  facet normal 0.322821 -0.898231 0.298275
    outer loop
      vertex 35.0634 21.3696 1.6000
      vertex 35.3929 21.4881 1.6000
      vertex 35.6798 21.8568 2.4000
    endloop
  endfacet
  facet normal 0.322821 -0.898231 0.298275
    outer loop
      vertex 35.0634 21.3696 1.6000
      vertex 35.6798 21.8568 2.4000
      vertex 35.3534 21.7395 2.4000
    endloop
  endfacet
  facet normal 0.322324 -0.896847 0.302940
    outer loop
      vertex 35.3929 21.4881 1.6000
      vertex 35.7224 21.6065 1.6000
      vertex 36.0046 21.9782 2.4000
    endloop
  endfacet
  facet normal 0.334518 -0.895710 0.292918
    outer loop
      vertex 35.3929 21.4881 1.6000
      vertex 36.0046 21.9782 2.4000
      vertex 35.6798 21.8568 2.4000
    endloop
  endfacet
  facet normal 0.329152 -0.892621 0.308037
    outer loop
      vertex 35.7224 21.6065 1.6000
      vertex 36.0508 21.7276 1.6000
      vertex 36.3272 22.1056 2.4000
    endloop
  endfacet
  facet normal 0.351694 -0.890225 0.289500
    outer loop
      vertex 35.7224 21.6065 1.6000
      vertex 36.3272 22.1056 2.4000
      vertex 36.0046 21.9782 2.4000
    endloop
  endfacet
  facet normal 0.350703 -0.887716 0.298275
    outer loop
      vertex 36.0508 21.7276 1.6000
      vertex 36.3765 21.8563 1.6000
      vertex 36.6498 22.2330 2.4000
    endloop
  endfacet
  facet normal 0.350703 -0.887716 0.298275
    outer loop
      vertex 36.0508 21.7276 1.6000
      vertex 36.6498 22.2330 2.4000
      vertex 36.3272 22.1056 2.4000
    endloop
  endfacet
  facet normal 0.350703 -0.887716 0.298275
    outer loop
      vertex 36.3765 21.8563 1.6000
      vertex 36.7021 21.9849 1.6000
      vertex 36.9723 22.3605 2.4000
    endloop
  endfacet
  facet normal 0.350703 -0.887716 0.298275
    outer loop
      vertex 36.3765 21.8563 1.6000
      vertex 36.9723 22.3605 2.4000
      vertex 36.6498 22.2330 2.4000
    endloop
  endfacet
  facet normal 0.350703 -0.887716 0.298275
    outer loop
      vertex 36.7021 21.9849 1.6000
      vertex 37.0278 22.1136 1.6000
      vertex 37.2949 22.4879 2.4000
    endloop
  endfacet
  facet normal 0.350703 -0.887716 0.298275
    outer loop
      vertex 36.7021 21.9849 1.6000
      vertex 37.2949 22.4879 2.4000
      vertex 36.9723 22.3605 2.4000
    endloop
  endfacet
  facet normal 0.362647 -0.917951 0.160788
    outer loop
      vertex 37.0278 22.1136 1.6000
      vertex 37.3534 22.2422 1.6000
      vertex 37.6328 22.4927 2.4000
    endloop
  endfacet
  facet normal 0.012973 -0.907331 0.420216
    outer loop
      vertex 37.0278 22.1136 1.6000
      vertex 37.6328 22.4927 2.4000
      vertex 37.2949 22.4879 2.4000
    endloop
  endfacet
  facet normal -0.063640 -0.966543 0.248484
    outer loop
      vertex 37.3534 22.2422 1.6000
      vertex 37.6911 22.2200 1.6000
      vertex 37.9690 22.4073 2.4000
    endloop
  endfacet
  facet normal -0.229371 -0.903150 0.362917
    outer loop
      vertex 37.3534 22.2422 1.6000
      vertex 37.9690 22.4073 2.4000
      vertex 37.6328 22.4927 2.4000
    endloop
  endfacet
  facet normal -0.234949 -0.925111 0.298275
    outer loop
      vertex 37.6911 22.2200 1.6000
      vertex 38.0305 22.1338 1.6000
      vertex 38.3051 22.3220 2.4000
    endloop
  endfacet
  facet normal -0.234949 -0.925111 0.298275
    outer loop
      vertex 37.6911 22.2200 1.6000
      vertex 38.3051 22.3220 2.4000
      vertex 37.9690 22.4073 2.4000
    endloop
  endfacet
  facet normal -0.234949 -0.925111 0.298275
    outer loop
      vertex 38.0305 22.1338 1.6000
      vertex 38.3698 22.0476 1.6000
      vertex 38.6413 22.2366 2.4000
    endloop
  endfacet
  facet normal -0.234949 -0.925111 0.298275
    outer loop
      vertex 38.0305 22.1338 1.6000
      vertex 38.6413 22.2366 2.4000
      vertex 38.3051 22.3220 2.4000
    endloop
  endfacet
  facet normal -0.342569 -0.910481 0.231671
    outer loop
      vertex 38.3698 22.0476 1.6000
      vertex 38.6906 21.9269 1.6000
      vertex 38.9196 22.0443 2.4000
    endloop
  endfacet
  facet normal -0.530055 -0.767237 0.361094
    outer loop
      vertex 38.3698 22.0476 1.6000
      vertex 38.9196 22.0443 2.4000
      vertex 38.6413 22.2366 2.4000
    endloop
  endfacet
  facet normal -0.721748 -0.624590 0.298275
    outer loop
      vertex 38.6906 21.9269 1.6000
      vertex 38.9197 21.6622 1.6000
      vertex 39.1465 21.7821 2.4000
    endloop
  endfacet
  facet normal -0.721748 -0.624590 0.298275
    outer loop
      vertex 38.6906 21.9269 1.6000
      vertex 39.1465 21.7821 2.4000
      vertex 38.9196 22.0443 2.4000
    endloop
  endfacet
  facet normal -0.721748 -0.624590 0.298275
    outer loop
      vertex 38.9197 21.6622 1.6000
      vertex 39.1488 21.3974 1.6000
      vertex 39.3735 21.5198 2.4000
    endloop
  endfacet
  facet normal -0.721748 -0.624590 0.298275
    outer loop
      vertex 38.9197 21.6622 1.6000
      vertex 39.3735 21.5198 2.4000
      vertex 39.1465 21.7821 2.4000
    endloop
  endfacet
  facet normal -0.721748 -0.624590 0.298275
    outer loop
      vertex 39.1488 21.3974 1.6000
      vertex 39.3779 21.1326 1.6000
      vertex 39.6004 21.2576 2.4000
    endloop
  endfacet
  facet normal -0.721748 -0.624590 0.298275
    outer loop
      vertex 39.1488 21.3974 1.6000
      vertex 39.6004 21.2576 2.4000
      vertex 39.3735 21.5198 2.4000
    endloop
  endfacet
  facet normal -0.825776 -0.475914 0.302655
    outer loop
      vertex 39.3779 21.1326 1.6000
      vertex 39.5501 20.8340 1.6000
      vertex 39.7705 20.9602 2.4000
    endloop
  endfacet
  facet normal -0.826996 -0.473005 0.303881
    outer loop
      vertex 39.3779 21.1326 1.6000
      vertex 39.7705 20.9602 2.4000
      vertex 39.6004 21.2576 2.4000
    endloop
  endfacet
  facet normal -0.899408 -0.319527 0.298275
    outer loop
      vertex 39.5501 20.8340 1.6000
      vertex 39.6673 20.5040 1.6000
      vertex 39.8866 20.6334 2.4000
    endloop
  endfacet
  facet normal -0.899408 -0.319527 0.298275
    outer loop
      vertex 39.5501 20.8340 1.6000
      vertex 39.8866 20.6334 2.4000
      vertex 39.7705 20.9602 2.4000
    endloop
  endfacet
  facet normal -0.899408 -0.319527 0.298275
    outer loop
      vertex 39.6673 20.5040 1.6000
      vertex 39.7845 20.1741 1.6000
      vertex 40.0027 20.3066 2.4000
    endloop
  endfacet
  facet normal -0.899408 -0.319527 0.298275
    outer loop
      vertex 39.6673 20.5040 1.6000
      vertex 40.0027 20.3066 2.4000
      vertex 39.8866 20.6334 2.4000
    endloop
  endfacet
  facet normal -0.899408 -0.319527 0.298275
    outer loop
      vertex 39.7845 20.1741 1.6000
      vertex 39.9017 19.8442 1.6000
      vertex 40.1188 19.9797 2.4000
    endloop
  endfacet
  facet normal -0.899408 -0.319527 0.298275
    outer loop
      vertex 39.7845 20.1741 1.6000
      vertex 40.1188 19.9797 2.4000
      vertex 40.0027 20.3066 2.4000
    endloop
  endfacet
  facet normal -0.913892 -0.257607 0.313751
    outer loop
      vertex 39.9017 19.8442 1.6000
      vertex 39.9962 19.5089 1.6000
      vertex 40.2306 19.6516 2.4000
    endloop
  endfacet
  facet normal -0.903725 -0.307880 0.297473
    outer loop
      vertex 39.9017 19.8442 1.6000
      vertex 40.2306 19.6516 2.4000
      vertex 40.1188 19.9797 2.4000
    endloop
  endfacet
  facet normal -0.949527 -0.097111 0.298275
    outer loop
      vertex 39.9962 19.5089 1.6000
      vertex 40.0318 19.1606 1.6000
      vertex 40.2682 19.3069 2.4000
    endloop
  endfacet
  facet normal -0.949376 -0.103406 0.296635
    outer loop
      vertex 39.9962 19.5089 1.6000
      vertex 40.2682 19.3069 2.4000
      vertex 40.2306 19.6516 2.4000
    endloop
  endfacet
  facet normal -0.949527 -0.097111 0.298275
    outer loop
      vertex 40.0318 19.1606 1.6000
      vertex 40.0675 18.8123 1.6000
      vertex 40.3034 18.9619 2.4000
    endloop
  endfacet
  facet normal -0.949527 -0.097111 0.298275
    outer loop
      vertex 40.0318 19.1606 1.6000
      vertex 40.3034 18.9619 2.4000
      vertex 40.2682 19.3069 2.4000
    endloop
  endfacet
  facet normal -0.949527 -0.097111 0.298275
    outer loop
      vertex 40.0675 18.8123 1.6000
      vertex 40.1031 18.4639 1.6000
      vertex 40.3387 18.6169 2.4000
    endloop
  endfacet
  facet normal -0.949527 -0.097111 0.298275
    outer loop
      vertex 40.0675 18.8123 1.6000
      vertex 40.3387 18.6169 2.4000
      vertex 40.3034 18.9619 2.4000
    endloop
  endfacet
  facet normal -0.949527 -0.097111 0.298275
    outer loop
      vertex 40.1031 18.4639 1.6000
      vertex 40.1387 18.1156 1.6000
      vertex 40.3740 18.2719 2.4000
    endloop
  endfacet
  facet normal -0.949527 -0.097111 0.298275
    outer loop
      vertex 40.1031 18.4639 1.6000
      vertex 40.3740 18.2719 2.4000
      vertex 40.3387 18.6169 2.4000
    endloop
  endfacet
  facet normal -0.949783 0.032675 0.311197
    outer loop
      vertex 40.1387 18.1156 1.6000
      vertex 40.1267 17.7672 1.6000
      vertex 40.3943 17.9265 2.4000
    endloop
  endfacet
  facet normal -0.954825 -0.056107 0.291824
    outer loop
      vertex 40.1387 18.1156 1.6000
      vertex 40.3943 17.9265 2.4000
      vertex 40.3740 18.2719 2.4000
    endloop
  endfacet
  facet normal -0.949527 0.097111 0.298275
    outer loop
      vertex 40.1267 17.7672 1.6000
      vertex 40.0911 17.4188 1.6000
      vertex 40.3590 17.5815 2.4000
    endloop
  endfacet
  facet normal -0.949527 0.097111 0.298275
    outer loop
      vertex 40.1267 17.7672 1.6000
      vertex 40.3590 17.5815 2.4000
      vertex 40.3943 17.9265 2.4000
    endloop
  endfacet
  facet normal -0.949527 0.097111 0.298275
    outer loop
      vertex 40.0911 17.4188 1.6000
      vertex 40.0555 17.0705 1.6000
      vertex 40.3237 17.2365 2.4000
    endloop
  endfacet
  facet normal -0.949527 0.097111 0.298275
    outer loop
      vertex 40.0911 17.4188 1.6000
      vertex 40.3237 17.2365 2.4000
      vertex 40.3590 17.5815 2.4000
    endloop
  endfacet
  facet normal -0.949527 0.097111 0.298275
    outer loop
      vertex 40.0555 17.0705 1.6000
      vertex 40.0198 16.7222 1.6000
      vertex 40.2885 16.8915 2.4000
    endloop
  endfacet
  facet normal -0.949527 0.097111 0.298275
    outer loop
      vertex 40.0555 17.0705 1.6000
      vertex 40.2885 16.8915 2.4000
      vertex 40.3237 17.2365 2.4000
    endloop
  endfacet
  facet normal -0.947407 0.110078 0.300505
    outer loop
      vertex 40.0198 16.7222 1.6000
      vertex 39.9795 16.3747 1.6000
      vertex 40.2532 16.5465 2.4000
    endloop
  endfacet
  facet normal -0.949527 0.097111 0.298275
    outer loop
      vertex 40.0198 16.7222 1.6000
      vertex 40.2532 16.5465 2.4000
      vertex 40.2885 16.8915 2.4000
    endloop
  endfacet
  facet normal -0.899408 0.319527 0.298275
    outer loop
      vertex 39.9795 16.3747 1.6000
      vertex 39.8623 16.0448 1.6000
      vertex 40.1856 16.2082 2.4000
    endloop
  endfacet
  facet normal -0.940952 0.187937 0.281584
    outer loop
      vertex 39.9795 16.3747 1.6000
      vertex 40.1856 16.2082 2.4000
      vertex 40.2532 16.5465 2.4000
    endloop
  endfacet
  facet normal -0.899408 0.319527 0.298275
    outer loop
      vertex 39.8623 16.0448 1.6000
      vertex 39.7450 15.7149 1.6000
      vertex 40.0695 15.8814 2.4000
    endloop
  endfacet
  facet normal -0.899408 0.319527 0.298275
    outer loop
      vertex 39.8623 16.0448 1.6000
      vertex 40.0695 15.8814 2.4000
      vertex 40.1856 16.2082 2.4000
    endloop
  endfacet
  facet normal -0.899408 0.319527 0.298275
    outer loop
      vertex 39.7450 15.7149 1.6000
      vertex 39.6278 15.3849 1.6000
      vertex 39.9534 15.5546 2.4000
    endloop
  endfacet
  facet normal -0.899408 0.319527 0.298275
    outer loop
      vertex 39.7450 15.7149 1.6000
      vertex 39.9534 15.5546 2.4000
      vertex 40.0695 15.8814 2.4000
    endloop
  endfacet
  facet normal -0.899408 0.319527 0.298275
    outer loop
      vertex 39.6278 15.3849 1.6000
      vertex 39.5106 15.0550 1.6000
      vertex 39.8373 15.2278 2.4000
    endloop
  endfacet
  facet normal -0.899408 0.319527 0.298275
    outer loop
      vertex 39.6278 15.3849 1.6000
      vertex 39.8373 15.2278 2.4000
      vertex 39.9534 15.5546 2.4000
    endloop
  endfacet
  facet normal -0.758230 0.574788 0.307744
    outer loop
      vertex 39.5106 15.0550 1.6000
      vertex 39.3008 14.7783 1.6000
      vertex 39.7191 14.9018 2.4000
    endloop
  endfacet
  facet normal -0.897914 0.325429 0.296390
    outer loop
      vertex 39.5106 15.0550 1.6000
      vertex 39.7191 14.9018 2.4000
      vertex 39.8373 15.2278 2.4000
    endloop
  endfacet
  facet normal -0.721748 0.624590 0.298275
    outer loop
      vertex 39.3008 14.7783 1.6000
      vertex 39.0717 14.5135 1.6000
      vertex 39.5040 14.6310 2.4000
    endloop
  endfacet
  facet normal -0.747114 0.593640 0.299021
    outer loop
      vertex 39.3008 14.7783 1.6000
      vertex 39.5040 14.6310 2.4000
      vertex 39.7191 14.9018 2.4000
    endloop
  endfacet
  facet normal -0.721748 0.624590 0.298275
    outer loop
      vertex 39.0717 14.5135 1.6000
      vertex 38.8426 14.2487 1.6000
      vertex 39.2771 14.3688 2.4000
    endloop
  endfacet
  facet normal -0.721748 0.624590 0.298275
    outer loop
      vertex 39.0717 14.5135 1.6000
      vertex 39.2771 14.3688 2.4000
      vertex 39.5040 14.6310 2.4000
    endloop
  endfacet
  facet normal -0.663973 0.687344 0.294445
    outer loop
      vertex 38.8426 14.2487 1.6000
      vertex 38.5950 14.0096 1.6000
      vertex 39.0501 14.1065 2.4000
    endloop
  endfacet
  facet normal -0.721748 0.624590 0.298275
    outer loop
      vertex 38.8426 14.2487 1.6000
      vertex 39.0501 14.1065 2.4000
      vertex 39.2771 14.3688 2.4000
    endloop
  endfacet
  facet normal -0.237912 0.936777 0.256608
    outer loop
      vertex 38.5950 14.0096 1.6000
      vertex 38.2556 13.9234 1.6000
      vertex 38.8197 13.8475 2.4000
    endloop
  endfacet
  facet normal -0.706438 0.628357 0.325748
    outer loop
      vertex 38.5950 14.0096 1.6000
      vertex 38.8197 13.8475 2.4000
      vertex 39.0501 14.1065 2.4000
    endloop
  endfacet
  facet normal -0.234949 0.925111 0.298275
    outer loop
      vertex 38.2556 13.9234 1.6000
      vertex 37.9163 13.8372 1.6000
      vertex 38.4984 13.7271 2.4000
    endloop
  endfacet
  facet normal -0.332585 0.887591 0.318699
    outer loop
      vertex 38.2556 13.9234 1.6000
      vertex 38.4984 13.7271 2.4000
      vertex 38.8197 13.8475 2.4000
    endloop
  endfacet
  facet normal -0.234949 0.925111 0.298275
    outer loop
      vertex 37.9163 13.8372 1.6000
      vertex 37.5769 13.7510 1.6000
      vertex 38.1623 13.6418 2.4000
    endloop
  endfacet
  facet normal -0.234949 0.925111 0.298275
    outer loop
      vertex 37.9163 13.8372 1.6000
      vertex 38.1623 13.6418 2.4000
      vertex 38.4984 13.7271 2.4000
    endloop
  endfacet
  facet normal 0.145890 0.970739 0.190741
    outer loop
      vertex 37.5769 13.7510 1.6000
      vertex 37.2438 13.8011 1.6000
      vertex 37.8261 13.5564 2.4000
    endloop
  endfacet
  facet normal -0.234949 0.925111 0.298275
    outer loop
      vertex 37.5769 13.7510 1.6000
      vertex 37.8261 13.5564 2.4000
      vertex 38.1623 13.6418 2.4000
    endloop
  endfacet
  facet normal 0.355188 0.899071 0.255955
    outer loop
      vertex 37.2438 13.8011 1.6000
      vertex 36.9182 13.9297 1.6000
      vertex 37.4889 13.4765 2.4000
    endloop
  endfacet
  facet normal -0.208961 0.882210 0.421949
    outer loop
      vertex 37.2438 13.8011 1.6000
      vertex 37.4889 13.4765 2.4000
      vertex 37.8261 13.5564 2.4000
    endloop
  endfacet
  facet normal 0.350703 0.887716 0.298275
    outer loop
      vertex 36.9182 13.9297 1.6000
      vertex 36.5925 14.0584 1.6000
      vertex 37.1578 13.5663 2.4000
    endloop
  endfacet
  facet normal 0.246158 0.908072 0.338839
    outer loop
      vertex 36.9182 13.9297 1.6000
      vertex 37.1578 13.5663 2.4000
      vertex 37.4889 13.4765 2.4000
    endloop
  endfacet
  facet normal 0.350703 0.887716 0.298275
    outer loop
      vertex 36.5925 14.0584 1.6000
      vertex 36.2669 14.1870 1.6000
      vertex 36.8353 13.6937 2.4000
    endloop
  endfacet
  facet normal 0.350703 0.887716 0.298275
    outer loop
      vertex 36.5925 14.0584 1.6000
      vertex 36.8353 13.6937 2.4000
      vertex 37.1578 13.5663 2.4000
    endloop
  endfacet
  facet normal 0.348605 0.888244 0.299161
    outer loop
      vertex 36.2669 14.1870 1.6000
      vertex 35.9410 14.3149 1.6000
      vertex 36.5127 13.8211 2.4000
    endloop
  endfacet
  facet normal 0.350703 0.887716 0.298275
    outer loop
      vertex 36.2669 14.1870 1.6000
      vertex 36.5127 13.8211 2.4000
      vertex 36.8353 13.6937 2.4000
    endloop
  endfacet
  facet normal 0.321593 0.894814 0.309653
    outer loop
      vertex 35.9410 14.3149 1.6000
      vertex 35.6115 14.4334 1.6000
      vertex 36.1901 13.9486 2.4000
    endloop
  endfacet
  facet normal 0.350801 0.887964 0.297419
    outer loop
      vertex 35.9410 14.3149 1.6000
      vertex 36.1901 13.9486 2.4000
      vertex 36.5127 13.8211 2.4000
    endloop
  endfacet
  facet normal 0.322821 0.898231 0.298275
    outer loop
      vertex 35.6115 14.4334 1.6000
      vertex 35.2820 14.5518 1.6000
      vertex 35.8675 14.0757 2.4000
    endloop
  endfacet
  facet normal 0.351298 0.891468 0.286139
    outer loop
      vertex 35.6115 14.4334 1.6000
      vertex 35.8675 14.0757 2.4000
      vertex 36.1901 13.9486 2.4000
    endloop
  endfacet
  facet normal 0.320935 0.898642 0.299070
    outer loop
      vertex 35.2820 14.5518 1.6000
      vertex 34.9523 14.6695 1.6000
      vertex 35.5411 14.1930 2.4000
    endloop
  endfacet
  facet normal 0.322821 0.898231 0.298275
    outer loop
      vertex 35.2820 14.5518 1.6000
      vertex 35.5411 14.1930 2.4000
      vertex 35.8675 14.0757 2.4000
    endloop
  endfacet
  facet normal -0.025540 0.908791 0.416469
    outer loop
      vertex 34.9523 14.6695 1.6000
      vertex 34.6096 14.6599 1.6000
      vertex 35.2147 14.3103 2.4000
    endloop
  endfacet
  facet normal 0.322902 0.898455 0.297511
    outer loop
      vertex 34.9523 14.6695 1.6000
      vertex 35.2147 14.3103 2.4000
      vertex 35.5411 14.1930 2.4000
    endloop
  endfacet
  facet normal -0.517143 0.756705 0.399951
    outer loop
      vertex 34.6096 14.6599 1.6000
      vertex 34.3216 14.4631 1.6000
      vertex 34.8883 14.4276 2.4000
    endloop
  endfacet
  facet normal 0.334205 0.929906 0.153565
    outer loop
      vertex 34.6096 14.6599 1.6000
      vertex 34.8883 14.4276 2.4000
      vertex 35.2147 14.3103 2.4000
    endloop
  endfacet
  facet normal -0.627317 0.716041 0.306202
    outer loop
      vertex 34.3216 14.4631 1.6000
      vertex 34.0593 14.2333 1.6000
      vertex 34.5728 14.3411 2.4000
    endloop
  endfacet
  facet normal -0.257744 0.939817 0.224305
    outer loop
      vertex 34.3216 14.4631 1.6000
      vertex 34.5728 14.3411 2.4000
      vertex 34.8883 14.4276 2.4000
    endloop
  endfacet
  facet normal -0.898294 0.310923 0.310476
    outer loop
      vertex 34.0593 14.2333 1.6000
      vertex 33.9458 13.9054 1.6000
      vertex 34.2993 14.1278 2.4000
    endloop
  endfacet
  facet normal -0.590789 0.757733 0.277144
    outer loop
      vertex 34.0593 14.2333 1.6000
      vertex 34.2993 14.1278 2.4000
      vertex 34.5728 14.3411 2.4000
    endloop
  endfacet
  facet normal -0.932447 0.203898 0.298275
    outer loop
      vertex 33.9458 13.9054 1.6000
      vertex 33.8710 13.5633 1.6000
      vertex 34.1806 13.8091 2.4000
    endloop
  endfacet
  facet normal -0.893336 0.332536 0.302275
    outer loop
      vertex 33.9458 13.9054 1.6000
      vertex 34.1806 13.8091 2.4000
      vertex 34.2993 14.1278 2.4000
    endloop
  endfacet
  facet normal -0.932447 0.203898 0.298275
    outer loop
      vertex 33.8710 13.5633 1.6000
      vertex 33.7962 13.2213 1.6000
      vertex 34.1066 13.4703 2.4000
    endloop
  endfacet
  facet normal -0.932447 0.203898 0.298275
    outer loop
      vertex 33.8710 13.5633 1.6000
      vertex 34.1066 13.4703 2.4000
      vertex 34.1806 13.8091 2.4000
    endloop
  endfacet
  facet normal -0.934206 0.196203 0.297931
    outer loop
      vertex 33.7962 13.2213 1.6000
      vertex 33.7242 12.8787 1.6000
      vertex 34.0325 13.1315 2.4000
    endloop
  endfacet
  facet normal -0.932447 0.203898 0.298275
    outer loop
      vertex 33.7962 13.2213 1.6000
      vertex 34.0325 13.1315 2.4000
      vertex 34.1066 13.4703 2.4000
    endloop
  endfacet
  facet normal -0.955856 -0.007889 0.293730
    outer loop
      vertex 33.7242 12.8787 1.6000
      vertex 33.7271 12.5288 1.6000
      vertex 33.9708 12.7911 2.4000
    endloop
  endfacet
  facet normal -0.936412 0.169625 0.307179
    outer loop
      vertex 33.7242 12.8787 1.6000
      vertex 33.9708 12.7911 2.4000
      vertex 34.0325 13.1315 2.4000
    endloop
  endfacet
  facet normal -0.954196 -0.023294 0.298275
    outer loop
      vertex 33.7271 12.5288 1.6000
      vertex 33.7357 12.1788 1.6000
      vertex 33.9793 12.4443 2.4000
    endloop
  endfacet
  facet normal -0.954196 -0.023294 0.298275
    outer loop
      vertex 33.7271 12.5288 1.6000
      vertex 33.9793 12.4443 2.4000
      vertex 33.9708 12.7911 2.4000
    endloop
  endfacet
  facet normal -0.954196 -0.023294 0.298275
    outer loop
      vertex 33.7357 12.1788 1.6000
      vertex 33.7442 11.8287 1.6000
      vertex 33.9877 12.0976 2.4000
    endloop
  endfacet
  facet normal -0.954196 -0.023294 0.298275
    outer loop
      vertex 33.7357 12.1788 1.6000
      vertex 33.9877 12.0976 2.4000
      vertex 33.9793 12.4443 2.4000
    endloop
  endfacet
  facet normal -0.954196 -0.023294 0.298275
    outer loop
      vertex 33.7442 11.8287 1.6000
      vertex 33.7528 11.4787 1.6000
      vertex 33.9962 11.7509 2.4000
    endloop
  endfacet
  facet normal -0.954196 -0.023294 0.298275
    outer loop
      vertex 33.7442 11.8287 1.6000
      vertex 33.9962 11.7509 2.4000
      vertex 33.9877 12.0976 2.4000
    endloop
  endfacet
  facet normal -0.954196 -0.023294 0.298275
    outer loop
      vertex 33.7528 11.4787 1.6000
      vertex 33.7613 11.1287 1.6000
      vertex 34.0047 11.4042 2.4000
    endloop
  endfacet
  facet normal -0.954196 -0.023294 0.298275
    outer loop
      vertex 33.7528 11.4787 1.6000
      vertex 34.0047 11.4042 2.4000
      vertex 33.9962 11.7509 2.4000
    endloop
  endfacet
  facet normal -0.953756 -0.056897 0.295146
    outer loop
      vertex 33.7613 11.1287 1.6000
      vertex 33.7821 10.7795 1.6000
      vertex 34.0131 11.0575 2.4000
    endloop
  endfacet
  facet normal -0.954196 -0.023294 0.298275
    outer loop
      vertex 33.7613 11.1287 1.6000
      vertex 34.0131 11.0575 2.4000
      vertex 34.0047 11.4042 2.4000
    endloop
  endfacet
  facet normal -0.946303 -0.124667 0.298275
    outer loop
      vertex 33.7821 10.7795 1.6000
      vertex 33.8279 10.4324 1.6000
      vertex 34.0431 10.7124 2.4000
    endloop
  endfacet
  facet normal -0.949457 -0.082597 0.302834
    outer loop
      vertex 33.7821 10.7795 1.6000
      vertex 34.0431 10.7124 2.4000
      vertex 34.0131 11.0575 2.4000
    endloop
  endfacet
  facet normal -0.946303 -0.124667 0.298275
    outer loop
      vertex 33.8279 10.4324 1.6000
      vertex 33.8736 10.0853 1.6000
      vertex 34.0884 10.3685 2.4000
    endloop
  endfacet
  facet normal -0.946303 -0.124667 0.298275
    outer loop
      vertex 33.8279 10.4324 1.6000
      vertex 34.0884 10.3685 2.4000
      vertex 34.0431 10.7124 2.4000
    endloop
  endfacet
  facet normal -0.946303 -0.124667 0.298275
    outer loop
      vertex 33.8736 10.0853 1.6000
      vertex 33.9193 9.7381 1.6000
      vertex 34.1337 10.0247 2.4000
    endloop
  endfacet
  facet normal -0.946303 -0.124667 0.298275
    outer loop
      vertex 33.8736 10.0853 1.6000
      vertex 34.1337 10.0247 2.4000
      vertex 34.0884 10.3685 2.4000
    endloop
  endfacet
  facet normal -0.946303 -0.124667 0.298275
    outer loop
      vertex 33.9193 9.7381 1.6000
      vertex 33.9651 9.3910 1.6000
      vertex 34.1790 9.6808 2.4000
    endloop
  endfacet
  facet normal -0.946303 -0.124667 0.298275
    outer loop
      vertex 33.9193 9.7381 1.6000
      vertex 34.1790 9.6808 2.4000
      vertex 34.1337 10.0247 2.4000
    endloop
  endfacet
  facet normal -0.946303 -0.124667 0.298275
    outer loop
      vertex 33.9651 9.3910 1.6000
      vertex 34.0108 9.0438 1.6000
      vertex 34.2243 9.3370 2.4000
    endloop
  endfacet
  facet normal -0.946303 -0.124667 0.298275
    outer loop
      vertex 33.9651 9.3910 1.6000
      vertex 34.2243 9.3370 2.4000
      vertex 34.1790 9.6808 2.4000
    endloop
  endfacet
  facet normal -0.946303 -0.124667 0.298275
    outer loop
      vertex 34.0108 9.0438 1.6000
      vertex 34.0565 8.6967 1.6000
      vertex 34.2696 8.9932 2.4000
    endloop
  endfacet
  facet normal -0.946303 -0.124667 0.298275
    outer loop
      vertex 34.0108 9.0438 1.6000
      vertex 34.2696 8.9932 2.4000
      vertex 34.2243 9.3370 2.4000
    endloop
  endfacet
  facet normal -0.942134 -0.159497 0.294864
    outer loop
      vertex 34.0565 8.6967 1.6000
      vertex 34.1150 8.3516 1.6000
      vertex 34.3149 8.6493 2.4000
    endloop
  endfacet
  facet normal -0.946303 -0.124667 0.298275
    outer loop
      vertex 34.0565 8.6967 1.6000
      vertex 34.3149 8.6493 2.4000
      vertex 34.2696 8.9932 2.4000
    endloop
  endfacet
  facet normal -0.937325 -0.180149 0.298275
    outer loop
      vertex 34.1150 8.3516 1.6000
      vertex 34.1810 8.0078 1.6000
      vertex 34.3779 8.3083 2.4000
    endloop
  endfacet
  facet normal -0.938411 -0.173142 0.299011
    outer loop
      vertex 34.1150 8.3516 1.6000
      vertex 34.3779 8.3083 2.4000
      vertex 34.3149 8.6493 2.4000
    endloop
  endfacet
  facet normal -0.937325 -0.180149 0.298275
    outer loop
      vertex 34.1810 8.0078 1.6000
      vertex 34.2471 7.6639 1.6000
      vertex 34.4433 7.9677 2.4000
    endloop
  endfacet
  facet normal -0.937325 -0.180149 0.298275
    outer loop
      vertex 34.1810 8.0078 1.6000
      vertex 34.4433 7.9677 2.4000
      vertex 34.3779 8.3083 2.4000
    endloop
  endfacet
  facet normal -0.937325 -0.180149 0.298275
    outer loop
      vertex 34.2471 7.6639 1.6000
      vertex 34.3132 7.3201 1.6000
      vertex 34.5088 7.6271 2.4000
    endloop
  endfacet
  facet normal -0.937325 -0.180149 0.298275
    outer loop
      vertex 34.2471 7.6639 1.6000
      vertex 34.5088 7.6271 2.4000
      vertex 34.4433 7.9677 2.4000
    endloop
  endfacet
  facet normal -0.937325 -0.180149 0.298275
    outer loop
      vertex 34.3132 7.3201 1.6000
      vertex 34.3793 6.9762 1.6000
      vertex 34.5742 7.2865 2.4000
    endloop
  endfacet
  facet normal -0.937325 -0.180149 0.298275
    outer loop
      vertex 34.3132 7.3201 1.6000
      vertex 34.5742 7.2865 2.4000
      vertex 34.5088 7.6271 2.4000
    endloop
  endfacet
  facet normal -0.937325 -0.180149 0.298275
    outer loop
      vertex 34.3793 6.9762 1.6000
      vertex 34.4454 6.6324 1.6000
      vertex 34.6397 6.9460 2.4000
    endloop
  endfacet
  facet normal -0.937325 -0.180149 0.298275
    outer loop
      vertex 34.3793 6.9762 1.6000
      vertex 34.6397 6.9460 2.4000
      vertex 34.5742 7.2865 2.4000
    endloop
  endfacet
  facet normal -0.937325 -0.180149 0.298275
    outer loop
      vertex 34.4454 6.6324 1.6000
      vertex 34.5115 6.2886 1.6000
      vertex 34.7052 6.6054 2.4000
    endloop
  endfacet
  facet normal -0.937325 -0.180149 0.298275
    outer loop
      vertex 34.4454 6.6324 1.6000
      vertex 34.7052 6.6054 2.4000
      vertex 34.6397 6.9460 2.4000
    endloop
  endfacet
  facet normal -0.934102 -0.198575 0.296684
    outer loop
      vertex 34.5115 6.2886 1.6000
      vertex 34.5843 5.9461 1.6000
      vertex 34.7706 6.2648 2.4000
    endloop
  endfacet
  facet normal -0.937325 -0.180149 0.298275
    outer loop
      vertex 34.5115 6.2886 1.6000
      vertex 34.7706 6.2648 2.4000
      vertex 34.7052 6.6054 2.4000
    endloop
  endfacet
  facet normal -0.930000 -0.214782 0.298275
    outer loop
      vertex 34.5843 5.9461 1.6000
      vertex 34.6630 5.6050 1.6000
      vertex 34.8454 5.9262 2.4000
    endloop
  endfacet
  facet normal -0.931746 -0.205933 0.299066
    outer loop
      vertex 34.5843 5.9461 1.6000
      vertex 34.8454 5.9262 2.4000
      vertex 34.7706 6.2648 2.4000
    endloop
  endfacet
  facet normal -0.930000 -0.214782 0.298275
    outer loop
      vertex 34.6630 5.6050 1.6000
      vertex 34.7418 5.2638 1.6000
      vertex 34.9235 5.5883 2.4000
    endloop
  endfacet
  facet normal -0.930000 -0.214782 0.298275
    outer loop
      vertex 34.6630 5.6050 1.6000
      vertex 34.9235 5.5883 2.4000
      vertex 34.8454 5.9262 2.4000
    endloop
  endfacet
  facet normal -0.930000 -0.214782 0.298275
    outer loop
      vertex 34.7418 5.2638 1.6000
      vertex 34.8206 4.9227 1.6000
      vertex 35.0015 5.2503 2.4000
    endloop
  endfacet
  facet normal -0.930000 -0.214782 0.298275
    outer loop
      vertex 34.7418 5.2638 1.6000
      vertex 35.0015 5.2503 2.4000
      vertex 34.9235 5.5883 2.4000
    endloop
  endfacet
  facet normal -0.930000 -0.214782 0.298275
    outer loop
      vertex 34.8206 4.9227 1.6000
      vertex 34.8994 4.5815 1.6000
      vertex 35.0796 4.9124 2.4000
    endloop
  endfacet
  facet normal -0.930000 -0.214782 0.298275
    outer loop
      vertex 34.8206 4.9227 1.6000
      vertex 35.0796 4.9124 2.4000
      vertex 35.0015 5.2503 2.4000
    endloop
  endfacet
  facet normal -0.930000 -0.214782 0.298275
    outer loop
      vertex 34.8994 4.5815 1.6000
      vertex 34.9782 4.2404 1.6000
      vertex 35.1576 4.5745 2.4000
    endloop
  endfacet
  facet normal -0.930000 -0.214782 0.298275
    outer loop
      vertex 34.8994 4.5815 1.6000
      vertex 35.1576 4.5745 2.4000
      vertex 35.0796 4.9124 2.4000
    endloop
  endfacet
  facet normal -0.930000 -0.214782 0.298275
    outer loop
      vertex 34.9782 4.2404 1.6000
      vertex 35.0570 3.8992 1.6000
      vertex 35.2357 4.2366 2.4000
    endloop
  endfacet
  facet normal -0.930000 -0.214782 0.298275
    outer loop
      vertex 34.9782 4.2404 1.6000
      vertex 35.2357 4.2366 2.4000
      vertex 35.1576 4.5745 2.4000
    endloop
  endfacet
  facet normal -0.926112 -0.232590 0.297015
    outer loop
      vertex 35.0570 3.8992 1.6000
      vertex 35.1423 3.5596 1.6000
      vertex 35.3137 3.8987 2.4000
    endloop
  endfacet
  facet normal -0.930000 -0.214782 0.298275
    outer loop
      vertex 35.0570 3.8992 1.6000
      vertex 35.3137 3.8987 2.4000
      vertex 35.2357 4.2366 2.4000
    endloop
  endfacet
  facet normal -0.924248 -0.238323 0.298275
    outer loop
      vertex 35.1423 3.5596 1.6000
      vertex 35.2297 3.2206 1.6000
      vertex 35.3997 3.5627 2.4000
    endloop
  endfacet
  facet normal -0.924652 -0.236593 0.298399
    outer loop
      vertex 35.1423 3.5596 1.6000
      vertex 35.3997 3.5627 2.4000
      vertex 35.3137 3.8987 2.4000
    endloop
  endfacet
  facet normal -0.924248 -0.238323 0.298275
    outer loop
      vertex 35.2297 3.2206 1.6000
      vertex 35.3171 2.8815 1.6000
      vertex 35.4863 3.2268 2.4000
    endloop
  endfacet
  facet normal -0.924248 -0.238323 0.298275
    outer loop
      vertex 35.2297 3.2206 1.6000
      vertex 35.4863 3.2268 2.4000
      vertex 35.3997 3.5627 2.4000
    endloop
  endfacet
  facet normal -0.924248 -0.238323 0.298275
    outer loop
      vertex 35.3171 2.8815 1.6000
      vertex 35.4046 2.5425 1.6000
      vertex 35.5729 2.8910 2.4000
    endloop
  endfacet
  facet normal -0.924248 -0.238323 0.298275
    outer loop
      vertex 35.3171 2.8815 1.6000
      vertex 35.5729 2.8910 2.4000
      vertex 35.4863 3.2268 2.4000
    endloop
  endfacet
  facet normal -0.924248 -0.238323 0.298275
    outer loop
      vertex 35.4046 2.5425 1.6000
      vertex 35.4920 2.2035 1.6000
      vertex 35.6595 2.5552 2.4000
    endloop
  endfacet
  facet normal -0.924248 -0.238323 0.298275
    outer loop
      vertex 35.4046 2.5425 1.6000
      vertex 35.6595 2.5552 2.4000
      vertex 35.5729 2.8910 2.4000
    endloop
  endfacet
  facet normal -0.924192 -0.238556 0.298262
    outer loop
      vertex 35.4920 2.2035 1.6000
      vertex 35.5795 1.8644 1.6000
      vertex 35.7461 2.2193 2.4000
    endloop
  endfacet
  facet normal -0.924248 -0.238323 0.298275
    outer loop
      vertex 35.4920 2.2035 1.6000
      vertex 35.7461 2.2193 2.4000
      vertex 35.6595 2.5552 2.4000
    endloop
  endfacet
  facet normal -0.919729 -0.255206 0.298275
    outer loop
      vertex 35.5795 1.8644 1.6000
      vertex 35.6731 1.5270 1.6000
      vertex 35.8336 1.8837 2.4000
    endloop
  endfacet
  facet normal -0.923349 -0.240788 0.299077
    outer loop
      vertex 35.5795 1.8644 1.6000
      vertex 35.8336 1.8837 2.4000
      vertex 35.7461 2.2193 2.4000
    endloop
  endfacet
  facet normal -0.919729 -0.255206 0.298275
    outer loop
      vertex 35.6731 1.5270 1.6000
      vertex 35.7667 1.1897 1.6000
      vertex 35.9263 1.5496 2.4000
    endloop
  endfacet
  facet normal -0.919729 -0.255206 0.298275
    outer loop
      vertex 35.6731 1.5270 1.6000
      vertex 35.9263 1.5496 2.4000
      vertex 35.8336 1.8837 2.4000
    endloop
  endfacet
  facet normal -0.919729 -0.255206 0.298275
    outer loop
      vertex 35.7667 1.1897 1.6000
      vertex 35.8603 0.8523 1.6000
      vertex 36.0190 1.2154 2.4000
    endloop
  endfacet
  facet normal -0.919729 -0.255206 0.298275
    outer loop
      vertex 35.7667 1.1897 1.6000
      vertex 36.0190 1.2154 2.4000
      vertex 35.9263 1.5496 2.4000
    endloop
  endfacet
  facet normal -0.919610 -0.255659 0.298254
    outer loop
      vertex 35.8603 0.8523 1.6000
      vertex 35.9541 0.5149 1.6000
      vertex 36.1118 0.8812 2.4000
    endloop
  endfacet
  facet normal -0.919729 -0.255206 0.298275
    outer loop
      vertex 35.8603 0.8523 1.6000
      vertex 36.1118 0.8812 2.4000
      vertex 36.0190 1.2154 2.4000
    endloop
  endfacet
  facet normal -0.827682 -0.486758 0.279301
    outer loop
      vertex 35.9541 0.5149 1.6000
      vertex 36.1284 0.2186 1.6000
      vertex 36.2051 0.5472 2.4000
    endloop
  endfacet
  facet normal -0.919109 -0.256906 0.298726
    outer loop
      vertex 35.9541 0.5149 1.6000
      vertex 36.2051 0.5472 2.4000
      vertex 36.1118 0.8812 2.4000
    endloop
  endfacet
  facet normal -0.331589 -0.899524 0.284437
    outer loop
      vertex 36.1284 0.2186 1.6000
      vertex 36.4501 0.1000 1.6000
      vertex 36.4582 0.3500 2.4000
    endloop
  endfacet
  facet normal -0.573970 -0.736667 0.357604
    outer loop
      vertex 36.1284 0.2186 1.6000
      vertex 36.4582 0.3500 2.4000
      vertex 36.2051 0.5472 2.4000
    endloop
  endfacet
  facet normal 0.000000 -0.954480 0.298275
    outer loop
      vertex 36.4501 0.1000 1.6000
      vertex 36.8003 0.1000 1.6000
      vertex 36.8050 0.3500 2.4000
    endloop
  endfacet
  facet normal 0.000000 -0.954480 0.298275
    outer loop
      vertex 36.4501 0.1000 1.6000
      vertex 36.8050 0.3500 2.4000
      vertex 36.4582 0.3500 2.4000
    endloop
  endfacet
  facet normal 0.000000 -0.000000 -1.000000
    outer loop
      vertex 36.2684 35.6415 2.4000
      vertex 36.5650 35.8001 2.4000
      vertex 36.1651 35.3110 2.4000
    endloop
  endfacet
  facet normal 0.000000 -0.000000 -1.000000
    outer loop
      vertex 36.5650 35.8001 2.4000
      vertex 36.8991 35.8932 2.4000
      vertex 36.1651 35.3110 2.4000
    endloop
  endfacet
  facet normal 0.000000 0.000000 -1.000000
    outer loop
      vertex 36.8991 35.8932 2.4000
      vertex 36.0724 34.9768 2.4000
      vertex 36.1651 35.3110 2.4000
    endloop
  endfacet
  facet normal 0.000000 -0.000000 -1.000000
    outer loop
      vertex 36.8991 35.8932 2.4000
      vertex 37.2333 35.9859 2.4000
      vertex 36.0724 34.9768 2.4000
    endloop
  endfacet
  facet normal 0.000000 0.000000 -1.000000
    outer loop
      vertex 37.9017 36.1714 2.4000
      vertex 35.8869 34.3084 2.4000
      vertex 37.5675 36.0787 2.4000
    endloop
  endfacet
  facet normal 0.000000 0.000000 -1.000000
    outer loop
      vertex 37.9017 36.1714 2.4000
      vertex 35.7959 33.9738 2.4000
      vertex 35.8869 34.3084 2.4000
    endloop
  endfacet
  facet normal 0.000000 -0.000000 -1.000000
    outer loop
      vertex 37.9017 36.1714 2.4000
      vertex 38.2373 36.2586 2.4000
      vertex 35.7959 33.9738 2.4000
    endloop
  endfacet
  facet normal 0.000000 0.000000 -1.000000
    outer loop
      vertex 38.2373 36.2586 2.4000
      vertex 35.7093 33.6380 2.4000
      vertex 35.7959 33.9738 2.4000
    endloop
  endfacet
  facet normal 0.000000 -0.000000 -1.000000
    outer loop
      vertex 38.2373 36.2586 2.4000
      vertex 38.5732 36.3452 2.4000
      vertex 35.7093 33.6380 2.4000
    endloop
  endfacet
  facet normal 0.000000 0.000000 -1.000000
    outer loop
      vertex 39.2448 36.5184 2.4000
      vertex 35.5361 32.9663 2.4000
      vertex 38.9090 36.4318 2.4000
    endloop
  endfacet
  facet normal 0.000000 0.000000 -1.000000
    outer loop
      vertex 39.2448 36.5184 2.4000
      vertex 35.4495 32.6305 2.4000
      vertex 35.5361 32.9663 2.4000
    endloop
  endfacet
  facet normal 0.000000 -0.000000 -1.000000
    outer loop
      vertex 39.2448 36.5184 2.4000
      vertex 39.5807 36.6050 2.4000
      vertex 35.4495 32.6305 2.4000
    endloop
  endfacet
  facet normal 0.000000 0.000000 -1.000000
    outer loop
      vertex 39.5807 36.6050 2.4000
      vertex 35.3629 32.2946 2.4000
      vertex 35.4495 32.6305 2.4000
    endloop
  endfacet
  facet normal 0.000000 -0.000000 -1.000000
    outer loop
      vertex 39.5807 36.6050 2.4000
      vertex 39.9168 36.6905 2.4000
      vertex 35.3629 32.2946 2.4000
    endloop
  endfacet
  facet normal 0.000000 0.000000 -1.000000
    outer loop
      vertex 39.9168 36.6905 2.4000
      vertex 35.2805 31.9578 2.4000
      vertex 35.3629 32.2946 2.4000
    endloop
  endfacet
  facet normal 0.000000 -0.000000 -1.000000
    outer loop
      vertex 39.9168 36.6905 2.4000
      vertex 40.2547 36.7685 2.4000
      vertex 35.2805 31.9578 2.4000
    endloop
  endfacet
  facet normal 0.000000 0.000000 -1.000000
    outer loop
      vertex 40.2547 36.7685 2.4000
      vertex 35.2025 31.6198 2.4000
      vertex 35.2805 31.9578 2.4000
    endloop
  endfacet
  facet normal 0.000000 -0.000000 -1.000000
    outer loop
      vertex 40.2547 36.7685 2.4000
      vertex 40.5926 36.8466 2.4000
      vertex 35.2025 31.6198 2.4000
    endloop
  endfacet
  facet normal 0.000000 -0.000000 -1.000000
    outer loop
      vertex 41.9443 37.1587 2.4000
      vertex 49.8599 33.1664 2.4000
      vertex 41.6064 37.0807 2.4000
    endloop
  endfacet
  facet normal 0.000000 0.000000 -1.000000
    outer loop
      vertex 41.9443 37.1587 2.4000
      vertex 42.2830 37.2329 2.4000
      vertex 49.8599 33.1664 2.4000
    endloop
  endfacet
  facet normal 0.000000 0.000000 -1.000000
    outer loop
      vertex 42.2830 37.2329 2.4000
      vertex 42.6236 37.2984 2.4000
      vertex 49.8599 33.1664 2.4000
    endloop
  endfacet
  facet normal 0.000000 0.000000 -1.000000
    outer loop
      vertex 42.6236 37.2984 2.4000
      vertex 49.7317 33.4836 2.4000
      vertex 49.8599 33.1664 2.4000
    endloop
  endfacet
  facet normal 0.000000 0.000000 -1.000000
    outer loop
      vertex 42.6236 37.2984 2.4000
      vertex 42.9642 37.3638 2.4000
      vertex 49.7317 33.4836 2.4000
    endloop
  endfacet
  facet normal 0.000000 -0.000000 -1.000000
    outer loop
      vertex 43.3048 37.4293 2.4000
      vertex 49.7317 33.4836 2.4000
      vertex 42.9642 37.3638 2.4000
    endloop
  endfacet
  facet normal 0.000000 0.000000 -1.000000
    outer loop
      vertex 43.3048 37.4293 2.4000
      vertex 43.6454 37.4947 2.4000
      vertex 49.7317 33.4836 2.4000
    endloop
  endfacet
  facet normal 0.000000 -0.000000 -1.000000
    outer loop
      vertex 43.9860 37.5602 2.4000
      vertex 49.6463 33.8197 2.4000
      vertex 43.6454 37.4947 2.4000
    endloop
  endfacet
  facet normal 0.000000 0.000000 -1.000000
    outer loop
      vertex 43.9860 37.5602 2.4000
      vertex 49.5610 34.1559 2.4000
      vertex 49.6463 33.8197 2.4000
    endloop
  endfacet
  facet normal 0.000000 0.000000 -1.000000
    outer loop
      vertex 43.9860 37.5602 2.4000
      vertex 44.3265 37.6256 2.4000
      vertex 49.5610 34.1559 2.4000
    endloop
  endfacet
  facet normal 0.000000 0.000000 -1.000000
    outer loop
      vertex 44.3265 37.6256 2.4000
      vertex 49.4784 34.4926 2.4000
      vertex 49.5610 34.1559 2.4000
    endloop
  endfacet
  facet normal 0.000000 0.000000 -1.000000
    outer loop
      vertex 44.3265 37.6256 2.4000
      vertex 44.6677 37.6875 2.4000
      vertex 49.4784 34.4926 2.4000
    endloop
  endfacet
  facet normal 0.000000 0.000000 -1.000000
    outer loop
      vertex 44.6677 37.6875 2.4000
      vertex 45.0116 37.7328 2.4000
      vertex 49.4784 34.4926 2.4000
    endloop
  endfacet
  facet normal 0.000000 -0.000000 -1.000000
    outer loop
      vertex 45.3554 37.7781 2.4000
      vertex 49.4784 34.4926 2.4000
      vertex 45.0116 37.7328 2.4000
    endloop
  endfacet
  facet normal 0.000000 0.000000 -1.000000
    outer loop
      vertex 45.3554 37.7781 2.4000
      vertex 45.6993 37.8234 2.4000
      vertex 49.4784 34.4926 2.4000
    endloop
  endfacet
  facet normal 0.000000 -0.000000 -1.000000
    outer loop
      vertex 46.7308 37.9593 2.4000
      vertex 49.4784 34.4926 2.4000
      vertex 46.3870 37.9140 2.4000
    endloop
  endfacet
  facet normal 0.000000 0.000000 -1.000000
    outer loop
      vertex 46.7308 37.9593 2.4000
      vertex 49.5594 34.8249 2.4000
      vertex 49.4784 34.4926 2.4000
    endloop
  endfacet
  facet normal 0.000000 0.000000 -1.000000
    outer loop
      vertex 46.7308 37.9593 2.4000
      vertex 47.0761 37.9873 2.4000
      vertex 49.5594 34.8249 2.4000
    endloop
  endfacet
  facet normal 0.000000 0.000000 -1.000000
    outer loop
      vertex 47.0761 37.9873 2.4000
      vertex 47.4228 37.9958 2.4000
      vertex 49.5594 34.8249 2.4000
    endloop
  endfacet
  facet normal 0.000000 0.000000 -1.000000
    outer loop
      vertex 47.4228 37.9958 2.4000
      vertex 49.6869 35.1475 2.4000
      vertex 49.5594 34.8249 2.4000
    endloop
  endfacet
  facet normal 0.000000 0.000000 -1.000000
    outer loop
      vertex 47.4228 37.9958 2.4000
      vertex 47.7695 38.0043 2.4000
      vertex 49.6869 35.1475 2.4000
    endloop
  endfacet
  facet normal 0.000000 0.000000 -1.000000
    outer loop
      vertex 47.7695 38.0043 2.4000
      vertex 49.8143 35.4700 2.4000
      vertex 49.6869 35.1475 2.4000
    endloop
  endfacet
  facet normal 0.000000 0.000000 -1.000000
    outer loop
      vertex 47.7695 38.0043 2.4000
      vertex 48.1162 38.0127 2.4000
      vertex 49.8143 35.4700 2.4000
    endloop
  endfacet
  facet normal 0.000000 -0.000000 -1.000000
    outer loop
      vertex 48.4629 38.0212 2.4000
      vertex 49.9417 35.7926 2.4000
      vertex 48.1162 38.0127 2.4000
    endloop
  endfacet
  facet normal 0.000000 0.000000 -1.000000
    outer loop
      vertex 48.4629 38.0212 2.4000
      vertex 50.0692 36.1151 2.4000
      vertex 49.9417 35.7926 2.4000
    endloop
  endfacet
  facet normal 0.000000 0.000000 -1.000000
    outer loop
      vertex 48.4629 38.0212 2.4000
      vertex 48.8096 38.0294 2.4000
      vertex 50.0692 36.1151 2.4000
    endloop
  endfacet
  facet normal 0.000000 0.000000 -1.000000
    outer loop
      vertex 48.8096 38.0294 2.4000
      vertex 49.1496 37.9636 2.4000
      vertex 50.0692 36.1151 2.4000
    endloop
  endfacet
  facet normal 0.000000 0.000000 -1.000000
    outer loop
      vertex 59.4269 38.0239 2.4000
      vertex 57.9713 36.0126 2.4000
      vertex 59.0815 38.0141 2.4000
    endloop
  endfacet
  facet normal 0.000000 0.000000 -1.000000
    outer loop
      vertex 59.4269 38.0239 2.4000
      vertex 58.0988 35.6901 2.4000
      vertex 57.9713 36.0126 2.4000
    endloop
  endfacet
  facet normal 0.000000 -0.000000 -1.000000
    outer loop
      vertex 59.4269 38.0239 2.4000
      vertex 59.7736 38.0154 2.4000
      vertex 58.0988 35.6901 2.4000
    endloop
  endfacet
  facet normal -0.000000 0.000000 -1.000000
    outer loop
      vertex 60.1203 38.0069 2.4000
      vertex 58.2262 35.3675 2.4000
      vertex 59.7736 38.0154 2.4000
    endloop
  endfacet
  facet normal 0.000000 0.000000 -1.000000
    outer loop
      vertex 60.1203 38.0069 2.4000
      vertex 58.3536 35.0450 2.4000
      vertex 58.2262 35.3675 2.4000
    endloop
  endfacet
  facet normal 0.000000 -0.000000 -1.000000
    outer loop
      vertex 60.1203 38.0069 2.4000
      vertex 60.4671 37.9985 2.4000
      vertex 58.3536 35.0450 2.4000
    endloop
  endfacet
  facet normal -0.000000 0.000000 -1.000000
    outer loop
      vertex 60.8138 37.9900 2.4000
      vertex 58.4811 34.7224 2.4000
      vertex 60.4671 37.9985 2.4000
    endloop
  endfacet
  facet normal 0.000000 -0.000000 -1.000000
    outer loop
      vertex 60.8138 37.9900 2.4000
      vertex 61.1599 37.9737 2.4000
      vertex 58.4811 34.7224 2.4000
    endloop
  endfacet
  facet normal 0.000000 -0.000000 -1.000000
    outer loop
      vertex 61.1599 37.9737 2.4000
      vertex 61.5038 37.9284 2.4000
      vertex 58.4811 34.7224 2.4000
    endloop
  endfacet
  facet normal -0.000000 0.000000 -1.000000
    outer loop
      vertex 62.1915 37.8378 2.4000
      vertex 58.4811 34.7224 2.4000
      vertex 61.8476 37.8831 2.4000
    endloop
  endfacet
  facet normal 0.000000 0.000000 -1.000000
    outer loop
      vertex 62.1915 37.8378 2.4000
      vertex 58.4973 34.3852 2.4000
      vertex 58.4811 34.7224 2.4000
    endloop
  endfacet
  facet normal 0.000000 -0.000000 -1.000000
    outer loop
      vertex 62.1915 37.8378 2.4000
      vertex 62.5353 37.7925 2.4000
      vertex 58.4973 34.3852 2.4000
    endloop
  endfacet
  facet normal -0.000000 0.000000 -1.000000
    outer loop
      vertex 62.8792 37.7472 2.4000
      vertex 58.4973 34.3852 2.4000
      vertex 62.5353 37.7925 2.4000
    endloop
  endfacet
  facet normal 0.000000 -0.000000 -1.000000
    outer loop
      vertex 62.8792 37.7472 2.4000
      vertex 63.2230 37.7019 2.4000
      vertex 58.4973 34.3852 2.4000
    endloop
  endfacet
  facet normal 0.000000 -0.000000 -1.000000
    outer loop
      vertex 63.2230 37.7019 2.4000
      vertex 63.5652 37.6464 2.4000
      vertex 58.4973 34.3852 2.4000
    endloop
  endfacet
  facet normal 0.000000 -0.000000 -1.000000
    outer loop
      vertex 63.5652 37.6464 2.4000
      vertex 63.9058 37.5810 2.4000
      vertex 58.4973 34.3852 2.4000
    endloop
  endfacet
  facet normal 0.000000 0.000000 -1.000000
    outer loop
      vertex 63.9058 37.5810 2.4000
      vertex 58.4119 34.0490 2.4000
      vertex 58.4973 34.3852 2.4000
    endloop
  endfacet
  facet normal 0.000000 -0.000000 -1.000000
    outer loop
      vertex 63.9058 37.5810 2.4000
      vertex 64.2464 37.5155 2.4000
      vertex 58.4119 34.0490 2.4000
    endloop
  endfacet
  facet normal 0.000000 0.000000 -1.000000
    outer loop
      vertex 64.2464 37.5155 2.4000
      vertex 58.3265 33.7129 2.4000
      vertex 58.4119 34.0490 2.4000
    endloop
  endfacet
  facet normal 0.000000 -0.000000 -1.000000
    outer loop
      vertex 64.2464 37.5155 2.4000
      vertex 64.5870 37.4501 2.4000
      vertex 58.3265 33.7129 2.4000
    endloop
  endfacet
  facet normal 0.000000 0.000000 -1.000000
    outer loop
      vertex 64.5870 37.4501 2.4000
      vertex 58.2412 33.3768 2.4000
      vertex 58.3265 33.7129 2.4000
    endloop
  endfacet
  facet normal 0.000000 -0.000000 -1.000000
    outer loop
      vertex 64.5870 37.4501 2.4000
      vertex 64.9276 37.3846 2.4000
      vertex 58.2412 33.3768 2.4000
    endloop
  endfacet
  facet normal -0.000000 0.000000 -1.000000
    outer loop
      vertex 65.6087 37.2537 2.4000
      vertex 58.2412 33.3768 2.4000
      vertex 65.2682 37.3192 2.4000
    endloop
  endfacet
  facet normal 0.000000 -0.000000 -1.000000
    outer loop
      vertex 65.6087 37.2537 2.4000
      vertex 65.9483 37.1835 2.4000
      vertex 58.2412 33.3768 2.4000
    endloop
  endfacet
  facet normal 0.000000 -0.000000 -1.000000
    outer loop
      vertex 65.9483 37.1835 2.4000
      vertex 66.2863 37.1055 2.4000
      vertex 58.2412 33.3768 2.4000
    endloop
  endfacet
  facet normal 0.000000 -0.000000 -1.000000
    outer loop
      vertex 66.2863 37.1055 2.4000
      vertex 71.6500 30.1215 2.4000
      vertex 58.2412 33.3768 2.4000
    endloop
  endfacet
  facet normal 0.000000 0.000000 -1.000000
    outer loop
      vertex 66.2863 37.1055 2.4000
      vertex 71.6500 30.4683 2.4000
      vertex 71.6500 30.1215 2.4000
    endloop
  endfacet
  facet normal 0.000000 0.000000 -1.000000
    outer loop
      vertex 66.2863 37.1055 2.4000
      vertex 66.6242 37.0274 2.4000
      vertex 71.6500 30.4683 2.4000
    endloop
  endfacet
  facet normal -0.000000 -0.000000 -1.000000
    outer loop
      vertex 66.9621 36.9494 2.4000
      vertex 71.6500 30.8152 2.4000
      vertex 66.6242 37.0274 2.4000
    endloop
  endfacet
  facet normal 0.000000 0.000000 -1.000000
    outer loop
      vertex 66.9621 36.9494 2.4000
      vertex 71.6500 31.1620 2.4000
      vertex 71.6500 30.8152 2.4000
    endloop
  endfacet
  facet normal 0.000000 0.000000 -1.000000
    outer loop
      vertex 66.9621 36.9494 2.4000
      vertex 67.3000 36.8714 2.4000
      vertex 71.6500 31.1620 2.4000
    endloop
  endfacet
  facet normal -0.000000 -0.000000 -1.000000
    outer loop
      vertex 67.9759 36.7153 2.4000
      vertex 71.6500 31.8556 2.4000
      vertex 67.6379 36.7933 2.4000
    endloop
  endfacet
  facet normal 0.000000 0.000000 -1.000000
    outer loop
      vertex 67.9759 36.7153 2.4000
      vertex 71.6500 32.2024 2.4000
      vertex 71.6500 31.8556 2.4000
    endloop
  endfacet
  facet normal 0.000000 0.000000 -1.000000
    outer loop
      vertex 67.9759 36.7153 2.4000
      vertex 68.3126 36.6325 2.4000
      vertex 71.6500 32.2024 2.4000
    endloop
  endfacet
  facet normal 0.000000 0.000000 -1.000000
    outer loop
      vertex 68.3126 36.6325 2.4000
      vertex 71.6500 32.5492 2.4000
      vertex 71.6500 32.2024 2.4000
    endloop
  endfacet
  facet normal 0.000000 0.000000 -1.000000
    outer loop
      vertex 68.3126 36.6325 2.4000
      vertex 68.6485 36.5459 2.4000
      vertex 71.6500 32.5492 2.4000
    endloop
  endfacet
  facet normal -0.000000 -0.000000 -1.000000
    outer loop
      vertex 68.9843 36.4593 2.4000
      vertex 71.6500 32.8961 2.4000
      vertex 68.6485 36.5459 2.4000
    endloop
  endfacet
  facet normal 0.000000 0.000000 -1.000000
    outer loop
      vertex 68.9843 36.4593 2.4000
      vertex 71.6500 33.2429 2.4000
      vertex 71.6500 32.8961 2.4000
    endloop
  endfacet
  facet normal 0.000000 0.000000 -1.000000
    outer loop
      vertex 68.9843 36.4593 2.4000
      vertex 69.3201 36.3727 2.4000
      vertex 71.6500 33.2429 2.4000
    endloop
  endfacet
  facet normal 0.000000 0.000000 -1.000000
    outer loop
      vertex 69.3201 36.3727 2.4000
      vertex 71.6500 33.5897 2.4000
      vertex 71.6500 33.2429 2.4000
    endloop
  endfacet
  facet normal 0.000000 0.000000 -1.000000
    outer loop
      vertex 69.3201 36.3727 2.4000
      vertex 69.6560 36.2861 2.4000
      vertex 71.6500 33.5897 2.4000
    endloop
  endfacet
  facet normal 0.000000 0.000000 -1.000000
    outer loop
      vertex 69.6560 36.2861 2.4000
      vertex 71.6500 33.9365 2.4000
      vertex 71.6500 33.5897 2.4000
    endloop
  endfacet
  facet normal 0.000000 0.000000 -1.000000
    outer loop
      vertex 69.6560 36.2861 2.4000
      vertex 69.9918 36.1995 2.4000
      vertex 71.6500 33.9365 2.4000
    endloop
  endfacet
  facet normal 0.000000 0.000000 -1.000000
    outer loop
      vertex 69.9918 36.1995 2.4000
      vertex 71.6500 34.2833 2.4000
      vertex 71.6500 33.9365 2.4000
    endloop
  endfacet
  facet normal 0.000000 0.000000 -1.000000
    outer loop
      vertex 69.9918 36.1995 2.4000
      vertex 70.3263 36.1081 2.4000
      vertex 71.6500 34.2833 2.4000
    endloop
  endfacet
  facet normal 0.000000 0.000000 -1.000000
    outer loop
      vertex 70.3263 36.1081 2.4000
      vertex 71.6500 34.6302 2.4000
      vertex 71.6500 34.2833 2.4000
    endloop
  endfacet
  facet normal 0.000000 0.000000 -1.000000
    outer loop
      vertex 70.3263 36.1081 2.4000
      vertex 70.6605 36.0154 2.4000
      vertex 71.6500 34.6302 2.4000
    endloop
  endfacet
  facet normal -0.000000 -0.000000 -1.000000
    outer loop
      vertex 71.3289 35.8299 2.4000
      vertex 71.6500 35.3238 2.4000
      vertex 70.9947 35.9227 2.4000
    endloop
  endfacet
  facet normal 0.000000 0.000000 -1.000000
    outer loop
      vertex 71.3289 35.8299 2.4000
      vertex 71.6205 35.6658 2.4000
      vertex 71.6500 35.3238 2.4000
    endloop
  endfacet
  facet normal -0.000000 -0.000000 -1.000000
    outer loop
      vertex 71.6500 35.3238 2.4000
      vertex 71.6500 34.9770 2.4000
      vertex 70.9947 35.9227 2.4000
    endloop
  endfacet
  facet normal -0.000000 0.000000 -1.000000
    outer loop
      vertex 71.4849 0.3660 2.4000
      vertex 71.1400 0.3500 2.4000
      vertex 71.6500 0.6420 2.4000
    endloop
  endfacet
  facet normal 0.000000 0.000000 -1.000000
    outer loop
      vertex 71.1400 0.3500 2.4000
      vertex 71.6500 0.9888 2.4000
      vertex 71.6500 0.6420 2.4000
    endloop
  endfacet
  facet normal 0.000000 0.000000 -1.000000
    outer loop
      vertex 71.1400 0.3500 2.4000
      vertex 70.7932 0.3500 2.4000
      vertex 71.6500 0.9888 2.4000
    endloop
  endfacet
  facet normal 0.000000 0.000000 -1.000000
    outer loop
      vertex 70.7932 0.3500 2.4000
      vertex 71.6500 1.3356 2.4000
      vertex 71.6500 0.9888 2.4000
    endloop
  endfacet
  facet normal 0.000000 0.000000 -1.000000
    outer loop
      vertex 70.7932 0.3500 2.4000
      vertex 70.4463 0.3500 2.4000
      vertex 71.6500 1.3356 2.4000
    endloop
  endfacet
  facet normal 0.000000 0.000000 -1.000000
    outer loop
      vertex 70.4463 0.3500 2.4000
      vertex 71.6500 1.6824 2.4000
      vertex 71.6500 1.3356 2.4000
    endloop
  endfacet
  facet normal 0.000000 0.000000 -1.000000
    outer loop
      vertex 70.4463 0.3500 2.4000
      vertex 70.0995 0.3500 2.4000
      vertex 71.6500 1.6824 2.4000
    endloop
  endfacet
  facet normal 0.000000 0.000000 -1.000000
    outer loop
      vertex 70.0995 0.3500 2.4000
      vertex 71.6500 2.0293 2.4000
      vertex 71.6500 1.6824 2.4000
    endloop
  endfacet
  facet normal 0.000000 0.000000 -1.000000
    outer loop
      vertex 70.0995 0.3500 2.4000
      vertex 69.7527 0.3500 2.4000
      vertex 71.6500 2.0293 2.4000
    endloop
  endfacet
  facet normal 0.000000 0.000000 -1.000000
    outer loop
      vertex 69.7527 0.3500 2.4000
      vertex 71.6500 2.3761 2.4000
      vertex 71.6500 2.0293 2.4000
    endloop
  endfacet
  facet normal 0.000000 0.000000 -1.000000
    outer loop
      vertex 69.7527 0.3500 2.4000
      vertex 69.4059 0.3500 2.4000
      vertex 71.6500 2.3761 2.4000
    endloop
  endfacet
  facet normal 0.000000 0.000000 -1.000000
    outer loop
      vertex 69.4059 0.3500 2.4000
      vertex 71.6500 2.7229 2.4000
      vertex 71.6500 2.3761 2.4000
    endloop
  endfacet
  facet normal 0.000000 0.000000 -1.000000
    outer loop
      vertex 69.4059 0.3500 2.4000
      vertex 69.0591 0.3500 2.4000
      vertex 71.6500 2.7229 2.4000
    endloop
  endfacet
  facet normal 0.000000 0.000000 -1.000000
    outer loop
      vertex 69.0591 0.3500 2.4000
      vertex 71.6500 3.0697 2.4000
      vertex 71.6500 2.7229 2.4000
    endloop
  endfacet
  facet normal 0.000000 0.000000 -1.000000
    outer loop
      vertex 69.0591 0.3500 2.4000
      vertex 68.7122 0.3500 2.4000
      vertex 71.6500 3.0697 2.4000
    endloop
  endfacet
  facet normal 0.000000 0.000000 -1.000000
    outer loop
      vertex 68.7122 0.3500 2.4000
      vertex 71.6500 3.4165 2.4000
      vertex 71.6500 3.0697 2.4000
    endloop
  endfacet
  facet normal 0.000000 0.000000 -1.000000
    outer loop
      vertex 68.7122 0.3500 2.4000
      vertex 68.3654 0.3500 2.4000
      vertex 71.6500 3.4165 2.4000
    endloop
  endfacet
  facet normal 0.000000 0.000000 -1.000000
    outer loop
      vertex 68.3654 0.3500 2.4000
      vertex 71.6500 3.7634 2.4000
      vertex 71.6500 3.4165 2.4000
    endloop
  endfacet
  facet normal 0.000000 0.000000 -1.000000
    outer loop
      vertex 68.3654 0.3500 2.4000
      vertex 68.0186 0.3500 2.4000
      vertex 71.6500 3.7634 2.4000
    endloop
  endfacet
  facet normal 0.000000 0.000000 -1.000000
    outer loop
      vertex 68.0186 0.3500 2.4000
      vertex 71.6500 4.1102 2.4000
      vertex 71.6500 3.7634 2.4000
    endloop
  endfacet
  facet normal 0.000000 0.000000 -1.000000
    outer loop
      vertex 68.0186 0.3500 2.4000
      vertex 67.6718 0.3500 2.4000
      vertex 71.6500 4.1102 2.4000
    endloop
  endfacet
  facet normal 0.000000 0.000000 -1.000000
    outer loop
      vertex 67.6718 0.3500 2.4000
      vertex 71.6500 4.4570 2.4000
      vertex 71.6500 4.1102 2.4000
    endloop
  endfacet
  facet normal 0.000000 0.000000 -1.000000
    outer loop
      vertex 67.6718 0.3500 2.4000
      vertex 67.3250 0.3500 2.4000
      vertex 71.6500 4.4570 2.4000
    endloop
  endfacet
  facet normal 0.000000 0.000000 -1.000000
    outer loop
      vertex 67.3250 0.3500 2.4000
      vertex 71.6500 4.8038 2.4000
      vertex 71.6500 4.4570 2.4000
    endloop
  endfacet
  facet normal 0.000000 0.000000 -1.000000
    outer loop
      vertex 67.3250 0.3500 2.4000
      vertex 66.9782 0.3500 2.4000
      vertex 71.6500 4.8038 2.4000
    endloop
  endfacet
  facet normal 0.000000 0.000000 -1.000000
    outer loop
      vertex 66.9782 0.3500 2.4000
      vertex 71.6500 5.1506 2.4000
      vertex 71.6500 4.8038 2.4000
    endloop
  endfacet
  facet normal 0.000000 0.000000 -1.000000
    outer loop
      vertex 66.9782 0.3500 2.4000
      vertex 66.6313 0.3500 2.4000
      vertex 71.6500 5.1506 2.4000
    endloop
  endfacet
  facet normal 0.000000 0.000000 -1.000000
    outer loop
      vertex 66.6313 0.3500 2.4000
      vertex 71.6500 5.4974 2.4000
      vertex 71.6500 5.1506 2.4000
    endloop
  endfacet
  facet normal 0.000000 0.000000 -1.000000
    outer loop
      vertex 66.6313 0.3500 2.4000
      vertex 66.2845 0.3500 2.4000
      vertex 71.6500 5.4974 2.4000
    endloop
  endfacet
  facet normal 0.000000 0.000000 -1.000000
    outer loop
      vertex 66.2845 0.3500 2.4000
      vertex 71.6500 5.8443 2.4000
      vertex 71.6500 5.4974 2.4000
    endloop
  endfacet
  facet normal 0.000000 0.000000 -1.000000
    outer loop
      vertex 66.2845 0.3500 2.4000
      vertex 65.9377 0.3500 2.4000
      vertex 71.6500 5.8443 2.4000
    endloop
  endfacet
  facet normal 0.000000 0.000000 -1.000000
    outer loop
      vertex 65.9377 0.3500 2.4000
      vertex 71.6500 6.1911 2.4000
      vertex 71.6500 5.8443 2.4000
    endloop
  endfacet
  facet normal 0.000000 0.000000 -1.000000
    outer loop
      vertex 65.9377 0.3500 2.4000
      vertex 65.5909 0.3500 2.4000
      vertex 71.6500 6.1911 2.4000
    endloop
  endfacet
  facet normal 0.000000 0.000000 -1.000000
    outer loop
      vertex 65.5909 0.3500 2.4000
      vertex 71.6500 6.5379 2.4000
      vertex 71.6500 6.1911 2.4000
    endloop
  endfacet
  facet normal 0.000000 0.000000 -1.000000
    outer loop
      vertex 65.5909 0.3500 2.4000
      vertex 65.2441 0.3500 2.4000
      vertex 71.6500 6.5379 2.4000
    endloop
  endfacet
  facet normal 0.000000 0.000000 -1.000000
    outer loop
      vertex 65.2441 0.3500 2.4000
      vertex 71.6500 6.8847 2.4000
      vertex 71.6500 6.5379 2.4000
    endloop
  endfacet
  facet normal 0.000000 0.000000 -1.000000
    outer loop
      vertex 65.2441 0.3500 2.4000
      vertex 64.8972 0.3500 2.4000
      vertex 71.6500 6.8847 2.4000
    endloop
  endfacet
  facet normal 0.000000 0.000000 -1.000000
    outer loop
      vertex 64.8972 0.3500 2.4000
      vertex 71.6500 7.2315 2.4000
      vertex 71.6500 6.8847 2.4000
    endloop
  endfacet
  facet normal 0.000000 0.000000 -1.000000
    outer loop
      vertex 64.8972 0.3500 2.4000
      vertex 64.5504 0.3500 2.4000
      vertex 71.6500 7.2315 2.4000
    endloop
  endfacet
  facet normal 0.000000 0.000000 -1.000000
    outer loop
      vertex 64.5504 0.3500 2.4000
      vertex 71.6500 7.5784 2.4000
      vertex 71.6500 7.2315 2.4000
    endloop
  endfacet
  facet normal 0.000000 0.000000 -1.000000
    outer loop
      vertex 64.5504 0.3500 2.4000
      vertex 64.2036 0.3500 2.4000
      vertex 71.6500 7.5784 2.4000
    endloop
  endfacet
  facet normal 0.000000 0.000000 -1.000000
    outer loop
      vertex 64.2036 0.3500 2.4000
      vertex 71.6500 7.9252 2.4000
      vertex 71.6500 7.5784 2.4000
    endloop
  endfacet
  facet normal 0.000000 0.000000 -1.000000
    outer loop
      vertex 64.2036 0.3500 2.4000
      vertex 63.8568 0.3500 2.4000
      vertex 71.6500 7.9252 2.4000
    endloop
  endfacet
  facet normal 0.000000 0.000000 -1.000000
    outer loop
      vertex 63.8568 0.3500 2.4000
      vertex 71.6500 8.2720 2.4000
      vertex 71.6500 7.9252 2.4000
    endloop
  endfacet
  facet normal 0.000000 0.000000 -1.000000
    outer loop
      vertex 63.8568 0.3500 2.4000
      vertex 63.5100 0.3500 2.4000
      vertex 71.6500 8.2720 2.4000
    endloop
  endfacet
  facet normal 0.000000 0.000000 -1.000000
    outer loop
      vertex 63.5100 0.3500 2.4000
      vertex 71.6500 8.6188 2.4000
      vertex 71.6500 8.2720 2.4000
    endloop
  endfacet
  facet normal 0.000000 0.000000 -1.000000
    outer loop
      vertex 63.5100 0.3500 2.4000
      vertex 63.1632 0.3500 2.4000
      vertex 71.6500 8.6188 2.4000
    endloop
  endfacet
  facet normal 0.000000 0.000000 -1.000000
    outer loop
      vertex 63.1632 0.3500 2.4000
      vertex 71.6500 8.9656 2.4000
      vertex 71.6500 8.6188 2.4000
    endloop
  endfacet
  facet normal 0.000000 0.000000 -1.000000
    outer loop
      vertex 63.1632 0.3500 2.4000
      vertex 62.8163 0.3500 2.4000
      vertex 71.6500 8.9656 2.4000
    endloop
  endfacet
  facet normal 0.000000 0.000000 -1.000000
    outer loop
      vertex 62.8163 0.3500 2.4000
      vertex 71.6500 9.3124 2.4000
      vertex 71.6500 8.9656 2.4000
    endloop
  endfacet
  facet normal 0.000000 0.000000 -1.000000
    outer loop
      vertex 62.8163 0.3500 2.4000
      vertex 62.4695 0.3500 2.4000
      vertex 71.6500 9.3124 2.4000
    endloop
  endfacet
  facet normal 0.000000 0.000000 -1.000000
    outer loop
      vertex 62.4695 0.3500 2.4000
      vertex 71.6500 9.6593 2.4000
      vertex 71.6500 9.3124 2.4000
    endloop
  endfacet
  facet normal 0.000000 0.000000 -1.000000
    outer loop
      vertex 62.4695 0.3500 2.4000
      vertex 62.1227 0.3500 2.4000
      vertex 71.6500 9.6593 2.4000
    endloop
  endfacet
  facet normal 0.000000 0.000000 -1.000000
    outer loop
      vertex 62.1227 0.3500 2.4000
      vertex 71.6500 10.0061 2.4000
      vertex 71.6500 9.6593 2.4000
    endloop
  endfacet
  facet normal 0.000000 0.000000 -1.000000
    outer loop
      vertex 62.1227 0.3500 2.4000
      vertex 61.7759 0.3500 2.4000
      vertex 71.6500 10.0061 2.4000
    endloop
  endfacet
  facet normal 0.000000 0.000000 -1.000000
    outer loop
      vertex 61.7759 0.3500 2.4000
      vertex 71.6500 10.3529 2.4000
      vertex 71.6500 10.0061 2.4000
    endloop
  endfacet
  facet normal 0.000000 0.000000 -1.000000
    outer loop
      vertex 61.7759 0.3500 2.4000
      vertex 61.4291 0.3500 2.4000
      vertex 71.6500 10.3529 2.4000
    endloop
  endfacet
  facet normal 0.000000 0.000000 -1.000000
    outer loop
      vertex 61.4291 0.3500 2.4000
      vertex 71.6500 10.6997 2.4000
      vertex 71.6500 10.3529 2.4000
    endloop
  endfacet
  facet normal 0.000000 0.000000 -1.000000
    outer loop
      vertex 61.4291 0.3500 2.4000
      vertex 61.0823 0.3500 2.4000
      vertex 71.6500 10.6997 2.4000
    endloop
  endfacet
  facet normal 0.000000 0.000000 -1.000000
    outer loop
      vertex 61.0823 0.3500 2.4000
      vertex 71.6500 11.0465 2.4000
      vertex 71.6500 10.6997 2.4000
    endloop
  endfacet
  facet normal 0.000000 0.000000 -1.000000
    outer loop
      vertex 61.0823 0.3500 2.4000
      vertex 60.7354 0.3500 2.4000
      vertex 71.6500 11.0465 2.4000
    endloop
  endfacet
  facet normal 0.000000 0.000000 -1.000000
    outer loop
      vertex 60.7354 0.3500 2.4000
      vertex 71.6500 11.3934 2.4000
      vertex 71.6500 11.0465 2.4000
    endloop
  endfacet
  facet normal 0.000000 0.000000 -1.000000
    outer loop
      vertex 60.7354 0.3500 2.4000
      vertex 60.3886 0.3500 2.4000
      vertex 71.6500 11.3934 2.4000
    endloop
  endfacet
  facet normal 0.000000 0.000000 -1.000000
    outer loop
      vertex 60.3886 0.3500 2.4000
      vertex 71.6500 11.7402 2.4000
      vertex 71.6500 11.3934 2.4000
    endloop
  endfacet
  facet normal 0.000000 0.000000 -1.000000
    outer loop
      vertex 60.3886 0.3500 2.4000
      vertex 60.0418 0.3500 2.4000
      vertex 71.6500 11.7402 2.4000
    endloop
  endfacet
  facet normal 0.000000 0.000000 -1.000000
    outer loop
      vertex 60.0418 0.3500 2.4000
      vertex 71.6500 12.0870 2.4000
      vertex 71.6500 11.7402 2.4000
    endloop
  endfacet
  facet normal 0.000000 0.000000 -1.000000
    outer loop
      vertex 60.0418 0.3500 2.4000
      vertex 59.6950 0.3500 2.4000
      vertex 71.6500 12.0870 2.4000
    endloop
  endfacet
  facet normal 0.000000 0.000000 -1.000000
    outer loop
      vertex 59.6950 0.3500 2.4000
      vertex 71.6500 12.4338 2.4000
      vertex 71.6500 12.0870 2.4000
    endloop
  endfacet
  facet normal 0.000000 0.000000 -1.000000
    outer loop
      vertex 59.6950 0.3500 2.4000
      vertex 59.3482 0.3500 2.4000
      vertex 71.6500 12.4338 2.4000
    endloop
  endfacet
  facet normal 0.000000 0.000000 -1.000000
    outer loop
      vertex 59.3482 0.3500 2.4000
      vertex 71.6500 12.7806 2.4000
      vertex 71.6500 12.4338 2.4000
    endloop
  endfacet
  facet normal 0.000000 0.000000 -1.000000
    outer loop
      vertex 59.3482 0.3500 2.4000
      vertex 59.0013 0.3500 2.4000
      vertex 71.6500 12.7806 2.4000
    endloop
  endfacet
  facet normal 0.000000 0.000000 -1.000000
    outer loop
      vertex 59.0013 0.3500 2.4000
      vertex 71.6500 13.1274 2.4000
      vertex 71.6500 12.7806 2.4000
    endloop
  endfacet
  facet normal 0.000000 0.000000 -1.000000
    outer loop
      vertex 59.0013 0.3500 2.4000
      vertex 58.6545 0.3500 2.4000
      vertex 71.6500 13.1274 2.4000
    endloop
  endfacet
  facet normal 0.000000 0.000000 -1.000000
    outer loop
      vertex 58.6545 0.3500 2.4000
      vertex 71.6500 13.4743 2.4000
      vertex 71.6500 13.1274 2.4000
    endloop
  endfacet
  facet normal 0.000000 0.000000 -1.000000
    outer loop
      vertex 58.6545 0.3500 2.4000
      vertex 58.3077 0.3500 2.4000
      vertex 71.6500 13.4743 2.4000
    endloop
  endfacet
  facet normal 0.000000 0.000000 -1.000000
    outer loop
      vertex 58.3077 0.3500 2.4000
      vertex 71.6500 13.8211 2.4000
      vertex 71.6500 13.4743 2.4000
    endloop
  endfacet
  facet normal 0.000000 0.000000 -1.000000
    outer loop
      vertex 58.3077 0.3500 2.4000
      vertex 57.9609 0.3500 2.4000
      vertex 71.6500 13.8211 2.4000
    endloop
  endfacet
  facet normal 0.000000 0.000000 -1.000000
    outer loop
      vertex 57.9609 0.3500 2.4000
      vertex 71.6500 14.1679 2.4000
      vertex 71.6500 13.8211 2.4000
    endloop
  endfacet
  facet normal 0.000000 0.000000 -1.000000
    outer loop
      vertex 57.9609 0.3500 2.4000
      vertex 57.6141 0.3500 2.4000
      vertex 71.6500 14.1679 2.4000
    endloop
  endfacet
  facet normal 0.000000 0.000000 -1.000000
    outer loop
      vertex 57.6141 0.3500 2.4000
      vertex 71.6500 14.5147 2.4000
      vertex 71.6500 14.1679 2.4000
    endloop
  endfacet
  facet normal 0.000000 0.000000 -1.000000
    outer loop
      vertex 57.6141 0.3500 2.4000
      vertex 57.2673 0.3500 2.4000
      vertex 71.6500 14.5147 2.4000
    endloop
  endfacet
  facet normal 0.000000 0.000000 -1.000000
    outer loop
      vertex 57.2673 0.3500 2.4000
      vertex 71.6500 14.8615 2.4000
      vertex 71.6500 14.5147 2.4000
    endloop
  endfacet
  facet normal 0.000000 0.000000 -1.000000
    outer loop
      vertex 57.2673 0.3500 2.4000
      vertex 56.9204 0.3500 2.4000
      vertex 71.6500 14.8615 2.4000
    endloop
  endfacet
  facet normal 0.000000 0.000000 -1.000000
    outer loop
      vertex 56.9204 0.3500 2.4000
      vertex 71.6500 15.2083 2.4000
      vertex 71.6500 14.8615 2.4000
    endloop
  endfacet
  facet normal 0.000000 0.000000 -1.000000
    outer loop
      vertex 56.9204 0.3500 2.4000
      vertex 56.5736 0.3500 2.4000
      vertex 71.6500 15.2083 2.4000
    endloop
  endfacet
  facet normal 0.000000 0.000000 -1.000000
    outer loop
      vertex 56.5736 0.3500 2.4000
      vertex 71.6500 15.5552 2.4000
      vertex 71.6500 15.2083 2.4000
    endloop
  endfacet
  facet normal 0.000000 0.000000 -1.000000
    outer loop
      vertex 56.5736 0.3500 2.4000
      vertex 56.2268 0.3500 2.4000
      vertex 71.6500 15.5552 2.4000
    endloop
  endfacet
  facet normal 0.000000 0.000000 -1.000000
    outer loop
      vertex 56.2268 0.3500 2.4000
      vertex 71.6500 15.9020 2.4000
      vertex 71.6500 15.5552 2.4000
    endloop
  endfacet
  facet normal 0.000000 0.000000 -1.000000
    outer loop
      vertex 56.2268 0.3500 2.4000
      vertex 55.8800 0.3500 2.4000
      vertex 71.6500 15.9020 2.4000
    endloop
  endfacet
  facet normal 0.000000 0.000000 -1.000000
    outer loop
      vertex 55.8800 0.3500 2.4000
      vertex 54.2904 31.6279 2.4000
      vertex 71.6500 15.9020 2.4000
    endloop
  endfacet
  facet normal 0.000000 0.000000 -1.000000
    outer loop
      vertex 55.8800 0.3500 2.4000
      vertex 40.3590 17.5815 2.4000
      vertex 54.2904 31.6279 2.4000
    endloop
  endfacet
  facet normal 0.000000 0.000000 -1.000000
    outer loop
      vertex 55.8800 0.3500 2.4000
      vertex 40.3237 17.2365 2.4000
      vertex 40.3590 17.5815 2.4000
    endloop
  endfacet
  facet normal 0.000000 0.000000 -1.000000
    outer loop
      vertex 55.8800 0.3500 2.4000
      vertex 55.5332 0.3500 2.4000
      vertex 40.3237 17.2365 2.4000
    endloop
  endfacet
  facet normal 0.000000 0.000000 -1.000000
    outer loop
      vertex 55.5332 0.3500 2.4000
      vertex 40.2885 16.8915 2.4000
      vertex 40.3237 17.2365 2.4000
    endloop
  endfacet
  facet normal 0.000000 0.000000 -1.000000
    outer loop
      vertex 55.5332 0.3500 2.4000
      vertex 55.1863 0.3500 2.4000
      vertex 40.2885 16.8915 2.4000
    endloop
  endfacet
  facet normal 0.000000 0.000000 -1.000000
    outer loop
      vertex 55.1863 0.3500 2.4000
      vertex 40.2532 16.5465 2.4000
      vertex 40.2885 16.8915 2.4000
    endloop
  endfacet
  facet normal 0.000000 0.000000 -1.000000
    outer loop
      vertex 55.1863 0.3500 2.4000
      vertex 54.8395 0.3500 2.4000
      vertex 40.2532 16.5465 2.4000
    endloop
  endfacet
  facet normal 0.000000 0.000000 -1.000000
    outer loop
      vertex 54.8395 0.3500 2.4000
      vertex 54.4927 0.3500 2.4000
      vertex 40.2532 16.5465 2.4000
    endloop
  endfacet
  facet normal 0.000000 0.000000 -1.000000
    outer loop
      vertex 54.4927 0.3500 2.4000
      vertex 54.1459 0.3500 2.4000
      vertex 40.2532 16.5465 2.4000
    endloop
  endfacet
  facet normal 0.000000 0.000000 -1.000000
    outer loop
      vertex 54.1459 0.3500 2.4000
      vertex 53.7991 0.3500 2.4000
      vertex 40.2532 16.5465 2.4000
    endloop
  endfacet
  facet normal 0.000000 0.000000 -1.000000
    outer loop
      vertex 53.7991 0.3500 2.4000
      vertex 53.4523 0.3500 2.4000
      vertex 40.2532 16.5465 2.4000
    endloop
  endfacet
  facet normal 0.000000 0.000000 -1.000000
    outer loop
      vertex 53.4523 0.3500 2.4000
      vertex 40.1856 16.2082 2.4000
      vertex 40.2532 16.5465 2.4000
    endloop
  endfacet
  facet normal 0.000000 0.000000 -1.000000
    outer loop
      vertex 53.4523 0.3500 2.4000
      vertex 53.1054 0.3500 2.4000
      vertex 40.1856 16.2082 2.4000
    endloop
  endfacet
  facet normal 0.000000 0.000000 -1.000000
    outer loop
      vertex 53.1054 0.3500 2.4000
      vertex 52.7586 0.3500 2.4000
      vertex 40.1856 16.2082 2.4000
    endloop
  endfacet
  facet normal 0.000000 0.000000 -1.000000
    outer loop
      vertex 52.7586 0.3500 2.4000
      vertex 52.4118 0.3500 2.4000
      vertex 40.1856 16.2082 2.4000
    endloop
  endfacet
  facet normal 0.000000 0.000000 -1.000000
    outer loop
      vertex 52.4118 0.3500 2.4000
      vertex 52.0650 0.3500 2.4000
      vertex 40.1856 16.2082 2.4000
    endloop
  endfacet
  facet normal 0.000000 0.000000 -1.000000
    outer loop
      vertex 52.0650 0.3500 2.4000
      vertex 51.7182 0.3500 2.4000
      vertex 40.1856 16.2082 2.4000
    endloop
  endfacet
  facet normal 0.000000 0.000000 -1.000000
    outer loop
      vertex 51.7182 0.3500 2.4000
      vertex 51.3713 0.3500 2.4000
      vertex 40.1856 16.2082 2.4000
    endloop
  endfacet
  facet normal 0.000000 0.000000 -1.000000
    outer loop
      vertex 51.3713 0.3500 2.4000
      vertex 40.0695 15.8814 2.4000
      vertex 40.1856 16.2082 2.4000
    endloop
  endfacet
  facet normal 0.000000 0.000000 -1.000000
    outer loop
      vertex 51.3713 0.3500 2.4000
      vertex 51.0245 0.3500 2.4000
      vertex 40.0695 15.8814 2.4000
    endloop
  endfacet
  facet normal 0.000000 0.000000 -1.000000
    outer loop
      vertex 51.0245 0.3500 2.4000
      vertex 39.9534 15.5546 2.4000
      vertex 40.0695 15.8814 2.4000
    endloop
  endfacet
  facet normal 0.000000 0.000000 -1.000000
    outer loop
      vertex 51.0245 0.3500 2.4000
      vertex 50.6777 0.3500 2.4000
      vertex 39.9534 15.5546 2.4000
    endloop
  endfacet
  facet normal 0.000000 0.000000 -1.000000
    outer loop
      vertex 50.6777 0.3500 2.4000
      vertex 39.8373 15.2278 2.4000
      vertex 39.9534 15.5546 2.4000
    endloop
  endfacet
  facet normal 0.000000 0.000000 -1.000000
    outer loop
      vertex 50.6777 0.3500 2.4000
      vertex 50.3309 0.3500 2.4000
      vertex 39.8373 15.2278 2.4000
    endloop
  endfacet
  facet normal 0.000000 0.000000 -1.000000
    outer loop
      vertex 50.3309 0.3500 2.4000
      vertex 49.9841 0.3500 2.4000
      vertex 39.8373 15.2278 2.4000
    endloop
  endfacet
  facet normal 0.000000 0.000000 -1.000000
    outer loop
      vertex 49.9841 0.3500 2.4000
      vertex 39.7191 14.9018 2.4000
      vertex 39.8373 15.2278 2.4000
    endloop
  endfacet
  facet normal 0.000000 0.000000 -1.000000
    outer loop
      vertex 49.9841 0.3500 2.4000
      vertex 49.6373 0.3500 2.4000
      vertex 39.7191 14.9018 2.4000
    endloop
  endfacet
  facet normal 0.000000 0.000000 -1.000000
    outer loop
      vertex 49.6373 0.3500 2.4000
      vertex 49.2904 0.3500 2.4000
      vertex 39.7191 14.9018 2.4000
    endloop
  endfacet
  facet normal 0.000000 0.000000 -1.000000
    outer loop
      vertex 49.2904 0.3500 2.4000
      vertex 48.9436 0.3500 2.4000
      vertex 39.7191 14.9018 2.4000
    endloop
  endfacet
  facet normal 0.000000 0.000000 -1.000000
    outer loop
      vertex 48.9436 0.3500 2.4000
      vertex 48.5968 0.3500 2.4000
      vertex 39.7191 14.9018 2.4000
    endloop
  endfacet
  facet normal 0.000000 0.000000 -1.000000
    outer loop
      vertex 48.5968 0.3500 2.4000
      vertex 48.2500 0.3500 2.4000
      vertex 39.7191 14.9018 2.4000
    endloop
  endfacet
  facet normal 0.000000 0.000000 -1.000000
    outer loop
      vertex 48.2500 0.3500 2.4000
      vertex 47.9032 0.3500 2.4000
      vertex 39.7191 14.9018 2.4000
    endloop
  endfacet
  facet normal 0.000000 0.000000 -1.000000
    outer loop
      vertex 47.9032 0.3500 2.4000
      vertex 47.5564 0.3500 2.4000
      vertex 39.7191 14.9018 2.4000
    endloop
  endfacet
  facet normal 0.000000 0.000000 -1.000000
    outer loop
      vertex 47.5564 0.3500 2.4000
      vertex 47.2095 0.3500 2.4000
      vertex 39.7191 14.9018 2.4000
    endloop
  endfacet
  facet normal 0.000000 0.000000 -1.000000
    outer loop
      vertex 47.2095 0.3500 2.4000
      vertex 46.8627 0.3500 2.4000
      vertex 39.7191 14.9018 2.4000
    endloop
  endfacet
  facet normal 0.000000 0.000000 -1.000000
    outer loop
      vertex 46.8627 0.3500 2.4000
      vertex 46.5159 0.3500 2.4000
      vertex 39.7191 14.9018 2.4000
    endloop
  endfacet
  facet normal 0.000000 0.000000 -1.000000
    outer loop
      vertex 46.5159 0.3500 2.4000
      vertex 39.5040 14.6310 2.4000
      vertex 39.7191 14.9018 2.4000
    endloop
  endfacet
  facet normal 0.000000 0.000000 -1.000000
    outer loop
      vertex 46.5159 0.3500 2.4000
      vertex 46.1691 0.3500 2.4000
      vertex 39.5040 14.6310 2.4000
    endloop
  endfacet
  facet normal 0.000000 0.000000 -1.000000
    outer loop
      vertex 46.1691 0.3500 2.4000
      vertex 45.8223 0.3500 2.4000
      vertex 39.5040 14.6310 2.4000
    endloop
  endfacet
  facet normal 0.000000 0.000000 -1.000000
    outer loop
      vertex 45.8223 0.3500 2.4000
      vertex 39.2771 14.3688 2.4000
      vertex 39.5040 14.6310 2.4000
    endloop
  endfacet
  facet normal 0.000000 0.000000 -1.000000
    outer loop
      vertex 45.8223 0.3500 2.4000
      vertex 45.4754 0.3500 2.4000
      vertex 39.2771 14.3688 2.4000
    endloop
  endfacet
  facet normal 0.000000 0.000000 -1.000000
    outer loop
      vertex 45.4754 0.3500 2.4000
      vertex 39.0501 14.1065 2.4000
      vertex 39.2771 14.3688 2.4000
    endloop
  endfacet
  facet normal 0.000000 0.000000 -1.000000
    outer loop
      vertex 45.4754 0.3500 2.4000
      vertex 45.1286 0.3500 2.4000
      vertex 39.0501 14.1065 2.4000
    endloop
  endfacet
  facet normal 0.000000 0.000000 -1.000000
    outer loop
      vertex 45.1286 0.3500 2.4000
      vertex 38.8197 13.8475 2.4000
      vertex 39.0501 14.1065 2.4000
    endloop
  endfacet
  facet normal 0.000000 0.000000 -1.000000
    outer loop
      vertex 45.1286 0.3500 2.4000
      vertex 44.7818 0.3500 2.4000
      vertex 38.8197 13.8475 2.4000
    endloop
  endfacet
  facet normal 0.000000 0.000000 -1.000000
    outer loop
      vertex 44.7818 0.3500 2.4000
      vertex 44.4350 0.3500 2.4000
      vertex 38.8197 13.8475 2.4000
    endloop
  endfacet
  facet normal 0.000000 0.000000 -1.000000
    outer loop
      vertex 44.4350 0.3500 2.4000
      vertex 44.0882 0.3500 2.4000
      vertex 38.8197 13.8475 2.4000
    endloop
  endfacet
  facet normal 0.000000 0.000000 -1.000000
    outer loop
      vertex 44.0882 0.3500 2.4000
      vertex 43.7414 0.3500 2.4000
      vertex 38.8197 13.8475 2.4000
    endloop
  endfacet
  facet normal 0.000000 0.000000 -1.000000
    outer loop
      vertex 43.7414 0.3500 2.4000
      vertex 43.3945 0.3500 2.4000
      vertex 38.8197 13.8475 2.4000
    endloop
  endfacet
  facet normal 0.000000 0.000000 -1.000000
    outer loop
      vertex 43.3945 0.3500 2.4000
      vertex 43.0477 0.3500 2.4000
      vertex 38.8197 13.8475 2.4000
    endloop
  endfacet
  facet normal 0.000000 0.000000 -1.000000
    outer loop
      vertex 43.0477 0.3500 2.4000
      vertex 42.7009 0.3500 2.4000
      vertex 38.8197 13.8475 2.4000
    endloop
  endfacet
  facet normal 0.000000 0.000000 -1.000000
    outer loop
      vertex 42.7009 0.3500 2.4000
      vertex 42.3541 0.3500 2.4000
      vertex 38.8197 13.8475 2.4000
    endloop
  endfacet
  facet normal 0.000000 0.000000 -1.000000
    outer loop
      vertex 42.3541 0.3500 2.4000
      vertex 42.0073 0.3500 2.4000
      vertex 38.8197 13.8475 2.4000
    endloop
  endfacet
  facet normal 0.000000 0.000000 -1.000000
    outer loop
      vertex 42.0073 0.3500 2.4000
      vertex 41.6604 0.3500 2.4000
      vertex 38.8197 13.8475 2.4000
    endloop
  endfacet
  facet normal 0.000000 0.000000 -1.000000
    outer loop
      vertex 41.6604 0.3500 2.4000
      vertex 34.8454 5.9262 2.4000
      vertex 38.8197 13.8475 2.4000
    endloop
  endfacet
  facet normal 0.000000 0.000000 -1.000000
    outer loop
      vertex 41.6604 0.3500 2.4000
      vertex 34.9235 5.5883 2.4000
      vertex 34.8454 5.9262 2.4000
    endloop
  endfacet
  facet normal 0.000000 0.000000 -1.000000
    outer loop
      vertex 41.6604 0.3500 2.4000
      vertex 41.3136 0.3500 2.4000
      vertex 34.9235 5.5883 2.4000
    endloop
  endfacet
  facet normal 0.000000 0.000000 -1.000000
    outer loop
      vertex 41.3136 0.3500 2.4000
      vertex 35.0015 5.2503 2.4000
      vertex 34.9235 5.5883 2.4000
    endloop
  endfacet
  facet normal 0.000000 0.000000 -1.000000
    outer loop
      vertex 41.3136 0.3500 2.4000
      vertex 40.9668 0.3500 2.4000
      vertex 35.0015 5.2503 2.4000
    endloop
  endfacet
  facet normal 0.000000 0.000000 -1.000000
    outer loop
      vertex 40.9668 0.3500 2.4000
      vertex 35.0796 4.9124 2.4000
      vertex 35.0015 5.2503 2.4000
    endloop
  endfacet
  facet normal 0.000000 0.000000 -1.000000
    outer loop
      vertex 40.9668 0.3500 2.4000
      vertex 40.6200 0.3500 2.4000
      vertex 35.0796 4.9124 2.4000
    endloop
  endfacet
  facet normal 0.000000 0.000000 -1.000000
    outer loop
      vertex 40.6200 0.3500 2.4000
      vertex 35.1576 4.5745 2.4000
      vertex 35.0796 4.9124 2.4000
    endloop
  endfacet
  facet normal 0.000000 0.000000 -1.000000
    outer loop
      vertex 40.6200 0.3500 2.4000
      vertex 40.2732 0.3500 2.4000
      vertex 35.1576 4.5745 2.4000
    endloop
  endfacet
  facet normal 0.000000 0.000000 -1.000000
    outer loop
      vertex 40.2732 0.3500 2.4000
      vertex 35.2357 4.2366 2.4000
      vertex 35.1576 4.5745 2.4000
    endloop
  endfacet
  facet normal 0.000000 0.000000 -1.000000
    outer loop
      vertex 40.2732 0.3500 2.4000
      vertex 39.9264 0.3500 2.4000
      vertex 35.2357 4.2366 2.4000
    endloop
  endfacet
  facet normal 0.000000 0.000000 -1.000000
    outer loop
      vertex 39.9264 0.3500 2.4000
      vertex 35.3137 3.8987 2.4000
      vertex 35.2357 4.2366 2.4000
    endloop
  endfacet
  facet normal 0.000000 0.000000 -1.000000
    outer loop
      vertex 39.9264 0.3500 2.4000
      vertex 39.5795 0.3500 2.4000
      vertex 35.3137 3.8987 2.4000
    endloop
  endfacet
  facet normal 0.000000 0.000000 -1.000000
    outer loop
      vertex 39.5795 0.3500 2.4000
      vertex 35.3997 3.5627 2.4000
      vertex 35.3137 3.8987 2.4000
    endloop
  endfacet
  facet normal 0.000000 0.000000 -1.000000
    outer loop
      vertex 39.5795 0.3500 2.4000
      vertex 39.2327 0.3500 2.4000
      vertex 35.3997 3.5627 2.4000
    endloop
  endfacet
  facet normal 0.000000 0.000000 -1.000000
    outer loop
      vertex 39.2327 0.3500 2.4000
      vertex 35.4863 3.2268 2.4000
      vertex 35.3997 3.5627 2.4000
    endloop
  endfacet
  facet normal 0.000000 0.000000 -1.000000
    outer loop
      vertex 39.2327 0.3500 2.4000
      vertex 38.8859 0.3500 2.4000
      vertex 35.4863 3.2268 2.4000
    endloop
  endfacet
  facet normal 0.000000 0.000000 -1.000000
    outer loop
      vertex 38.8859 0.3500 2.4000
      vertex 35.5729 2.8910 2.4000
      vertex 35.4863 3.2268 2.4000
    endloop
  endfacet
  facet normal 0.000000 0.000000 -1.000000
    outer loop
      vertex 38.8859 0.3500 2.4000
      vertex 38.5391 0.3500 2.4000
      vertex 35.5729 2.8910 2.4000
    endloop
  endfacet
  facet normal 0.000000 0.000000 -1.000000
    outer loop
      vertex 38.5391 0.3500 2.4000
      vertex 35.6595 2.5552 2.4000
      vertex 35.5729 2.8910 2.4000
    endloop
  endfacet
  facet normal 0.000000 0.000000 -1.000000
    outer loop
      vertex 38.5391 0.3500 2.4000
      vertex 38.1923 0.3500 2.4000
      vertex 35.6595 2.5552 2.4000
    endloop
  endfacet
  facet normal 0.000000 0.000000 -1.000000
    outer loop
      vertex 38.1923 0.3500 2.4000
      vertex 35.7461 2.2193 2.4000
      vertex 35.6595 2.5552 2.4000
    endloop
  endfacet
  facet normal 0.000000 0.000000 -1.000000
    outer loop
      vertex 38.1923 0.3500 2.4000
      vertex 37.8454 0.3500 2.4000
      vertex 35.7461 2.2193 2.4000
    endloop
  endfacet
  facet normal 0.000000 0.000000 -1.000000
    outer loop
      vertex 37.8454 0.3500 2.4000
      vertex 35.8336 1.8837 2.4000
      vertex 35.7461 2.2193 2.4000
    endloop
  endfacet
  facet normal 0.000000 0.000000 -1.000000
    outer loop
      vertex 37.8454 0.3500 2.4000
      vertex 35.9263 1.5496 2.4000
      vertex 35.8336 1.8837 2.4000
    endloop
  endfacet
  facet normal 0.000000 0.000000 -1.000000
    outer loop
      vertex 37.8454 0.3500 2.4000
      vertex 37.4986 0.3500 2.4000
      vertex 35.9263 1.5496 2.4000
    endloop
  endfacet
  facet normal 0.000000 0.000000 -1.000000
    outer loop
      vertex 37.4986 0.3500 2.4000
      vertex 36.0190 1.2154 2.4000
      vertex 35.9263 1.5496 2.4000
    endloop
  endfacet
  facet normal 0.000000 0.000000 -1.000000
    outer loop
      vertex 37.4986 0.3500 2.4000
      vertex 37.1518 0.3500 2.4000
      vertex 36.0190 1.2154 2.4000
    endloop
  endfacet
  facet normal 0.000000 0.000000 -1.000000
    outer loop
      vertex 37.1518 0.3500 2.4000
      vertex 36.1118 0.8812 2.4000
      vertex 36.0190 1.2154 2.4000
    endloop
  endfacet
  facet normal 0.000000 0.000000 -1.000000
    outer loop
      vertex 37.1518 0.3500 2.4000
      vertex 36.8050 0.3500 2.4000
      vertex 36.1118 0.8812 2.4000
    endloop
  endfacet
  facet normal 0.000000 0.000000 -1.000000
    outer loop
      vertex 36.8050 0.3500 2.4000
      vertex 36.2051 0.5472 2.4000
      vertex 36.1118 0.8812 2.4000
    endloop
  endfacet
  facet normal 0.000000 0.000000 -1.000000
    outer loop
      vertex 36.8050 0.3500 2.4000
      vertex 36.4582 0.3500 2.4000
      vertex 36.2051 0.5472 2.4000
    endloop
  endfacet
  facet normal 0.000000 0.000000 -1.000000
    outer loop
      vertex 34.8454 5.9262 2.4000
      vertex 34.7706 6.2648 2.4000
      vertex 38.8197 13.8475 2.4000
    endloop
  endfacet
  facet normal 0.000000 0.000000 -1.000000
    outer loop
      vertex 34.7706 6.2648 2.4000
      vertex 34.7052 6.6054 2.4000
      vertex 38.8197 13.8475 2.4000
    endloop
  endfacet
  facet normal 0.000000 0.000000 -1.000000
    outer loop
      vertex 34.7052 6.6054 2.4000
      vertex 38.4984 13.7271 2.4000
      vertex 38.8197 13.8475 2.4000
    endloop
  endfacet
  facet normal 0.000000 0.000000 -1.000000
    outer loop
      vertex 34.7052 6.6054 2.4000
      vertex 34.6397 6.9460 2.4000
      vertex 38.4984 13.7271 2.4000
    endloop
  endfacet
  facet normal 0.000000 0.000000 -1.000000
    outer loop
      vertex 34.4433 7.9677 2.4000
      vertex 38.1623 13.6418 2.4000
      vertex 34.5088 7.6271 2.4000
    endloop
  endfacet
  facet normal 0.000000 0.000000 -1.000000
    outer loop
      vertex 34.4433 7.9677 2.4000
      vertex 37.8261 13.5564 2.4000
      vertex 38.1623 13.6418 2.4000
    endloop
  endfacet
  facet normal 0.000000 0.000000 -1.000000
    outer loop
      vertex 34.4433 7.9677 2.4000
      vertex 34.3779 8.3083 2.4000
      vertex 37.8261 13.5564 2.4000
    endloop
  endfacet
  facet normal 0.000000 0.000000 -1.000000
    outer loop
      vertex 34.3779 8.3083 2.4000
      vertex 37.4889 13.4765 2.4000
      vertex 37.8261 13.5564 2.4000
    endloop
  endfacet
  facet normal 0.000000 0.000000 -1.000000
    outer loop
      vertex 34.3779 8.3083 2.4000
      vertex 34.3149 8.6493 2.4000
      vertex 37.4889 13.4765 2.4000
    endloop
  endfacet
  facet normal 0.000000 0.000000 -1.000000
    outer loop
      vertex 34.3149 8.6493 2.4000
      vertex 34.2696 8.9932 2.4000
      vertex 37.4889 13.4765 2.4000
    endloop
  endfacet
  facet normal 0.000000 0.000000 -1.000000
    outer loop
      vertex 34.2243 9.3370 2.4000
      vertex 37.4889 13.4765 2.4000
      vertex 34.2696 8.9932 2.4000
    endloop
  endfacet
  facet normal 0.000000 0.000000 -1.000000
    outer loop
      vertex 34.2243 9.3370 2.4000
      vertex 34.1790 9.6808 2.4000
      vertex 37.4889 13.4765 2.4000
    endloop
  endfacet
  facet normal 0.000000 0.000000 -1.000000
    outer loop
      vertex 34.0884 10.3685 2.4000
      vertex 37.4889 13.4765 2.4000
      vertex 34.1337 10.0247 2.4000
    endloop
  endfacet
  facet normal 0.000000 0.000000 -1.000000
    outer loop
      vertex 34.0884 10.3685 2.4000
      vertex 34.0431 10.7124 2.4000
      vertex 37.4889 13.4765 2.4000
    endloop
  endfacet
  facet normal 0.000000 0.000000 -1.000000
    outer loop
      vertex 34.0431 10.7124 2.4000
      vertex 37.1578 13.5663 2.4000
      vertex 37.4889 13.4765 2.4000
    endloop
  endfacet
  facet normal 0.000000 0.000000 -1.000000
    outer loop
      vertex 34.0431 10.7124 2.4000
      vertex 34.0131 11.0575 2.4000
      vertex 37.1578 13.5663 2.4000
    endloop
  endfacet
  facet normal 0.000000 0.000000 -1.000000
    outer loop
      vertex 34.0131 11.0575 2.4000
      vertex 34.0047 11.4042 2.4000
      vertex 37.1578 13.5663 2.4000
    endloop
  endfacet
  facet normal 0.000000 0.000000 -1.000000
    outer loop
      vertex 33.9877 12.0976 2.4000
      vertex 36.5127 13.8211 2.4000
      vertex 33.9962 11.7509 2.4000
    endloop
  endfacet
  facet normal 0.000000 0.000000 -1.000000
    outer loop
      vertex 33.9877 12.0976 2.4000
      vertex 36.1901 13.9486 2.4000
      vertex 36.5127 13.8211 2.4000
    endloop
  endfacet
  facet normal 0.000000 0.000000 -1.000000
    outer loop
      vertex 33.9877 12.0976 2.4000
      vertex 33.9793 12.4443 2.4000
      vertex 36.1901 13.9486 2.4000
    endloop
  endfacet
  facet normal 0.000000 0.000000 -1.000000
    outer loop
      vertex 33.9793 12.4443 2.4000
      vertex 35.8675 14.0757 2.4000
      vertex 36.1901 13.9486 2.4000
    endloop
  endfacet
  facet normal 0.000000 0.000000 -1.000000
    outer loop
      vertex 33.9793 12.4443 2.4000
      vertex 33.9708 12.7911 2.4000
      vertex 35.8675 14.0757 2.4000
    endloop
  endfacet
  facet normal 0.000000 0.000000 -1.000000
    outer loop
      vertex 33.9708 12.7911 2.4000
      vertex 34.0325 13.1315 2.4000
      vertex 35.8675 14.0757 2.4000
    endloop
  endfacet
  facet normal 0.000000 0.000000 -1.000000
    outer loop
      vertex 33.9757 23.4083 2.4000
      vertex 36.0046 21.9782 2.4000
      vertex 33.9899 23.0634 2.4000
    endloop
  endfacet
  facet normal 0.000000 0.000000 -1.000000
    outer loop
      vertex 33.9757 23.4083 2.4000
      vertex 36.3272 22.1056 2.4000
      vertex 36.0046 21.9782 2.4000
    endloop
  endfacet
  facet normal 0.000000 0.000000 -1.000000
    outer loop
      vertex 33.9757 23.4083 2.4000
      vertex 33.9841 23.7551 2.4000
      vertex 36.3272 22.1056 2.4000
    endloop
  endfacet
  facet normal 0.000000 0.000000 -1.000000
    outer loop
      vertex 33.9841 23.7551 2.4000
      vertex 36.6498 22.2330 2.4000
      vertex 36.3272 22.1056 2.4000
    endloop
  endfacet
  facet normal 0.000000 0.000000 -1.000000
    outer loop
      vertex 33.9841 23.7551 2.4000
      vertex 33.9926 24.1018 2.4000
      vertex 36.6498 22.2330 2.4000
    endloop
  endfacet
  facet normal 0.000000 0.000000 -1.000000
    outer loop
      vertex 33.9926 24.1018 2.4000
      vertex 36.9723 22.3605 2.4000
      vertex 36.6498 22.2330 2.4000
    endloop
  endfacet
  facet normal 0.000000 0.000000 -1.000000
    outer loop
      vertex 33.9926 24.1018 2.4000
      vertex 34.0011 24.4485 2.4000
      vertex 36.9723 22.3605 2.4000
    endloop
  endfacet
  facet normal 0.000000 0.000000 -1.000000
    outer loop
      vertex 34.0011 24.4485 2.4000
      vertex 37.2949 22.4879 2.4000
      vertex 36.9723 22.3605 2.4000
    endloop
  endfacet
  facet normal 0.000000 0.000000 -1.000000
    outer loop
      vertex 34.0011 24.4485 2.4000
      vertex 34.0095 24.7952 2.4000
      vertex 37.2949 22.4879 2.4000
    endloop
  endfacet
  facet normal 0.000000 0.000000 -1.000000
    outer loop
      vertex 34.0095 24.7952 2.4000
      vertex 34.0239 25.1415 2.4000
      vertex 37.2949 22.4879 2.4000
    endloop
  endfacet
  facet normal 0.000000 0.000000 -1.000000
    outer loop
      vertex 34.0239 25.1415 2.4000
      vertex 34.0692 25.4854 2.4000
      vertex 37.2949 22.4879 2.4000
    endloop
  endfacet
  facet normal 0.000000 0.000000 -1.000000
    outer loop
      vertex 34.0692 25.4854 2.4000
      vertex 34.1145 25.8292 2.4000
      vertex 37.2949 22.4879 2.4000
    endloop
  endfacet
  facet normal 0.000000 -0.000000 -1.000000
    outer loop
      vertex 34.1598 26.1730 2.4000
      vertex 37.2949 22.4879 2.4000
      vertex 34.1145 25.8292 2.4000
    endloop
  endfacet
  facet normal 0.000000 0.000000 -1.000000
    outer loop
      vertex 34.1598 26.1730 2.4000
      vertex 37.6328 22.4927 2.4000
      vertex 37.2949 22.4879 2.4000
    endloop
  endfacet
  facet normal 0.000000 0.000000 -1.000000
    outer loop
      vertex 34.1598 26.1730 2.4000
      vertex 34.2051 26.5169 2.4000
      vertex 37.6328 22.4927 2.4000
    endloop
  endfacet
  facet normal 0.000000 -0.000000 -1.000000
    outer loop
      vertex 34.2504 26.8607 2.4000
      vertex 37.6328 22.4927 2.4000
      vertex 34.2051 26.5169 2.4000
    endloop
  endfacet
  facet normal 0.000000 0.000000 -1.000000
    outer loop
      vertex 34.2504 26.8607 2.4000
      vertex 34.2957 27.2046 2.4000
      vertex 37.6328 22.4927 2.4000
    endloop
  endfacet
  facet normal 0.000000 0.000000 -1.000000
    outer loop
      vertex 34.2957 27.2046 2.4000
      vertex 34.3500 27.5470 2.4000
      vertex 37.6328 22.4927 2.4000
    endloop
  endfacet
  facet normal 0.000000 0.000000 -1.000000
    outer loop
      vertex 34.3500 27.5470 2.4000
      vertex 34.4155 27.8876 2.4000
      vertex 37.6328 22.4927 2.4000
    endloop
  endfacet
  facet normal 0.000000 -0.000000 -1.000000
    outer loop
      vertex 34.6119 28.9093 2.4000
      vertex 38.6413 22.2366 2.4000
      vertex 34.5464 28.5687 2.4000
    endloop
  endfacet
  facet normal 0.000000 0.000000 -1.000000
    outer loop
      vertex 34.6119 28.9093 2.4000
      vertex 34.6773 29.2499 2.4000
      vertex 38.6413 22.2366 2.4000
    endloop
  endfacet
  facet normal 0.000000 0.000000 -1.000000
    outer loop
      vertex 34.6773 29.2499 2.4000
      vertex 34.7428 29.5905 2.4000
      vertex 38.6413 22.2366 2.4000
    endloop
  endfacet
  facet normal 0.000000 0.000000 -1.000000
    outer loop
      vertex 34.7428 29.5905 2.4000
      vertex 34.8123 29.9302 2.4000
      vertex 38.6413 22.2366 2.4000
    endloop
  endfacet
  facet normal 0.000000 0.000000 -1.000000
    outer loop
      vertex 34.8123 29.9302 2.4000
      vertex 34.8903 30.2681 2.4000
      vertex 38.6413 22.2366 2.4000
    endloop
  endfacet
  facet normal 0.000000 -0.000000 -1.000000
    outer loop
      vertex 34.9684 30.6061 2.4000
      vertex 38.6413 22.2366 2.4000
      vertex 34.8903 30.2681 2.4000
    endloop
  endfacet
  facet normal 0.000000 0.000000 -1.000000
    outer loop
      vertex 34.9684 30.6061 2.4000
      vertex 35.0464 30.9440 2.4000
      vertex 38.6413 22.2366 2.4000
    endloop
  endfacet
  facet normal 0.000000 -0.000000 -1.000000
    outer loop
      vertex 35.2025 31.6198 2.4000
      vertex 40.5926 36.8466 2.4000
      vertex 35.1245 31.2819 2.4000
    endloop
  endfacet
  facet normal 0.000000 -0.000000 -1.000000
    outer loop
      vertex 40.5926 36.8466 2.4000
      vertex 40.9305 36.9246 2.4000
      vertex 35.1245 31.2819 2.4000
    endloop
  endfacet
  facet normal 0.000000 0.000000 -1.000000
    outer loop
      vertex 40.9305 36.9246 2.4000
      vertex 35.0464 30.9440 2.4000
      vertex 35.1245 31.2819 2.4000
    endloop
  endfacet
  facet normal 0.000000 -0.000000 -1.000000
    outer loop
      vertex 40.9305 36.9246 2.4000
      vertex 49.8599 33.1664 2.4000
      vertex 35.0464 30.9440 2.4000
    endloop
  endfacet
  facet normal 0.000000 0.000000 -1.000000
    outer loop
      vertex 40.9305 36.9246 2.4000
      vertex 41.2685 37.0026 2.4000
      vertex 49.8599 33.1664 2.4000
    endloop
  endfacet
  facet normal 0.000000 0.000000 -1.000000
    outer loop
      vertex 41.2685 37.0026 2.4000
      vertex 41.6064 37.0807 2.4000
      vertex 49.8599 33.1664 2.4000
    endloop
  endfacet
  facet normal 0.000000 0.000000 -1.000000
    outer loop
      vertex 49.8599 33.1664 2.4000
      vertex 38.6413 22.2366 2.4000
      vertex 35.0464 30.9440 2.4000
    endloop
  endfacet
  facet normal 0.000000 0.000000 -1.000000
    outer loop
      vertex 49.8599 33.1664 2.4000
      vertex 38.9196 22.0443 2.4000
      vertex 38.6413 22.2366 2.4000
    endloop
  endfacet
  facet normal 0.000000 -0.000000 -1.000000
    outer loop
      vertex 49.8599 33.1664 2.4000
      vertex 50.1206 32.9377 2.4000
      vertex 38.9196 22.0443 2.4000
    endloop
  endfacet
  facet normal 0.000000 0.000000 -1.000000
    outer loop
      vertex 49.7317 33.4836 2.4000
      vertex 43.6454 37.4947 2.4000
      vertex 49.6463 33.8197 2.4000
    endloop
  endfacet
  facet normal 0.000000 0.000000 -1.000000
    outer loop
      vertex 49.8143 35.4700 2.4000
      vertex 48.1162 38.0127 2.4000
      vertex 49.9417 35.7926 2.4000
    endloop
  endfacet
  facet normal 0.000000 0.000000 -1.000000
    outer loop
      vertex 50.0692 36.1151 2.4000
      vertex 49.1496 37.9636 2.4000
      vertex 50.1867 36.4414 2.4000
    endloop
  endfacet
  facet normal 0.000000 0.000000 -1.000000
    outer loop
      vertex 49.1496 37.9636 2.4000
      vertex 49.4884 37.8895 2.4000
      vertex 50.1867 36.4414 2.4000
    endloop
  endfacet
  facet normal 0.000000 0.000000 -1.000000
    outer loop
      vertex 59.0815 38.0141 2.4000
      vertex 57.9713 36.0126 2.4000
      vertex 58.7427 37.9400 2.4000
    endloop
  endfacet
  facet normal 0.000000 0.000000 -1.000000
    outer loop
      vertex 57.9713 36.0126 2.4000
      vertex 57.8505 36.3377 2.4000
      vertex 58.7427 37.9400 2.4000
    endloop
  endfacet
  facet normal 0.000000 0.000000 -1.000000
    outer loop
      vertex 58.0988 35.6901 2.4000
      vertex 59.7736 38.0154 2.4000
      vertex 58.2262 35.3675 2.4000
    endloop
  endfacet
  facet normal 0.000000 0.000000 -1.000000
    outer loop
      vertex 58.3536 35.0450 2.4000
      vertex 60.4671 37.9985 2.4000
      vertex 58.4811 34.7224 2.4000
    endloop
  endfacet
  facet normal 0.000000 -0.000000 -1.000000
    outer loop
      vertex 58.2412 33.3768 2.4000
      vertex 71.6500 29.4279 2.4000
      vertex 58.0584 33.0926 2.4000
    endloop
  endfacet
  facet normal 0.000000 0.000000 -1.000000
    outer loop
      vertex 58.2412 33.3768 2.4000
      vertex 71.6500 29.7747 2.4000
      vertex 71.6500 29.4279 2.4000
    endloop
  endfacet
  facet normal 0.000000 0.000000 -1.000000
    outer loop
      vertex 58.2412 33.3768 2.4000
      vertex 71.6500 30.1215 2.4000
      vertex 71.6500 29.7747 2.4000
    endloop
  endfacet
  facet normal -0.000000 -0.000000 -1.000000
    outer loop
      vertex 71.6500 29.4279 2.4000
      vertex 71.6500 29.0811 2.4000
      vertex 58.0584 33.0926 2.4000
    endloop
  endfacet
  facet normal -0.000000 -0.000000 -1.000000
    outer loop
      vertex 71.6500 29.0811 2.4000
      vertex 71.6500 28.7342 2.4000
      vertex 58.0584 33.0926 2.4000
    endloop
  endfacet
  facet normal -0.000000 -0.000000 -1.000000
    outer loop
      vertex 71.6500 28.7342 2.4000
      vertex 71.6500 28.3874 2.4000
      vertex 58.0584 33.0926 2.4000
    endloop
  endfacet
  facet normal -0.000000 -0.000000 -1.000000
    outer loop
      vertex 71.6500 28.3874 2.4000
      vertex 71.6500 28.0406 2.4000
      vertex 58.0584 33.0926 2.4000
    endloop
  endfacet
  facet normal -0.000000 -0.000000 -1.000000
    outer loop
      vertex 71.6500 28.0406 2.4000
      vertex 71.6500 27.6938 2.4000
      vertex 58.0584 33.0926 2.4000
    endloop
  endfacet
  facet normal -0.000000 -0.000000 -1.000000
    outer loop
      vertex 71.6500 27.6938 2.4000
      vertex 71.6500 27.3470 2.4000
      vertex 58.0584 33.0926 2.4000
    endloop
  endfacet
  facet normal -0.000000 -0.000000 -1.000000
    outer loop
      vertex 71.6500 27.3470 2.4000
      vertex 71.6500 27.0002 2.4000
      vertex 58.0584 33.0926 2.4000
    endloop
  endfacet
  facet normal -0.000000 -0.000000 -1.000000
    outer loop
      vertex 71.6500 27.0002 2.4000
      vertex 71.6500 26.6533 2.4000
      vertex 58.0584 33.0926 2.4000
    endloop
  endfacet
  facet normal 0.000000 0.000000 -1.000000
    outer loop
      vertex 71.6500 26.6533 2.4000
      vertex 57.7961 32.8656 2.4000
      vertex 58.0584 33.0926 2.4000
    endloop
  endfacet
  facet normal -0.000000 -0.000000 -1.000000
    outer loop
      vertex 71.6500 26.6533 2.4000
      vertex 71.6500 26.3065 2.4000
      vertex 57.7961 32.8656 2.4000
    endloop
  endfacet
  facet normal 0.000000 0.000000 -1.000000
    outer loop
      vertex 71.6500 26.3065 2.4000
      vertex 57.5339 32.6387 2.4000
      vertex 57.7961 32.8656 2.4000
    endloop
  endfacet
  facet normal -0.000000 -0.000000 -1.000000
    outer loop
      vertex 71.6500 26.3065 2.4000
      vertex 71.6500 25.9597 2.4000
      vertex 57.5339 32.6387 2.4000
    endloop
  endfacet
  facet normal 0.000000 0.000000 -1.000000
    outer loop
      vertex 71.6500 25.9597 2.4000
      vertex 57.2716 32.4117 2.4000
      vertex 57.5339 32.6387 2.4000
    endloop
  endfacet
  facet normal -0.000000 -0.000000 -1.000000
    outer loop
      vertex 71.6500 25.9597 2.4000
      vertex 71.6500 25.6129 2.4000
      vertex 57.2716 32.4117 2.4000
    endloop
  endfacet
  facet normal -0.000000 -0.000000 -1.000000
    outer loop
      vertex 71.6500 25.6129 2.4000
      vertex 71.6500 25.2661 2.4000
      vertex 57.2716 32.4117 2.4000
    endloop
  endfacet
  facet normal -0.000000 -0.000000 -1.000000
    outer loop
      vertex 71.6500 25.2661 2.4000
      vertex 71.6500 24.9193 2.4000
      vertex 57.2716 32.4117 2.4000
    endloop
  endfacet
  facet normal -0.000000 -0.000000 -1.000000
    outer loop
      vertex 71.6500 24.9193 2.4000
      vertex 71.6500 24.5724 2.4000
      vertex 57.2716 32.4117 2.4000
    endloop
  endfacet
  facet normal -0.000000 -0.000000 -1.000000
    outer loop
      vertex 71.6500 24.5724 2.4000
      vertex 71.6500 24.2256 2.4000
      vertex 57.2716 32.4117 2.4000
    endloop
  endfacet
  facet normal 0.000000 0.000000 -1.000000
    outer loop
      vertex 71.6500 24.2256 2.4000
      vertex 56.9777 32.2357 2.4000
      vertex 57.2716 32.4117 2.4000
    endloop
  endfacet
  facet normal -0.000000 -0.000000 -1.000000
    outer loop
      vertex 71.6500 24.2256 2.4000
      vertex 71.6500 23.8788 2.4000
      vertex 56.9777 32.2357 2.4000
    endloop
  endfacet
  facet normal -0.000000 -0.000000 -1.000000
    outer loop
      vertex 71.6500 23.8788 2.4000
      vertex 71.6500 23.5320 2.4000
      vertex 56.9777 32.2357 2.4000
    endloop
  endfacet
  facet normal -0.000000 -0.000000 -1.000000
    outer loop
      vertex 71.6500 23.5320 2.4000
      vertex 71.6500 23.1852 2.4000
      vertex 56.9777 32.2357 2.4000
    endloop
  endfacet
  facet normal -0.000000 -0.000000 -1.000000
    outer loop
      vertex 71.6500 23.1852 2.4000
      vertex 71.6500 22.8383 2.4000
      vertex 56.9777 32.2357 2.4000
    endloop
  endfacet
  facet normal -0.000000 -0.000000 -1.000000
    outer loop
      vertex 71.6500 22.8383 2.4000
      vertex 71.6500 22.4915 2.4000
      vertex 56.9777 32.2357 2.4000
    endloop
  endfacet
  facet normal -0.000000 -0.000000 -1.000000
    outer loop
      vertex 71.6500 22.4915 2.4000
      vertex 71.6500 22.1447 2.4000
      vertex 56.9777 32.2357 2.4000
    endloop
  endfacet
  facet normal -0.000000 -0.000000 -1.000000
    outer loop
      vertex 71.6500 22.1447 2.4000
      vertex 71.6500 21.7979 2.4000
      vertex 56.9777 32.2357 2.4000
    endloop
  endfacet
  facet normal 0.000000 0.000000 -1.000000
    outer loop
      vertex 71.6500 21.7979 2.4000
      vertex 56.6509 32.1196 2.4000
      vertex 56.9777 32.2357 2.4000
    endloop
  endfacet
  facet normal -0.000000 -0.000000 -1.000000
    outer loop
      vertex 71.6500 21.7979 2.4000
      vertex 71.6500 21.4511 2.4000
      vertex 56.6509 32.1196 2.4000
    endloop
  endfacet
  facet normal 0.000000 0.000000 -1.000000
    outer loop
      vertex 71.6500 21.4511 2.4000
      vertex 56.3241 32.0035 2.4000
      vertex 56.6509 32.1196 2.4000
    endloop
  endfacet
  facet normal -0.000000 -0.000000 -1.000000
    outer loop
      vertex 71.6500 21.4511 2.4000
      vertex 71.6500 21.1043 2.4000
      vertex 56.3241 32.0035 2.4000
    endloop
  endfacet
  facet normal 0.000000 0.000000 -1.000000
    outer loop
      vertex 71.6500 21.1043 2.4000
      vertex 55.9973 31.8874 2.4000
      vertex 56.3241 32.0035 2.4000
    endloop
  endfacet
  facet normal -0.000000 -0.000000 -1.000000
    outer loop
      vertex 71.6500 21.1043 2.4000
      vertex 71.6500 20.7574 2.4000
      vertex 55.9973 31.8874 2.4000
    endloop
  endfacet
  facet normal 0.000000 0.000000 -1.000000
    outer loop
      vertex 71.6500 20.7574 2.4000
      vertex 55.6698 31.7735 2.4000
      vertex 55.9973 31.8874 2.4000
    endloop
  endfacet
  facet normal -0.000000 -0.000000 -1.000000
    outer loop
      vertex 71.6500 20.7574 2.4000
      vertex 71.6500 20.4106 2.4000
      vertex 55.6698 31.7735 2.4000
    endloop
  endfacet
  facet normal -0.000000 -0.000000 -1.000000
    outer loop
      vertex 71.6500 20.4106 2.4000
      vertex 71.6500 20.0638 2.4000
      vertex 55.6698 31.7735 2.4000
    endloop
  endfacet
  facet normal -0.000000 -0.000000 -1.000000
    outer loop
      vertex 71.6500 20.0638 2.4000
      vertex 71.6500 19.7170 2.4000
      vertex 55.6698 31.7735 2.4000
    endloop
  endfacet
  facet normal -0.000000 -0.000000 -1.000000
    outer loop
      vertex 71.6500 19.7170 2.4000
      vertex 71.6500 19.3702 2.4000
      vertex 55.6698 31.7735 2.4000
    endloop
  endfacet
  facet normal -0.000000 -0.000000 -1.000000
    outer loop
      vertex 71.6500 19.3702 2.4000
      vertex 71.6500 19.0233 2.4000
      vertex 55.6698 31.7735 2.4000
    endloop
  endfacet
  facet normal -0.000000 -0.000000 -1.000000
    outer loop
      vertex 71.6500 19.0233 2.4000
      vertex 71.6500 18.6765 2.4000
      vertex 55.6698 31.7735 2.4000
    endloop
  endfacet
  facet normal -0.000000 -0.000000 -1.000000
    outer loop
      vertex 71.6500 18.6765 2.4000
      vertex 71.6500 18.3297 2.4000
      vertex 55.6698 31.7735 2.4000
    endloop
  endfacet
  facet normal -0.000000 -0.000000 -1.000000
    outer loop
      vertex 71.6500 18.3297 2.4000
      vertex 71.6500 17.9829 2.4000
      vertex 55.6698 31.7735 2.4000
    endloop
  endfacet
  facet normal -0.000000 -0.000000 -1.000000
    outer loop
      vertex 71.6500 17.9829 2.4000
      vertex 71.6500 17.6361 2.4000
      vertex 55.6698 31.7735 2.4000
    endloop
  endfacet
  facet normal -0.000000 -0.000000 -1.000000
    outer loop
      vertex 71.6500 17.6361 2.4000
      vertex 71.6500 17.2893 2.4000
      vertex 55.6698 31.7735 2.4000
    endloop
  endfacet
  facet normal 0.000000 0.000000 -1.000000
    outer loop
      vertex 71.6500 17.2893 2.4000
      vertex 55.3254 31.7337 2.4000
      vertex 55.6698 31.7735 2.4000
    endloop
  endfacet
  facet normal -0.000000 -0.000000 -1.000000
    outer loop
      vertex 71.6500 17.2893 2.4000
      vertex 71.6500 16.9424 2.4000
      vertex 55.3254 31.7337 2.4000
    endloop
  endfacet
  facet normal 0.000000 0.000000 -1.000000
    outer loop
      vertex 71.6500 16.9424 2.4000
      vertex 54.9804 31.6984 2.4000
      vertex 55.3254 31.7337 2.4000
    endloop
  endfacet
  facet normal -0.000000 -0.000000 -1.000000
    outer loop
      vertex 71.6500 16.9424 2.4000
      vertex 71.6500 16.5956 2.4000
      vertex 54.9804 31.6984 2.4000
    endloop
  endfacet
  facet normal 0.000000 0.000000 -1.000000
    outer loop
      vertex 71.6500 16.5956 2.4000
      vertex 54.6354 31.6632 2.4000
      vertex 54.9804 31.6984 2.4000
    endloop
  endfacet
  facet normal -0.000000 -0.000000 -1.000000
    outer loop
      vertex 71.6500 16.5956 2.4000
      vertex 71.6500 16.2488 2.4000
      vertex 54.6354 31.6632 2.4000
    endloop
  endfacet
  facet normal 0.000000 0.000000 -1.000000
    outer loop
      vertex 71.6500 16.2488 2.4000
      vertex 54.2904 31.6279 2.4000
      vertex 54.6354 31.6632 2.4000
    endloop
  endfacet
  facet normal -0.000000 -0.000000 -1.000000
    outer loop
      vertex 71.6500 16.2488 2.4000
      vertex 71.6500 15.9020 2.4000
      vertex 54.2904 31.6279 2.4000
    endloop
  endfacet
  facet normal 0.000000 0.000000 -1.000000
    outer loop
      vertex 54.2904 31.6279 2.4000
      vertex 40.3943 17.9265 2.4000
      vertex 53.9450 31.6038 2.4000
    endloop
  endfacet
  facet normal 0.000000 0.000000 -1.000000
    outer loop
      vertex 54.2904 31.6279 2.4000
      vertex 40.3590 17.5815 2.4000
      vertex 40.3943 17.9265 2.4000
    endloop
  endfacet
  facet normal 0.000000 0.000000 -1.000000
    outer loop
      vertex 38.4984 13.7271 2.4000
      vertex 34.5088 7.6271 2.4000
      vertex 38.1623 13.6418 2.4000
    endloop
  endfacet
  facet normal 0.000000 0.000000 -1.000000
    outer loop
      vertex 38.4984 13.7271 2.4000
      vertex 34.5742 7.2865 2.4000
      vertex 34.5088 7.6271 2.4000
    endloop
  endfacet
  facet normal 0.000000 0.000000 -1.000000
    outer loop
      vertex 38.4984 13.7271 2.4000
      vertex 34.6397 6.9460 2.4000
      vertex 34.5742 7.2865 2.4000
    endloop
  endfacet
  facet normal -0.000000 0.000000 -1.000000
    outer loop
      vertex 37.1578 13.5663 2.4000
      vertex 34.0047 11.4042 2.4000
      vertex 36.8353 13.6937 2.4000
    endloop
  endfacet
  facet normal 0.000000 0.000000 -1.000000
    outer loop
      vertex 34.0047 11.4042 2.4000
      vertex 33.9962 11.7509 2.4000
      vertex 36.8353 13.6937 2.4000
    endloop
  endfacet
  facet normal 0.000000 0.000000 -1.000000
    outer loop
      vertex 33.9962 11.7509 2.4000
      vertex 36.5127 13.8211 2.4000
      vertex 36.8353 13.6937 2.4000
    endloop
  endfacet
  facet normal -0.000000 0.000000 -1.000000
    outer loop
      vertex 35.8675 14.0757 2.4000
      vertex 34.0325 13.1315 2.4000
      vertex 35.5411 14.1930 2.4000
    endloop
  endfacet
  facet normal 0.000000 0.000000 -1.000000
    outer loop
      vertex 34.0325 13.1315 2.4000
      vertex 34.1066 13.4703 2.4000
      vertex 35.5411 14.1930 2.4000
    endloop
  endfacet
  facet normal 0.000000 0.000000 -1.000000
    outer loop
      vertex 33.9899 23.0634 2.4000
      vertex 35.6798 21.8568 2.4000
      vertex 34.0640 22.7246 2.4000
    endloop
  endfacet
  facet normal 0.000000 0.000000 -1.000000
    outer loop
      vertex 33.9899 23.0634 2.4000
      vertex 36.0046 21.9782 2.4000
      vertex 35.6798 21.8568 2.4000
    endloop
  endfacet
  facet normal 0.000000 0.000000 -1.000000
    outer loop
      vertex 37.6328 22.4927 2.4000
      vertex 34.4155 27.8876 2.4000
      vertex 37.9690 22.4073 2.4000
    endloop
  endfacet
  facet normal 0.000000 0.000000 -1.000000
    outer loop
      vertex 34.4155 27.8876 2.4000
      vertex 34.4810 28.2282 2.4000
      vertex 37.9690 22.4073 2.4000
    endloop
  endfacet
  facet normal 0.000000 0.000000 -1.000000
    outer loop
      vertex 34.4810 28.2282 2.4000
      vertex 38.3051 22.3220 2.4000
      vertex 37.9690 22.4073 2.4000
    endloop
  endfacet
  facet normal 0.000000 0.000000 -1.000000
    outer loop
      vertex 34.4810 28.2282 2.4000
      vertex 34.5464 28.5687 2.4000
      vertex 38.3051 22.3220 2.4000
    endloop
  endfacet
  facet normal 0.000000 0.000000 -1.000000
    outer loop
      vertex 34.5464 28.5687 2.4000
      vertex 38.6413 22.2366 2.4000
      vertex 38.3051 22.3220 2.4000
    endloop
  endfacet
  facet normal 0.000000 0.000000 -1.000000
    outer loop
      vertex 38.9196 22.0443 2.4000
      vertex 50.1206 32.9377 2.4000
      vertex 39.1465 21.7821 2.4000
    endloop
  endfacet
  facet normal 0.000000 -0.000000 -1.000000
    outer loop
      vertex 50.1206 32.9377 2.4000
      vertex 50.3828 32.7108 2.4000
      vertex 39.1465 21.7821 2.4000
    endloop
  endfacet
  facet normal 0.000000 0.000000 -1.000000
    outer loop
      vertex 50.3828 32.7108 2.4000
      vertex 39.3735 21.5198 2.4000
      vertex 39.1465 21.7821 2.4000
    endloop
  endfacet
  facet normal 0.000000 -0.000000 -1.000000
    outer loop
      vertex 50.3828 32.7108 2.4000
      vertex 50.6451 32.4838 2.4000
      vertex 39.3735 21.5198 2.4000
    endloop
  endfacet
  facet normal -0.000000 0.000000 -1.000000
    outer loop
      vertex 51.2453 32.1565 2.4000
      vertex 39.7705 20.9602 2.4000
      vertex 50.9187 32.2733 2.4000
    endloop
  endfacet
  facet normal 0.000000 0.000000 -1.000000
    outer loop
      vertex 51.2453 32.1565 2.4000
      vertex 39.8866 20.6334 2.4000
      vertex 39.7705 20.9602 2.4000
    endloop
  endfacet
  facet normal 0.000000 -0.000000 -1.000000
    outer loop
      vertex 51.2453 32.1565 2.4000
      vertex 51.5721 32.0404 2.4000
      vertex 39.8866 20.6334 2.4000
    endloop
  endfacet
  facet normal 0.000000 0.000000 -1.000000
    outer loop
      vertex 51.5721 32.0404 2.4000
      vertex 40.0027 20.3066 2.4000
      vertex 39.8866 20.6334 2.4000
    endloop
  endfacet
  facet normal 0.000000 -0.000000 -1.000000
    outer loop
      vertex 51.5721 32.0404 2.4000
      vertex 51.8989 31.9243 2.4000
      vertex 40.0027 20.3066 2.4000
    endloop
  endfacet
  facet normal 0.000000 0.000000 -1.000000
    outer loop
      vertex 51.8989 31.9243 2.4000
      vertex 40.1188 19.9797 2.4000
      vertex 40.0027 20.3066 2.4000
    endloop
  endfacet
  facet normal 0.000000 -0.000000 -1.000000
    outer loop
      vertex 51.8989 31.9243 2.4000
      vertex 52.2257 31.8082 2.4000
      vertex 40.1188 19.9797 2.4000
    endloop
  endfacet
  facet normal -0.000000 0.000000 -1.000000
    outer loop
      vertex 52.9100 31.7097 2.4000
      vertex 40.2682 19.3069 2.4000
      vertex 52.5650 31.7449 2.4000
    endloop
  endfacet
  facet normal 0.000000 0.000000 -1.000000
    outer loop
      vertex 52.9100 31.7097 2.4000
      vertex 40.3034 18.9619 2.4000
      vertex 40.2682 19.3069 2.4000
    endloop
  endfacet
  facet normal 0.000000 -0.000000 -1.000000
    outer loop
      vertex 52.9100 31.7097 2.4000
      vertex 53.2550 31.6744 2.4000
      vertex 40.3034 18.9619 2.4000
    endloop
  endfacet
  facet normal 0.000000 0.000000 -1.000000
    outer loop
      vertex 50.1867 36.4414 2.4000
      vertex 49.4884 37.8895 2.4000
      vertex 50.3040 36.7678 2.4000
    endloop
  endfacet
  facet normal 0.000000 0.000000 -1.000000
    outer loop
      vertex 49.4884 37.8895 2.4000
      vertex 49.8272 37.8154 2.4000
      vertex 50.3040 36.7678 2.4000
    endloop
  endfacet
  facet normal 0.000000 0.000000 -1.000000
    outer loop
      vertex 58.7427 37.9400 2.4000
      vertex 57.8505 36.3377 2.4000
      vertex 58.4039 37.8659 2.4000
    endloop
  endfacet
  facet normal 0.000000 0.000000 -1.000000
    outer loop
      vertex 57.8505 36.3377 2.4000
      vertex 57.7332 36.6641 2.4000
      vertex 58.4039 37.8659 2.4000
    endloop
  endfacet
  facet normal 0.000000 0.000000 -1.000000
    outer loop
      vertex 57.7332 36.6641 2.4000
      vertex 58.0651 37.7918 2.4000
      vertex 58.4039 37.8659 2.4000
    endloop
  endfacet
  facet normal 0.000000 0.000000 -1.000000
    outer loop
      vertex 57.7332 36.6641 2.4000
      vertex 57.6159 36.9905 2.4000
      vertex 58.0651 37.7918 2.4000
    endloop
  endfacet
  facet normal 0.000000 0.000000 -1.000000
    outer loop
      vertex 57.6159 36.9905 2.4000
      vertex 57.7920 37.5999 2.4000
      vertex 58.0651 37.7918 2.4000
    endloop
  endfacet
  facet normal 0.000000 0.000000 -1.000000
    outer loop
      vertex 57.6159 36.9905 2.4000
      vertex 57.5841 37.3227 2.4000
      vertex 57.7920 37.5999 2.4000
    endloop
  endfacet
  facet normal -0.000000 0.000000 -1.000000
    outer loop
      vertex 53.6000 31.6391 2.4000
      vertex 40.3387 18.6169 2.4000
      vertex 53.2550 31.6744 2.4000
    endloop
  endfacet
  facet normal 0.000000 0.000000 -1.000000
    outer loop
      vertex 53.6000 31.6391 2.4000
      vertex 40.3740 18.2719 2.4000
      vertex 40.3387 18.6169 2.4000
    endloop
  endfacet
  facet normal 0.000000 -0.000000 -1.000000
    outer loop
      vertex 53.6000 31.6391 2.4000
      vertex 53.9450 31.6038 2.4000
      vertex 40.3740 18.2719 2.4000
    endloop
  endfacet
  facet normal 0.000000 0.000000 -1.000000
    outer loop
      vertex 53.9450 31.6038 2.4000
      vertex 40.3943 17.9265 2.4000
      vertex 40.3740 18.2719 2.4000
    endloop
  endfacet
  facet normal 0.000000 0.000000 -1.000000
    outer loop
      vertex 35.0270 21.6222 2.4000
      vertex 34.1380 22.3858 2.4000
      vertex 35.3534 21.7395 2.4000
    endloop
  endfacet
  facet normal 0.000000 0.000000 -1.000000
    outer loop
      vertex 35.0270 21.6222 2.4000
      vertex 34.2121 22.0470 2.4000
      vertex 34.1380 22.3858 2.4000
    endloop
  endfacet
  facet normal 0.000000 0.000000 -1.000000
    outer loop
      vertex 35.0270 21.6222 2.4000
      vertex 34.4148 21.7807 2.4000
      vertex 34.2121 22.0470 2.4000
    endloop
  endfacet
  facet normal -0.000000 0.000000 -1.000000
    outer loop
      vertex 35.0270 21.6222 2.4000
      vertex 34.6939 21.5757 2.4000
      vertex 34.4148 21.7807 2.4000
    endloop
  endfacet
  facet normal 0.000000 0.000000 -1.000000
    outer loop
      vertex 35.2147 14.3103 2.4000
      vertex 34.5728 14.3411 2.4000
      vertex 34.8883 14.4276 2.4000
    endloop
  endfacet
  facet normal -0.000000 0.000000 -1.000000
    outer loop
      vertex 35.2147 14.3103 2.4000
      vertex 34.1806 13.8091 2.4000
      vertex 34.5728 14.3411 2.4000
    endloop
  endfacet
  facet normal 0.000000 0.000000 -1.000000
    outer loop
      vertex 35.2147 14.3103 2.4000
      vertex 34.1066 13.4703 2.4000
      vertex 34.1806 13.8091 2.4000
    endloop
  endfacet
  facet normal 0.000000 -0.000000 -1.000000
    outer loop
      vertex 35.2147 14.3103 2.4000
      vertex 35.5411 14.1930 2.4000
      vertex 34.1066 13.4703 2.4000
    endloop
  endfacet
  facet normal 0.000000 0.000000 -1.000000
    outer loop
      vertex 34.0640 22.7246 2.4000
      vertex 35.3534 21.7395 2.4000
      vertex 34.1380 22.3858 2.4000
    endloop
  endfacet
  facet normal 0.000000 0.000000 -1.000000
    outer loop
      vertex 34.0640 22.7246 2.4000
      vertex 35.6798 21.8568 2.4000
      vertex 35.3534 21.7395 2.4000
    endloop
  endfacet
  facet normal 0.000000 0.000000 -1.000000
    outer loop
      vertex 40.3034 18.9619 2.4000
      vertex 53.2550 31.6744 2.4000
      vertex 40.3387 18.6169 2.4000
    endloop
  endfacet
  facet normal 0.000000 0.000000 -1.000000
    outer loop
      vertex 34.5728 14.3411 2.4000
      vertex 34.1806 13.8091 2.4000
      vertex 34.2993 14.1278 2.4000
    endloop
  endfacet
  facet normal 0.000000 0.000000 -1.000000
    outer loop
      vertex 50.3040 36.7678 2.4000
      vertex 50.3524 37.4125 2.4000
      vertex 50.4213 37.0942 2.4000
    endloop
  endfacet
  facet normal 0.000000 0.000000 -1.000000
    outer loop
      vertex 50.3040 36.7678 2.4000
      vertex 49.8272 37.8154 2.4000
      vertex 50.3524 37.4125 2.4000
    endloop
  endfacet
  facet normal 0.000000 0.000000 -1.000000
    outer loop
      vertex 49.8272 37.8154 2.4000
      vertex 50.1402 37.6868 2.4000
      vertex 50.3524 37.4125 2.4000
    endloop
  endfacet
  facet normal 0.000000 0.000000 -1.000000
    outer loop
      vertex 40.2682 19.3069 2.4000
      vertex 40.2306 19.6516 2.4000
      vertex 52.5650 31.7449 2.4000
    endloop
  endfacet
  facet normal 0.000000 0.000000 -1.000000
    outer loop
      vertex 40.1188 19.9797 2.4000
      vertex 52.2257 31.8082 2.4000
      vertex 40.2306 19.6516 2.4000
    endloop
  endfacet
  facet normal 0.000000 -0.000000 -1.000000
    outer loop
      vertex 52.2257 31.8082 2.4000
      vertex 52.5650 31.7449 2.4000
      vertex 40.2306 19.6516 2.4000
    endloop
  endfacet
  facet normal 0.000000 0.000000 -1.000000
    outer loop
      vertex 39.3735 21.5198 2.4000
      vertex 50.6451 32.4838 2.4000
      vertex 39.6004 21.2576 2.4000
    endloop
  endfacet
  facet normal 0.000000 -0.000000 -1.000000
    outer loop
      vertex 50.6451 32.4838 2.4000
      vertex 50.9187 32.2733 2.4000
      vertex 39.6004 21.2576 2.4000
    endloop
  endfacet
  facet normal 0.000000 0.000000 -1.000000
    outer loop
      vertex 50.9187 32.2733 2.4000
      vertex 39.7705 20.9602 2.4000
      vertex 39.6004 21.2576 2.4000
    endloop
  endfacet
  facet normal 0.000000 0.000000 -1.000000
    outer loop
      vertex 37.4889 13.4765 2.4000
      vertex 34.1790 9.6808 2.4000
      vertex 34.1337 10.0247 2.4000
    endloop
  endfacet
  facet normal 0.000000 0.000000 -1.000000
    outer loop
      vertex 71.6500 30.4683 2.4000
      vertex 66.6242 37.0274 2.4000
      vertex 71.6500 30.8152 2.4000
    endloop
  endfacet
  facet normal 0.000000 0.000000 -1.000000
    outer loop
      vertex 71.6500 31.1620 2.4000
      vertex 67.3000 36.8714 2.4000
      vertex 71.6500 31.5088 2.4000
    endloop
  endfacet
  facet normal 0.000000 0.000000 -1.000000
    outer loop
      vertex 67.3000 36.8714 2.4000
      vertex 67.6379 36.7933 2.4000
      vertex 71.6500 31.5088 2.4000
    endloop
  endfacet
  facet normal 0.000000 0.000000 -1.000000
    outer loop
      vertex 67.6379 36.7933 2.4000
      vertex 71.6500 31.8556 2.4000
      vertex 71.6500 31.5088 2.4000
    endloop
  endfacet
  facet normal 0.000000 0.000000 -1.000000
    outer loop
      vertex 71.6500 32.5492 2.4000
      vertex 68.6485 36.5459 2.4000
      vertex 71.6500 32.8961 2.4000
    endloop
  endfacet
  facet normal 0.000000 0.000000 -1.000000
    outer loop
      vertex 71.6500 34.6302 2.4000
      vertex 70.6605 36.0154 2.4000
      vertex 71.6500 34.9770 2.4000
    endloop
  endfacet
  facet normal 0.000000 0.000000 -1.000000
    outer loop
      vertex 70.6605 36.0154 2.4000
      vertex 70.9947 35.9227 2.4000
      vertex 71.6500 34.9770 2.4000
    endloop
  endfacet
  facet normal 0.000000 0.000000 -1.000000
    outer loop
      vertex 58.2412 33.3768 2.4000
      vertex 64.9276 37.3846 2.4000
      vertex 65.2682 37.3192 2.4000
    endloop
  endfacet
  facet normal 0.000000 0.000000 -1.000000
    outer loop
      vertex 58.4811 34.7224 2.4000
      vertex 61.5038 37.9284 2.4000
      vertex 61.8476 37.8831 2.4000
    endloop
  endfacet
  facet normal 0.000000 0.000000 -1.000000
    outer loop
      vertex 49.4784 34.4926 2.4000
      vertex 46.0431 37.8687 2.4000
      vertex 46.3870 37.9140 2.4000
    endloop
  endfacet
  facet normal 0.000000 0.000000 -1.000000
    outer loop
      vertex 49.4784 34.4926 2.4000
      vertex 45.6993 37.8234 2.4000
      vertex 46.0431 37.8687 2.4000
    endloop
  endfacet
  facet normal 0.000000 -0.000000 -1.000000
    outer loop
      vertex 35.7093 33.6380 2.4000
      vertex 38.5732 36.3452 2.4000
      vertex 35.6227 33.3021 2.4000
    endloop
  endfacet
  facet normal 0.000000 -0.000000 -1.000000
    outer loop
      vertex 38.5732 36.3452 2.4000
      vertex 38.9090 36.4318 2.4000
      vertex 35.6227 33.3021 2.4000
    endloop
  endfacet
  facet normal 0.000000 0.000000 -1.000000
    outer loop
      vertex 38.9090 36.4318 2.4000
      vertex 35.5361 32.9663 2.4000
      vertex 35.6227 33.3021 2.4000
    endloop
  endfacet
  facet normal 0.000000 0.000000 -1.000000
    outer loop
      vertex 35.8869 34.3084 2.4000
      vertex 35.9796 34.6426 2.4000
      vertex 37.5675 36.0787 2.4000
    endloop
  endfacet
  facet normal 0.000000 0.000000 -1.000000
    outer loop
      vertex 35.9796 34.6426 2.4000
      vertex 37.2333 35.9859 2.4000
      vertex 37.5675 36.0787 2.4000
    endloop
  endfacet
  facet normal 0.000000 0.000000 -1.000000
    outer loop
      vertex 35.9796 34.6426 2.4000
      vertex 36.0724 34.9768 2.4000
      vertex 37.2333 35.9859 2.4000
    endloop
  endfacet
  facet normal 0.000000 0.000000 -1.000000
    outer loop
      vertex 36.4000 36.0124 4.4000
      vertex 37.4140 22.2661 4.4000
      vertex 36.4000 21.8655 4.4000
    endloop
  endfacet
  facet normal 0.000000 0.000000 1.000000
    outer loop
      vertex 36.4000 21.8655 2.3200
      vertex 37.4140 22.2661 2.3200
      vertex 36.4000 36.0124 2.3200
    endloop
  endfacet
  facet normal 0.000000 0.000000 -1.000000
    outer loop
      vertex 36.4000 36.0124 4.4000
      vertex 37.4218 22.2689 4.4000
      vertex 37.4140 22.2661 4.4000
    endloop
  endfacet
  facet normal 0.000000 -0.000000 1.000000
    outer loop
      vertex 37.4140 22.2661 2.3200
      vertex 37.4218 22.2689 2.3200
      vertex 36.4000 36.0124 2.3200
    endloop
  endfacet
  facet normal 0.000000 0.000000 -1.000000
    outer loop
      vertex 36.4000 36.0124 4.4000
      vertex 37.4394 22.2735 4.4000
      vertex 37.4218 22.2689 4.4000
    endloop
  endfacet
  facet normal 0.000000 -0.000000 1.000000
    outer loop
      vertex 37.4218 22.2689 2.3200
      vertex 37.4394 22.2735 2.3200
      vertex 36.4000 36.0124 2.3200
    endloop
  endfacet
  facet normal 0.000000 0.000000 -1.000000
    outer loop
      vertex 36.4000 36.0124 4.4000
      vertex 37.4517 22.2750 4.4000
      vertex 37.4394 22.2735 4.4000
    endloop
  endfacet
  facet normal 0.000000 -0.000000 1.000000
    outer loop
      vertex 37.4394 22.2735 2.3200
      vertex 37.4517 22.2750 2.3200
      vertex 36.4000 36.0124 2.3200
    endloop
  endfacet
  facet normal 0.000000 0.000000 -1.000000
    outer loop
      vertex 36.4000 36.0124 4.4000
      vertex 37.4641 22.2750 4.4000
      vertex 37.4517 22.2750 4.4000
    endloop
  endfacet
  facet normal 0.000000 -0.000000 1.000000
    outer loop
      vertex 37.4517 22.2750 2.3200
      vertex 37.4641 22.2750 2.3200
      vertex 36.4000 36.0124 2.3200
    endloop
  endfacet
  facet normal 0.000000 0.000000 -1.000000
    outer loop
      vertex 36.4000 36.0124 4.4000
      vertex 37.4821 22.2728 4.4000
      vertex 37.4641 22.2750 4.4000
    endloop
  endfacet
  facet normal -0.000000 -0.000000 1.000000
    outer loop
      vertex 37.4641 22.2750 2.3200
      vertex 37.4821 22.2728 2.3200
      vertex 36.4000 36.0124 2.3200
    endloop
  endfacet
  facet normal 0.000000 0.000000 -1.000000
    outer loop
      vertex 36.4000 36.0124 4.4000
      vertex 36.5247 36.0487 4.4000
      vertex 37.4821 22.2728 4.4000
    endloop
  endfacet
  facet normal 0.000000 0.000000 1.000000
    outer loop
      vertex 37.4821 22.2728 2.3200
      vertex 36.5247 36.0487 2.3200
      vertex 36.4000 36.0124 2.3200
    endloop
  endfacet
  facet normal 0.000000 0.000000 -1.000000
    outer loop
      vertex 36.5247 36.0487 4.4000
      vertex 36.5309 36.0505 4.4000
      vertex 37.4821 22.2728 4.4000
    endloop
  endfacet
  facet normal 0.000000 0.000000 1.000000
    outer loop
      vertex 37.4821 22.2728 2.3200
      vertex 36.5309 36.0505 2.3200
      vertex 36.5247 36.0487 2.3200
    endloop
  endfacet
  facet normal 0.000000 0.000000 -1.000000
    outer loop
      vertex 36.5309 36.0505 4.4000
      vertex 37.4902 22.2710 4.4000
      vertex 37.4821 22.2728 4.4000
    endloop
  endfacet
  facet normal -0.000000 -0.000000 1.000000
    outer loop
      vertex 37.4821 22.2728 2.3200
      vertex 37.4902 22.2710 2.3200
      vertex 36.5309 36.0505 2.3200
    endloop
  endfacet
  facet normal 0.000000 0.000000 -1.000000
    outer loop
      vertex 36.5309 36.0505 4.4000
      vertex 37.8646 36.4206 4.4000
      vertex 37.4902 22.2710 4.4000
    endloop
  endfacet
  facet normal 0.000000 -0.000000 1.000000
    outer loop
      vertex 37.4902 22.2710 2.3200
      vertex 37.8646 36.4206 2.3200
      vertex 36.5309 36.0505 2.3200
    endloop
  endfacet
  facet normal 0.000000 -0.000000 -1.000000
    outer loop
      vertex 37.8646 36.4206 4.4000
      vertex 37.8735 36.4229 4.4000
      vertex 37.4902 22.2710 4.4000
    endloop
  endfacet
  facet normal 0.000000 0.000000 1.000000
    outer loop
      vertex 37.4902 22.2710 2.3200
      vertex 37.8735 36.4229 2.3200
      vertex 37.8646 36.4206 2.3200
    endloop
  endfacet
  facet normal 0.000000 -0.000000 -1.000000
    outer loop
      vertex 37.8735 36.4229 4.4000
      vertex 38.6092 21.9868 4.4000
      vertex 37.4902 22.2710 4.4000
    endloop
  endfacet
  facet normal -0.000000 0.000000 1.000000
    outer loop
      vertex 37.4902 22.2710 2.3200
      vertex 38.6092 21.9868 2.3200
      vertex 37.8735 36.4229 2.3200
    endloop
  endfacet
  facet normal 0.000000 0.000000 -1.000000
    outer loop
      vertex 37.8735 36.4229 4.4000
      vertex 38.6170 21.9846 4.4000
      vertex 38.6092 21.9868 4.4000
    endloop
  endfacet
  facet normal -0.000000 -0.000000 1.000000
    outer loop
      vertex 38.6092 21.9868 2.3200
      vertex 38.6170 21.9846 2.3200
      vertex 37.8735 36.4229 2.3200
    endloop
  endfacet
  facet normal 0.000000 0.000000 -1.000000
    outer loop
      vertex 37.8735 36.4229 4.4000
      vertex 39.8084 36.9219 4.4000
      vertex 38.6170 21.9846 4.4000
    endloop
  endfacet
  facet normal 0.000000 -0.000000 1.000000
    outer loop
      vertex 38.6170 21.9846 2.3200
      vertex 39.8084 36.9219 2.3200
      vertex 37.8735 36.4229 2.3200
    endloop
  endfacet
  facet normal 0.000000 0.000000 -1.000000
    outer loop
      vertex 39.8084 36.9219 4.4000
      vertex 38.6335 21.9782 4.4000
      vertex 38.6170 21.9846 4.4000
    endloop
  endfacet
  facet normal -0.000000 0.000000 1.000000
    outer loop
      vertex 38.6170 21.9846 2.3200
      vertex 38.6335 21.9782 2.3200
      vertex 39.8084 36.9219 2.3200
    endloop
  endfacet
  facet normal 0.000000 -0.000000 -1.000000
    outer loop
      vertex 39.8084 36.9219 4.4000
      vertex 39.8207 36.9249 4.4000
      vertex 38.6335 21.9782 4.4000
    endloop
  endfacet
  facet normal 0.000000 0.000000 1.000000
    outer loop
      vertex 38.6335 21.9782 2.3200
      vertex 39.8207 36.9249 2.3200
      vertex 39.8084 36.9219 2.3200
    endloop
  endfacet
  facet normal 0.000000 0.000000 -1.000000
    outer loop
      vertex 39.8207 36.9249 4.4000
      vertex 38.6441 21.9725 4.4000
      vertex 38.6335 21.9782 4.4000
    endloop
  endfacet
  facet normal -0.000000 0.000000 1.000000
    outer loop
      vertex 38.6335 21.9782 2.3200
      vertex 38.6441 21.9725 2.3200
      vertex 39.8207 36.9249 2.3200
    endloop
  endfacet
  facet normal 0.000000 -0.000000 -1.000000
    outer loop
      vertex 39.8207 36.9249 4.4000
      vertex 42.1173 37.4553 4.4000
      vertex 38.6441 21.9725 4.4000
    endloop
  endfacet
  facet normal 0.000000 0.000000 1.000000
    outer loop
      vertex 38.6441 21.9725 2.3200
      vertex 42.1173 37.4553 2.3200
      vertex 39.8207 36.9249 2.3200
    endloop
  endfacet
  facet normal 0.000000 0.000000 -1.000000
    outer loop
      vertex 42.1173 37.4553 4.4000
      vertex 43.8000 36.5832 4.4000
      vertex 43.8000 27.1283 4.4000
    endloop
  endfacet
  facet normal 0.000000 -0.000000 1.000000
    outer loop
      vertex 43.8000 27.1283 2.3200
      vertex 43.8000 36.5832 2.3200
      vertex 42.1173 37.4553 2.3200
    endloop
  endfacet
  facet normal 0.000000 -0.000000 -1.000000
    outer loop
      vertex 42.1173 37.4553 4.4000
      vertex 43.8000 27.1283 4.4000
      vertex 38.6441 21.9725 4.4000
    endloop
  endfacet
  facet normal 0.000000 0.000000 1.000000
    outer loop
      vertex 38.6441 21.9725 2.3200
      vertex 43.8000 27.1283 2.3200
      vertex 42.1173 37.4553 2.3200
    endloop
  endfacet
  facet normal 0.000000 0.000000 -1.000000
    outer loop
      vertex 44.6000 27.9283 4.4000
      vertex 44.6000 36.1686 4.4000
      vertex 50.0275 33.3559 4.4000
    endloop
  endfacet
  facet normal 0.000000 0.000000 1.000000
    outer loop
      vertex 50.0275 33.3559 2.3200
      vertex 44.6000 36.1686 2.3200
      vertex 44.6000 27.9283 2.3200
    endloop
  endfacet
  facet normal 0.000000 0.000000 -1.000000
    outer loop
      vertex 42.1173 37.4553 4.4000
      vertex 43.8000 36.5848 4.4000
      vertex 43.8000 36.5832 4.4000
    endloop
  endfacet
  facet normal 0.000000 -0.000000 1.000000
    outer loop
      vertex 43.8000 36.5832 2.3200
      vertex 43.8000 36.5848 2.3200
      vertex 42.1173 37.4553 2.3200
    endloop
  endfacet
  facet normal 0.000000 0.000000 -1.000000
    outer loop
      vertex 44.6000 36.1686 4.4000
      vertex 44.6000 36.1710 4.4000
      vertex 50.0218 33.3665 4.4000
    endloop
  endfacet
  facet normal 0.000000 0.000000 1.000000
    outer loop
      vertex 50.0218 33.3665 2.3200
      vertex 44.6000 36.1710 2.3200
      vertex 44.6000 36.1686 2.3200
    endloop
  endfacet
  facet normal 0.000000 0.000000 -1.000000
    outer loop
      vertex 44.6000 36.1686 4.4000
      vertex 50.0218 33.3665 4.4000
      vertex 50.0275 33.3559 4.4000
    endloop
  endfacet
  facet normal 0.000000 0.000000 1.000000
    outer loop
      vertex 50.0275 33.3559 2.3200
      vertex 50.0218 33.3665 2.3200
      vertex 44.6000 36.1686 2.3200
    endloop
  endfacet
  facet normal 0.000000 0.000000 -1.000000
    outer loop
      vertex 42.1173 37.4553 4.4000
      vertex 42.1354 37.4591 4.4000
      vertex 43.8000 36.5953 4.4000
    endloop
  endfacet
  facet normal 0.000000 0.000000 1.000000
    outer loop
      vertex 43.8000 36.5953 2.3200
      vertex 42.1354 37.4591 2.3200
      vertex 42.1173 37.4553 2.3200
    endloop
  endfacet
  facet normal 0.000000 0.000000 -1.000000
    outer loop
      vertex 42.1173 37.4553 4.4000
      vertex 43.8000 36.5953 4.4000
      vertex 43.8000 36.5848 4.4000
    endloop
  endfacet
  facet normal 0.000000 -0.000000 1.000000
    outer loop
      vertex 43.8000 36.5848 2.3200
      vertex 43.8000 36.5953 2.3200
      vertex 42.1173 37.4553 2.3200
    endloop
  endfacet
  facet normal 0.000000 0.000000 -1.000000
    outer loop
      vertex 44.6000 36.1710 4.4000
      vertex 44.6000 36.1801 4.4000
      vertex 50.0218 33.3665 4.4000
    endloop
  endfacet
  facet normal 0.000000 0.000000 1.000000
    outer loop
      vertex 50.0218 33.3665 2.3200
      vertex 44.6000 36.1801 2.3200
      vertex 44.6000 36.1710 2.3200
    endloop
  endfacet
  facet normal 0.000000 0.000000 -1.000000
    outer loop
      vertex 42.1354 37.4591 4.4000
      vertex 43.8000 36.5980 4.4000
      vertex 43.8000 36.5953 4.4000
    endloop
  endfacet
  facet normal 0.000000 -0.000000 1.000000
    outer loop
      vertex 43.8000 36.5953 2.3200
      vertex 43.8000 36.5980 2.3200
      vertex 42.1354 37.4591 2.3200
    endloop
  endfacet
  facet normal 0.000000 0.000000 -1.000000
    outer loop
      vertex 44.6000 36.1801 4.4000
      vertex 44.6000 36.1842 4.4000
      vertex 50.0154 33.3830 4.4000
    endloop
  endfacet
  facet normal 0.000000 0.000000 1.000000
    outer loop
      vertex 50.0154 33.3830 2.3200
      vertex 44.6000 36.1842 2.3200
      vertex 44.6000 36.1801 2.3200
    endloop
  endfacet
  facet normal 0.000000 0.000000 -1.000000
    outer loop
      vertex 44.6000 36.1801 4.4000
      vertex 50.0154 33.3830 4.4000
      vertex 50.0218 33.3665 4.4000
    endloop
  endfacet
  facet normal 0.000000 0.000000 1.000000
    outer loop
      vertex 50.0218 33.3665 2.3200
      vertex 50.0154 33.3830 2.3200
      vertex 44.6000 36.1801 2.3200
    endloop
  endfacet
  facet normal 0.000000 0.000000 -1.000000
    outer loop
      vertex 42.1354 37.4591 4.4000
      vertex 43.8000 37.7790 4.4000
      vertex 43.8000 36.5980 4.4000
    endloop
  endfacet
  facet normal 0.000000 -0.000000 1.000000
    outer loop
      vertex 43.8000 36.5980 2.3200
      vertex 43.8000 37.7790 2.3200
      vertex 42.1354 37.4591 2.3200
    endloop
  endfacet
  facet normal 0.000000 0.000000 -1.000000
    outer loop
      vertex 44.6000 36.1842 4.4000
      vertex 44.6000 37.2132 4.4000
      vertex 50.0154 33.3830 4.4000
    endloop
  endfacet
  facet normal 0.000000 0.000000 1.000000
    outer loop
      vertex 50.0154 33.3830 2.3200
      vertex 44.6000 37.2132 2.3200
      vertex 44.6000 36.1842 2.3200
    endloop
  endfacet
  facet normal 0.000000 0.000000 -1.000000
    outer loop
      vertex 44.6000 37.9307 4.4000
      vertex 49.7272 34.5179 4.4000
      vertex 49.7290 34.5098 4.4000
    endloop
  endfacet
  facet normal 0.000000 0.000000 1.000000
    outer loop
      vertex 49.7290 34.5098 2.3200
      vertex 49.7272 34.5179 2.3200
      vertex 44.6000 37.9307 2.3200
    endloop
  endfacet
  facet normal 0.000000 0.000000 -1.000000
    outer loop
      vertex 44.6000 37.9307 4.4000
      vertex 49.7250 34.5359 4.4000
      vertex 49.7272 34.5179 4.4000
    endloop
  endfacet
  facet normal 0.000000 0.000000 1.000000
    outer loop
      vertex 49.7272 34.5179 2.3200
      vertex 49.7250 34.5359 2.3200
      vertex 44.6000 37.9307 2.3200
    endloop
  endfacet
  facet normal 0.000000 0.000000 -1.000000
    outer loop
      vertex 44.6000 37.9307 4.4000
      vertex 49.7250 34.5483 4.4000
      vertex 49.7250 34.5359 4.4000
    endloop
  endfacet
  facet normal 0.000000 -0.000000 1.000000
    outer loop
      vertex 49.7250 34.5359 2.3200
      vertex 49.7250 34.5483 2.3200
      vertex 44.6000 37.9307 2.3200
    endloop
  endfacet
  facet normal 0.000000 0.000000 -1.000000
    outer loop
      vertex 44.6000 37.9307 4.4000
      vertex 46.8677 38.2295 4.4000
      vertex 49.7250 34.5483 4.4000
    endloop
  endfacet
  facet normal 0.000000 0.000000 1.000000
    outer loop
      vertex 49.7250 34.5483 2.3200
      vertex 46.8677 38.2295 2.3200
      vertex 44.6000 37.9307 2.3200
    endloop
  endfacet
  facet normal 0.000000 0.000000 -1.000000
    outer loop
      vertex 46.8677 38.2295 4.4000
      vertex 49.7265 34.5606 4.4000
      vertex 49.7250 34.5483 4.4000
    endloop
  endfacet
  facet normal 0.000000 -0.000000 1.000000
    outer loop
      vertex 49.7250 34.5483 2.3200
      vertex 49.7265 34.5606 2.3200
      vertex 46.8677 38.2295 2.3200
    endloop
  endfacet
  facet normal 0.000000 0.000000 -1.000000
    outer loop
      vertex 46.8677 38.2295 4.4000
      vertex 49.7311 34.5782 4.4000
      vertex 49.7265 34.5606 4.4000
    endloop
  endfacet
  facet normal 0.000000 -0.000000 1.000000
    outer loop
      vertex 49.7265 34.5606 2.3200
      vertex 49.7311 34.5782 2.3200
      vertex 46.8677 38.2295 2.3200
    endloop
  endfacet
  facet normal 0.000000 0.000000 -1.000000
    outer loop
      vertex 46.8677 38.2295 4.4000
      vertex 46.9208 38.2336 4.4000
      vertex 49.7311 34.5782 4.4000
    endloop
  endfacet
  facet normal 0.000000 0.000000 1.000000
    outer loop
      vertex 49.7311 34.5782 2.3200
      vertex 46.9208 38.2336 2.3200
      vertex 46.8677 38.2295 2.3200
    endloop
  endfacet
  facet normal 0.000000 0.000000 -1.000000
    outer loop
      vertex 46.9208 38.2336 4.4000
      vertex 49.7339 34.5860 4.4000
      vertex 49.7311 34.5782 4.4000
    endloop
  endfacet
  facet normal 0.000000 -0.000000 1.000000
    outer loop
      vertex 49.7311 34.5782 2.3200
      vertex 49.7339 34.5860 2.3200
      vertex 46.9208 38.2336 2.3200
    endloop
  endfacet
  facet normal 0.000000 0.000000 -1.000000
    outer loop
      vertex 46.9208 38.2336 4.4000
      vertex 48.8074 38.2797 4.4000
      vertex 49.7339 34.5860 4.4000
    endloop
  endfacet
  facet normal 0.000000 0.000000 1.000000
    outer loop
      vertex 49.7339 34.5860 2.3200
      vertex 48.8074 38.2797 2.3200
      vertex 46.9208 38.2336 2.3200
    endloop
  endfacet
  facet normal 0.000000 0.000000 -1.000000
    outer loop
      vertex 48.8074 38.2797 4.4000
      vertex 50.3036 36.0280 4.4000
      vertex 49.7339 34.5860 4.4000
    endloop
  endfacet
  facet normal 0.000000 -0.000000 1.000000
    outer loop
      vertex 49.7339 34.5860 2.3200
      vertex 50.3036 36.0280 2.3200
      vertex 48.8074 38.2797 2.3200
    endloop
  endfacet
  facet normal 0.000000 0.000000 -1.000000
    outer loop
      vertex 48.8074 38.2797 4.4000
      vertex 48.9264 38.2683 4.4000
      vertex 50.3036 36.0280 4.4000
    endloop
  endfacet
  facet normal 0.000000 0.000000 1.000000
    outer loop
      vertex 50.3036 36.0280 2.3200
      vertex 48.9264 38.2683 2.3200
      vertex 48.8074 38.2797 2.3200
    endloop
  endfacet
  facet normal 0.000000 0.000000 -1.000000
    outer loop
      vertex 48.8074 38.2797 4.4000
      vertex 48.8673 38.2775 4.4000
      vertex 48.9264 38.2683 4.4000
    endloop
  endfacet
  facet normal 0.000000 0.000000 1.000000
    outer loop
      vertex 48.9264 38.2683 2.3200
      vertex 48.8673 38.2775 2.3200
      vertex 48.8074 38.2797 2.3200
    endloop
  endfacet
  facet normal 0.000000 0.000000 -1.000000
    outer loop
      vertex 48.9264 38.2683 4.4000
      vertex 50.3091 36.0426 4.4000
      vertex 50.3036 36.0280 4.4000
    endloop
  endfacet
  facet normal 0.000000 -0.000000 1.000000
    outer loop
      vertex 50.3036 36.0280 2.3200
      vertex 50.3091 36.0426 2.3200
      vertex 48.9264 38.2683 2.3200
    endloop
  endfacet
  facet normal 0.000000 0.000000 -1.000000
    outer loop
      vertex 48.9264 38.2683 4.4000
      vertex 50.0498 38.0226 4.4000
      vertex 50.3091 36.0426 4.4000
    endloop
  endfacet
  facet normal 0.000000 0.000000 1.000000
    outer loop
      vertex 50.3091 36.0426 2.3200
      vertex 50.0498 38.0226 2.3200
      vertex 48.9264 38.2683 2.3200
    endloop
  endfacet
  facet normal 0.000000 0.000000 -1.000000
    outer loop
      vertex 50.0498 38.0226 4.4000
      vertex 50.6664 37.0370 4.4000
      vertex 50.3091 36.0426 4.4000
    endloop
  endfacet
  facet normal 0.000000 -0.000000 1.000000
    outer loop
      vertex 50.3091 36.0426 2.3200
      vertex 50.6664 37.0370 2.3200
      vertex 50.0498 38.0226 2.3200
    endloop
  endfacet
  facet normal 0.000000 0.000000 -1.000000
    outer loop
      vertex 50.0498 38.0226 4.4000
      vertex 50.3391 37.8394 4.4000
      vertex 50.6664 37.0370 4.4000
    endloop
  endfacet
  facet normal 0.000000 0.000000 1.000000
    outer loop
      vertex 50.6664 37.0370 2.3200
      vertex 50.3391 37.8394 2.3200
      vertex 50.0498 38.0226 2.3200
    endloop
  endfacet
  facet normal 0.000000 0.000000 -1.000000
    outer loop
      vertex 50.0498 38.0226 4.4000
      vertex 50.2395 37.9368 4.4000
      vertex 50.3391 37.8394 4.4000
    endloop
  endfacet
  facet normal 0.000000 0.000000 1.000000
    outer loop
      vertex 50.3391 37.8394 2.3200
      vertex 50.2395 37.9368 2.3200
      vertex 50.0498 38.0226 2.3200
    endloop
  endfacet
  facet normal 0.000000 0.000000 -1.000000
    outer loop
      vertex 50.0498 38.0226 4.4000
      vertex 50.1169 38.0030 4.4000
      vertex 50.2395 37.9368 4.4000
    endloop
  endfacet
  facet normal 0.000000 0.000000 1.000000
    outer loop
      vertex 50.2395 37.9368 2.3200
      vertex 50.1169 38.0030 2.3200
      vertex 50.0498 38.0226 2.3200
    endloop
  endfacet
  facet normal 0.000000 0.000000 -1.000000
    outer loop
      vertex 50.1169 38.0030 4.4000
      vertex 50.1805 37.9742 4.4000
      vertex 50.2395 37.9368 4.4000
    endloop
  endfacet
  facet normal 0.000000 0.000000 1.000000
    outer loop
      vertex 50.2395 37.9368 2.3200
      vertex 50.1805 37.9742 2.3200
      vertex 50.1169 38.0030 2.3200
    endloop
  endfacet
  facet normal 0.000000 0.000000 -1.000000
    outer loop
      vertex 50.2395 37.9368 4.4000
      vertex 50.2927 37.8916 4.4000
      vertex 50.3391 37.8394 4.4000
    endloop
  endfacet
  facet normal 0.000000 0.000000 1.000000
    outer loop
      vertex 50.3391 37.8394 2.3200
      vertex 50.2927 37.8916 2.3200
      vertex 50.2395 37.9368 2.3200
    endloop
  endfacet
  facet normal 0.000000 0.000000 -1.000000
    outer loop
      vertex 50.3391 37.8394 4.4000
      vertex 50.5919 37.5113 4.4000
      vertex 50.6664 37.0370 4.4000
    endloop
  endfacet
  facet normal 0.000000 0.000000 1.000000
    outer loop
      vertex 50.6664 37.0370 2.3200
      vertex 50.5919 37.5113 2.3200
      vertex 50.3391 37.8394 2.3200
    endloop
  endfacet
  facet normal 0.000000 0.000000 -1.000000
    outer loop
      vertex 50.5919 37.5113 4.4000
      vertex 50.6269 37.4594 4.4000
      vertex 50.6664 37.0370 4.4000
    endloop
  endfacet
  facet normal 0.000000 0.000000 1.000000
    outer loop
      vertex 50.6664 37.0370 2.3200
      vertex 50.6269 37.4594 2.3200
      vertex 50.5919 37.5113 2.3200
    endloop
  endfacet
  facet normal 0.000000 0.000000 -1.000000
    outer loop
      vertex 50.6269 37.4594 4.4000
      vertex 50.6898 37.2836 4.4000
      vertex 50.6664 37.0370 4.4000
    endloop
  endfacet
  facet normal 0.000000 -0.000000 1.000000
    outer loop
      vertex 50.6664 37.0370 2.3200
      vertex 50.6898 37.2836 2.3200
      vertex 50.6269 37.4594 2.3200
    endloop
  endfacet
  facet normal 0.000000 0.000000 -1.000000
    outer loop
      vertex 50.6269 37.4594 4.4000
      vertex 50.6552 37.4036 4.4000
      vertex 50.6898 37.2836 4.4000
    endloop
  endfacet
  facet normal 0.000000 0.000000 1.000000
    outer loop
      vertex 50.6898 37.2836 2.3200
      vertex 50.6552 37.4036 2.3200
      vertex 50.6269 37.4594 2.3200
    endloop
  endfacet
  facet normal 0.000000 0.000000 -1.000000
    outer loop
      vertex 50.6552 37.4036 4.4000
      vertex 50.6763 37.3447 4.4000
      vertex 50.6898 37.2836 4.4000
    endloop
  endfacet
  facet normal 0.000000 0.000000 1.000000
    outer loop
      vertex 50.6898 37.2836 2.3200
      vertex 50.6763 37.3447 2.3200
      vertex 50.6552 37.4036 2.3200
    endloop
  endfacet
  facet normal -0.000000 -0.000000 -1.000000
    outer loop
      vertex 52.0000 32.1537 4.4000
      vertex 52.0000 19.4000 4.4000
      vertex 51.0218 32.5012 4.4000
    endloop
  endfacet
  facet normal 0.000000 0.000000 1.000000
    outer loop
      vertex 51.0218 32.5012 2.3200
      vertex 52.0000 19.4000 2.3200
      vertex 52.0000 32.1537 2.3200
    endloop
  endfacet
  facet normal 0.000000 0.000000 -1.000000
    outer loop
      vertex 50.0000 15.8000 4.4000
      vertex 49.8000 15.8000 4.4000
      vertex 50.6000 16.4000 4.4000
    endloop
  endfacet
  facet normal 0.000000 0.000000 1.000000
    outer loop
      vertex 50.6000 16.4000 2.3200
      vertex 49.8000 15.8000 2.3200
      vertex 50.0000 15.8000 2.3200
    endloop
  endfacet
  facet normal 0.000000 0.000000 -1.000000
    outer loop
      vertex 49.2000 15.2000 4.4000
      vertex 49.0000 15.2000 4.4000
      vertex 49.8000 15.8000 4.4000
    endloop
  endfacet
  facet normal 0.000000 0.000000 1.000000
    outer loop
      vertex 49.8000 15.8000 2.3200
      vertex 49.0000 15.2000 2.3200
      vertex 49.2000 15.2000 2.3200
    endloop
  endfacet
  facet normal 0.000000 0.000000 -1.000000
    outer loop
      vertex 48.4000 14.8000 4.4000
      vertex 48.2000 14.8000 4.4000
      vertex 48.6000 15.0000 4.4000
    endloop
  endfacet
  facet normal 0.000000 0.000000 1.000000
    outer loop
      vertex 48.6000 15.0000 2.3200
      vertex 48.2000 14.8000 2.3200
      vertex 48.4000 14.8000 2.3200
    endloop
  endfacet
  facet normal 0.000000 0.000000 -1.000000
    outer loop
      vertex 48.0000 14.6000 4.4000
      vertex 47.6000 14.6000 4.4000
      vertex 48.2000 14.8000 4.4000
    endloop
  endfacet
  facet normal 0.000000 0.000000 1.000000
    outer loop
      vertex 48.2000 14.8000 2.3200
      vertex 47.6000 14.6000 2.3200
      vertex 48.0000 14.6000 2.3200
    endloop
  endfacet
  facet normal 0.000000 0.000000 -1.000000
    outer loop
      vertex 46.8000 14.2000 4.4000
      vertex 46.0000 14.2000 4.4000
      vertex 47.0000 14.4000 4.4000
    endloop
  endfacet
  facet normal 0.000000 0.000000 1.000000
    outer loop
      vertex 47.0000 14.4000 2.3200
      vertex 46.0000 14.2000 2.3200
      vertex 46.8000 14.2000 2.3200
    endloop
  endfacet
  facet normal 0.000000 0.000000 -1.000000
    outer loop
      vertex 45.8000 14.0000 4.4000
      vertex 42.8000 14.2000 4.4000
      vertex 46.0000 14.2000 4.4000
    endloop
  endfacet
  facet normal 0.000000 0.000000 1.000000
    outer loop
      vertex 46.0000 14.2000 2.3200
      vertex 42.8000 14.2000 2.3200
      vertex 45.8000 14.0000 2.3200
    endloop
  endfacet
  facet normal 0.000000 0.000000 -1.000000
    outer loop
      vertex 45.8000 14.0000 4.4000
      vertex 43.0000 14.0000 4.4000
      vertex 42.8000 14.2000 4.4000
    endloop
  endfacet
  facet normal 0.000000 0.000000 1.000000
    outer loop
      vertex 42.8000 14.2000 2.3200
      vertex 43.0000 14.0000 2.3200
      vertex 45.8000 14.0000 2.3200
    endloop
  endfacet
  facet normal 0.000000 0.000000 -1.000000
    outer loop
      vertex 42.0000 14.2000 4.4000
      vertex 41.8000 14.4000 4.4000
      vertex 42.8000 14.2000 4.4000
    endloop
  endfacet
  facet normal 0.000000 0.000000 1.000000
    outer loop
      vertex 42.8000 14.2000 2.3200
      vertex 41.8000 14.4000 2.3200
      vertex 42.0000 14.2000 2.3200
    endloop
  endfacet
  facet normal 0.000000 0.000000 -1.000000
    outer loop
      vertex 41.2000 14.4000 4.4000
      vertex 41.0000 14.6000 4.4000
      vertex 41.8000 14.4000 4.4000
    endloop
  endfacet
  facet normal 0.000000 0.000000 1.000000
    outer loop
      vertex 41.8000 14.4000 2.3200
      vertex 41.0000 14.6000 2.3200
      vertex 41.2000 14.4000 2.3200
    endloop
  endfacet
  facet normal 0.000000 0.000000 -1.000000
    outer loop
      vertex 40.2000 14.8000 4.4000
      vertex 40.0000 15.0000 4.4000
      vertex 40.6000 14.8000 4.4000
    endloop
  endfacet
  facet normal 0.000000 0.000000 1.000000
    outer loop
      vertex 40.6000 14.8000 2.3200
      vertex 40.0000 15.0000 2.3200
      vertex 40.2000 14.8000 2.3200
    endloop
  endfacet
  facet normal 0.000000 0.000000 -1.000000
    outer loop
      vertex 39.8000 15.0000 4.4000
      vertex 39.5721 15.2279 4.4000
      vertex 40.0000 15.0000 4.4000
    endloop
  endfacet
  facet normal 0.000000 0.000000 1.000000
    outer loop
      vertex 40.0000 15.0000 2.3200
      vertex 39.5721 15.2279 2.3200
      vertex 39.8000 15.0000 2.3200
    endloop
  endfacet
  facet normal 0.000000 0.000000 -1.000000
    outer loop
      vertex 39.5721 15.2279 4.4000
      vertex 39.9797 16.3755 4.4000
      vertex 40.0000 15.0000 4.4000
    endloop
  endfacet
  facet normal 0.000000 0.000000 1.000000
    outer loop
      vertex 40.0000 15.0000 2.3200
      vertex 39.9797 16.3755 2.3200
      vertex 39.5721 15.2279 2.3200
    endloop
  endfacet
  facet normal 0.000000 0.000000 -1.000000
    outer loop
      vertex 38.6441 21.9725 4.4000
      vertex 43.8000 27.1283 4.4000
      vertex 43.8000 27.1191 4.4000
    endloop
  endfacet
  facet normal 0.000000 -0.000000 1.000000
    outer loop
      vertex 43.8000 27.1191 2.3200
      vertex 43.8000 27.1283 2.3200
      vertex 38.6441 21.9725 2.3200
    endloop
  endfacet
  facet normal 0.000000 0.000000 -1.000000
    outer loop
      vertex 38.6441 21.9725 4.4000
      vertex 43.8000 27.1191 4.4000
      vertex 38.6540 21.9655 4.4000
    endloop
  endfacet
  facet normal 0.000000 -0.000000 1.000000
    outer loop
      vertex 38.6540 21.9655 2.3200
      vertex 43.8000 27.1191 2.3200
      vertex 38.6441 21.9725 2.3200
    endloop
  endfacet
  facet normal 0.000000 0.000000 -1.000000
    outer loop
      vertex 44.6000 27.9203 4.4000
      vertex 44.6000 27.9283 4.4000
      vertex 50.0275 33.3559 4.4000
    endloop
  endfacet
  facet normal 0.000000 0.000000 1.000000
    outer loop
      vertex 50.0275 33.3559 2.3200
      vertex 44.6000 27.9283 2.3200
      vertex 44.6000 27.9203 2.3200
    endloop
  endfacet
  facet normal 0.000000 -0.000000 -1.000000
    outer loop
      vertex 50.0275 33.3559 4.4000
      vertex 50.0345 33.3460 4.4000
      vertex 44.6000 27.9115 4.4000
    endloop
  endfacet
  facet normal 0.000000 0.000000 1.000000
    outer loop
      vertex 44.6000 27.9115 2.3200
      vertex 50.0345 33.3460 2.3200
      vertex 50.0275 33.3559 2.3200
    endloop
  endfacet
  facet normal 0.000000 0.000000 -1.000000
    outer loop
      vertex 50.0275 33.3559 4.4000
      vertex 44.6000 27.9115 4.4000
      vertex 44.6000 27.9203 4.4000
    endloop
  endfacet
  facet normal -0.000000 0.000000 1.000000
    outer loop
      vertex 44.6000 27.9203 2.3200
      vertex 44.6000 27.9115 2.3200
      vertex 50.0275 33.3559 2.3200
    endloop
  endfacet
  facet normal 0.000000 -0.000000 -1.000000
    outer loop
      vertex 43.8000 27.1191 4.4000
      vertex 43.8000 27.1115 4.4000
      vertex 38.6540 21.9655 4.4000
    endloop
  endfacet
  facet normal 0.000000 0.000000 1.000000
    outer loop
      vertex 38.6540 21.9655 2.3200
      vertex 43.8000 27.1115 2.3200
      vertex 43.8000 27.1191 2.3200
    endloop
  endfacet
  facet normal -0.000000 0.000000 -1.000000
    outer loop
      vertex 51.0218 32.5012 4.4000
      vertex 44.6000 19.6000 4.4000
      vertex 51.0141 32.5042 4.4000
    endloop
  endfacet
  facet normal 0.000000 0.000000 1.000000
    outer loop
      vertex 51.0141 32.5042 2.3200
      vertex 44.6000 19.6000 2.3200
      vertex 51.0218 32.5012 2.3200
    endloop
  endfacet
  facet normal 0.000000 -0.000000 -1.000000
    outer loop
      vertex 51.0218 32.5012 4.4000
      vertex 52.0000 19.4000 4.4000
      vertex 44.6000 19.6000 4.4000
    endloop
  endfacet
  facet normal -0.000000 0.000000 1.000000
    outer loop
      vertex 44.6000 19.6000 2.3200
      vertex 52.0000 19.4000 2.3200
      vertex 51.0218 32.5012 2.3200
    endloop
  endfacet
  facet normal -0.000000 0.000000 -1.000000
    outer loop
      vertex 52.0000 19.4000 4.4000
      vertex 51.8000 19.2000 4.4000
      vertex 44.6000 19.6000 4.4000
    endloop
  endfacet
  facet normal 0.000000 0.000000 1.000000
    outer loop
      vertex 44.6000 19.6000 2.3200
      vertex 51.8000 19.2000 2.3200
      vertex 52.0000 19.4000 2.3200
    endloop
  endfacet
  facet normal -0.000000 0.000000 -1.000000
    outer loop
      vertex 51.8000 18.4000 4.4000
      vertex 51.6000 18.2000 4.4000
      vertex 51.8000 19.2000 4.4000
    endloop
  endfacet
  facet normal 0.000000 0.000000 1.000000
    outer loop
      vertex 51.8000 19.2000 2.3200
      vertex 51.6000 18.2000 2.3200
      vertex 51.8000 18.4000 2.3200
    endloop
  endfacet
  facet normal -0.000000 0.000000 -1.000000
    outer loop
      vertex 51.6000 18.0000 4.4000
      vertex 51.4000 17.8000 4.4000
      vertex 51.6000 18.2000 4.4000
    endloop
  endfacet
  facet normal 0.000000 0.000000 1.000000
    outer loop
      vertex 51.6000 18.2000 2.3200
      vertex 51.4000 17.8000 2.3200
      vertex 51.6000 18.0000 2.3200
    endloop
  endfacet
  facet normal -0.000000 0.000000 -1.000000
    outer loop
      vertex 51.2000 17.2000 4.4000
      vertex 50.6000 16.6000 4.4000
      vertex 51.2000 17.4000 4.4000
    endloop
  endfacet
  facet normal 0.000000 0.000000 1.000000
    outer loop
      vertex 51.2000 17.4000 2.3200
      vertex 50.6000 16.6000 2.3200
      vertex 51.2000 17.2000 2.3200
    endloop
  endfacet
  facet normal -0.000000 0.000000 -1.000000
    outer loop
      vertex 50.6000 16.4000 4.4000
      vertex 49.8000 15.8000 4.4000
      vertex 50.6000 16.6000 4.4000
    endloop
  endfacet
  facet normal 0.000000 0.000000 1.000000
    outer loop
      vertex 50.6000 16.6000 2.3200
      vertex 49.8000 15.8000 2.3200
      vertex 50.6000 16.4000 2.3200
    endloop
  endfacet
  facet normal 0.000000 0.000000 -1.000000
    outer loop
      vertex 49.8000 15.8000 4.4000
      vertex 44.6000 19.6000 4.4000
      vertex 50.6000 16.6000 4.4000
    endloop
  endfacet
  facet normal 0.000000 0.000000 1.000000
    outer loop
      vertex 50.6000 16.6000 2.3200
      vertex 44.6000 19.6000 2.3200
      vertex 49.8000 15.8000 2.3200
    endloop
  endfacet
  facet normal -0.000000 0.000000 -1.000000
    outer loop
      vertex 49.8000 15.8000 4.4000
      vertex 49.0000 15.2000 4.4000
      vertex 44.6000 19.6000 4.4000
    endloop
  endfacet
  facet normal 0.000000 0.000000 1.000000
    outer loop
      vertex 44.6000 19.6000 2.3200
      vertex 49.0000 15.2000 2.3200
      vertex 49.8000 15.8000 2.3200
    endloop
  endfacet
  facet normal -0.000000 0.000000 -1.000000
    outer loop
      vertex 49.0000 15.2000 4.4000
      vertex 48.6000 15.0000 4.4000
      vertex 44.6000 19.6000 4.4000
    endloop
  endfacet
  facet normal 0.000000 0.000000 1.000000
    outer loop
      vertex 44.6000 19.6000 2.3200
      vertex 48.6000 15.0000 2.3200
      vertex 49.0000 15.2000 2.3200
    endloop
  endfacet
  facet normal 0.000000 0.000000 -1.000000
    outer loop
      vertex 49.0000 15.2000 4.4000
      vertex 48.8000 15.0000 4.4000
      vertex 48.6000 15.0000 4.4000
    endloop
  endfacet
  facet normal 0.000000 0.000000 1.000000
    outer loop
      vertex 48.6000 15.0000 2.3200
      vertex 48.8000 15.0000 2.3200
      vertex 49.0000 15.2000 2.3200
    endloop
  endfacet
  facet normal -0.000000 0.000000 -1.000000
    outer loop
      vertex 48.6000 15.0000 4.4000
      vertex 48.2000 14.8000 4.4000
      vertex 44.6000 19.6000 4.4000
    endloop
  endfacet
  facet normal 0.000000 0.000000 1.000000
    outer loop
      vertex 44.6000 19.6000 2.3200
      vertex 48.2000 14.8000 2.3200
      vertex 48.6000 15.0000 2.3200
    endloop
  endfacet
  facet normal -0.000000 0.000000 -1.000000
    outer loop
      vertex 48.2000 14.8000 4.4000
      vertex 47.6000 14.6000 4.4000
      vertex 44.6000 19.6000 4.4000
    endloop
  endfacet
  facet normal 0.000000 0.000000 1.000000
    outer loop
      vertex 44.6000 19.6000 2.3200
      vertex 47.6000 14.6000 2.3200
      vertex 48.2000 14.8000 2.3200
    endloop
  endfacet
  facet normal 0.000000 0.000000 -1.000000
    outer loop
      vertex 47.6000 14.6000 4.4000
      vertex 44.2000 19.2000 4.4000
      vertex 44.6000 19.6000 4.4000
    endloop
  endfacet
  facet normal 0.000000 0.000000 1.000000
    outer loop
      vertex 44.6000 19.6000 2.3200
      vertex 44.2000 19.2000 2.3200
      vertex 47.6000 14.6000 2.3200
    endloop
  endfacet
  facet normal -0.000000 0.000000 -1.000000
    outer loop
      vertex 47.6000 14.6000 4.4000
      vertex 47.0000 14.4000 4.4000
      vertex 44.2000 19.2000 4.4000
    endloop
  endfacet
  facet normal 0.000000 0.000000 1.000000
    outer loop
      vertex 44.2000 19.2000 2.3200
      vertex 47.0000 14.4000 2.3200
      vertex 47.6000 14.6000 2.3200
    endloop
  endfacet
  facet normal 0.000000 0.000000 -1.000000
    outer loop
      vertex 47.6000 14.6000 4.4000
      vertex 47.4000 14.4000 4.4000
      vertex 47.0000 14.4000 4.4000
    endloop
  endfacet
  facet normal 0.000000 0.000000 1.000000
    outer loop
      vertex 47.0000 14.4000 2.3200
      vertex 47.4000 14.4000 2.3200
      vertex 47.6000 14.6000 2.3200
    endloop
  endfacet
  facet normal -0.000000 0.000000 -1.000000
    outer loop
      vertex 47.0000 14.4000 4.4000
      vertex 46.0000 14.2000 4.4000
      vertex 44.2000 19.2000 4.4000
    endloop
  endfacet
  facet normal 0.000000 0.000000 1.000000
    outer loop
      vertex 44.2000 19.2000 2.3200
      vertex 46.0000 14.2000 2.3200
      vertex 47.0000 14.4000 2.3200
    endloop
  endfacet
  facet normal 0.000000 0.000000 -1.000000
    outer loop
      vertex 46.0000 14.2000 4.4000
      vertex 42.8000 14.2000 4.4000
      vertex 44.2000 19.2000 4.4000
    endloop
  endfacet
  facet normal 0.000000 0.000000 1.000000
    outer loop
      vertex 44.2000 19.2000 2.3200
      vertex 42.8000 14.2000 2.3200
      vertex 46.0000 14.2000 2.3200
    endloop
  endfacet
  facet normal 0.000000 0.000000 -1.000000
    outer loop
      vertex 42.8000 14.2000 4.4000
      vertex 41.8000 14.4000 4.4000
      vertex 44.2000 19.2000 4.4000
    endloop
  endfacet
  facet normal 0.000000 0.000000 1.000000
    outer loop
      vertex 44.2000 19.2000 2.3200
      vertex 41.8000 14.4000 2.3200
      vertex 42.8000 14.2000 2.3200
    endloop
  endfacet
  facet normal 0.000000 0.000000 -1.000000
    outer loop
      vertex 41.8000 14.4000 4.4000
      vertex 40.1488 17.9835 4.4000
      vertex 44.2000 19.2000 4.4000
    endloop
  endfacet
  facet normal 0.000000 0.000000 1.000000
    outer loop
      vertex 44.2000 19.2000 2.3200
      vertex 40.1488 17.9835 2.3200
      vertex 41.8000 14.4000 2.3200
    endloop
  endfacet
  facet normal 0.000000 0.000000 -1.000000
    outer loop
      vertex 41.8000 14.4000 4.4000
      vertex 39.9882 16.4133 4.4000
      vertex 40.1488 17.9835 4.4000
    endloop
  endfacet
  facet normal 0.000000 0.000000 1.000000
    outer loop
      vertex 40.1488 17.9835 2.3200
      vertex 39.9882 16.4133 2.3200
      vertex 41.8000 14.4000 2.3200
    endloop
  endfacet
  facet normal 0.000000 0.000000 -1.000000
    outer loop
      vertex 41.8000 14.4000 4.4000
      vertex 41.0000 14.6000 4.4000
      vertex 39.9882 16.4133 4.4000
    endloop
  endfacet
  facet normal 0.000000 0.000000 1.000000
    outer loop
      vertex 39.9882 16.4133 2.3200
      vertex 41.0000 14.6000 2.3200
      vertex 41.8000 14.4000 2.3200
    endloop
  endfacet
  facet normal 0.000000 0.000000 -1.000000
    outer loop
      vertex 41.0000 14.6000 4.4000
      vertex 39.9872 16.4054 4.4000
      vertex 39.9882 16.4133 4.4000
    endloop
  endfacet
  facet normal 0.000000 0.000000 1.000000
    outer loop
      vertex 39.9882 16.4133 2.3200
      vertex 39.9872 16.4054 2.3200
      vertex 41.0000 14.6000 2.3200
    endloop
  endfacet
  facet normal 0.000000 0.000000 -1.000000
    outer loop
      vertex 41.0000 14.6000 4.4000
      vertex 39.9822 16.3831 4.4000
      vertex 39.9872 16.4054 4.4000
    endloop
  endfacet
  facet normal 0.000000 0.000000 1.000000
    outer loop
      vertex 39.9872 16.4054 2.3200
      vertex 39.9822 16.3831 2.3200
      vertex 41.0000 14.6000 2.3200
    endloop
  endfacet
  facet normal 0.000000 0.000000 -1.000000
    outer loop
      vertex 41.0000 14.6000 4.4000
      vertex 40.6000 14.8000 4.4000
      vertex 39.9822 16.3831 4.4000
    endloop
  endfacet
  facet normal 0.000000 0.000000 1.000000
    outer loop
      vertex 39.9822 16.3831 2.3200
      vertex 40.6000 14.8000 2.3200
      vertex 41.0000 14.6000 2.3200
    endloop
  endfacet
  facet normal 0.000000 0.000000 -1.000000
    outer loop
      vertex 41.0000 14.6000 4.4000
      vertex 40.8000 14.6000 4.4000
      vertex 40.6000 14.8000 4.4000
    endloop
  endfacet
  facet normal 0.000000 0.000000 1.000000
    outer loop
      vertex 40.6000 14.8000 2.3200
      vertex 40.8000 14.6000 2.3200
      vertex 41.0000 14.6000 2.3200
    endloop
  endfacet
  facet normal 0.000000 0.000000 -1.000000
    outer loop
      vertex 40.6000 14.8000 4.4000
      vertex 39.9797 16.3755 4.4000
      vertex 39.9822 16.3831 4.4000
    endloop
  endfacet
  facet normal 0.000000 0.000000 1.000000
    outer loop
      vertex 39.9822 16.3831 2.3200
      vertex 39.9797 16.3755 2.3200
      vertex 40.6000 14.8000 2.3200
    endloop
  endfacet
  facet normal 0.000000 0.000000 -1.000000
    outer loop
      vertex 40.6000 14.8000 4.4000
      vertex 40.0000 15.0000 4.4000
      vertex 39.9797 16.3755 4.4000
    endloop
  endfacet
  facet normal 0.000000 0.000000 1.000000
    outer loop
      vertex 39.9797 16.3755 2.3200
      vertex 40.0000 15.0000 2.3200
      vertex 40.6000 14.8000 2.3200
    endloop
  endfacet
  facet normal 0.000000 0.000000 -1.000000
    outer loop
      vertex 40.1488 17.9835 4.4000
      vertex 44.0000 19.4000 4.4000
      vertex 44.2000 19.2000 4.4000
    endloop
  endfacet
  facet normal 0.000000 0.000000 1.000000
    outer loop
      vertex 44.2000 19.2000 2.3200
      vertex 44.0000 19.4000 2.3200
      vertex 40.1488 17.9835 2.3200
    endloop
  endfacet
  facet normal 0.000000 0.000000 -1.000000
    outer loop
      vertex 40.1488 17.9835 4.4000
      vertex 40.1494 17.9903 4.4000
      vertex 44.0000 19.4000 4.4000
    endloop
  endfacet
  facet normal 0.000000 0.000000 1.000000
    outer loop
      vertex 44.0000 19.4000 2.3200
      vertex 40.1494 17.9903 2.3200
      vertex 40.1488 17.9835 2.3200
    endloop
  endfacet
  facet normal 0.000000 0.000000 -1.000000
    outer loop
      vertex 40.1488 18.0165 4.4000
      vertex 44.0000 19.4000 4.4000
      vertex 40.1494 18.0097 4.4000
    endloop
  endfacet
  facet normal 0.000000 -0.000000 1.000000
    outer loop
      vertex 40.1494 18.0097 2.3200
      vertex 44.0000 19.4000 2.3200
      vertex 40.1488 18.0165 2.3200
    endloop
  endfacet
  facet normal 0.000000 0.000000 -1.000000
    outer loop
      vertex 40.1488 18.0165 4.4000
      vertex 43.8000 19.8000 4.4000
      vertex 44.0000 19.4000 4.4000
    endloop
  endfacet
  facet normal 0.000000 0.000000 1.000000
    outer loop
      vertex 44.0000 19.4000 2.3200
      vertex 43.8000 19.8000 2.3200
      vertex 40.1488 18.0165 2.3200
    endloop
  endfacet
  facet normal 0.000000 0.000000 -1.000000
    outer loop
      vertex 40.1488 18.0165 4.4000
      vertex 39.9882 19.5867 4.4000
      vertex 43.8000 19.8000 4.4000
    endloop
  endfacet
  facet normal 0.000000 0.000000 1.000000
    outer loop
      vertex 43.8000 19.8000 2.3200
      vertex 39.9882 19.5867 2.3200
      vertex 40.1488 18.0165 2.3200
    endloop
  endfacet
  facet normal 0.000000 0.000000 -1.000000
    outer loop
      vertex 39.9882 19.5867 4.4000
      vertex 39.9872 19.5946 4.4000
      vertex 43.8000 19.8000 4.4000
    endloop
  endfacet
  facet normal 0.000000 0.000000 1.000000
    outer loop
      vertex 43.8000 19.8000 2.3200
      vertex 39.9872 19.5946 2.3200
      vertex 39.9882 19.5867 2.3200
    endloop
  endfacet
  facet normal 0.000000 0.000000 -1.000000
    outer loop
      vertex 39.9797 19.6245 4.4000
      vertex 43.8000 19.8000 4.4000
      vertex 39.9822 19.6169 4.4000
    endloop
  endfacet
  facet normal 0.000000 -0.000000 1.000000
    outer loop
      vertex 39.9822 19.6169 2.3200
      vertex 43.8000 19.8000 2.3200
      vertex 39.9797 19.6245 2.3200
    endloop
  endfacet
  facet normal 0.000000 0.000000 -1.000000
    outer loop
      vertex 39.9797 19.6245 4.4000
      vertex 39.4988 20.9782 4.4000
      vertex 43.8000 19.8000 4.4000
    endloop
  endfacet
  facet normal 0.000000 0.000000 1.000000
    outer loop
      vertex 43.8000 19.8000 2.3200
      vertex 39.4988 20.9782 2.3200
      vertex 39.9797 19.6245 2.3200
    endloop
  endfacet
  facet normal 0.000000 0.000000 -1.000000
    outer loop
      vertex 39.4988 20.9782 4.4000
      vertex 39.4958 20.9859 4.4000
      vertex 43.8000 19.8000 4.4000
    endloop
  endfacet
  facet normal 0.000000 0.000000 1.000000
    outer loop
      vertex 43.8000 19.8000 2.3200
      vertex 39.4958 20.9859 2.3200
      vertex 39.4988 20.9782 2.3200
    endloop
  endfacet
  facet normal 0.000000 0.000000 -1.000000
    outer loop
      vertex 39.4725 21.0233 4.4000
      vertex 43.8000 19.8000 4.4000
      vertex 39.4777 21.0169 4.4000
    endloop
  endfacet
  facet normal -0.000000 -0.000000 1.000000
    outer loop
      vertex 39.4777 21.0169 2.3200
      vertex 43.8000 19.8000 2.3200
      vertex 39.4725 21.0233 2.3200
    endloop
  endfacet
  facet normal 0.000000 0.000000 -1.000000
    outer loop
      vertex 39.4725 21.0233 4.4000
      vertex 38.6726 21.9477 4.4000
      vertex 43.8000 19.8000 4.4000
    endloop
  endfacet
  facet normal 0.000000 0.000000 1.000000
    outer loop
      vertex 43.8000 19.8000 2.3200
      vertex 38.6726 21.9477 2.3200
      vertex 39.4725 21.0233 2.3200
    endloop
  endfacet
  facet normal 0.000000 0.000000 -1.000000
    outer loop
      vertex 38.6726 21.9477 4.4000
      vertex 38.6671 21.9536 4.4000
      vertex 43.8000 19.8000 4.4000
    endloop
  endfacet
  facet normal 0.000000 0.000000 1.000000
    outer loop
      vertex 43.8000 19.8000 2.3200
      vertex 38.6671 21.9536 2.3200
      vertex 38.6726 21.9477 2.3200
    endloop
  endfacet
  facet normal 0.000000 0.000000 -1.000000
    outer loop
      vertex 38.6671 21.9536 4.4000
      vertex 43.8000 27.0865 4.4000
      vertex 43.8000 19.8000 4.4000
    endloop
  endfacet
  facet normal 0.000000 -0.000000 1.000000
    outer loop
      vertex 43.8000 19.8000 2.3200
      vertex 43.8000 27.0865 2.3200
      vertex 38.6671 21.9536 2.3200
    endloop
  endfacet
  facet normal 0.000000 0.000000 -1.000000
    outer loop
      vertex 44.6000 21.5332 4.4000
      vertex 44.6000 27.8865 4.4000
      vertex 50.0464 33.3329 4.4000
    endloop
  endfacet
  facet normal 0.000000 0.000000 1.000000
    outer loop
      vertex 50.0464 33.3329 2.3200
      vertex 44.6000 27.8865 2.3200
      vertex 44.6000 21.5332 2.3200
    endloop
  endfacet
  facet normal 0.000000 0.000000 -1.000000
    outer loop
      vertex 38.6671 21.9536 4.4000
      vertex 38.6540 21.9655 4.4000
      vertex 43.8000 27.1002 4.4000
    endloop
  endfacet
  facet normal 0.000000 0.000000 1.000000
    outer loop
      vertex 43.8000 27.1002 2.3200
      vertex 38.6540 21.9655 2.3200
      vertex 38.6671 21.9536 2.3200
    endloop
  endfacet
  facet normal 0.000000 0.000000 -1.000000
    outer loop
      vertex 38.6671 21.9536 4.4000
      vertex 43.8000 27.1002 4.4000
      vertex 43.8000 27.0865 4.4000
    endloop
  endfacet
  facet normal 0.000000 -0.000000 1.000000
    outer loop
      vertex 43.8000 27.0865 2.3200
      vertex 43.8000 27.1002 2.3200
      vertex 38.6671 21.9536 2.3200
    endloop
  endfacet
  facet normal 0.000000 0.000000 -1.000000
    outer loop
      vertex 44.6000 27.8865 4.4000
      vertex 44.6000 27.8985 4.4000
      vertex 50.0464 33.3329 4.4000
    endloop
  endfacet
  facet normal 0.000000 0.000000 1.000000
    outer loop
      vertex 50.0464 33.3329 2.3200
      vertex 44.6000 27.8985 2.3200
      vertex 44.6000 27.8865 2.3200
    endloop
  endfacet
  facet normal 0.000000 0.000000 -1.000000
    outer loop
      vertex 38.6540 21.9655 4.4000
      vertex 43.8000 27.1115 4.4000
      vertex 43.8000 27.1002 4.4000
    endloop
  endfacet
  facet normal 0.000000 -0.000000 1.000000
    outer loop
      vertex 43.8000 27.1002 2.3200
      vertex 43.8000 27.1115 2.3200
      vertex 38.6540 21.9655 2.3200
    endloop
  endfacet
  facet normal 0.000000 0.000000 -1.000000
    outer loop
      vertex 44.6000 27.8985 4.4000
      vertex 44.6000 27.9115 4.4000
      vertex 50.0345 33.3460 4.4000
    endloop
  endfacet
  facet normal 0.000000 0.000000 1.000000
    outer loop
      vertex 50.0345 33.3460 2.3200
      vertex 44.6000 27.9115 2.3200
      vertex 44.6000 27.8985 2.3200
    endloop
  endfacet
  facet normal 0.000000 0.000000 -1.000000
    outer loop
      vertex 44.6000 27.8985 4.4000
      vertex 50.0345 33.3460 4.4000
      vertex 50.0464 33.3329 4.4000
    endloop
  endfacet
  facet normal 0.000000 0.000000 1.000000
    outer loop
      vertex 50.0464 33.3329 2.3200
      vertex 50.0345 33.3460 2.3200
      vertex 44.6000 27.8985 2.3200
    endloop
  endfacet
  facet normal 0.000000 -0.000000 -1.000000
    outer loop
      vertex 50.9767 32.5275 4.4000
      vertex 50.9831 32.5223 4.4000
      vertex 44.6000 19.6000 4.4000
    endloop
  endfacet
  facet normal 0.000000 0.000000 1.000000
    outer loop
      vertex 44.6000 19.6000 2.3200
      vertex 50.9831 32.5223 2.3200
      vertex 50.9767 32.5275 2.3200
    endloop
  endfacet
  facet normal -0.000000 0.000000 -1.000000
    outer loop
      vertex 50.9981 32.5123 4.4000
      vertex 44.6000 19.6000 4.4000
      vertex 50.9831 32.5223 4.4000
    endloop
  endfacet
  facet normal 0.000000 0.000000 1.000000
    outer loop
      vertex 50.9831 32.5223 2.3200
      vertex 44.6000 19.6000 2.3200
      vertex 50.9981 32.5123 2.3200
    endloop
  endfacet
  facet normal 0.000000 -0.000000 -1.000000
    outer loop
      vertex 50.9981 32.5123 4.4000
      vertex 51.0141 32.5042 4.4000
      vertex 44.6000 19.6000 4.4000
    endloop
  endfacet
  facet normal 0.000000 0.000000 1.000000
    outer loop
      vertex 44.6000 19.6000 2.3200
      vertex 51.0141 32.5042 2.3200
      vertex 50.9981 32.5123 2.3200
    endloop
  endfacet
  facet normal 0.000000 0.000000 -1.000000
    outer loop
      vertex 44.0000 19.4000 4.4000
      vertex 43.8000 19.8000 4.4000
      vertex 44.0000 19.6000 4.4000
    endloop
  endfacet
  facet normal 0.000000 0.000000 1.000000
    outer loop
      vertex 44.0000 19.6000 2.3200
      vertex 43.8000 19.8000 2.3200
      vertex 44.0000 19.4000 2.3200
    endloop
  endfacet
  facet normal 0.000000 0.000000 -1.000000
    outer loop
      vertex 43.8000 19.8000 4.4000
      vertex 39.4877 21.0019 4.4000
      vertex 39.4777 21.0169 4.4000
    endloop
  endfacet
  facet normal 0.000000 0.000000 1.000000
    outer loop
      vertex 39.4777 21.0169 2.3200
      vertex 39.4877 21.0019 2.3200
      vertex 43.8000 19.8000 2.3200
    endloop
  endfacet
  facet normal 0.000000 0.000000 -1.000000
    outer loop
      vertex 43.8000 19.8000 4.4000
      vertex 39.4958 20.9859 4.4000
      vertex 39.4877 21.0019 4.4000
    endloop
  endfacet
  facet normal 0.000000 0.000000 1.000000
    outer loop
      vertex 39.4877 21.0019 2.3200
      vertex 39.4958 20.9859 2.3200
      vertex 43.8000 19.8000 2.3200
    endloop
  endfacet
  facet normal 0.000000 0.000000 -1.000000
    outer loop
      vertex 43.8000 19.8000 4.4000
      vertex 39.9872 19.5946 4.4000
      vertex 39.9822 19.6169 4.4000
    endloop
  endfacet
  facet normal -0.000000 0.000000 1.000000
    outer loop
      vertex 39.9822 19.6169 2.3200
      vertex 39.9872 19.5946 2.3200
      vertex 43.8000 19.8000 2.3200
    endloop
  endfacet
  facet normal 0.000000 0.000000 -1.000000
    outer loop
      vertex 44.0000 19.4000 4.4000
      vertex 40.1494 17.9903 4.4000
      vertex 40.1494 18.0097 4.4000
    endloop
  endfacet
  facet normal -0.000000 0.000000 1.000000
    outer loop
      vertex 40.1494 18.0097 2.3200
      vertex 40.1494 17.9903 2.3200
      vertex 44.0000 19.4000 2.3200
    endloop
  endfacet
  facet normal 0.000000 0.000000 -1.000000
    outer loop
      vertex 44.6000 19.6000 4.4000
      vertex 51.2000 17.4000 4.4000
      vertex 50.6000 16.6000 4.4000
    endloop
  endfacet
  facet normal 0.000000 -0.000000 1.000000
    outer loop
      vertex 50.6000 16.6000 2.3200
      vertex 51.2000 17.4000 2.3200
      vertex 44.6000 19.6000 2.3200
    endloop
  endfacet
  facet normal 0.000000 0.000000 -1.000000
    outer loop
      vertex 44.6000 19.6000 4.4000
      vertex 51.4000 17.8000 4.4000
      vertex 51.2000 17.4000 4.4000
    endloop
  endfacet
  facet normal 0.000000 -0.000000 1.000000
    outer loop
      vertex 51.2000 17.4000 2.3200
      vertex 51.4000 17.8000 2.3200
      vertex 44.6000 19.6000 2.3200
    endloop
  endfacet
  facet normal 0.000000 0.000000 -1.000000
    outer loop
      vertex 44.6000 19.6000 4.4000
      vertex 51.8000 19.2000 4.4000
      vertex 51.4000 17.8000 4.4000
    endloop
  endfacet
  facet normal 0.000000 -0.000000 1.000000
    outer loop
      vertex 51.4000 17.8000 2.3200
      vertex 51.8000 19.2000 2.3200
      vertex 44.6000 19.6000 2.3200
    endloop
  endfacet
  facet normal 0.000000 0.000000 -1.000000
    outer loop
      vertex 51.8000 19.2000 4.4000
      vertex 51.6000 18.2000 4.4000
      vertex 51.4000 17.8000 4.4000
    endloop
  endfacet
  facet normal 0.000000 0.000000 1.000000
    outer loop
      vertex 51.4000 17.8000 2.3200
      vertex 51.6000 18.2000 2.3200
      vertex 51.8000 19.2000 2.3200
    endloop
  endfacet
  facet normal 0.000000 -0.000000 -1.000000
    outer loop
      vertex 51.4000 17.8000 4.4000
      vertex 51.4000 17.6000 4.4000
      vertex 51.2000 17.4000 4.4000
    endloop
  endfacet
  facet normal 0.000000 0.000000 1.000000
    outer loop
      vertex 51.2000 17.4000 2.3200
      vertex 51.4000 17.6000 2.3200
      vertex 51.4000 17.8000 2.3200
    endloop
  endfacet
  facet normal 0.000000 0.000000 -1.000000
    outer loop
      vertex 50.6664 37.0370 4.4000
      vertex 50.6898 37.2836 4.4000
      vertex 50.6839 37.0970 4.4000
    endloop
  endfacet
  facet normal 0.000000 -0.000000 1.000000
    outer loop
      vertex 50.6839 37.0970 2.3200
      vertex 50.6898 37.2836 2.3200
      vertex 50.6664 37.0370 2.3200
    endloop
  endfacet
  facet normal 0.000000 -0.000000 -1.000000
    outer loop
      vertex 50.6898 37.2836 4.4000
      vertex 50.6956 37.2214 4.4000
      vertex 50.6839 37.0970 4.4000
    endloop
  endfacet
  facet normal 0.000000 0.000000 1.000000
    outer loop
      vertex 50.6839 37.0970 2.3200
      vertex 50.6956 37.2214 2.3200
      vertex 50.6898 37.2836 2.3200
    endloop
  endfacet
  facet normal 0.000000 0.000000 -1.000000
    outer loop
      vertex 50.6956 37.2214 4.4000
      vertex 50.6936 37.1588 4.4000
      vertex 50.6839 37.0970 4.4000
    endloop
  endfacet
  facet normal 0.000000 0.000000 1.000000
    outer loop
      vertex 50.6839 37.0970 2.3200
      vertex 50.6936 37.1588 2.3200
      vertex 50.6956 37.2214 2.3200
    endloop
  endfacet
  facet normal 0.279735 -0.960077 0.000000
    outer loop
      vertex 36.4000 36.0124 2.3200
      vertex 36.5247 36.0487 2.3200
      vertex 36.5247 36.0487 4.4000
    endloop
  endfacet
  facet normal 0.279735 -0.960077 0.000000
    outer loop
      vertex 36.4000 36.0124 2.3200
      vertex 36.5247 36.0487 4.4000
      vertex 36.4000 36.0124 4.4000
    endloop
  endfacet
  facet normal 0.273562 -0.961854 0.000000
    outer loop
      vertex 36.5247 36.0487 2.3200
      vertex 36.5309 36.0505 2.3200
      vertex 36.5309 36.0505 4.4000
    endloop
  endfacet
  facet normal 0.273562 -0.961854 0.000000
    outer loop
      vertex 36.5247 36.0487 2.3200
      vertex 36.5309 36.0505 4.4000
      vertex 36.5247 36.0487 4.4000
    endloop
  endfacet
  facet normal 0.267377 -0.963592 0.000000
    outer loop
      vertex 36.5309 36.0505 2.3200
      vertex 37.8646 36.4206 2.3200
      vertex 37.8646 36.4206 4.4000
    endloop
  endfacet
  facet normal 0.267377 -0.963592 0.000000
    outer loop
      vertex 36.5309 36.0505 2.3200
      vertex 37.8646 36.4206 4.4000
      vertex 36.5309 36.0505 4.4000
    endloop
  endfacet
  facet normal 0.258544 -0.966000 0.000000
    outer loop
      vertex 37.8646 36.4206 2.3200
      vertex 37.8735 36.4229 2.3200
      vertex 37.8735 36.4229 4.4000
    endloop
  endfacet
  facet normal 0.258544 -0.966000 0.000000
    outer loop
      vertex 37.8646 36.4206 2.3200
      vertex 37.8735 36.4229 4.4000
      vertex 37.8646 36.4206 4.4000
    endloop
  endfacet
  facet normal 0.249689 -0.968326 0.000000
    outer loop
      vertex 37.8735 36.4229 2.3200
      vertex 39.8084 36.9219 2.3200
      vertex 39.8084 36.9219 4.4000
    endloop
  endfacet
  facet normal 0.249689 -0.968326 0.000000
    outer loop
      vertex 37.8735 36.4229 2.3200
      vertex 39.8084 36.9219 4.4000
      vertex 37.8735 36.4229 4.4000
    endloop
  endfacet
  facet normal 0.237376 -0.971418 0.000000
    outer loop
      vertex 39.8084 36.9219 2.3200
      vertex 39.8207 36.9249 2.3200
      vertex 39.8207 36.9249 4.4000
    endloop
  endfacet
  facet normal 0.237376 -0.971418 0.000000
    outer loop
      vertex 39.8084 36.9219 2.3200
      vertex 39.8207 36.9249 4.4000
      vertex 39.8084 36.9219 4.4000
    endloop
  endfacet
  facet normal 0.225026 -0.974353 0.000000
    outer loop
      vertex 39.8207 36.9249 2.3200
      vertex 42.1173 37.4553 2.3200
      vertex 42.1173 37.4553 4.4000
    endloop
  endfacet
  facet normal 0.225026 -0.974353 0.000000
    outer loop
      vertex 39.8207 36.9249 2.3200
      vertex 42.1173 37.4553 4.4000
      vertex 39.8207 36.9249 4.4000
    endloop
  endfacet
  facet normal 0.206918 -0.978358 0.000000
    outer loop
      vertex 42.1173 37.4553 2.3200
      vertex 42.1354 37.4591 2.3200
      vertex 42.1354 37.4591 4.4000
    endloop
  endfacet
  facet normal 0.206918 -0.978358 0.000000
    outer loop
      vertex 42.1173 37.4553 2.3200
      vertex 42.1354 37.4591 4.4000
      vertex 42.1173 37.4553 4.4000
    endloop
  endfacet
  facet normal 0.188740 -0.982027 0.000000
    outer loop
      vertex 42.1354 37.4591 2.3200
      vertex 43.8000 37.7790 2.3200
      vertex 43.8000 37.7790 4.4000
    endloop
  endfacet
  facet normal 0.188740 -0.982027 0.000000
    outer loop
      vertex 42.1354 37.4591 2.3200
      vertex 43.8000 37.7790 4.4000
      vertex 42.1354 37.4591 4.4000
    endloop
  endfacet
  facet normal -1.000000 0.000000 0.000000
    outer loop
      vertex 43.8000 37.7790 2.3200
      vertex 43.8000 19.8000 2.3200
      vertex 43.8000 19.8000 4.4000
    endloop
  endfacet
  facet normal -1.000000 0.000000 0.000000
    outer loop
      vertex 43.8000 37.7790 2.3200
      vertex 43.8000 19.8000 4.4000
      vertex 43.8000 37.7790 4.4000
    endloop
  endfacet
  facet normal -0.707107 -0.707107 0.000000
    outer loop
      vertex 43.8000 19.8000 2.3200
      vertex 44.0000 19.6000 2.3200
      vertex 44.0000 19.6000 4.4000
    endloop
  endfacet
  facet normal -0.707107 -0.707107 0.000000
    outer loop
      vertex 43.8000 19.8000 2.3200
      vertex 44.0000 19.6000 4.4000
      vertex 43.8000 19.8000 4.4000
    endloop
  endfacet
  facet normal -1.000000 0.000000 0.000000
    outer loop
      vertex 44.0000 19.6000 2.3200
      vertex 44.0000 19.4000 2.3200
      vertex 44.0000 19.4000 4.4000
    endloop
  endfacet
  facet normal -1.000000 0.000000 0.000000
    outer loop
      vertex 44.0000 19.6000 2.3200
      vertex 44.0000 19.4000 4.4000
      vertex 44.0000 19.6000 4.4000
    endloop
  endfacet
  facet normal -0.707107 -0.707107 0.000000
    outer loop
      vertex 44.0000 19.4000 2.3200
      vertex 44.2000 19.2000 2.3200
      vertex 44.2000 19.2000 4.4000
    endloop
  endfacet
  facet normal -0.707107 -0.707107 0.000000
    outer loop
      vertex 44.0000 19.4000 2.3200
      vertex 44.2000 19.2000 4.4000
      vertex 44.0000 19.4000 4.4000
    endloop
  endfacet
  facet normal 0.707107 -0.707107 0.000000
    outer loop
      vertex 44.2000 19.2000 2.3200
      vertex 44.6000 19.6000 2.3200
      vertex 44.6000 19.6000 4.4000
    endloop
  endfacet
  facet normal 0.707107 -0.707107 0.000000
    outer loop
      vertex 44.2000 19.2000 2.3200
      vertex 44.6000 19.6000 4.4000
      vertex 44.2000 19.2000 4.4000
    endloop
  endfacet
  facet normal 1.000000 0.000000 0.000000
    outer loop
      vertex 44.6000 19.6000 2.3200
      vertex 44.6000 37.9307 2.3200
      vertex 44.6000 37.9307 4.4000
    endloop
  endfacet
  facet normal 1.000000 0.000000 0.000000
    outer loop
      vertex 44.6000 19.6000 2.3200
      vertex 44.6000 37.9307 4.4000
      vertex 44.6000 19.6000 4.4000
    endloop
  endfacet
  facet normal 0.130613 -0.991433 0.000000
    outer loop
      vertex 44.6000 37.9307 2.3200
      vertex 46.8677 38.2295 2.3200
      vertex 46.8677 38.2295 4.4000
    endloop
  endfacet
  facet normal 0.130613 -0.991433 0.000000
    outer loop
      vertex 44.6000 37.9307 2.3200
      vertex 46.8677 38.2295 4.4000
      vertex 44.6000 37.9307 4.4000
    endloop
  endfacet
  facet normal 0.077619 -0.996983 0.000000
    outer loop
      vertex 46.8677 38.2295 2.3200
      vertex 46.9208 38.2336 2.3200
      vertex 46.9208 38.2336 4.4000
    endloop
  endfacet
  facet normal 0.077619 -0.996983 0.000000
    outer loop
      vertex 46.8677 38.2295 2.3200
      vertex 46.9208 38.2336 4.4000
      vertex 46.8677 38.2295 4.4000
    endloop
  endfacet
  facet normal 0.024405 -0.999702 0.000000
    outer loop
      vertex 46.9208 38.2336 2.3200
      vertex 48.8074 38.2797 2.3200
      vertex 48.8074 38.2797 4.4000
    endloop
  endfacet
  facet normal 0.024405 -0.999702 0.000000
    outer loop
      vertex 46.9208 38.2336 2.3200
      vertex 48.8074 38.2797 4.4000
      vertex 46.9208 38.2336 4.4000
    endloop
  endfacet
  facet normal -0.035507 -0.999369 0.000000
    outer loop
      vertex 48.8074 38.2797 2.3200
      vertex 48.8673 38.2775 2.3200
      vertex 48.8673 38.2775 4.4000
    endloop
  endfacet
  facet normal -0.035507 -0.999369 0.000000
    outer loop
      vertex 48.8074 38.2797 2.3200
      vertex 48.8673 38.2775 4.4000
      vertex 48.8074 38.2797 4.4000
    endloop
  endfacet
  facet normal -0.154735 -0.987956 0.000000
    outer loop
      vertex 48.8673 38.2775 2.3200
      vertex 48.9264 38.2683 2.3200
      vertex 48.9264 38.2683 4.4000
    endloop
  endfacet
  facet normal -0.154735 -0.987956 0.000000
    outer loop
      vertex 48.8673 38.2775 2.3200
      vertex 48.9264 38.2683 4.4000
      vertex 48.8673 38.2775 4.4000
    endloop
  endfacet
  facet normal -0.213622 -0.976916 0.000000
    outer loop
      vertex 48.9264 38.2683 2.3200
      vertex 50.0498 38.0226 2.3200
      vertex 50.0498 38.0226 4.4000
    endloop
  endfacet
  facet normal -0.213622 -0.976916 0.000000
    outer loop
      vertex 48.9264 38.2683 2.3200
      vertex 50.0498 38.0226 4.4000
      vertex 48.9264 38.2683 4.4000
    endloop
  endfacet
  facet normal -0.281323 -0.959613 0.000000
    outer loop
      vertex 50.0498 38.0226 2.3200
      vertex 50.1169 38.0030 2.3200
      vertex 50.1169 38.0030 4.4000
    endloop
  endfacet
  facet normal -0.281323 -0.959613 0.000000
    outer loop
      vertex 50.0498 38.0226 2.3200
      vertex 50.1169 38.0030 4.4000
      vertex 50.0498 38.0226 4.4000
    endloop
  endfacet
  facet normal -0.412278 -0.911058 0.000000
    outer loop
      vertex 50.1169 38.0030 2.3200
      vertex 50.1805 37.9742 2.3200
      vertex 50.1805 37.9742 4.4000
    endloop
  endfacet
  facet normal -0.412278 -0.911058 0.000000
    outer loop
      vertex 50.1169 38.0030 2.3200
      vertex 50.1805 37.9742 4.4000
      vertex 50.1169 38.0030 4.4000
    endloop
  endfacet
  facet normal -0.535191 -0.844731 0.000000
    outer loop
      vertex 50.1805 37.9742 2.3200
      vertex 50.2395 37.9368 2.3200
      vertex 50.2395 37.9368 4.4000
    endloop
  endfacet
  facet normal -0.535191 -0.844731 0.000000
    outer loop
      vertex 50.1805 37.9742 2.3200
      vertex 50.2395 37.9368 4.4000
      vertex 50.1805 37.9742 4.4000
    endloop
  endfacet
  facet normal -0.647665 -0.761925 0.000000
    outer loop
      vertex 50.2395 37.9368 2.3200
      vertex 50.2927 37.8916 2.3200
      vertex 50.2927 37.8916 4.4000
    endloop
  endfacet
  facet normal -0.647665 -0.761925 0.000000
    outer loop
      vertex 50.2395 37.9368 2.3200
      vertex 50.2927 37.8916 4.4000
      vertex 50.2395 37.9368 4.4000
    endloop
  endfacet
  facet normal -0.747504 -0.664257 0.000000
    outer loop
      vertex 50.2927 37.8916 2.3200
      vertex 50.3391 37.8394 2.3200
      vertex 50.3391 37.8394 4.4000
    endloop
  endfacet
  facet normal -0.747504 -0.664257 0.000000
    outer loop
      vertex 50.2927 37.8916 2.3200
      vertex 50.3391 37.8394 4.4000
      vertex 50.2927 37.8916 4.4000
    endloop
  endfacet
  facet normal -0.792067 -0.610434 0.000000
    outer loop
      vertex 50.3391 37.8394 2.3200
      vertex 50.5919 37.5113 2.3200
      vertex 50.5919 37.5113 4.4000
    endloop
  endfacet
  facet normal -0.792067 -0.610434 0.000000
    outer loop
      vertex 50.3391 37.8394 2.3200
      vertex 50.5919 37.5113 4.4000
      vertex 50.3391 37.8394 4.4000
    endloop
  endfacet
  facet normal -0.828705 -0.559686 0.000000
    outer loop
      vertex 50.5919 37.5113 2.3200
      vertex 50.6269 37.4594 2.3200
      vertex 50.6269 37.4594 4.4000
    endloop
  endfacet
  facet normal -0.828705 -0.559686 0.000000
    outer loop
      vertex 50.5919 37.5113 2.3200
      vertex 50.6269 37.4594 4.4000
      vertex 50.5919 37.5113 4.4000
    endloop
  endfacet
  facet normal -0.892110 -0.451819 0.000000
    outer loop
      vertex 50.6269 37.4594 2.3200
      vertex 50.6552 37.4036 2.3200
      vertex 50.6552 37.4036 4.4000
    endloop
  endfacet
  facet normal -0.892110 -0.451819 0.000000
    outer loop
      vertex 50.6269 37.4594 2.3200
      vertex 50.6552 37.4036 4.4000
      vertex 50.6269 37.4594 4.4000
    endloop
  endfacet
  facet normal -0.941548 -0.336878 0.000000
    outer loop
      vertex 50.6552 37.4036 2.3200
      vertex 50.6763 37.3447 2.3200
      vertex 50.6763 37.3447 4.4000
    endloop
  endfacet
  facet normal -0.941548 -0.336878 0.000000
    outer loop
      vertex 50.6552 37.4036 2.3200
      vertex 50.6763 37.3447 4.4000
      vertex 50.6552 37.4036 4.4000
    endloop
  endfacet
  facet normal -0.976246 -0.216664 0.000000
    outer loop
      vertex 50.6763 37.3447 2.3200
      vertex 50.6898 37.2836 2.3200
      vertex 50.6898 37.2836 4.4000
    endloop
  endfacet
  facet normal -0.976246 -0.216664 0.000000
    outer loop
      vertex 50.6763 37.3447 2.3200
      vertex 50.6898 37.2836 4.4000
      vertex 50.6763 37.3447 4.4000
    endloop
  endfacet
  facet normal -0.995661 -0.093057 0.000000
    outer loop
      vertex 50.6898 37.2836 2.3200
      vertex 50.6956 37.2214 2.3200
      vertex 50.6956 37.2214 4.4000
    endloop
  endfacet
  facet normal -0.995661 -0.093057 0.000000
    outer loop
      vertex 50.6898 37.2836 2.3200
      vertex 50.6956 37.2214 4.4000
      vertex 50.6898 37.2836 4.4000
    endloop
  endfacet
  facet normal -0.999488 0.032006 0.000000
    outer loop
      vertex 50.6956 37.2214 2.3200
      vertex 50.6936 37.1588 2.3200
      vertex 50.6936 37.1588 4.4000
    endloop
  endfacet
  facet normal -0.999488 0.032006 0.000000
    outer loop
      vertex 50.6956 37.2214 2.3200
      vertex 50.6936 37.1588 4.4000
      vertex 50.6956 37.2214 4.4000
    endloop
  endfacet
  facet normal -0.987667 0.156569 0.000000
    outer loop
      vertex 50.6936 37.1588 2.3200
      vertex 50.6839 37.0970 2.3200
      vertex 50.6839 37.0970 4.4000
    endloop
  endfacet
  facet normal -0.987667 0.156569 0.000000
    outer loop
      vertex 50.6936 37.1588 2.3200
      vertex 50.6839 37.0970 4.4000
      vertex 50.6936 37.1588 4.4000
    endloop
  endfacet
  facet normal -0.960384 0.278680 0.000000
    outer loop
      vertex 50.6839 37.0970 2.3200
      vertex 50.6664 37.0370 2.3200
      vertex 50.6664 37.0370 4.4000
    endloop
  endfacet
  facet normal -0.960384 0.278680 0.000000
    outer loop
      vertex 50.6839 37.0970 2.3200
      vertex 50.6664 37.0370 4.4000
      vertex 50.6839 37.0970 4.4000
    endloop
  endfacet
  facet normal -0.941068 0.338217 0.000000
    outer loop
      vertex 50.6664 37.0370 2.3200
      vertex 50.3091 36.0426 2.3200
      vertex 50.3091 36.0426 4.4000
    endloop
  endfacet
  facet normal -0.941068 0.338217 0.000000
    outer loop
      vertex 50.6664 37.0370 2.3200
      vertex 50.3091 36.0426 4.4000
      vertex 50.6664 37.0370 4.4000
    endloop
  endfacet
  facet normal -0.935674 0.352865 0.000000
    outer loop
      vertex 50.3091 36.0426 2.3200
      vertex 50.3036 36.0280 2.3200
      vertex 50.3036 36.0280 4.4000
    endloop
  endfacet
  facet normal -0.935674 0.352865 0.000000
    outer loop
      vertex 50.3091 36.0426 2.3200
      vertex 50.3036 36.0280 4.4000
      vertex 50.3091 36.0426 4.4000
    endloop
  endfacet
  facet normal -0.930052 0.367428 0.000000
    outer loop
      vertex 50.3036 36.0280 2.3200
      vertex 49.7339 34.5860 2.3200
      vertex 49.7339 34.5860 4.4000
    endloop
  endfacet
  facet normal -0.930052 0.367428 0.000000
    outer loop
      vertex 50.3036 36.0280 2.3200
      vertex 49.7339 34.5860 4.4000
      vertex 50.3036 36.0280 4.4000
    endloop
  endfacet
  facet normal -0.941077 0.338191 0.000000
    outer loop
      vertex 49.7339 34.5860 2.3200
      vertex 49.7311 34.5782 2.3200
      vertex 49.7311 34.5782 4.4000
    endloop
  endfacet
  facet normal -0.941077 0.338191 0.000000
    outer loop
      vertex 49.7339 34.5860 2.3200
      vertex 49.7311 34.5782 4.4000
      vertex 49.7339 34.5860 4.4000
    endloop
  endfacet
  facet normal -0.968602 0.248616 0.000000
    outer loop
      vertex 49.7311 34.5782 2.3200
      vertex 49.7265 34.5606 2.3200
      vertex 49.7265 34.5606 4.4000
    endloop
  endfacet
  facet normal -0.968602 0.248616 0.000000
    outer loop
      vertex 49.7311 34.5782 2.3200
      vertex 49.7265 34.5606 4.4000
      vertex 49.7311 34.5782 4.4000
    endloop
  endfacet
  facet normal -0.992040 0.125926 0.000000
    outer loop
      vertex 49.7265 34.5606 2.3200
      vertex 49.7250 34.5483 2.3200
      vertex 49.7250 34.5483 4.4000
    endloop
  endfacet
  facet normal -0.992040 0.125926 0.000000
    outer loop
      vertex 49.7265 34.5606 2.3200
      vertex 49.7250 34.5483 4.4000
      vertex 49.7265 34.5606 4.4000
    endloop
  endfacet
  facet normal -0.999999 0.001271 0.000000
    outer loop
      vertex 49.7250 34.5483 2.3200
      vertex 49.7250 34.5359 2.3200
      vertex 49.7250 34.5359 4.4000
    endloop
  endfacet
  facet normal -0.999999 0.001271 0.000000
    outer loop
      vertex 49.7250 34.5483 2.3200
      vertex 49.7250 34.5359 4.4000
      vertex 49.7250 34.5483 4.4000
    endloop
  endfacet
  facet normal -0.992356 -0.123404 0.000000
    outer loop
      vertex 49.7250 34.5359 2.3200
      vertex 49.7272 34.5179 2.3200
      vertex 49.7272 34.5179 4.4000
    endloop
  endfacet
  facet normal -0.992356 -0.123404 0.000000
    outer loop
      vertex 49.7250 34.5359 2.3200
      vertex 49.7272 34.5179 4.4000
      vertex 49.7250 34.5359 4.4000
    endloop
  endfacet
  facet normal -0.976448 -0.215752 0.000000
    outer loop
      vertex 49.7272 34.5179 2.3200
      vertex 49.7290 34.5098 2.3200
      vertex 49.7290 34.5098 4.4000
    endloop
  endfacet
  facet normal -0.976448 -0.215752 0.000000
    outer loop
      vertex 49.7272 34.5179 2.3200
      vertex 49.7290 34.5098 4.4000
      vertex 49.7272 34.5179 4.4000
    endloop
  endfacet
  facet normal -0.969231 -0.246154 0.000000
    outer loop
      vertex 49.7290 34.5098 2.3200
      vertex 50.0132 33.3908 2.3200
      vertex 50.0132 33.3908 4.4000
    endloop
  endfacet
  facet normal -0.969231 -0.246154 0.000000
    outer loop
      vertex 49.7290 34.5098 2.3200
      vertex 50.0132 33.3908 4.4000
      vertex 49.7290 34.5098 4.4000
    endloop
  endfacet
  facet normal -0.961291 -0.275535 0.000000
    outer loop
      vertex 50.0132 33.3908 2.3200
      vertex 50.0154 33.3830 2.3200
      vertex 50.0154 33.3830 4.4000
    endloop
  endfacet
  facet normal -0.961291 -0.275535 0.000000
    outer loop
      vertex 50.0132 33.3908 2.3200
      vertex 50.0154 33.3830 4.4000
      vertex 50.0132 33.3908 4.4000
    endloop
  endfacet
  facet normal -0.932162 -0.362040 0.000000
    outer loop
      vertex 50.0154 33.3830 2.3200
      vertex 50.0218 33.3665 2.3200
      vertex 50.0218 33.3665 4.4000
    endloop
  endfacet
  facet normal -0.932162 -0.362040 0.000000
    outer loop
      vertex 50.0154 33.3830 2.3200
      vertex 50.0218 33.3665 4.4000
      vertex 50.0154 33.3830 4.4000
    endloop
  endfacet
  facet normal -0.881295 -0.472567 0.000000
    outer loop
      vertex 50.0218 33.3665 2.3200
      vertex 50.0275 33.3559 2.3200
      vertex 50.0275 33.3559 4.4000
    endloop
  endfacet
  facet normal -0.881295 -0.472567 0.000000
    outer loop
      vertex 50.0218 33.3665 2.3200
      vertex 50.0275 33.3559 4.4000
      vertex 50.0218 33.3665 4.4000
    endloop
  endfacet
  facet normal -0.817381 -0.576098 0.000000
    outer loop
      vertex 50.0275 33.3559 2.3200
      vertex 50.0345 33.3460 2.3200
      vertex 50.0345 33.3460 4.4000
    endloop
  endfacet
  facet normal -0.817381 -0.576098 0.000000
    outer loop
      vertex 50.0275 33.3559 2.3200
      vertex 50.0345 33.3460 4.4000
      vertex 50.0275 33.3559 4.4000
    endloop
  endfacet
  facet normal -0.741366 -0.671101 0.000000
    outer loop
      vertex 50.0345 33.3460 2.3200
      vertex 50.0464 33.3329 2.3200
      vertex 50.0464 33.3329 4.4000
    endloop
  endfacet
  facet normal -0.741366 -0.671101 0.000000
    outer loop
      vertex 50.0345 33.3460 2.3200
      vertex 50.0464 33.3329 4.4000
      vertex 50.0345 33.3460 4.4000
    endloop
  endfacet
  facet normal -0.677085 -0.735905 0.000000
    outer loop
      vertex 50.0464 33.3329 2.3200
      vertex 50.0523 33.3274 2.3200
      vertex 50.0523 33.3274 4.4000
    endloop
  endfacet
  facet normal -0.677085 -0.735905 0.000000
    outer loop
      vertex 50.0464 33.3329 2.3200
      vertex 50.0523 33.3274 4.4000
      vertex 50.0464 33.3329 4.4000
    endloop
  endfacet
  facet normal -0.654377 -0.756169 0.000000
    outer loop
      vertex 50.0523 33.3274 2.3200
      vertex 50.9767 32.5275 2.3200
      vertex 50.9767 32.5275 4.4000
    endloop
  endfacet
  facet normal -0.654377 -0.756169 0.000000
    outer loop
      vertex 50.0523 33.3274 2.3200
      vertex 50.9767 32.5275 4.4000
      vertex 50.0523 33.3274 4.4000
    endloop
  endfacet
  facet normal -0.630625 -0.776088 0.000000
    outer loop
      vertex 50.9767 32.5275 2.3200
      vertex 50.9831 32.5223 2.3200
      vertex 50.9831 32.5223 4.4000
    endloop
  endfacet
  facet normal -0.630625 -0.776088 0.000000
    outer loop
      vertex 50.9767 32.5275 2.3200
      vertex 50.9831 32.5223 4.4000
      vertex 50.9767 32.5275 4.4000
    endloop
  endfacet
  facet normal -0.555827 -0.831298 0.000000
    outer loop
      vertex 50.9831 32.5223 2.3200
      vertex 50.9981 32.5123 2.3200
      vertex 50.9981 32.5123 4.4000
    endloop
  endfacet
  facet normal -0.555827 -0.831298 0.000000
    outer loop
      vertex 50.9831 32.5223 2.3200
      vertex 50.9981 32.5123 4.4000
      vertex 50.9831 32.5223 4.4000
    endloop
  endfacet
  facet normal -0.448742 -0.893662 0.000000
    outer loop
      vertex 50.9981 32.5123 2.3200
      vertex 51.0141 32.5042 2.3200
      vertex 51.0141 32.5042 4.4000
    endloop
  endfacet
  facet normal -0.448742 -0.893662 0.000000
    outer loop
      vertex 50.9981 32.5123 2.3200
      vertex 51.0141 32.5042 4.4000
      vertex 50.9981 32.5123 4.4000
    endloop
  endfacet
  facet normal -0.363811 -0.931473 0.000000
    outer loop
      vertex 51.0141 32.5042 2.3200
      vertex 51.0218 32.5012 2.3200
      vertex 51.0218 32.5012 4.4000
    endloop
  endfacet
  facet normal -0.363811 -0.931473 0.000000
    outer loop
      vertex 51.0141 32.5042 2.3200
      vertex 51.0218 32.5012 4.4000
      vertex 51.0141 32.5042 4.4000
    endloop
  endfacet
  facet normal -0.334765 -0.942302 0.000000
    outer loop
      vertex 51.0218 32.5012 2.3200
      vertex 52.0000 32.1537 2.3200
      vertex 52.0000 32.1537 4.4000
    endloop
  endfacet
  facet normal -0.334765 -0.942302 0.000000
    outer loop
      vertex 51.0218 32.5012 2.3200
      vertex 52.0000 32.1537 4.4000
      vertex 51.0218 32.5012 4.4000
    endloop
  endfacet
  facet normal -1.000000 0.000000 0.000000
    outer loop
      vertex 52.0000 32.1537 2.3200
      vertex 52.0000 19.4000 2.3200
      vertex 52.0000 19.4000 4.4000
    endloop
  endfacet
  facet normal -1.000000 0.000000 0.000000
    outer loop
      vertex 52.0000 32.1537 2.3200
      vertex 52.0000 19.4000 4.4000
      vertex 52.0000 32.1537 4.4000
    endloop
  endfacet
  facet normal -0.707107 0.707107 0.000000
    outer loop
      vertex 52.0000 19.4000 2.3200
      vertex 51.8000 19.2000 2.3200
      vertex 51.8000 19.2000 4.4000
    endloop
  endfacet
  facet normal -0.707107 0.707107 0.000000
    outer loop
      vertex 52.0000 19.4000 2.3200
      vertex 51.8000 19.2000 4.4000
      vertex 52.0000 19.4000 4.4000
    endloop
  endfacet
  facet normal -1.000000 0.000000 0.000000
    outer loop
      vertex 51.8000 19.2000 2.3200
      vertex 51.8000 18.4000 2.3200
      vertex 51.8000 18.4000 4.4000
    endloop
  endfacet
  facet normal -1.000000 0.000000 0.000000
    outer loop
      vertex 51.8000 19.2000 2.3200
      vertex 51.8000 18.4000 4.4000
      vertex 51.8000 19.2000 4.4000
    endloop
  endfacet
  facet normal -0.707107 0.707107 0.000000
    outer loop
      vertex 51.8000 18.4000 2.3200
      vertex 51.6000 18.2000 2.3200
      vertex 51.6000 18.2000 4.4000
    endloop
  endfacet
  facet normal -0.707107 0.707107 0.000000
    outer loop
      vertex 51.8000 18.4000 2.3200
      vertex 51.6000 18.2000 4.4000
      vertex 51.8000 18.4000 4.4000
    endloop
  endfacet
  facet normal -1.000000 0.000000 0.000000
    outer loop
      vertex 51.6000 18.2000 2.3200
      vertex 51.6000 18.0000 2.3200
      vertex 51.6000 18.0000 4.4000
    endloop
  endfacet
  facet normal -1.000000 0.000000 0.000000
    outer loop
      vertex 51.6000 18.2000 2.3200
      vertex 51.6000 18.0000 4.4000
      vertex 51.6000 18.2000 4.4000
    endloop
  endfacet
  facet normal -0.707107 0.707107 0.000000
    outer loop
      vertex 51.6000 18.0000 2.3200
      vertex 51.4000 17.8000 2.3200
      vertex 51.4000 17.8000 4.4000
    endloop
  endfacet
  facet normal -0.707107 0.707107 0.000000
    outer loop
      vertex 51.6000 18.0000 2.3200
      vertex 51.4000 17.8000 4.4000
      vertex 51.6000 18.0000 4.4000
    endloop
  endfacet
  facet normal -1.000000 0.000000 0.000000
    outer loop
      vertex 51.4000 17.8000 2.3200
      vertex 51.4000 17.6000 2.3200
      vertex 51.4000 17.6000 4.4000
    endloop
  endfacet
  facet normal -1.000000 0.000000 0.000000
    outer loop
      vertex 51.4000 17.8000 2.3200
      vertex 51.4000 17.6000 4.4000
      vertex 51.4000 17.8000 4.4000
    endloop
  endfacet
  facet normal -0.707107 0.707107 0.000000
    outer loop
      vertex 51.4000 17.6000 2.3200
      vertex 51.2000 17.4000 2.3200
      vertex 51.2000 17.4000 4.4000
    endloop
  endfacet
  facet normal -0.707107 0.707107 0.000000
    outer loop
      vertex 51.4000 17.6000 2.3200
      vertex 51.2000 17.4000 4.4000
      vertex 51.4000 17.6000 4.4000
    endloop
  endfacet
  facet normal -1.000000 0.000000 0.000000
    outer loop
      vertex 51.2000 17.4000 2.3200
      vertex 51.2000 17.2000 2.3200
      vertex 51.2000 17.2000 4.4000
    endloop
  endfacet
  facet normal -1.000000 0.000000 0.000000
    outer loop
      vertex 51.2000 17.4000 2.3200
      vertex 51.2000 17.2000 4.4000
      vertex 51.2000 17.4000 4.4000
    endloop
  endfacet
  facet normal -0.707107 0.707107 0.000000
    outer loop
      vertex 51.2000 17.2000 2.3200
      vertex 50.6000 16.6000 2.3200
      vertex 50.6000 16.6000 4.4000
    endloop
  endfacet
  facet normal -0.707107 0.707107 0.000000
    outer loop
      vertex 51.2000 17.2000 2.3200
      vertex 50.6000 16.6000 4.4000
      vertex 51.2000 17.2000 4.4000
    endloop
  endfacet
  facet normal -1.000000 0.000000 0.000000
    outer loop
      vertex 50.6000 16.6000 2.3200
      vertex 50.6000 16.4000 2.3200
      vertex 50.6000 16.4000 4.4000
    endloop
  endfacet
  facet normal -1.000000 0.000000 0.000000
    outer loop
      vertex 50.6000 16.6000 2.3200
      vertex 50.6000 16.4000 4.4000
      vertex 50.6000 16.6000 4.4000
    endloop
  endfacet
  facet normal -0.707107 0.707107 0.000000
    outer loop
      vertex 50.6000 16.4000 2.3200
      vertex 50.0000 15.8000 2.3200
      vertex 50.0000 15.8000 4.4000
    endloop
  endfacet
  facet normal -0.707107 0.707107 0.000000
    outer loop
      vertex 50.6000 16.4000 2.3200
      vertex 50.0000 15.8000 4.4000
      vertex 50.6000 16.4000 4.4000
    endloop
  endfacet
  facet normal 0.000000 1.000000 0.000000
    outer loop
      vertex 50.0000 15.8000 2.3200
      vertex 49.8000 15.8000 2.3200
      vertex 49.8000 15.8000 4.4000
    endloop
  endfacet
  facet normal 0.000000 1.000000 -0.000000
    outer loop
      vertex 50.0000 15.8000 2.3200
      vertex 49.8000 15.8000 4.4000
      vertex 50.0000 15.8000 4.4000
    endloop
  endfacet
  facet normal -0.707107 0.707107 0.000000
    outer loop
      vertex 49.8000 15.8000 2.3200
      vertex 49.2000 15.2000 2.3200
      vertex 49.2000 15.2000 4.4000
    endloop
  endfacet
  facet normal -0.707107 0.707107 0.000000
    outer loop
      vertex 49.8000 15.8000 2.3200
      vertex 49.2000 15.2000 4.4000
      vertex 49.8000 15.8000 4.4000
    endloop
  endfacet
  facet normal 0.000000 1.000000 0.000000
    outer loop
      vertex 49.2000 15.2000 2.3200
      vertex 49.0000 15.2000 2.3200
      vertex 49.0000 15.2000 4.4000
    endloop
  endfacet
  facet normal 0.000000 1.000000 -0.000000
    outer loop
      vertex 49.2000 15.2000 2.3200
      vertex 49.0000 15.2000 4.4000
      vertex 49.2000 15.2000 4.4000
    endloop
  endfacet
  facet normal -0.707107 0.707107 0.000000
    outer loop
      vertex 49.0000 15.2000 2.3200
      vertex 48.8000 15.0000 2.3200
      vertex 48.8000 15.0000 4.4000
    endloop
  endfacet
  facet normal -0.707107 0.707107 0.000000
    outer loop
      vertex 49.0000 15.2000 2.3200
      vertex 48.8000 15.0000 4.4000
      vertex 49.0000 15.2000 4.4000
    endloop
  endfacet
  facet normal 0.000000 1.000000 0.000000
    outer loop
      vertex 48.8000 15.0000 2.3200
      vertex 48.6000 15.0000 2.3200
      vertex 48.6000 15.0000 4.4000
    endloop
  endfacet
  facet normal 0.000000 1.000000 -0.000000
    outer loop
      vertex 48.8000 15.0000 2.3200
      vertex 48.6000 15.0000 4.4000
      vertex 48.8000 15.0000 4.4000
    endloop
  endfacet
  facet normal -0.707107 0.707107 0.000000
    outer loop
      vertex 48.6000 15.0000 2.3200
      vertex 48.4000 14.8000 2.3200
      vertex 48.4000 14.8000 4.4000
    endloop
  endfacet
  facet normal -0.707107 0.707107 0.000000
    outer loop
      vertex 48.6000 15.0000 2.3200
      vertex 48.4000 14.8000 4.4000
      vertex 48.6000 15.0000 4.4000
    endloop
  endfacet
  facet normal 0.000000 1.000000 0.000000
    outer loop
      vertex 48.4000 14.8000 2.3200
      vertex 48.2000 14.8000 2.3200
      vertex 48.2000 14.8000 4.4000
    endloop
  endfacet
  facet normal 0.000000 1.000000 -0.000000
    outer loop
      vertex 48.4000 14.8000 2.3200
      vertex 48.2000 14.8000 4.4000
      vertex 48.4000 14.8000 4.4000
    endloop
  endfacet
  facet normal -0.707107 0.707107 0.000000
    outer loop
      vertex 48.2000 14.8000 2.3200
      vertex 48.0000 14.6000 2.3200
      vertex 48.0000 14.6000 4.4000
    endloop
  endfacet
  facet normal -0.707107 0.707107 0.000000
    outer loop
      vertex 48.2000 14.8000 2.3200
      vertex 48.0000 14.6000 4.4000
      vertex 48.2000 14.8000 4.4000
    endloop
  endfacet
  facet normal 0.000000 1.000000 0.000000
    outer loop
      vertex 48.0000 14.6000 2.3200
      vertex 47.6000 14.6000 2.3200
      vertex 47.6000 14.6000 4.4000
    endloop
  endfacet
  facet normal 0.000000 1.000000 -0.000000
    outer loop
      vertex 48.0000 14.6000 2.3200
      vertex 47.6000 14.6000 4.4000
      vertex 48.0000 14.6000 4.4000
    endloop
  endfacet
  facet normal -0.707107 0.707107 0.000000
    outer loop
      vertex 47.6000 14.6000 2.3200
      vertex 47.4000 14.4000 2.3200
      vertex 47.4000 14.4000 4.4000
    endloop
  endfacet
  facet normal -0.707107 0.707107 0.000000
    outer loop
      vertex 47.6000 14.6000 2.3200
      vertex 47.4000 14.4000 4.4000
      vertex 47.6000 14.6000 4.4000
    endloop
  endfacet
  facet normal 0.000000 1.000000 0.000000
    outer loop
      vertex 47.4000 14.4000 2.3200
      vertex 47.0000 14.4000 2.3200
      vertex 47.0000 14.4000 4.4000
    endloop
  endfacet
  facet normal 0.000000 1.000000 -0.000000
    outer loop
      vertex 47.4000 14.4000 2.3200
      vertex 47.0000 14.4000 4.4000
      vertex 47.4000 14.4000 4.4000
    endloop
  endfacet
  facet normal -0.707107 0.707107 0.000000
    outer loop
      vertex 47.0000 14.4000 2.3200
      vertex 46.8000 14.2000 2.3200
      vertex 46.8000 14.2000 4.4000
    endloop
  endfacet
  facet normal -0.707107 0.707107 0.000000
    outer loop
      vertex 47.0000 14.4000 2.3200
      vertex 46.8000 14.2000 4.4000
      vertex 47.0000 14.4000 4.4000
    endloop
  endfacet
  facet normal 0.000000 1.000000 0.000000
    outer loop
      vertex 46.8000 14.2000 2.3200
      vertex 46.0000 14.2000 2.3200
      vertex 46.0000 14.2000 4.4000
    endloop
  endfacet
  facet normal 0.000000 1.000000 -0.000000
    outer loop
      vertex 46.8000 14.2000 2.3200
      vertex 46.0000 14.2000 4.4000
      vertex 46.8000 14.2000 4.4000
    endloop
  endfacet
  facet normal -0.707107 0.707107 0.000000
    outer loop
      vertex 46.0000 14.2000 2.3200
      vertex 45.8000 14.0000 2.3200
      vertex 45.8000 14.0000 4.4000
    endloop
  endfacet
  facet normal -0.707107 0.707107 0.000000
    outer loop
      vertex 46.0000 14.2000 2.3200
      vertex 45.8000 14.0000 4.4000
      vertex 46.0000 14.2000 4.4000
    endloop
  endfacet
  facet normal 0.000000 1.000000 0.000000
    outer loop
      vertex 45.8000 14.0000 2.3200
      vertex 43.0000 14.0000 2.3200
      vertex 43.0000 14.0000 4.4000
    endloop
  endfacet
  facet normal 0.000000 1.000000 -0.000000
    outer loop
      vertex 45.8000 14.0000 2.3200
      vertex 43.0000 14.0000 4.4000
      vertex 45.8000 14.0000 4.4000
    endloop
  endfacet
  facet normal 0.707107 0.707107 0.000000
    outer loop
      vertex 43.0000 14.0000 2.3200
      vertex 42.8000 14.2000 2.3200
      vertex 42.8000 14.2000 4.4000
    endloop
  endfacet
  facet normal 0.707107 0.707107 -0.000000
    outer loop
      vertex 43.0000 14.0000 2.3200
      vertex 42.8000 14.2000 4.4000
      vertex 43.0000 14.0000 4.4000
    endloop
  endfacet
  facet normal 0.000000 1.000000 0.000000
    outer loop
      vertex 42.8000 14.2000 2.3200
      vertex 42.0000 14.2000 2.3200
      vertex 42.0000 14.2000 4.4000
    endloop
  endfacet
  facet normal 0.000000 1.000000 -0.000000
    outer loop
      vertex 42.8000 14.2000 2.3200
      vertex 42.0000 14.2000 4.4000
      vertex 42.8000 14.2000 4.4000
    endloop
  endfacet
  facet normal 0.707107 0.707107 0.000000
    outer loop
      vertex 42.0000 14.2000 2.3200
      vertex 41.8000 14.4000 2.3200
      vertex 41.8000 14.4000 4.4000
    endloop
  endfacet
  facet normal 0.707107 0.707107 -0.000000
    outer loop
      vertex 42.0000 14.2000 2.3200
      vertex 41.8000 14.4000 4.4000
      vertex 42.0000 14.2000 4.4000
    endloop
  endfacet
  facet normal 0.000000 1.000000 0.000000
    outer loop
      vertex 41.8000 14.4000 2.3200
      vertex 41.2000 14.4000 2.3200
      vertex 41.2000 14.4000 4.4000
    endloop
  endfacet
  facet normal 0.000000 1.000000 -0.000000
    outer loop
      vertex 41.8000 14.4000 2.3200
      vertex 41.2000 14.4000 4.4000
      vertex 41.8000 14.4000 4.4000
    endloop
  endfacet
  facet normal 0.707107 0.707107 0.000000
    outer loop
      vertex 41.2000 14.4000 2.3200
      vertex 41.0000 14.6000 2.3200
      vertex 41.0000 14.6000 4.4000
    endloop
  endfacet
  facet normal 0.707107 0.707107 -0.000000
    outer loop
      vertex 41.2000 14.4000 2.3200
      vertex 41.0000 14.6000 4.4000
      vertex 41.2000 14.4000 4.4000
    endloop
  endfacet
  facet normal 0.000000 1.000000 0.000000
    outer loop
      vertex 41.0000 14.6000 2.3200
      vertex 40.8000 14.6000 2.3200
      vertex 40.8000 14.6000 4.4000
    endloop
  endfacet
  facet normal 0.000000 1.000000 -0.000000
    outer loop
      vertex 41.0000 14.6000 2.3200
      vertex 40.8000 14.6000 4.4000
      vertex 41.0000 14.6000 4.4000
    endloop
  endfacet
  facet normal 0.707107 0.707107 0.000000
    outer loop
      vertex 40.8000 14.6000 2.3200
      vertex 40.6000 14.8000 2.3200
      vertex 40.6000 14.8000 4.4000
    endloop
  endfacet
  facet normal 0.707107 0.707107 -0.000000
    outer loop
      vertex 40.8000 14.6000 2.3200
      vertex 40.6000 14.8000 4.4000
      vertex 40.8000 14.6000 4.4000
    endloop
  endfacet
  facet normal 0.000000 1.000000 0.000000
    outer loop
      vertex 40.6000 14.8000 2.3200
      vertex 40.2000 14.8000 2.3200
      vertex 40.2000 14.8000 4.4000
    endloop
  endfacet
  facet normal 0.000000 1.000000 -0.000000
    outer loop
      vertex 40.6000 14.8000 2.3200
      vertex 40.2000 14.8000 4.4000
      vertex 40.6000 14.8000 4.4000
    endloop
  endfacet
  facet normal 0.707107 0.707107 0.000000
    outer loop
      vertex 40.2000 14.8000 2.3200
      vertex 40.0000 15.0000 2.3200
      vertex 40.0000 15.0000 4.4000
    endloop
  endfacet
  facet normal 0.707107 0.707107 -0.000000
    outer loop
      vertex 40.2000 14.8000 2.3200
      vertex 40.0000 15.0000 4.4000
      vertex 40.2000 14.8000 4.4000
    endloop
  endfacet
  facet normal 0.000000 1.000000 0.000000
    outer loop
      vertex 40.0000 15.0000 2.3200
      vertex 39.8000 15.0000 2.3200
      vertex 39.8000 15.0000 4.4000
    endloop
  endfacet
  facet normal 0.000000 1.000000 -0.000000
    outer loop
      vertex 40.0000 15.0000 2.3200
      vertex 39.8000 15.0000 4.4000
      vertex 40.0000 15.0000 4.4000
    endloop
  endfacet
  facet normal 0.707107 0.707107 0.000000
    outer loop
      vertex 39.8000 15.0000 2.3200
      vertex 39.5721 15.2279 2.3200
      vertex 39.5721 15.2279 4.4000
    endloop
  endfacet
  facet normal 0.707107 0.707107 -0.000000
    outer loop
      vertex 39.8000 15.0000 2.3200
      vertex 39.5721 15.2279 4.4000
      vertex 39.8000 15.0000 4.4000
    endloop
  endfacet
  facet normal 0.942302 -0.334765 0.000000
    outer loop
      vertex 39.5721 15.2279 2.3200
      vertex 39.9797 16.3755 2.3200
      vertex 39.9797 16.3755 4.4000
    endloop
  endfacet
  facet normal 0.942302 -0.334765 0.000000
    outer loop
      vertex 39.5721 15.2279 2.3200
      vertex 39.9797 16.3755 4.4000
      vertex 39.5721 15.2279 4.4000
    endloop
  endfacet
  facet normal 0.951898 -0.306417 0.000000
    outer loop
      vertex 39.9797 16.3755 2.3200
      vertex 39.9822 16.3831 2.3200
      vertex 39.9822 16.3831 4.4000
    endloop
  endfacet
  facet normal 0.951898 -0.306417 0.000000
    outer loop
      vertex 39.9797 16.3755 2.3200
      vertex 39.9822 16.3831 4.4000
      vertex 39.9797 16.3755 4.4000
    endloop
  endfacet
  facet normal 0.975539 -0.219827 0.000000
    outer loop
      vertex 39.9822 16.3831 2.3200
      vertex 39.9872 16.4054 2.3200
      vertex 39.9872 16.4054 4.4000
    endloop
  endfacet
  facet normal 0.975539 -0.219827 0.000000
    outer loop
      vertex 39.9822 16.3831 2.3200
      vertex 39.9872 16.4054 4.4000
      vertex 39.9822 16.3831 4.4000
    endloop
  endfacet
  facet normal 0.991321 -0.131466 0.000000
    outer loop
      vertex 39.9872 16.4054 2.3200
      vertex 39.9882 16.4133 2.3200
      vertex 39.9882 16.4133 4.4000
    endloop
  endfacet
  facet normal 0.991321 -0.131466 0.000000
    outer loop
      vertex 39.9872 16.4054 2.3200
      vertex 39.9882 16.4133 4.4000
      vertex 39.9872 16.4054 4.4000
    endloop
  endfacet
  facet normal 0.994811 -0.101742 0.000000
    outer loop
      vertex 39.9882 16.4133 2.3200
      vertex 40.1488 17.9835 2.3200
      vertex 40.1488 17.9835 4.4000
    endloop
  endfacet
  facet normal 0.994811 -0.101742 0.000000
    outer loop
      vertex 39.9882 16.4133 2.3200
      vertex 40.1488 17.9835 4.4000
      vertex 39.9882 16.4133 4.4000
    endloop
  endfacet
  facet normal 0.997080 -0.076364 0.000000
    outer loop
      vertex 40.1488 17.9835 2.3200
      vertex 40.1494 17.9903 2.3200
      vertex 40.1494 17.9903 4.4000
    endloop
  endfacet
  facet normal 0.997080 -0.076364 0.000000
    outer loop
      vertex 40.1488 17.9835 2.3200
      vertex 40.1494 17.9903 4.4000
      vertex 40.1488 17.9835 4.4000
    endloop
  endfacet
  facet normal 1.000000 0.000000 0.000000
    outer loop
      vertex 40.1494 17.9903 2.3200
      vertex 40.1494 18.0097 2.3200
      vertex 40.1494 18.0097 4.4000
    endloop
  endfacet
  facet normal 1.000000 0.000000 0.000000
    outer loop
      vertex 40.1494 17.9903 2.3200
      vertex 40.1494 18.0097 4.4000
      vertex 40.1494 17.9903 4.4000
    endloop
  endfacet
  facet normal 0.997080 0.076364 0.000000
    outer loop
      vertex 40.1494 18.0097 2.3200
      vertex 40.1488 18.0165 2.3200
      vertex 40.1488 18.0165 4.4000
    endloop
  endfacet
  facet normal 0.997080 0.076364 -0.000000
    outer loop
      vertex 40.1494 18.0097 2.3200
      vertex 40.1488 18.0165 4.4000
      vertex 40.1494 18.0097 4.4000
    endloop
  endfacet
  facet normal 0.994811 0.101742 0.000000
    outer loop
      vertex 40.1488 18.0165 2.3200
      vertex 39.9882 19.5867 2.3200
      vertex 39.9882 19.5867 4.4000
    endloop
  endfacet
  facet normal 0.994811 0.101742 -0.000000
    outer loop
      vertex 40.1488 18.0165 2.3200
      vertex 39.9882 19.5867 4.4000
      vertex 40.1488 18.0165 4.4000
    endloop
  endfacet
  facet normal 0.991321 0.131466 0.000000
    outer loop
      vertex 39.9882 19.5867 2.3200
      vertex 39.9872 19.5946 2.3200
      vertex 39.9872 19.5946 4.4000
    endloop
  endfacet
  facet normal 0.991321 0.131466 -0.000000
    outer loop
      vertex 39.9882 19.5867 2.3200
      vertex 39.9872 19.5946 4.4000
      vertex 39.9882 19.5867 4.4000
    endloop
  endfacet
  facet normal 0.975539 0.219827 0.000000
    outer loop
      vertex 39.9872 19.5946 2.3200
      vertex 39.9822 19.6169 2.3200
      vertex 39.9822 19.6169 4.4000
    endloop
  endfacet
  facet normal 0.975539 0.219827 -0.000000
    outer loop
      vertex 39.9872 19.5946 2.3200
      vertex 39.9822 19.6169 4.4000
      vertex 39.9872 19.5946 4.4000
    endloop
  endfacet
  facet normal 0.951898 0.306417 0.000000
    outer loop
      vertex 39.9822 19.6169 2.3200
      vertex 39.9797 19.6245 2.3200
      vertex 39.9797 19.6245 4.4000
    endloop
  endfacet
  facet normal 0.951898 0.306417 -0.000000
    outer loop
      vertex 39.9822 19.6169 2.3200
      vertex 39.9797 19.6245 4.4000
      vertex 39.9822 19.6169 4.4000
    endloop
  endfacet
  facet normal 0.942302 0.334765 0.000000
    outer loop
      vertex 39.9797 19.6245 2.3200
      vertex 39.4988 20.9782 2.3200
      vertex 39.4988 20.9782 4.4000
    endloop
  endfacet
  facet normal 0.942302 0.334765 -0.000000
    outer loop
      vertex 39.9797 19.6245 2.3200
      vertex 39.4988 20.9782 4.4000
      vertex 39.9797 19.6245 4.4000
    endloop
  endfacet
  facet normal 0.931473 0.363811 0.000000
    outer loop
      vertex 39.4988 20.9782 2.3200
      vertex 39.4958 20.9859 2.3200
      vertex 39.4958 20.9859 4.4000
    endloop
  endfacet
  facet normal 0.931473 0.363811 -0.000000
    outer loop
      vertex 39.4988 20.9782 2.3200
      vertex 39.4958 20.9859 4.4000
      vertex 39.4988 20.9782 4.4000
    endloop
  endfacet
  facet normal 0.893662 0.448742 0.000000
    outer loop
      vertex 39.4958 20.9859 2.3200
      vertex 39.4877 21.0019 2.3200
      vertex 39.4877 21.0019 4.4000
    endloop
  endfacet
  facet normal 0.893662 0.448742 -0.000000
    outer loop
      vertex 39.4958 20.9859 2.3200
      vertex 39.4877 21.0019 4.4000
      vertex 39.4958 20.9859 4.4000
    endloop
  endfacet
  facet normal 0.831298 0.555827 0.000000
    outer loop
      vertex 39.4877 21.0019 2.3200
      vertex 39.4777 21.0169 2.3200
      vertex 39.4777 21.0169 4.4000
    endloop
  endfacet
  facet normal 0.831298 0.555827 -0.000000
    outer loop
      vertex 39.4877 21.0019 2.3200
      vertex 39.4777 21.0169 4.4000
      vertex 39.4877 21.0019 4.4000
    endloop
  endfacet
  facet normal 0.776088 0.630625 0.000000
    outer loop
      vertex 39.4777 21.0169 2.3200
      vertex 39.4725 21.0233 2.3200
      vertex 39.4725 21.0233 4.4000
    endloop
  endfacet
  facet normal 0.776088 0.630625 -0.000000
    outer loop
      vertex 39.4777 21.0169 2.3200
      vertex 39.4725 21.0233 4.4000
      vertex 39.4777 21.0169 4.4000
    endloop
  endfacet
  facet normal 0.756169 0.654377 0.000000
    outer loop
      vertex 39.4725 21.0233 2.3200
      vertex 38.6726 21.9477 2.3200
      vertex 38.6726 21.9477 4.4000
    endloop
  endfacet
  facet normal 0.756169 0.654377 -0.000000
    outer loop
      vertex 39.4725 21.0233 2.3200
      vertex 38.6726 21.9477 4.4000
      vertex 39.4725 21.0233 4.4000
    endloop
  endfacet
  facet normal 0.735905 0.677085 0.000000
    outer loop
      vertex 38.6726 21.9477 2.3200
      vertex 38.6671 21.9536 2.3200
      vertex 38.6671 21.9536 4.4000
    endloop
  endfacet
  facet normal 0.735905 0.677085 -0.000000
    outer loop
      vertex 38.6726 21.9477 2.3200
      vertex 38.6671 21.9536 4.4000
      vertex 38.6726 21.9477 4.4000
    endloop
  endfacet
  facet normal 0.671101 0.741366 0.000000
    outer loop
      vertex 38.6671 21.9536 2.3200
      vertex 38.6540 21.9655 2.3200
      vertex 38.6540 21.9655 4.4000
    endloop
  endfacet
  facet normal 0.671101 0.741366 -0.000000
    outer loop
      vertex 38.6671 21.9536 2.3200
      vertex 38.6540 21.9655 4.4000
      vertex 38.6671 21.9536 4.4000
    endloop
  endfacet
  facet normal 0.576098 0.817381 0.000000
    outer loop
      vertex 38.6540 21.9655 2.3200
      vertex 38.6441 21.9725 2.3200
      vertex 38.6441 21.9725 4.4000
    endloop
  endfacet
  facet normal 0.576098 0.817381 -0.000000
    outer loop
      vertex 38.6540 21.9655 2.3200
      vertex 38.6441 21.9725 4.4000
      vertex 38.6540 21.9655 4.4000
    endloop
  endfacet
  facet normal 0.472567 0.881295 0.000000
    outer loop
      vertex 38.6441 21.9725 2.3200
      vertex 38.6335 21.9782 2.3200
      vertex 38.6335 21.9782 4.4000
    endloop
  endfacet
  facet normal 0.472567 0.881295 -0.000000
    outer loop
      vertex 38.6441 21.9725 2.3200
      vertex 38.6335 21.9782 4.4000
      vertex 38.6441 21.9725 4.4000
    endloop
  endfacet
  facet normal 0.362040 0.932162 0.000000
    outer loop
      vertex 38.6335 21.9782 2.3200
      vertex 38.6170 21.9846 2.3200
      vertex 38.6170 21.9846 4.4000
    endloop
  endfacet
  facet normal 0.362040 0.932162 -0.000000
    outer loop
      vertex 38.6335 21.9782 2.3200
      vertex 38.6170 21.9846 4.4000
      vertex 38.6335 21.9782 4.4000
    endloop
  endfacet
  facet normal 0.275535 0.961291 0.000000
    outer loop
      vertex 38.6170 21.9846 2.3200
      vertex 38.6092 21.9868 2.3200
      vertex 38.6092 21.9868 4.4000
    endloop
  endfacet
  facet normal 0.275535 0.961291 -0.000000
    outer loop
      vertex 38.6170 21.9846 2.3200
      vertex 38.6092 21.9868 4.4000
      vertex 38.6170 21.9846 4.4000
    endloop
  endfacet
  facet normal 0.246154 0.969231 0.000000
    outer loop
      vertex 38.6092 21.9868 2.3200
      vertex 37.4902 22.2710 2.3200
      vertex 37.4902 22.2710 4.4000
    endloop
  endfacet
  facet normal 0.246154 0.969231 -0.000000
    outer loop
      vertex 38.6092 21.9868 2.3200
      vertex 37.4902 22.2710 4.4000
      vertex 38.6092 21.9868 4.4000
    endloop
  endfacet
  facet normal 0.215752 0.976448 0.000000
    outer loop
      vertex 37.4902 22.2710 2.3200
      vertex 37.4821 22.2728 2.3200
      vertex 37.4821 22.2728 4.4000
    endloop
  endfacet
  facet normal 0.215752 0.976448 -0.000000
    outer loop
      vertex 37.4902 22.2710 2.3200
      vertex 37.4821 22.2728 4.4000
      vertex 37.4902 22.2710 4.4000
    endloop
  endfacet
  facet normal 0.123404 0.992356 0.000000
    outer loop
      vertex 37.4821 22.2728 2.3200
      vertex 37.4641 22.2750 2.3200
      vertex 37.4641 22.2750 4.4000
    endloop
  endfacet
  facet normal 0.123404 0.992356 -0.000000
    outer loop
      vertex 37.4821 22.2728 2.3200
      vertex 37.4641 22.2750 4.4000
      vertex 37.4821 22.2728 4.4000
    endloop
  endfacet
  facet normal -0.001271 0.999999 0.000000
    outer loop
      vertex 37.4641 22.2750 2.3200
      vertex 37.4517 22.2750 2.3200
      vertex 37.4517 22.2750 4.4000
    endloop
  endfacet
  facet normal -0.001271 0.999999 0.000000
    outer loop
      vertex 37.4641 22.2750 2.3200
      vertex 37.4517 22.2750 4.4000
      vertex 37.4641 22.2750 4.4000
    endloop
  endfacet
  facet normal -0.125926 0.992040 0.000000
    outer loop
      vertex 37.4517 22.2750 2.3200
      vertex 37.4394 22.2735 2.3200
      vertex 37.4394 22.2735 4.4000
    endloop
  endfacet
  facet normal -0.125926 0.992040 0.000000
    outer loop
      vertex 37.4517 22.2750 2.3200
      vertex 37.4394 22.2735 4.4000
      vertex 37.4517 22.2750 4.4000
    endloop
  endfacet
  facet normal -0.248616 0.968602 0.000000
    outer loop
      vertex 37.4394 22.2735 2.3200
      vertex 37.4218 22.2689 2.3200
      vertex 37.4218 22.2689 4.4000
    endloop
  endfacet
  facet normal -0.248616 0.968602 0.000000
    outer loop
      vertex 37.4394 22.2735 2.3200
      vertex 37.4218 22.2689 4.4000
      vertex 37.4394 22.2735 4.4000
    endloop
  endfacet
  facet normal -0.338191 0.941077 0.000000
    outer loop
      vertex 37.4218 22.2689 2.3200
      vertex 37.4140 22.2661 2.3200
      vertex 37.4140 22.2661 4.4000
    endloop
  endfacet
  facet normal -0.338191 0.941077 0.000000
    outer loop
      vertex 37.4218 22.2689 2.3200
      vertex 37.4140 22.2661 4.4000
      vertex 37.4218 22.2689 4.4000
    endloop
  endfacet
  facet normal -0.367428 0.930052 0.000000
    outer loop
      vertex 37.4140 22.2661 2.3200
      vertex 36.4000 21.8655 2.3200
      vertex 36.4000 21.8655 4.4000
    endloop
  endfacet
  facet normal -0.367428 0.930052 0.000000
    outer loop
      vertex 37.4140 22.2661 2.3200
      vertex 36.4000 21.8655 4.4000
      vertex 37.4140 22.2661 4.4000
    endloop
  endfacet
  facet normal 1.000000 0.000000 0.000000
    outer loop
      vertex 36.4000 21.8655 2.3200
      vertex 36.4000 36.0124 2.3200
      vertex 36.4000 36.0124 4.4000
    endloop
  endfacet
  facet normal 1.000000 0.000000 0.000000
    outer loop
      vertex 36.4000 21.8655 2.3200
      vertex 36.4000 36.0124 4.4000
      vertex 36.4000 21.8655 4.4000
    endloop
  endfacet
  facet normal 0.000000 0.000000 -1.000000
    outer loop
      vertex 35.6000 34.2095 4.4000
      vertex 35.5771 34.1265 4.4000
      vertex 35.5794 34.1354 4.4000
    endloop
  endfacet
  facet normal -0.000000 0.000000 1.000000
    outer loop
      vertex 35.5794 34.1354 2.3200
      vertex 35.5771 34.1265 2.3200
      vertex 35.6000 34.2095 2.3200
    endloop
  endfacet
  facet normal 0.000000 -0.000000 -1.000000
    outer loop
      vertex 35.6000 34.2095 4.4000
      vertex 35.6000 28.2000 4.4000
      vertex 35.5771 34.1265 4.4000
    endloop
  endfacet
  facet normal -0.000000 0.000000 1.000000
    outer loop
      vertex 35.5771 34.1265 2.3200
      vertex 35.6000 28.2000 2.3200
      vertex 35.6000 34.2095 2.3200
    endloop
  endfacet
  facet normal 0.000000 0.000000 -1.000000
    outer loop
      vertex 34.2000 25.8000 4.4000
      vertex 34.0718 27.4194 4.4000
      vertex 35.0000 26.6000 4.4000
    endloop
  endfacet
  facet normal 0.000000 0.000000 1.000000
    outer loop
      vertex 35.0000 26.6000 2.3200
      vertex 34.0718 27.4194 2.3200
      vertex 34.2000 25.8000 2.3200
    endloop
  endfacet
  facet normal 0.000000 0.000000 -1.000000
    outer loop
      vertex 34.2000 25.8000 4.4000
      vertex 34.0000 25.8000 4.4000
      vertex 34.0718 27.4194 4.4000
    endloop
  endfacet
  facet normal 0.000000 0.000000 1.000000
    outer loop
      vertex 34.0718 27.4194 2.3200
      vertex 34.0000 25.8000 2.3200
      vertex 34.2000 25.8000 2.3200
    endloop
  endfacet
  facet normal 0.000000 0.000000 -1.000000
    outer loop
      vertex 33.8370 25.6370 4.4000
      vertex 34.0718 27.4194 4.4000
      vertex 34.0000 25.8000 4.4000
    endloop
  endfacet
  facet normal 0.000000 -0.000000 1.000000
    outer loop
      vertex 34.0000 25.8000 2.3200
      vertex 34.0718 27.4194 2.3200
      vertex 33.8370 25.6370 2.3200
    endloop
  endfacet
  facet normal 0.000000 0.000000 -1.000000
    outer loop
      vertex 34.0718 27.4194 4.4000
      vertex 35.0000 26.8000 4.4000
      vertex 35.0000 26.6000 4.4000
    endloop
  endfacet
  facet normal 0.000000 -0.000000 1.000000
    outer loop
      vertex 35.0000 26.6000 2.3200
      vertex 35.0000 26.8000 2.3200
      vertex 34.0718 27.4194 2.3200
    endloop
  endfacet
  facet normal 0.000000 0.000000 -1.000000
    outer loop
      vertex 34.0718 27.4194 4.4000
      vertex 35.2000 27.2000 4.4000
      vertex 35.0000 26.8000 4.4000
    endloop
  endfacet
  facet normal 0.000000 -0.000000 1.000000
    outer loop
      vertex 35.0000 26.8000 2.3200
      vertex 35.2000 27.2000 2.3200
      vertex 34.0718 27.4194 2.3200
    endloop
  endfacet
  facet normal 0.000000 0.000000 -1.000000
    outer loop
      vertex 34.0718 27.4194 4.4000
      vertex 34.0765 27.4485 4.4000
      vertex 35.2000 27.2000 4.4000
    endloop
  endfacet
  facet normal 0.000000 0.000000 1.000000
    outer loop
      vertex 35.2000 27.2000 2.3200
      vertex 34.0765 27.4485 2.3200
      vertex 34.0718 27.4194 2.3200
    endloop
  endfacet
  facet normal 0.000000 0.000000 -1.000000
    outer loop
      vertex 34.0765 27.4485 4.4000
      vertex 35.4000 28.0000 4.4000
      vertex 35.2000 27.2000 4.4000
    endloop
  endfacet
  facet normal 0.000000 -0.000000 1.000000
    outer loop
      vertex 35.2000 27.2000 2.3200
      vertex 35.4000 28.0000 2.3200
      vertex 34.0765 27.4485 2.3200
    endloop
  endfacet
  facet normal 0.000000 0.000000 -1.000000
    outer loop
      vertex 34.0765 27.4485 4.4000
      vertex 34.5409 29.8646 4.4000
      vertex 35.4000 28.0000 4.4000
    endloop
  endfacet
  facet normal 0.000000 0.000000 1.000000
    outer loop
      vertex 35.4000 28.0000 2.3200
      vertex 34.5409 29.8646 2.3200
      vertex 34.0765 27.4485 2.3200
    endloop
  endfacet
  facet normal 0.000000 0.000000 -1.000000
    outer loop
      vertex 34.5409 29.8646 4.4000
      vertex 35.6000 28.2000 4.4000
      vertex 35.4000 28.0000 4.4000
    endloop
  endfacet
  facet normal 0.000000 -0.000000 1.000000
    outer loop
      vertex 35.4000 28.0000 2.3200
      vertex 35.6000 28.2000 2.3200
      vertex 34.5409 29.8646 2.3200
    endloop
  endfacet
  facet normal 0.000000 0.000000 -1.000000
    outer loop
      vertex 34.5409 29.8646 4.4000
      vertex 34.5447 29.8827 4.4000
      vertex 35.6000 28.2000 4.4000
    endloop
  endfacet
  facet normal 0.000000 0.000000 1.000000
    outer loop
      vertex 35.6000 28.2000 2.3200
      vertex 34.5447 29.8827 2.3200
      vertex 34.5409 29.8646 2.3200
    endloop
  endfacet
  facet normal 0.000000 0.000000 -1.000000
    outer loop
      vertex 34.5447 29.8827 4.4000
      vertex 35.0751 32.1793 4.4000
      vertex 35.6000 28.2000 4.4000
    endloop
  endfacet
  facet normal 0.000000 0.000000 1.000000
    outer loop
      vertex 35.6000 28.2000 2.3200
      vertex 35.0751 32.1793 2.3200
      vertex 34.5447 29.8827 2.3200
    endloop
  endfacet
  facet normal 0.000000 0.000000 -1.000000
    outer loop
      vertex 35.0751 32.1793 4.4000
      vertex 35.0781 32.1916 4.4000
      vertex 35.6000 28.2000 4.4000
    endloop
  endfacet
  facet normal 0.000000 0.000000 1.000000
    outer loop
      vertex 35.6000 28.2000 2.3200
      vertex 35.0781 32.1916 2.3200
      vertex 35.0751 32.1793 2.3200
    endloop
  endfacet
  facet normal 0.000000 0.000000 -1.000000
    outer loop
      vertex 35.0781 32.1916 4.4000
      vertex 35.5771 34.1265 4.4000
      vertex 35.6000 28.2000 4.4000
    endloop
  endfacet
  facet normal 0.000000 0.000000 1.000000
    outer loop
      vertex 35.6000 28.2000 2.3200
      vertex 35.5771 34.1265 2.3200
      vertex 35.0781 32.1916 2.3200
    endloop
  endfacet
  facet normal -0.000000 0.000000 -1.000000
    outer loop
      vertex 35.4000 27.4000 4.4000
      vertex 35.2000 27.2000 4.4000
      vertex 35.4000 28.0000 4.4000
    endloop
  endfacet
  facet normal 0.000000 0.000000 1.000000
    outer loop
      vertex 35.4000 28.0000 2.3200
      vertex 35.2000 27.2000 2.3200
      vertex 35.4000 27.4000 2.3200
    endloop
  endfacet
  facet normal 0.000000 0.000000 -1.000000
    outer loop
      vertex 35.0000 26.8000 4.4000
      vertex 35.2000 27.2000 4.4000
      vertex 35.2000 27.0000 4.4000
    endloop
  endfacet
  facet normal 0.000000 -0.000000 1.000000
    outer loop
      vertex 35.2000 27.0000 2.3200
      vertex 35.2000 27.2000 2.3200
      vertex 35.0000 26.8000 2.3200
    endloop
  endfacet
  facet normal -0.707107 0.707107 0.000000
    outer loop
      vertex 35.6000 28.2000 2.3200
      vertex 35.4000 28.0000 2.3200
      vertex 35.4000 28.0000 4.4000
    endloop
  endfacet
  facet normal -0.707107 0.707107 0.000000
    outer loop
      vertex 35.6000 28.2000 2.3200
      vertex 35.4000 28.0000 4.4000
      vertex 35.6000 28.2000 4.4000
    endloop
  endfacet
  facet normal -1.000000 0.000000 0.000000
    outer loop
      vertex 35.4000 28.0000 2.3200
      vertex 35.4000 27.4000 2.3200
      vertex 35.4000 27.4000 4.4000
    endloop
  endfacet
  facet normal -1.000000 0.000000 0.000000
    outer loop
      vertex 35.4000 28.0000 2.3200
      vertex 35.4000 27.4000 4.4000
      vertex 35.4000 28.0000 4.4000
    endloop
  endfacet
  facet normal -0.707107 0.707107 0.000000
    outer loop
      vertex 35.4000 27.4000 2.3200
      vertex 35.2000 27.2000 2.3200
      vertex 35.2000 27.2000 4.4000
    endloop
  endfacet
  facet normal -0.707107 0.707107 0.000000
    outer loop
      vertex 35.4000 27.4000 2.3200
      vertex 35.2000 27.2000 4.4000
      vertex 35.4000 27.4000 4.4000
    endloop
  endfacet
  facet normal -1.000000 0.000000 0.000000
    outer loop
      vertex 35.2000 27.2000 2.3200
      vertex 35.2000 27.0000 2.3200
      vertex 35.2000 27.0000 4.4000
    endloop
  endfacet
  facet normal -1.000000 0.000000 0.000000
    outer loop
      vertex 35.2000 27.2000 2.3200
      vertex 35.2000 27.0000 4.4000
      vertex 35.2000 27.2000 4.4000
    endloop
  endfacet
  facet normal -0.707107 0.707107 0.000000
    outer loop
      vertex 35.2000 27.0000 2.3200
      vertex 35.0000 26.8000 2.3200
      vertex 35.0000 26.8000 4.4000
    endloop
  endfacet
  facet normal -0.707107 0.707107 0.000000
    outer loop
      vertex 35.2000 27.0000 2.3200
      vertex 35.0000 26.8000 4.4000
      vertex 35.2000 27.0000 4.4000
    endloop
  endfacet
  facet normal -1.000000 0.000000 0.000000
    outer loop
      vertex 35.0000 26.8000 2.3200
      vertex 35.0000 26.6000 2.3200
      vertex 35.0000 26.6000 4.4000
    endloop
  endfacet
  facet normal -1.000000 0.000000 0.000000
    outer loop
      vertex 35.0000 26.8000 2.3200
      vertex 35.0000 26.6000 4.4000
      vertex 35.0000 26.8000 4.4000
    endloop
  endfacet
  facet normal -0.707107 0.707107 0.000000
    outer loop
      vertex 35.0000 26.6000 2.3200
      vertex 34.2000 25.8000 2.3200
      vertex 34.2000 25.8000 4.4000
    endloop
  endfacet
  facet normal -0.707107 0.707107 0.000000
    outer loop
      vertex 35.0000 26.6000 2.3200
      vertex 34.2000 25.8000 4.4000
      vertex 35.0000 26.6000 4.4000
    endloop
  endfacet
  facet normal 0.000000 1.000000 0.000000
    outer loop
      vertex 34.2000 25.8000 2.3200
      vertex 34.0000 25.8000 2.3200
      vertex 34.0000 25.8000 4.4000
    endloop
  endfacet
  facet normal 0.000000 1.000000 -0.000000
    outer loop
      vertex 34.2000 25.8000 2.3200
      vertex 34.0000 25.8000 4.4000
      vertex 34.2000 25.8000 4.4000
    endloop
  endfacet
  facet normal -0.707107 0.707107 0.000000
    outer loop
      vertex 34.0000 25.8000 2.3200
      vertex 33.8370 25.6370 2.3200
      vertex 33.8370 25.6370 4.4000
    endloop
  endfacet
  facet normal -0.707107 0.707107 0.000000
    outer loop
      vertex 34.0000 25.8000 2.3200
      vertex 33.8370 25.6370 4.4000
      vertex 34.0000 25.8000 4.4000
    endloop
  endfacet
  facet normal 0.991433 -0.130613 0.000000
    outer loop
      vertex 33.8370 25.6370 2.3200
      vertex 34.0718 27.4194 2.3200
      vertex 34.0718 27.4194 4.4000
    endloop
  endfacet
  facet normal 0.991433 -0.130613 0.000000
    outer loop
      vertex 33.8370 25.6370 2.3200
      vertex 34.0718 27.4194 4.4000
      vertex 33.8370 25.6370 4.4000
    endloop
  endfacet
  facet normal 0.987158 -0.159746 0.000000
    outer loop
      vertex 34.0718 27.4194 2.3200
      vertex 34.0765 27.4485 2.3200
      vertex 34.0765 27.4485 4.4000
    endloop
  endfacet
  facet normal 0.987158 -0.159746 0.000000
    outer loop
      vertex 34.0718 27.4194 2.3200
      vertex 34.0765 27.4485 4.4000
      vertex 34.0718 27.4194 4.4000
    endloop
  endfacet
  facet normal 0.982027 -0.188740 0.000000
    outer loop
      vertex 34.0765 27.4485 2.3200
      vertex 34.5409 29.8646 2.3200
      vertex 34.5409 29.8646 4.4000
    endloop
  endfacet
  facet normal 0.982027 -0.188740 0.000000
    outer loop
      vertex 34.0765 27.4485 2.3200
      vertex 34.5409 29.8646 4.4000
      vertex 34.0765 27.4485 4.4000
    endloop
  endfacet
  facet normal 0.978358 -0.206918 0.000000
    outer loop
      vertex 34.5409 29.8646 2.3200
      vertex 34.5447 29.8827 2.3200
      vertex 34.5447 29.8827 4.4000
    endloop
  endfacet
  facet normal 0.978358 -0.206918 0.000000
    outer loop
      vertex 34.5409 29.8646 2.3200
      vertex 34.5447 29.8827 4.4000
      vertex 34.5409 29.8646 4.4000
    endloop
  endfacet
  facet normal 0.974353 -0.225026 0.000000
    outer loop
      vertex 34.5447 29.8827 2.3200
      vertex 35.0751 32.1793 2.3200
      vertex 35.0751 32.1793 4.4000
    endloop
  endfacet
  facet normal 0.974353 -0.225026 0.000000
    outer loop
      vertex 34.5447 29.8827 2.3200
      vertex 35.0751 32.1793 4.4000
      vertex 34.5447 29.8827 4.4000
    endloop
  endfacet
  facet normal 0.971418 -0.237376 0.000000
    outer loop
      vertex 35.0751 32.1793 2.3200
      vertex 35.0781 32.1916 2.3200
      vertex 35.0781 32.1916 4.4000
    endloop
  endfacet
  facet normal 0.971418 -0.237376 0.000000
    outer loop
      vertex 35.0751 32.1793 2.3200
      vertex 35.0781 32.1916 4.4000
      vertex 35.0751 32.1793 4.4000
    endloop
  endfacet
  facet normal 0.968326 -0.249689 0.000000
    outer loop
      vertex 35.0781 32.1916 2.3200
      vertex 35.5771 34.1265 2.3200
      vertex 35.5771 34.1265 4.4000
    endloop
  endfacet
  facet normal 0.968326 -0.249689 0.000000
    outer loop
      vertex 35.0781 32.1916 2.3200
      vertex 35.5771 34.1265 4.4000
      vertex 35.0781 32.1916 4.4000
    endloop
  endfacet
  facet normal 0.966000 -0.258544 0.000000
    outer loop
      vertex 35.5771 34.1265 2.3200
      vertex 35.5794 34.1354 2.3200
      vertex 35.5794 34.1354 4.4000
    endloop
  endfacet
  facet normal 0.966000 -0.258544 0.000000
    outer loop
      vertex 35.5771 34.1265 2.3200
      vertex 35.5794 34.1354 4.4000
      vertex 35.5771 34.1265 4.4000
    endloop
  endfacet
  facet normal 0.963592 -0.267377 0.000000
    outer loop
      vertex 35.5794 34.1354 2.3200
      vertex 35.6000 34.2095 2.3200
      vertex 35.6000 34.2095 4.4000
    endloop
  endfacet
  facet normal 0.963592 -0.267377 0.000000
    outer loop
      vertex 35.5794 34.1354 2.3200
      vertex 35.6000 34.2095 4.4000
      vertex 35.5794 34.1354 4.4000
    endloop
  endfacet
  facet normal -1.000000 0.000000 0.000000
    outer loop
      vertex 35.6000 34.2095 2.3200
      vertex 35.6000 28.2000 2.3200
      vertex 35.6000 28.2000 4.4000
    endloop
  endfacet
  facet normal -1.000000 0.000000 0.000000
    outer loop
      vertex 35.6000 34.2095 2.3200
      vertex 35.6000 28.2000 4.4000
      vertex 35.6000 34.2095 4.4000
    endloop
  endfacet
  facet normal 0.000000 -0.000000 -1.000000
    outer loop
      vertex 57.7073 37.8916 4.4000
      vertex 57.7605 37.9368 4.4000
      vertex 57.6609 37.8394 4.4000
    endloop
  endfacet
  facet normal 0.000000 0.000000 1.000000
    outer loop
      vertex 57.6609 37.8394 2.3200
      vertex 57.7605 37.9368 2.3200
      vertex 57.7073 37.8916 2.3200
    endloop
  endfacet
  facet normal 0.000000 -0.000000 -1.000000
    outer loop
      vertex 57.7605 37.9368 4.4000
      vertex 57.8831 38.0030 4.4000
      vertex 57.6609 37.8394 4.4000
    endloop
  endfacet
  facet normal 0.000000 0.000000 1.000000
    outer loop
      vertex 57.6609 37.8394 2.3200
      vertex 57.8831 38.0030 2.3200
      vertex 57.7605 37.9368 2.3200
    endloop
  endfacet
  facet normal 0.000000 0.000000 -1.000000
    outer loop
      vertex 57.7605 37.9368 4.4000
      vertex 57.8195 37.9742 4.4000
      vertex 57.8831 38.0030 4.4000
    endloop
  endfacet
  facet normal 0.000000 0.000000 1.000000
    outer loop
      vertex 57.8831 38.0030 2.3200
      vertex 57.8195 37.9742 2.3200
      vertex 57.7605 37.9368 2.3200
    endloop
  endfacet
  facet normal 0.000000 -0.000000 -1.000000
    outer loop
      vertex 57.8831 38.0030 4.4000
      vertex 57.9502 38.0226 4.4000
      vertex 57.6609 37.8394 4.4000
    endloop
  endfacet
  facet normal 0.000000 0.000000 1.000000
    outer loop
      vertex 57.6609 37.8394 2.3200
      vertex 57.9502 38.0226 2.3200
      vertex 57.8831 38.0030 2.3200
    endloop
  endfacet
  facet normal 0.000000 0.000000 -1.000000
    outer loop
      vertex 57.9502 38.0226 4.4000
      vertex 57.3336 37.0370 4.4000
      vertex 57.6609 37.8394 4.4000
    endloop
  endfacet
  facet normal -0.000000 0.000000 1.000000
    outer loop
      vertex 57.6609 37.8394 2.3200
      vertex 57.3336 37.0370 2.3200
      vertex 57.9502 38.0226 2.3200
    endloop
  endfacet
  facet normal 0.000000 0.000000 -1.000000
    outer loop
      vertex 57.9502 38.0226 4.4000
      vertex 57.6909 36.0426 4.4000
      vertex 57.3336 37.0370 4.4000
    endloop
  endfacet
  facet normal -0.000000 0.000000 1.000000
    outer loop
      vertex 57.3336 37.0370 2.3200
      vertex 57.6909 36.0426 2.3200
      vertex 57.9502 38.0226 2.3200
    endloop
  endfacet
  facet normal 0.000000 -0.000000 -1.000000
    outer loop
      vertex 57.9502 38.0226 4.4000
      vertex 59.0736 38.2683 4.4000
      vertex 57.6909 36.0426 4.4000
    endloop
  endfacet
  facet normal 0.000000 0.000000 1.000000
    outer loop
      vertex 57.6909 36.0426 2.3200
      vertex 59.0736 38.2683 2.3200
      vertex 57.9502 38.0226 2.3200
    endloop
  endfacet
  facet normal 0.000000 -0.000000 -1.000000
    outer loop
      vertex 59.0736 38.2683 4.4000
      vertex 60.4000 35.6000 4.4000
      vertex 57.6909 36.0426 4.4000
    endloop
  endfacet
  facet normal -0.000000 0.000000 1.000000
    outer loop
      vertex 57.6909 36.0426 2.3200
      vertex 60.4000 35.6000 2.3200
      vertex 59.0736 38.2683 2.3200
    endloop
  endfacet
  facet normal 0.000000 0.000000 -1.000000
    outer loop
      vertex 59.0736 38.2683 4.4000
      vertex 59.1926 38.2797 4.4000
      vertex 60.4000 35.6000 4.4000
    endloop
  endfacet
  facet normal 0.000000 0.000000 1.000000
    outer loop
      vertex 60.4000 35.6000 2.3200
      vertex 59.1926 38.2797 2.3200
      vertex 59.0736 38.2683 2.3200
    endloop
  endfacet
  facet normal 0.000000 0.000000 -1.000000
    outer loop
      vertex 59.0736 38.2683 4.4000
      vertex 59.1327 38.2775 4.4000
      vertex 59.1926 38.2797 4.4000
    endloop
  endfacet
  facet normal 0.000000 0.000000 1.000000
    outer loop
      vertex 59.1926 38.2797 2.3200
      vertex 59.1327 38.2775 2.3200
      vertex 59.0736 38.2683 2.3200
    endloop
  endfacet
  facet normal 0.000000 0.000000 -1.000000
    outer loop
      vertex 59.1926 38.2797 4.4000
      vertex 61.0792 38.2336 4.4000
      vertex 60.4000 35.6000 4.4000
    endloop
  endfacet
  facet normal 0.000000 -0.000000 1.000000
    outer loop
      vertex 60.4000 35.6000 2.3200
      vertex 61.0792 38.2336 2.3200
      vertex 59.1926 38.2797 2.3200
    endloop
  endfacet
  facet normal 0.000000 0.000000 -1.000000
    outer loop
      vertex 61.0792 38.2336 4.4000
      vertex 60.8000 35.6000 4.4000
      vertex 60.4000 35.6000 4.4000
    endloop
  endfacet
  facet normal 0.000000 0.000000 1.000000
    outer loop
      vertex 60.4000 35.6000 2.3200
      vertex 60.8000 35.6000 2.3200
      vertex 61.0792 38.2336 2.3200
    endloop
  endfacet
  facet normal 0.000000 -0.000000 -1.000000
    outer loop
      vertex 61.0792 38.2336 4.4000
      vertex 61.1323 38.2295 4.4000
      vertex 60.8000 35.6000 4.4000
    endloop
  endfacet
  facet normal 0.000000 0.000000 1.000000
    outer loop
      vertex 60.8000 35.6000 2.3200
      vertex 61.1323 38.2295 2.3200
      vertex 61.0792 38.2336 2.3200
    endloop
  endfacet
  facet normal 0.000000 -0.000000 -1.000000
    outer loop
      vertex 61.1323 38.2295 4.4000
      vertex 63.4194 37.9282 4.4000
      vertex 60.8000 35.6000 4.4000
    endloop
  endfacet
  facet normal 0.000000 0.000000 1.000000
    outer loop
      vertex 60.8000 35.6000 2.3200
      vertex 63.4194 37.9282 2.3200
      vertex 61.1323 38.2295 2.3200
    endloop
  endfacet
  facet normal 0.000000 0.000000 -1.000000
    outer loop
      vertex 63.4194 37.9282 4.4000
      vertex 61.0000 35.4000 4.4000
      vertex 60.8000 35.6000 4.4000
    endloop
  endfacet
  facet normal -0.000000 0.000000 1.000000
    outer loop
      vertex 60.8000 35.6000 2.3200
      vertex 61.0000 35.4000 2.3200
      vertex 63.4194 37.9282 2.3200
    endloop
  endfacet
  facet normal 0.000000 -0.000000 -1.000000
    outer loop
      vertex 63.4194 37.9282 4.4000
      vertex 63.4485 37.9235 4.4000
      vertex 61.0000 35.4000 4.4000
    endloop
  endfacet
  facet normal 0.000000 0.000000 1.000000
    outer loop
      vertex 61.0000 35.4000 2.3200
      vertex 63.4485 37.9235 2.3200
      vertex 63.4194 37.9282 2.3200
    endloop
  endfacet
  facet normal 0.000000 0.000000 -1.000000
    outer loop
      vertex 63.4485 37.9235 4.4000
      vertex 61.2000 34.4000 4.4000
      vertex 61.0000 35.4000 4.4000
    endloop
  endfacet
  facet normal -0.000000 0.000000 1.000000
    outer loop
      vertex 61.0000 35.4000 2.3200
      vertex 61.2000 34.4000 2.3200
      vertex 63.4485 37.9235 2.3200
    endloop
  endfacet
  facet normal 0.000000 -0.000000 -1.000000
    outer loop
      vertex 63.4485 37.9235 4.4000
      vertex 65.8646 37.4591 4.4000
      vertex 61.2000 34.4000 4.4000
    endloop
  endfacet
  facet normal 0.000000 0.000000 1.000000
    outer loop
      vertex 61.2000 34.4000 2.3200
      vertex 65.8646 37.4591 2.3200
      vertex 63.4485 37.9235 2.3200
    endloop
  endfacet
  facet normal 0.000000 -0.000000 -1.000000
    outer loop
      vertex 65.8646 37.4591 4.4000
      vertex 67.4000 31.8000 4.4000
      vertex 61.2000 34.4000 4.4000
    endloop
  endfacet
  facet normal -0.000000 0.000000 1.000000
    outer loop
      vertex 61.2000 34.4000 2.3200
      vertex 67.4000 31.8000 2.3200
      vertex 65.8646 37.4591 2.3200
    endloop
  endfacet
  facet normal 0.000000 0.000000 -1.000000
    outer loop
      vertex 65.8646 37.4591 4.4000
      vertex 67.8000 36.2000 4.4000
      vertex 67.4000 31.8000 4.4000
    endloop
  endfacet
  facet normal 0.000000 -0.000000 1.000000
    outer loop
      vertex 67.4000 31.8000 2.3200
      vertex 67.8000 36.2000 2.3200
      vertex 65.8646 37.4591 2.3200
    endloop
  endfacet
  facet normal 0.000000 0.000000 -1.000000
    outer loop
      vertex 65.8646 37.4591 4.4000
      vertex 65.8827 37.4553 4.4000
      vertex 67.8000 36.2000 4.4000
    endloop
  endfacet
  facet normal 0.000000 0.000000 1.000000
    outer loop
      vertex 67.8000 36.2000 2.3200
      vertex 65.8827 37.4553 2.3200
      vertex 65.8646 37.4591 2.3200
    endloop
  endfacet
  facet normal 0.000000 0.000000 -1.000000
    outer loop
      vertex 65.8827 37.4553 4.4000
      vertex 67.7838 37.0162 4.4000
      vertex 67.8000 36.2000 4.4000
    endloop
  endfacet
  facet normal 0.000000 0.000000 1.000000
    outer loop
      vertex 67.8000 36.2000 2.3200
      vertex 67.7838 37.0162 2.3200
      vertex 65.8827 37.4553 2.3200
    endloop
  endfacet
  facet normal 0.000000 0.000000 -1.000000
    outer loop
      vertex 67.7838 37.0162 4.4000
      vertex 67.8000 37.0000 4.4000
      vertex 67.8000 36.2000 4.4000
    endloop
  endfacet
  facet normal 0.000000 -0.000000 1.000000
    outer loop
      vertex 67.8000 36.2000 2.3200
      vertex 67.8000 37.0000 2.3200
      vertex 67.7838 37.0162 2.3200
    endloop
  endfacet
  facet normal -0.000000 0.000000 -1.000000
    outer loop
      vertex 68.0000 36.0000 4.4000
      vertex 67.6000 32.0000 4.4000
      vertex 67.8000 36.2000 4.4000
    endloop
  endfacet
  facet normal 0.000000 0.000000 1.000000
    outer loop
      vertex 67.8000 36.2000 2.3200
      vertex 67.6000 32.0000 2.3200
      vertex 68.0000 36.0000 2.3200
    endloop
  endfacet
  facet normal 0.000000 -0.000000 -1.000000
    outer loop
      vertex 68.0000 36.0000 4.4000
      vertex 68.0000 32.2000 4.4000
      vertex 67.6000 32.0000 4.4000
    endloop
  endfacet
  facet normal 0.000000 0.000000 1.000000
    outer loop
      vertex 67.6000 32.0000 2.3200
      vertex 68.0000 32.2000 2.3200
      vertex 68.0000 36.0000 2.3200
    endloop
  endfacet
  facet normal -0.000000 -0.000000 -1.000000
    outer loop
      vertex 68.6000 23.4000 4.4000
      vertex 68.6000 19.4000 4.4000
      vertex 68.4000 23.6000 4.4000
    endloop
  endfacet
  facet normal 0.000000 0.000000 1.000000
    outer loop
      vertex 68.4000 23.6000 2.3200
      vertex 68.6000 19.4000 2.3200
      vertex 68.6000 23.4000 2.3200
    endloop
  endfacet
  facet normal 0.000000 0.000000 -1.000000
    outer loop
      vertex 66.6000 15.6000 4.4000
      vertex 66.4000 15.6000 4.4000
      vertex 67.8000 16.8000 4.4000
    endloop
  endfacet
  facet normal 0.000000 0.000000 1.000000
    outer loop
      vertex 67.8000 16.8000 2.3200
      vertex 66.4000 15.6000 2.3200
      vertex 66.6000 15.6000 2.3200
    endloop
  endfacet
  facet normal 0.000000 0.000000 -1.000000
    outer loop
      vertex 65.6000 15.0000 4.4000
      vertex 65.4000 15.0000 4.4000
      vertex 66.0000 15.4000 4.4000
    endloop
  endfacet
  facet normal 0.000000 0.000000 1.000000
    outer loop
      vertex 66.0000 15.4000 2.3200
      vertex 65.4000 15.0000 2.3200
      vertex 65.6000 15.0000 2.3200
    endloop
  endfacet
  facet normal 0.000000 0.000000 -1.000000
    outer loop
      vertex 65.2000 14.8000 4.4000
      vertex 64.8000 14.8000 4.4000
      vertex 65.4000 15.0000 4.4000
    endloop
  endfacet
  facet normal 0.000000 0.000000 1.000000
    outer loop
      vertex 65.4000 15.0000 2.3200
      vertex 64.8000 14.8000 2.3200
      vertex 65.2000 14.8000 2.3200
    endloop
  endfacet
  facet normal 0.000000 0.000000 -1.000000
    outer loop
      vertex 64.2000 14.4000 4.4000
      vertex 63.6000 14.4000 4.4000
      vertex 64.4000 14.6000 4.4000
    endloop
  endfacet
  facet normal 0.000000 0.000000 1.000000
    outer loop
      vertex 64.4000 14.6000 2.3200
      vertex 63.6000 14.4000 2.3200
      vertex 64.2000 14.4000 2.3200
    endloop
  endfacet
  facet normal 0.000000 0.000000 -1.000000
    outer loop
      vertex 63.4000 14.2000 4.4000
      vertex 62.6000 14.2000 4.4000
      vertex 63.6000 14.4000 4.4000
    endloop
  endfacet
  facet normal 0.000000 0.000000 1.000000
    outer loop
      vertex 63.6000 14.4000 2.3200
      vertex 62.6000 14.2000 2.3200
      vertex 63.4000 14.2000 2.3200
    endloop
  endfacet
  facet normal 0.000000 0.000000 -1.000000
    outer loop
      vertex 62.4000 14.0000 4.4000
      vertex 59.4000 14.2000 4.4000
      vertex 62.6000 14.2000 4.4000
    endloop
  endfacet
  facet normal 0.000000 0.000000 1.000000
    outer loop
      vertex 62.6000 14.2000 2.3200
      vertex 59.4000 14.2000 2.3200
      vertex 62.4000 14.0000 2.3200
    endloop
  endfacet
  facet normal 0.000000 0.000000 -1.000000
    outer loop
      vertex 62.4000 14.0000 4.4000
      vertex 59.6000 14.0000 4.4000
      vertex 59.4000 14.2000 4.4000
    endloop
  endfacet
  facet normal 0.000000 0.000000 1.000000
    outer loop
      vertex 59.4000 14.2000 2.3200
      vertex 59.6000 14.0000 2.3200
      vertex 62.4000 14.0000 2.3200
    endloop
  endfacet
  facet normal 0.000000 0.000000 -1.000000
    outer loop
      vertex 58.4000 14.2000 4.4000
      vertex 58.2000 14.4000 4.4000
      vertex 59.4000 14.2000 4.4000
    endloop
  endfacet
  facet normal 0.000000 0.000000 1.000000
    outer loop
      vertex 59.4000 14.2000 2.3200
      vertex 58.2000 14.4000 2.3200
      vertex 58.4000 14.2000 2.3200
    endloop
  endfacet
  facet normal 0.000000 0.000000 -1.000000
    outer loop
      vertex 57.2000 14.6000 4.4000
      vertex 57.0000 14.8000 4.4000
      vertex 57.6000 14.6000 4.4000
    endloop
  endfacet
  facet normal 0.000000 0.000000 1.000000
    outer loop
      vertex 57.6000 14.6000 2.3200
      vertex 57.0000 14.8000 2.3200
      vertex 57.2000 14.6000 2.3200
    endloop
  endfacet
  facet normal 0.000000 0.000000 -1.000000
    outer loop
      vertex 56.8000 14.8000 4.4000
      vertex 56.6000 15.0000 4.4000
      vertex 57.0000 14.8000 4.4000
    endloop
  endfacet
  facet normal 0.000000 0.000000 1.000000
    outer loop
      vertex 57.0000 14.8000 2.3200
      vertex 56.6000 15.0000 2.3200
      vertex 56.8000 14.8000 2.3200
    endloop
  endfacet
  facet normal 0.000000 0.000000 -1.000000
    outer loop
      vertex 56.0000 15.2000 4.4000
      vertex 55.6000 15.6000 4.4000
      vertex 56.2000 15.2000 4.4000
    endloop
  endfacet
  facet normal 0.000000 0.000000 1.000000
    outer loop
      vertex 56.2000 15.2000 2.3200
      vertex 55.6000 15.6000 2.3200
      vertex 56.0000 15.2000 2.3200
    endloop
  endfacet
  facet normal 0.000000 0.000000 -1.000000
    outer loop
      vertex 55.4000 15.6000 4.4000
      vertex 54.2000 17.0000 4.4000
      vertex 55.6000 15.6000 4.4000
    endloop
  endfacet
  facet normal 0.000000 0.000000 1.000000
    outer loop
      vertex 55.6000 15.6000 2.3200
      vertex 54.2000 17.0000 2.3200
      vertex 55.4000 15.6000 2.3200
    endloop
  endfacet
  facet normal 0.000000 0.000000 -1.000000
    outer loop
      vertex 55.4000 15.6000 4.4000
      vertex 54.2000 16.8000 4.4000
      vertex 54.2000 17.0000 4.4000
    endloop
  endfacet
  facet normal 0.000000 0.000000 1.000000
    outer loop
      vertex 54.2000 17.0000 2.3200
      vertex 54.2000 16.8000 2.3200
      vertex 55.4000 15.6000 2.3200
    endloop
  endfacet
  facet normal 0.000000 0.000000 -1.000000
    outer loop
      vertex 53.8000 17.4000 4.4000
      vertex 53.8000 17.6000 4.4000
      vertex 54.2000 17.0000 4.4000
    endloop
  endfacet
  facet normal 0.000000 0.000000 1.000000
    outer loop
      vertex 54.2000 17.0000 2.3200
      vertex 53.8000 17.6000 2.3200
      vertex 53.8000 17.4000 2.3200
    endloop
  endfacet
  facet normal 0.000000 0.000000 -1.000000
    outer loop
      vertex 53.6000 17.8000 4.4000
      vertex 53.6000 18.4000 4.4000
      vertex 53.8000 17.6000 4.4000
    endloop
  endfacet
  facet normal 0.000000 0.000000 1.000000
    outer loop
      vertex 53.8000 17.6000 2.3200
      vertex 53.6000 18.4000 2.3200
      vertex 53.6000 17.8000 2.3200
    endloop
  endfacet
  facet normal 0.000000 0.000000 -1.000000
    outer loop
      vertex 53.4000 18.6000 4.4000
      vertex 53.4000 19.4000 4.4000
      vertex 53.6000 18.4000 4.4000
    endloop
  endfacet
  facet normal 0.000000 0.000000 1.000000
    outer loop
      vertex 53.6000 18.4000 2.3200
      vertex 53.4000 19.4000 2.3200
      vertex 53.4000 18.6000 2.3200
    endloop
  endfacet
  facet normal 0.000000 0.000000 -1.000000
    outer loop
      vertex 53.2000 19.6000 4.4000
      vertex 53.6000 24.2000 4.4000
      vertex 53.4000 19.4000 4.4000
    endloop
  endfacet
  facet normal 0.000000 -0.000000 1.000000
    outer loop
      vertex 53.4000 19.4000 2.3200
      vertex 53.6000 24.2000 2.3200
      vertex 53.2000 19.6000 2.3200
    endloop
  endfacet
  facet normal 0.000000 0.000000 -1.000000
    outer loop
      vertex 53.2000 19.6000 4.4000
      vertex 53.2000 24.0000 4.4000
      vertex 53.6000 24.2000 4.4000
    endloop
  endfacet
  facet normal 0.000000 0.000000 1.000000
    outer loop
      vertex 53.6000 24.2000 2.3200
      vertex 53.2000 24.0000 2.3200
      vertex 53.2000 19.6000 2.3200
    endloop
  endfacet
  facet normal 0.000000 0.000000 -1.000000
    outer loop
      vertex 53.0000 31.4000 4.4000
      vertex 53.9835 31.8512 4.4000
      vertex 53.2000 31.2000 4.4000
    endloop
  endfacet
  facet normal 0.000000 -0.000000 1.000000
    outer loop
      vertex 53.2000 31.2000 2.3200
      vertex 53.9835 31.8512 2.3200
      vertex 53.0000 31.4000 2.3200
    endloop
  endfacet
  facet normal 0.000000 0.000000 -1.000000
    outer loop
      vertex 53.0000 31.4000 4.4000
      vertex 53.0000 31.9518 4.4000
      vertex 53.9835 31.8512 4.4000
    endloop
  endfacet
  facet normal 0.000000 0.000000 1.000000
    outer loop
      vertex 53.9835 31.8512 2.3200
      vertex 53.0000 31.9518 2.3200
      vertex 53.0000 31.4000 2.3200
    endloop
  endfacet
  facet normal 0.000000 0.000000 -1.000000
    outer loop
      vertex 57.6609 37.8394 4.4000
      vertex 57.3336 37.0370 4.4000
      vertex 57.4081 37.5113 4.4000
    endloop
  endfacet
  facet normal -0.000000 0.000000 1.000000
    outer loop
      vertex 57.4081 37.5113 2.3200
      vertex 57.3336 37.0370 2.3200
      vertex 57.6609 37.8394 2.3200
    endloop
  endfacet
  facet normal 0.000000 0.000000 -1.000000
    outer loop
      vertex 57.3336 37.0370 4.4000
      vertex 57.3102 37.2836 4.4000
      vertex 57.4081 37.5113 4.4000
    endloop
  endfacet
  facet normal 0.000000 0.000000 1.000000
    outer loop
      vertex 57.4081 37.5113 2.3200
      vertex 57.3102 37.2836 2.3200
      vertex 57.3336 37.0370 2.3200
    endloop
  endfacet
  facet normal 0.000000 0.000000 -1.000000
    outer loop
      vertex 57.3336 37.0370 4.4000
      vertex 57.3044 37.2214 4.4000
      vertex 57.3102 37.2836 4.4000
    endloop
  endfacet
  facet normal 0.000000 0.000000 1.000000
    outer loop
      vertex 57.3102 37.2836 2.3200
      vertex 57.3044 37.2214 2.3200
      vertex 57.3336 37.0370 2.3200
    endloop
  endfacet
  facet normal 0.000000 0.000000 -1.000000
    outer loop
      vertex 57.3336 37.0370 4.4000
      vertex 57.3064 37.1588 4.4000
      vertex 57.3044 37.2214 4.4000
    endloop
  endfacet
  facet normal 0.000000 0.000000 1.000000
    outer loop
      vertex 57.3044 37.2214 2.3200
      vertex 57.3064 37.1588 2.3200
      vertex 57.3336 37.0370 2.3200
    endloop
  endfacet
  facet normal 0.000000 0.000000 -1.000000
    outer loop
      vertex 57.3336 37.0370 4.4000
      vertex 57.3161 37.0970 4.4000
      vertex 57.3064 37.1588 4.4000
    endloop
  endfacet
  facet normal 0.000000 0.000000 1.000000
    outer loop
      vertex 57.3064 37.1588 2.3200
      vertex 57.3161 37.0970 2.3200
      vertex 57.3336 37.0370 2.3200
    endloop
  endfacet
  facet normal 0.000000 0.000000 -1.000000
    outer loop
      vertex 57.3102 37.2836 4.4000
      vertex 57.3448 37.4036 4.4000
      vertex 57.4081 37.5113 4.4000
    endloop
  endfacet
  facet normal 0.000000 0.000000 1.000000
    outer loop
      vertex 57.4081 37.5113 2.3200
      vertex 57.3448 37.4036 2.3200
      vertex 57.3102 37.2836 2.3200
    endloop
  endfacet
  facet normal 0.000000 0.000000 -1.000000
    outer loop
      vertex 57.3102 37.2836 4.4000
      vertex 57.3237 37.3447 4.4000
      vertex 57.3448 37.4036 4.4000
    endloop
  endfacet
  facet normal 0.000000 0.000000 1.000000
    outer loop
      vertex 57.3448 37.4036 2.3200
      vertex 57.3237 37.3447 2.3200
      vertex 57.3102 37.2836 2.3200
    endloop
  endfacet
  facet normal 0.000000 0.000000 -1.000000
    outer loop
      vertex 57.3448 37.4036 4.4000
      vertex 57.3731 37.4594 4.4000
      vertex 57.4081 37.5113 4.4000
    endloop
  endfacet
  facet normal 0.000000 0.000000 1.000000
    outer loop
      vertex 57.4081 37.5113 2.3200
      vertex 57.3731 37.4594 2.3200
      vertex 57.3448 37.4036 2.3200
    endloop
  endfacet
  facet normal 0.000000 0.000000 -1.000000
    outer loop
      vertex 57.6909 36.0426 4.4000
      vertex 60.2000 35.4000 4.4000
      vertex 57.6964 36.0280 4.4000
    endloop
  endfacet
  facet normal -0.000000 -0.000000 1.000000
    outer loop
      vertex 57.6964 36.0280 2.3200
      vertex 60.2000 35.4000 2.3200
      vertex 57.6909 36.0426 2.3200
    endloop
  endfacet
  facet normal 0.000000 0.000000 -1.000000
    outer loop
      vertex 57.6909 36.0426 4.4000
      vertex 60.4000 35.6000 4.4000
      vertex 60.2000 35.4000 4.4000
    endloop
  endfacet
  facet normal 0.000000 -0.000000 1.000000
    outer loop
      vertex 60.2000 35.4000 2.3200
      vertex 60.4000 35.6000 2.3200
      vertex 57.6909 36.0426 2.3200
    endloop
  endfacet
  facet normal 0.000000 0.000000 -1.000000
    outer loop
      vertex 61.0000 35.4000 4.4000
      vertex 61.2000 34.4000 4.4000
      vertex 61.0000 34.6000 4.4000
    endloop
  endfacet
  facet normal -0.000000 0.000000 1.000000
    outer loop
      vertex 61.0000 34.6000 2.3200
      vertex 61.2000 34.4000 2.3200
      vertex 61.0000 35.4000 2.3200
    endloop
  endfacet
  facet normal 0.000000 0.000000 -1.000000
    outer loop
      vertex 61.2000 34.4000 4.4000
      vertex 61.6000 32.0000 4.4000
      vertex 61.2000 32.2000 4.4000
    endloop
  endfacet
  facet normal -0.000000 0.000000 1.000000
    outer loop
      vertex 61.2000 32.2000 2.3200
      vertex 61.6000 32.0000 2.3200
      vertex 61.2000 34.4000 2.3200
    endloop
  endfacet
  facet normal 0.000000 0.000000 -1.000000
    outer loop
      vertex 61.2000 34.4000 4.4000
      vertex 61.8000 31.8000 4.4000
      vertex 61.6000 32.0000 4.4000
    endloop
  endfacet
  facet normal -0.000000 -0.000000 1.000000
    outer loop
      vertex 61.6000 32.0000 2.3200
      vertex 61.8000 31.8000 2.3200
      vertex 61.2000 34.4000 2.3200
    endloop
  endfacet
  facet normal 0.000000 0.000000 -1.000000
    outer loop
      vertex 61.2000 34.4000 4.4000
      vertex 67.4000 31.8000 4.4000
      vertex 61.8000 31.8000 4.4000
    endloop
  endfacet
  facet normal 0.000000 -0.000000 1.000000
    outer loop
      vertex 61.8000 31.8000 2.3200
      vertex 67.4000 31.8000 2.3200
      vertex 61.2000 34.4000 2.3200
    endloop
  endfacet
  facet normal 0.000000 0.000000 -1.000000
    outer loop
      vertex 67.4000 31.8000 4.4000
      vertex 67.8000 36.2000 4.4000
      vertex 67.6000 32.0000 4.4000
    endloop
  endfacet
  facet normal 0.000000 -0.000000 1.000000
    outer loop
      vertex 67.6000 32.0000 2.3200
      vertex 67.8000 36.2000 2.3200
      vertex 67.4000 31.8000 2.3200
    endloop
  endfacet
  facet normal 0.000000 0.000000 -1.000000
    outer loop
      vertex 67.6000 32.0000 4.4000
      vertex 68.0000 32.2000 4.4000
      vertex 67.8000 32.0000 4.4000
    endloop
  endfacet
  facet normal 0.000000 -0.000000 1.000000
    outer loop
      vertex 67.8000 32.0000 2.3200
      vertex 68.0000 32.2000 2.3200
      vertex 67.6000 32.0000 2.3200
    endloop
  endfacet
  facet normal -0.000000 -0.000000 -1.000000
    outer loop
      vertex 68.4000 24.6000 4.4000
      vertex 68.4000 23.6000 4.4000
      vertex 68.2000 24.8000 4.4000
    endloop
  endfacet
  facet normal 0.000000 0.000000 1.000000
    outer loop
      vertex 68.2000 24.8000 2.3200
      vertex 68.4000 23.6000 2.3200
      vertex 68.4000 24.6000 2.3200
    endloop
  endfacet
  facet normal -0.000000 0.000000 -1.000000
    outer loop
      vertex 68.4000 23.6000 4.4000
      vertex 61.4000 22.6000 4.4000
      vertex 68.2000 24.8000 4.4000
    endloop
  endfacet
  facet normal 0.000000 0.000000 1.000000
    outer loop
      vertex 68.2000 24.8000 2.3200
      vertex 61.4000 22.6000 2.3200
      vertex 68.4000 23.6000 2.3200
    endloop
  endfacet
  facet normal 0.000000 0.000000 -1.000000
    outer loop
      vertex 68.4000 23.6000 4.4000
      vertex 61.6000 21.0000 4.4000
      vertex 61.4000 22.6000 4.4000
    endloop
  endfacet
  facet normal -0.000000 0.000000 1.000000
    outer loop
      vertex 61.4000 22.6000 2.3200
      vertex 61.6000 21.0000 2.3200
      vertex 68.4000 23.6000 2.3200
    endloop
  endfacet
  facet normal 0.000000 -0.000000 -1.000000
    outer loop
      vertex 68.4000 23.6000 4.4000
      vertex 68.4000 19.2000 4.4000
      vertex 61.6000 21.0000 4.4000
    endloop
  endfacet
  facet normal -0.000000 0.000000 1.000000
    outer loop
      vertex 61.6000 21.0000 2.3200
      vertex 68.4000 19.2000 2.3200
      vertex 68.4000 23.6000 2.3200
    endloop
  endfacet
  facet normal 0.000000 0.000000 -1.000000
    outer loop
      vertex 68.4000 23.6000 4.4000
      vertex 68.6000 19.4000 4.4000
      vertex 68.4000 19.2000 4.4000
    endloop
  endfacet
  facet normal 0.000000 0.000000 1.000000
    outer loop
      vertex 68.4000 19.2000 2.3200
      vertex 68.6000 19.4000 2.3200
      vertex 68.4000 23.6000 2.3200
    endloop
  endfacet
  facet normal -0.000000 0.000000 -1.000000
    outer loop
      vertex 68.4000 18.2000 4.4000
      vertex 68.2000 18.0000 4.4000
      vertex 68.4000 19.2000 4.4000
    endloop
  endfacet
  facet normal 0.000000 0.000000 1.000000
    outer loop
      vertex 68.4000 19.2000 2.3200
      vertex 68.2000 18.0000 2.3200
      vertex 68.4000 18.2000 2.3200
    endloop
  endfacet
  facet normal -0.000000 0.000000 -1.000000
    outer loop
      vertex 68.2000 17.6000 4.4000
      vertex 68.0000 17.4000 4.4000
      vertex 68.2000 18.0000 4.4000
    endloop
  endfacet
  facet normal 0.000000 0.000000 1.000000
    outer loop
      vertex 68.2000 18.0000 2.3200
      vertex 68.0000 17.4000 2.3200
      vertex 68.2000 17.6000 2.3200
    endloop
  endfacet
  facet normal -0.000000 0.000000 -1.000000
    outer loop
      vertex 68.0000 17.2000 4.4000
      vertex 67.8000 17.0000 4.4000
      vertex 68.0000 17.4000 4.4000
    endloop
  endfacet
  facet normal 0.000000 0.000000 1.000000
    outer loop
      vertex 68.0000 17.4000 2.3200
      vertex 67.8000 17.0000 2.3200
      vertex 68.0000 17.2000 2.3200
    endloop
  endfacet
  facet normal -0.000000 0.000000 -1.000000
    outer loop
      vertex 67.8000 16.8000 4.4000
      vertex 66.4000 15.6000 4.4000
      vertex 67.8000 17.0000 4.4000
    endloop
  endfacet
  facet normal 0.000000 0.000000 1.000000
    outer loop
      vertex 67.8000 17.0000 2.3200
      vertex 66.4000 15.6000 2.3200
      vertex 67.8000 16.8000 2.3200
    endloop
  endfacet
  facet normal 0.000000 0.000000 -1.000000
    outer loop
      vertex 66.4000 15.6000 4.4000
      vertex 61.4000 19.8000 4.4000
      vertex 67.8000 17.0000 4.4000
    endloop
  endfacet
  facet normal 0.000000 0.000000 1.000000
    outer loop
      vertex 67.8000 17.0000 2.3200
      vertex 61.4000 19.8000 2.3200
      vertex 66.4000 15.6000 2.3200
    endloop
  endfacet
  facet normal -0.000000 0.000000 -1.000000
    outer loop
      vertex 66.4000 15.6000 4.4000
      vertex 66.0000 15.4000 4.4000
      vertex 61.4000 19.8000 4.4000
    endloop
  endfacet
  facet normal 0.000000 0.000000 1.000000
    outer loop
      vertex 61.4000 19.8000 2.3200
      vertex 66.0000 15.4000 2.3200
      vertex 66.4000 15.6000 2.3200
    endloop
  endfacet
  facet normal 0.000000 0.000000 -1.000000
    outer loop
      vertex 66.4000 15.6000 4.4000
      vertex 66.2000 15.4000 4.4000
      vertex 66.0000 15.4000 4.4000
    endloop
  endfacet
  facet normal 0.000000 0.000000 1.000000
    outer loop
      vertex 66.0000 15.4000 2.3200
      vertex 66.2000 15.4000 2.3200
      vertex 66.4000 15.6000 2.3200
    endloop
  endfacet
  facet normal 0.000000 0.000000 -1.000000
    outer loop
      vertex 66.0000 15.4000 4.4000
      vertex 61.2000 19.4000 4.4000
      vertex 61.4000 19.8000 4.4000
    endloop
  endfacet
  facet normal 0.000000 0.000000 1.000000
    outer loop
      vertex 61.4000 19.8000 2.3200
      vertex 61.2000 19.4000 2.3200
      vertex 66.0000 15.4000 2.3200
    endloop
  endfacet
  facet normal -0.000000 0.000000 -1.000000
    outer loop
      vertex 66.0000 15.4000 4.4000
      vertex 64.8000 14.8000 4.4000
      vertex 61.2000 19.4000 4.4000
    endloop
  endfacet
  facet normal 0.000000 0.000000 1.000000
    outer loop
      vertex 61.2000 19.4000 2.3200
      vertex 64.8000 14.8000 2.3200
      vertex 66.0000 15.4000 2.3200
    endloop
  endfacet
  facet normal 0.000000 0.000000 -1.000000
    outer loop
      vertex 66.0000 15.4000 4.4000
      vertex 65.4000 15.0000 4.4000
      vertex 64.8000 14.8000 4.4000
    endloop
  endfacet
  facet normal 0.000000 0.000000 1.000000
    outer loop
      vertex 64.8000 14.8000 2.3200
      vertex 65.4000 15.0000 2.3200
      vertex 66.0000 15.4000 2.3200
    endloop
  endfacet
  facet normal -0.000000 0.000000 -1.000000
    outer loop
      vertex 64.8000 14.8000 4.4000
      vertex 63.6000 14.4000 4.4000
      vertex 61.2000 19.4000 4.4000
    endloop
  endfacet
  facet normal 0.000000 0.000000 1.000000
    outer loop
      vertex 61.2000 19.4000 2.3200
      vertex 63.6000 14.4000 2.3200
      vertex 64.8000 14.8000 2.3200
    endloop
  endfacet
  facet normal 0.000000 0.000000 -1.000000
    outer loop
      vertex 64.8000 14.8000 4.4000
      vertex 64.4000 14.6000 4.4000
      vertex 63.6000 14.4000 4.4000
    endloop
  endfacet
  facet normal 0.000000 0.000000 1.000000
    outer loop
      vertex 63.6000 14.4000 2.3200
      vertex 64.4000 14.6000 2.3200
      vertex 64.8000 14.8000 2.3200
    endloop
  endfacet
  facet normal 0.000000 0.000000 -1.000000
    outer loop
      vertex 64.8000 14.8000 4.4000
      vertex 64.6000 14.6000 4.4000
      vertex 64.4000 14.6000 4.4000
    endloop
  endfacet
  facet normal 0.000000 0.000000 1.000000
    outer loop
      vertex 64.4000 14.6000 2.3200
      vertex 64.6000 14.6000 2.3200
      vertex 64.8000 14.8000 2.3200
    endloop
  endfacet
  facet normal 0.000000 0.000000 -1.000000
    outer loop
      vertex 63.6000 14.4000 4.4000
      vertex 61.0000 19.2000 4.4000
      vertex 61.2000 19.4000 4.4000
    endloop
  endfacet
  facet normal 0.000000 0.000000 1.000000
    outer loop
      vertex 61.2000 19.4000 2.3200
      vertex 61.0000 19.2000 2.3200
      vertex 63.6000 14.4000 2.3200
    endloop
  endfacet
  facet normal -0.000000 0.000000 -1.000000
    outer loop
      vertex 63.6000 14.4000 4.4000
      vertex 62.6000 14.2000 4.4000
      vertex 61.0000 19.2000 4.4000
    endloop
  endfacet
  facet normal 0.000000 0.000000 1.000000
    outer loop
      vertex 61.0000 19.2000 2.3200
      vertex 62.6000 14.2000 2.3200
      vertex 63.6000 14.4000 2.3200
    endloop
  endfacet
  facet normal 0.000000 0.000000 -1.000000
    outer loop
      vertex 62.6000 14.2000 4.4000
      vertex 59.4000 14.2000 4.4000
      vertex 61.0000 19.2000 4.4000
    endloop
  endfacet
  facet normal 0.000000 0.000000 1.000000
    outer loop
      vertex 61.0000 19.2000 2.3200
      vertex 59.4000 14.2000 2.3200
      vertex 62.6000 14.2000 2.3200
    endloop
  endfacet
  facet normal 0.000000 0.000000 -1.000000
    outer loop
      vertex 59.4000 14.2000 4.4000
      vertex 60.6000 19.2000 4.4000
      vertex 61.0000 19.2000 4.4000
    endloop
  endfacet
  facet normal 0.000000 0.000000 1.000000
    outer loop
      vertex 61.0000 19.2000 2.3200
      vertex 60.6000 19.2000 2.3200
      vertex 59.4000 14.2000 2.3200
    endloop
  endfacet
  facet normal 0.000000 0.000000 -1.000000
    outer loop
      vertex 59.4000 14.2000 4.4000
      vertex 58.2000 14.4000 4.4000
      vertex 60.6000 19.2000 4.4000
    endloop
  endfacet
  facet normal 0.000000 0.000000 1.000000
    outer loop
      vertex 60.6000 19.2000 2.3200
      vertex 58.2000 14.4000 2.3200
      vertex 59.4000 14.2000 2.3200
    endloop
  endfacet
  facet normal 0.000000 0.000000 -1.000000
    outer loop
      vertex 58.2000 14.4000 4.4000
      vertex 57.6000 14.6000 4.4000
      vertex 60.6000 19.2000 4.4000
    endloop
  endfacet
  facet normal 0.000000 0.000000 1.000000
    outer loop
      vertex 60.6000 19.2000 2.3200
      vertex 57.6000 14.6000 2.3200
      vertex 58.2000 14.4000 2.3200
    endloop
  endfacet
  facet normal 0.000000 0.000000 -1.000000
    outer loop
      vertex 58.2000 14.4000 4.4000
      vertex 57.8000 14.4000 4.4000
      vertex 57.6000 14.6000 4.4000
    endloop
  endfacet
  facet normal 0.000000 0.000000 1.000000
    outer loop
      vertex 57.6000 14.6000 2.3200
      vertex 57.8000 14.4000 2.3200
      vertex 58.2000 14.4000 2.3200
    endloop
  endfacet
  facet normal 0.000000 0.000000 -1.000000
    outer loop
      vertex 57.6000 14.6000 4.4000
      vertex 60.2000 19.6000 4.4000
      vertex 60.6000 19.2000 4.4000
    endloop
  endfacet
  facet normal 0.000000 0.000000 1.000000
    outer loop
      vertex 60.6000 19.2000 2.3200
      vertex 60.2000 19.6000 2.3200
      vertex 57.6000 14.6000 2.3200
    endloop
  endfacet
  facet normal 0.000000 0.000000 -1.000000
    outer loop
      vertex 57.6000 14.6000 4.4000
      vertex 57.0000 14.8000 4.4000
      vertex 60.2000 19.6000 4.4000
    endloop
  endfacet
  facet normal 0.000000 0.000000 1.000000
    outer loop
      vertex 60.2000 19.6000 2.3200
      vertex 57.0000 14.8000 2.3200
      vertex 57.6000 14.6000 2.3200
    endloop
  endfacet
  facet normal 0.000000 0.000000 -1.000000
    outer loop
      vertex 57.0000 14.8000 4.4000
      vertex 56.6000 15.0000 4.4000
      vertex 60.2000 19.6000 4.4000
    endloop
  endfacet
  facet normal 0.000000 0.000000 1.000000
    outer loop
      vertex 60.2000 19.6000 2.3200
      vertex 56.6000 15.0000 2.3200
      vertex 57.0000 14.8000 2.3200
    endloop
  endfacet
  facet normal 0.000000 0.000000 -1.000000
    outer loop
      vertex 56.6000 15.0000 4.4000
      vertex 56.2000 15.2000 4.4000
      vertex 60.2000 19.6000 4.4000
    endloop
  endfacet
  facet normal 0.000000 0.000000 1.000000
    outer loop
      vertex 60.2000 19.6000 2.3200
      vertex 56.2000 15.2000 2.3200
      vertex 56.6000 15.0000 2.3200
    endloop
  endfacet
  facet normal 0.000000 0.000000 -1.000000
    outer loop
      vertex 56.6000 15.0000 4.4000
      vertex 56.4000 15.0000 4.4000
      vertex 56.2000 15.2000 4.4000
    endloop
  endfacet
  facet normal 0.000000 0.000000 1.000000
    outer loop
      vertex 56.2000 15.2000 2.3200
      vertex 56.4000 15.0000 2.3200
      vertex 56.6000 15.0000 2.3200
    endloop
  endfacet
  facet normal 0.000000 0.000000 -1.000000
    outer loop
      vertex 56.2000 15.2000 4.4000
      vertex 55.6000 15.6000 4.4000
      vertex 60.2000 19.6000 4.4000
    endloop
  endfacet
  facet normal 0.000000 0.000000 1.000000
    outer loop
      vertex 60.2000 19.6000 2.3200
      vertex 55.6000 15.6000 2.3200
      vertex 56.2000 15.2000 2.3200
    endloop
  endfacet
  facet normal 0.000000 0.000000 -1.000000
    outer loop
      vertex 55.6000 15.6000 4.4000
      vertex 54.2000 17.0000 4.4000
      vertex 60.2000 19.6000 4.4000
    endloop
  endfacet
  facet normal 0.000000 0.000000 1.000000
    outer loop
      vertex 60.2000 19.6000 2.3200
      vertex 54.2000 17.0000 2.3200
      vertex 55.6000 15.6000 2.3200
    endloop
  endfacet
  facet normal 0.000000 0.000000 -1.000000
    outer loop
      vertex 54.2000 17.0000 4.4000
      vertex 53.6000 18.4000 4.4000
      vertex 60.2000 19.6000 4.4000
    endloop
  endfacet
  facet normal 0.000000 0.000000 1.000000
    outer loop
      vertex 60.2000 19.6000 2.3200
      vertex 53.6000 18.4000 2.3200
      vertex 54.2000 17.0000 2.3200
    endloop
  endfacet
  facet normal 0.000000 0.000000 -1.000000
    outer loop
      vertex 54.2000 17.0000 4.4000
      vertex 53.8000 17.6000 4.4000
      vertex 53.6000 18.4000 4.4000
    endloop
  endfacet
  facet normal 0.000000 0.000000 1.000000
    outer loop
      vertex 53.6000 18.4000 2.3200
      vertex 53.8000 17.6000 2.3200
      vertex 54.2000 17.0000 2.3200
    endloop
  endfacet
  facet normal 0.000000 0.000000 -1.000000
    outer loop
      vertex 53.6000 18.4000 4.4000
      vertex 53.4000 19.4000 4.4000
      vertex 60.2000 19.6000 4.4000
    endloop
  endfacet
  facet normal 0.000000 0.000000 1.000000
    outer loop
      vertex 60.2000 19.6000 2.3200
      vertex 53.4000 19.4000 2.3200
      vertex 53.6000 18.4000 2.3200
    endloop
  endfacet
  facet normal 0.000000 0.000000 -1.000000
    outer loop
      vertex 53.4000 19.4000 4.4000
      vertex 59.2000 24.4000 4.4000
      vertex 60.2000 19.6000 4.4000
    endloop
  endfacet
  facet normal 0.000000 0.000000 1.000000
    outer loop
      vertex 60.2000 19.6000 2.3200
      vertex 59.2000 24.4000 2.3200
      vertex 53.4000 19.4000 2.3200
    endloop
  endfacet
  facet normal 0.000000 0.000000 -1.000000
    outer loop
      vertex 53.4000 19.4000 4.4000
      vertex 53.8000 24.4000 4.4000
      vertex 59.2000 24.4000 4.4000
    endloop
  endfacet
  facet normal 0.000000 0.000000 1.000000
    outer loop
      vertex 59.2000 24.4000 2.3200
      vertex 53.8000 24.4000 2.3200
      vertex 53.4000 19.4000 2.3200
    endloop
  endfacet
  facet normal 0.000000 0.000000 -1.000000
    outer loop
      vertex 53.4000 19.4000 4.4000
      vertex 53.6000 24.2000 4.4000
      vertex 53.8000 24.4000 4.4000
    endloop
  endfacet
  facet normal 0.000000 0.000000 1.000000
    outer loop
      vertex 53.8000 24.4000 2.3200
      vertex 53.6000 24.2000 2.3200
      vertex 53.4000 19.4000 2.3200
    endloop
  endfacet
  facet normal -0.000000 0.000000 -1.000000
    outer loop
      vertex 53.6000 24.2000 4.4000
      vertex 53.2000 24.0000 4.4000
      vertex 53.4000 24.2000 4.4000
    endloop
  endfacet
  facet normal -0.000000 0.000000 1.000000
    outer loop
      vertex 53.4000 24.2000 2.3200
      vertex 53.2000 24.0000 2.3200
      vertex 53.6000 24.2000 2.3200
    endloop
  endfacet
  facet normal 0.000000 0.000000 -1.000000
    outer loop
      vertex 53.2000 30.4000 4.4000
      vertex 53.2000 31.2000 4.4000
      vertex 53.4000 30.2000 4.4000
    endloop
  endfacet
  facet normal 0.000000 0.000000 1.000000
    outer loop
      vertex 53.4000 30.2000 2.3200
      vertex 53.2000 31.2000 2.3200
      vertex 53.2000 30.4000 2.3200
    endloop
  endfacet
  facet normal 0.000000 0.000000 -1.000000
    outer loop
      vertex 53.2000 31.2000 4.4000
      vertex 54.0165 31.8512 4.4000
      vertex 53.4000 30.2000 4.4000
    endloop
  endfacet
  facet normal 0.000000 -0.000000 1.000000
    outer loop
      vertex 53.4000 30.2000 2.3200
      vertex 54.0165 31.8512 2.3200
      vertex 53.2000 31.2000 2.3200
    endloop
  endfacet
  facet normal 0.000000 0.000000 -1.000000
    outer loop
      vertex 53.2000 31.2000 4.4000
      vertex 54.0097 31.8506 4.4000
      vertex 54.0165 31.8512 4.4000
    endloop
  endfacet
  facet normal 0.000000 0.000000 1.000000
    outer loop
      vertex 54.0165 31.8512 2.3200
      vertex 54.0097 31.8506 2.3200
      vertex 53.2000 31.2000 2.3200
    endloop
  endfacet
  facet normal 0.000000 0.000000 -1.000000
    outer loop
      vertex 53.2000 31.2000 4.4000
      vertex 53.9903 31.8506 4.4000
      vertex 54.0097 31.8506 4.4000
    endloop
  endfacet
  facet normal 0.000000 0.000000 1.000000
    outer loop
      vertex 54.0097 31.8506 2.3200
      vertex 53.9903 31.8506 2.3200
      vertex 53.2000 31.2000 2.3200
    endloop
  endfacet
  facet normal 0.000000 0.000000 -1.000000
    outer loop
      vertex 53.2000 31.2000 4.4000
      vertex 53.9835 31.8512 4.4000
      vertex 53.9903 31.8506 4.4000
    endloop
  endfacet
  facet normal 0.000000 0.000000 1.000000
    outer loop
      vertex 53.9903 31.8506 2.3200
      vertex 53.9835 31.8512 2.3200
      vertex 53.2000 31.2000 2.3200
    endloop
  endfacet
  facet normal 0.000000 0.000000 -1.000000
    outer loop
      vertex 54.0165 31.8512 4.4000
      vertex 53.6000 29.8000 4.4000
      vertex 53.4000 30.2000 4.4000
    endloop
  endfacet
  facet normal -0.000000 0.000000 1.000000
    outer loop
      vertex 53.4000 30.2000 2.3200
      vertex 53.6000 29.8000 2.3200
      vertex 54.0165 31.8512 2.3200
    endloop
  endfacet
  facet normal 0.000000 -0.000000 -1.000000
    outer loop
      vertex 54.0165 31.8512 4.4000
      vertex 55.5867 32.0118 4.4000
      vertex 53.6000 29.8000 4.4000
    endloop
  endfacet
  facet normal 0.000000 0.000000 1.000000
    outer loop
      vertex 53.6000 29.8000 2.3200
      vertex 55.5867 32.0118 2.3200
      vertex 54.0165 31.8512 2.3200
    endloop
  endfacet
  facet normal 0.000000 0.000000 -1.000000
    outer loop
      vertex 55.5867 32.0118 4.4000
      vertex 54.0000 29.0000 4.4000
      vertex 53.6000 29.8000 4.4000
    endloop
  endfacet
  facet normal -0.000000 0.000000 1.000000
    outer loop
      vertex 53.6000 29.8000 2.3200
      vertex 54.0000 29.0000 2.3200
      vertex 55.5867 32.0118 2.3200
    endloop
  endfacet
  facet normal 0.000000 -0.000000 -1.000000
    outer loop
      vertex 55.5867 32.0118 4.4000
      vertex 55.5946 32.0128 4.4000
      vertex 54.0000 29.0000 4.4000
    endloop
  endfacet
  facet normal 0.000000 0.000000 1.000000
    outer loop
      vertex 54.0000 29.0000 2.3200
      vertex 55.5946 32.0128 2.3200
      vertex 55.5867 32.0118 2.3200
    endloop
  endfacet
  facet normal 0.000000 0.000000 -1.000000
    outer loop
      vertex 57.6964 36.0280 4.4000
      vertex 60.0000 35.0000 4.4000
      vertex 58.2661 34.5860 4.4000
    endloop
  endfacet
  facet normal 0.000000 -0.000000 1.000000
    outer loop
      vertex 58.2661 34.5860 2.3200
      vertex 60.0000 35.0000 2.3200
      vertex 57.6964 36.0280 2.3200
    endloop
  endfacet
  facet normal 0.000000 0.000000 -1.000000
    outer loop
      vertex 57.6964 36.0280 4.4000
      vertex 60.2000 35.4000 4.4000
      vertex 60.0000 35.0000 4.4000
    endloop
  endfacet
  facet normal 0.000000 -0.000000 1.000000
    outer loop
      vertex 60.0000 35.0000 2.3200
      vertex 60.2000 35.4000 2.3200
      vertex 57.6964 36.0280 2.3200
    endloop
  endfacet
  facet normal 0.000000 -0.000000 -1.000000
    outer loop
      vertex 60.2000 35.4000 4.4000
      vertex 60.2000 35.2000 4.4000
      vertex 60.0000 35.0000 4.4000
    endloop
  endfacet
  facet normal 0.000000 0.000000 1.000000
    outer loop
      vertex 60.0000 35.0000 2.3200
      vertex 60.2000 35.2000 2.3200
      vertex 60.2000 35.4000 2.3200
    endloop
  endfacet
  facet normal 0.000000 0.000000 -1.000000
    outer loop
      vertex 60.0000 33.2000 4.4000
      vertex 58.2710 34.5098 4.4000
      vertex 60.0000 35.0000 4.4000
    endloop
  endfacet
  facet normal 0.000000 0.000000 1.000000
    outer loop
      vertex 60.0000 35.0000 2.3200
      vertex 58.2710 34.5098 2.3200
      vertex 60.0000 33.2000 2.3200
    endloop
  endfacet
  facet normal 0.000000 0.000000 -1.000000
    outer loop
      vertex 60.0000 33.2000 4.4000
      vertex 57.9868 33.3908 4.4000
      vertex 58.2710 34.5098 4.4000
    endloop
  endfacet
  facet normal 0.000000 0.000000 1.000000
    outer loop
      vertex 58.2710 34.5098 2.3200
      vertex 57.9868 33.3908 2.3200
      vertex 60.0000 33.2000 2.3200
    endloop
  endfacet
  facet normal 0.000000 0.000000 -1.000000
    outer loop
      vertex 60.0000 33.2000 4.4000
      vertex 57.9846 33.3830 4.4000
      vertex 57.9868 33.3908 4.4000
    endloop
  endfacet
  facet normal 0.000000 0.000000 1.000000
    outer loop
      vertex 57.9868 33.3908 2.3200
      vertex 57.9846 33.3830 2.3200
      vertex 60.0000 33.2000 2.3200
    endloop
  endfacet
  facet normal 0.000000 0.000000 -1.000000
    outer loop
      vertex 60.0000 33.2000 4.4000
      vertex 57.9782 33.3665 4.4000
      vertex 57.9846 33.3830 4.4000
    endloop
  endfacet
  facet normal 0.000000 0.000000 1.000000
    outer loop
      vertex 57.9846 33.3830 2.3200
      vertex 57.9782 33.3665 2.3200
      vertex 60.0000 33.2000 2.3200
    endloop
  endfacet
  facet normal 0.000000 0.000000 -1.000000
    outer loop
      vertex 60.0000 33.2000 4.4000
      vertex 57.9725 33.3559 4.4000
      vertex 57.9782 33.3665 4.4000
    endloop
  endfacet
  facet normal 0.000000 0.000000 1.000000
    outer loop
      vertex 57.9782 33.3665 2.3200
      vertex 57.9725 33.3559 2.3200
      vertex 60.0000 33.2000 2.3200
    endloop
  endfacet
  facet normal 0.000000 0.000000 -1.000000
    outer loop
      vertex 60.0000 33.2000 4.4000
      vertex 57.9655 33.3460 4.4000
      vertex 57.9725 33.3559 4.4000
    endloop
  endfacet
  facet normal 0.000000 0.000000 1.000000
    outer loop
      vertex 57.9725 33.3559 2.3200
      vertex 57.9655 33.3460 2.3200
      vertex 60.0000 33.2000 2.3200
    endloop
  endfacet
  facet normal -0.000000 -0.000000 -1.000000
    outer loop
      vertex 60.0000 33.2000 4.4000
      vertex 60.2000 32.6000 4.4000
      vertex 57.9655 33.3460 4.4000
    endloop
  endfacet
  facet normal 0.000000 0.000000 1.000000
    outer loop
      vertex 57.9655 33.3460 2.3200
      vertex 60.2000 32.6000 2.3200
      vertex 60.0000 33.2000 2.3200
    endloop
  endfacet
  facet normal 0.000000 0.000000 -1.000000
    outer loop
      vertex 60.0000 33.2000 4.4000
      vertex 60.2000 33.0000 4.4000
      vertex 60.2000 32.6000 4.4000
    endloop
  endfacet
  facet normal 0.000000 -0.000000 1.000000
    outer loop
      vertex 60.2000 32.6000 2.3200
      vertex 60.2000 33.0000 2.3200
      vertex 60.0000 33.2000 2.3200
    endloop
  endfacet
  facet normal 0.000000 0.000000 -1.000000
    outer loop
      vertex 61.2000 32.2000 4.4000
      vertex 61.6000 32.0000 4.4000
      vertex 61.4000 32.0000 4.4000
    endloop
  endfacet
  facet normal 0.000000 -0.000000 1.000000
    outer loop
      vertex 61.4000 32.0000 2.3200
      vertex 61.6000 32.0000 2.3200
      vertex 61.2000 32.2000 2.3200
    endloop
  endfacet
  facet normal -0.000000 -0.000000 -1.000000
    outer loop
      vertex 63.0000 30.6000 4.4000
      vertex 63.4000 30.2000 4.4000
      vertex 62.8000 30.6000 4.4000
    endloop
  endfacet
  facet normal -0.000000 0.000000 1.000000
    outer loop
      vertex 62.8000 30.6000 2.3200
      vertex 63.4000 30.2000 2.3200
      vertex 63.0000 30.6000 2.3200
    endloop
  endfacet
  facet normal -0.000000 -0.000000 -1.000000
    outer loop
      vertex 63.6000 30.2000 4.4000
      vertex 64.0000 29.8000 4.4000
      vertex 63.4000 30.2000 4.4000
    endloop
  endfacet
  facet normal -0.000000 0.000000 1.000000
    outer loop
      vertex 63.4000 30.2000 2.3200
      vertex 64.0000 29.8000 2.3200
      vertex 63.6000 30.2000 2.3200
    endloop
  endfacet
  facet normal -0.000000 -0.000000 -1.000000
    outer loop
      vertex 64.2000 29.8000 4.4000
      vertex 64.6000 29.4000 4.4000
      vertex 64.0000 29.8000 4.4000
    endloop
  endfacet
  facet normal -0.000000 0.000000 1.000000
    outer loop
      vertex 64.0000 29.8000 2.3200
      vertex 64.6000 29.4000 2.3200
      vertex 64.2000 29.8000 2.3200
    endloop
  endfacet
  facet normal -0.000000 -0.000000 -1.000000
    outer loop
      vertex 64.8000 29.4000 4.4000
      vertex 65.4000 28.8000 4.4000
      vertex 64.6000 29.4000 4.4000
    endloop
  endfacet
  facet normal -0.000000 0.000000 1.000000
    outer loop
      vertex 64.6000 29.4000 2.3200
      vertex 65.4000 28.8000 2.3200
      vertex 64.8000 29.4000 2.3200
    endloop
  endfacet
  facet normal -0.000000 -0.000000 -1.000000
    outer loop
      vertex 65.6000 28.8000 4.4000
      vertex 67.6000 26.8000 4.4000
      vertex 65.4000 28.8000 4.4000
    endloop
  endfacet
  facet normal -0.000000 0.000000 1.000000
    outer loop
      vertex 65.4000 28.8000 2.3200
      vertex 67.6000 26.8000 2.3200
      vertex 65.6000 28.8000 2.3200
    endloop
  endfacet
  facet normal -0.000000 -0.000000 -1.000000
    outer loop
      vertex 67.6000 26.8000 4.4000
      vertex 67.6000 26.6000 4.4000
      vertex 65.4000 28.8000 4.4000
    endloop
  endfacet
  facet normal 0.000000 0.000000 1.000000
    outer loop
      vertex 65.4000 28.8000 2.3200
      vertex 67.6000 26.6000 2.3200
      vertex 67.6000 26.8000 2.3200
    endloop
  endfacet
  facet normal -0.000000 -0.000000 -1.000000
    outer loop
      vertex 67.8000 26.4000 4.4000
      vertex 67.8000 26.2000 4.4000
      vertex 67.6000 26.6000 4.4000
    endloop
  endfacet
  facet normal 0.000000 0.000000 1.000000
    outer loop
      vertex 67.6000 26.6000 2.3200
      vertex 67.8000 26.2000 2.3200
      vertex 67.8000 26.4000 2.3200
    endloop
  endfacet
  facet normal -0.000000 -0.000000 -1.000000
    outer loop
      vertex 68.0000 26.0000 4.4000
      vertex 68.0000 25.6000 4.4000
      vertex 67.8000 26.2000 4.4000
    endloop
  endfacet
  facet normal 0.000000 0.000000 1.000000
    outer loop
      vertex 67.8000 26.2000 2.3200
      vertex 68.0000 25.6000 2.3200
      vertex 68.0000 26.0000 2.3200
    endloop
  endfacet
  facet normal -0.000000 -0.000000 -1.000000
    outer loop
      vertex 68.2000 25.4000 4.4000
      vertex 68.2000 24.8000 4.4000
      vertex 68.0000 25.6000 4.4000
    endloop
  endfacet
  facet normal 0.000000 0.000000 1.000000
    outer loop
      vertex 68.0000 25.6000 2.3200
      vertex 68.2000 24.8000 2.3200
      vertex 68.2000 25.4000 2.3200
    endloop
  endfacet
  facet normal -0.000000 0.000000 -1.000000
    outer loop
      vertex 68.2000 24.8000 4.4000
      vertex 61.4000 22.6000 4.4000
      vertex 68.0000 25.6000 4.4000
    endloop
  endfacet
  facet normal 0.000000 0.000000 1.000000
    outer loop
      vertex 68.0000 25.6000 2.3200
      vertex 61.4000 22.6000 2.3200
      vertex 68.2000 24.8000 2.3200
    endloop
  endfacet
  facet normal 0.000000 0.000000 -1.000000
    outer loop
      vertex 61.4000 22.6000 4.4000
      vertex 61.2000 23.0000 4.4000
      vertex 68.0000 25.6000 4.4000
    endloop
  endfacet
  facet normal 0.000000 0.000000 1.000000
    outer loop
      vertex 68.0000 25.6000 2.3200
      vertex 61.2000 23.0000 2.3200
      vertex 61.4000 22.6000 2.3200
    endloop
  endfacet
  facet normal 0.000000 0.000000 -1.000000
    outer loop
      vertex 61.4000 22.6000 4.4000
      vertex 61.2000 22.8000 4.4000
      vertex 61.2000 23.0000 4.4000
    endloop
  endfacet
  facet normal 0.000000 0.000000 1.000000
    outer loop
      vertex 61.2000 23.0000 2.3200
      vertex 61.2000 22.8000 2.3200
      vertex 61.4000 22.6000 2.3200
    endloop
  endfacet
  facet normal 0.000000 0.000000 -1.000000
    outer loop
      vertex 61.4000 22.6000 4.4000
      vertex 61.6000 21.0000 4.4000
      vertex 61.4000 21.2000 4.4000
    endloop
  endfacet
  facet normal -0.000000 0.000000 1.000000
    outer loop
      vertex 61.4000 21.2000 2.3200
      vertex 61.6000 21.0000 2.3200
      vertex 61.4000 22.6000 2.3200
    endloop
  endfacet
  facet normal 0.000000 0.000000 -1.000000
    outer loop
      vertex 61.6000 21.0000 4.4000
      vertex 68.4000 19.2000 4.4000
      vertex 61.6000 20.8000 4.4000
    endloop
  endfacet
  facet normal -0.000000 0.000000 1.000000
    outer loop
      vertex 61.6000 20.8000 2.3200
      vertex 68.4000 19.2000 2.3200
      vertex 61.6000 21.0000 2.3200
    endloop
  endfacet
  facet normal 0.000000 0.000000 -1.000000
    outer loop
      vertex 68.4000 19.2000 4.4000
      vertex 61.4000 19.8000 4.4000
      vertex 61.6000 20.8000 4.4000
    endloop
  endfacet
  facet normal 0.000000 0.000000 1.000000
    outer loop
      vertex 61.6000 20.8000 2.3200
      vertex 61.4000 19.8000 2.3200
      vertex 68.4000 19.2000 2.3200
    endloop
  endfacet
  facet normal -0.000000 0.000000 -1.000000
    outer loop
      vertex 68.4000 19.2000 4.4000
      vertex 68.2000 18.0000 4.4000
      vertex 61.4000 19.8000 4.4000
    endloop
  endfacet
  facet normal 0.000000 0.000000 1.000000
    outer loop
      vertex 61.4000 19.8000 2.3200
      vertex 68.2000 18.0000 2.3200
      vertex 68.4000 19.2000 2.3200
    endloop
  endfacet
  facet normal -0.000000 0.000000 -1.000000
    outer loop
      vertex 68.2000 18.0000 4.4000
      vertex 68.0000 17.4000 4.4000
      vertex 61.4000 19.8000 4.4000
    endloop
  endfacet
  facet normal 0.000000 0.000000 1.000000
    outer loop
      vertex 61.4000 19.8000 2.3200
      vertex 68.0000 17.4000 2.3200
      vertex 68.2000 18.0000 2.3200
    endloop
  endfacet
  facet normal -0.000000 0.000000 -1.000000
    outer loop
      vertex 68.0000 17.4000 4.4000
      vertex 67.8000 17.0000 4.4000
      vertex 61.4000 19.8000 4.4000
    endloop
  endfacet
  facet normal 0.000000 0.000000 1.000000
    outer loop
      vertex 61.4000 19.8000 2.3200
      vertex 67.8000 17.0000 2.3200
      vertex 68.0000 17.4000 2.3200
    endloop
  endfacet
  facet normal 0.000000 0.000000 -1.000000
    outer loop
      vertex 61.4000 19.8000 4.4000
      vertex 61.4000 20.6000 4.4000
      vertex 61.6000 20.8000 4.4000
    endloop
  endfacet
  facet normal 0.000000 0.000000 1.000000
    outer loop
      vertex 61.6000 20.8000 2.3200
      vertex 61.4000 20.6000 2.3200
      vertex 61.4000 19.8000 2.3200
    endloop
  endfacet
  facet normal 0.000000 0.000000 -1.000000
    outer loop
      vertex 61.4000 19.8000 4.4000
      vertex 61.2000 19.4000 4.4000
      vertex 61.2000 19.6000 4.4000
    endloop
  endfacet
  facet normal -0.000000 0.000000 1.000000
    outer loop
      vertex 61.2000 19.6000 2.3200
      vertex 61.2000 19.4000 2.3200
      vertex 61.4000 19.8000 2.3200
    endloop
  endfacet
  facet normal 0.000000 0.000000 -1.000000
    outer loop
      vertex 60.2000 19.6000 4.4000
      vertex 59.2000 24.4000 4.4000
      vertex 60.2000 23.6000 4.4000
    endloop
  endfacet
  facet normal 0.000000 0.000000 1.000000
    outer loop
      vertex 60.2000 23.6000 2.3200
      vertex 59.2000 24.4000 2.3200
      vertex 60.2000 19.6000 2.3200
    endloop
  endfacet
  facet normal 0.000000 0.000000 -1.000000
    outer loop
      vertex 59.2000 24.4000 4.4000
      vertex 59.4000 24.6000 4.4000
      vertex 60.2000 23.6000 4.4000
    endloop
  endfacet
  facet normal 0.000000 0.000000 1.000000
    outer loop
      vertex 60.2000 23.6000 2.3200
      vertex 59.4000 24.6000 2.3200
      vertex 59.2000 24.4000 2.3200
    endloop
  endfacet
  facet normal 0.000000 0.000000 -1.000000
    outer loop
      vertex 53.6000 29.4000 4.4000
      vertex 53.6000 29.8000 4.4000
      vertex 54.0000 29.0000 4.4000
    endloop
  endfacet
  facet normal 0.000000 0.000000 1.000000
    outer loop
      vertex 54.0000 29.0000 2.3200
      vertex 53.6000 29.8000 2.3200
      vertex 53.6000 29.4000 2.3200
    endloop
  endfacet
  facet normal 0.000000 0.000000 -1.000000
    outer loop
      vertex 53.4000 30.0000 4.4000
      vertex 53.4000 30.2000 4.4000
      vertex 53.6000 29.8000 4.4000
    endloop
  endfacet
  facet normal 0.000000 0.000000 1.000000
    outer loop
      vertex 53.6000 29.8000 2.3200
      vertex 53.4000 30.2000 2.3200
      vertex 53.4000 30.0000 2.3200
    endloop
  endfacet
  facet normal 0.000000 0.000000 -1.000000
    outer loop
      vertex 54.0000 29.0000 4.4000
      vertex 54.4000 28.4000 4.4000
      vertex 54.0000 28.8000 4.4000
    endloop
  endfacet
  facet normal -0.000000 0.000000 1.000000
    outer loop
      vertex 54.0000 28.8000 2.3200
      vertex 54.4000 28.4000 2.3200
      vertex 54.0000 29.0000 2.3200
    endloop
  endfacet
  facet normal 0.000000 0.000000 -1.000000
    outer loop
      vertex 54.0000 29.0000 4.4000
      vertex 55.5946 32.0128 4.4000
      vertex 54.4000 28.4000 4.4000
    endloop
  endfacet
  facet normal 0.000000 -0.000000 1.000000
    outer loop
      vertex 54.4000 28.4000 2.3200
      vertex 55.5946 32.0128 2.3200
      vertex 54.0000 29.0000 2.3200
    endloop
  endfacet
  facet normal 0.000000 -0.000000 -1.000000
    outer loop
      vertex 55.5946 32.0128 4.4000
      vertex 55.6169 32.0178 4.4000
      vertex 54.4000 28.4000 4.4000
    endloop
  endfacet
  facet normal 0.000000 0.000000 1.000000
    outer loop
      vertex 54.4000 28.4000 2.3200
      vertex 55.6169 32.0178 2.3200
      vertex 55.5946 32.0128 2.3200
    endloop
  endfacet
  facet normal 0.000000 -0.000000 -1.000000
    outer loop
      vertex 55.6169 32.0178 4.4000
      vertex 55.6245 32.0203 4.4000
      vertex 54.4000 28.4000 4.4000
    endloop
  endfacet
  facet normal 0.000000 0.000000 1.000000
    outer loop
      vertex 54.4000 28.4000 2.3200
      vertex 55.6245 32.0203 2.3200
      vertex 55.6169 32.0178 2.3200
    endloop
  endfacet
  facet normal 0.000000 0.000000 -1.000000
    outer loop
      vertex 55.6245 32.0203 4.4000
      vertex 55.2000 27.6000 4.4000
      vertex 54.4000 28.4000 4.4000
    endloop
  endfacet
  facet normal -0.000000 0.000000 1.000000
    outer loop
      vertex 54.4000 28.4000 2.3200
      vertex 55.2000 27.6000 2.3200
      vertex 55.6245 32.0203 2.3200
    endloop
  endfacet
  facet normal 0.000000 -0.000000 -1.000000
    outer loop
      vertex 55.6245 32.0203 4.4000
      vertex 56.9782 32.5012 4.4000
      vertex 55.2000 27.6000 4.4000
    endloop
  endfacet
  facet normal 0.000000 0.000000 1.000000
    outer loop
      vertex 55.2000 27.6000 2.3200
      vertex 56.9782 32.5012 2.3200
      vertex 55.6245 32.0203 2.3200
    endloop
  endfacet
  facet normal 0.000000 0.000000 -1.000000
    outer loop
      vertex 56.9782 32.5012 4.4000
      vertex 56.0000 27.0000 4.4000
      vertex 55.2000 27.6000 4.4000
    endloop
  endfacet
  facet normal -0.000000 0.000000 1.000000
    outer loop
      vertex 55.2000 27.6000 2.3200
      vertex 56.0000 27.0000 2.3200
      vertex 56.9782 32.5012 2.3200
    endloop
  endfacet
  facet normal 0.000000 -0.000000 -1.000000
    outer loop
      vertex 56.9782 32.5012 4.4000
      vertex 56.9859 32.5042 4.4000
      vertex 56.0000 27.0000 4.4000
    endloop
  endfacet
  facet normal 0.000000 0.000000 1.000000
    outer loop
      vertex 56.0000 27.0000 2.3200
      vertex 56.9859 32.5042 2.3200
      vertex 56.9782 32.5012 2.3200
    endloop
  endfacet
  facet normal 0.000000 -0.000000 -1.000000
    outer loop
      vertex 57.0233 32.5275 4.4000
      vertex 60.2000 32.6000 4.4000
      vertex 57.0169 32.5223 4.4000
    endloop
  endfacet
  facet normal 0.000000 0.000000 1.000000
    outer loop
      vertex 57.0169 32.5223 2.3200
      vertex 60.2000 32.6000 2.3200
      vertex 57.0233 32.5275 2.3200
    endloop
  endfacet
  facet normal 0.000000 0.000000 -1.000000
    outer loop
      vertex 57.0233 32.5275 4.4000
      vertex 57.9477 33.3274 4.4000
      vertex 60.2000 32.6000 4.4000
    endloop
  endfacet
  facet normal 0.000000 0.000000 1.000000
    outer loop
      vertex 60.2000 32.6000 2.3200
      vertex 57.9477 33.3274 2.3200
      vertex 57.0233 32.5275 2.3200
    endloop
  endfacet
  facet normal 0.000000 0.000000 -1.000000
    outer loop
      vertex 58.2661 34.5860 4.4000
      vertex 60.0000 35.0000 4.4000
      vertex 58.2689 34.5782 4.4000
    endloop
  endfacet
  facet normal 0.000000 -0.000000 1.000000
    outer loop
      vertex 58.2689 34.5782 2.3200
      vertex 60.0000 35.0000 2.3200
      vertex 58.2661 34.5860 2.3200
    endloop
  endfacet
  facet normal 0.000000 0.000000 -1.000000
    outer loop
      vertex 60.0000 35.0000 4.4000
      vertex 58.2735 34.5606 4.4000
      vertex 58.2689 34.5782 4.4000
    endloop
  endfacet
  facet normal -0.000000 0.000000 1.000000
    outer loop
      vertex 58.2689 34.5782 2.3200
      vertex 58.2735 34.5606 2.3200
      vertex 60.0000 35.0000 2.3200
    endloop
  endfacet
  facet normal 0.000000 0.000000 -1.000000
    outer loop
      vertex 60.0000 35.0000 4.4000
      vertex 58.2750 34.5483 4.4000
      vertex 58.2735 34.5606 4.4000
    endloop
  endfacet
  facet normal -0.000000 0.000000 1.000000
    outer loop
      vertex 58.2735 34.5606 2.3200
      vertex 58.2750 34.5483 2.3200
      vertex 60.0000 35.0000 2.3200
    endloop
  endfacet
  facet normal 0.000000 0.000000 -1.000000
    outer loop
      vertex 60.0000 35.0000 4.4000
      vertex 58.2750 34.5359 4.4000
      vertex 58.2750 34.5483 4.4000
    endloop
  endfacet
  facet normal -0.000000 0.000000 1.000000
    outer loop
      vertex 58.2750 34.5483 2.3200
      vertex 58.2750 34.5359 2.3200
      vertex 60.0000 35.0000 2.3200
    endloop
  endfacet
  facet normal 0.000000 0.000000 -1.000000
    outer loop
      vertex 60.0000 35.0000 4.4000
      vertex 58.2728 34.5179 4.4000
      vertex 58.2750 34.5359 4.4000
    endloop
  endfacet
  facet normal -0.000000 0.000000 1.000000
    outer loop
      vertex 58.2750 34.5359 2.3200
      vertex 58.2728 34.5179 2.3200
      vertex 60.0000 35.0000 2.3200
    endloop
  endfacet
  facet normal 0.000000 0.000000 -1.000000
    outer loop
      vertex 60.0000 35.0000 4.4000
      vertex 58.2710 34.5098 4.4000
      vertex 58.2728 34.5179 4.4000
    endloop
  endfacet
  facet normal -0.000000 0.000000 1.000000
    outer loop
      vertex 58.2728 34.5179 2.3200
      vertex 58.2710 34.5098 2.3200
      vertex 60.0000 35.0000 2.3200
    endloop
  endfacet
  facet normal 0.000000 -0.000000 -1.000000
    outer loop
      vertex 57.9655 33.3460 4.4000
      vertex 60.2000 32.6000 4.4000
      vertex 57.9536 33.3329 4.4000
    endloop
  endfacet
  facet normal -0.000000 0.000000 1.000000
    outer loop
      vertex 57.9536 33.3329 2.3200
      vertex 60.2000 32.6000 2.3200
      vertex 57.9655 33.3460 2.3200
    endloop
  endfacet
  facet normal 0.000000 0.000000 -1.000000
    outer loop
      vertex 60.2000 32.6000 4.4000
      vertex 57.9477 33.3274 4.4000
      vertex 57.9536 33.3329 4.4000
    endloop
  endfacet
  facet normal 0.000000 0.000000 1.000000
    outer loop
      vertex 57.9536 33.3329 2.3200
      vertex 57.9477 33.3274 2.3200
      vertex 60.2000 32.6000 2.3200
    endloop
  endfacet
  facet normal 0.000000 -0.000000 -1.000000
    outer loop
      vertex 60.2000 32.6000 4.4000
      vertex 61.2000 31.6000 4.4000
      vertex 57.0169 32.5223 4.4000
    endloop
  endfacet
  facet normal -0.000000 0.000000 1.000000
    outer loop
      vertex 57.0169 32.5223 2.3200
      vertex 61.2000 31.6000 2.3200
      vertex 60.2000 32.6000 2.3200
    endloop
  endfacet
  facet normal 0.000000 0.000000 -1.000000
    outer loop
      vertex 61.2000 31.6000 4.4000
      vertex 57.0019 32.5123 4.4000
      vertex 57.0169 32.5223 4.4000
    endloop
  endfacet
  facet normal 0.000000 0.000000 1.000000
    outer loop
      vertex 57.0169 32.5223 2.3200
      vertex 57.0019 32.5123 2.3200
      vertex 61.2000 31.6000 2.3200
    endloop
  endfacet
  facet normal 0.000000 0.000000 -1.000000
    outer loop
      vertex 61.2000 31.6000 4.4000
      vertex 56.9859 32.5042 4.4000
      vertex 57.0019 32.5123 4.4000
    endloop
  endfacet
  facet normal 0.000000 0.000000 1.000000
    outer loop
      vertex 57.0019 32.5123 2.3200
      vertex 56.9859 32.5042 2.3200
      vertex 61.2000 31.6000 2.3200
    endloop
  endfacet
  facet normal -0.000000 0.000000 -1.000000
    outer loop
      vertex 61.2000 31.6000 4.4000
      vertex 56.8000 26.4000 4.4000
      vertex 56.9859 32.5042 4.4000
    endloop
  endfacet
  facet normal 0.000000 0.000000 1.000000
    outer loop
      vertex 56.9859 32.5042 2.3200
      vertex 56.8000 26.4000 2.3200
      vertex 61.2000 31.6000 2.3200
    endloop
  endfacet
  facet normal 0.000000 0.000000 -1.000000
    outer loop
      vertex 61.2000 31.6000 4.4000
      vertex 57.4000 26.0000 4.4000
      vertex 56.8000 26.4000 4.4000
    endloop
  endfacet
  facet normal -0.000000 0.000000 1.000000
    outer loop
      vertex 56.8000 26.4000 2.3200
      vertex 57.4000 26.0000 2.3200
      vertex 61.2000 31.6000 2.3200
    endloop
  endfacet
  facet normal 0.000000 0.000000 -1.000000
    outer loop
      vertex 61.2000 31.6000 4.4000
      vertex 58.0000 25.6000 4.4000
      vertex 57.4000 26.0000 4.4000
    endloop
  endfacet
  facet normal -0.000000 0.000000 1.000000
    outer loop
      vertex 57.4000 26.0000 2.3200
      vertex 58.0000 25.6000 2.3200
      vertex 61.2000 31.6000 2.3200
    endloop
  endfacet
  facet normal 0.000000 -0.000000 -1.000000
    outer loop
      vertex 61.2000 31.6000 4.4000
      vertex 61.8000 31.2000 4.4000
      vertex 58.0000 25.6000 4.4000
    endloop
  endfacet
  facet normal 0.000000 0.000000 1.000000
    outer loop
      vertex 58.0000 25.6000 2.3200
      vertex 61.8000 31.2000 2.3200
      vertex 61.2000 31.6000 2.3200
    endloop
  endfacet
  facet normal 0.000000 0.000000 -1.000000
    outer loop
      vertex 61.2000 31.6000 4.4000
      vertex 61.4000 31.6000 4.4000
      vertex 61.8000 31.2000 4.4000
    endloop
  endfacet
  facet normal 0.000000 0.000000 1.000000
    outer loop
      vertex 61.8000 31.2000 2.3200
      vertex 61.4000 31.6000 2.3200
      vertex 61.2000 31.6000 2.3200
    endloop
  endfacet
  facet normal 0.000000 0.000000 -1.000000
    outer loop
      vertex 61.8000 31.2000 4.4000
      vertex 58.6000 25.2000 4.4000
      vertex 58.0000 25.6000 4.4000
    endloop
  endfacet
  facet normal -0.000000 0.000000 1.000000
    outer loop
      vertex 58.0000 25.6000 2.3200
      vertex 58.6000 25.2000 2.3200
      vertex 61.8000 31.2000 2.3200
    endloop
  endfacet
  facet normal 0.000000 -0.000000 -1.000000
    outer loop
      vertex 61.8000 31.2000 4.4000
      vertex 62.4000 30.8000 4.4000
      vertex 58.6000 25.2000 4.4000
    endloop
  endfacet
  facet normal 0.000000 0.000000 1.000000
    outer loop
      vertex 58.6000 25.2000 2.3200
      vertex 62.4000 30.8000 2.3200
      vertex 61.8000 31.2000 2.3200
    endloop
  endfacet
  facet normal 0.000000 0.000000 -1.000000
    outer loop
      vertex 61.8000 31.2000 4.4000
      vertex 62.0000 31.2000 4.4000
      vertex 62.4000 30.8000 4.4000
    endloop
  endfacet
  facet normal 0.000000 0.000000 1.000000
    outer loop
      vertex 62.4000 30.8000 2.3200
      vertex 62.0000 31.2000 2.3200
      vertex 61.8000 31.2000 2.3200
    endloop
  endfacet
  facet normal -0.000000 -0.000000 -1.000000
    outer loop
      vertex 62.6000 30.8000 4.4000
      vertex 62.8000 30.6000 4.4000
      vertex 62.4000 30.8000 4.4000
    endloop
  endfacet
  facet normal -0.000000 0.000000 1.000000
    outer loop
      vertex 62.4000 30.8000 2.3200
      vertex 62.8000 30.6000 2.3200
      vertex 62.6000 30.8000 2.3200
    endloop
  endfacet
  facet normal -0.000000 0.000000 -1.000000
    outer loop
      vertex 62.8000 30.6000 4.4000
      vertex 59.2000 24.8000 4.4000
      vertex 62.4000 30.8000 4.4000
    endloop
  endfacet
  facet normal 0.000000 0.000000 1.000000
    outer loop
      vertex 62.4000 30.8000 2.3200
      vertex 59.2000 24.8000 2.3200
      vertex 62.8000 30.6000 2.3200
    endloop
  endfacet
  facet normal 0.000000 -0.000000 -1.000000
    outer loop
      vertex 62.8000 30.6000 4.4000
      vertex 63.4000 30.2000 4.4000
      vertex 59.2000 24.8000 4.4000
    endloop
  endfacet
  facet normal 0.000000 0.000000 1.000000
    outer loop
      vertex 59.2000 24.8000 2.3200
      vertex 63.4000 30.2000 2.3200
      vertex 62.8000 30.6000 2.3200
    endloop
  endfacet
  facet normal 0.000000 0.000000 -1.000000
    outer loop
      vertex 63.4000 30.2000 4.4000
      vertex 59.4000 24.6000 4.4000
      vertex 59.2000 24.8000 4.4000
    endloop
  endfacet
  facet normal -0.000000 0.000000 1.000000
    outer loop
      vertex 59.2000 24.8000 2.3200
      vertex 59.4000 24.6000 2.3200
      vertex 63.4000 30.2000 2.3200
    endloop
  endfacet
  facet normal 0.000000 -0.000000 -1.000000
    outer loop
      vertex 63.4000 30.2000 4.4000
      vertex 64.0000 29.8000 4.4000
      vertex 59.4000 24.6000 4.4000
    endloop
  endfacet
  facet normal 0.000000 0.000000 1.000000
    outer loop
      vertex 59.4000 24.6000 2.3200
      vertex 64.0000 29.8000 2.3200
      vertex 63.4000 30.2000 2.3200
    endloop
  endfacet
  facet normal 0.000000 0.000000 -1.000000
    outer loop
      vertex 64.0000 29.8000 4.4000
      vertex 60.6000 23.8000 4.4000
      vertex 59.4000 24.6000 4.4000
    endloop
  endfacet
  facet normal -0.000000 0.000000 1.000000
    outer loop
      vertex 59.4000 24.6000 2.3200
      vertex 60.6000 23.8000 2.3200
      vertex 64.0000 29.8000 2.3200
    endloop
  endfacet
  facet normal 0.000000 -0.000000 -1.000000
    outer loop
      vertex 64.0000 29.8000 4.4000
      vertex 64.6000 29.4000 4.4000
      vertex 60.6000 23.8000 4.4000
    endloop
  endfacet
  facet normal 0.000000 0.000000 1.000000
    outer loop
      vertex 60.6000 23.8000 2.3200
      vertex 64.6000 29.4000 2.3200
      vertex 64.0000 29.8000 2.3200
    endloop
  endfacet
  facet normal 0.000000 -0.000000 -1.000000
    outer loop
      vertex 64.6000 29.4000 4.4000
      vertex 65.4000 28.8000 4.4000
      vertex 60.6000 23.8000 4.4000
    endloop
  endfacet
  facet normal 0.000000 0.000000 1.000000
    outer loop
      vertex 60.6000 23.8000 2.3200
      vertex 65.4000 28.8000 2.3200
      vertex 64.6000 29.4000 2.3200
    endloop
  endfacet
  facet normal 0.000000 0.000000 -1.000000
    outer loop
      vertex 65.4000 28.8000 4.4000
      vertex 61.0000 23.4000 4.4000
      vertex 60.6000 23.8000 4.4000
    endloop
  endfacet
  facet normal -0.000000 0.000000 1.000000
    outer loop
      vertex 60.6000 23.8000 2.3200
      vertex 61.0000 23.4000 2.3200
      vertex 65.4000 28.8000 2.3200
    endloop
  endfacet
  facet normal 0.000000 -0.000000 -1.000000
    outer loop
      vertex 65.4000 28.8000 4.4000
      vertex 67.6000 26.6000 4.4000
      vertex 61.0000 23.4000 4.4000
    endloop
  endfacet
  facet normal 0.000000 0.000000 1.000000
    outer loop
      vertex 61.0000 23.4000 2.3200
      vertex 67.6000 26.6000 2.3200
      vertex 65.4000 28.8000 2.3200
    endloop
  endfacet
  facet normal 0.000000 0.000000 -1.000000
    outer loop
      vertex 67.6000 26.6000 4.4000
      vertex 61.2000 23.0000 4.4000
      vertex 61.0000 23.4000 4.4000
    endloop
  endfacet
  facet normal -0.000000 0.000000 1.000000
    outer loop
      vertex 61.0000 23.4000 2.3200
      vertex 61.2000 23.0000 2.3200
      vertex 67.6000 26.6000 2.3200
    endloop
  endfacet
  facet normal 0.000000 -0.000000 -1.000000
    outer loop
      vertex 67.6000 26.6000 4.4000
      vertex 67.8000 26.2000 4.4000
      vertex 61.2000 23.0000 4.4000
    endloop
  endfacet
  facet normal 0.000000 0.000000 1.000000
    outer loop
      vertex 61.2000 23.0000 2.3200
      vertex 67.8000 26.2000 2.3200
      vertex 67.6000 26.6000 2.3200
    endloop
  endfacet
  facet normal 0.000000 -0.000000 -1.000000
    outer loop
      vertex 67.8000 26.2000 4.4000
      vertex 68.0000 25.6000 4.4000
      vertex 61.2000 23.0000 4.4000
    endloop
  endfacet
  facet normal 0.000000 0.000000 1.000000
    outer loop
      vertex 61.2000 23.0000 2.3200
      vertex 68.0000 25.6000 2.3200
      vertex 67.8000 26.2000 2.3200
    endloop
  endfacet
  facet normal 0.000000 0.000000 -1.000000
    outer loop
      vertex 61.2000 23.0000 4.4000
      vertex 61.0000 23.2000 4.4000
      vertex 61.0000 23.4000 4.4000
    endloop
  endfacet
  facet normal 0.000000 0.000000 1.000000
    outer loop
      vertex 61.0000 23.4000 2.3200
      vertex 61.0000 23.2000 2.3200
      vertex 61.2000 23.0000 2.3200
    endloop
  endfacet
  facet normal 0.000000 0.000000 -1.000000
    outer loop
      vertex 60.2000 23.6000 4.4000
      vertex 59.4000 24.6000 4.4000
      vertex 60.4000 23.8000 4.4000
    endloop
  endfacet
  facet normal 0.000000 0.000000 1.000000
    outer loop
      vertex 60.4000 23.8000 2.3200
      vertex 59.4000 24.6000 2.3200
      vertex 60.2000 23.6000 2.3200
    endloop
  endfacet
  facet normal 0.000000 0.000000 -1.000000
    outer loop
      vertex 59.4000 24.6000 4.4000
      vertex 60.6000 23.8000 4.4000
      vertex 60.4000 23.8000 4.4000
    endloop
  endfacet
  facet normal 0.000000 -0.000000 1.000000
    outer loop
      vertex 60.4000 23.8000 2.3200
      vertex 60.6000 23.8000 2.3200
      vertex 59.4000 24.6000 2.3200
    endloop
  endfacet
  facet normal 0.000000 0.000000 -1.000000
    outer loop
      vertex 59.2000 24.8000 4.4000
      vertex 58.6000 25.2000 4.4000
      vertex 62.4000 30.8000 4.4000
    endloop
  endfacet
  facet normal 0.000000 0.000000 1.000000
    outer loop
      vertex 62.4000 30.8000 2.3200
      vertex 58.6000 25.2000 2.3200
      vertex 59.2000 24.8000 2.3200
    endloop
  endfacet
  facet normal 0.000000 0.000000 -1.000000
    outer loop
      vertex 59.2000 24.8000 4.4000
      vertex 59.0000 24.8000 4.4000
      vertex 58.6000 25.2000 4.4000
    endloop
  endfacet
  facet normal 0.000000 0.000000 1.000000
    outer loop
      vertex 58.6000 25.2000 2.3200
      vertex 59.0000 24.8000 2.3200
      vertex 59.2000 24.8000 2.3200
    endloop
  endfacet
  facet normal 0.000000 0.000000 -1.000000
    outer loop
      vertex 58.4000 25.2000 4.4000
      vertex 58.0000 25.6000 4.4000
      vertex 58.6000 25.2000 4.4000
    endloop
  endfacet
  facet normal 0.000000 0.000000 1.000000
    outer loop
      vertex 58.6000 25.2000 2.3200
      vertex 58.0000 25.6000 2.3200
      vertex 58.4000 25.2000 2.3200
    endloop
  endfacet
  facet normal 0.000000 0.000000 -1.000000
    outer loop
      vertex 57.8000 25.6000 4.4000
      vertex 57.4000 26.0000 4.4000
      vertex 58.0000 25.6000 4.4000
    endloop
  endfacet
  facet normal 0.000000 0.000000 1.000000
    outer loop
      vertex 58.0000 25.6000 2.3200
      vertex 57.4000 26.0000 2.3200
      vertex 57.8000 25.6000 2.3200
    endloop
  endfacet
  facet normal 0.000000 0.000000 -1.000000
    outer loop
      vertex 57.2000 26.0000 4.4000
      vertex 56.8000 26.4000 4.4000
      vertex 57.4000 26.0000 4.4000
    endloop
  endfacet
  facet normal 0.000000 0.000000 1.000000
    outer loop
      vertex 57.4000 26.0000 2.3200
      vertex 56.8000 26.4000 2.3200
      vertex 57.2000 26.0000 2.3200
    endloop
  endfacet
  facet normal 0.000000 0.000000 -1.000000
    outer loop
      vertex 56.6000 26.4000 4.4000
      vertex 56.0000 27.0000 4.4000
      vertex 56.8000 26.4000 4.4000
    endloop
  endfacet
  facet normal 0.000000 0.000000 1.000000
    outer loop
      vertex 56.8000 26.4000 2.3200
      vertex 56.0000 27.0000 2.3200
      vertex 56.6000 26.4000 2.3200
    endloop
  endfacet
  facet normal 0.000000 0.000000 -1.000000
    outer loop
      vertex 55.8000 27.0000 4.4000
      vertex 55.2000 27.6000 4.4000
      vertex 56.0000 27.0000 4.4000
    endloop
  endfacet
  facet normal 0.000000 0.000000 1.000000
    outer loop
      vertex 56.0000 27.0000 2.3200
      vertex 55.2000 27.6000 2.3200
      vertex 55.8000 27.0000 2.3200
    endloop
  endfacet
  facet normal 0.000000 0.000000 -1.000000
    outer loop
      vertex 55.0000 27.6000 4.4000
      vertex 54.4000 28.4000 4.4000
      vertex 55.2000 27.6000 4.4000
    endloop
  endfacet
  facet normal 0.000000 0.000000 1.000000
    outer loop
      vertex 55.2000 27.6000 2.3200
      vertex 54.4000 28.4000 2.3200
      vertex 55.0000 27.6000 2.3200
    endloop
  endfacet
  facet normal 0.000000 0.000000 -1.000000
    outer loop
      vertex 55.0000 27.6000 4.4000
      vertex 54.4000 28.2000 4.4000
      vertex 54.4000 28.4000 4.4000
    endloop
  endfacet
  facet normal 0.000000 0.000000 1.000000
    outer loop
      vertex 54.4000 28.4000 2.3200
      vertex 54.4000 28.2000 2.3200
      vertex 55.0000 27.6000 2.3200
    endloop
  endfacet
  facet normal 0.000000 0.000000 -1.000000
    outer loop
      vertex 56.0000 27.0000 4.4000
      vertex 56.9859 32.5042 4.4000
      vertex 56.8000 26.4000 4.4000
    endloop
  endfacet
  facet normal 0.000000 -0.000000 1.000000
    outer loop
      vertex 56.8000 26.4000 2.3200
      vertex 56.9859 32.5042 2.3200
      vertex 56.0000 27.0000 2.3200
    endloop
  endfacet
  facet normal -1.000000 0.000000 0.000000
    outer loop
      vertex 67.8000 37.0000 2.3200
      vertex 67.8000 36.2000 2.3200
      vertex 67.8000 36.2000 4.4000
    endloop
  endfacet
  facet normal -1.000000 0.000000 0.000000
    outer loop
      vertex 67.8000 37.0000 2.3200
      vertex 67.8000 36.2000 4.4000
      vertex 67.8000 37.0000 4.4000
    endloop
  endfacet
  facet normal -0.707107 -0.707107 0.000000
    outer loop
      vertex 67.8000 36.2000 2.3200
      vertex 68.0000 36.0000 2.3200
      vertex 68.0000 36.0000 4.4000
    endloop
  endfacet
  facet normal -0.707107 -0.707107 0.000000
    outer loop
      vertex 67.8000 36.2000 2.3200
      vertex 68.0000 36.0000 4.4000
      vertex 67.8000 36.2000 4.4000
    endloop
  endfacet
  facet normal -1.000000 0.000000 0.000000
    outer loop
      vertex 68.0000 36.0000 2.3200
      vertex 68.0000 32.2000 2.3200
      vertex 68.0000 32.2000 4.4000
    endloop
  endfacet
  facet normal -1.000000 0.000000 0.000000
    outer loop
      vertex 68.0000 36.0000 2.3200
      vertex 68.0000 32.2000 4.4000
      vertex 68.0000 36.0000 4.4000
    endloop
  endfacet
  facet normal -0.707107 0.707107 0.000000
    outer loop
      vertex 68.0000 32.2000 2.3200
      vertex 67.8000 32.0000 2.3200
      vertex 67.8000 32.0000 4.4000
    endloop
  endfacet
  facet normal -0.707107 0.707107 0.000000
    outer loop
      vertex 68.0000 32.2000 2.3200
      vertex 67.8000 32.0000 4.4000
      vertex 68.0000 32.2000 4.4000
    endloop
  endfacet
  facet normal 0.000000 1.000000 0.000000
    outer loop
      vertex 67.8000 32.0000 2.3200
      vertex 67.6000 32.0000 2.3200
      vertex 67.6000 32.0000 4.4000
    endloop
  endfacet
  facet normal 0.000000 1.000000 -0.000000
    outer loop
      vertex 67.8000 32.0000 2.3200
      vertex 67.6000 32.0000 4.4000
      vertex 67.8000 32.0000 4.4000
    endloop
  endfacet
  facet normal -0.707107 0.707107 0.000000
    outer loop
      vertex 67.6000 32.0000 2.3200
      vertex 67.4000 31.8000 2.3200
      vertex 67.4000 31.8000 4.4000
    endloop
  endfacet
  facet normal -0.707107 0.707107 0.000000
    outer loop
      vertex 67.6000 32.0000 2.3200
      vertex 67.4000 31.8000 4.4000
      vertex 67.6000 32.0000 4.4000
    endloop
  endfacet
  facet normal 0.000000 1.000000 0.000000
    outer loop
      vertex 67.4000 31.8000 2.3200
      vertex 61.8000 31.8000 2.3200
      vertex 61.8000 31.8000 4.4000
    endloop
  endfacet
  facet normal 0.000000 1.000000 -0.000000
    outer loop
      vertex 67.4000 31.8000 2.3200
      vertex 61.8000 31.8000 4.4000
      vertex 67.4000 31.8000 4.4000
    endloop
  endfacet
  facet normal 0.707107 0.707107 0.000000
    outer loop
      vertex 61.8000 31.8000 2.3200
      vertex 61.6000 32.0000 2.3200
      vertex 61.6000 32.0000 4.4000
    endloop
  endfacet
  facet normal 0.707107 0.707107 -0.000000
    outer loop
      vertex 61.8000 31.8000 2.3200
      vertex 61.6000 32.0000 4.4000
      vertex 61.8000 31.8000 4.4000
    endloop
  endfacet
  facet normal 0.000000 1.000000 0.000000
    outer loop
      vertex 61.6000 32.0000 2.3200
      vertex 61.4000 32.0000 2.3200
      vertex 61.4000 32.0000 4.4000
    endloop
  endfacet
  facet normal 0.000000 1.000000 -0.000000
    outer loop
      vertex 61.6000 32.0000 2.3200
      vertex 61.4000 32.0000 4.4000
      vertex 61.6000 32.0000 4.4000
    endloop
  endfacet
  facet normal 0.707107 0.707107 0.000000
    outer loop
      vertex 61.4000 32.0000 2.3200
      vertex 61.2000 32.2000 2.3200
      vertex 61.2000 32.2000 4.4000
    endloop
  endfacet
  facet normal 0.707107 0.707107 -0.000000
    outer loop
      vertex 61.4000 32.0000 2.3200
      vertex 61.2000 32.2000 4.4000
      vertex 61.4000 32.0000 4.4000
    endloop
  endfacet
  facet normal 1.000000 0.000000 0.000000
    outer loop
      vertex 61.2000 32.2000 2.3200
      vertex 61.2000 34.4000 2.3200
      vertex 61.2000 34.4000 4.4000
    endloop
  endfacet
  facet normal 1.000000 0.000000 0.000000
    outer loop
      vertex 61.2000 32.2000 2.3200
      vertex 61.2000 34.4000 4.4000
      vertex 61.2000 32.2000 4.4000
    endloop
  endfacet
  facet normal 0.707107 0.707107 0.000000
    outer loop
      vertex 61.2000 34.4000 2.3200
      vertex 61.0000 34.6000 2.3200
      vertex 61.0000 34.6000 4.4000
    endloop
  endfacet
  facet normal 0.707107 0.707107 -0.000000
    outer loop
      vertex 61.2000 34.4000 2.3200
      vertex 61.0000 34.6000 4.4000
      vertex 61.2000 34.4000 4.4000
    endloop
  endfacet
  facet normal 1.000000 0.000000 0.000000
    outer loop
      vertex 61.0000 34.6000 2.3200
      vertex 61.0000 35.4000 2.3200
      vertex 61.0000 35.4000 4.4000
    endloop
  endfacet
  facet normal 1.000000 0.000000 0.000000
    outer loop
      vertex 61.0000 34.6000 2.3200
      vertex 61.0000 35.4000 4.4000
      vertex 61.0000 34.6000 4.4000
    endloop
  endfacet
  facet normal 0.707107 0.707107 0.000000
    outer loop
      vertex 61.0000 35.4000 2.3200
      vertex 60.8000 35.6000 2.3200
      vertex 60.8000 35.6000 4.4000
    endloop
  endfacet
  facet normal 0.707107 0.707107 -0.000000
    outer loop
      vertex 61.0000 35.4000 2.3200
      vertex 60.8000 35.6000 4.4000
      vertex 61.0000 35.4000 4.4000
    endloop
  endfacet
  facet normal 0.000000 1.000000 0.000000
    outer loop
      vertex 60.8000 35.6000 2.3200
      vertex 60.4000 35.6000 2.3200
      vertex 60.4000 35.6000 4.4000
    endloop
  endfacet
  facet normal 0.000000 1.000000 -0.000000
    outer loop
      vertex 60.8000 35.6000 2.3200
      vertex 60.4000 35.6000 4.4000
      vertex 60.8000 35.6000 4.4000
    endloop
  endfacet
  facet normal -0.707107 0.707107 0.000000
    outer loop
      vertex 60.4000 35.6000 2.3200
      vertex 60.2000 35.4000 2.3200
      vertex 60.2000 35.4000 4.4000
    endloop
  endfacet
  facet normal -0.707107 0.707107 0.000000
    outer loop
      vertex 60.4000 35.6000 2.3200
      vertex 60.2000 35.4000 4.4000
      vertex 60.4000 35.6000 4.4000
    endloop
  endfacet
  facet normal -1.000000 0.000000 0.000000
    outer loop
      vertex 60.2000 35.4000 2.3200
      vertex 60.2000 35.2000 2.3200
      vertex 60.2000 35.2000 4.4000
    endloop
  endfacet
  facet normal -1.000000 0.000000 0.000000
    outer loop
      vertex 60.2000 35.4000 2.3200
      vertex 60.2000 35.2000 4.4000
      vertex 60.2000 35.4000 4.4000
    endloop
  endfacet
  facet normal -0.707107 0.707107 0.000000
    outer loop
      vertex 60.2000 35.2000 2.3200
      vertex 60.0000 35.0000 2.3200
      vertex 60.0000 35.0000 4.4000
    endloop
  endfacet
  facet normal -0.707107 0.707107 0.000000
    outer loop
      vertex 60.2000 35.2000 2.3200
      vertex 60.0000 35.0000 4.4000
      vertex 60.2000 35.2000 4.4000
    endloop
  endfacet
  facet normal -1.000000 0.000000 0.000000
    outer loop
      vertex 60.0000 35.0000 2.3200
      vertex 60.0000 33.2000 2.3200
      vertex 60.0000 33.2000 4.4000
    endloop
  endfacet
  facet normal -1.000000 0.000000 0.000000
    outer loop
      vertex 60.0000 35.0000 2.3200
      vertex 60.0000 33.2000 4.4000
      vertex 60.0000 35.0000 4.4000
    endloop
  endfacet
  facet normal -0.707107 -0.707107 0.000000
    outer loop
      vertex 60.0000 33.2000 2.3200
      vertex 60.2000 33.0000 2.3200
      vertex 60.2000 33.0000 4.4000
    endloop
  endfacet
  facet normal -0.707107 -0.707107 0.000000
    outer loop
      vertex 60.0000 33.2000 2.3200
      vertex 60.2000 33.0000 4.4000
      vertex 60.0000 33.2000 4.4000
    endloop
  endfacet
  facet normal -1.000000 0.000000 0.000000
    outer loop
      vertex 60.2000 33.0000 2.3200
      vertex 60.2000 32.6000 2.3200
      vertex 60.2000 32.6000 4.4000
    endloop
  endfacet
  facet normal -1.000000 0.000000 0.000000
    outer loop
      vertex 60.2000 33.0000 2.3200
      vertex 60.2000 32.6000 4.4000
      vertex 60.2000 33.0000 4.4000
    endloop
  endfacet
  facet normal -0.707107 -0.707107 0.000000
    outer loop
      vertex 60.2000 32.6000 2.3200
      vertex 61.2000 31.6000 2.3200
      vertex 61.2000 31.6000 4.4000
    endloop
  endfacet
  facet normal -0.707107 -0.707107 0.000000
    outer loop
      vertex 60.2000 32.6000 2.3200
      vertex 61.2000 31.6000 4.4000
      vertex 60.2000 32.6000 4.4000
    endloop
  endfacet
  facet normal 0.000000 -1.000000 0.000000
    outer loop
      vertex 61.2000 31.6000 2.3200
      vertex 61.4000 31.6000 2.3200
      vertex 61.4000 31.6000 4.4000
    endloop
  endfacet
  facet normal 0.000000 -1.000000 0.000000
    outer loop
      vertex 61.2000 31.6000 2.3200
      vertex 61.4000 31.6000 4.4000
      vertex 61.2000 31.6000 4.4000
    endloop
  endfacet
  facet normal -0.707107 -0.707107 0.000000
    outer loop
      vertex 61.4000 31.6000 2.3200
      vertex 61.8000 31.2000 2.3200
      vertex 61.8000 31.2000 4.4000
    endloop
  endfacet
  facet normal -0.707107 -0.707107 0.000000
    outer loop
      vertex 61.4000 31.6000 2.3200
      vertex 61.8000 31.2000 4.4000
      vertex 61.4000 31.6000 4.4000
    endloop
  endfacet
  facet normal 0.000000 -1.000000 0.000000
    outer loop
      vertex 61.8000 31.2000 2.3200
      vertex 62.0000 31.2000 2.3200
      vertex 62.0000 31.2000 4.4000
    endloop
  endfacet
  facet normal 0.000000 -1.000000 0.000000
    outer loop
      vertex 61.8000 31.2000 2.3200
      vertex 62.0000 31.2000 4.4000
      vertex 61.8000 31.2000 4.4000
    endloop
  endfacet
  facet normal -0.707107 -0.707107 0.000000
    outer loop
      vertex 62.0000 31.2000 2.3200
      vertex 62.4000 30.8000 2.3200
      vertex 62.4000 30.8000 4.4000
    endloop
  endfacet
  facet normal -0.707107 -0.707107 0.000000
    outer loop
      vertex 62.0000 31.2000 2.3200
      vertex 62.4000 30.8000 4.4000
      vertex 62.0000 31.2000 4.4000
    endloop
  endfacet
  facet normal 0.000000 -1.000000 0.000000
    outer loop
      vertex 62.4000 30.8000 2.3200
      vertex 62.6000 30.8000 2.3200
      vertex 62.6000 30.8000 4.4000
    endloop
  endfacet
  facet normal 0.000000 -1.000000 0.000000
    outer loop
      vertex 62.4000 30.8000 2.3200
      vertex 62.6000 30.8000 4.4000
      vertex 62.4000 30.8000 4.4000
    endloop
  endfacet
  facet normal -0.707107 -0.707107 0.000000
    outer loop
      vertex 62.6000 30.8000 2.3200
      vertex 62.8000 30.6000 2.3200
      vertex 62.8000 30.6000 4.4000
    endloop
  endfacet
  facet normal -0.707107 -0.707107 0.000000
    outer loop
      vertex 62.6000 30.8000 2.3200
      vertex 62.8000 30.6000 4.4000
      vertex 62.6000 30.8000 4.4000
    endloop
  endfacet
  facet normal 0.000000 -1.000000 0.000000
    outer loop
      vertex 62.8000 30.6000 2.3200
      vertex 63.0000 30.6000 2.3200
      vertex 63.0000 30.6000 4.4000
    endloop
  endfacet
  facet normal 0.000000 -1.000000 0.000000
    outer loop
      vertex 62.8000 30.6000 2.3200
      vertex 63.0000 30.6000 4.4000
      vertex 62.8000 30.6000 4.4000
    endloop
  endfacet
  facet normal -0.707107 -0.707107 0.000000
    outer loop
      vertex 63.0000 30.6000 2.3200
      vertex 63.4000 30.2000 2.3200
      vertex 63.4000 30.2000 4.4000
    endloop
  endfacet
  facet normal -0.707107 -0.707107 0.000000
    outer loop
      vertex 63.0000 30.6000 2.3200
      vertex 63.4000 30.2000 4.4000
      vertex 63.0000 30.6000 4.4000
    endloop
  endfacet
  facet normal 0.000000 -1.000000 0.000000
    outer loop
      vertex 63.4000 30.2000 2.3200
      vertex 63.6000 30.2000 2.3200
      vertex 63.6000 30.2000 4.4000
    endloop
  endfacet
  facet normal 0.000000 -1.000000 0.000000
    outer loop
      vertex 63.4000 30.2000 2.3200
      vertex 63.6000 30.2000 4.4000
      vertex 63.4000 30.2000 4.4000
    endloop
  endfacet
  facet normal -0.707107 -0.707107 0.000000
    outer loop
      vertex 63.6000 30.2000 2.3200
      vertex 64.0000 29.8000 2.3200
      vertex 64.0000 29.8000 4.4000
    endloop
  endfacet
  facet normal -0.707107 -0.707107 0.000000
    outer loop
      vertex 63.6000 30.2000 2.3200
      vertex 64.0000 29.8000 4.4000
      vertex 63.6000 30.2000 4.4000
    endloop
  endfacet
  facet normal 0.000000 -1.000000 0.000000
    outer loop
      vertex 64.0000 29.8000 2.3200
      vertex 64.2000 29.8000 2.3200
      vertex 64.2000 29.8000 4.4000
    endloop
  endfacet
  facet normal 0.000000 -1.000000 0.000000
    outer loop
      vertex 64.0000 29.8000 2.3200
      vertex 64.2000 29.8000 4.4000
      vertex 64.0000 29.8000 4.4000
    endloop
  endfacet
  facet normal -0.707107 -0.707107 0.000000
    outer loop
      vertex 64.2000 29.8000 2.3200
      vertex 64.6000 29.4000 2.3200
      vertex 64.6000 29.4000 4.4000
    endloop
  endfacet
  facet normal -0.707107 -0.707107 0.000000
    outer loop
      vertex 64.2000 29.8000 2.3200
      vertex 64.6000 29.4000 4.4000
      vertex 64.2000 29.8000 4.4000
    endloop
  endfacet
  facet normal 0.000000 -1.000000 0.000000
    outer loop
      vertex 64.6000 29.4000 2.3200
      vertex 64.8000 29.4000 2.3200
      vertex 64.8000 29.4000 4.4000
    endloop
  endfacet
  facet normal 0.000000 -1.000000 0.000000
    outer loop
      vertex 64.6000 29.4000 2.3200
      vertex 64.8000 29.4000 4.4000
      vertex 64.6000 29.4000 4.4000
    endloop
  endfacet
  facet normal -0.707107 -0.707107 0.000000
    outer loop
      vertex 64.8000 29.4000 2.3200
      vertex 65.4000 28.8000 2.3200
      vertex 65.4000 28.8000 4.4000
    endloop
  endfacet
  facet normal -0.707107 -0.707107 0.000000
    outer loop
      vertex 64.8000 29.4000 2.3200
      vertex 65.4000 28.8000 4.4000
      vertex 64.8000 29.4000 4.4000
    endloop
  endfacet
  facet normal 0.000000 -1.000000 0.000000
    outer loop
      vertex 65.4000 28.8000 2.3200
      vertex 65.6000 28.8000 2.3200
      vertex 65.6000 28.8000 4.4000
    endloop
  endfacet
  facet normal 0.000000 -1.000000 0.000000
    outer loop
      vertex 65.4000 28.8000 2.3200
      vertex 65.6000 28.8000 4.4000
      vertex 65.4000 28.8000 4.4000
    endloop
  endfacet
  facet normal -0.707107 -0.707107 0.000000
    outer loop
      vertex 65.6000 28.8000 2.3200
      vertex 67.6000 26.8000 2.3200
      vertex 67.6000 26.8000 4.4000
    endloop
  endfacet
  facet normal -0.707107 -0.707107 0.000000
    outer loop
      vertex 65.6000 28.8000 2.3200
      vertex 67.6000 26.8000 4.4000
      vertex 65.6000 28.8000 4.4000
    endloop
  endfacet
  facet normal -1.000000 0.000000 0.000000
    outer loop
      vertex 67.6000 26.8000 2.3200
      vertex 67.6000 26.6000 2.3200
      vertex 67.6000 26.6000 4.4000
    endloop
  endfacet
  facet normal -1.000000 0.000000 0.000000
    outer loop
      vertex 67.6000 26.8000 2.3200
      vertex 67.6000 26.6000 4.4000
      vertex 67.6000 26.8000 4.4000
    endloop
  endfacet
  facet normal -0.707107 -0.707107 0.000000
    outer loop
      vertex 67.6000 26.6000 2.3200
      vertex 67.8000 26.4000 2.3200
      vertex 67.8000 26.4000 4.4000
    endloop
  endfacet
  facet normal -0.707107 -0.707107 0.000000
    outer loop
      vertex 67.6000 26.6000 2.3200
      vertex 67.8000 26.4000 4.4000
      vertex 67.6000 26.6000 4.4000
    endloop
  endfacet
  facet normal -1.000000 0.000000 0.000000
    outer loop
      vertex 67.8000 26.4000 2.3200
      vertex 67.8000 26.2000 2.3200
      vertex 67.8000 26.2000 4.4000
    endloop
  endfacet
  facet normal -1.000000 0.000000 0.000000
    outer loop
      vertex 67.8000 26.4000 2.3200
      vertex 67.8000 26.2000 4.4000
      vertex 67.8000 26.4000 4.4000
    endloop
  endfacet
  facet normal -0.707107 -0.707107 0.000000
    outer loop
      vertex 67.8000 26.2000 2.3200
      vertex 68.0000 26.0000 2.3200
      vertex 68.0000 26.0000 4.4000
    endloop
  endfacet
  facet normal -0.707107 -0.707107 0.000000
    outer loop
      vertex 67.8000 26.2000 2.3200
      vertex 68.0000 26.0000 4.4000
      vertex 67.8000 26.2000 4.4000
    endloop
  endfacet
  facet normal -1.000000 0.000000 0.000000
    outer loop
      vertex 68.0000 26.0000 2.3200
      vertex 68.0000 25.6000 2.3200
      vertex 68.0000 25.6000 4.4000
    endloop
  endfacet
  facet normal -1.000000 0.000000 0.000000
    outer loop
      vertex 68.0000 26.0000 2.3200
      vertex 68.0000 25.6000 4.4000
      vertex 68.0000 26.0000 4.4000
    endloop
  endfacet
  facet normal -0.707107 -0.707107 0.000000
    outer loop
      vertex 68.0000 25.6000 2.3200
      vertex 68.2000 25.4000 2.3200
      vertex 68.2000 25.4000 4.4000
    endloop
  endfacet
  facet normal -0.707107 -0.707107 0.000000
    outer loop
      vertex 68.0000 25.6000 2.3200
      vertex 68.2000 25.4000 4.4000
      vertex 68.0000 25.6000 4.4000
    endloop
  endfacet
  facet normal -1.000000 0.000000 0.000000
    outer loop
      vertex 68.2000 25.4000 2.3200
      vertex 68.2000 24.8000 2.3200
      vertex 68.2000 24.8000 4.4000
    endloop
  endfacet
  facet normal -1.000000 0.000000 0.000000
    outer loop
      vertex 68.2000 25.4000 2.3200
      vertex 68.2000 24.8000 4.4000
      vertex 68.2000 25.4000 4.4000
    endloop
  endfacet
  facet normal -0.707107 -0.707107 0.000000
    outer loop
      vertex 68.2000 24.8000 2.3200
      vertex 68.4000 24.6000 2.3200
      vertex 68.4000 24.6000 4.4000
    endloop
  endfacet
  facet normal -0.707107 -0.707107 0.000000
    outer loop
      vertex 68.2000 24.8000 2.3200
      vertex 68.4000 24.6000 4.4000
      vertex 68.2000 24.8000 4.4000
    endloop
  endfacet
  facet normal -1.000000 0.000000 0.000000
    outer loop
      vertex 68.4000 24.6000 2.3200
      vertex 68.4000 23.6000 2.3200
      vertex 68.4000 23.6000 4.4000
    endloop
  endfacet
  facet normal -1.000000 0.000000 0.000000
    outer loop
      vertex 68.4000 24.6000 2.3200
      vertex 68.4000 23.6000 4.4000
      vertex 68.4000 24.6000 4.4000
    endloop
  endfacet
  facet normal -0.707107 -0.707107 0.000000
    outer loop
      vertex 68.4000 23.6000 2.3200
      vertex 68.6000 23.4000 2.3200
      vertex 68.6000 23.4000 4.4000
    endloop
  endfacet
  facet normal -0.707107 -0.707107 0.000000
    outer loop
      vertex 68.4000 23.6000 2.3200
      vertex 68.6000 23.4000 4.4000
      vertex 68.4000 23.6000 4.4000
    endloop
  endfacet
  facet normal -1.000000 0.000000 0.000000
    outer loop
      vertex 68.6000 23.4000 2.3200
      vertex 68.6000 19.4000 2.3200
      vertex 68.6000 19.4000 4.4000
    endloop
  endfacet
  facet normal -1.000000 0.000000 0.000000
    outer loop
      vertex 68.6000 23.4000 2.3200
      vertex 68.6000 19.4000 4.4000
      vertex 68.6000 23.4000 4.4000
    endloop
  endfacet
  facet normal -0.707107 0.707107 0.000000
    outer loop
      vertex 68.6000 19.4000 2.3200
      vertex 68.4000 19.2000 2.3200
      vertex 68.4000 19.2000 4.4000
    endloop
  endfacet
  facet normal -0.707107 0.707107 0.000000
    outer loop
      vertex 68.6000 19.4000 2.3200
      vertex 68.4000 19.2000 4.4000
      vertex 68.6000 19.4000 4.4000
    endloop
  endfacet
  facet normal -1.000000 0.000000 0.000000
    outer loop
      vertex 68.4000 19.2000 2.3200
      vertex 68.4000 18.2000 2.3200
      vertex 68.4000 18.2000 4.4000
    endloop
  endfacet
  facet normal -1.000000 0.000000 0.000000
    outer loop
      vertex 68.4000 19.2000 2.3200
      vertex 68.4000 18.2000 4.4000
      vertex 68.4000 19.2000 4.4000
    endloop
  endfacet
  facet normal -0.707107 0.707107 0.000000
    outer loop
      vertex 68.4000 18.2000 2.3200
      vertex 68.2000 18.0000 2.3200
      vertex 68.2000 18.0000 4.4000
    endloop
  endfacet
  facet normal -0.707107 0.707107 0.000000
    outer loop
      vertex 68.4000 18.2000 2.3200
      vertex 68.2000 18.0000 4.4000
      vertex 68.4000 18.2000 4.4000
    endloop
  endfacet
  facet normal -1.000000 0.000000 0.000000
    outer loop
      vertex 68.2000 18.0000 2.3200
      vertex 68.2000 17.6000 2.3200
      vertex 68.2000 17.6000 4.4000
    endloop
  endfacet
  facet normal -1.000000 0.000000 0.000000
    outer loop
      vertex 68.2000 18.0000 2.3200
      vertex 68.2000 17.6000 4.4000
      vertex 68.2000 18.0000 4.4000
    endloop
  endfacet
  facet normal -0.707107 0.707107 0.000000
    outer loop
      vertex 68.2000 17.6000 2.3200
      vertex 68.0000 17.4000 2.3200
      vertex 68.0000 17.4000 4.4000
    endloop
  endfacet
  facet normal -0.707107 0.707107 0.000000
    outer loop
      vertex 68.2000 17.6000 2.3200
      vertex 68.0000 17.4000 4.4000
      vertex 68.2000 17.6000 4.4000
    endloop
  endfacet
  facet normal -1.000000 0.000000 0.000000
    outer loop
      vertex 68.0000 17.4000 2.3200
      vertex 68.0000 17.2000 2.3200
      vertex 68.0000 17.2000 4.4000
    endloop
  endfacet
  facet normal -1.000000 0.000000 0.000000
    outer loop
      vertex 68.0000 17.4000 2.3200
      vertex 68.0000 17.2000 4.4000
      vertex 68.0000 17.4000 4.4000
    endloop
  endfacet
  facet normal -0.707107 0.707107 0.000000
    outer loop
      vertex 68.0000 17.2000 2.3200
      vertex 67.8000 17.0000 2.3200
      vertex 67.8000 17.0000 4.4000
    endloop
  endfacet
  facet normal -0.707107 0.707107 0.000000
    outer loop
      vertex 68.0000 17.2000 2.3200
      vertex 67.8000 17.0000 4.4000
      vertex 68.0000 17.2000 4.4000
    endloop
  endfacet
  facet normal -1.000000 0.000000 0.000000
    outer loop
      vertex 67.8000 17.0000 2.3200
      vertex 67.8000 16.8000 2.3200
      vertex 67.8000 16.8000 4.4000
    endloop
  endfacet
  facet normal -1.000000 0.000000 0.000000
    outer loop
      vertex 67.8000 17.0000 2.3200
      vertex 67.8000 16.8000 4.4000
      vertex 67.8000 17.0000 4.4000
    endloop
  endfacet
  facet normal -0.707107 0.707107 0.000000
    outer loop
      vertex 67.8000 16.8000 2.3200
      vertex 66.6000 15.6000 2.3200
      vertex 66.6000 15.6000 4.4000
    endloop
  endfacet
  facet normal -0.707107 0.707107 0.000000
    outer loop
      vertex 67.8000 16.8000 2.3200
      vertex 66.6000 15.6000 4.4000
      vertex 67.8000 16.8000 4.4000
    endloop
  endfacet
  facet normal 0.000000 1.000000 0.000000
    outer loop
      vertex 66.6000 15.6000 2.3200
      vertex 66.4000 15.6000 2.3200
      vertex 66.4000 15.6000 4.4000
    endloop
  endfacet
  facet normal 0.000000 1.000000 -0.000000
    outer loop
      vertex 66.6000 15.6000 2.3200
      vertex 66.4000 15.6000 4.4000
      vertex 66.6000 15.6000 4.4000
    endloop
  endfacet
  facet normal -0.707107 0.707107 0.000000
    outer loop
      vertex 66.4000 15.6000 2.3200
      vertex 66.2000 15.4000 2.3200
      vertex 66.2000 15.4000 4.4000
    endloop
  endfacet
  facet normal -0.707107 0.707107 0.000000
    outer loop
      vertex 66.4000 15.6000 2.3200
      vertex 66.2000 15.4000 4.4000
      vertex 66.4000 15.6000 4.4000
    endloop
  endfacet
  facet normal 0.000000 1.000000 0.000000
    outer loop
      vertex 66.2000 15.4000 2.3200
      vertex 66.0000 15.4000 2.3200
      vertex 66.0000 15.4000 4.4000
    endloop
  endfacet
  facet normal 0.000000 1.000000 -0.000000
    outer loop
      vertex 66.2000 15.4000 2.3200
      vertex 66.0000 15.4000 4.4000
      vertex 66.2000 15.4000 4.4000
    endloop
  endfacet
  facet normal -0.707107 0.707107 0.000000
    outer loop
      vertex 66.0000 15.4000 2.3200
      vertex 65.6000 15.0000 2.3200
      vertex 65.6000 15.0000 4.4000
    endloop
  endfacet
  facet normal -0.707107 0.707107 0.000000
    outer loop
      vertex 66.0000 15.4000 2.3200
      vertex 65.6000 15.0000 4.4000
      vertex 66.0000 15.4000 4.4000
    endloop
  endfacet
  facet normal 0.000000 1.000000 0.000000
    outer loop
      vertex 65.6000 15.0000 2.3200
      vertex 65.4000 15.0000 2.3200
      vertex 65.4000 15.0000 4.4000
    endloop
  endfacet
  facet normal 0.000000 1.000000 -0.000000
    outer loop
      vertex 65.6000 15.0000 2.3200
      vertex 65.4000 15.0000 4.4000
      vertex 65.6000 15.0000 4.4000
    endloop
  endfacet
  facet normal -0.707107 0.707107 0.000000
    outer loop
      vertex 65.4000 15.0000 2.3200
      vertex 65.2000 14.8000 2.3200
      vertex 65.2000 14.8000 4.4000
    endloop
  endfacet
  facet normal -0.707107 0.707107 0.000000
    outer loop
      vertex 65.4000 15.0000 2.3200
      vertex 65.2000 14.8000 4.4000
      vertex 65.4000 15.0000 4.4000
    endloop
  endfacet
  facet normal 0.000000 1.000000 0.000000
    outer loop
      vertex 65.2000 14.8000 2.3200
      vertex 64.8000 14.8000 2.3200
      vertex 64.8000 14.8000 4.4000
    endloop
  endfacet
  facet normal 0.000000 1.000000 -0.000000
    outer loop
      vertex 65.2000 14.8000 2.3200
      vertex 64.8000 14.8000 4.4000
      vertex 65.2000 14.8000 4.4000
    endloop
  endfacet
  facet normal -0.707107 0.707107 0.000000
    outer loop
      vertex 64.8000 14.8000 2.3200
      vertex 64.6000 14.6000 2.3200
      vertex 64.6000 14.6000 4.4000
    endloop
  endfacet
  facet normal -0.707107 0.707107 0.000000
    outer loop
      vertex 64.8000 14.8000 2.3200
      vertex 64.6000 14.6000 4.4000
      vertex 64.8000 14.8000 4.4000
    endloop
  endfacet
  facet normal 0.000000 1.000000 0.000000
    outer loop
      vertex 64.6000 14.6000 2.3200
      vertex 64.4000 14.6000 2.3200
      vertex 64.4000 14.6000 4.4000
    endloop
  endfacet
  facet normal 0.000000 1.000000 -0.000000
    outer loop
      vertex 64.6000 14.6000 2.3200
      vertex 64.4000 14.6000 4.4000
      vertex 64.6000 14.6000 4.4000
    endloop
  endfacet
  facet normal -0.707107 0.707107 0.000000
    outer loop
      vertex 64.4000 14.6000 2.3200
      vertex 64.2000 14.4000 2.3200
      vertex 64.2000 14.4000 4.4000
    endloop
  endfacet
  facet normal -0.707107 0.707107 0.000000
    outer loop
      vertex 64.4000 14.6000 2.3200
      vertex 64.2000 14.4000 4.4000
      vertex 64.4000 14.6000 4.4000
    endloop
  endfacet
  facet normal 0.000000 1.000000 0.000000
    outer loop
      vertex 64.2000 14.4000 2.3200
      vertex 63.6000 14.4000 2.3200
      vertex 63.6000 14.4000 4.4000
    endloop
  endfacet
  facet normal 0.000000 1.000000 -0.000000
    outer loop
      vertex 64.2000 14.4000 2.3200
      vertex 63.6000 14.4000 4.4000
      vertex 64.2000 14.4000 4.4000
    endloop
  endfacet
  facet normal -0.707107 0.707107 0.000000
    outer loop
      vertex 63.6000 14.4000 2.3200
      vertex 63.4000 14.2000 2.3200
      vertex 63.4000 14.2000 4.4000
    endloop
  endfacet
  facet normal -0.707107 0.707107 0.000000
    outer loop
      vertex 63.6000 14.4000 2.3200
      vertex 63.4000 14.2000 4.4000
      vertex 63.6000 14.4000 4.4000
    endloop
  endfacet
  facet normal 0.000000 1.000000 0.000000
    outer loop
      vertex 63.4000 14.2000 2.3200
      vertex 62.6000 14.2000 2.3200
      vertex 62.6000 14.2000 4.4000
    endloop
  endfacet
  facet normal 0.000000 1.000000 -0.000000
    outer loop
      vertex 63.4000 14.2000 2.3200
      vertex 62.6000 14.2000 4.4000
      vertex 63.4000 14.2000 4.4000
    endloop
  endfacet
  facet normal -0.707107 0.707107 0.000000
    outer loop
      vertex 62.6000 14.2000 2.3200
      vertex 62.4000 14.0000 2.3200
      vertex 62.4000 14.0000 4.4000
    endloop
  endfacet
  facet normal -0.707107 0.707107 0.000000
    outer loop
      vertex 62.6000 14.2000 2.3200
      vertex 62.4000 14.0000 4.4000
      vertex 62.6000 14.2000 4.4000
    endloop
  endfacet
  facet normal 0.000000 1.000000 0.000000
    outer loop
      vertex 62.4000 14.0000 2.3200
      vertex 59.6000 14.0000 2.3200
      vertex 59.6000 14.0000 4.4000
    endloop
  endfacet
  facet normal 0.000000 1.000000 -0.000000
    outer loop
      vertex 62.4000 14.0000 2.3200
      vertex 59.6000 14.0000 4.4000
      vertex 62.4000 14.0000 4.4000
    endloop
  endfacet
  facet normal 0.707107 0.707107 0.000000
    outer loop
      vertex 59.6000 14.0000 2.3200
      vertex 59.4000 14.2000 2.3200
      vertex 59.4000 14.2000 4.4000
    endloop
  endfacet
  facet normal 0.707107 0.707107 -0.000000
    outer loop
      vertex 59.6000 14.0000 2.3200
      vertex 59.4000 14.2000 4.4000
      vertex 59.6000 14.0000 4.4000
    endloop
  endfacet
  facet normal 0.000000 1.000000 0.000000
    outer loop
      vertex 59.4000 14.2000 2.3200
      vertex 58.4000 14.2000 2.3200
      vertex 58.4000 14.2000 4.4000
    endloop
  endfacet
  facet normal 0.000000 1.000000 -0.000000
    outer loop
      vertex 59.4000 14.2000 2.3200
      vertex 58.4000 14.2000 4.4000
      vertex 59.4000 14.2000 4.4000
    endloop
  endfacet
  facet normal 0.707107 0.707107 0.000000
    outer loop
      vertex 58.4000 14.2000 2.3200
      vertex 58.2000 14.4000 2.3200
      vertex 58.2000 14.4000 4.4000
    endloop
  endfacet
  facet normal 0.707107 0.707107 -0.000000
    outer loop
      vertex 58.4000 14.2000 2.3200
      vertex 58.2000 14.4000 4.4000
      vertex 58.4000 14.2000 4.4000
    endloop
  endfacet
  facet normal 0.000000 1.000000 0.000000
    outer loop
      vertex 58.2000 14.4000 2.3200
      vertex 57.8000 14.4000 2.3200
      vertex 57.8000 14.4000 4.4000
    endloop
  endfacet
  facet normal 0.000000 1.000000 -0.000000
    outer loop
      vertex 58.2000 14.4000 2.3200
      vertex 57.8000 14.4000 4.4000
      vertex 58.2000 14.4000 4.4000
    endloop
  endfacet
  facet normal 0.707107 0.707107 0.000000
    outer loop
      vertex 57.8000 14.4000 2.3200
      vertex 57.6000 14.6000 2.3200
      vertex 57.6000 14.6000 4.4000
    endloop
  endfacet
  facet normal 0.707107 0.707107 -0.000000
    outer loop
      vertex 57.8000 14.4000 2.3200
      vertex 57.6000 14.6000 4.4000
      vertex 57.8000 14.4000 4.4000
    endloop
  endfacet
  facet normal 0.000000 1.000000 0.000000
    outer loop
      vertex 57.6000 14.6000 2.3200
      vertex 57.2000 14.6000 2.3200
      vertex 57.2000 14.6000 4.4000
    endloop
  endfacet
  facet normal 0.000000 1.000000 -0.000000
    outer loop
      vertex 57.6000 14.6000 2.3200
      vertex 57.2000 14.6000 4.4000
      vertex 57.6000 14.6000 4.4000
    endloop
  endfacet
  facet normal 0.707107 0.707107 0.000000
    outer loop
      vertex 57.2000 14.6000 2.3200
      vertex 57.0000 14.8000 2.3200
      vertex 57.0000 14.8000 4.4000
    endloop
  endfacet
  facet normal 0.707107 0.707107 -0.000000
    outer loop
      vertex 57.2000 14.6000 2.3200
      vertex 57.0000 14.8000 4.4000
      vertex 57.2000 14.6000 4.4000
    endloop
  endfacet
  facet normal 0.000000 1.000000 0.000000
    outer loop
      vertex 57.0000 14.8000 2.3200
      vertex 56.8000 14.8000 2.3200
      vertex 56.8000 14.8000 4.4000
    endloop
  endfacet
  facet normal 0.000000 1.000000 -0.000000
    outer loop
      vertex 57.0000 14.8000 2.3200
      vertex 56.8000 14.8000 4.4000
      vertex 57.0000 14.8000 4.4000
    endloop
  endfacet
  facet normal 0.707107 0.707107 0.000000
    outer loop
      vertex 56.8000 14.8000 2.3200
      vertex 56.6000 15.0000 2.3200
      vertex 56.6000 15.0000 4.4000
    endloop
  endfacet
  facet normal 0.707107 0.707107 -0.000000
    outer loop
      vertex 56.8000 14.8000 2.3200
      vertex 56.6000 15.0000 4.4000
      vertex 56.8000 14.8000 4.4000
    endloop
  endfacet
  facet normal 0.000000 1.000000 0.000000
    outer loop
      vertex 56.6000 15.0000 2.3200
      vertex 56.4000 15.0000 2.3200
      vertex 56.4000 15.0000 4.4000
    endloop
  endfacet
  facet normal 0.000000 1.000000 -0.000000
    outer loop
      vertex 56.6000 15.0000 2.3200
      vertex 56.4000 15.0000 4.4000
      vertex 56.6000 15.0000 4.4000
    endloop
  endfacet
  facet normal 0.707107 0.707107 0.000000
    outer loop
      vertex 56.4000 15.0000 2.3200
      vertex 56.2000 15.2000 2.3200
      vertex 56.2000 15.2000 4.4000
    endloop
  endfacet
  facet normal 0.707107 0.707107 -0.000000
    outer loop
      vertex 56.4000 15.0000 2.3200
      vertex 56.2000 15.2000 4.4000
      vertex 56.4000 15.0000 4.4000
    endloop
  endfacet
  facet normal 0.000000 1.000000 0.000000
    outer loop
      vertex 56.2000 15.2000 2.3200
      vertex 56.0000 15.2000 2.3200
      vertex 56.0000 15.2000 4.4000
    endloop
  endfacet
  facet normal 0.000000 1.000000 -0.000000
    outer loop
      vertex 56.2000 15.2000 2.3200
      vertex 56.0000 15.2000 4.4000
      vertex 56.2000 15.2000 4.4000
    endloop
  endfacet
  facet normal 0.707107 0.707107 0.000000
    outer loop
      vertex 56.0000 15.2000 2.3200
      vertex 55.6000 15.6000 2.3200
      vertex 55.6000 15.6000 4.4000
    endloop
  endfacet
  facet normal 0.707107 0.707107 -0.000000
    outer loop
      vertex 56.0000 15.2000 2.3200
      vertex 55.6000 15.6000 4.4000
      vertex 56.0000 15.2000 4.4000
    endloop
  endfacet
  facet normal 0.000000 1.000000 0.000000
    outer loop
      vertex 55.6000 15.6000 2.3200
      vertex 55.4000 15.6000 2.3200
      vertex 55.4000 15.6000 4.4000
    endloop
  endfacet
  facet normal 0.000000 1.000000 -0.000000
    outer loop
      vertex 55.6000 15.6000 2.3200
      vertex 55.4000 15.6000 4.4000
      vertex 55.6000 15.6000 4.4000
    endloop
  endfacet
  facet normal 0.707107 0.707107 0.000000
    outer loop
      vertex 55.4000 15.6000 2.3200
      vertex 54.2000 16.8000 2.3200
      vertex 54.2000 16.8000 4.4000
    endloop
  endfacet
  facet normal 0.707107 0.707107 -0.000000
    outer loop
      vertex 55.4000 15.6000 2.3200
      vertex 54.2000 16.8000 4.4000
      vertex 55.4000 15.6000 4.4000
    endloop
  endfacet
  facet normal 1.000000 0.000000 0.000000
    outer loop
      vertex 54.2000 16.8000 2.3200
      vertex 54.2000 17.0000 2.3200
      vertex 54.2000 17.0000 4.4000
    endloop
  endfacet
  facet normal 1.000000 0.000000 0.000000
    outer loop
      vertex 54.2000 16.8000 2.3200
      vertex 54.2000 17.0000 4.4000
      vertex 54.2000 16.8000 4.4000
    endloop
  endfacet
  facet normal 0.707107 0.707107 0.000000
    outer loop
      vertex 54.2000 17.0000 2.3200
      vertex 53.8000 17.4000 2.3200
      vertex 53.8000 17.4000 4.4000
    endloop
  endfacet
  facet normal 0.707107 0.707107 -0.000000
    outer loop
      vertex 54.2000 17.0000 2.3200
      vertex 53.8000 17.4000 4.4000
      vertex 54.2000 17.0000 4.4000
    endloop
  endfacet
  facet normal 1.000000 0.000000 0.000000
    outer loop
      vertex 53.8000 17.4000 2.3200
      vertex 53.8000 17.6000 2.3200
      vertex 53.8000 17.6000 4.4000
    endloop
  endfacet
  facet normal 1.000000 0.000000 0.000000
    outer loop
      vertex 53.8000 17.4000 2.3200
      vertex 53.8000 17.6000 4.4000
      vertex 53.8000 17.4000 4.4000
    endloop
  endfacet
  facet normal 0.707107 0.707107 0.000000
    outer loop
      vertex 53.8000 17.6000 2.3200
      vertex 53.6000 17.8000 2.3200
      vertex 53.6000 17.8000 4.4000
    endloop
  endfacet
  facet normal 0.707107 0.707107 -0.000000
    outer loop
      vertex 53.8000 17.6000 2.3200
      vertex 53.6000 17.8000 4.4000
      vertex 53.8000 17.6000 4.4000
    endloop
  endfacet
  facet normal 1.000000 0.000000 0.000000
    outer loop
      vertex 53.6000 17.8000 2.3200
      vertex 53.6000 18.4000 2.3200
      vertex 53.6000 18.4000 4.4000
    endloop
  endfacet
  facet normal 1.000000 0.000000 0.000000
    outer loop
      vertex 53.6000 17.8000 2.3200
      vertex 53.6000 18.4000 4.4000
      vertex 53.6000 17.8000 4.4000
    endloop
  endfacet
  facet normal 0.707107 0.707107 0.000000
    outer loop
      vertex 53.6000 18.4000 2.3200
      vertex 53.4000 18.6000 2.3200
      vertex 53.4000 18.6000 4.4000
    endloop
  endfacet
  facet normal 0.707107 0.707107 -0.000000
    outer loop
      vertex 53.6000 18.4000 2.3200
      vertex 53.4000 18.6000 4.4000
      vertex 53.6000 18.4000 4.4000
    endloop
  endfacet
  facet normal 1.000000 0.000000 0.000000
    outer loop
      vertex 53.4000 18.6000 2.3200
      vertex 53.4000 19.4000 2.3200
      vertex 53.4000 19.4000 4.4000
    endloop
  endfacet
  facet normal 1.000000 0.000000 0.000000
    outer loop
      vertex 53.4000 18.6000 2.3200
      vertex 53.4000 19.4000 4.4000
      vertex 53.4000 18.6000 4.4000
    endloop
  endfacet
  facet normal 0.707107 0.707107 0.000000
    outer loop
      vertex 53.4000 19.4000 2.3200
      vertex 53.2000 19.6000 2.3200
      vertex 53.2000 19.6000 4.4000
    endloop
  endfacet
  facet normal 0.707107 0.707107 -0.000000
    outer loop
      vertex 53.4000 19.4000 2.3200
      vertex 53.2000 19.6000 4.4000
      vertex 53.4000 19.4000 4.4000
    endloop
  endfacet
  facet normal 1.000000 0.000000 0.000000
    outer loop
      vertex 53.2000 19.6000 2.3200
      vertex 53.2000 24.0000 2.3200
      vertex 53.2000 24.0000 4.4000
    endloop
  endfacet
  facet normal 1.000000 0.000000 0.000000
    outer loop
      vertex 53.2000 19.6000 2.3200
      vertex 53.2000 24.0000 4.4000
      vertex 53.2000 19.6000 4.4000
    endloop
  endfacet
  facet normal 0.707107 -0.707107 0.000000
    outer loop
      vertex 53.2000 24.0000 2.3200
      vertex 53.4000 24.2000 2.3200
      vertex 53.4000 24.2000 4.4000
    endloop
  endfacet
  facet normal 0.707107 -0.707107 0.000000
    outer loop
      vertex 53.2000 24.0000 2.3200
      vertex 53.4000 24.2000 4.4000
      vertex 53.2000 24.0000 4.4000
    endloop
  endfacet
  facet normal 0.000000 -1.000000 0.000000
    outer loop
      vertex 53.4000 24.2000 2.3200
      vertex 53.6000 24.2000 2.3200
      vertex 53.6000 24.2000 4.4000
    endloop
  endfacet
  facet normal 0.000000 -1.000000 0.000000
    outer loop
      vertex 53.4000 24.2000 2.3200
      vertex 53.6000 24.2000 4.4000
      vertex 53.4000 24.2000 4.4000
    endloop
  endfacet
  facet normal 0.707107 -0.707107 0.000000
    outer loop
      vertex 53.6000 24.2000 2.3200
      vertex 53.8000 24.4000 2.3200
      vertex 53.8000 24.4000 4.4000
    endloop
  endfacet
  facet normal 0.707107 -0.707107 0.000000
    outer loop
      vertex 53.6000 24.2000 2.3200
      vertex 53.8000 24.4000 4.4000
      vertex 53.6000 24.2000 4.4000
    endloop
  endfacet
  facet normal 0.000000 -1.000000 0.000000
    outer loop
      vertex 53.8000 24.4000 2.3200
      vertex 59.2000 24.4000 2.3200
      vertex 59.2000 24.4000 4.4000
    endloop
  endfacet
  facet normal 0.000000 -1.000000 0.000000
    outer loop
      vertex 53.8000 24.4000 2.3200
      vertex 59.2000 24.4000 4.4000
      vertex 53.8000 24.4000 4.4000
    endloop
  endfacet
  facet normal 0.707107 -0.707107 0.000000
    outer loop
      vertex 59.2000 24.4000 2.3200
      vertex 59.4000 24.6000 2.3200
      vertex 59.4000 24.6000 4.4000
    endloop
  endfacet
  facet normal 0.707107 -0.707107 0.000000
    outer loop
      vertex 59.2000 24.4000 2.3200
      vertex 59.4000 24.6000 4.4000
      vertex 59.2000 24.4000 4.4000
    endloop
  endfacet
  facet normal 0.707107 0.707107 0.000000
    outer loop
      vertex 59.4000 24.6000 2.3200
      vertex 59.2000 24.8000 2.3200
      vertex 59.2000 24.8000 4.4000
    endloop
  endfacet
  facet normal 0.707107 0.707107 -0.000000
    outer loop
      vertex 59.4000 24.6000 2.3200
      vertex 59.2000 24.8000 4.4000
      vertex 59.4000 24.6000 4.4000
    endloop
  endfacet
  facet normal 0.000000 1.000000 0.000000
    outer loop
      vertex 59.2000 24.8000 2.3200
      vertex 59.0000 24.8000 2.3200
      vertex 59.0000 24.8000 4.4000
    endloop
  endfacet
  facet normal 0.000000 1.000000 -0.000000
    outer loop
      vertex 59.2000 24.8000 2.3200
      vertex 59.0000 24.8000 4.4000
      vertex 59.2000 24.8000 4.4000
    endloop
  endfacet
  facet normal 0.707107 0.707107 0.000000
    outer loop
      vertex 59.0000 24.8000 2.3200
      vertex 58.6000 25.2000 2.3200
      vertex 58.6000 25.2000 4.4000
    endloop
  endfacet
  facet normal 0.707107 0.707107 -0.000000
    outer loop
      vertex 59.0000 24.8000 2.3200
      vertex 58.6000 25.2000 4.4000
      vertex 59.0000 24.8000 4.4000
    endloop
  endfacet
  facet normal 0.000000 1.000000 0.000000
    outer loop
      vertex 58.6000 25.2000 2.3200
      vertex 58.4000 25.2000 2.3200
      vertex 58.4000 25.2000 4.4000
    endloop
  endfacet
  facet normal 0.000000 1.000000 -0.000000
    outer loop
      vertex 58.6000 25.2000 2.3200
      vertex 58.4000 25.2000 4.4000
      vertex 58.6000 25.2000 4.4000
    endloop
  endfacet
  facet normal 0.707107 0.707107 0.000000
    outer loop
      vertex 58.4000 25.2000 2.3200
      vertex 58.0000 25.6000 2.3200
      vertex 58.0000 25.6000 4.4000
    endloop
  endfacet
  facet normal 0.707107 0.707107 -0.000000
    outer loop
      vertex 58.4000 25.2000 2.3200
      vertex 58.0000 25.6000 4.4000
      vertex 58.4000 25.2000 4.4000
    endloop
  endfacet
  facet normal 0.000000 1.000000 0.000000
    outer loop
      vertex 58.0000 25.6000 2.3200
      vertex 57.8000 25.6000 2.3200
      vertex 57.8000 25.6000 4.4000
    endloop
  endfacet
  facet normal 0.000000 1.000000 -0.000000
    outer loop
      vertex 58.0000 25.6000 2.3200
      vertex 57.8000 25.6000 4.4000
      vertex 58.0000 25.6000 4.4000
    endloop
  endfacet
  facet normal 0.707107 0.707107 0.000000
    outer loop
      vertex 57.8000 25.6000 2.3200
      vertex 57.4000 26.0000 2.3200
      vertex 57.4000 26.0000 4.4000
    endloop
  endfacet
  facet normal 0.707107 0.707107 -0.000000
    outer loop
      vertex 57.8000 25.6000 2.3200
      vertex 57.4000 26.0000 4.4000
      vertex 57.8000 25.6000 4.4000
    endloop
  endfacet
  facet normal 0.000000 1.000000 0.000000
    outer loop
      vertex 57.4000 26.0000 2.3200
      vertex 57.2000 26.0000 2.3200
      vertex 57.2000 26.0000 4.4000
    endloop
  endfacet
  facet normal 0.000000 1.000000 -0.000000
    outer loop
      vertex 57.4000 26.0000 2.3200
      vertex 57.2000 26.0000 4.4000
      vertex 57.4000 26.0000 4.4000
    endloop
  endfacet
  facet normal 0.707107 0.707107 0.000000
    outer loop
      vertex 57.2000 26.0000 2.3200
      vertex 56.8000 26.4000 2.3200
      vertex 56.8000 26.4000 4.4000
    endloop
  endfacet
  facet normal 0.707107 0.707107 -0.000000
    outer loop
      vertex 57.2000 26.0000 2.3200
      vertex 56.8000 26.4000 4.4000
      vertex 57.2000 26.0000 4.4000
    endloop
  endfacet
  facet normal 0.000000 1.000000 0.000000
    outer loop
      vertex 56.8000 26.4000 2.3200
      vertex 56.6000 26.4000 2.3200
      vertex 56.6000 26.4000 4.4000
    endloop
  endfacet
  facet normal 0.000000 1.000000 -0.000000
    outer loop
      vertex 56.8000 26.4000 2.3200
      vertex 56.6000 26.4000 4.4000
      vertex 56.8000 26.4000 4.4000
    endloop
  endfacet
  facet normal 0.707107 0.707107 0.000000
    outer loop
      vertex 56.6000 26.4000 2.3200
      vertex 56.0000 27.0000 2.3200
      vertex 56.0000 27.0000 4.4000
    endloop
  endfacet
  facet normal 0.707107 0.707107 -0.000000
    outer loop
      vertex 56.6000 26.4000 2.3200
      vertex 56.0000 27.0000 4.4000
      vertex 56.6000 26.4000 4.4000
    endloop
  endfacet
  facet normal 0.000000 1.000000 0.000000
    outer loop
      vertex 56.0000 27.0000 2.3200
      vertex 55.8000 27.0000 2.3200
      vertex 55.8000 27.0000 4.4000
    endloop
  endfacet
  facet normal 0.000000 1.000000 -0.000000
    outer loop
      vertex 56.0000 27.0000 2.3200
      vertex 55.8000 27.0000 4.4000
      vertex 56.0000 27.0000 4.4000
    endloop
  endfacet
  facet normal 0.707107 0.707107 0.000000
    outer loop
      vertex 55.8000 27.0000 2.3200
      vertex 55.2000 27.6000 2.3200
      vertex 55.2000 27.6000 4.4000
    endloop
  endfacet
  facet normal 0.707107 0.707107 -0.000000
    outer loop
      vertex 55.8000 27.0000 2.3200
      vertex 55.2000 27.6000 4.4000
      vertex 55.8000 27.0000 4.4000
    endloop
  endfacet
  facet normal 0.000000 1.000000 0.000000
    outer loop
      vertex 55.2000 27.6000 2.3200
      vertex 55.0000 27.6000 2.3200
      vertex 55.0000 27.6000 4.4000
    endloop
  endfacet
  facet normal 0.000000 1.000000 -0.000000
    outer loop
      vertex 55.2000 27.6000 2.3200
      vertex 55.0000 27.6000 4.4000
      vertex 55.2000 27.6000 4.4000
    endloop
  endfacet
  facet normal 0.707107 0.707107 0.000000
    outer loop
      vertex 55.0000 27.6000 2.3200
      vertex 54.4000 28.2000 2.3200
      vertex 54.4000 28.2000 4.4000
    endloop
  endfacet
  facet normal 0.707107 0.707107 -0.000000
    outer loop
      vertex 55.0000 27.6000 2.3200
      vertex 54.4000 28.2000 4.4000
      vertex 55.0000 27.6000 4.4000
    endloop
  endfacet
  facet normal 1.000000 0.000000 0.000000
    outer loop
      vertex 54.4000 28.2000 2.3200
      vertex 54.4000 28.4000 2.3200
      vertex 54.4000 28.4000 4.4000
    endloop
  endfacet
  facet normal 1.000000 0.000000 0.000000
    outer loop
      vertex 54.4000 28.2000 2.3200
      vertex 54.4000 28.4000 4.4000
      vertex 54.4000 28.2000 4.4000
    endloop
  endfacet
  facet normal 0.707107 0.707107 0.000000
    outer loop
      vertex 54.4000 28.4000 2.3200
      vertex 54.0000 28.8000 2.3200
      vertex 54.0000 28.8000 4.4000
    endloop
  endfacet
  facet normal 0.707107 0.707107 -0.000000
    outer loop
      vertex 54.4000 28.4000 2.3200
      vertex 54.0000 28.8000 4.4000
      vertex 54.4000 28.4000 4.4000
    endloop
  endfacet
  facet normal 1.000000 0.000000 0.000000
    outer loop
      vertex 54.0000 28.8000 2.3200
      vertex 54.0000 29.0000 2.3200
      vertex 54.0000 29.0000 4.4000
    endloop
  endfacet
  facet normal 1.000000 0.000000 0.000000
    outer loop
      vertex 54.0000 28.8000 2.3200
      vertex 54.0000 29.0000 4.4000
      vertex 54.0000 28.8000 4.4000
    endloop
  endfacet
  facet normal 0.707107 0.707107 0.000000
    outer loop
      vertex 54.0000 29.0000 2.3200
      vertex 53.6000 29.4000 2.3200
      vertex 53.6000 29.4000 4.4000
    endloop
  endfacet
  facet normal 0.707107 0.707107 -0.000000
    outer loop
      vertex 54.0000 29.0000 2.3200
      vertex 53.6000 29.4000 4.4000
      vertex 54.0000 29.0000 4.4000
    endloop
  endfacet
  facet normal 1.000000 0.000000 0.000000
    outer loop
      vertex 53.6000 29.4000 2.3200
      vertex 53.6000 29.8000 2.3200
      vertex 53.6000 29.8000 4.4000
    endloop
  endfacet
  facet normal 1.000000 0.000000 0.000000
    outer loop
      vertex 53.6000 29.4000 2.3200
      vertex 53.6000 29.8000 4.4000
      vertex 53.6000 29.4000 4.4000
    endloop
  endfacet
  facet normal 0.707107 0.707107 0.000000
    outer loop
      vertex 53.6000 29.8000 2.3200
      vertex 53.4000 30.0000 2.3200
      vertex 53.4000 30.0000 4.4000
    endloop
  endfacet
  facet normal 0.707107 0.707107 -0.000000
    outer loop
      vertex 53.6000 29.8000 2.3200
      vertex 53.4000 30.0000 4.4000
      vertex 53.6000 29.8000 4.4000
    endloop
  endfacet
  facet normal 1.000000 0.000000 0.000000
    outer loop
      vertex 53.4000 30.0000 2.3200
      vertex 53.4000 30.2000 2.3200
      vertex 53.4000 30.2000 4.4000
    endloop
  endfacet
  facet normal 1.000000 0.000000 0.000000
    outer loop
      vertex 53.4000 30.0000 2.3200
      vertex 53.4000 30.2000 4.4000
      vertex 53.4000 30.0000 4.4000
    endloop
  endfacet
  facet normal 0.707107 0.707107 0.000000
    outer loop
      vertex 53.4000 30.2000 2.3200
      vertex 53.2000 30.4000 2.3200
      vertex 53.2000 30.4000 4.4000
    endloop
  endfacet
  facet normal 0.707107 0.707107 -0.000000
    outer loop
      vertex 53.4000 30.2000 2.3200
      vertex 53.2000 30.4000 4.4000
      vertex 53.4000 30.2000 4.4000
    endloop
  endfacet
  facet normal 1.000000 0.000000 0.000000
    outer loop
      vertex 53.2000 30.4000 2.3200
      vertex 53.2000 31.2000 2.3200
      vertex 53.2000 31.2000 4.4000
    endloop
  endfacet
  facet normal 1.000000 0.000000 0.000000
    outer loop
      vertex 53.2000 30.4000 2.3200
      vertex 53.2000 31.2000 4.4000
      vertex 53.2000 30.4000 4.4000
    endloop
  endfacet
  facet normal 0.707107 0.707107 0.000000
    outer loop
      vertex 53.2000 31.2000 2.3200
      vertex 53.0000 31.4000 2.3200
      vertex 53.0000 31.4000 4.4000
    endloop
  endfacet
  facet normal 0.707107 0.707107 -0.000000
    outer loop
      vertex 53.2000 31.2000 2.3200
      vertex 53.0000 31.4000 4.4000
      vertex 53.2000 31.2000 4.4000
    endloop
  endfacet
  facet normal 1.000000 0.000000 0.000000
    outer loop
      vertex 53.0000 31.4000 2.3200
      vertex 53.0000 31.9518 2.3200
      vertex 53.0000 31.9518 4.4000
    endloop
  endfacet
  facet normal 1.000000 0.000000 0.000000
    outer loop
      vertex 53.0000 31.4000 2.3200
      vertex 53.0000 31.9518 4.4000
      vertex 53.0000 31.4000 4.4000
    endloop
  endfacet
  facet normal -0.101742 -0.994811 0.000000
    outer loop
      vertex 53.0000 31.9518 2.3200
      vertex 53.9835 31.8512 2.3200
      vertex 53.9835 31.8512 4.4000
    endloop
  endfacet
  facet normal -0.101742 -0.994811 0.000000
    outer loop
      vertex 53.0000 31.9518 2.3200
      vertex 53.9835 31.8512 4.4000
      vertex 53.0000 31.9518 4.4000
    endloop
  endfacet
  facet normal -0.076364 -0.997080 0.000000
    outer loop
      vertex 53.9835 31.8512 2.3200
      vertex 53.9903 31.8506 2.3200
      vertex 53.9903 31.8506 4.4000
    endloop
  endfacet
  facet normal -0.076364 -0.997080 0.000000
    outer loop
      vertex 53.9835 31.8512 2.3200
      vertex 53.9903 31.8506 4.4000
      vertex 53.9835 31.8512 4.4000
    endloop
  endfacet
  facet normal 0.000000 -1.000000 0.000000
    outer loop
      vertex 53.9903 31.8506 2.3200
      vertex 54.0097 31.8506 2.3200
      vertex 54.0097 31.8506 4.4000
    endloop
  endfacet
  facet normal 0.000000 -1.000000 0.000000
    outer loop
      vertex 53.9903 31.8506 2.3200
      vertex 54.0097 31.8506 4.4000
      vertex 53.9903 31.8506 4.4000
    endloop
  endfacet
  facet normal 0.076364 -0.997080 0.000000
    outer loop
      vertex 54.0097 31.8506 2.3200
      vertex 54.0165 31.8512 2.3200
      vertex 54.0165 31.8512 4.4000
    endloop
  endfacet
  facet normal 0.076364 -0.997080 0.000000
    outer loop
      vertex 54.0097 31.8506 2.3200
      vertex 54.0165 31.8512 4.4000
      vertex 54.0097 31.8506 4.4000
    endloop
  endfacet
  facet normal 0.101742 -0.994811 0.000000
    outer loop
      vertex 54.0165 31.8512 2.3200
      vertex 55.5867 32.0118 2.3200
      vertex 55.5867 32.0118 4.4000
    endloop
  endfacet
  facet normal 0.101742 -0.994811 0.000000
    outer loop
      vertex 54.0165 31.8512 2.3200
      vertex 55.5867 32.0118 4.4000
      vertex 54.0165 31.8512 4.4000
    endloop
  endfacet
  facet normal 0.131466 -0.991321 0.000000
    outer loop
      vertex 55.5867 32.0118 2.3200
      vertex 55.5946 32.0128 2.3200
      vertex 55.5946 32.0128 4.4000
    endloop
  endfacet
  facet normal 0.131466 -0.991321 0.000000
    outer loop
      vertex 55.5867 32.0118 2.3200
      vertex 55.5946 32.0128 4.4000
      vertex 55.5867 32.0118 4.4000
    endloop
  endfacet
  facet normal 0.219827 -0.975539 0.000000
    outer loop
      vertex 55.5946 32.0128 2.3200
      vertex 55.6169 32.0178 2.3200
      vertex 55.6169 32.0178 4.4000
    endloop
  endfacet
  facet normal 0.219827 -0.975539 0.000000
    outer loop
      vertex 55.5946 32.0128 2.3200
      vertex 55.6169 32.0178 4.4000
      vertex 55.5946 32.0128 4.4000
    endloop
  endfacet
  facet normal 0.306417 -0.951898 0.000000
    outer loop
      vertex 55.6169 32.0178 2.3200
      vertex 55.6245 32.0203 2.3200
      vertex 55.6245 32.0203 4.4000
    endloop
  endfacet
  facet normal 0.306417 -0.951898 0.000000
    outer loop
      vertex 55.6169 32.0178 2.3200
      vertex 55.6245 32.0203 4.4000
      vertex 55.6169 32.0178 4.4000
    endloop
  endfacet
  facet normal 0.334765 -0.942302 0.000000
    outer loop
      vertex 55.6245 32.0203 2.3200
      vertex 56.9782 32.5012 2.3200
      vertex 56.9782 32.5012 4.4000
    endloop
  endfacet
  facet normal 0.334765 -0.942302 0.000000
    outer loop
      vertex 55.6245 32.0203 2.3200
      vertex 56.9782 32.5012 4.4000
      vertex 55.6245 32.0203 4.4000
    endloop
  endfacet
  facet normal 0.363811 -0.931473 0.000000
    outer loop
      vertex 56.9782 32.5012 2.3200
      vertex 56.9859 32.5042 2.3200
      vertex 56.9859 32.5042 4.4000
    endloop
  endfacet
  facet normal 0.363811 -0.931473 0.000000
    outer loop
      vertex 56.9782 32.5012 2.3200
      vertex 56.9859 32.5042 4.4000
      vertex 56.9782 32.5012 4.4000
    endloop
  endfacet
  facet normal 0.448742 -0.893662 0.000000
    outer loop
      vertex 56.9859 32.5042 2.3200
      vertex 57.0019 32.5123 2.3200
      vertex 57.0019 32.5123 4.4000
    endloop
  endfacet
  facet normal 0.448742 -0.893662 0.000000
    outer loop
      vertex 56.9859 32.5042 2.3200
      vertex 57.0019 32.5123 4.4000
      vertex 56.9859 32.5042 4.4000
    endloop
  endfacet
  facet normal 0.555827 -0.831298 0.000000
    outer loop
      vertex 57.0019 32.5123 2.3200
      vertex 57.0169 32.5223 2.3200
      vertex 57.0169 32.5223 4.4000
    endloop
  endfacet
  facet normal 0.555827 -0.831298 0.000000
    outer loop
      vertex 57.0019 32.5123 2.3200
      vertex 57.0169 32.5223 4.4000
      vertex 57.0019 32.5123 4.4000
    endloop
  endfacet
  facet normal 0.630625 -0.776088 0.000000
    outer loop
      vertex 57.0169 32.5223 2.3200
      vertex 57.0233 32.5275 2.3200
      vertex 57.0233 32.5275 4.4000
    endloop
  endfacet
  facet normal 0.630625 -0.776088 0.000000
    outer loop
      vertex 57.0169 32.5223 2.3200
      vertex 57.0233 32.5275 4.4000
      vertex 57.0169 32.5223 4.4000
    endloop
  endfacet
  facet normal 0.654377 -0.756169 0.000000
    outer loop
      vertex 57.0233 32.5275 2.3200
      vertex 57.9477 33.3274 2.3200
      vertex 57.9477 33.3274 4.4000
    endloop
  endfacet
  facet normal 0.654377 -0.756169 0.000000
    outer loop
      vertex 57.0233 32.5275 2.3200
      vertex 57.9477 33.3274 4.4000
      vertex 57.0233 32.5275 4.4000
    endloop
  endfacet
  facet normal 0.677085 -0.735905 0.000000
    outer loop
      vertex 57.9477 33.3274 2.3200
      vertex 57.9536 33.3329 2.3200
      vertex 57.9536 33.3329 4.4000
    endloop
  endfacet
  facet normal 0.677085 -0.735905 0.000000
    outer loop
      vertex 57.9477 33.3274 2.3200
      vertex 57.9536 33.3329 4.4000
      vertex 57.9477 33.3274 4.4000
    endloop
  endfacet
  facet normal 0.741366 -0.671101 0.000000
    outer loop
      vertex 57.9536 33.3329 2.3200
      vertex 57.9655 33.3460 2.3200
      vertex 57.9655 33.3460 4.4000
    endloop
  endfacet
  facet normal 0.741366 -0.671101 0.000000
    outer loop
      vertex 57.9536 33.3329 2.3200
      vertex 57.9655 33.3460 4.4000
      vertex 57.9536 33.3329 4.4000
    endloop
  endfacet
  facet normal 0.817381 -0.576098 0.000000
    outer loop
      vertex 57.9655 33.3460 2.3200
      vertex 57.9725 33.3559 2.3200
      vertex 57.9725 33.3559 4.4000
    endloop
  endfacet
  facet normal 0.817381 -0.576098 0.000000
    outer loop
      vertex 57.9655 33.3460 2.3200
      vertex 57.9725 33.3559 4.4000
      vertex 57.9655 33.3460 4.4000
    endloop
  endfacet
  facet normal 0.881295 -0.472567 0.000000
    outer loop
      vertex 57.9725 33.3559 2.3200
      vertex 57.9782 33.3665 2.3200
      vertex 57.9782 33.3665 4.4000
    endloop
  endfacet
  facet normal 0.881295 -0.472567 0.000000
    outer loop
      vertex 57.9725 33.3559 2.3200
      vertex 57.9782 33.3665 4.4000
      vertex 57.9725 33.3559 4.4000
    endloop
  endfacet
  facet normal 0.932162 -0.362040 0.000000
    outer loop
      vertex 57.9782 33.3665 2.3200
      vertex 57.9846 33.3830 2.3200
      vertex 57.9846 33.3830 4.4000
    endloop
  endfacet
  facet normal 0.932162 -0.362040 0.000000
    outer loop
      vertex 57.9782 33.3665 2.3200
      vertex 57.9846 33.3830 4.4000
      vertex 57.9782 33.3665 4.4000
    endloop
  endfacet
  facet normal 0.961291 -0.275535 0.000000
    outer loop
      vertex 57.9846 33.3830 2.3200
      vertex 57.9868 33.3908 2.3200
      vertex 57.9868 33.3908 4.4000
    endloop
  endfacet
  facet normal 0.961291 -0.275535 0.000000
    outer loop
      vertex 57.9846 33.3830 2.3200
      vertex 57.9868 33.3908 4.4000
      vertex 57.9846 33.3830 4.4000
    endloop
  endfacet
  facet normal 0.969231 -0.246154 0.000000
    outer loop
      vertex 57.9868 33.3908 2.3200
      vertex 58.2710 34.5098 2.3200
      vertex 58.2710 34.5098 4.4000
    endloop
  endfacet
  facet normal 0.969231 -0.246154 0.000000
    outer loop
      vertex 57.9868 33.3908 2.3200
      vertex 58.2710 34.5098 4.4000
      vertex 57.9868 33.3908 4.4000
    endloop
  endfacet
  facet normal 0.976448 -0.215752 0.000000
    outer loop
      vertex 58.2710 34.5098 2.3200
      vertex 58.2728 34.5179 2.3200
      vertex 58.2728 34.5179 4.4000
    endloop
  endfacet
  facet normal 0.976448 -0.215752 0.000000
    outer loop
      vertex 58.2710 34.5098 2.3200
      vertex 58.2728 34.5179 4.4000
      vertex 58.2710 34.5098 4.4000
    endloop
  endfacet
  facet normal 0.992356 -0.123404 0.000000
    outer loop
      vertex 58.2728 34.5179 2.3200
      vertex 58.2750 34.5359 2.3200
      vertex 58.2750 34.5359 4.4000
    endloop
  endfacet
  facet normal 0.992356 -0.123404 0.000000
    outer loop
      vertex 58.2728 34.5179 2.3200
      vertex 58.2750 34.5359 4.4000
      vertex 58.2728 34.5179 4.4000
    endloop
  endfacet
  facet normal 0.999999 0.001271 0.000000
    outer loop
      vertex 58.2750 34.5359 2.3200
      vertex 58.2750 34.5483 2.3200
      vertex 58.2750 34.5483 4.4000
    endloop
  endfacet
  facet normal 0.999999 0.001271 -0.000000
    outer loop
      vertex 58.2750 34.5359 2.3200
      vertex 58.2750 34.5483 4.4000
      vertex 58.2750 34.5359 4.4000
    endloop
  endfacet
  facet normal 0.992040 0.125926 0.000000
    outer loop
      vertex 58.2750 34.5483 2.3200
      vertex 58.2735 34.5606 2.3200
      vertex 58.2735 34.5606 4.4000
    endloop
  endfacet
  facet normal 0.992040 0.125926 -0.000000
    outer loop
      vertex 58.2750 34.5483 2.3200
      vertex 58.2735 34.5606 4.4000
      vertex 58.2750 34.5483 4.4000
    endloop
  endfacet
  facet normal 0.968602 0.248616 0.000000
    outer loop
      vertex 58.2735 34.5606 2.3200
      vertex 58.2689 34.5782 2.3200
      vertex 58.2689 34.5782 4.4000
    endloop
  endfacet
  facet normal 0.968602 0.248616 -0.000000
    outer loop
      vertex 58.2735 34.5606 2.3200
      vertex 58.2689 34.5782 4.4000
      vertex 58.2735 34.5606 4.4000
    endloop
  endfacet
  facet normal 0.941077 0.338191 0.000000
    outer loop
      vertex 58.2689 34.5782 2.3200
      vertex 58.2661 34.5860 2.3200
      vertex 58.2661 34.5860 4.4000
    endloop
  endfacet
  facet normal 0.941077 0.338191 -0.000000
    outer loop
      vertex 58.2689 34.5782 2.3200
      vertex 58.2661 34.5860 4.4000
      vertex 58.2689 34.5782 4.4000
    endloop
  endfacet
  facet normal 0.930052 0.367428 0.000000
    outer loop
      vertex 58.2661 34.5860 2.3200
      vertex 57.6964 36.0280 2.3200
      vertex 57.6964 36.0280 4.4000
    endloop
  endfacet
  facet normal 0.930052 0.367428 -0.000000
    outer loop
      vertex 58.2661 34.5860 2.3200
      vertex 57.6964 36.0280 4.4000
      vertex 58.2661 34.5860 4.4000
    endloop
  endfacet
  facet normal 0.935674 0.352865 0.000000
    outer loop
      vertex 57.6964 36.0280 2.3200
      vertex 57.6909 36.0426 2.3200
      vertex 57.6909 36.0426 4.4000
    endloop
  endfacet
  facet normal 0.935674 0.352865 -0.000000
    outer loop
      vertex 57.6964 36.0280 2.3200
      vertex 57.6909 36.0426 4.4000
      vertex 57.6964 36.0280 4.4000
    endloop
  endfacet
  facet normal 0.941068 0.338217 0.000000
    outer loop
      vertex 57.6909 36.0426 2.3200
      vertex 57.3336 37.0370 2.3200
      vertex 57.3336 37.0370 4.4000
    endloop
  endfacet
  facet normal 0.941068 0.338217 -0.000000
    outer loop
      vertex 57.6909 36.0426 2.3200
      vertex 57.3336 37.0370 4.4000
      vertex 57.6909 36.0426 4.4000
    endloop
  endfacet
  facet normal 0.960384 0.278680 0.000000
    outer loop
      vertex 57.3336 37.0370 2.3200
      vertex 57.3161 37.0970 2.3200
      vertex 57.3161 37.0970 4.4000
    endloop
  endfacet
  facet normal 0.960384 0.278680 -0.000000
    outer loop
      vertex 57.3336 37.0370 2.3200
      vertex 57.3161 37.0970 4.4000
      vertex 57.3336 37.0370 4.4000
    endloop
  endfacet
  facet normal 0.987667 0.156569 0.000000
    outer loop
      vertex 57.3161 37.0970 2.3200
      vertex 57.3064 37.1588 2.3200
      vertex 57.3064 37.1588 4.4000
    endloop
  endfacet
  facet normal 0.987667 0.156569 -0.000000
    outer loop
      vertex 57.3161 37.0970 2.3200
      vertex 57.3064 37.1588 4.4000
      vertex 57.3161 37.0970 4.4000
    endloop
  endfacet
  facet normal 0.999488 0.032006 0.000000
    outer loop
      vertex 57.3064 37.1588 2.3200
      vertex 57.3044 37.2214 2.3200
      vertex 57.3044 37.2214 4.4000
    endloop
  endfacet
  facet normal 0.999488 0.032006 -0.000000
    outer loop
      vertex 57.3064 37.1588 2.3200
      vertex 57.3044 37.2214 4.4000
      vertex 57.3064 37.1588 4.4000
    endloop
  endfacet
  facet normal 0.995661 -0.093057 0.000000
    outer loop
      vertex 57.3044 37.2214 2.3200
      vertex 57.3102 37.2836 2.3200
      vertex 57.3102 37.2836 4.4000
    endloop
  endfacet
  facet normal 0.995661 -0.093057 0.000000
    outer loop
      vertex 57.3044 37.2214 2.3200
      vertex 57.3102 37.2836 4.4000
      vertex 57.3044 37.2214 4.4000
    endloop
  endfacet
  facet normal 0.976246 -0.216664 0.000000
    outer loop
      vertex 57.3102 37.2836 2.3200
      vertex 57.3237 37.3447 2.3200
      vertex 57.3237 37.3447 4.4000
    endloop
  endfacet
  facet normal 0.976246 -0.216664 0.000000
    outer loop
      vertex 57.3102 37.2836 2.3200
      vertex 57.3237 37.3447 4.4000
      vertex 57.3102 37.2836 4.4000
    endloop
  endfacet
  facet normal 0.941548 -0.336878 0.000000
    outer loop
      vertex 57.3237 37.3447 2.3200
      vertex 57.3448 37.4036 2.3200
      vertex 57.3448 37.4036 4.4000
    endloop
  endfacet
  facet normal 0.941548 -0.336878 0.000000
    outer loop
      vertex 57.3237 37.3447 2.3200
      vertex 57.3448 37.4036 4.4000
      vertex 57.3237 37.3447 4.4000
    endloop
  endfacet
  facet normal 0.892110 -0.451819 0.000000
    outer loop
      vertex 57.3448 37.4036 2.3200
      vertex 57.3731 37.4594 2.3200
      vertex 57.3731 37.4594 4.4000
    endloop
  endfacet
  facet normal 0.892110 -0.451819 0.000000
    outer loop
      vertex 57.3448 37.4036 2.3200
      vertex 57.3731 37.4594 4.4000
      vertex 57.3448 37.4036 4.4000
    endloop
  endfacet
  facet normal 0.828705 -0.559686 0.000000
    outer loop
      vertex 57.3731 37.4594 2.3200
      vertex 57.4081 37.5113 2.3200
      vertex 57.4081 37.5113 4.4000
    endloop
  endfacet
  facet normal 0.828705 -0.559686 0.000000
    outer loop
      vertex 57.3731 37.4594 2.3200
      vertex 57.4081 37.5113 4.4000
      vertex 57.3731 37.4594 4.4000
    endloop
  endfacet
  facet normal 0.792067 -0.610434 0.000000
    outer loop
      vertex 57.4081 37.5113 2.3200
      vertex 57.6609 37.8394 2.3200
      vertex 57.6609 37.8394 4.4000
    endloop
  endfacet
  facet normal 0.792067 -0.610434 0.000000
    outer loop
      vertex 57.4081 37.5113 2.3200
      vertex 57.6609 37.8394 4.4000
      vertex 57.4081 37.5113 4.4000
    endloop
  endfacet
  facet normal 0.747504 -0.664257 0.000000
    outer loop
      vertex 57.6609 37.8394 2.3200
      vertex 57.7073 37.8916 2.3200
      vertex 57.7073 37.8916 4.4000
    endloop
  endfacet
  facet normal 0.747504 -0.664257 0.000000
    outer loop
      vertex 57.6609 37.8394 2.3200
      vertex 57.7073 37.8916 4.4000
      vertex 57.6609 37.8394 4.4000
    endloop
  endfacet
  facet normal 0.647665 -0.761925 0.000000
    outer loop
      vertex 57.7073 37.8916 2.3200
      vertex 57.7605 37.9368 2.3200
      vertex 57.7605 37.9368 4.4000
    endloop
  endfacet
  facet normal 0.647665 -0.761925 0.000000
    outer loop
      vertex 57.7073 37.8916 2.3200
      vertex 57.7605 37.9368 4.4000
      vertex 57.7073 37.8916 4.4000
    endloop
  endfacet
  facet normal 0.535191 -0.844731 0.000000
    outer loop
      vertex 57.7605 37.9368 2.3200
      vertex 57.8195 37.9742 2.3200
      vertex 57.8195 37.9742 4.4000
    endloop
  endfacet
  facet normal 0.535191 -0.844731 0.000000
    outer loop
      vertex 57.7605 37.9368 2.3200
      vertex 57.8195 37.9742 4.4000
      vertex 57.7605 37.9368 4.4000
    endloop
  endfacet
  facet normal 0.412278 -0.911058 0.000000
    outer loop
      vertex 57.8195 37.9742 2.3200
      vertex 57.8831 38.0030 2.3200
      vertex 57.8831 38.0030 4.4000
    endloop
  endfacet
  facet normal 0.412278 -0.911058 0.000000
    outer loop
      vertex 57.8195 37.9742 2.3200
      vertex 57.8831 38.0030 4.4000
      vertex 57.8195 37.9742 4.4000
    endloop
  endfacet
  facet normal 0.281323 -0.959613 0.000000
    outer loop
      vertex 57.8831 38.0030 2.3200
      vertex 57.9502 38.0226 2.3200
      vertex 57.9502 38.0226 4.4000
    endloop
  endfacet
  facet normal 0.281323 -0.959613 0.000000
    outer loop
      vertex 57.8831 38.0030 2.3200
      vertex 57.9502 38.0226 4.4000
      vertex 57.8831 38.0030 4.4000
    endloop
  endfacet
  facet normal 0.213622 -0.976916 0.000000
    outer loop
      vertex 57.9502 38.0226 2.3200
      vertex 59.0736 38.2683 2.3200
      vertex 59.0736 38.2683 4.4000
    endloop
  endfacet
  facet normal 0.213622 -0.976916 0.000000
    outer loop
      vertex 57.9502 38.0226 2.3200
      vertex 59.0736 38.2683 4.4000
      vertex 57.9502 38.0226 4.4000
    endloop
  endfacet
  facet normal 0.154735 -0.987956 0.000000
    outer loop
      vertex 59.0736 38.2683 2.3200
      vertex 59.1327 38.2775 2.3200
      vertex 59.1327 38.2775 4.4000
    endloop
  endfacet
  facet normal 0.154735 -0.987956 0.000000
    outer loop
      vertex 59.0736 38.2683 2.3200
      vertex 59.1327 38.2775 4.4000
      vertex 59.0736 38.2683 4.4000
    endloop
  endfacet
  facet normal 0.035507 -0.999369 0.000000
    outer loop
      vertex 59.1327 38.2775 2.3200
      vertex 59.1926 38.2797 2.3200
      vertex 59.1926 38.2797 4.4000
    endloop
  endfacet
  facet normal 0.035507 -0.999369 0.000000
    outer loop
      vertex 59.1327 38.2775 2.3200
      vertex 59.1926 38.2797 4.4000
      vertex 59.1327 38.2775 4.4000
    endloop
  endfacet
  facet normal -0.024405 -0.999702 0.000000
    outer loop
      vertex 59.1926 38.2797 2.3200
      vertex 61.0792 38.2336 2.3200
      vertex 61.0792 38.2336 4.4000
    endloop
  endfacet
  facet normal -0.024405 -0.999702 0.000000
    outer loop
      vertex 59.1926 38.2797 2.3200
      vertex 61.0792 38.2336 4.4000
      vertex 59.1926 38.2797 4.4000
    endloop
  endfacet
  facet normal -0.077619 -0.996983 0.000000
    outer loop
      vertex 61.0792 38.2336 2.3200
      vertex 61.1323 38.2295 2.3200
      vertex 61.1323 38.2295 4.4000
    endloop
  endfacet
  facet normal -0.077619 -0.996983 0.000000
    outer loop
      vertex 61.0792 38.2336 2.3200
      vertex 61.1323 38.2295 4.4000
      vertex 61.0792 38.2336 4.4000
    endloop
  endfacet
  facet normal -0.130613 -0.991433 0.000000
    outer loop
      vertex 61.1323 38.2295 2.3200
      vertex 63.4194 37.9282 2.3200
      vertex 63.4194 37.9282 4.4000
    endloop
  endfacet
  facet normal -0.130613 -0.991433 0.000000
    outer loop
      vertex 61.1323 38.2295 2.3200
      vertex 63.4194 37.9282 4.4000
      vertex 61.1323 38.2295 4.4000
    endloop
  endfacet
  facet normal -0.159746 -0.987158 0.000000
    outer loop
      vertex 63.4194 37.9282 2.3200
      vertex 63.4485 37.9235 2.3200
      vertex 63.4485 37.9235 4.4000
    endloop
  endfacet
  facet normal -0.159746 -0.987158 0.000000
    outer loop
      vertex 63.4194 37.9282 2.3200
      vertex 63.4485 37.9235 4.4000
      vertex 63.4194 37.9282 4.4000
    endloop
  endfacet
  facet normal -0.188740 -0.982027 0.000000
    outer loop
      vertex 63.4485 37.9235 2.3200
      vertex 65.8646 37.4591 2.3200
      vertex 65.8646 37.4591 4.4000
    endloop
  endfacet
  facet normal -0.188740 -0.982027 0.000000
    outer loop
      vertex 63.4485 37.9235 2.3200
      vertex 65.8646 37.4591 4.4000
      vertex 63.4485 37.9235 4.4000
    endloop
  endfacet
  facet normal -0.206918 -0.978358 0.000000
    outer loop
      vertex 65.8646 37.4591 2.3200
      vertex 65.8827 37.4553 2.3200
      vertex 65.8827 37.4553 4.4000
    endloop
  endfacet
  facet normal -0.206918 -0.978358 0.000000
    outer loop
      vertex 65.8646 37.4591 2.3200
      vertex 65.8827 37.4553 4.4000
      vertex 65.8646 37.4591 4.4000
    endloop
  endfacet
  facet normal -0.225026 -0.974353 0.000000
    outer loop
      vertex 65.8827 37.4553 2.3200
      vertex 67.7838 37.0162 2.3200
      vertex 67.7838 37.0162 4.4000
    endloop
  endfacet
  facet normal -0.225026 -0.974353 0.000000
    outer loop
      vertex 65.8827 37.4553 2.3200
      vertex 67.7838 37.0162 4.4000
      vertex 65.8827 37.4553 4.4000
    endloop
  endfacet
  facet normal -0.707107 -0.707107 0.000000
    outer loop
      vertex 67.7838 37.0162 2.3200
      vertex 67.8000 37.0000 2.3200
      vertex 67.8000 37.0000 4.4000
    endloop
  endfacet
  facet normal -0.707107 -0.707107 0.000000
    outer loop
      vertex 67.7838 37.0162 2.3200
      vertex 67.8000 37.0000 4.4000
      vertex 67.7838 37.0162 4.4000
    endloop
  endfacet
  facet normal -0.707107 -0.707107 0.000000
    outer loop
      vertex 60.2000 19.6000 2.3200
      vertex 60.6000 19.2000 2.3200
      vertex 60.6000 19.2000 4.4000
    endloop
  endfacet
  facet normal -0.707107 -0.707107 0.000000
    outer loop
      vertex 60.2000 19.6000 2.3200
      vertex 60.6000 19.2000 4.4000
      vertex 60.2000 19.6000 4.4000
    endloop
  endfacet
  facet normal 0.000000 -1.000000 0.000000
    outer loop
      vertex 60.6000 19.2000 2.3200
      vertex 61.0000 19.2000 2.3200
      vertex 61.0000 19.2000 4.4000
    endloop
  endfacet
  facet normal 0.000000 -1.000000 0.000000
    outer loop
      vertex 60.6000 19.2000 2.3200
      vertex 61.0000 19.2000 4.4000
      vertex 60.6000 19.2000 4.4000
    endloop
  endfacet
  facet normal 0.707107 -0.707107 0.000000
    outer loop
      vertex 61.0000 19.2000 2.3200
      vertex 61.2000 19.4000 2.3200
      vertex 61.2000 19.4000 4.4000
    endloop
  endfacet
  facet normal 0.707107 -0.707107 0.000000
    outer loop
      vertex 61.0000 19.2000 2.3200
      vertex 61.2000 19.4000 4.4000
      vertex 61.0000 19.2000 4.4000
    endloop
  endfacet
  facet normal 1.000000 0.000000 0.000000
    outer loop
      vertex 61.2000 19.4000 2.3200
      vertex 61.2000 19.6000 2.3200
      vertex 61.2000 19.6000 4.4000
    endloop
  endfacet
  facet normal 1.000000 0.000000 0.000000
    outer loop
      vertex 61.2000 19.4000 2.3200
      vertex 61.2000 19.6000 4.4000
      vertex 61.2000 19.4000 4.4000
    endloop
  endfacet
  facet normal 0.707107 -0.707107 0.000000
    outer loop
      vertex 61.2000 19.6000 2.3200
      vertex 61.4000 19.8000 2.3200
      vertex 61.4000 19.8000 4.4000
    endloop
  endfacet
  facet normal 0.707107 -0.707107 0.000000
    outer loop
      vertex 61.2000 19.6000 2.3200
      vertex 61.4000 19.8000 4.4000
      vertex 61.2000 19.6000 4.4000
    endloop
  endfacet
  facet normal 1.000000 0.000000 0.000000
    outer loop
      vertex 61.4000 19.8000 2.3200
      vertex 61.4000 20.6000 2.3200
      vertex 61.4000 20.6000 4.4000
    endloop
  endfacet
  facet normal 1.000000 0.000000 0.000000
    outer loop
      vertex 61.4000 19.8000 2.3200
      vertex 61.4000 20.6000 4.4000
      vertex 61.4000 19.8000 4.4000
    endloop
  endfacet
  facet normal 0.707107 -0.707107 0.000000
    outer loop
      vertex 61.4000 20.6000 2.3200
      vertex 61.6000 20.8000 2.3200
      vertex 61.6000 20.8000 4.4000
    endloop
  endfacet
  facet normal 0.707107 -0.707107 0.000000
    outer loop
      vertex 61.4000 20.6000 2.3200
      vertex 61.6000 20.8000 4.4000
      vertex 61.4000 20.6000 4.4000
    endloop
  endfacet
  facet normal 1.000000 0.000000 0.000000
    outer loop
      vertex 61.6000 20.8000 2.3200
      vertex 61.6000 21.0000 2.3200
      vertex 61.6000 21.0000 4.4000
    endloop
  endfacet
  facet normal 1.000000 0.000000 0.000000
    outer loop
      vertex 61.6000 20.8000 2.3200
      vertex 61.6000 21.0000 4.4000
      vertex 61.6000 20.8000 4.4000
    endloop
  endfacet
  facet normal 0.707107 0.707107 0.000000
    outer loop
      vertex 61.6000 21.0000 2.3200
      vertex 61.4000 21.2000 2.3200
      vertex 61.4000 21.2000 4.4000
    endloop
  endfacet
  facet normal 0.707107 0.707107 -0.000000
    outer loop
      vertex 61.6000 21.0000 2.3200
      vertex 61.4000 21.2000 4.4000
      vertex 61.6000 21.0000 4.4000
    endloop
  endfacet
  facet normal 1.000000 0.000000 0.000000
    outer loop
      vertex 61.4000 21.2000 2.3200
      vertex 61.4000 22.6000 2.3200
      vertex 61.4000 22.6000 4.4000
    endloop
  endfacet
  facet normal 1.000000 0.000000 0.000000
    outer loop
      vertex 61.4000 21.2000 2.3200
      vertex 61.4000 22.6000 4.4000
      vertex 61.4000 21.2000 4.4000
    endloop
  endfacet
  facet normal 0.707107 0.707107 0.000000
    outer loop
      vertex 61.4000 22.6000 2.3200
      vertex 61.2000 22.8000 2.3200
      vertex 61.2000 22.8000 4.4000
    endloop
  endfacet
  facet normal 0.707107 0.707107 -0.000000
    outer loop
      vertex 61.4000 22.6000 2.3200
      vertex 61.2000 22.8000 4.4000
      vertex 61.4000 22.6000 4.4000
    endloop
  endfacet
  facet normal 1.000000 0.000000 0.000000
    outer loop
      vertex 61.2000 22.8000 2.3200
      vertex 61.2000 23.0000 2.3200
      vertex 61.2000 23.0000 4.4000
    endloop
  endfacet
  facet normal 1.000000 0.000000 0.000000
    outer loop
      vertex 61.2000 22.8000 2.3200
      vertex 61.2000 23.0000 4.4000
      vertex 61.2000 22.8000 4.4000
    endloop
  endfacet
  facet normal 0.707107 0.707107 0.000000
    outer loop
      vertex 61.2000 23.0000 2.3200
      vertex 61.0000 23.2000 2.3200
      vertex 61.0000 23.2000 4.4000
    endloop
  endfacet
  facet normal 0.707107 0.707107 -0.000000
    outer loop
      vertex 61.2000 23.0000 2.3200
      vertex 61.0000 23.2000 4.4000
      vertex 61.2000 23.0000 4.4000
    endloop
  endfacet
  facet normal 1.000000 0.000000 0.000000
    outer loop
      vertex 61.0000 23.2000 2.3200
      vertex 61.0000 23.4000 2.3200
      vertex 61.0000 23.4000 4.4000
    endloop
  endfacet
  facet normal 1.000000 0.000000 0.000000
    outer loop
      vertex 61.0000 23.2000 2.3200
      vertex 61.0000 23.4000 4.4000
      vertex 61.0000 23.2000 4.4000
    endloop
  endfacet
  facet normal 0.707107 0.707107 0.000000
    outer loop
      vertex 61.0000 23.4000 2.3200
      vertex 60.6000 23.8000 2.3200
      vertex 60.6000 23.8000 4.4000
    endloop
  endfacet
  facet normal 0.707107 0.707107 -0.000000
    outer loop
      vertex 61.0000 23.4000 2.3200
      vertex 60.6000 23.8000 4.4000
      vertex 61.0000 23.4000 4.4000
    endloop
  endfacet
  facet normal 0.000000 1.000000 0.000000
    outer loop
      vertex 60.6000 23.8000 2.3200
      vertex 60.4000 23.8000 2.3200
      vertex 60.4000 23.8000 4.4000
    endloop
  endfacet
  facet normal 0.000000 1.000000 -0.000000
    outer loop
      vertex 60.6000 23.8000 2.3200
      vertex 60.4000 23.8000 4.4000
      vertex 60.6000 23.8000 4.4000
    endloop
  endfacet
  facet normal -0.707107 0.707107 0.000000
    outer loop
      vertex 60.4000 23.8000 2.3200
      vertex 60.2000 23.6000 2.3200
      vertex 60.2000 23.6000 4.4000
    endloop
  endfacet
  facet normal -0.707107 0.707107 0.000000
    outer loop
      vertex 60.4000 23.8000 2.3200
      vertex 60.2000 23.6000 4.4000
      vertex 60.4000 23.8000 4.4000
    endloop
  endfacet
  facet normal -1.000000 0.000000 0.000000
    outer loop
      vertex 60.2000 23.6000 2.3200
      vertex 60.2000 19.6000 2.3200
      vertex 60.2000 19.6000 4.4000
    endloop
  endfacet
  facet normal -1.000000 0.000000 0.000000
    outer loop
      vertex 60.2000 23.6000 2.3200
      vertex 60.2000 19.6000 4.4000
      vertex 60.2000 23.6000 4.4000
    endloop
  endfacet
endsolid piece_02
