solid piece_04
  facet normal 0.000000 -0.000000 -1.000000
    outer loop
      vertex 36.1012 71.7581 2.4000
      vertex 36.1501 71.8000 2.4000
      vertex 36.0581 71.7104 2.4000
    endloop
  endfacet
  facet normal 0.000000 0.000000 1.000000
    outer loop
      vertex 36.0581 71.7104 0.0000
      vertex 36.1501 71.8000 0.0000
      vertex 36.1012 71.7581 0.0000
    endloop
  endfacet
  facet normal 0.000000 0.000000 -1.000000
    outer loop
      vertex 36.1501 71.8000 2.4000
      vertex 35.9920 71.6003 2.4000
      vertex 36.0581 71.7104 2.4000
    endloop
  endfacet
  facet normal -0.000000 0.000000 1.000000
    outer loop
      vertex 36.0581 71.7104 0.0000
      vertex 35.9920 71.6003 0.0000
      vertex 36.1501 71.8000 0.0000
    endloop
  endfacet
  facet normal 0.000000 -0.000000 -1.000000
    outer loop
      vertex 36.1501 71.8000 2.4000
      vertex 36.3859 71.8959 2.4000
      vertex 35.9920 71.6003 2.4000
    endloop
  endfacet
  facet normal 0.000000 0.000000 1.000000
    outer loop
      vertex 35.9920 71.6003 0.0000
      vertex 36.3859 71.8959 0.0000
      vertex 36.1501 71.8000 0.0000
    endloop
  endfacet
  facet normal 0.000000 0.000000 -1.000000
    outer loop
      vertex 36.1501 71.8000 2.4000
      vertex 36.3228 71.8835 2.4000
      vertex 36.3859 71.8959 2.4000
    endloop
  endfacet
  facet normal 0.000000 0.000000 1.000000
    outer loop
      vertex 36.3859 71.8959 0.0000
      vertex 36.3228 71.8835 0.0000
      vertex 36.1501 71.8000 0.0000
    endloop
  endfacet
  facet normal 0.000000 0.000000 -1.000000
    outer loop
      vertex 36.1501 71.8000 2.4000
      vertex 36.2039 71.8352 2.4000
      vertex 36.3228 71.8835 2.4000
    endloop
  endfacet
  facet normal 0.000000 0.000000 1.000000
    outer loop
      vertex 36.3228 71.8835 0.0000
      vertex 36.2039 71.8352 0.0000
      vertex 36.1501 71.8000 0.0000
    endloop
  endfacet
  facet normal 0.000000 0.000000 -1.000000
    outer loop
      vertex 36.2039 71.8352 2.4000
      vertex 36.2618 71.8632 2.4000
      vertex 36.3228 71.8835 2.4000
    endloop
  endfacet
  facet normal 0.000000 0.000000 1.000000
    outer loop
      vertex 36.3228 71.8835 0.0000
      vertex 36.2618 71.8632 0.0000
      vertex 36.2039 71.8352 0.0000
    endloop
  endfacet
  facet normal 0.000000 -0.000000 -1.000000
    outer loop
      vertex 36.3859 71.8959 2.4000
      vertex 36.4501 71.9000 2.4000
      vertex 35.9920 71.6003 2.4000
    endloop
  endfacet
  facet normal 0.000000 0.000000 1.000000
    outer loop
      vertex 35.9920 71.6003 0.0000
      vertex 36.4501 71.9000 0.0000
      vertex 36.3859 71.8959 0.0000
    endloop
  endfacet
  facet normal 0.000000 0.000000 -1.000000
    outer loop
      vertex 36.4501 71.9000 2.4000
      vertex 35.9701 71.5399 2.4000
      vertex 35.9920 71.6003 2.4000
    endloop
  endfacet
  facet normal -0.000000 0.000000 1.000000
    outer loop
      vertex 35.9920 71.6003 0.0000
      vertex 35.9701 71.5399 0.0000
      vertex 36.4501 71.9000 0.0000
    endloop
  endfacet
  facet normal 0.000000 0.000000 -1.000000
    outer loop
      vertex 36.4501 71.9000 2.4000
      vertex 35.9513 71.4753 2.4000
      vertex 35.9701 71.5399 2.4000
    endloop
  endfacet
  facet normal -0.000000 0.000000 1.000000
    outer loop
      vertex 35.9701 71.5399 0.0000
      vertex 35.9513 71.4753 0.0000
      vertex 36.4501 71.9000 0.0000
    endloop
  endfacet
  facet normal 0.000000 0.000000 -1.000000
    outer loop
      vertex 36.4501 71.9000 2.4000
      vertex 35.9495 71.4691 2.4000
      vertex 35.9513 71.4753 2.4000
    endloop
  endfacet
  facet normal -0.000000 0.000000 1.000000
    outer loop
      vertex 35.9513 71.4753 0.0000
      vertex 35.9495 71.4691 0.0000
      vertex 36.4501 71.9000 0.0000
    endloop
  endfacet
  facet normal 0.000000 0.000000 -1.000000
    outer loop
      vertex 36.4501 71.9000 2.4000
      vertex 35.5794 70.1354 2.4000
      vertex 35.9495 71.4691 2.4000
    endloop
  endfacet
  facet normal -0.000000 0.000000 1.000000
    outer loop
      vertex 35.9495 71.4691 0.0000
      vertex 35.5794 70.1354 0.0000
      vertex 36.4501 71.9000 0.0000
    endloop
  endfacet
  facet normal 0.000000 0.000000 -1.000000
    outer loop
      vertex 36.4501 71.9000 2.4000
      vertex 35.5771 70.1265 2.4000
      vertex 35.5794 70.1354 2.4000
    endloop
  endfacet
  facet normal -0.000000 0.000000 1.000000
    outer loop
      vertex 35.5794 70.1354 0.0000
      vertex 35.5771 70.1265 0.0000
      vertex 36.4501 71.9000 0.0000
    endloop
  endfacet
  facet normal 0.000000 0.000000 -1.000000
    outer loop
      vertex 36.4501 71.9000 2.4000
      vertex 35.0781 68.1916 2.4000
      vertex 35.5771 70.1265 2.4000
    endloop
  endfacet
  facet normal -0.000000 0.000000 1.000000
    outer loop
      vertex 35.5771 70.1265 0.0000
      vertex 35.0781 68.1916 0.0000
      vertex 36.4501 71.9000 0.0000
    endloop
  endfacet
  facet normal 0.000000 -0.000000 -1.000000
    outer loop
      vertex 36.4501 71.9000 2.4000
      vertex 38.6540 57.9655 2.4000
      vertex 35.0781 68.1916 2.4000
    endloop
  endfacet
  facet normal -0.000000 0.000000 1.000000
    outer loop
      vertex 35.0781 68.1916 0.0000
      vertex 38.6540 57.9655 0.0000
      vertex 36.4501 71.9000 0.0000
    endloop
  endfacet
  facet normal 0.000000 0.000000 -1.000000
    outer loop
      vertex 36.4501 71.9000 2.4000
      vertex 38.6671 57.9536 2.4000
      vertex 38.6540 57.9655 2.4000
    endloop
  endfacet
  facet normal -0.000000 -0.000000 1.000000
    outer loop
      vertex 38.6540 57.9655 0.0000
      vertex 38.6671 57.9536 0.0000
      vertex 36.4501 71.9000 0.0000
    endloop
  endfacet
  facet normal 0.000000 0.000000 -1.000000
    outer loop
      vertex 36.4501 71.9000 2.4000
      vertex 38.6726 57.9477 2.4000
      vertex 38.6671 57.9536 2.4000
    endloop
  endfacet
  facet normal -0.000000 -0.000000 1.000000
    outer loop
      vertex 38.6671 57.9536 0.0000
      vertex 38.6726 57.9477 0.0000
      vertex 36.4501 71.9000 0.0000
    endloop
  endfacet
  facet normal 0.000000 0.000000 -1.000000
    outer loop
      vertex 36.4501 71.9000 2.4000
      vertex 39.4725 57.0233 2.4000
      vertex 38.6726 57.9477 2.4000
    endloop
  endfacet
  facet normal -0.000000 -0.000000 1.000000
    outer loop
      vertex 38.6726 57.9477 0.0000
      vertex 39.4725 57.0233 0.0000
      vertex 36.4501 71.9000 0.0000
    endloop
  endfacet
  facet normal 0.000000 0.000000 -1.000000
    outer loop
      vertex 36.4501 71.9000 2.4000
      vertex 39.4777 57.0169 2.4000
      vertex 39.4725 57.0233 2.4000
    endloop
  endfacet
  facet normal -0.000000 -0.000000 1.000000
    outer loop
      vertex 39.4725 57.0233 0.0000
      vertex 39.4777 57.0169 0.0000
      vertex 36.4501 71.9000 0.0000
    endloop
  endfacet
  facet normal 0.000000 0.000000 -1.000000
    outer loop
      vertex 36.4501 71.9000 2.4000
      vertex 71.4000 71.9000 2.4000
      vertex 39.4777 57.0169 2.4000
    endloop
  endfacet
  facet normal 0.000000 -0.000000 1.000000
    outer loop
      vertex 39.4777 57.0169 0.0000
      vertex 71.4000 71.9000 0.0000
      vertex 36.4501 71.9000 0.0000
    endloop
  endfacet
  facet normal 0.000000 0.000000 -1.000000
    outer loop
      vertex 71.4000 71.9000 2.4000
      vertex 39.4877 57.0019 2.4000
      vertex 39.4777 57.0169 2.4000
    endloop
  endfacet
  facet normal -0.000000 0.000000 1.000000
    outer loop
      vertex 39.4777 57.0169 0.0000
      vertex 39.4877 57.0019 0.0000
      vertex 71.4000 71.9000 0.0000
    endloop
  endfacet
  facet normal 0.000000 0.000000 -1.000000
    outer loop
      vertex 71.4000 71.9000 2.4000
      vertex 39.4958 56.9859 2.4000
      vertex 39.4877 57.0019 2.4000
    endloop
  endfacet
  facet normal -0.000000 0.000000 1.000000
    outer loop
      vertex 39.4877 57.0019 0.0000
      vertex 39.4958 56.9859 0.0000
      vertex 71.4000 71.9000 0.0000
    endloop
  endfacet
  facet normal 0.000000 0.000000 -1.000000
    outer loop
      vertex 71.4000 71.9000 2.4000
      vertex 39.4988 56.9782 2.4000
      vertex 39.4958 56.9859 2.4000
    endloop
  endfacet
  facet normal -0.000000 0.000000 1.000000
    outer loop
      vertex 39.4958 56.9859 0.0000
      vertex 39.4988 56.9782 0.0000
      vertex 71.4000 71.9000 0.0000
    endloop
  endfacet
  facet normal 0.000000 0.000000 -1.000000
    outer loop
      vertex 71.4000 71.9000 2.4000
      vertex 39.9797 55.6245 2.4000
      vertex 39.4988 56.9782 2.4000
    endloop
  endfacet
  facet normal -0.000000 0.000000 1.000000
    outer loop
      vertex 39.4988 56.9782 0.0000
      vertex 39.9797 55.6245 0.0000
      vertex 71.4000 71.9000 0.0000
    endloop
  endfacet
  facet normal 0.000000 0.000000 -1.000000
    outer loop
      vertex 71.4000 71.9000 2.4000
      vertex 39.9822 55.6169 2.4000
      vertex 39.9797 55.6245 2.4000
    endloop
  endfacet
  facet normal -0.000000 0.000000 1.000000
    outer loop
      vertex 39.9797 55.6245 0.0000
      vertex 39.9822 55.6169 0.0000
      vertex 71.4000 71.9000 0.0000
    endloop
  endfacet
  facet normal 0.000000 0.000000 -1.000000
    outer loop
      vertex 71.4000 71.9000 2.4000
      vertex 39.9872 55.5946 2.4000
      vertex 39.9822 55.6169 2.4000
    endloop
  endfacet
  facet normal -0.000000 0.000000 1.000000
    outer loop
      vertex 39.9822 55.6169 0.0000
      vertex 39.9872 55.5946 0.0000
      vertex 71.4000 71.9000 0.0000
    endloop
  endfacet
  facet normal 0.000000 -0.000000 -1.000000
    outer loop
      vertex 71.4000 71.9000 2.4000
      vertex 71.9000 71.4000 2.4000
      vertex 39.9872 55.5946 2.4000
    endloop
  endfacet
  facet normal 0.000000 0.000000 1.000000
    outer loop
      vertex 39.9872 55.5946 0.0000
      vertex 71.9000 71.4000 0.0000
      vertex 71.4000 71.9000 0.0000
    endloop
  endfacet
  facet normal 0.000000 0.000000 -1.000000
    outer loop
      vertex 71.4000 71.9000 2.4000
      vertex 71.8830 71.5294 2.4000
      vertex 71.9000 71.4000 2.4000
    endloop
  endfacet
  facet normal 0.000000 0.000000 1.000000
    outer loop
      vertex 71.9000 71.4000 0.0000
      vertex 71.8830 71.5294 0.0000
      vertex 71.4000 71.9000 0.0000
    endloop
  endfacet
  facet normal 0.000000 0.000000 -1.000000
    outer loop
      vertex 71.4000 71.9000 2.4000
      vertex 71.5294 71.8830 2.4000
      vertex 71.8830 71.5294 2.4000
    endloop
  endfacet
  facet normal 0.000000 0.000000 1.000000
    outer loop
      vertex 71.8830 71.5294 0.0000
      vertex 71.5294 71.8830 0.0000
      vertex 71.4000 71.9000 0.0000
    endloop
  endfacet
  facet normal 0.000000 0.000000 -1.000000
    outer loop
      vertex 71.4000 71.9000 2.4000
      vertex 71.4653 71.8957 2.4000
      vertex 71.5294 71.8830 2.4000
    endloop
  endfacet
  facet normal 0.000000 0.000000 1.000000
    outer loop
      vertex 71.5294 71.8830 0.0000
      vertex 71.4653 71.8957 0.0000
      vertex 71.4000 71.9000 0.0000
    endloop
  endfacet
  facet normal 0.000000 0.000000 -1.000000
    outer loop
      vertex 71.5294 71.8830 2.4000
      vertex 71.8619 71.5913 2.4000
      vertex 71.8830 71.5294 2.4000
    endloop
  endfacet
  facet normal 0.000000 0.000000 1.000000
    outer loop
      vertex 71.8830 71.5294 0.0000
      vertex 71.8619 71.5913 0.0000
      vertex 71.5294 71.8830 0.0000
    endloop
  endfacet
  facet normal 0.000000 0.000000 -1.000000
    outer loop
      vertex 71.5294 71.8830 2.4000
      vertex 71.5913 71.8619 2.4000
      vertex 71.8619 71.5913 2.4000
    endloop
  endfacet
  facet normal 0.000000 0.000000 1.000000
    outer loop
      vertex 71.8619 71.5913 0.0000
      vertex 71.5913 71.8619 0.0000
      vertex 71.5294 71.8830 0.0000
    endloop
  endfacet
  facet normal 0.000000 0.000000 -1.000000
    outer loop
      vertex 71.5913 71.8619 2.4000
      vertex 71.7536 71.7536 2.4000
      vertex 71.8619 71.5913 2.4000
    endloop
  endfacet
  facet normal 0.000000 0.000000 1.000000
    outer loop
      vertex 71.8619 71.5913 0.0000
      vertex 71.7536 71.7536 0.0000
      vertex 71.5913 71.8619 0.0000
    endloop
  endfacet
  facet normal 0.000000 0.000000 -1.000000
    outer loop
      vertex 71.5913 71.8619 2.4000
      vertex 71.7044 71.7967 2.4000
      vertex 71.7536 71.7536 2.4000
    endloop
  endfacet
  facet normal 0.000000 0.000000 1.000000
    outer loop
      vertex 71.7536 71.7536 0.0000
      vertex 71.7044 71.7967 0.0000
      vertex 71.5913 71.8619 0.0000
    endloop
  endfacet
  facet normal 0.000000 0.000000 -1.000000
    outer loop
      vertex 71.5913 71.8619 2.4000
      vertex 71.6500 71.8330 2.4000
      vertex 71.7044 71.7967 2.4000
    endloop
  endfacet
  facet normal 0.000000 0.000000 1.000000
    outer loop
      vertex 71.7044 71.7967 0.0000
      vertex 71.6500 71.8330 0.0000
      vertex 71.5913 71.8619 0.0000
    endloop
  endfacet
  facet normal 0.000000 0.000000 -1.000000
    outer loop
      vertex 71.7536 71.7536 2.4000
      vertex 71.7967 71.7044 2.4000
      vertex 71.8619 71.5913 2.4000
    endloop
  endfacet
  facet normal 0.000000 0.000000 1.000000
    outer loop
      vertex 71.8619 71.5913 0.0000
      vertex 71.7967 71.7044 0.0000
      vertex 71.7536 71.7536 0.0000
    endloop
  endfacet
  facet normal 0.000000 0.000000 -1.000000
    outer loop
      vertex 71.7967 71.7044 2.4000
      vertex 71.8330 71.6500 2.4000
      vertex 71.8619 71.5913 2.4000
    endloop
  endfacet
  facet normal 0.000000 0.000000 1.000000
    outer loop
      vertex 71.8619 71.5913 0.0000
      vertex 71.8330 71.6500 0.0000
      vertex 71.7967 71.7044 0.0000
    endloop
  endfacet
  facet normal 0.000000 0.000000 -1.000000
    outer loop
      vertex 71.8830 71.5294 2.4000
      vertex 71.8957 71.4653 2.4000
      vertex 71.9000 71.4000 2.4000
    endloop
  endfacet
  facet normal 0.000000 0.000000 1.000000
    outer loop
      vertex 71.9000 71.4000 0.0000
      vertex 71.8957 71.4653 0.0000
      vertex 71.8830 71.5294 0.0000
    endloop
  endfacet
  facet normal 0.000000 0.000000 -1.000000
    outer loop
      vertex 71.9000 71.4000 2.4000
      vertex 39.9882 55.5867 2.4000
      vertex 39.9872 55.5946 2.4000
    endloop
  endfacet
  facet normal -0.000000 0.000000 1.000000
    outer loop
      vertex 39.9872 55.5946 0.0000
      vertex 39.9882 55.5867 0.0000
      vertex 71.9000 71.4000 0.0000
    endloop
  endfacet
  facet normal 0.000000 0.000000 -1.000000
    outer loop
      vertex 71.9000 71.4000 2.4000
      vertex 59.1248 38.4811 2.4000
      vertex 39.9882 55.5867 2.4000
    endloop
  endfacet
  facet normal -0.000000 0.000000 1.000000
    outer loop
      vertex 39.9882 55.5867 0.0000
      vertex 59.1248 38.4811 0.0000
      vertex 71.9000 71.4000 0.0000
    endloop
  endfacet
  facet normal 0.000000 0.000000 -1.000000
    outer loop
      vertex 71.9000 71.4000 2.4000
      vertex 59.1327 38.4812 2.4000
      vertex 59.1248 38.4811 2.4000
    endloop
  endfacet
  facet normal 0.000000 0.000000 1.000000
    outer loop
      vertex 59.1248 38.4811 0.0000
      vertex 59.1327 38.4812 0.0000
      vertex 71.9000 71.4000 0.0000
    endloop
  endfacet
  facet normal 0.000000 0.000000 -1.000000
    outer loop
      vertex 71.9000 71.4000 2.4000
      vertex 61.1094 38.4329 2.4000
      vertex 59.1327 38.4812 2.4000
    endloop
  endfacet
  facet normal -0.000000 0.000000 1.000000
    outer loop
      vertex 59.1327 38.4812 0.0000
      vertex 61.1094 38.4329 0.0000
      vertex 71.9000 71.4000 0.0000
    endloop
  endfacet
  facet normal 0.000000 0.000000 -1.000000
    outer loop
      vertex 71.9000 71.4000 2.4000
      vertex 61.1213 38.4323 2.4000
      vertex 61.1094 38.4329 2.4000
    endloop
  endfacet
  facet normal -0.000000 0.000000 1.000000
    outer loop
      vertex 61.1094 38.4329 0.0000
      vertex 61.1213 38.4323 0.0000
      vertex 71.9000 71.4000 0.0000
    endloop
  endfacet
  facet normal 0.000000 0.000000 -1.000000
    outer loop
      vertex 71.9000 71.4000 2.4000
      vertex 61.1333 38.4311 2.4000
      vertex 61.1213 38.4323 2.4000
    endloop
  endfacet
  facet normal -0.000000 0.000000 1.000000
    outer loop
      vertex 61.1213 38.4323 0.0000
      vertex 61.1333 38.4311 0.0000
      vertex 71.9000 71.4000 0.0000
    endloop
  endfacet
  facet normal 0.000000 0.000000 -1.000000
    outer loop
      vertex 71.9000 71.4000 2.4000
      vertex 63.4594 38.1246 2.4000
      vertex 61.1333 38.4311 2.4000
    endloop
  endfacet
  facet normal -0.000000 0.000000 1.000000
    outer loop
      vertex 61.1333 38.4311 0.0000
      vertex 63.4594 38.1246 0.0000
      vertex 71.9000 71.4000 0.0000
    endloop
  endfacet
  facet normal 0.000000 0.000000 -1.000000
    outer loop
      vertex 71.9000 71.4000 2.4000
      vertex 63.4660 38.1237 2.4000
      vertex 63.4594 38.1246 2.4000
    endloop
  endfacet
  facet normal -0.000000 0.000000 1.000000
    outer loop
      vertex 63.4594 38.1246 0.0000
      vertex 63.4660 38.1237 0.0000
      vertex 71.9000 71.4000 0.0000
    endloop
  endfacet
  facet normal 0.000000 0.000000 -1.000000
    outer loop
      vertex 71.9000 71.4000 2.4000
      vertex 63.4725 38.1225 2.4000
      vertex 63.4660 38.1237 2.4000
    endloop
  endfacet
  facet normal -0.000000 0.000000 1.000000
    outer loop
      vertex 63.4660 38.1237 0.0000
      vertex 63.4725 38.1225 0.0000
      vertex 71.9000 71.4000 0.0000
    endloop
  endfacet
  facet normal 0.000000 0.000000 -1.000000
    outer loop
      vertex 71.9000 71.4000 2.4000
      vertex 65.9103 37.6540 2.4000
      vertex 63.4725 38.1225 2.4000
    endloop
  endfacet
  facet normal -0.000000 0.000000 1.000000
    outer loop
      vertex 63.4725 38.1225 0.0000
      vertex 65.9103 37.6540 0.0000
      vertex 71.9000 71.4000 0.0000
    endloop
  endfacet
  facet normal 0.000000 0.000000 -1.000000
    outer loop
      vertex 71.9000 71.4000 2.4000
      vertex 65.9163 37.6528 2.4000
      vertex 65.9103 37.6540 2.4000
    endloop
  endfacet
  facet normal -0.000000 0.000000 1.000000
    outer loop
      vertex 65.9103 37.6540 0.0000
      vertex 65.9163 37.6528 0.0000
      vertex 71.9000 71.4000 0.0000
    endloop
  endfacet
  facet normal 0.000000 0.000000 -1.000000
    outer loop
      vertex 71.9000 71.4000 2.4000
      vertex 65.9192 37.6521 2.4000
      vertex 65.9163 37.6528 2.4000
    endloop
  endfacet
  facet normal -0.000000 0.000000 1.000000
    outer loop
      vertex 65.9163 37.6528 0.0000
      vertex 65.9192 37.6521 0.0000
      vertex 71.9000 71.4000 0.0000
    endloop
  endfacet
  facet normal 0.000000 0.000000 -1.000000
    outer loop
      vertex 71.9000 71.4000 2.4000
      vertex 68.2297 37.1185 2.4000
      vertex 65.9192 37.6521 2.4000
    endloop
  endfacet
  facet normal -0.000000 0.000000 1.000000
    outer loop
      vertex 65.9192 37.6521 0.0000
      vertex 68.2297 37.1185 0.0000
      vertex 71.9000 71.4000 0.0000
    endloop
  endfacet
  facet normal 0.000000 -0.000000 -1.000000
    outer loop
      vertex 71.9000 71.4000 2.4000
      vertex 71.9000 36.7961 2.4000
      vertex 68.2297 37.1185 2.4000
    endloop
  endfacet
  facet normal -0.000000 0.000000 1.000000
    outer loop
      vertex 68.2297 37.1185 0.0000
      vertex 71.9000 36.7961 0.0000
      vertex 71.9000 71.4000 0.0000
    endloop
  endfacet
  facet normal -0.000000 0.000000 -1.000000
    outer loop
      vertex 71.7522 36.4412 2.4000
      vertex 71.7026 36.3981 2.4000
      vertex 71.7957 36.4905 2.4000
    endloop
  endfacet
  facet normal 0.000000 0.000000 1.000000
    outer loop
      vertex 71.7957 36.4905 0.0000
      vertex 71.7026 36.3981 0.0000
      vertex 71.7522 36.4412 0.0000
    endloop
  endfacet
  facet normal 0.000000 0.000000 -1.000000
    outer loop
      vertex 71.7026 36.3981 2.4000
      vertex 71.8324 36.5450 2.4000
      vertex 71.7957 36.4905 2.4000
    endloop
  endfacet
  facet normal 0.000000 -0.000000 1.000000
    outer loop
      vertex 71.7957 36.4905 0.0000
      vertex 71.8324 36.5450 0.0000
      vertex 71.7026 36.3981 0.0000
    endloop
  endfacet
  facet normal 0.000000 0.000000 -1.000000
    outer loop
      vertex 71.7026 36.3981 2.4000
      vertex 71.8828 36.6661 2.4000
      vertex 71.8324 36.5450 2.4000
    endloop
  endfacet
  facet normal 0.000000 -0.000000 1.000000
    outer loop
      vertex 71.8324 36.5450 0.0000
      vertex 71.8828 36.6661 0.0000
      vertex 71.7026 36.3981 0.0000
    endloop
  endfacet
  facet normal -0.000000 0.000000 -1.000000
    outer loop
      vertex 71.7026 36.3981 2.4000
      vertex 71.6478 36.3618 2.4000
      vertex 71.8828 36.6661 2.4000
    endloop
  endfacet
  facet normal 0.000000 0.000000 1.000000
    outer loop
      vertex 71.8828 36.6661 0.0000
      vertex 71.6478 36.3618 0.0000
      vertex 71.7026 36.3981 0.0000
    endloop
  endfacet
  facet normal -0.000000 0.000000 -1.000000
    outer loop
      vertex 71.6478 36.3618 2.4000
      vertex 71.2663 36.3143 2.4000
      vertex 71.8828 36.6661 2.4000
    endloop
  endfacet
  facet normal 0.000000 0.000000 1.000000
    outer loop
      vertex 71.8828 36.6661 0.0000
      vertex 71.2663 36.3143 0.0000
      vertex 71.6478 36.3618 0.0000
    endloop
  endfacet
  facet normal 0.000000 0.000000 -1.000000
    outer loop
      vertex 71.6478 36.3618 2.4000
      vertex 71.3962 36.2961 2.4000
      vertex 71.2663 36.3143 2.4000
    endloop
  endfacet
  facet normal -0.000000 0.000000 1.000000
    outer loop
      vertex 71.2663 36.3143 0.0000
      vertex 71.3962 36.2961 0.0000
      vertex 71.6478 36.3618 0.0000
    endloop
  endfacet
  facet normal 0.000000 0.000000 -1.000000
    outer loop
      vertex 71.6478 36.3618 2.4000
      vertex 71.5263 36.3123 2.4000
      vertex 71.3962 36.2961 2.4000
    endloop
  endfacet
  facet normal 0.000000 0.000000 1.000000
    outer loop
      vertex 71.3962 36.2961 0.0000
      vertex 71.5263 36.3123 0.0000
      vertex 71.6478 36.3618 0.0000
    endloop
  endfacet
  facet normal 0.000000 0.000000 -1.000000
    outer loop
      vertex 71.6478 36.3618 2.4000
      vertex 71.5887 36.3331 2.4000
      vertex 71.5263 36.3123 2.4000
    endloop
  endfacet
  facet normal 0.000000 0.000000 1.000000
    outer loop
      vertex 71.5263 36.3123 0.0000
      vertex 71.5887 36.3331 0.0000
      vertex 71.6478 36.3618 0.0000
    endloop
  endfacet
  facet normal 0.000000 0.000000 -1.000000
    outer loop
      vertex 71.5263 36.3123 2.4000
      vertex 71.4618 36.2999 2.4000
      vertex 71.3962 36.2961 2.4000
    endloop
  endfacet
  facet normal 0.000000 0.000000 1.000000
    outer loop
      vertex 71.3962 36.2961 0.0000
      vertex 71.4618 36.2999 0.0000
      vertex 71.5263 36.3123 0.0000
    endloop
  endfacet
  facet normal -0.000000 0.000000 -1.000000
    outer loop
      vertex 55.5611 32.2138 2.4000
      vertex 55.5020 32.2041 2.4000
      vertex 55.6185 32.2304 2.4000
    endloop
  endfacet
  facet normal 0.000000 0.000000 1.000000
    outer loop
      vertex 55.6185 32.2304 0.0000
      vertex 55.5020 32.2041 0.0000
      vertex 55.5611 32.2138 0.0000
    endloop
  endfacet
  facet normal 0.000000 0.000000 -1.000000
    outer loop
      vertex 55.5020 32.2041 2.4000
      vertex 57.5079 35.9609 2.4000
      vertex 55.6185 32.2304 2.4000
    endloop
  endfacet
  facet normal 0.000000 -0.000000 1.000000
    outer loop
      vertex 55.6185 32.2304 0.0000
      vertex 57.5079 35.9609 0.0000
      vertex 55.5020 32.2041 0.0000
    endloop
  endfacet
  facet normal 0.000000 0.000000 -1.000000
    outer loop
      vertex 55.5020 32.2041 2.4000
      vertex 57.5061 35.9657 2.4000
      vertex 57.5079 35.9609 2.4000
    endloop
  endfacet
  facet normal 0.000000 0.000000 1.000000
    outer loop
      vertex 57.5079 35.9609 0.0000
      vertex 57.5061 35.9657 0.0000
      vertex 55.5020 32.2041 0.0000
    endloop
  endfacet
  facet normal 0.000000 0.000000 -1.000000
    outer loop
      vertex 55.5020 32.2041 2.4000
      vertex 57.5052 35.9680 2.4000
      vertex 57.5061 35.9657 2.4000
    endloop
  endfacet
  facet normal 0.000000 0.000000 1.000000
    outer loop
      vertex 57.5061 35.9657 0.0000
      vertex 57.5052 35.9680 0.0000
      vertex 55.5020 32.2041 0.0000
    endloop
  endfacet
  facet normal -0.000000 0.000000 -1.000000
    outer loop
      vertex 55.5020 32.2041 2.4000
      vertex 54.0509 32.0557 2.4000
      vertex 57.5052 35.9680 2.4000
    endloop
  endfacet
  facet normal 0.000000 0.000000 1.000000
    outer loop
      vertex 57.5052 35.9680 0.0000
      vertex 54.0509 32.0557 0.0000
      vertex 55.5020 32.2041 0.0000
    endloop
  endfacet
  facet normal 0.000000 0.000000 -1.000000
    outer loop
      vertex 54.0509 32.0557 2.4000
      vertex 57.0369 37.2710 2.4000
      vertex 57.5052 35.9680 2.4000
    endloop
  endfacet
  facet normal 0.000000 0.000000 1.000000
    outer loop
      vertex 57.5052 35.9680 0.0000
      vertex 57.0369 37.2710 0.0000
      vertex 54.0509 32.0557 0.0000
    endloop
  endfacet
  facet normal 0.000000 0.000000 -1.000000
    outer loop
      vertex 54.0509 32.0557 2.4000
      vertex 50.9631 37.2710 2.4000
      vertex 57.0369 37.2710 2.4000
    endloop
  endfacet
  facet normal 0.000000 0.000000 1.000000
    outer loop
      vertex 57.0369 37.2710 0.0000
      vertex 50.9631 37.2710 0.0000
      vertex 54.0509 32.0557 0.0000
    endloop
  endfacet
  facet normal 0.000000 0.000000 -1.000000
    outer loop
      vertex 54.0509 32.0557 2.4000
      vertex 53.9491 32.0557 2.4000
      vertex 50.9631 37.2710 2.4000
    endloop
  endfacet
  facet normal 0.000000 0.000000 1.000000
    outer loop
      vertex 50.9631 37.2710 0.0000
      vertex 53.9491 32.0557 0.0000
      vertex 54.0509 32.0557 0.0000
    endloop
  endfacet
  facet normal -0.000000 0.000000 -1.000000
    outer loop
      vertex 54.0509 32.0557 2.4000
      vertex 54.0000 32.0531 2.4000
      vertex 53.9491 32.0557 2.4000
    endloop
  endfacet
  facet normal -0.000000 0.000000 1.000000
    outer loop
      vertex 53.9491 32.0557 0.0000
      vertex 54.0000 32.0531 0.0000
      vertex 54.0509 32.0557 0.0000
    endloop
  endfacet
  facet normal 0.000000 0.000000 -1.000000
    outer loop
      vertex 53.9491 32.0557 2.4000
      vertex 50.4950 35.9685 2.4000
      vertex 50.9631 37.2710 2.4000
    endloop
  endfacet
  facet normal 0.000000 0.000000 1.000000
    outer loop
      vertex 50.9631 37.2710 0.0000
      vertex 50.4950 35.9685 0.0000
      vertex 53.9491 32.0557 0.0000
    endloop
  endfacet
  facet normal 0.000000 0.000000 -1.000000
    outer loop
      vertex 53.9491 32.0557 2.4000
      vertex 52.4980 32.2041 2.4000
      vertex 50.4950 35.9685 2.4000
    endloop
  endfacet
  facet normal 0.000000 0.000000 1.000000
    outer loop
      vertex 50.4950 35.9685 0.0000
      vertex 52.4980 32.2041 0.0000
      vertex 53.9491 32.0557 0.0000
    endloop
  endfacet
  facet normal 0.000000 0.000000 -1.000000
    outer loop
      vertex 52.4980 32.2041 2.4000
      vertex 50.4932 35.9638 2.4000
      vertex 50.4950 35.9685 2.4000
    endloop
  endfacet
  facet normal 0.000000 0.000000 1.000000
    outer loop
      vertex 50.4950 35.9685 0.0000
      vertex 50.4932 35.9638 0.0000
      vertex 52.4980 32.2041 0.0000
    endloop
  endfacet
  facet normal 0.000000 0.000000 -1.000000
    outer loop
      vertex 52.4980 32.2041 2.4000
      vertex 50.4923 35.9614 2.4000
      vertex 50.4932 35.9638 2.4000
    endloop
  endfacet
  facet normal 0.000000 0.000000 1.000000
    outer loop
      vertex 50.4932 35.9638 0.0000
      vertex 50.4923 35.9614 0.0000
      vertex 52.4980 32.2041 0.0000
    endloop
  endfacet
  facet normal 0.000000 0.000000 -1.000000
    outer loop
      vertex 52.4980 32.2041 2.4000
      vertex 52.3815 32.2304 2.4000
      vertex 50.4923 35.9614 2.4000
    endloop
  endfacet
  facet normal 0.000000 0.000000 1.000000
    outer loop
      vertex 50.4923 35.9614 0.0000
      vertex 52.3815 32.2304 0.0000
      vertex 52.4980 32.2041 0.0000
    endloop
  endfacet
  facet normal 0.000000 0.000000 -1.000000
    outer loop
      vertex 52.4980 32.2041 2.4000
      vertex 52.4389 32.2138 2.4000
      vertex 52.3815 32.2304 2.4000
    endloop
  endfacet
  facet normal 0.000000 0.000000 1.000000
    outer loop
      vertex 52.3815 32.2304 0.0000
      vertex 52.4389 32.2138 0.0000
      vertex 52.4980 32.2041 0.0000
    endloop
  endfacet
  facet normal 0.000000 0.000000 -1.000000
    outer loop
      vertex 36.2844 36.2592 2.4000
      vertex 36.4139 36.2433 2.4000
      vertex 36.3486 36.2470 2.4000
    endloop
  endfacet
  facet normal -0.000000 -0.000000 1.000000
    outer loop
      vertex 36.3486 36.2470 0.0000
      vertex 36.4139 36.2433 0.0000
      vertex 36.2844 36.2592 0.0000
    endloop
  endfacet
  facet normal 0.000000 0.000000 -1.000000
    outer loop
      vertex 36.2844 36.2592 2.4000
      vertex 36.5432 36.2614 2.4000
      vertex 36.4139 36.2433 2.4000
    endloop
  endfacet
  facet normal 0.000000 -0.000000 1.000000
    outer loop
      vertex 36.4139 36.2433 0.0000
      vertex 36.5432 36.2614 0.0000
      vertex 36.2844 36.2592 0.0000
    endloop
  endfacet
  facet normal 0.000000 0.000000 -1.000000
    outer loop
      vertex 36.2844 36.2592 2.4000
      vertex 35.9277 36.6096 2.4000
      vertex 36.5432 36.2614 2.4000
    endloop
  endfacet
  facet normal 0.000000 0.000000 1.000000
    outer loop
      vertex 36.5432 36.2614 0.0000
      vertex 35.9277 36.6096 0.0000
      vertex 36.2844 36.2592 0.0000
    endloop
  endfacet
  facet normal 0.000000 0.000000 -1.000000
    outer loop
      vertex 36.2844 36.2592 2.4000
      vertex 36.0155 36.4354 2.4000
      vertex 35.9277 36.6096 2.4000
    endloop
  endfacet
  facet normal 0.000000 0.000000 1.000000
    outer loop
      vertex 35.9277 36.6096 0.0000
      vertex 36.0155 36.4354 0.0000
      vertex 36.2844 36.2592 0.0000
    endloop
  endfacet
  facet normal 0.000000 0.000000 -1.000000
    outer loop
      vertex 36.2844 36.2592 2.4000
      vertex 36.0591 36.3866 2.4000
      vertex 36.0155 36.4354 2.4000
    endloop
  endfacet
  facet normal 0.000000 0.000000 1.000000
    outer loop
      vertex 36.0155 36.4354 0.0000
      vertex 36.0591 36.3866 0.0000
      vertex 36.2844 36.2592 0.0000
    endloop
  endfacet
  facet normal 0.000000 0.000000 -1.000000
    outer loop
      vertex 36.2844 36.2592 2.4000
      vertex 36.1086 36.3439 2.4000
      vertex 36.0591 36.3866 2.4000
    endloop
  endfacet
  facet normal 0.000000 0.000000 1.000000
    outer loop
      vertex 36.0591 36.3866 0.0000
      vertex 36.1086 36.3439 0.0000
      vertex 36.2844 36.2592 0.0000
    endloop
  endfacet
  facet normal 0.000000 0.000000 -1.000000
    outer loop
      vertex 36.2844 36.2592 2.4000
      vertex 36.1633 36.3080 2.4000
      vertex 36.1086 36.3439 2.4000
    endloop
  endfacet
  facet normal 0.000000 0.000000 1.000000
    outer loop
      vertex 36.1086 36.3439 0.0000
      vertex 36.1633 36.3080 0.0000
      vertex 36.2844 36.2592 0.0000
    endloop
  endfacet
  facet normal 0.000000 0.000000 -1.000000
    outer loop
      vertex 36.2844 36.2592 2.4000
      vertex 36.2222 36.2796 2.4000
      vertex 36.1633 36.3080 2.4000
    endloop
  endfacet
  facet normal 0.000000 0.000000 1.000000
    outer loop
      vertex 36.1633 36.3080 0.0000
      vertex 36.2222 36.2796 0.0000
      vertex 36.2844 36.2592 0.0000
    endloop
  endfacet
  facet normal 0.000000 0.000000 -1.000000
    outer loop
      vertex 36.0155 36.4354 2.4000
      vertex 35.9787 36.4894 2.4000
      vertex 35.9277 36.6096 2.4000
    endloop
  endfacet
  facet normal 0.000000 0.000000 1.000000
    outer loop
      vertex 35.9277 36.6096 0.0000
      vertex 35.9787 36.4894 0.0000
      vertex 36.0155 36.4354 0.0000
    endloop
  endfacet
  facet normal 0.000000 0.000000 -1.000000
    outer loop
      vertex 35.9787 36.4894 2.4000
      vertex 35.9493 36.5478 2.4000
      vertex 35.9277 36.6096 2.4000
    endloop
  endfacet
  facet normal 0.000000 0.000000 1.000000
    outer loop
      vertex 35.9277 36.6096 0.0000
      vertex 35.9493 36.5478 0.0000
      vertex 35.9787 36.4894 0.0000
    endloop
  endfacet
  facet normal 0.000000 0.000000 -1.000000
    outer loop
      vertex 35.9277 36.6096 2.4000
      vertex 35.5794 37.8646 2.4000
      vertex 36.5432 36.2614 2.4000
    endloop
  endfacet
  facet normal 0.000000 0.000000 1.000000
    outer loop
      vertex 36.5432 36.2614 0.0000
      vertex 35.5794 37.8646 0.0000
      vertex 35.9277 36.6096 0.0000
    endloop
  endfacet
  facet normal 0.000000 0.000000 -1.000000
    outer loop
      vertex 35.5794 37.8646 2.4000
      vertex 37.8179 36.6151 2.4000
      vertex 36.5432 36.2614 2.4000
    endloop
  endfacet
  facet normal 0.000000 -0.000000 1.000000
    outer loop
      vertex 36.5432 36.2614 0.0000
      vertex 37.8179 36.6151 0.0000
      vertex 35.5794 37.8646 0.0000
    endloop
  endfacet
  facet normal 0.000000 0.000000 -1.000000
    outer loop
      vertex 35.5794 37.8646 2.4000
      vertex 35.5771 37.8735 2.4000
      vertex 37.8179 36.6151 2.4000
    endloop
  endfacet
  facet normal 0.000000 0.000000 1.000000
    outer loop
      vertex 37.8179 36.6151 0.0000
      vertex 35.5771 37.8735 0.0000
      vertex 35.5794 37.8646 0.0000
    endloop
  endfacet
  facet normal 0.000000 0.000000 -1.000000
    outer loop
      vertex 35.5771 37.8735 2.4000
      vertex 37.8197 36.6156 2.4000
      vertex 37.8179 36.6151 2.4000
    endloop
  endfacet
  facet normal 0.000000 -0.000000 1.000000
    outer loop
      vertex 37.8179 36.6151 0.0000
      vertex 37.8197 36.6156 0.0000
      vertex 35.5771 37.8735 0.0000
    endloop
  endfacet
  facet normal 0.000000 0.000000 -1.000000
    outer loop
      vertex 35.5771 37.8735 2.4000
      vertex 35.0781 39.8084 2.4000
      vertex 37.8197 36.6156 2.4000
    endloop
  endfacet
  facet normal 0.000000 0.000000 1.000000
    outer loop
      vertex 37.8197 36.6156 0.0000
      vertex 35.0781 39.8084 0.0000
      vertex 35.5771 37.8735 0.0000
    endloop
  endfacet
  facet normal 0.000000 0.000000 -1.000000
    outer loop
      vertex 35.0781 39.8084 2.4000
      vertex 39.7639 37.1169 2.4000
      vertex 37.8197 36.6156 2.4000
    endloop
  endfacet
  facet normal 0.000000 -0.000000 1.000000
    outer loop
      vertex 37.8197 36.6156 0.0000
      vertex 39.7639 37.1169 0.0000
      vertex 35.0781 39.8084 0.0000
    endloop
  endfacet
  facet normal 0.000000 0.000000 -1.000000
    outer loop
      vertex 35.0781 39.8084 2.4000
      vertex 35.0751 39.8207 2.4000
      vertex 39.7639 37.1169 2.4000
    endloop
  endfacet
  facet normal 0.000000 0.000000 1.000000
    outer loop
      vertex 39.7639 37.1169 0.0000
      vertex 35.0751 39.8207 0.0000
      vertex 35.0781 39.8084 0.0000
    endloop
  endfacet
  facet normal 0.000000 0.000000 -1.000000
    outer loop
      vertex 35.0751 39.8207 2.4000
      vertex 39.7679 37.1179 2.4000
      vertex 39.7639 37.1169 2.4000
    endloop
  endfacet
  facet normal 0.000000 -0.000000 1.000000
    outer loop
      vertex 39.7639 37.1169 0.0000
      vertex 39.7679 37.1179 0.0000
      vertex 35.0751 39.8207 0.0000
    endloop
  endfacet
  facet normal 0.000000 0.000000 -1.000000
    outer loop
      vertex 35.0751 39.8207 2.4000
      vertex 39.7698 37.1184 2.4000
      vertex 39.7679 37.1179 2.4000
    endloop
  endfacet
  facet normal 0.000000 -0.000000 1.000000
    outer loop
      vertex 39.7679 37.1179 0.0000
      vertex 39.7698 37.1184 0.0000
      vertex 35.0751 39.8207 0.0000
    endloop
  endfacet
  facet normal 0.000000 0.000000 -1.000000
    outer loop
      vertex 35.0751 39.8207 2.4000
      vertex 34.5447 42.1173 2.4000
      vertex 39.7698 37.1184 2.4000
    endloop
  endfacet
  facet normal 0.000000 0.000000 1.000000
    outer loop
      vertex 39.7698 37.1184 0.0000
      vertex 34.5447 42.1173 0.0000
      vertex 35.0751 39.8207 0.0000
    endloop
  endfacet
  facet normal 0.000000 0.000000 -1.000000
    outer loop
      vertex 34.5447 42.1173 2.4000
      vertex 42.0802 37.6520 2.4000
      vertex 39.7698 37.1184 2.4000
    endloop
  endfacet
  facet normal 0.000000 -0.000000 1.000000
    outer loop
      vertex 39.7698 37.1184 0.0000
      vertex 42.0802 37.6520 0.0000
      vertex 34.5447 42.1173 0.0000
    endloop
  endfacet
  facet normal 0.000000 0.000000 -1.000000
    outer loop
      vertex 34.5447 42.1173 2.4000
      vertex 34.5409 42.1354 2.4000
      vertex 42.0802 37.6520 2.4000
    endloop
  endfacet
  facet normal 0.000000 0.000000 1.000000
    outer loop
      vertex 42.0802 37.6520 0.0000
      vertex 34.5409 42.1354 0.0000
      vertex 34.5447 42.1173 0.0000
    endloop
  endfacet
  facet normal 0.000000 0.000000 -1.000000
    outer loop
      vertex 34.5409 42.1354 2.4000
      vertex 42.0861 37.6533 2.4000
      vertex 42.0802 37.6520 2.4000
    endloop
  endfacet
  facet normal 0.000000 -0.000000 1.000000
    outer loop
      vertex 42.0802 37.6520 0.0000
      vertex 42.0861 37.6533 0.0000
      vertex 34.5409 42.1354 0.0000
    endloop
  endfacet
  facet normal 0.000000 0.000000 -1.000000
    outer loop
      vertex 34.5409 42.1354 2.4000
      vertex 38.6170 50.0154 2.4000
      vertex 42.0861 37.6533 2.4000
    endloop
  endfacet
  facet normal 0.000000 0.000000 1.000000
    outer loop
      vertex 42.0861 37.6533 0.0000
      vertex 38.6170 50.0154 0.0000
      vertex 34.5409 42.1354 0.0000
    endloop
  endfacet
  facet normal 0.000000 0.000000 -1.000000
    outer loop
      vertex 34.5409 42.1354 2.4000
      vertex 38.6092 50.0132 2.4000
      vertex 38.6170 50.0154 2.4000
    endloop
  endfacet
  facet normal 0.000000 0.000000 1.000000
    outer loop
      vertex 38.6170 50.0154 0.0000
      vertex 38.6092 50.0132 0.0000
      vertex 34.5409 42.1354 0.0000
    endloop
  endfacet
  facet normal 0.000000 0.000000 -1.000000
    outer loop
      vertex 34.5409 42.1354 2.4000
      vertex 34.0765 44.5515 2.4000
      vertex 38.6092 50.0132 2.4000
    endloop
  endfacet
  facet normal 0.000000 0.000000 1.000000
    outer loop
      vertex 38.6092 50.0132 0.0000
      vertex 34.0765 44.5515 0.0000
      vertex 34.5409 42.1354 0.0000
    endloop
  endfacet
  facet normal 0.000000 0.000000 -1.000000
    outer loop
      vertex 34.0765 44.5515 2.4000
      vertex 37.4902 49.7290 2.4000
      vertex 38.6092 50.0132 2.4000
    endloop
  endfacet
  facet normal 0.000000 0.000000 1.000000
    outer loop
      vertex 38.6092 50.0132 0.0000
      vertex 37.4902 49.7290 0.0000
      vertex 34.0765 44.5515 0.0000
    endloop
  endfacet
  facet normal 0.000000 0.000000 -1.000000
    outer loop
      vertex 34.0765 44.5515 2.4000
      vertex 34.0718 44.5806 2.4000
      vertex 37.4902 49.7290 2.4000
    endloop
  endfacet
  facet normal 0.000000 0.000000 1.000000
    outer loop
      vertex 37.4902 49.7290 0.0000
      vertex 34.0718 44.5806 0.0000
      vertex 34.0765 44.5515 0.0000
    endloop
  endfacet
  facet normal 0.000000 0.000000 -1.000000
    outer loop
      vertex 34.0718 44.5806 2.4000
      vertex 37.4821 49.7272 2.4000
      vertex 37.4902 49.7290 2.4000
    endloop
  endfacet
  facet normal 0.000000 0.000000 1.000000
    outer loop
      vertex 37.4902 49.7290 0.0000
      vertex 37.4821 49.7272 0.0000
      vertex 34.0718 44.5806 0.0000
    endloop
  endfacet
  facet normal 0.000000 0.000000 -1.000000
    outer loop
      vertex 34.0718 44.5806 2.4000
      vertex 37.4641 49.7250 2.4000
      vertex 37.4821 49.7272 2.4000
    endloop
  endfacet
  facet normal 0.000000 0.000000 1.000000
    outer loop
      vertex 37.4821 49.7272 0.0000
      vertex 37.4641 49.7250 0.0000
      vertex 34.0718 44.5806 0.0000
    endloop
  endfacet
  facet normal 0.000000 0.000000 -1.000000
    outer loop
      vertex 34.0718 44.5806 2.4000
      vertex 37.4517 49.7250 2.4000
      vertex 37.4641 49.7250 2.4000
    endloop
  endfacet
  facet normal 0.000000 0.000000 1.000000
    outer loop
      vertex 37.4641 49.7250 0.0000
      vertex 37.4517 49.7250 0.0000
      vertex 34.0718 44.5806 0.0000
    endloop
  endfacet
  facet normal 0.000000 0.000000 -1.000000
    outer loop
      vertex 34.0718 44.5806 2.4000
      vertex 33.7705 46.8677 2.4000
      vertex 37.4517 49.7250 2.4000
    endloop
  endfacet
  facet normal 0.000000 0.000000 1.000000
    outer loop
      vertex 37.4517 49.7250 0.0000
      vertex 33.7705 46.8677 0.0000
      vertex 34.0718 44.5806 0.0000
    endloop
  endfacet
  facet normal 0.000000 0.000000 -1.000000
    outer loop
      vertex 33.7705 46.8677 2.4000
      vertex 37.4394 49.7265 2.4000
      vertex 37.4517 49.7250 2.4000
    endloop
  endfacet
  facet normal 0.000000 0.000000 1.000000
    outer loop
      vertex 37.4517 49.7250 0.0000
      vertex 37.4394 49.7265 0.0000
      vertex 33.7705 46.8677 0.0000
    endloop
  endfacet
  facet normal 0.000000 0.000000 -1.000000
    outer loop
      vertex 33.7705 46.8677 2.4000
      vertex 37.4218 49.7311 2.4000
      vertex 37.4394 49.7265 2.4000
    endloop
  endfacet
  facet normal 0.000000 0.000000 1.000000
    outer loop
      vertex 37.4394 49.7265 0.0000
      vertex 37.4218 49.7311 0.0000
      vertex 33.7705 46.8677 0.0000
    endloop
  endfacet
  facet normal 0.000000 0.000000 -1.000000
    outer loop
      vertex 33.7705 46.8677 2.4000
      vertex 33.7664 46.9208 2.4000
      vertex 37.4218 49.7311 2.4000
    endloop
  endfacet
  facet normal 0.000000 0.000000 1.000000
    outer loop
      vertex 37.4218 49.7311 0.0000
      vertex 33.7664 46.9208 0.0000
      vertex 33.7705 46.8677 0.0000
    endloop
  endfacet
  facet normal 0.000000 0.000000 -1.000000
    outer loop
      vertex 33.7664 46.9208 2.4000
      vertex 37.4140 49.7339 2.4000
      vertex 37.4218 49.7311 2.4000
    endloop
  endfacet
  facet normal 0.000000 0.000000 1.000000
    outer loop
      vertex 37.4218 49.7311 0.0000
      vertex 37.4140 49.7339 0.0000
      vertex 33.7664 46.9208 0.0000
    endloop
  endfacet
  facet normal 0.000000 0.000000 -1.000000
    outer loop
      vertex 33.7664 46.9208 2.4000
      vertex 33.7203 48.8074 2.4000
      vertex 37.4140 49.7339 2.4000
    endloop
  endfacet
  facet normal 0.000000 0.000000 1.000000
    outer loop
      vertex 37.4140 49.7339 0.0000
      vertex 33.7203 48.8074 0.0000
      vertex 33.7664 46.9208 0.0000
    endloop
  endfacet
  facet normal 0.000000 0.000000 -1.000000
    outer loop
      vertex 33.7203 48.8074 2.4000
      vertex 35.9720 50.3036 2.4000
      vertex 37.4140 49.7339 2.4000
    endloop
  endfacet
  facet normal 0.000000 0.000000 1.000000
    outer loop
      vertex 37.4140 49.7339 0.0000
      vertex 35.9720 50.3036 0.0000
      vertex 33.7203 48.8074 0.0000
    endloop
  endfacet
  facet normal 0.000000 0.000000 -1.000000
    outer loop
      vertex 33.7203 48.8074 2.4000
      vertex 33.7317 48.9264 2.4000
      vertex 35.9720 50.3036 2.4000
    endloop
  endfacet
  facet normal 0.000000 0.000000 1.000000
    outer loop
      vertex 35.9720 50.3036 0.0000
      vertex 33.7317 48.9264 0.0000
      vertex 33.7203 48.8074 0.0000
    endloop
  endfacet
  facet normal 0.000000 0.000000 -1.000000
    outer loop
      vertex 33.7203 48.8074 2.4000
      vertex 33.7225 48.8673 2.4000
      vertex 33.7317 48.9264 2.4000
    endloop
  endfacet
  facet normal 0.000000 0.000000 1.000000
    outer loop
      vertex 33.7317 48.9264 0.0000
      vertex 33.7225 48.8673 0.0000
      vertex 33.7203 48.8074 0.0000
    endloop
  endfacet
  facet normal 0.000000 0.000000 -1.000000
    outer loop
      vertex 33.7203 59.1926 2.4000
      vertex 33.7317 59.0736 2.4000
      vertex 33.7225 59.1327 2.4000
    endloop
  endfacet
  facet normal -0.000000 -0.000000 1.000000
    outer loop
      vertex 33.7225 59.1327 0.0000
      vertex 33.7317 59.0736 0.0000
      vertex 33.7203 59.1926 0.0000
    endloop
  endfacet
  facet normal 0.000000 0.000000 -1.000000
    outer loop
      vertex 33.7203 59.1926 2.4000
      vertex 35.9720 57.6964 2.4000
      vertex 33.7317 59.0736 2.4000
    endloop
  endfacet
  facet normal -0.000000 -0.000000 1.000000
    outer loop
      vertex 33.7317 59.0736 0.0000
      vertex 35.9720 57.6964 0.0000
      vertex 33.7203 59.1926 0.0000
    endloop
  endfacet
  facet normal 0.000000 0.000000 -1.000000
    outer loop
      vertex 33.7203 59.1926 2.4000
      vertex 37.4140 58.2661 2.4000
      vertex 35.9720 57.6964 2.4000
    endloop
  endfacet
  facet normal 0.000000 -0.000000 1.000000
    outer loop
      vertex 35.9720 57.6964 0.0000
      vertex 37.4140 58.2661 0.0000
      vertex 33.7203 59.1926 0.0000
    endloop
  endfacet
  facet normal 0.000000 0.000000 -1.000000
    outer loop
      vertex 33.7203 59.1926 2.4000
      vertex 33.7664 61.0792 2.4000
      vertex 37.4140 58.2661 2.4000
    endloop
  endfacet
  facet normal 0.000000 0.000000 1.000000
    outer loop
      vertex 37.4140 58.2661 0.0000
      vertex 33.7664 61.0792 0.0000
      vertex 33.7203 59.1926 0.0000
    endloop
  endfacet
  facet normal 0.000000 0.000000 -1.000000
    outer loop
      vertex 33.7664 61.0792 2.4000
      vertex 37.4218 58.2689 2.4000
      vertex 37.4140 58.2661 2.4000
    endloop
  endfacet
  facet normal 0.000000 -0.000000 1.000000
    outer loop
      vertex 37.4140 58.2661 0.0000
      vertex 37.4218 58.2689 0.0000
      vertex 33.7664 61.0792 0.0000
    endloop
  endfacet
  facet normal 0.000000 0.000000 -1.000000
    outer loop
      vertex 33.7664 61.0792 2.4000
      vertex 33.7705 61.1323 2.4000
      vertex 37.4218 58.2689 2.4000
    endloop
  endfacet
  facet normal 0.000000 0.000000 1.000000
    outer loop
      vertex 37.4218 58.2689 0.0000
      vertex 33.7705 61.1323 0.0000
      vertex 33.7664 61.0792 0.0000
    endloop
  endfacet
  facet normal 0.000000 0.000000 -1.000000
    outer loop
      vertex 33.7705 61.1323 2.4000
      vertex 37.4394 58.2735 2.4000
      vertex 37.4218 58.2689 2.4000
    endloop
  endfacet
  facet normal 0.000000 -0.000000 1.000000
    outer loop
      vertex 37.4218 58.2689 0.0000
      vertex 37.4394 58.2735 0.0000
      vertex 33.7705 61.1323 0.0000
    endloop
  endfacet
  facet normal 0.000000 0.000000 -1.000000
    outer loop
      vertex 33.7705 61.1323 2.4000
      vertex 37.4517 58.2750 2.4000
      vertex 37.4394 58.2735 2.4000
    endloop
  endfacet
  facet normal 0.000000 -0.000000 1.000000
    outer loop
      vertex 37.4394 58.2735 0.0000
      vertex 37.4517 58.2750 0.0000
      vertex 33.7705 61.1323 0.0000
    endloop
  endfacet
  facet normal 0.000000 0.000000 -1.000000
    outer loop
      vertex 33.7705 61.1323 2.4000
      vertex 34.0718 63.4194 2.4000
      vertex 37.4517 58.2750 2.4000
    endloop
  endfacet
  facet normal 0.000000 0.000000 1.000000
    outer loop
      vertex 37.4517 58.2750 0.0000
      vertex 34.0718 63.4194 0.0000
      vertex 33.7705 61.1323 0.0000
    endloop
  endfacet
  facet normal 0.000000 0.000000 -1.000000
    outer loop
      vertex 34.0718 63.4194 2.4000
      vertex 37.4641 58.2750 2.4000
      vertex 37.4517 58.2750 2.4000
    endloop
  endfacet
  facet normal 0.000000 -0.000000 1.000000
    outer loop
      vertex 37.4517 58.2750 0.0000
      vertex 37.4641 58.2750 0.0000
      vertex 34.0718 63.4194 0.0000
    endloop
  endfacet
  facet normal 0.000000 0.000000 -1.000000
    outer loop
      vertex 34.0718 63.4194 2.4000
      vertex 37.4821 58.2728 2.4000
      vertex 37.4641 58.2750 2.4000
    endloop
  endfacet
  facet normal -0.000000 -0.000000 1.000000
    outer loop
      vertex 37.4641 58.2750 0.0000
      vertex 37.4821 58.2728 0.0000
      vertex 34.0718 63.4194 0.0000
    endloop
  endfacet
  facet normal 0.000000 0.000000 -1.000000
    outer loop
      vertex 34.0718 63.4194 2.4000
      vertex 37.4902 58.2710 2.4000
      vertex 37.4821 58.2728 2.4000
    endloop
  endfacet
  facet normal -0.000000 -0.000000 1.000000
    outer loop
      vertex 37.4821 58.2728 0.0000
      vertex 37.4902 58.2710 0.0000
      vertex 34.0718 63.4194 0.0000
    endloop
  endfacet
  facet normal 0.000000 0.000000 -1.000000
    outer loop
      vertex 34.0718 63.4194 2.4000
      vertex 34.0765 63.4485 2.4000
      vertex 37.4902 58.2710 2.4000
    endloop
  endfacet
  facet normal 0.000000 0.000000 1.000000
    outer loop
      vertex 37.4902 58.2710 0.0000
      vertex 34.0765 63.4485 0.0000
      vertex 34.0718 63.4194 0.0000
    endloop
  endfacet
  facet normal 0.000000 0.000000 -1.000000
    outer loop
      vertex 34.0765 63.4485 2.4000
      vertex 38.6092 57.9868 2.4000
      vertex 37.4902 58.2710 2.4000
    endloop
  endfacet
  facet normal -0.000000 -0.000000 1.000000
    outer loop
      vertex 37.4902 58.2710 0.0000
      vertex 38.6092 57.9868 0.0000
      vertex 34.0765 63.4485 0.0000
    endloop
  endfacet
  facet normal 0.000000 0.000000 -1.000000
    outer loop
      vertex 34.0765 63.4485 2.4000
      vertex 34.5409 65.8646 2.4000
      vertex 38.6092 57.9868 2.4000
    endloop
  endfacet
  facet normal 0.000000 0.000000 1.000000
    outer loop
      vertex 38.6092 57.9868 0.0000
      vertex 34.5409 65.8646 0.0000
      vertex 34.0765 63.4485 0.0000
    endloop
  endfacet
  facet normal 0.000000 0.000000 -1.000000
    outer loop
      vertex 34.5409 65.8646 2.4000
      vertex 38.6170 57.9846 2.4000
      vertex 38.6092 57.9868 2.4000
    endloop
  endfacet
  facet normal -0.000000 -0.000000 1.000000
    outer loop
      vertex 38.6092 57.9868 0.0000
      vertex 38.6170 57.9846 0.0000
      vertex 34.5409 65.8646 0.0000
    endloop
  endfacet
  facet normal 0.000000 0.000000 -1.000000
    outer loop
      vertex 34.5409 65.8646 2.4000
      vertex 38.6335 57.9782 2.4000
      vertex 38.6170 57.9846 2.4000
    endloop
  endfacet
  facet normal -0.000000 -0.000000 1.000000
    outer loop
      vertex 38.6170 57.9846 0.0000
      vertex 38.6335 57.9782 0.0000
      vertex 34.5409 65.8646 0.0000
    endloop
  endfacet
  facet normal 0.000000 0.000000 -1.000000
    outer loop
      vertex 34.5409 65.8646 2.4000
      vertex 34.5447 65.8827 2.4000
      vertex 38.6335 57.9782 2.4000
    endloop
  endfacet
  facet normal 0.000000 0.000000 1.000000
    outer loop
      vertex 38.6335 57.9782 0.0000
      vertex 34.5447 65.8827 0.0000
      vertex 34.5409 65.8646 0.0000
    endloop
  endfacet
  facet normal 0.000000 0.000000 -1.000000
    outer loop
      vertex 34.5447 65.8827 2.4000
      vertex 38.6441 57.9725 2.4000
      vertex 38.6335 57.9782 2.4000
    endloop
  endfacet
  facet normal -0.000000 -0.000000 1.000000
    outer loop
      vertex 38.6335 57.9782 0.0000
      vertex 38.6441 57.9725 0.0000
      vertex 34.5447 65.8827 0.0000
    endloop
  endfacet
  facet normal 0.000000 0.000000 -1.000000
    outer loop
      vertex 34.5447 65.8827 2.4000
      vertex 35.0751 68.1793 2.4000
      vertex 38.6441 57.9725 2.4000
    endloop
  endfacet
  facet normal 0.000000 0.000000 1.000000
    outer loop
      vertex 38.6441 57.9725 0.0000
      vertex 35.0751 68.1793 0.0000
      vertex 34.5447 65.8827 0.0000
    endloop
  endfacet
  facet normal 0.000000 0.000000 -1.000000
    outer loop
      vertex 35.0751 68.1793 2.4000
      vertex 38.6540 57.9655 2.4000
      vertex 38.6441 57.9725 2.4000
    endloop
  endfacet
  facet normal -0.000000 -0.000000 1.000000
    outer loop
      vertex 38.6441 57.9725 0.0000
      vertex 38.6540 57.9655 0.0000
      vertex 35.0751 68.1793 0.0000
    endloop
  endfacet
  facet normal 0.000000 0.000000 -1.000000
    outer loop
      vertex 35.0751 68.1793 2.4000
      vertex 35.0781 68.1916 2.4000
      vertex 38.6540 57.9655 2.4000
    endloop
  endfacet
  facet normal 0.000000 0.000000 1.000000
    outer loop
      vertex 38.6540 57.9655 0.0000
      vertex 35.0781 68.1916 0.0000
      vertex 35.0751 68.1793 0.0000
    endloop
  endfacet
  facet normal 0.000000 0.000000 -1.000000
    outer loop
      vertex 39.9882 55.5867 2.4000
      vertex 59.1248 38.4811 2.4000
      vertex 40.1488 54.0165 2.4000
    endloop
  endfacet
  facet normal -0.000000 -0.000000 1.000000
    outer loop
      vertex 40.1488 54.0165 0.0000
      vertex 59.1248 38.4811 0.0000
      vertex 39.9882 55.5867 0.0000
    endloop
  endfacet
  facet normal -0.000000 0.000000 -1.000000
    outer loop
      vertex 59.1248 38.4811 2.4000
      vertex 59.1020 38.4790 2.4000
      vertex 40.1488 54.0165 2.4000
    endloop
  endfacet
  facet normal 0.000000 0.000000 1.000000
    outer loop
      vertex 40.1488 54.0165 0.0000
      vertex 59.1020 38.4790 0.0000
      vertex 59.1248 38.4811 0.0000
    endloop
  endfacet
  facet normal 0.000000 0.000000 -1.000000
    outer loop
      vertex 68.2297 37.1185 2.4000
      vertex 71.9000 36.7961 2.4000
      vertex 68.2337 37.1175 2.4000
    endloop
  endfacet
  facet normal -0.000000 -0.000000 1.000000
    outer loop
      vertex 68.2337 37.1175 0.0000
      vertex 71.9000 36.7961 0.0000
      vertex 68.2297 37.1185 0.0000
    endloop
  endfacet
  facet normal 0.000000 0.000000 -1.000000
    outer loop
      vertex 71.9000 36.7961 2.4000
      vertex 68.2357 37.1170 2.4000
      vertex 68.2337 37.1175 2.4000
    endloop
  endfacet
  facet normal 0.000000 0.000000 1.000000
    outer loop
      vertex 68.2337 37.1175 0.0000
      vertex 68.2357 37.1170 0.0000
      vertex 71.9000 36.7961 0.0000
    endloop
  endfacet
  facet normal -0.000000 0.000000 -1.000000
    outer loop
      vertex 71.9000 36.7961 2.4000
      vertex 70.1832 36.6148 2.4000
      vertex 68.2357 37.1170 2.4000
    endloop
  endfacet
  facet normal 0.000000 0.000000 1.000000
    outer loop
      vertex 68.2357 37.1170 0.0000
      vertex 70.1832 36.6148 0.0000
      vertex 71.9000 36.7961 0.0000
    endloop
  endfacet
  facet normal 0.000000 0.000000 -1.000000
    outer loop
      vertex 71.9000 36.7961 2.4000
      vertex 70.1850 36.6144 2.4000
      vertex 70.1832 36.6148 2.4000
    endloop
  endfacet
  facet normal -0.000000 0.000000 1.000000
    outer loop
      vertex 70.1832 36.6148 0.0000
      vertex 70.1850 36.6144 0.0000
      vertex 71.9000 36.7961 0.0000
    endloop
  endfacet
  facet normal 0.000000 0.000000 -1.000000
    outer loop
      vertex 71.9000 36.7961 2.4000
      vertex 71.2663 36.3143 2.4000
      vertex 70.1850 36.6144 2.4000
    endloop
  endfacet
  facet normal -0.000000 0.000000 1.000000
    outer loop
      vertex 70.1850 36.6144 0.0000
      vertex 71.2663 36.3143 0.0000
      vertex 71.9000 36.7961 0.0000
    endloop
  endfacet
  facet normal 0.000000 0.000000 -1.000000
    outer loop
      vertex 71.9000 36.7961 2.4000
      vertex 71.8828 36.6661 2.4000
      vertex 71.2663 36.3143 2.4000
    endloop
  endfacet
  facet normal 0.000000 0.000000 1.000000
    outer loop
      vertex 71.2663 36.3143 0.0000
      vertex 71.8828 36.6661 0.0000
      vertex 71.9000 36.7961 0.0000
    endloop
  endfacet
  facet normal 0.000000 0.000000 -1.000000
    outer loop
      vertex 71.9000 36.7961 2.4000
      vertex 71.8957 36.7305 2.4000
      vertex 71.8828 36.6661 2.4000
    endloop
  endfacet
  facet normal 0.000000 0.000000 1.000000
    outer loop
      vertex 71.8828 36.6661 0.0000
      vertex 71.8957 36.7305 0.0000
      vertex 71.9000 36.7961 0.0000
    endloop
  endfacet
  facet normal 0.000000 0.000000 -1.000000
    outer loop
      vertex 71.2663 36.3143 2.4000
      vertex 71.3962 36.2961 2.4000
      vertex 71.3307 36.3009 2.4000
    endloop
  endfacet
  facet normal -0.000000 -0.000000 1.000000
    outer loop
      vertex 71.3307 36.3009 0.0000
      vertex 71.3962 36.2961 0.0000
      vertex 71.2663 36.3143 0.0000
    endloop
  endfacet
  facet normal 0.000000 0.000000 -1.000000
    outer loop
      vertex 55.6185 32.2304 2.4000
      vertex 57.5079 35.9609 2.4000
      vertex 56.8121 32.6544 2.4000
    endloop
  endfacet
  facet normal 0.000000 -0.000000 1.000000
    outer loop
      vertex 56.8121 32.6544 0.0000
      vertex 57.5079 35.9609 0.0000
      vertex 55.6185 32.2304 0.0000
    endloop
  endfacet
  facet normal 0.000000 0.000000 -1.000000
    outer loop
      vertex 57.5079 35.9609 2.4000
      vertex 56.9719 32.7475 2.4000
      vertex 56.8121 32.6544 2.4000
    endloop
  endfacet
  facet normal 0.000000 0.000000 1.000000
    outer loop
      vertex 56.8121 32.6544 0.0000
      vertex 56.9719 32.7475 0.0000
      vertex 57.5079 35.9609 0.0000
    endloop
  endfacet
  facet normal 0.000000 -0.000000 -1.000000
    outer loop
      vertex 57.5079 35.9609 2.4000
      vertex 58.0118 34.6855 2.4000
      vertex 56.9719 32.7475 2.4000
    endloop
  endfacet
  facet normal 0.000000 0.000000 1.000000
    outer loop
      vertex 56.9719 32.7475 0.0000
      vertex 58.0118 34.6855 0.0000
      vertex 57.5079 35.9609 0.0000
    endloop
  endfacet
  facet normal 0.000000 0.000000 -1.000000
    outer loop
      vertex 58.0118 34.6855 2.4000
      vertex 57.6800 33.3603 2.4000
      vertex 56.9719 32.7475 2.4000
    endloop
  endfacet
  facet normal 0.000000 0.000000 1.000000
    outer loop
      vertex 56.9719 32.7475 0.0000
      vertex 57.6800 33.3603 0.0000
      vertex 58.0118 34.6855 0.0000
    endloop
  endfacet
  facet normal 0.000000 0.000000 -1.000000
    outer loop
      vertex 58.0118 34.6855 2.4000
      vertex 57.8375 33.6153 2.4000
      vertex 57.6800 33.3603 2.4000
    endloop
  endfacet
  facet normal 0.000000 0.000000 1.000000
    outer loop
      vertex 57.6800 33.3603 0.0000
      vertex 57.8375 33.6153 0.0000
      vertex 58.0118 34.6855 0.0000
    endloop
  endfacet
  facet normal 0.000000 -0.000000 -1.000000
    outer loop
      vertex 58.0118 34.6855 2.4000
      vertex 58.0314 34.3787 2.4000
      vertex 57.8375 33.6153 2.4000
    endloop
  endfacet
  facet normal 0.000000 0.000000 1.000000
    outer loop
      vertex 57.8375 33.6153 0.0000
      vertex 58.0314 34.3787 0.0000
      vertex 58.0118 34.6855 0.0000
    endloop
  endfacet
  facet normal 0.000000 0.000000 -1.000000
    outer loop
      vertex 58.0118 34.6855 2.4000
      vertex 58.0310 34.6261 2.4000
      vertex 58.0314 34.3787 2.4000
    endloop
  endfacet
  facet normal 0.000000 0.000000 1.000000
    outer loop
      vertex 58.0314 34.3787 0.0000
      vertex 58.0310 34.6261 0.0000
      vertex 58.0118 34.6855 0.0000
    endloop
  endfacet
  facet normal 0.000000 0.000000 -1.000000
    outer loop
      vertex 58.0310 34.6261 2.4000
      vertex 58.0428 34.5648 2.4000
      vertex 58.0314 34.3787 2.4000
    endloop
  endfacet
  facet normal 0.000000 -0.000000 1.000000
    outer loop
      vertex 58.0314 34.3787 0.0000
      vertex 58.0428 34.5648 0.0000
      vertex 58.0310 34.6261 0.0000
    endloop
  endfacet
  facet normal 0.000000 -0.000000 -1.000000
    outer loop
      vertex 58.0428 34.5648 2.4000
      vertex 58.0429 34.4401 2.4000
      vertex 58.0314 34.3787 2.4000
    endloop
  endfacet
  facet normal 0.000000 0.000000 1.000000
    outer loop
      vertex 58.0314 34.3787 0.0000
      vertex 58.0429 34.4401 0.0000
      vertex 58.0428 34.5648 0.0000
    endloop
  endfacet
  facet normal 0.000000 0.000000 -1.000000
    outer loop
      vertex 58.0428 34.5648 2.4000
      vertex 58.0467 34.5025 2.4000
      vertex 58.0429 34.4401 2.4000
    endloop
  endfacet
  facet normal 0.000000 -0.000000 1.000000
    outer loop
      vertex 58.0429 34.4401 0.0000
      vertex 58.0467 34.5025 0.0000
      vertex 58.0428 34.5648 0.0000
    endloop
  endfacet
  facet normal 0.000000 0.000000 -1.000000
    outer loop
      vertex 57.8375 33.6153 2.4000
      vertex 57.7235 33.4028 2.4000
      vertex 57.6800 33.3603 2.4000
    endloop
  endfacet
  facet normal 0.000000 0.000000 1.000000
    outer loop
      vertex 57.6800 33.3603 0.0000
      vertex 57.7235 33.4028 0.0000
      vertex 57.8375 33.6153 0.0000
    endloop
  endfacet
  facet normal 0.000000 0.000000 -1.000000
    outer loop
      vertex 57.8375 33.6153 2.4000
      vertex 57.7935 33.5021 2.4000
      vertex 57.7235 33.4028 2.4000
    endloop
  endfacet
  facet normal 0.000000 0.000000 1.000000
    outer loop
      vertex 57.7235 33.4028 0.0000
      vertex 57.7935 33.5021 0.0000
      vertex 57.8375 33.6153 0.0000
    endloop
  endfacet
  facet normal 0.000000 0.000000 -1.000000
    outer loop
      vertex 57.8375 33.6153 2.4000
      vertex 57.8189 33.5573 2.4000
      vertex 57.7935 33.5021 2.4000
    endloop
  endfacet
  facet normal 0.000000 0.000000 1.000000
    outer loop
      vertex 57.7935 33.5021 0.0000
      vertex 57.8189 33.5573 0.0000
      vertex 57.8375 33.6153 0.0000
    endloop
  endfacet
  facet normal 0.000000 0.000000 -1.000000
    outer loop
      vertex 57.7935 33.5021 2.4000
      vertex 57.7615 33.4503 2.4000
      vertex 57.7235 33.4028 2.4000
    endloop
  endfacet
  facet normal 0.000000 0.000000 1.000000
    outer loop
      vertex 57.7235 33.4028 0.0000
      vertex 57.7615 33.4503 0.0000
      vertex 57.7935 33.5021 0.0000
    endloop
  endfacet
  facet normal 0.000000 0.000000 -1.000000
    outer loop
      vertex 56.9719 32.7475 2.4000
      vertex 56.8691 32.6788 2.4000
      vertex 56.8121 32.6544 2.4000
    endloop
  endfacet
  facet normal 0.000000 0.000000 1.000000
    outer loop
      vertex 56.8121 32.6544 0.0000
      vertex 56.8691 32.6788 0.0000
      vertex 56.9719 32.7475 0.0000
    endloop
  endfacet
  facet normal 0.000000 0.000000 -1.000000
    outer loop
      vertex 56.9719 32.7475 2.4000
      vertex 56.9227 32.7099 2.4000
      vertex 56.8691 32.6788 2.4000
    endloop
  endfacet
  facet normal 0.000000 0.000000 1.000000
    outer loop
      vertex 56.8691 32.6788 0.0000
      vertex 56.9227 32.7099 0.0000
      vertex 56.9719 32.7475 0.0000
    endloop
  endfacet
  facet normal 0.000000 0.000000 -1.000000
    outer loop
      vertex 57.0369 37.2710 2.4000
      vertex 50.9656 37.2789 2.4000
      vertex 57.0344 37.2789 2.4000
    endloop
  endfacet
  facet normal 0.000000 0.000000 1.000000
    outer loop
      vertex 57.0344 37.2789 0.0000
      vertex 50.9656 37.2789 0.0000
      vertex 57.0369 37.2710 0.0000
    endloop
  endfacet
  facet normal 0.000000 0.000000 -1.000000
    outer loop
      vertex 57.0369 37.2710 2.4000
      vertex 50.9631 37.2710 2.4000
      vertex 50.9656 37.2789 2.4000
    endloop
  endfacet
  facet normal 0.000000 0.000000 1.000000
    outer loop
      vertex 50.9656 37.2789 0.0000
      vertex 50.9631 37.2710 0.0000
      vertex 57.0369 37.2710 0.0000
    endloop
  endfacet
  facet normal 0.000000 -0.000000 -1.000000
    outer loop
      vertex 50.4923 35.9614 2.4000
      vertex 51.0281 32.7475 2.4000
      vertex 49.9882 34.6855 2.4000
    endloop
  endfacet
  facet normal -0.000000 0.000000 1.000000
    outer loop
      vertex 49.9882 34.6855 0.0000
      vertex 51.0281 32.7475 0.0000
      vertex 50.4923 35.9614 0.0000
    endloop
  endfacet
  facet normal 0.000000 0.000000 -1.000000
    outer loop
      vertex 50.4923 35.9614 2.4000
      vertex 51.1879 32.6544 2.4000
      vertex 51.0281 32.7475 2.4000
    endloop
  endfacet
  facet normal -0.000000 -0.000000 1.000000
    outer loop
      vertex 51.0281 32.7475 0.0000
      vertex 51.1879 32.6544 0.0000
      vertex 50.4923 35.9614 0.0000
    endloop
  endfacet
  facet normal 0.000000 0.000000 -1.000000
    outer loop
      vertex 50.4923 35.9614 2.4000
      vertex 52.3815 32.2304 2.4000
      vertex 51.1879 32.6544 2.4000
    endloop
  endfacet
  facet normal -0.000000 -0.000000 1.000000
    outer loop
      vertex 51.1879 32.6544 0.0000
      vertex 52.3815 32.2304 0.0000
      vertex 50.4923 35.9614 0.0000
    endloop
  endfacet
  facet normal 0.000000 0.000000 -1.000000
    outer loop
      vertex 36.4139 36.2433 2.4000
      vertex 36.5432 36.2614 2.4000
      vertex 36.4791 36.2481 2.4000
    endloop
  endfacet
  facet normal 0.000000 -0.000000 1.000000
    outer loop
      vertex 36.4791 36.2481 0.0000
      vertex 36.5432 36.2614 0.0000
      vertex 36.4139 36.2433 0.0000
    endloop
  endfacet
  facet normal 0.000000 0.000000 -1.000000
    outer loop
      vertex 42.0861 37.6533 2.4000
      vertex 38.6170 50.0154 2.4000
      vertex 42.0890 37.6538 2.4000
    endloop
  endfacet
  facet normal 0.000000 0.000000 1.000000
    outer loop
      vertex 42.0890 37.6538 0.0000
      vertex 38.6170 50.0154 0.0000
      vertex 42.0861 37.6533 0.0000
    endloop
  endfacet
  facet normal 0.000000 0.000000 -1.000000
    outer loop
      vertex 38.6170 50.0154 2.4000
      vertex 38.6335 50.0218 2.4000
      vertex 42.0890 37.6538 2.4000
    endloop
  endfacet
  facet normal 0.000000 0.000000 1.000000
    outer loop
      vertex 42.0890 37.6538 0.0000
      vertex 38.6335 50.0218 0.0000
      vertex 38.6170 50.0154 0.0000
    endloop
  endfacet
  facet normal -0.000000 0.000000 -1.000000
    outer loop
      vertex 35.9720 50.3036 2.4000
      vertex 33.7317 48.9264 2.4000
      vertex 35.9574 50.3091 2.4000
    endloop
  endfacet
  facet normal 0.000000 0.000000 1.000000
    outer loop
      vertex 35.9574 50.3091 0.0000
      vertex 33.7317 48.9264 0.0000
      vertex 35.9720 50.3036 0.0000
    endloop
  endfacet
  facet normal 0.000000 0.000000 -1.000000
    outer loop
      vertex 33.7317 48.9264 2.4000
      vertex 33.9774 50.0498 2.4000
      vertex 35.9574 50.3091 2.4000
    endloop
  endfacet
  facet normal 0.000000 0.000000 1.000000
    outer loop
      vertex 35.9574 50.3091 0.0000
      vertex 33.9774 50.0498 0.0000
      vertex 33.7317 48.9264 0.0000
    endloop
  endfacet
  facet normal 0.000000 0.000000 -1.000000
    outer loop
      vertex 33.7317 59.0736 2.4000
      vertex 35.9574 57.6909 2.4000
      vertex 33.9774 57.9502 2.4000
    endloop
  endfacet
  facet normal -0.000000 -0.000000 1.000000
    outer loop
      vertex 33.9774 57.9502 0.0000
      vertex 35.9574 57.6909 0.0000
      vertex 33.7317 59.0736 0.0000
    endloop
  endfacet
  facet normal 0.000000 0.000000 -1.000000
    outer loop
      vertex 33.7317 59.0736 2.4000
      vertex 35.9720 57.6964 2.4000
      vertex 35.9574 57.6909 2.4000
    endloop
  endfacet
  facet normal 0.000000 -0.000000 1.000000
    outer loop
      vertex 35.9574 57.6909 0.0000
      vertex 35.9720 57.6964 0.0000
      vertex 33.7317 59.0736 0.0000
    endloop
  endfacet
  facet normal -0.000000 0.000000 -1.000000
    outer loop
      vertex 35.9574 57.6909 2.4000
      vertex 34.9630 57.3336 2.4000
      vertex 33.9774 57.9502 2.4000
    endloop
  endfacet
  facet normal 0.000000 0.000000 1.000000
    outer loop
      vertex 33.9774 57.9502 0.0000
      vertex 34.9630 57.3336 0.0000
      vertex 35.9574 57.6909 0.0000
    endloop
  endfacet
  facet normal 0.000000 0.000000 -1.000000
    outer loop
      vertex 40.1488 54.0165 2.4000
      vertex 59.1020 38.4790 2.4000
      vertex 40.1494 54.0097 2.4000
    endloop
  endfacet
  facet normal -0.000000 -0.000000 1.000000
    outer loop
      vertex 40.1494 54.0097 0.0000
      vertex 59.1020 38.4790 0.0000
      vertex 40.1488 54.0165 0.0000
    endloop
  endfacet
  facet normal -0.000000 0.000000 -1.000000
    outer loop
      vertex 59.1020 38.4790 2.4000
      vertex 59.0941 38.4775 2.4000
      vertex 40.1494 54.0097 2.4000
    endloop
  endfacet
  facet normal 0.000000 0.000000 1.000000
    outer loop
      vertex 40.1494 54.0097 0.0000
      vertex 59.0941 38.4775 0.0000
      vertex 59.1020 38.4790 0.0000
    endloop
  endfacet
  facet normal 0.000000 0.000000 -1.000000
    outer loop
      vertex 59.0941 38.4775 2.4000
      vertex 40.1494 53.9903 2.4000
      vertex 40.1494 54.0097 2.4000
    endloop
  endfacet
  facet normal 0.000000 0.000000 1.000000
    outer loop
      vertex 40.1494 54.0097 0.0000
      vertex 40.1494 53.9903 0.0000
      vertex 59.0941 38.4775 0.0000
    endloop
  endfacet
  facet normal -0.000000 0.000000 -1.000000
    outer loop
      vertex 59.0941 38.4775 2.4000
      vertex 57.7024 38.1732 2.4000
      vertex 40.1494 53.9903 2.4000
    endloop
  endfacet
  facet normal 0.000000 0.000000 1.000000
    outer loop
      vertex 40.1494 53.9903 0.0000
      vertex 57.7024 38.1732 0.0000
      vertex 59.0941 38.4775 0.0000
    endloop
  endfacet
  facet normal 0.000000 0.000000 -1.000000
    outer loop
      vertex 57.7024 38.1732 2.4000
      vertex 40.1488 53.9835 2.4000
      vertex 40.1494 53.9903 2.4000
    endloop
  endfacet
  facet normal 0.000000 0.000000 1.000000
    outer loop
      vertex 40.1494 53.9903 0.0000
      vertex 40.1488 53.9835 0.0000
      vertex 57.7024 38.1732 0.0000
    endloop
  endfacet
  facet normal -0.000000 0.000000 -1.000000
    outer loop
      vertex 57.7024 38.1732 2.4000
      vertex 57.6934 38.1709 2.4000
      vertex 40.1488 53.9835 2.4000
    endloop
  endfacet
  facet normal 0.000000 0.000000 1.000000
    outer loop
      vertex 40.1488 53.9835 0.0000
      vertex 57.6934 38.1709 0.0000
      vertex 57.7024 38.1732 0.0000
    endloop
  endfacet
  facet normal -0.000000 0.000000 -1.000000
    outer loop
      vertex 57.6307 38.1277 2.4000
      vertex 50.3693 38.1277 2.4000
      vertex 57.6366 38.1349 2.4000
    endloop
  endfacet
  facet normal 0.000000 0.000000 1.000000
    outer loop
      vertex 57.6366 38.1349 0.0000
      vertex 50.3693 38.1277 0.0000
      vertex 57.6307 38.1277 0.0000
    endloop
  endfacet
  facet normal 0.000000 0.000000 -1.000000
    outer loop
      vertex 57.6307 38.1277 2.4000
      vertex 50.9460 37.3794 2.4000
      vertex 50.3693 38.1277 2.4000
    endloop
  endfacet
  facet normal -0.000000 0.000000 1.000000
    outer loop
      vertex 50.3693 38.1277 0.0000
      vertex 50.9460 37.3794 0.0000
      vertex 57.6307 38.1277 0.0000
    endloop
  endfacet
  facet normal 0.000000 0.000000 -1.000000
    outer loop
      vertex 57.6307 38.1277 2.4000
      vertex 57.0540 37.3794 2.4000
      vertex 50.9460 37.3794 2.4000
    endloop
  endfacet
  facet normal -0.000000 0.000000 1.000000
    outer loop
      vertex 50.9460 37.3794 0.0000
      vertex 57.0540 37.3794 0.0000
      vertex 57.6307 38.1277 0.0000
    endloop
  endfacet
  facet normal -0.000000 0.000000 -1.000000
    outer loop
      vertex 57.0540 37.3794 2.4000
      vertex 50.9509 37.3727 2.4000
      vertex 50.9460 37.3794 2.4000
    endloop
  endfacet
  facet normal 0.000000 0.000000 1.000000
    outer loop
      vertex 50.9460 37.3794 0.0000
      vertex 50.9509 37.3727 0.0000
      vertex 57.0540 37.3794 0.0000
    endloop
  endfacet
  facet normal 0.000000 0.000000 -1.000000
    outer loop
      vertex 57.0540 37.3794 2.4000
      vertex 57.0491 37.3727 2.4000
      vertex 50.9509 37.3727 2.4000
    endloop
  endfacet
  facet normal 0.000000 0.000000 1.000000
    outer loop
      vertex 50.9509 37.3727 0.0000
      vertex 57.0491 37.3727 0.0000
      vertex 57.0540 37.3794 0.0000
    endloop
  endfacet
  facet normal 0.000000 0.000000 -1.000000
    outer loop
      vertex 57.0344 37.2789 2.4000
      vertex 50.9656 37.2789 2.4000
      vertex 57.0304 37.2967 2.4000
    endloop
  endfacet
  facet normal 0.000000 0.000000 1.000000
    outer loop
      vertex 57.0304 37.2967 0.0000
      vertex 50.9656 37.2789 0.0000
      vertex 57.0344 37.2789 0.0000
    endloop
  endfacet
  facet normal 0.000000 0.000000 -1.000000
    outer loop
      vertex 50.9656 37.2789 2.4000
      vertex 50.9696 37.2967 2.4000
      vertex 57.0304 37.2967 2.4000
    endloop
  endfacet
  facet normal 0.000000 0.000000 1.000000
    outer loop
      vertex 57.0304 37.2967 0.0000
      vertex 50.9696 37.2967 0.0000
      vertex 50.9656 37.2789 0.0000
    endloop
  endfacet
  facet normal 0.000000 0.000000 -1.000000
    outer loop
      vertex 50.9509 37.3727 2.4000
      vertex 57.0491 37.3727 2.4000
      vertex 50.9601 37.3570 2.4000
    endloop
  endfacet
  facet normal 0.000000 -0.000000 1.000000
    outer loop
      vertex 50.9601 37.3570 0.0000
      vertex 57.0491 37.3727 0.0000
      vertex 50.9509 37.3727 0.0000
    endloop
  endfacet
  facet normal 0.000000 0.000000 -1.000000
    outer loop
      vertex 57.0491 37.3727 2.4000
      vertex 57.0399 37.3570 2.4000
      vertex 50.9601 37.3570 2.4000
    endloop
  endfacet
  facet normal -0.000000 0.000000 1.000000
    outer loop
      vertex 50.9601 37.3570 0.0000
      vertex 57.0399 37.3570 0.0000
      vertex 57.0491 37.3727 0.0000
    endloop
  endfacet
  facet normal -0.000000 0.000000 -1.000000
    outer loop
      vertex 57.0399 37.3570 2.4000
      vertex 57.0350 37.3456 2.4000
      vertex 50.9601 37.3570 2.4000
    endloop
  endfacet
  facet normal 0.000000 0.000000 1.000000
    outer loop
      vertex 50.9601 37.3570 0.0000
      vertex 57.0350 37.3456 0.0000
      vertex 57.0399 37.3570 0.0000
    endloop
  endfacet
  facet normal 0.000000 0.000000 -1.000000
    outer loop
      vertex 57.0304 37.2967 2.4000
      vertex 50.9696 37.2967 2.4000
      vertex 57.0292 37.3090 2.4000
    endloop
  endfacet
  facet normal 0.000000 0.000000 1.000000
    outer loop
      vertex 57.0292 37.3090 0.0000
      vertex 50.9696 37.2967 0.0000
      vertex 57.0304 37.2967 0.0000
    endloop
  endfacet
  facet normal 0.000000 0.000000 -1.000000
    outer loop
      vertex 50.9696 37.2967 2.4000
      vertex 50.9708 37.3090 2.4000
      vertex 57.0292 37.3090 2.4000
    endloop
  endfacet
  facet normal 0.000000 0.000000 1.000000
    outer loop
      vertex 57.0292 37.3090 0.0000
      vertex 50.9708 37.3090 0.0000
      vertex 50.9696 37.2967 0.0000
    endloop
  endfacet
  facet normal 0.000000 0.000000 -1.000000
    outer loop
      vertex 50.9601 37.3570 2.4000
      vertex 57.0350 37.3456 2.4000
      vertex 50.9650 37.3456 2.4000
    endloop
  endfacet
  facet normal -0.000000 -0.000000 1.000000
    outer loop
      vertex 50.9650 37.3456 0.0000
      vertex 57.0350 37.3456 0.0000
      vertex 50.9601 37.3570 0.0000
    endloop
  endfacet
  facet normal -0.000000 0.000000 -1.000000
    outer loop
      vertex 57.0350 37.3456 2.4000
      vertex 57.0315 37.3337 2.4000
      vertex 50.9650 37.3456 2.4000
    endloop
  endfacet
  facet normal 0.000000 0.000000 1.000000
    outer loop
      vertex 50.9650 37.3456 0.0000
      vertex 57.0315 37.3337 0.0000
      vertex 57.0350 37.3456 0.0000
    endloop
  endfacet
  facet normal 0.000000 0.000000 -1.000000
    outer loop
      vertex 57.0315 37.3337 2.4000
      vertex 50.9685 37.3337 2.4000
      vertex 50.9650 37.3456 2.4000
    endloop
  endfacet
  facet normal 0.000000 0.000000 1.000000
    outer loop
      vertex 50.9650 37.3456 0.0000
      vertex 50.9685 37.3337 0.0000
      vertex 57.0315 37.3337 0.0000
    endloop
  endfacet
  facet normal -0.000000 0.000000 -1.000000
    outer loop
      vertex 57.0315 37.3337 2.4000
      vertex 57.0296 37.3214 2.4000
      vertex 50.9685 37.3337 2.4000
    endloop
  endfacet
  facet normal 0.000000 0.000000 1.000000
    outer loop
      vertex 50.9685 37.3337 0.0000
      vertex 57.0296 37.3214 0.0000
      vertex 57.0315 37.3337 0.0000
    endloop
  endfacet
  facet normal 0.000000 0.000000 -1.000000
    outer loop
      vertex 57.0296 37.3214 2.4000
      vertex 50.9704 37.3214 2.4000
      vertex 50.9685 37.3337 2.4000
    endloop
  endfacet
  facet normal 0.000000 0.000000 1.000000
    outer loop
      vertex 50.9685 37.3337 0.0000
      vertex 50.9704 37.3214 0.0000
      vertex 57.0296 37.3214 0.0000
    endloop
  endfacet
  facet normal -0.000000 0.000000 -1.000000
    outer loop
      vertex 57.0296 37.3214 2.4000
      vertex 57.0292 37.3090 2.4000
      vertex 50.9704 37.3214 2.4000
    endloop
  endfacet
  facet normal 0.000000 0.000000 1.000000
    outer loop
      vertex 50.9704 37.3214 0.0000
      vertex 57.0292 37.3090 0.0000
      vertex 57.0296 37.3214 0.0000
    endloop
  endfacet
  facet normal 0.000000 0.000000 -1.000000
    outer loop
      vertex 57.0292 37.3090 2.4000
      vertex 50.9708 37.3090 2.4000
      vertex 50.9704 37.3214 2.4000
    endloop
  endfacet
  facet normal 0.000000 0.000000 1.000000
    outer loop
      vertex 50.9704 37.3214 0.0000
      vertex 50.9708 37.3090 0.0000
      vertex 57.0292 37.3090 0.0000
    endloop
  endfacet
  facet normal 0.000000 0.000000 -1.000000
    outer loop
      vertex 50.3693 38.1277 2.4000
      vertex 50.3634 38.1349 2.4000
      vertex 57.6366 38.1349 2.4000
    endloop
  endfacet
  facet normal 0.000000 0.000000 1.000000
    outer loop
      vertex 57.6366 38.1349 0.0000
      vertex 50.3634 38.1349 0.0000
      vertex 50.3693 38.1277 0.0000
    endloop
  endfacet
  facet normal 0.000000 0.000000 -1.000000
    outer loop
      vertex 50.2976 38.1732 2.4000
      vertex 39.9882 52.4133 2.4000
      vertex 50.3066 38.1709 2.4000
    endloop
  endfacet
  facet normal 0.000000 0.000000 1.000000
    outer loop
      vertex 50.3066 38.1709 0.0000
      vertex 39.9882 52.4133 0.0000
      vertex 50.2976 38.1732 0.0000
    endloop
  endfacet
  facet normal 0.000000 0.000000 -1.000000
    outer loop
      vertex 50.2976 38.1732 2.4000
      vertex 39.9872 52.4054 2.4000
      vertex 39.9882 52.4133 2.4000
    endloop
  endfacet
  facet normal 0.000000 0.000000 1.000000
    outer loop
      vertex 39.9882 52.4133 0.0000
      vertex 39.9872 52.4054 0.0000
      vertex 50.2976 38.1732 0.0000
    endloop
  endfacet
  facet normal 0.000000 0.000000 -1.000000
    outer loop
      vertex 50.2976 38.1732 2.4000
      vertex 48.9059 38.4775 2.4000
      vertex 39.9872 52.4054 2.4000
    endloop
  endfacet
  facet normal 0.000000 0.000000 1.000000
    outer loop
      vertex 39.9872 52.4054 0.0000
      vertex 48.9059 38.4775 0.0000
      vertex 50.2976 38.1732 0.0000
    endloop
  endfacet
  facet normal 0.000000 0.000000 -1.000000
    outer loop
      vertex 48.9059 38.4775 2.4000
      vertex 39.9822 52.3831 2.4000
      vertex 39.9872 52.4054 2.4000
    endloop
  endfacet
  facet normal 0.000000 0.000000 1.000000
    outer loop
      vertex 39.9872 52.4054 0.0000
      vertex 39.9822 52.3831 0.0000
      vertex 48.9059 38.4775 0.0000
    endloop
  endfacet
  facet normal 0.000000 0.000000 -1.000000
    outer loop
      vertex 48.9059 38.4775 2.4000
      vertex 48.8980 38.4790 2.4000
      vertex 39.9822 52.3831 2.4000
    endloop
  endfacet
  facet normal 0.000000 0.000000 1.000000
    outer loop
      vertex 39.9822 52.3831 0.0000
      vertex 48.8980 38.4790 0.0000
      vertex 48.9059 38.4775 0.0000
    endloop
  endfacet
  facet normal 0.000000 0.000000 -1.000000
    outer loop
      vertex 48.8673 38.4812 2.4000
      vertex 39.4988 51.0218 2.4000
      vertex 48.8752 38.4811 2.4000
    endloop
  endfacet
  facet normal 0.000000 0.000000 1.000000
    outer loop
      vertex 48.8752 38.4811 0.0000
      vertex 39.4988 51.0218 0.0000
      vertex 48.8673 38.4812 0.0000
    endloop
  endfacet
  facet normal 0.000000 0.000000 -1.000000
    outer loop
      vertex 48.8673 38.4812 2.4000
      vertex 39.4958 51.0141 2.4000
      vertex 39.4988 51.0218 2.4000
    endloop
  endfacet
  facet normal 0.000000 0.000000 1.000000
    outer loop
      vertex 39.4988 51.0218 0.0000
      vertex 39.4958 51.0141 0.0000
      vertex 48.8673 38.4812 0.0000
    endloop
  endfacet
  facet normal -0.000000 0.000000 -1.000000
    outer loop
      vertex 48.8673 38.4812 2.4000
      vertex 46.8906 38.4329 2.4000
      vertex 39.4958 51.0141 2.4000
    endloop
  endfacet
  facet normal 0.000000 0.000000 1.000000
    outer loop
      vertex 39.4958 51.0141 0.0000
      vertex 46.8906 38.4329 0.0000
      vertex 48.8673 38.4812 0.0000
    endloop
  endfacet
  facet normal 0.000000 0.000000 -1.000000
    outer loop
      vertex 49.9882 34.6855 2.4000
      vertex 49.9572 34.5648 2.4000
      vertex 49.9690 34.6261 2.4000
    endloop
  endfacet
  facet normal -0.000000 0.000000 1.000000
    outer loop
      vertex 49.9690 34.6261 0.0000
      vertex 49.9572 34.5648 0.0000
      vertex 49.9882 34.6855 0.0000
    endloop
  endfacet
  facet normal 0.000000 0.000000 -1.000000
    outer loop
      vertex 49.9882 34.6855 2.4000
      vertex 49.9686 34.3787 2.4000
      vertex 49.9572 34.5648 2.4000
    endloop
  endfacet
  facet normal -0.000000 0.000000 1.000000
    outer loop
      vertex 49.9572 34.5648 0.0000
      vertex 49.9686 34.3787 0.0000
      vertex 49.9882 34.6855 0.0000
    endloop
  endfacet
  facet normal 0.000000 -0.000000 -1.000000
    outer loop
      vertex 49.9882 34.6855 2.4000
      vertex 50.1625 33.6153 2.4000
      vertex 49.9686 34.3787 2.4000
    endloop
  endfacet
  facet normal -0.000000 0.000000 1.000000
    outer loop
      vertex 49.9686 34.3787 0.0000
      vertex 50.1625 33.6153 0.0000
      vertex 49.9882 34.6855 0.0000
    endloop
  endfacet
  facet normal 0.000000 0.000000 -1.000000
    outer loop
      vertex 49.9882 34.6855 2.4000
      vertex 50.3200 33.3603 2.4000
      vertex 50.1625 33.6153 2.4000
    endloop
  endfacet
  facet normal -0.000000 -0.000000 1.000000
    outer loop
      vertex 50.1625 33.6153 0.0000
      vertex 50.3200 33.3603 0.0000
      vertex 49.9882 34.6855 0.0000
    endloop
  endfacet
  facet normal 0.000000 0.000000 -1.000000
    outer loop
      vertex 49.9882 34.6855 2.4000
      vertex 51.0281 32.7475 2.4000
      vertex 50.3200 33.3603 2.4000
    endloop
  endfacet
  facet normal -0.000000 -0.000000 1.000000
    outer loop
      vertex 50.3200 33.3603 0.0000
      vertex 51.0281 32.7475 0.0000
      vertex 49.9882 34.6855 0.0000
    endloop
  endfacet
  facet normal 0.000000 0.000000 -1.000000
    outer loop
      vertex 50.3200 33.3603 2.4000
      vertex 50.1811 33.5573 2.4000
      vertex 50.1625 33.6153 2.4000
    endloop
  endfacet
  facet normal 0.000000 0.000000 1.000000
    outer loop
      vertex 50.1625 33.6153 0.0000
      vertex 50.1811 33.5573 0.0000
      vertex 50.3200 33.3603 0.0000
    endloop
  endfacet
  facet normal 0.000000 0.000000 -1.000000
    outer loop
      vertex 50.3200 33.3603 2.4000
      vertex 50.2765 33.4028 2.4000
      vertex 50.1811 33.5573 2.4000
    endloop
  endfacet
  facet normal 0.000000 0.000000 1.000000
    outer loop
      vertex 50.1811 33.5573 0.0000
      vertex 50.2765 33.4028 0.0000
      vertex 50.3200 33.3603 0.0000
    endloop
  endfacet
  facet normal 0.000000 0.000000 -1.000000
    outer loop
      vertex 50.2765 33.4028 2.4000
      vertex 50.2385 33.4503 2.4000
      vertex 50.1811 33.5573 2.4000
    endloop
  endfacet
  facet normal 0.000000 0.000000 1.000000
    outer loop
      vertex 50.1811 33.5573 0.0000
      vertex 50.2385 33.4503 0.0000
      vertex 50.2765 33.4028 0.0000
    endloop
  endfacet
  facet normal 0.000000 0.000000 -1.000000
    outer loop
      vertex 50.2385 33.4503 2.4000
      vertex 50.2065 33.5021 2.4000
      vertex 50.1811 33.5573 2.4000
    endloop
  endfacet
  facet normal 0.000000 0.000000 1.000000
    outer loop
      vertex 50.1811 33.5573 0.0000
      vertex 50.2065 33.5021 0.0000
      vertex 50.2385 33.4503 0.0000
    endloop
  endfacet
  facet normal 0.000000 0.000000 -1.000000
    outer loop
      vertex 42.0890 37.6538 2.4000
      vertex 38.6441 50.0275 2.4000
      vertex 44.5275 38.1225 2.4000
    endloop
  endfacet
  facet normal 0.000000 0.000000 1.000000
    outer loop
      vertex 44.5275 38.1225 0.0000
      vertex 38.6441 50.0275 0.0000
      vertex 42.0890 37.6538 0.0000
    endloop
  endfacet
  facet normal 0.000000 0.000000 -1.000000
    outer loop
      vertex 42.0890 37.6538 2.4000
      vertex 38.6335 50.0218 2.4000
      vertex 38.6441 50.0275 2.4000
    endloop
  endfacet
  facet normal 0.000000 0.000000 1.000000
    outer loop
      vertex 38.6441 50.0275 0.0000
      vertex 38.6335 50.0218 0.0000
      vertex 42.0890 37.6538 0.0000
    endloop
  endfacet
  facet normal 0.000000 -0.000000 -1.000000
    outer loop
      vertex 38.6540 50.0345 2.4000
      vertex 44.5275 38.1225 2.4000
      vertex 38.6441 50.0275 2.4000
    endloop
  endfacet
  facet normal -0.000000 0.000000 1.000000
    outer loop
      vertex 38.6441 50.0275 0.0000
      vertex 44.5275 38.1225 0.0000
      vertex 38.6540 50.0345 0.0000
    endloop
  endfacet
  facet normal 0.000000 0.000000 -1.000000
    outer loop
      vertex 38.6540 50.0345 2.4000
      vertex 38.6671 50.0464 2.4000
      vertex 44.5275 38.1225 2.4000
    endloop
  endfacet
  facet normal 0.000000 0.000000 1.000000
    outer loop
      vertex 44.5275 38.1225 0.0000
      vertex 38.6671 50.0464 0.0000
      vertex 38.6540 50.0345 0.0000
    endloop
  endfacet
  facet normal 0.000000 0.000000 -1.000000
    outer loop
      vertex 38.6671 50.0464 2.4000
      vertex 44.5340 38.1237 2.4000
      vertex 44.5275 38.1225 2.4000
    endloop
  endfacet
  facet normal 0.000000 -0.000000 1.000000
    outer loop
      vertex 44.5275 38.1225 0.0000
      vertex 44.5340 38.1237 0.0000
      vertex 38.6671 50.0464 0.0000
    endloop
  endfacet
  facet normal 0.000000 0.000000 -1.000000
    outer loop
      vertex 38.6671 50.0464 2.4000
      vertex 44.5406 38.1246 2.4000
      vertex 44.5340 38.1237 2.4000
    endloop
  endfacet
  facet normal 0.000000 -0.000000 1.000000
    outer loop
      vertex 44.5340 38.1237 0.0000
      vertex 44.5406 38.1246 0.0000
      vertex 38.6671 50.0464 0.0000
    endloop
  endfacet
  facet normal 0.000000 0.000000 -1.000000
    outer loop
      vertex 38.6671 50.0464 2.4000
      vertex 38.6726 50.0523 2.4000
      vertex 44.5406 38.1246 2.4000
    endloop
  endfacet
  facet normal 0.000000 0.000000 1.000000
    outer loop
      vertex 44.5406 38.1246 0.0000
      vertex 38.6726 50.0523 0.0000
      vertex 38.6671 50.0464 0.0000
    endloop
  endfacet
  facet normal 0.000000 0.000000 -1.000000
    outer loop
      vertex 38.6726 50.0523 2.4000
      vertex 39.4725 50.9767 2.4000
      vertex 44.5406 38.1246 2.4000
    endloop
  endfacet
  facet normal 0.000000 0.000000 1.000000
    outer loop
      vertex 44.5406 38.1246 0.0000
      vertex 39.4725 50.9767 0.0000
      vertex 38.6726 50.0523 0.0000
    endloop
  endfacet
  facet normal 0.000000 0.000000 -1.000000
    outer loop
      vertex 39.4725 50.9767 2.4000
      vertex 46.8667 38.4311 2.4000
      vertex 44.5406 38.1246 2.4000
    endloop
  endfacet
  facet normal 0.000000 -0.000000 1.000000
    outer loop
      vertex 44.5406 38.1246 0.0000
      vertex 46.8667 38.4311 0.0000
      vertex 39.4725 50.9767 0.0000
    endloop
  endfacet
  facet normal 0.000000 0.000000 -1.000000
    outer loop
      vertex 39.4725 50.9767 2.4000
      vertex 39.4777 50.9831 2.4000
      vertex 46.8667 38.4311 2.4000
    endloop
  endfacet
  facet normal 0.000000 0.000000 1.000000
    outer loop
      vertex 46.8667 38.4311 0.0000
      vertex 39.4777 50.9831 0.0000
      vertex 39.4725 50.9767 0.0000
    endloop
  endfacet
  facet normal 0.000000 -0.000000 -1.000000
    outer loop
      vertex 39.4958 51.0141 2.4000
      vertex 46.8906 38.4329 2.4000
      vertex 39.4877 50.9981 2.4000
    endloop
  endfacet
  facet normal -0.000000 0.000000 1.000000
    outer loop
      vertex 39.4877 50.9981 0.0000
      vertex 46.8906 38.4329 0.0000
      vertex 39.4958 51.0141 0.0000
    endloop
  endfacet
  facet normal -0.000000 0.000000 -1.000000
    outer loop
      vertex 46.8906 38.4329 2.4000
      vertex 46.8787 38.4323 2.4000
      vertex 39.4877 50.9981 2.4000
    endloop
  endfacet
  facet normal 0.000000 0.000000 1.000000
    outer loop
      vertex 39.4877 50.9981 0.0000
      vertex 46.8787 38.4323 0.0000
      vertex 46.8906 38.4329 0.0000
    endloop
  endfacet
  facet normal 0.000000 -0.000000 -1.000000
    outer loop
      vertex 49.9572 34.5648 2.4000
      vertex 49.9686 34.3787 2.4000
      vertex 49.9533 34.5025 2.4000
    endloop
  endfacet
  facet normal -0.000000 0.000000 1.000000
    outer loop
      vertex 49.9533 34.5025 0.0000
      vertex 49.9686 34.3787 0.0000
      vertex 49.9572 34.5648 0.0000
    endloop
  endfacet
  facet normal 0.000000 0.000000 -1.000000
    outer loop
      vertex 49.9686 34.3787 2.4000
      vertex 49.9571 34.4401 2.4000
      vertex 49.9533 34.5025 2.4000
    endloop
  endfacet
  facet normal 0.000000 0.000000 1.000000
    outer loop
      vertex 49.9533 34.5025 0.0000
      vertex 49.9571 34.4401 0.0000
      vertex 49.9686 34.3787 0.0000
    endloop
  endfacet
  facet normal 0.000000 0.000000 -1.000000
    outer loop
      vertex 46.8667 38.4311 2.4000
      vertex 39.4777 50.9831 2.4000
      vertex 46.8787 38.4323 2.4000
    endloop
  endfacet
  facet normal 0.000000 0.000000 1.000000
    outer loop
      vertex 46.8787 38.4323 0.0000
      vertex 39.4777 50.9831 0.0000
      vertex 46.8667 38.4311 0.0000
    endloop
  endfacet
  facet normal 0.000000 0.000000 -1.000000
    outer loop
      vertex 39.4777 50.9831 2.4000
      vertex 39.4877 50.9981 2.4000
      vertex 46.8787 38.4323 2.4000
    endloop
  endfacet
  facet normal 0.000000 0.000000 1.000000
    outer loop
      vertex 46.8787 38.4323 0.0000
      vertex 39.4877 50.9981 0.0000
      vertex 39.4777 50.9831 0.0000
    endloop
  endfacet
  facet normal 0.000000 0.000000 -1.000000
    outer loop
      vertex 39.4988 51.0218 2.4000
      vertex 39.9797 52.3755 2.4000
      vertex 48.8752 38.4811 2.4000
    endloop
  endfacet
  facet normal 0.000000 0.000000 1.000000
    outer loop
      vertex 48.8752 38.4811 0.0000
      vertex 39.9797 52.3755 0.0000
      vertex 39.4988 51.0218 0.0000
    endloop
  endfacet
  facet normal 0.000000 0.000000 -1.000000
    outer loop
      vertex 39.9797 52.3755 2.4000
      vertex 48.8980 38.4790 2.4000
      vertex 48.8752 38.4811 2.4000
    endloop
  endfacet
  facet normal -0.000000 -0.000000 1.000000
    outer loop
      vertex 48.8752 38.4811 0.0000
      vertex 48.8980 38.4790 0.0000
      vertex 39.9797 52.3755 0.0000
    endloop
  endfacet
  facet normal 0.000000 0.000000 -1.000000
    outer loop
      vertex 39.9797 52.3755 2.4000
      vertex 39.9822 52.3831 2.4000
      vertex 48.8980 38.4790 2.4000
    endloop
  endfacet
  facet normal 0.000000 0.000000 1.000000
    outer loop
      vertex 48.8980 38.4790 0.0000
      vertex 39.9822 52.3831 0.0000
      vertex 39.9797 52.3755 0.0000
    endloop
  endfacet
  facet normal 0.000000 0.000000 -1.000000
    outer loop
      vertex 39.9882 52.4133 2.4000
      vertex 57.6934 38.1709 2.4000
      vertex 50.3066 38.1709 2.4000
    endloop
  endfacet
  facet normal -0.000000 -0.000000 1.000000
    outer loop
      vertex 50.3066 38.1709 0.0000
      vertex 57.6934 38.1709 0.0000
      vertex 39.9882 52.4133 0.0000
    endloop
  endfacet
  facet normal 0.000000 0.000000 -1.000000
    outer loop
      vertex 39.9882 52.4133 2.4000
      vertex 40.1488 53.9835 2.4000
      vertex 57.6934 38.1709 2.4000
    endloop
  endfacet
  facet normal 0.000000 0.000000 1.000000
    outer loop
      vertex 57.6934 38.1709 0.0000
      vertex 40.1488 53.9835 0.0000
      vertex 39.9882 52.4133 0.0000
    endloop
  endfacet
  facet normal -0.000000 0.000000 -1.000000
    outer loop
      vertex 35.9574 50.3091 2.4000
      vertex 33.9774 50.0498 2.4000
      vertex 34.9630 50.6664 2.4000
    endloop
  endfacet
  facet normal 0.000000 0.000000 1.000000
    outer loop
      vertex 34.9630 50.6664 0.0000
      vertex 33.9774 50.0498 0.0000
      vertex 35.9574 50.3091 0.0000
    endloop
  endfacet
  facet normal 0.000000 0.000000 -1.000000
    outer loop
      vertex 33.9774 50.0498 2.4000
      vertex 34.1606 50.3391 2.4000
      vertex 34.9630 50.6664 2.4000
    endloop
  endfacet
  facet normal 0.000000 0.000000 1.000000
    outer loop
      vertex 34.9630 50.6664 0.0000
      vertex 34.1606 50.3391 0.0000
      vertex 33.9774 50.0498 0.0000
    endloop
  endfacet
  facet normal 0.000000 0.000000 -1.000000
    outer loop
      vertex 33.9774 50.0498 2.4000
      vertex 33.9970 50.1169 2.4000
      vertex 34.1606 50.3391 2.4000
    endloop
  endfacet
  facet normal 0.000000 0.000000 1.000000
    outer loop
      vertex 34.1606 50.3391 0.0000
      vertex 33.9970 50.1169 0.0000
      vertex 33.9774 50.0498 0.0000
    endloop
  endfacet
  facet normal 0.000000 0.000000 -1.000000
    outer loop
      vertex 33.9774 57.9502 2.4000
      vertex 34.0258 57.8195 2.4000
      vertex 33.9970 57.8831 2.4000
    endloop
  endfacet
  facet normal -0.000000 -0.000000 1.000000
    outer loop
      vertex 33.9970 57.8831 0.0000
      vertex 34.0258 57.8195 0.0000
      vertex 33.9774 57.9502 0.0000
    endloop
  endfacet
  facet normal 0.000000 0.000000 -1.000000
    outer loop
      vertex 33.9774 57.9502 2.4000
      vertex 34.1606 57.6609 2.4000
      vertex 34.0258 57.8195 2.4000
    endloop
  endfacet
  facet normal -0.000000 -0.000000 1.000000
    outer loop
      vertex 34.0258 57.8195 0.0000
      vertex 34.1606 57.6609 0.0000
      vertex 33.9774 57.9502 0.0000
    endloop
  endfacet
  facet normal 0.000000 0.000000 -1.000000
    outer loop
      vertex 33.9774 57.9502 2.4000
      vertex 34.9630 57.3336 2.4000
      vertex 34.1606 57.6609 2.4000
    endloop
  endfacet
  facet normal -0.000000 -0.000000 1.000000
    outer loop
      vertex 34.1606 57.6609 0.0000
      vertex 34.9630 57.3336 0.0000
      vertex 33.9774 57.9502 0.0000
    endloop
  endfacet
  facet normal 0.000000 0.000000 -1.000000
    outer loop
      vertex 34.9630 57.3336 2.4000
      vertex 34.4887 57.4081 2.4000
      vertex 34.1606 57.6609 2.4000
    endloop
  endfacet
  facet normal 0.000000 0.000000 1.000000
    outer loop
      vertex 34.1606 57.6609 0.0000
      vertex 34.4887 57.4081 0.0000
      vertex 34.9630 57.3336 0.0000
    endloop
  endfacet
  facet normal -0.000000 0.000000 -1.000000
    outer loop
      vertex 34.9630 57.3336 2.4000
      vertex 34.7164 57.3102 2.4000
      vertex 34.4887 57.4081 2.4000
    endloop
  endfacet
  facet normal 0.000000 0.000000 1.000000
    outer loop
      vertex 34.4887 57.4081 0.0000
      vertex 34.7164 57.3102 0.0000
      vertex 34.9630 57.3336 0.0000
    endloop
  endfacet
  facet normal 0.000000 0.000000 -1.000000
    outer loop
      vertex 34.9630 57.3336 2.4000
      vertex 34.9030 57.3161 2.4000
      vertex 34.7164 57.3102 2.4000
    endloop
  endfacet
  facet normal 0.000000 0.000000 1.000000
    outer loop
      vertex 34.7164 57.3102 0.0000
      vertex 34.9030 57.3161 0.0000
      vertex 34.9630 57.3336 0.0000
    endloop
  endfacet
  facet normal 0.000000 0.000000 -1.000000
    outer loop
      vertex 34.9630 50.6664 2.4000
      vertex 34.7164 50.6898 2.4000
      vertex 34.9030 50.6839 2.4000
    endloop
  endfacet
  facet normal 0.000000 0.000000 1.000000
    outer loop
      vertex 34.9030 50.6839 0.0000
      vertex 34.7164 50.6898 0.0000
      vertex 34.9630 50.6664 0.0000
    endloop
  endfacet
  facet normal -0.000000 0.000000 -1.000000
    outer loop
      vertex 34.9630 50.6664 2.4000
      vertex 34.4887 50.5919 2.4000
      vertex 34.7164 50.6898 2.4000
    endloop
  endfacet
  facet normal 0.000000 0.000000 1.000000
    outer loop
      vertex 34.7164 50.6898 0.0000
      vertex 34.4887 50.5919 0.0000
      vertex 34.9630 50.6664 0.0000
    endloop
  endfacet
  facet normal 0.000000 0.000000 -1.000000
    outer loop
      vertex 34.9630 50.6664 2.4000
      vertex 34.1606 50.3391 2.4000
      vertex 34.4887 50.5919 2.4000
    endloop
  endfacet
  facet normal -0.000000 0.000000 1.000000
    outer loop
      vertex 34.4887 50.5919 0.0000
      vertex 34.1606 50.3391 0.0000
      vertex 34.9630 50.6664 0.0000
    endloop
  endfacet
  facet normal 0.000000 0.000000 -1.000000
    outer loop
      vertex 34.1606 50.3391 2.4000
      vertex 34.0632 50.2395 2.4000
      vertex 34.1084 50.2927 2.4000
    endloop
  endfacet
  facet normal -0.000000 0.000000 1.000000
    outer loop
      vertex 34.1084 50.2927 0.0000
      vertex 34.0632 50.2395 0.0000
      vertex 34.1606 50.3391 0.0000
    endloop
  endfacet
  facet normal 0.000000 0.000000 -1.000000
    outer loop
      vertex 34.1606 50.3391 2.4000
      vertex 33.9970 50.1169 2.4000
      vertex 34.0632 50.2395 2.4000
    endloop
  endfacet
  facet normal -0.000000 0.000000 1.000000
    outer loop
      vertex 34.0632 50.2395 0.0000
      vertex 33.9970 50.1169 0.0000
      vertex 34.1606 50.3391 0.0000
    endloop
  endfacet
  facet normal 0.000000 0.000000 -1.000000
    outer loop
      vertex 33.9970 50.1169 2.4000
      vertex 34.0258 50.1805 2.4000
      vertex 34.0632 50.2395 2.4000
    endloop
  endfacet
  facet normal 0.000000 0.000000 1.000000
    outer loop
      vertex 34.0632 50.2395 0.0000
      vertex 34.0258 50.1805 0.0000
      vertex 33.9970 50.1169 0.0000
    endloop
  endfacet
  facet normal 0.000000 0.000000 -1.000000
    outer loop
      vertex 34.0258 57.8195 2.4000
      vertex 34.1084 57.7073 2.4000
      vertex 34.0632 57.7605 2.4000
    endloop
  endfacet
  facet normal -0.000000 -0.000000 1.000000
    outer loop
      vertex 34.0632 57.7605 0.0000
      vertex 34.1084 57.7073 0.0000
      vertex 34.0258 57.8195 0.0000
    endloop
  endfacet
  facet normal 0.000000 0.000000 -1.000000
    outer loop
      vertex 34.0258 57.8195 2.4000
      vertex 34.1606 57.6609 2.4000
      vertex 34.1084 57.7073 2.4000
    endloop
  endfacet
  facet normal -0.000000 -0.000000 1.000000
    outer loop
      vertex 34.1084 57.7073 0.0000
      vertex 34.1606 57.6609 0.0000
      vertex 34.0258 57.8195 0.0000
    endloop
  endfacet
  facet normal 0.000000 0.000000 -1.000000
    outer loop
      vertex 34.4887 57.4081 2.4000
      vertex 34.6553 57.3237 2.4000
      vertex 34.5406 57.3731 2.4000
    endloop
  endfacet
  facet normal -0.000000 -0.000000 1.000000
    outer loop
      vertex 34.5406 57.3731 0.0000
      vertex 34.6553 57.3237 0.0000
      vertex 34.4887 57.4081 0.0000
    endloop
  endfacet
  facet normal 0.000000 0.000000 -1.000000
    outer loop
      vertex 34.4887 57.4081 2.4000
      vertex 34.7164 57.3102 2.4000
      vertex 34.6553 57.3237 2.4000
    endloop
  endfacet
  facet normal -0.000000 -0.000000 1.000000
    outer loop
      vertex 34.6553 57.3237 0.0000
      vertex 34.7164 57.3102 0.0000
      vertex 34.4887 57.4081 0.0000
    endloop
  endfacet
  facet normal 0.000000 0.000000 -1.000000
    outer loop
      vertex 34.7164 57.3102 2.4000
      vertex 34.9030 57.3161 2.4000
      vertex 34.7786 57.3044 2.4000
    endloop
  endfacet
  facet normal 0.000000 -0.000000 1.000000
    outer loop
      vertex 34.7786 57.3044 0.0000
      vertex 34.9030 57.3161 0.0000
      vertex 34.7164 57.3102 0.0000
    endloop
  endfacet
  facet normal 0.000000 0.000000 -1.000000
    outer loop
      vertex 34.9030 57.3161 2.4000
      vertex 34.8412 57.3064 2.4000
      vertex 34.7786 57.3044 2.4000
    endloop
  endfacet
  facet normal 0.000000 0.000000 1.000000
    outer loop
      vertex 34.7786 57.3044 0.0000
      vertex 34.8412 57.3064 0.0000
      vertex 34.9030 57.3161 0.0000
    endloop
  endfacet
  facet normal 0.000000 0.000000 -1.000000
    outer loop
      vertex 34.9030 50.6839 2.4000
      vertex 34.7786 50.6956 2.4000
      vertex 34.8412 50.6936 2.4000
    endloop
  endfacet
  facet normal 0.000000 0.000000 1.000000
    outer loop
      vertex 34.8412 50.6936 0.0000
      vertex 34.7786 50.6956 0.0000
      vertex 34.9030 50.6839 0.0000
    endloop
  endfacet
  facet normal 0.000000 0.000000 -1.000000
    outer loop
      vertex 34.9030 50.6839 2.4000
      vertex 34.7164 50.6898 2.4000
      vertex 34.7786 50.6956 2.4000
    endloop
  endfacet
  facet normal 0.000000 0.000000 1.000000
    outer loop
      vertex 34.7786 50.6956 0.0000
      vertex 34.7164 50.6898 0.0000
      vertex 34.9030 50.6839 0.0000
    endloop
  endfacet
  facet normal 0.000000 0.000000 -1.000000
    outer loop
      vertex 34.7164 50.6898 2.4000
      vertex 34.5964 50.6552 2.4000
      vertex 34.6553 50.6763 2.4000
    endloop
  endfacet
  facet normal -0.000000 0.000000 1.000000
    outer loop
      vertex 34.6553 50.6763 0.0000
      vertex 34.5964 50.6552 0.0000
      vertex 34.7164 50.6898 0.0000
    endloop
  endfacet
  facet normal 0.000000 0.000000 -1.000000
    outer loop
      vertex 34.7164 50.6898 2.4000
      vertex 34.4887 50.5919 2.4000
      vertex 34.5964 50.6552 2.4000
    endloop
  endfacet
  facet normal -0.000000 0.000000 1.000000
    outer loop
      vertex 34.5964 50.6552 0.0000
      vertex 34.4887 50.5919 0.0000
      vertex 34.7164 50.6898 0.0000
    endloop
  endfacet
  facet normal 0.000000 0.000000 -1.000000
    outer loop
      vertex 34.4887 50.5919 2.4000
      vertex 34.5406 50.6269 2.4000
      vertex 34.5964 50.6552 2.4000
    endloop
  endfacet
  facet normal 0.000000 0.000000 1.000000
    outer loop
      vertex 34.5964 50.6552 0.0000
      vertex 34.5406 50.6269 0.0000
      vertex 34.4887 50.5919 0.0000
    endloop
  endfacet
  facet normal 0.000000 0.000000 -1.000000
    outer loop
      vertex 34.5406 57.3731 2.4000
      vertex 34.6553 57.3237 2.4000
      vertex 34.5964 57.3448 2.4000
    endloop
  endfacet
  facet normal -0.000000 -0.000000 1.000000
    outer loop
      vertex 34.5964 57.3448 0.0000
      vertex 34.6553 57.3237 0.0000
      vertex 34.5406 57.3731 0.0000
    endloop
  endfacet
  facet normal -0.000000 0.000000 -1.000000
    outer loop
      vertex 57.6934 38.1709 2.4000
      vertex 57.6744 38.1638 2.4000
      vertex 50.3066 38.1709 2.4000
    endloop
  endfacet
  facet normal 0.000000 0.000000 1.000000
    outer loop
      vertex 50.3066 38.1709 0.0000
      vertex 57.6744 38.1638 0.0000
      vertex 57.6934 38.1709 0.0000
    endloop
  endfacet
  facet normal 0.000000 0.000000 -1.000000
    outer loop
      vertex 57.6366 38.1349 2.4000
      vertex 50.3489 38.1490 2.4000
      vertex 57.6511 38.1490 2.4000
    endloop
  endfacet
  facet normal 0.000000 0.000000 1.000000
    outer loop
      vertex 57.6511 38.1490 0.0000
      vertex 50.3489 38.1490 0.0000
      vertex 57.6366 38.1349 0.0000
    endloop
  endfacet
  facet normal 0.000000 0.000000 -1.000000
    outer loop
      vertex 57.6366 38.1349 2.4000
      vertex 50.3634 38.1349 2.4000
      vertex 50.3489 38.1490 2.4000
    endloop
  endfacet
  facet normal 0.000000 0.000000 1.000000
    outer loop
      vertex 50.3489 38.1490 0.0000
      vertex 50.3634 38.1349 0.0000
      vertex 57.6366 38.1349 0.0000
    endloop
  endfacet
  facet normal 0.000000 0.000000 -1.000000
    outer loop
      vertex 50.3066 38.1709 2.4000
      vertex 57.6744 38.1638 2.4000
      vertex 50.3256 38.1638 2.4000
    endloop
  endfacet
  facet normal -0.000000 -0.000000 1.000000
    outer loop
      vertex 50.3256 38.1638 0.0000
      vertex 57.6744 38.1638 0.0000
      vertex 50.3066 38.1709 0.0000
    endloop
  endfacet
  facet normal -0.000000 0.000000 -1.000000
    outer loop
      vertex 57.6744 38.1638 2.4000
      vertex 57.6622 38.1572 2.4000
      vertex 50.3256 38.1638 2.4000
    endloop
  endfacet
  facet normal 0.000000 0.000000 1.000000
    outer loop
      vertex 50.3256 38.1638 0.0000
      vertex 57.6622 38.1572 0.0000
      vertex 57.6744 38.1638 0.0000
    endloop
  endfacet
  facet normal 0.000000 0.000000 -1.000000
    outer loop
      vertex 57.6511 38.1490 2.4000
      vertex 50.3378 38.1572 2.4000
      vertex 57.6622 38.1572 2.4000
    endloop
  endfacet
  facet normal 0.000000 0.000000 1.000000
    outer loop
      vertex 57.6622 38.1572 0.0000
      vertex 50.3378 38.1572 0.0000
      vertex 57.6511 38.1490 0.0000
    endloop
  endfacet
  facet normal 0.000000 0.000000 -1.000000
    outer loop
      vertex 57.6511 38.1490 2.4000
      vertex 50.3489 38.1490 2.4000
      vertex 50.3378 38.1572 2.4000
    endloop
  endfacet
  facet normal 0.000000 0.000000 1.000000
    outer loop
      vertex 50.3378 38.1572 0.0000
      vertex 50.3489 38.1490 0.0000
      vertex 57.6511 38.1490 0.0000
    endloop
  endfacet
  facet normal 0.000000 0.000000 -1.000000
    outer loop
      vertex 50.3256 38.1638 2.4000
      vertex 57.6622 38.1572 2.4000
      vertex 50.3378 38.1572 2.4000
    endloop
  endfacet
  facet normal -0.000000 -0.000000 1.000000
    outer loop
      vertex 50.3378 38.1572 0.0000
      vertex 57.6622 38.1572 0.0000
      vertex 50.3256 38.1638 0.0000
    endloop
  endfacet
  facet normal 0.000000 0.000000 -1.000000
    outer loop
      vertex 51.0281 32.7475 2.4000
      vertex 51.1309 32.6788 2.4000
      vertex 51.0773 32.7099 2.4000
    endloop
  endfacet
  facet normal -0.000000 -0.000000 1.000000
    outer loop
      vertex 51.0773 32.7099 0.0000
      vertex 51.1309 32.6788 0.0000
      vertex 51.0281 32.7475 0.0000
    endloop
  endfacet
  facet normal 0.000000 0.000000 -1.000000
    outer loop
      vertex 51.0281 32.7475 2.4000
      vertex 51.1879 32.6544 2.4000
      vertex 51.1309 32.6788 2.4000
    endloop
  endfacet
  facet normal -0.000000 -0.000000 1.000000
    outer loop
      vertex 51.1309 32.6788 0.0000
      vertex 51.1879 32.6544 0.0000
      vertex 51.0281 32.7475 0.0000
    endloop
  endfacet
  facet normal 0.000000 0.000000 -1.000000
    outer loop
      vertex 71.8828 36.6661 2.4000
      vertex 71.8616 36.6039 2.4000
      vertex 71.8324 36.5450 2.4000
    endloop
  endfacet
  facet normal 0.000000 0.000000 1.000000
    outer loop
      vertex 71.8324 36.5450 0.0000
      vertex 71.8616 36.6039 0.0000
      vertex 71.8828 36.6661 0.0000
    endloop
  endfacet
  facet normal 0.000000 0.000000 -1.000000
    outer loop
      vertex 35.9920 71.6003 2.4000
      vertex 36.0215 71.6575 2.4000
      vertex 36.0581 71.7104 2.4000
    endloop
  endfacet
  facet normal 0.000000 0.000000 1.000000
    outer loop
      vertex 36.0581 71.7104 0.0000
      vertex 36.0215 71.6575 0.0000
      vertex 35.9920 71.6003 0.0000
    endloop
  endfacet
  facet normal -0.203768 0.979019 0.000000
    outer loop
      vertex 36.5432 36.2614 0.0000
      vertex 36.4791 36.2481 0.0000
      vertex 36.4791 36.2481 2.4000
    endloop
  endfacet
  facet normal -0.203768 0.979019 0.000000
    outer loop
      vertex 36.5432 36.2614 0.0000
      vertex 36.4791 36.2481 2.4000
      vertex 36.5432 36.2614 2.4000
    endloop
  endfacet
  facet normal -0.074239 0.997241 0.000000
    outer loop
      vertex 36.4791 36.2481 0.0000
      vertex 36.4139 36.2433 0.0000
      vertex 36.4139 36.2433 2.4000
    endloop
  endfacet
  facet normal -0.074239 0.997241 0.000000
    outer loop
      vertex 36.4791 36.2481 0.0000
      vertex 36.4139 36.2433 2.4000
      vertex 36.4791 36.2481 2.4000
    endloop
  endfacet
  facet normal 0.056561 0.998399 0.000000
    outer loop
      vertex 36.4139 36.2433 0.0000
      vertex 36.3486 36.2470 0.0000
      vertex 36.3486 36.2470 2.4000
    endloop
  endfacet
  facet normal 0.056561 0.998399 -0.000000
    outer loop
      vertex 36.4139 36.2433 0.0000
      vertex 36.3486 36.2470 2.4000
      vertex 36.4139 36.2433 2.4000
    endloop
  endfacet
  facet normal 0.186393 0.982475 0.000000
    outer loop
      vertex 36.3486 36.2470 0.0000
      vertex 36.2844 36.2592 0.0000
      vertex 36.2844 36.2592 2.4000
    endloop
  endfacet
  facet normal 0.186393 0.982475 -0.000000
    outer loop
      vertex 36.3486 36.2470 0.0000
      vertex 36.2844 36.2592 2.4000
      vertex 36.3486 36.2470 2.4000
    endloop
  endfacet
  facet normal 0.313036 0.949741 0.000000
    outer loop
      vertex 36.2844 36.2592 0.0000
      vertex 36.2222 36.2796 0.0000
      vertex 36.2222 36.2796 2.4000
    endloop
  endfacet
  facet normal 0.313036 0.949741 -0.000000
    outer loop
      vertex 36.2844 36.2592 0.0000
      vertex 36.2222 36.2796 2.4000
      vertex 36.2844 36.2592 2.4000
    endloop
  endfacet
  facet normal 0.434323 0.900757 0.000000
    outer loop
      vertex 36.2222 36.2796 0.0000
      vertex 36.1633 36.3080 0.0000
      vertex 36.1633 36.3080 2.4000
    endloop
  endfacet
  facet normal 0.434323 0.900757 -0.000000
    outer loop
      vertex 36.2222 36.2796 0.0000
      vertex 36.1633 36.3080 2.4000
      vertex 36.2222 36.2796 2.4000
    endloop
  endfacet
  facet normal 0.548179 0.836361 0.000000
    outer loop
      vertex 36.1633 36.3080 0.0000
      vertex 36.1086 36.3439 0.0000
      vertex 36.1086 36.3439 2.4000
    endloop
  endfacet
  facet normal 0.548179 0.836361 -0.000000
    outer loop
      vertex 36.1633 36.3080 0.0000
      vertex 36.1086 36.3439 2.4000
      vertex 36.1633 36.3080 2.4000
    endloop
  endfacet
  facet normal 0.652655 0.757655 0.000000
    outer loop
      vertex 36.1086 36.3439 0.0000
      vertex 36.0591 36.3866 0.0000
      vertex 36.0591 36.3866 2.4000
    endloop
  endfacet
  facet normal 0.652655 0.757655 -0.000000
    outer loop
      vertex 36.1086 36.3439 0.0000
      vertex 36.0591 36.3866 2.4000
      vertex 36.1086 36.3439 2.4000
    endloop
  endfacet
  facet normal 0.745964 0.665986 0.000000
    outer loop
      vertex 36.0591 36.3866 0.0000
      vertex 36.0155 36.4354 0.0000
      vertex 36.0155 36.4354 2.4000
    endloop
  endfacet
  facet normal 0.745964 0.665986 -0.000000
    outer loop
      vertex 36.0591 36.3866 0.0000
      vertex 36.0155 36.4354 2.4000
      vertex 36.0591 36.3866 2.4000
    endloop
  endfacet
  facet normal 0.826510 0.562921 0.000000
    outer loop
      vertex 36.0155 36.4354 0.0000
      vertex 35.9787 36.4894 0.0000
      vertex 35.9787 36.4894 2.4000
    endloop
  endfacet
  facet normal 0.826510 0.562921 -0.000000
    outer loop
      vertex 36.0155 36.4354 0.0000
      vertex 35.9787 36.4894 2.4000
      vertex 36.0155 36.4354 2.4000
    endloop
  endfacet
  facet normal 0.892915 0.450225 0.000000
    outer loop
      vertex 35.9787 36.4894 0.0000
      vertex 35.9493 36.5478 0.0000
      vertex 35.9493 36.5478 2.4000
    endloop
  endfacet
  facet normal 0.892915 0.450225 -0.000000
    outer loop
      vertex 35.9787 36.4894 0.0000
      vertex 35.9493 36.5478 2.4000
      vertex 35.9787 36.4894 2.4000
    endloop
  endfacet
  facet normal 0.944042 0.329826 0.000000
    outer loop
      vertex 35.9493 36.5478 0.0000
      vertex 35.9277 36.6096 0.0000
      vertex 35.9277 36.6096 2.4000
    endloop
  endfacet
  facet normal 0.944042 0.329826 -0.000000
    outer loop
      vertex 35.9493 36.5478 0.0000
      vertex 35.9277 36.6096 2.4000
      vertex 35.9493 36.5478 2.4000
    endloop
  endfacet
  facet normal 0.963592 0.267377 0.000000
    outer loop
      vertex 35.9277 36.6096 0.0000
      vertex 35.5794 37.8646 0.0000
      vertex 35.5794 37.8646 2.4000
    endloop
  endfacet
  facet normal 0.963592 0.267377 -0.000000
    outer loop
      vertex 35.9277 36.6096 0.0000
      vertex 35.5794 37.8646 2.4000
      vertex 35.9277 36.6096 2.4000
    endloop
  endfacet
  facet normal 0.966000 0.258544 0.000000
    outer loop
      vertex 35.5794 37.8646 0.0000
      vertex 35.5771 37.8735 0.0000
      vertex 35.5771 37.8735 2.4000
    endloop
  endfacet
  facet normal 0.966000 0.258544 -0.000000
    outer loop
      vertex 35.5794 37.8646 0.0000
      vertex 35.5771 37.8735 2.4000
      vertex 35.5794 37.8646 2.4000
    endloop
  endfacet
  facet normal 0.968326 0.249689 0.000000
    outer loop
      vertex 35.5771 37.8735 0.0000
      vertex 35.0781 39.8084 0.0000
      vertex 35.0781 39.8084 2.4000
    endloop
  endfacet
  facet normal 0.968326 0.249689 -0.000000
    outer loop
      vertex 35.5771 37.8735 0.0000
      vertex 35.0781 39.8084 2.4000
      vertex 35.5771 37.8735 2.4000
    endloop
  endfacet
  facet normal 0.971418 0.237376 0.000000
    outer loop
      vertex 35.0781 39.8084 0.0000
      vertex 35.0751 39.8207 0.0000
      vertex 35.0751 39.8207 2.4000
    endloop
  endfacet
  facet normal 0.971418 0.237376 -0.000000
    outer loop
      vertex 35.0781 39.8084 0.0000
      vertex 35.0751 39.8207 2.4000
      vertex 35.0781 39.8084 2.4000
    endloop
  endfacet
  facet normal 0.974353 0.225026 0.000000
    outer loop
      vertex 35.0751 39.8207 0.0000
      vertex 34.5447 42.1173 0.0000
      vertex 34.5447 42.1173 2.4000
    endloop
  endfacet
  facet normal 0.974353 0.225026 -0.000000
    outer loop
      vertex 35.0751 39.8207 0.0000
      vertex 34.5447 42.1173 2.4000
      vertex 35.0751 39.8207 2.4000
    endloop
  endfacet
  facet normal 0.978358 0.206918 0.000000
    outer loop
      vertex 34.5447 42.1173 0.0000
      vertex 34.5409 42.1354 0.0000
      vertex 34.5409 42.1354 2.4000
    endloop
  endfacet
  facet normal 0.978358 0.206918 -0.000000
    outer loop
      vertex 34.5447 42.1173 0.0000
      vertex 34.5409 42.1354 2.4000
      vertex 34.5447 42.1173 2.4000
    endloop
  endfacet
  facet normal 0.982027 0.188740 0.000000
    outer loop
      vertex 34.5409 42.1354 0.0000
      vertex 34.0765 44.5515 0.0000
      vertex 34.0765 44.5515 2.4000
    endloop
  endfacet
  facet normal 0.982027 0.188740 -0.000000
    outer loop
      vertex 34.5409 42.1354 0.0000
      vertex 34.0765 44.5515 2.4000
      vertex 34.5409 42.1354 2.4000
    endloop
  endfacet
  facet normal 0.987158 0.159746 0.000000
    outer loop
      vertex 34.0765 44.5515 0.0000
      vertex 34.0718 44.5806 0.0000
      vertex 34.0718 44.5806 2.4000
    endloop
  endfacet
  facet normal 0.987158 0.159746 -0.000000
    outer loop
      vertex 34.0765 44.5515 0.0000
      vertex 34.0718 44.5806 2.4000
      vertex 34.0765 44.5515 2.4000
    endloop
  endfacet
  facet normal 0.991433 0.130613 0.000000
    outer loop
      vertex 34.0718 44.5806 0.0000
      vertex 33.7705 46.8677 0.0000
      vertex 33.7705 46.8677 2.4000
    endloop
  endfacet
  facet normal 0.991433 0.130613 -0.000000
    outer loop
      vertex 34.0718 44.5806 0.0000
      vertex 33.7705 46.8677 2.4000
      vertex 34.0718 44.5806 2.4000
    endloop
  endfacet
  facet normal 0.996983 0.077619 0.000000
    outer loop
      vertex 33.7705 46.8677 0.0000
      vertex 33.7664 46.9208 0.0000
      vertex 33.7664 46.9208 2.4000
    endloop
  endfacet
  facet normal 0.996983 0.077619 -0.000000
    outer loop
      vertex 33.7705 46.8677 0.0000
      vertex 33.7664 46.9208 2.4000
      vertex 33.7705 46.8677 2.4000
    endloop
  endfacet
  facet normal 0.999702 0.024405 0.000000
    outer loop
      vertex 33.7664 46.9208 0.0000
      vertex 33.7203 48.8074 0.0000
      vertex 33.7203 48.8074 2.4000
    endloop
  endfacet
  facet normal 0.999702 0.024405 -0.000000
    outer loop
      vertex 33.7664 46.9208 0.0000
      vertex 33.7203 48.8074 2.4000
      vertex 33.7664 46.9208 2.4000
    endloop
  endfacet
  facet normal 0.999369 -0.035507 0.000000
    outer loop
      vertex 33.7203 48.8074 0.0000
      vertex 33.7225 48.8673 0.0000
      vertex 33.7225 48.8673 2.4000
    endloop
  endfacet
  facet normal 0.999369 -0.035507 0.000000
    outer loop
      vertex 33.7203 48.8074 0.0000
      vertex 33.7225 48.8673 2.4000
      vertex 33.7203 48.8074 2.4000
    endloop
  endfacet
  facet normal 0.987956 -0.154735 0.000000
    outer loop
      vertex 33.7225 48.8673 0.0000
      vertex 33.7317 48.9264 0.0000
      vertex 33.7317 48.9264 2.4000
    endloop
  endfacet
  facet normal 0.987956 -0.154735 0.000000
    outer loop
      vertex 33.7225 48.8673 0.0000
      vertex 33.7317 48.9264 2.4000
      vertex 33.7225 48.8673 2.4000
    endloop
  endfacet
  facet normal 0.976916 -0.213622 0.000000
    outer loop
      vertex 33.7317 48.9264 0.0000
      vertex 33.9774 50.0498 0.0000
      vertex 33.9774 50.0498 2.4000
    endloop
  endfacet
  facet normal 0.976916 -0.213622 0.000000
    outer loop
      vertex 33.7317 48.9264 0.0000
      vertex 33.9774 50.0498 2.4000
      vertex 33.7317 48.9264 2.4000
    endloop
  endfacet
  facet normal 0.959613 -0.281323 0.000000
    outer loop
      vertex 33.9774 50.0498 0.0000
      vertex 33.9970 50.1169 0.0000
      vertex 33.9970 50.1169 2.4000
    endloop
  endfacet
  facet normal 0.959613 -0.281323 0.000000
    outer loop
      vertex 33.9774 50.0498 0.0000
      vertex 33.9970 50.1169 2.4000
      vertex 33.9774 50.0498 2.4000
    endloop
  endfacet
  facet normal 0.911058 -0.412278 0.000000
    outer loop
      vertex 33.9970 50.1169 0.0000
      vertex 34.0258 50.1805 0.0000
      vertex 34.0258 50.1805 2.4000
    endloop
  endfacet
  facet normal 0.911058 -0.412278 0.000000
    outer loop
      vertex 33.9970 50.1169 0.0000
      vertex 34.0258 50.1805 2.4000
      vertex 33.9970 50.1169 2.4000
    endloop
  endfacet
  facet normal 0.844731 -0.535191 0.000000
    outer loop
      vertex 34.0258 50.1805 0.0000
      vertex 34.0632 50.2395 0.0000
      vertex 34.0632 50.2395 2.4000
    endloop
  endfacet
  facet normal 0.844731 -0.535191 0.000000
    outer loop
      vertex 34.0258 50.1805 0.0000
      vertex 34.0632 50.2395 2.4000
      vertex 34.0258 50.1805 2.4000
    endloop
  endfacet
  facet normal 0.761925 -0.647665 0.000000
    outer loop
      vertex 34.0632 50.2395 0.0000
      vertex 34.1084 50.2927 0.0000
      vertex 34.1084 50.2927 2.4000
    endloop
  endfacet
  facet normal 0.761925 -0.647665 0.000000
    outer loop
      vertex 34.0632 50.2395 0.0000
      vertex 34.1084 50.2927 2.4000
      vertex 34.0632 50.2395 2.4000
    endloop
  endfacet
  facet normal 0.664257 -0.747504 0.000000
    outer loop
      vertex 34.1084 50.2927 0.0000
      vertex 34.1606 50.3391 0.0000
      vertex 34.1606 50.3391 2.4000
    endloop
  endfacet
  facet normal 0.664257 -0.747504 0.000000
    outer loop
      vertex 34.1084 50.2927 0.0000
      vertex 34.1606 50.3391 2.4000
      vertex 34.1084 50.2927 2.4000
    endloop
  endfacet
  facet normal 0.610434 -0.792067 0.000000
    outer loop
      vertex 34.1606 50.3391 0.0000
      vertex 34.4887 50.5919 0.0000
      vertex 34.4887 50.5919 2.4000
    endloop
  endfacet
  facet normal 0.610434 -0.792067 0.000000
    outer loop
      vertex 34.1606 50.3391 0.0000
      vertex 34.4887 50.5919 2.4000
      vertex 34.1606 50.3391 2.4000
    endloop
  endfacet
  facet normal 0.559686 -0.828705 0.000000
    outer loop
      vertex 34.4887 50.5919 0.0000
      vertex 34.5406 50.6269 0.0000
      vertex 34.5406 50.6269 2.4000
    endloop
  endfacet
  facet normal 0.559686 -0.828705 0.000000
    outer loop
      vertex 34.4887 50.5919 0.0000
      vertex 34.5406 50.6269 2.4000
      vertex 34.4887 50.5919 2.4000
    endloop
  endfacet
  facet normal 0.451819 -0.892110 0.000000
    outer loop
      vertex 34.5406 50.6269 0.0000
      vertex 34.5964 50.6552 0.0000
      vertex 34.5964 50.6552 2.4000
    endloop
  endfacet
  facet normal 0.451819 -0.892110 0.000000
    outer loop
      vertex 34.5406 50.6269 0.0000
      vertex 34.5964 50.6552 2.4000
      vertex 34.5406 50.6269 2.4000
    endloop
  endfacet
  facet normal 0.336878 -0.941548 0.000000
    outer loop
      vertex 34.5964 50.6552 0.0000
      vertex 34.6553 50.6763 0.0000
      vertex 34.6553 50.6763 2.4000
    endloop
  endfacet
  facet normal 0.336878 -0.941548 0.000000
    outer loop
      vertex 34.5964 50.6552 0.0000
      vertex 34.6553 50.6763 2.4000
      vertex 34.5964 50.6552 2.4000
    endloop
  endfacet
  facet normal 0.216664 -0.976246 0.000000
    outer loop
      vertex 34.6553 50.6763 0.0000
      vertex 34.7164 50.6898 0.0000
      vertex 34.7164 50.6898 2.4000
    endloop
  endfacet
  facet normal 0.216664 -0.976246 0.000000
    outer loop
      vertex 34.6553 50.6763 0.0000
      vertex 34.7164 50.6898 2.4000
      vertex 34.6553 50.6763 2.4000
    endloop
  endfacet
  facet normal 0.093057 -0.995661 0.000000
    outer loop
      vertex 34.7164 50.6898 0.0000
      vertex 34.7786 50.6956 0.0000
      vertex 34.7786 50.6956 2.4000
    endloop
  endfacet
  facet normal 0.093057 -0.995661 0.000000
    outer loop
      vertex 34.7164 50.6898 0.0000
      vertex 34.7786 50.6956 2.4000
      vertex 34.7164 50.6898 2.4000
    endloop
  endfacet
  facet normal -0.032006 -0.999488 0.000000
    outer loop
      vertex 34.7786 50.6956 0.0000
      vertex 34.8412 50.6936 0.0000
      vertex 34.8412 50.6936 2.4000
    endloop
  endfacet
  facet normal -0.032006 -0.999488 0.000000
    outer loop
      vertex 34.7786 50.6956 0.0000
      vertex 34.8412 50.6936 2.4000
      vertex 34.7786 50.6956 2.4000
    endloop
  endfacet
  facet normal -0.156569 -0.987667 0.000000
    outer loop
      vertex 34.8412 50.6936 0.0000
      vertex 34.9030 50.6839 0.0000
      vertex 34.9030 50.6839 2.4000
    endloop
  endfacet
  facet normal -0.156569 -0.987667 0.000000
    outer loop
      vertex 34.8412 50.6936 0.0000
      vertex 34.9030 50.6839 2.4000
      vertex 34.8412 50.6936 2.4000
    endloop
  endfacet
  facet normal -0.278680 -0.960384 0.000000
    outer loop
      vertex 34.9030 50.6839 0.0000
      vertex 34.9630 50.6664 0.0000
      vertex 34.9630 50.6664 2.4000
    endloop
  endfacet
  facet normal -0.278680 -0.960384 0.000000
    outer loop
      vertex 34.9030 50.6839 0.0000
      vertex 34.9630 50.6664 2.4000
      vertex 34.9030 50.6839 2.4000
    endloop
  endfacet
  facet normal -0.338217 -0.941068 0.000000
    outer loop
      vertex 34.9630 50.6664 0.0000
      vertex 35.9574 50.3091 0.0000
      vertex 35.9574 50.3091 2.4000
    endloop
  endfacet
  facet normal -0.338217 -0.941068 0.000000
    outer loop
      vertex 34.9630 50.6664 0.0000
      vertex 35.9574 50.3091 2.4000
      vertex 34.9630 50.6664 2.4000
    endloop
  endfacet
  facet normal -0.352865 -0.935674 0.000000
    outer loop
      vertex 35.9574 50.3091 0.0000
      vertex 35.9720 50.3036 0.0000
      vertex 35.9720 50.3036 2.4000
    endloop
  endfacet
  facet normal -0.352865 -0.935674 0.000000
    outer loop
      vertex 35.9574 50.3091 0.0000
      vertex 35.9720 50.3036 2.4000
      vertex 35.9574 50.3091 2.4000
    endloop
  endfacet
  facet normal -0.367428 -0.930052 0.000000
    outer loop
      vertex 35.9720 50.3036 0.0000
      vertex 37.4140 49.7339 0.0000
      vertex 37.4140 49.7339 2.4000
    endloop
  endfacet
  facet normal -0.367428 -0.930052 0.000000
    outer loop
      vertex 35.9720 50.3036 0.0000
      vertex 37.4140 49.7339 2.4000
      vertex 35.9720 50.3036 2.4000
    endloop
  endfacet
  facet normal -0.338191 -0.941077 0.000000
    outer loop
      vertex 37.4140 49.7339 0.0000
      vertex 37.4218 49.7311 0.0000
      vertex 37.4218 49.7311 2.4000
    endloop
  endfacet
  facet normal -0.338191 -0.941077 0.000000
    outer loop
      vertex 37.4140 49.7339 0.0000
      vertex 37.4218 49.7311 2.4000
      vertex 37.4140 49.7339 2.4000
    endloop
  endfacet
  facet normal -0.248616 -0.968602 0.000000
    outer loop
      vertex 37.4218 49.7311 0.0000
      vertex 37.4394 49.7265 0.0000
      vertex 37.4394 49.7265 2.4000
    endloop
  endfacet
  facet normal -0.248616 -0.968602 0.000000
    outer loop
      vertex 37.4218 49.7311 0.0000
      vertex 37.4394 49.7265 2.4000
      vertex 37.4218 49.7311 2.4000
    endloop
  endfacet
  facet normal -0.125926 -0.992040 0.000000
    outer loop
      vertex 37.4394 49.7265 0.0000
      vertex 37.4517 49.7250 0.0000
      vertex 37.4517 49.7250 2.4000
    endloop
  endfacet
  facet normal -0.125926 -0.992040 0.000000
    outer loop
      vertex 37.4394 49.7265 0.0000
      vertex 37.4517 49.7250 2.4000
      vertex 37.4394 49.7265 2.4000
    endloop
  endfacet
  facet normal -0.001271 -0.999999 0.000000
    outer loop
      vertex 37.4517 49.7250 0.0000
      vertex 37.4641 49.7250 0.0000
      vertex 37.4641 49.7250 2.4000
    endloop
  endfacet
  facet normal -0.001271 -0.999999 0.000000
    outer loop
      vertex 37.4517 49.7250 0.0000
      vertex 37.4641 49.7250 2.4000
      vertex 37.4517 49.7250 2.4000
    endloop
  endfacet
  facet normal 0.123404 -0.992356 0.000000
    outer loop
      vertex 37.4641 49.7250 0.0000
      vertex 37.4821 49.7272 0.0000
      vertex 37.4821 49.7272 2.4000
    endloop
  endfacet
  facet normal 0.123404 -0.992356 0.000000
    outer loop
      vertex 37.4641 49.7250 0.0000
      vertex 37.4821 49.7272 2.4000
      vertex 37.4641 49.7250 2.4000
    endloop
  endfacet
  facet normal 0.215752 -0.976448 0.000000
    outer loop
      vertex 37.4821 49.7272 0.0000
      vertex 37.4902 49.7290 0.0000
      vertex 37.4902 49.7290 2.4000
    endloop
  endfacet
  facet normal 0.215752 -0.976448 0.000000
    outer loop
      vertex 37.4821 49.7272 0.0000
      vertex 37.4902 49.7290 2.4000
      vertex 37.4821 49.7272 2.4000
    endloop
  endfacet
  facet normal 0.246154 -0.969231 0.000000
    outer loop
      vertex 37.4902 49.7290 0.0000
      vertex 38.6092 50.0132 0.0000
      vertex 38.6092 50.0132 2.4000
    endloop
  endfacet
  facet normal 0.246154 -0.969231 0.000000
    outer loop
      vertex 37.4902 49.7290 0.0000
      vertex 38.6092 50.0132 2.4000
      vertex 37.4902 49.7290 2.4000
    endloop
  endfacet
  facet normal 0.275535 -0.961291 0.000000
    outer loop
      vertex 38.6092 50.0132 0.0000
      vertex 38.6170 50.0154 0.0000
      vertex 38.6170 50.0154 2.4000
    endloop
  endfacet
  facet normal 0.275535 -0.961291 0.000000
    outer loop
      vertex 38.6092 50.0132 0.0000
      vertex 38.6170 50.0154 2.4000
      vertex 38.6092 50.0132 2.4000
    endloop
  endfacet
  facet normal 0.362040 -0.932162 0.000000
    outer loop
      vertex 38.6170 50.0154 0.0000
      vertex 38.6335 50.0218 0.0000
      vertex 38.6335 50.0218 2.4000
    endloop
  endfacet
  facet normal 0.362040 -0.932162 0.000000
    outer loop
      vertex 38.6170 50.0154 0.0000
      vertex 38.6335 50.0218 2.4000
      vertex 38.6170 50.0154 2.4000
    endloop
  endfacet
  facet normal 0.472567 -0.881295 0.000000
    outer loop
      vertex 38.6335 50.0218 0.0000
      vertex 38.6441 50.0275 0.0000
      vertex 38.6441 50.0275 2.4000
    endloop
  endfacet
  facet normal 0.472567 -0.881295 0.000000
    outer loop
      vertex 38.6335 50.0218 0.0000
      vertex 38.6441 50.0275 2.4000
      vertex 38.6335 50.0218 2.4000
    endloop
  endfacet
  facet normal 0.576098 -0.817381 0.000000
    outer loop
      vertex 38.6441 50.0275 0.0000
      vertex 38.6540 50.0345 0.0000
      vertex 38.6540 50.0345 2.4000
    endloop
  endfacet
  facet normal 0.576098 -0.817381 0.000000
    outer loop
      vertex 38.6441 50.0275 0.0000
      vertex 38.6540 50.0345 2.4000
      vertex 38.6441 50.0275 2.4000
    endloop
  endfacet
  facet normal 0.671101 -0.741366 0.000000
    outer loop
      vertex 38.6540 50.0345 0.0000
      vertex 38.6671 50.0464 0.0000
      vertex 38.6671 50.0464 2.4000
    endloop
  endfacet
  facet normal 0.671101 -0.741366 0.000000
    outer loop
      vertex 38.6540 50.0345 0.0000
      vertex 38.6671 50.0464 2.4000
      vertex 38.6540 50.0345 2.4000
    endloop
  endfacet
  facet normal 0.735905 -0.677085 0.000000
    outer loop
      vertex 38.6671 50.0464 0.0000
      vertex 38.6726 50.0523 0.0000
      vertex 38.6726 50.0523 2.4000
    endloop
  endfacet
  facet normal 0.735905 -0.677085 0.000000
    outer loop
      vertex 38.6671 50.0464 0.0000
      vertex 38.6726 50.0523 2.4000
      vertex 38.6671 50.0464 2.4000
    endloop
  endfacet
  facet normal 0.756169 -0.654377 0.000000
    outer loop
      vertex 38.6726 50.0523 0.0000
      vertex 39.4725 50.9767 0.0000
      vertex 39.4725 50.9767 2.4000
    endloop
  endfacet
  facet normal 0.756169 -0.654377 0.000000
    outer loop
      vertex 38.6726 50.0523 0.0000
      vertex 39.4725 50.9767 2.4000
      vertex 38.6726 50.0523 2.4000
    endloop
  endfacet
  facet normal 0.776088 -0.630625 0.000000
    outer loop
      vertex 39.4725 50.9767 0.0000
      vertex 39.4777 50.9831 0.0000
      vertex 39.4777 50.9831 2.4000
    endloop
  endfacet
  facet normal 0.776088 -0.630625 0.000000
    outer loop
      vertex 39.4725 50.9767 0.0000
      vertex 39.4777 50.9831 2.4000
      vertex 39.4725 50.9767 2.4000
    endloop
  endfacet
  facet normal 0.831298 -0.555827 0.000000
    outer loop
      vertex 39.4777 50.9831 0.0000
      vertex 39.4877 50.9981 0.0000
      vertex 39.4877 50.9981 2.4000
    endloop
  endfacet
  facet normal 0.831298 -0.555827 0.000000
    outer loop
      vertex 39.4777 50.9831 0.0000
      vertex 39.4877 50.9981 2.4000
      vertex 39.4777 50.9831 2.4000
    endloop
  endfacet
  facet normal 0.893662 -0.448742 0.000000
    outer loop
      vertex 39.4877 50.9981 0.0000
      vertex 39.4958 51.0141 0.0000
      vertex 39.4958 51.0141 2.4000
    endloop
  endfacet
  facet normal 0.893662 -0.448742 0.000000
    outer loop
      vertex 39.4877 50.9981 0.0000
      vertex 39.4958 51.0141 2.4000
      vertex 39.4877 50.9981 2.4000
    endloop
  endfacet
  facet normal 0.931473 -0.363811 0.000000
    outer loop
      vertex 39.4958 51.0141 0.0000
      vertex 39.4988 51.0218 0.0000
      vertex 39.4988 51.0218 2.4000
    endloop
  endfacet
  facet normal 0.931473 -0.363811 0.000000
    outer loop
      vertex 39.4958 51.0141 0.0000
      vertex 39.4988 51.0218 2.4000
      vertex 39.4958 51.0141 2.4000
    endloop
  endfacet
  facet normal 0.942302 -0.334765 0.000000
    outer loop
      vertex 39.4988 51.0218 0.0000
      vertex 39.9797 52.3755 0.0000
      vertex 39.9797 52.3755 2.4000
    endloop
  endfacet
  facet normal 0.942302 -0.334765 0.000000
    outer loop
      vertex 39.4988 51.0218 0.0000
      vertex 39.9797 52.3755 2.4000
      vertex 39.4988 51.0218 2.4000
    endloop
  endfacet
  facet normal 0.951898 -0.306417 0.000000
    outer loop
      vertex 39.9797 52.3755 0.0000
      vertex 39.9822 52.3831 0.0000
      vertex 39.9822 52.3831 2.4000
    endloop
  endfacet
  facet normal 0.951898 -0.306417 0.000000
    outer loop
      vertex 39.9797 52.3755 0.0000
      vertex 39.9822 52.3831 2.4000
      vertex 39.9797 52.3755 2.4000
    endloop
  endfacet
  facet normal 0.975539 -0.219827 0.000000
    outer loop
      vertex 39.9822 52.3831 0.0000
      vertex 39.9872 52.4054 0.0000
      vertex 39.9872 52.4054 2.4000
    endloop
  endfacet
  facet normal 0.975539 -0.219827 0.000000
    outer loop
      vertex 39.9822 52.3831 0.0000
      vertex 39.9872 52.4054 2.4000
      vertex 39.9822 52.3831 2.4000
    endloop
  endfacet
  facet normal 0.991321 -0.131466 0.000000
    outer loop
      vertex 39.9872 52.4054 0.0000
      vertex 39.9882 52.4133 0.0000
      vertex 39.9882 52.4133 2.4000
    endloop
  endfacet
  facet normal 0.991321 -0.131466 0.000000
    outer loop
      vertex 39.9872 52.4054 0.0000
      vertex 39.9882 52.4133 2.4000
      vertex 39.9872 52.4054 2.4000
    endloop
  endfacet
  facet normal 0.994811 -0.101742 0.000000
    outer loop
      vertex 39.9882 52.4133 0.0000
      vertex 40.1488 53.9835 0.0000
      vertex 40.1488 53.9835 2.4000
    endloop
  endfacet
  facet normal 0.994811 -0.101742 0.000000
    outer loop
      vertex 39.9882 52.4133 0.0000
      vertex 40.1488 53.9835 2.4000
      vertex 39.9882 52.4133 2.4000
    endloop
  endfacet
  facet normal 0.997080 -0.076364 0.000000
    outer loop
      vertex 40.1488 53.9835 0.0000
      vertex 40.1494 53.9903 0.0000
      vertex 40.1494 53.9903 2.4000
    endloop
  endfacet
  facet normal 0.997080 -0.076364 0.000000
    outer loop
      vertex 40.1488 53.9835 0.0000
      vertex 40.1494 53.9903 2.4000
      vertex 40.1488 53.9835 2.4000
    endloop
  endfacet
  facet normal 1.000000 0.000000 0.000000
    outer loop
      vertex 40.1494 53.9903 0.0000
      vertex 40.1494 54.0097 0.0000
      vertex 40.1494 54.0097 2.4000
    endloop
  endfacet
  facet normal 1.000000 0.000000 0.000000
    outer loop
      vertex 40.1494 53.9903 0.0000
      vertex 40.1494 54.0097 2.4000
      vertex 40.1494 53.9903 2.4000
    endloop
  endfacet
  facet normal 0.997080 0.076364 0.000000
    outer loop
      vertex 40.1494 54.0097 0.0000
      vertex 40.1488 54.0165 0.0000
      vertex 40.1488 54.0165 2.4000
    endloop
  endfacet
  facet normal 0.997080 0.076364 -0.000000
    outer loop
      vertex 40.1494 54.0097 0.0000
      vertex 40.1488 54.0165 2.4000
      vertex 40.1494 54.0097 2.4000
    endloop
  endfacet
  facet normal 0.994811 0.101742 0.000000
    outer loop
      vertex 40.1488 54.0165 0.0000
      vertex 39.9882 55.5867 0.0000
      vertex 39.9882 55.5867 2.4000
    endloop
  endfacet
  facet normal 0.994811 0.101742 -0.000000
    outer loop
      vertex 40.1488 54.0165 0.0000
      vertex 39.9882 55.5867 2.4000
      vertex 40.1488 54.0165 2.4000
    endloop
  endfacet
  facet normal 0.991321 0.131466 0.000000
    outer loop
      vertex 39.9882 55.5867 0.0000
      vertex 39.9872 55.5946 0.0000
      vertex 39.9872 55.5946 2.4000
    endloop
  endfacet
  facet normal 0.991321 0.131466 -0.000000
    outer loop
      vertex 39.9882 55.5867 0.0000
      vertex 39.9872 55.5946 2.4000
      vertex 39.9882 55.5867 2.4000
    endloop
  endfacet
  facet normal 0.975539 0.219827 0.000000
    outer loop
      vertex 39.9872 55.5946 0.0000
      vertex 39.9822 55.6169 0.0000
      vertex 39.9822 55.6169 2.4000
    endloop
  endfacet
  facet normal 0.975539 0.219827 -0.000000
    outer loop
      vertex 39.9872 55.5946 0.0000
      vertex 39.9822 55.6169 2.4000
      vertex 39.9872 55.5946 2.4000
    endloop
  endfacet
  facet normal 0.951898 0.306417 0.000000
    outer loop
      vertex 39.9822 55.6169 0.0000
      vertex 39.9797 55.6245 0.0000
      vertex 39.9797 55.6245 2.4000
    endloop
  endfacet
  facet normal 0.951898 0.306417 -0.000000
    outer loop
      vertex 39.9822 55.6169 0.0000
      vertex 39.9797 55.6245 2.4000
      vertex 39.9822 55.6169 2.4000
    endloop
  endfacet
  facet normal 0.942302 0.334765 0.000000
    outer loop
      vertex 39.9797 55.6245 0.0000
      vertex 39.4988 56.9782 0.0000
      vertex 39.4988 56.9782 2.4000
    endloop
  endfacet
  facet normal 0.942302 0.334765 -0.000000
    outer loop
      vertex 39.9797 55.6245 0.0000
      vertex 39.4988 56.9782 2.4000
      vertex 39.9797 55.6245 2.4000
    endloop
  endfacet
  facet normal 0.931473 0.363811 0.000000
    outer loop
      vertex 39.4988 56.9782 0.0000
      vertex 39.4958 56.9859 0.0000
      vertex 39.4958 56.9859 2.4000
    endloop
  endfacet
  facet normal 0.931473 0.363811 -0.000000
    outer loop
      vertex 39.4988 56.9782 0.0000
      vertex 39.4958 56.9859 2.4000
      vertex 39.4988 56.9782 2.4000
    endloop
  endfacet
  facet normal 0.893662 0.448742 0.000000
    outer loop
      vertex 39.4958 56.9859 0.0000
      vertex 39.4877 57.0019 0.0000
      vertex 39.4877 57.0019 2.4000
    endloop
  endfacet
  facet normal 0.893662 0.448742 -0.000000
    outer loop
      vertex 39.4958 56.9859 0.0000
      vertex 39.4877 57.0019 2.4000
      vertex 39.4958 56.9859 2.4000
    endloop
  endfacet
  facet normal 0.831298 0.555827 0.000000
    outer loop
      vertex 39.4877 57.0019 0.0000
      vertex 39.4777 57.0169 0.0000
      vertex 39.4777 57.0169 2.4000
    endloop
  endfacet
  facet normal 0.831298 0.555827 -0.000000
    outer loop
      vertex 39.4877 57.0019 0.0000
      vertex 39.4777 57.0169 2.4000
      vertex 39.4877 57.0019 2.4000
    endloop
  endfacet
  facet normal 0.776088 0.630625 0.000000
    outer loop
      vertex 39.4777 57.0169 0.0000
      vertex 39.4725 57.0233 0.0000
      vertex 39.4725 57.0233 2.4000
    endloop
  endfacet
  facet normal 0.776088 0.630625 -0.000000
    outer loop
      vertex 39.4777 57.0169 0.0000
      vertex 39.4725 57.0233 2.4000
      vertex 39.4777 57.0169 2.4000
    endloop
  endfacet
  facet normal 0.756169 0.654377 0.000000
    outer loop
      vertex 39.4725 57.0233 0.0000
      vertex 38.6726 57.9477 0.0000
      vertex 38.6726 57.9477 2.4000
    endloop
  endfacet
  facet normal 0.756169 0.654377 -0.000000
    outer loop
      vertex 39.4725 57.0233 0.0000
      vertex 38.6726 57.9477 2.4000
      vertex 39.4725 57.0233 2.4000
    endloop
  endfacet
  facet normal 0.735905 0.677085 0.000000
    outer loop
      vertex 38.6726 57.9477 0.0000
      vertex 38.6671 57.9536 0.0000
      vertex 38.6671 57.9536 2.4000
    endloop
  endfacet
  facet normal 0.735905 0.677085 -0.000000
    outer loop
      vertex 38.6726 57.9477 0.0000
      vertex 38.6671 57.9536 2.4000
      vertex 38.6726 57.9477 2.4000
    endloop
  endfacet
  facet normal 0.671101 0.741366 0.000000
    outer loop
      vertex 38.6671 57.9536 0.0000
      vertex 38.6540 57.9655 0.0000
      vertex 38.6540 57.9655 2.4000
    endloop
  endfacet
  facet normal 0.671101 0.741366 -0.000000
    outer loop
      vertex 38.6671 57.9536 0.0000
      vertex 38.6540 57.9655 2.4000
      vertex 38.6671 57.9536 2.4000
    endloop
  endfacet
  facet normal 0.576098 0.817381 0.000000
    outer loop
      vertex 38.6540 57.9655 0.0000
      vertex 38.6441 57.9725 0.0000
      vertex 38.6441 57.9725 2.4000
    endloop
  endfacet
  facet normal 0.576098 0.817381 -0.000000
    outer loop
      vertex 38.6540 57.9655 0.0000
      vertex 38.6441 57.9725 2.4000
      vertex 38.6540 57.9655 2.4000
    endloop
  endfacet
  facet normal 0.472567 0.881295 0.000000
    outer loop
      vertex 38.6441 57.9725 0.0000
      vertex 38.6335 57.9782 0.0000
      vertex 38.6335 57.9782 2.4000
    endloop
  endfacet
  facet normal 0.472567 0.881295 -0.000000
    outer loop
      vertex 38.6441 57.9725 0.0000
      vertex 38.6335 57.9782 2.4000
      vertex 38.6441 57.9725 2.4000
    endloop
  endfacet
  facet normal 0.362040 0.932162 0.000000
    outer loop
      vertex 38.6335 57.9782 0.0000
      vertex 38.6170 57.9846 0.0000
      vertex 38.6170 57.9846 2.4000
    endloop
  endfacet
  facet normal 0.362040 0.932162 -0.000000
    outer loop
      vertex 38.6335 57.9782 0.0000
      vertex 38.6170 57.9846 2.4000
      vertex 38.6335 57.9782 2.4000
    endloop
  endfacet
  facet normal 0.275535 0.961291 0.000000
    outer loop
      vertex 38.6170 57.9846 0.0000
      vertex 38.6092 57.9868 0.0000
      vertex 38.6092 57.9868 2.4000
    endloop
  endfacet
  facet normal 0.275535 0.961291 -0.000000
    outer loop
      vertex 38.6170 57.9846 0.0000
      vertex 38.6092 57.9868 2.4000
      vertex 38.6170 57.9846 2.4000
    endloop
  endfacet
  facet normal 0.246154 0.969231 0.000000
    outer loop
      vertex 38.6092 57.9868 0.0000
      vertex 37.4902 58.2710 0.0000
      vertex 37.4902 58.2710 2.4000
    endloop
  endfacet
  facet normal 0.246154 0.969231 -0.000000
    outer loop
      vertex 38.6092 57.9868 0.0000
      vertex 37.4902 58.2710 2.4000
      vertex 38.6092 57.9868 2.4000
    endloop
  endfacet
  facet normal 0.215752 0.976448 0.000000
    outer loop
      vertex 37.4902 58.2710 0.0000
      vertex 37.4821 58.2728 0.0000
      vertex 37.4821 58.2728 2.4000
    endloop
  endfacet
  facet normal 0.215752 0.976448 -0.000000
    outer loop
      vertex 37.4902 58.2710 0.0000
      vertex 37.4821 58.2728 2.4000
      vertex 37.4902 58.2710 2.4000
    endloop
  endfacet
  facet normal 0.123404 0.992356 0.000000
    outer loop
      vertex 37.4821 58.2728 0.0000
      vertex 37.4641 58.2750 0.0000
      vertex 37.4641 58.2750 2.4000
    endloop
  endfacet
  facet normal 0.123404 0.992356 -0.000000
    outer loop
      vertex 37.4821 58.2728 0.0000
      vertex 37.4641 58.2750 2.4000
      vertex 37.4821 58.2728 2.4000
    endloop
  endfacet
  facet normal -0.001271 0.999999 0.000000
    outer loop
      vertex 37.4641 58.2750 0.0000
      vertex 37.4517 58.2750 0.0000
      vertex 37.4517 58.2750 2.4000
    endloop
  endfacet
  facet normal -0.001271 0.999999 0.000000
    outer loop
      vertex 37.4641 58.2750 0.0000
      vertex 37.4517 58.2750 2.4000
      vertex 37.4641 58.2750 2.4000
    endloop
  endfacet
  facet normal -0.125926 0.992040 0.000000
    outer loop
      vertex 37.4517 58.2750 0.0000
      vertex 37.4394 58.2735 0.0000
      vertex 37.4394 58.2735 2.4000
    endloop
  endfacet
  facet normal -0.125926 0.992040 0.000000
    outer loop
      vertex 37.4517 58.2750 0.0000
      vertex 37.4394 58.2735 2.4000
      vertex 37.4517 58.2750 2.4000
    endloop
  endfacet
  facet normal -0.248616 0.968602 0.000000
    outer loop
      vertex 37.4394 58.2735 0.0000
      vertex 37.4218 58.2689 0.0000
      vertex 37.4218 58.2689 2.4000
    endloop
  endfacet
  facet normal -0.248616 0.968602 0.000000
    outer loop
      vertex 37.4394 58.2735 0.0000
      vertex 37.4218 58.2689 2.4000
      vertex 37.4394 58.2735 2.4000
    endloop
  endfacet
  facet normal -0.338191 0.941077 0.000000
    outer loop
      vertex 37.4218 58.2689 0.0000
      vertex 37.4140 58.2661 0.0000
      vertex 37.4140 58.2661 2.4000
    endloop
  endfacet
  facet normal -0.338191 0.941077 0.000000
    outer loop
      vertex 37.4218 58.2689 0.0000
      vertex 37.4140 58.2661 2.4000
      vertex 37.4218 58.2689 2.4000
    endloop
  endfacet
  facet normal -0.367428 0.930052 0.000000
    outer loop
      vertex 37.4140 58.2661 0.0000
      vertex 35.9720 57.6964 0.0000
      vertex 35.9720 57.6964 2.4000
    endloop
  endfacet
  facet normal -0.367428 0.930052 0.000000
    outer loop
      vertex 37.4140 58.2661 0.0000
      vertex 35.9720 57.6964 2.4000
      vertex 37.4140 58.2661 2.4000
    endloop
  endfacet
  facet normal -0.352865 0.935674 0.000000
    outer loop
      vertex 35.9720 57.6964 0.0000
      vertex 35.9574 57.6909 0.0000
      vertex 35.9574 57.6909 2.4000
    endloop
  endfacet
  facet normal -0.352865 0.935674 0.000000
    outer loop
      vertex 35.9720 57.6964 0.0000
      vertex 35.9574 57.6909 2.4000
      vertex 35.9720 57.6964 2.4000
    endloop
  endfacet
  facet normal -0.338217 0.941068 0.000000
    outer loop
      vertex 35.9574 57.6909 0.0000
      vertex 34.9630 57.3336 0.0000
      vertex 34.9630 57.3336 2.4000
    endloop
  endfacet
  facet normal -0.338217 0.941068 0.000000
    outer loop
      vertex 35.9574 57.6909 0.0000
      vertex 34.9630 57.3336 2.4000
      vertex 35.9574 57.6909 2.4000
    endloop
  endfacet
  facet normal -0.278680 0.960384 0.000000
    outer loop
      vertex 34.9630 57.3336 0.0000
      vertex 34.9030 57.3161 0.0000
      vertex 34.9030 57.3161 2.4000
    endloop
  endfacet
  facet normal -0.278680 0.960384 0.000000
    outer loop
      vertex 34.9630 57.3336 0.0000
      vertex 34.9030 57.3161 2.4000
      vertex 34.9630 57.3336 2.4000
    endloop
  endfacet
  facet normal -0.156569 0.987667 0.000000
    outer loop
      vertex 34.9030 57.3161 0.0000
      vertex 34.8412 57.3064 0.0000
      vertex 34.8412 57.3064 2.4000
    endloop
  endfacet
  facet normal -0.156569 0.987667 0.000000
    outer loop
      vertex 34.9030 57.3161 0.0000
      vertex 34.8412 57.3064 2.4000
      vertex 34.9030 57.3161 2.4000
    endloop
  endfacet
  facet normal -0.032006 0.999488 0.000000
    outer loop
      vertex 34.8412 57.3064 0.0000
      vertex 34.7786 57.3044 0.0000
      vertex 34.7786 57.3044 2.4000
    endloop
  endfacet
  facet normal -0.032006 0.999488 0.000000
    outer loop
      vertex 34.8412 57.3064 0.0000
      vertex 34.7786 57.3044 2.4000
      vertex 34.8412 57.3064 2.4000
    endloop
  endfacet
  facet normal 0.093057 0.995661 0.000000
    outer loop
      vertex 34.7786 57.3044 0.0000
      vertex 34.7164 57.3102 0.0000
      vertex 34.7164 57.3102 2.4000
    endloop
  endfacet
  facet normal 0.093057 0.995661 -0.000000
    outer loop
      vertex 34.7786 57.3044 0.0000
      vertex 34.7164 57.3102 2.4000
      vertex 34.7786 57.3044 2.4000
    endloop
  endfacet
  facet normal 0.216664 0.976246 0.000000
    outer loop
      vertex 34.7164 57.3102 0.0000
      vertex 34.6553 57.3237 0.0000
      vertex 34.6553 57.3237 2.4000
    endloop
  endfacet
  facet normal 0.216664 0.976246 -0.000000
    outer loop
      vertex 34.7164 57.3102 0.0000
      vertex 34.6553 57.3237 2.4000
      vertex 34.7164 57.3102 2.4000
    endloop
  endfacet
  facet normal 0.336878 0.941548 0.000000
    outer loop
      vertex 34.6553 57.3237 0.0000
      vertex 34.5964 57.3448 0.0000
      vertex 34.5964 57.3448 2.4000
    endloop
  endfacet
  facet normal 0.336878 0.941548 -0.000000
    outer loop
      vertex 34.6553 57.3237 0.0000
      vertex 34.5964 57.3448 2.4000
      vertex 34.6553 57.3237 2.4000
    endloop
  endfacet
  facet normal 0.451819 0.892110 0.000000
    outer loop
      vertex 34.5964 57.3448 0.0000
      vertex 34.5406 57.3731 0.0000
      vertex 34.5406 57.3731 2.4000
    endloop
  endfacet
  facet normal 0.451819 0.892110 -0.000000
    outer loop
      vertex 34.5964 57.3448 0.0000
      vertex 34.5406 57.3731 2.4000
      vertex 34.5964 57.3448 2.4000
    endloop
  endfacet
  facet normal 0.559686 0.828705 0.000000
    outer loop
      vertex 34.5406 57.3731 0.0000
      vertex 34.4887 57.4081 0.0000
      vertex 34.4887 57.4081 2.4000
    endloop
  endfacet
  facet normal 0.559686 0.828705 -0.000000
    outer loop
      vertex 34.5406 57.3731 0.0000
      vertex 34.4887 57.4081 2.4000
      vertex 34.5406 57.3731 2.4000
    endloop
  endfacet
  facet normal 0.610434 0.792067 0.000000
    outer loop
      vertex 34.4887 57.4081 0.0000
      vertex 34.1606 57.6609 0.0000
      vertex 34.1606 57.6609 2.4000
    endloop
  endfacet
  facet normal 0.610434 0.792067 -0.000000
    outer loop
      vertex 34.4887 57.4081 0.0000
      vertex 34.1606 57.6609 2.4000
      vertex 34.4887 57.4081 2.4000
    endloop
  endfacet
  facet normal 0.664257 0.747504 0.000000
    outer loop
      vertex 34.1606 57.6609 0.0000
      vertex 34.1084 57.7073 0.0000
      vertex 34.1084 57.7073 2.4000
    endloop
  endfacet
  facet normal 0.664257 0.747504 -0.000000
    outer loop
      vertex 34.1606 57.6609 0.0000
      vertex 34.1084 57.7073 2.4000
      vertex 34.1606 57.6609 2.4000
    endloop
  endfacet
  facet normal 0.761925 0.647665 0.000000
    outer loop
      vertex 34.1084 57.7073 0.0000
      vertex 34.0632 57.7605 0.0000
      vertex 34.0632 57.7605 2.4000
    endloop
  endfacet
  facet normal 0.761925 0.647665 -0.000000
    outer loop
      vertex 34.1084 57.7073 0.0000
      vertex 34.0632 57.7605 2.4000
      vertex 34.1084 57.7073 2.4000
    endloop
  endfacet
  facet normal 0.844731 0.535191 0.000000
    outer loop
      vertex 34.0632 57.7605 0.0000
      vertex 34.0258 57.8195 0.0000
      vertex 34.0258 57.8195 2.4000
    endloop
  endfacet
  facet normal 0.844731 0.535191 -0.000000
    outer loop
      vertex 34.0632 57.7605 0.0000
      vertex 34.0258 57.8195 2.4000
      vertex 34.0632 57.7605 2.4000
    endloop
  endfacet
  facet normal 0.911058 0.412278 0.000000
    outer loop
      vertex 34.0258 57.8195 0.0000
      vertex 33.9970 57.8831 0.0000
      vertex 33.9970 57.8831 2.4000
    endloop
  endfacet
  facet normal 0.911058 0.412278 -0.000000
    outer loop
      vertex 34.0258 57.8195 0.0000
      vertex 33.9970 57.8831 2.4000
      vertex 34.0258 57.8195 2.4000
    endloop
  endfacet
  facet normal 0.959613 0.281323 0.000000
    outer loop
      vertex 33.9970 57.8831 0.0000
      vertex 33.9774 57.9502 0.0000
      vertex 33.9774 57.9502 2.4000
    endloop
  endfacet
  facet normal 0.959613 0.281323 -0.000000
    outer loop
      vertex 33.9970 57.8831 0.0000
      vertex 33.9774 57.9502 2.4000
      vertex 33.9970 57.8831 2.4000
    endloop
  endfacet
  facet normal 0.976916 0.213622 0.000000
    outer loop
      vertex 33.9774 57.9502 0.0000
      vertex 33.7317 59.0736 0.0000
      vertex 33.7317 59.0736 2.4000
    endloop
  endfacet
  facet normal 0.976916 0.213622 -0.000000
    outer loop
      vertex 33.9774 57.9502 0.0000
      vertex 33.7317 59.0736 2.4000
      vertex 33.9774 57.9502 2.4000
    endloop
  endfacet
  facet normal 0.987956 0.154735 0.000000
    outer loop
      vertex 33.7317 59.0736 0.0000
      vertex 33.7225 59.1327 0.0000
      vertex 33.7225 59.1327 2.4000
    endloop
  endfacet
  facet normal 0.987956 0.154735 -0.000000
    outer loop
      vertex 33.7317 59.0736 0.0000
      vertex 33.7225 59.1327 2.4000
      vertex 33.7317 59.0736 2.4000
    endloop
  endfacet
  facet normal 0.999369 0.035507 0.000000
    outer loop
      vertex 33.7225 59.1327 0.0000
      vertex 33.7203 59.1926 0.0000
      vertex 33.7203 59.1926 2.4000
    endloop
  endfacet
  facet normal 0.999369 0.035507 -0.000000
    outer loop
      vertex 33.7225 59.1327 0.0000
      vertex 33.7203 59.1926 2.4000
      vertex 33.7225 59.1327 2.4000
    endloop
  endfacet
  facet normal 0.999702 -0.024405 0.000000
    outer loop
      vertex 33.7203 59.1926 0.0000
      vertex 33.7664 61.0792 0.0000
      vertex 33.7664 61.0792 2.4000
    endloop
  endfacet
  facet normal 0.999702 -0.024405 0.000000
    outer loop
      vertex 33.7203 59.1926 0.0000
      vertex 33.7664 61.0792 2.4000
      vertex 33.7203 59.1926 2.4000
    endloop
  endfacet
  facet normal 0.996983 -0.077619 0.000000
    outer loop
      vertex 33.7664 61.0792 0.0000
      vertex 33.7705 61.1323 0.0000
      vertex 33.7705 61.1323 2.4000
    endloop
  endfacet
  facet normal 0.996983 -0.077619 0.000000
    outer loop
      vertex 33.7664 61.0792 0.0000
      vertex 33.7705 61.1323 2.4000
      vertex 33.7664 61.0792 2.4000
    endloop
  endfacet
  facet normal 0.991433 -0.130613 0.000000
    outer loop
      vertex 33.7705 61.1323 0.0000
      vertex 34.0718 63.4194 0.0000
      vertex 34.0718 63.4194 2.4000
    endloop
  endfacet
  facet normal 0.991433 -0.130613 0.000000
    outer loop
      vertex 33.7705 61.1323 0.0000
      vertex 34.0718 63.4194 2.4000
      vertex 33.7705 61.1323 2.4000
    endloop
  endfacet
  facet normal 0.987158 -0.159746 0.000000
    outer loop
      vertex 34.0718 63.4194 0.0000
      vertex 34.0765 63.4485 0.0000
      vertex 34.0765 63.4485 2.4000
    endloop
  endfacet
  facet normal 0.987158 -0.159746 0.000000
    outer loop
      vertex 34.0718 63.4194 0.0000
      vertex 34.0765 63.4485 2.4000
      vertex 34.0718 63.4194 2.4000
    endloop
  endfacet
  facet normal 0.982027 -0.188740 0.000000
    outer loop
      vertex 34.0765 63.4485 0.0000
      vertex 34.5409 65.8646 0.0000
      vertex 34.5409 65.8646 2.4000
    endloop
  endfacet
  facet normal 0.982027 -0.188740 0.000000
    outer loop
      vertex 34.0765 63.4485 0.0000
      vertex 34.5409 65.8646 2.4000
      vertex 34.0765 63.4485 2.4000
    endloop
  endfacet
  facet normal 0.978358 -0.206918 0.000000
    outer loop
      vertex 34.5409 65.8646 0.0000
      vertex 34.5447 65.8827 0.0000
      vertex 34.5447 65.8827 2.4000
    endloop
  endfacet
  facet normal 0.978358 -0.206918 0.000000
    outer loop
      vertex 34.5409 65.8646 0.0000
      vertex 34.5447 65.8827 2.4000
      vertex 34.5409 65.8646 2.4000
    endloop
  endfacet
  facet normal 0.974353 -0.225026 0.000000
    outer loop
      vertex 34.5447 65.8827 0.0000
      vertex 35.0751 68.1793 0.0000
      vertex 35.0751 68.1793 2.4000
    endloop
  endfacet
  facet normal 0.974353 -0.225026 0.000000
    outer loop
      vertex 34.5447 65.8827 0.0000
      vertex 35.0751 68.1793 2.4000
      vertex 34.5447 65.8827 2.4000
    endloop
  endfacet
  facet normal 0.971418 -0.237376 0.000000
    outer loop
      vertex 35.0751 68.1793 0.0000
      vertex 35.0781 68.1916 0.0000
      vertex 35.0781 68.1916 2.4000
    endloop
  endfacet
  facet normal 0.971418 -0.237376 0.000000
    outer loop
      vertex 35.0751 68.1793 0.0000
      vertex 35.0781 68.1916 2.4000
      vertex 35.0751 68.1793 2.4000
    endloop
  endfacet
  facet normal 0.968326 -0.249689 0.000000
    outer loop
      vertex 35.0781 68.1916 0.0000
      vertex 35.5771 70.1265 0.0000
      vertex 35.5771 70.1265 2.4000
    endloop
  endfacet
  facet normal 0.968326 -0.249689 0.000000
    outer loop
      vertex 35.0781 68.1916 0.0000
      vertex 35.5771 70.1265 2.4000
      vertex 35.0781 68.1916 2.4000
    endloop
  endfacet
  facet normal 0.966000 -0.258544 0.000000
    outer loop
      vertex 35.5771 70.1265 0.0000
      vertex 35.5794 70.1354 0.0000
      vertex 35.5794 70.1354 2.4000
    endloop
  endfacet
  facet normal 0.966000 -0.258544 0.000000
    outer loop
      vertex 35.5771 70.1265 0.0000
      vertex 35.5794 70.1354 2.4000
      vertex 35.5771 70.1265 2.4000
    endloop
  endfacet
  facet normal 0.963592 -0.267377 0.000000
    outer loop
      vertex 35.5794 70.1354 0.0000
      vertex 35.9495 71.4691 0.0000
      vertex 35.9495 71.4691 2.4000
    endloop
  endfacet
  facet normal 0.963592 -0.267377 0.000000
    outer loop
      vertex 35.5794 70.1354 0.0000
      vertex 35.9495 71.4691 2.4000
      vertex 35.5794 70.1354 2.4000
    endloop
  endfacet
  facet normal 0.961854 -0.273562 0.000000
    outer loop
      vertex 35.9495 71.4691 0.0000
      vertex 35.9513 71.4753 0.0000
      vertex 35.9513 71.4753 2.4000
    endloop
  endfacet
  facet normal 0.961854 -0.273562 0.000000
    outer loop
      vertex 35.9495 71.4691 0.0000
      vertex 35.9513 71.4753 2.4000
      vertex 35.9495 71.4691 2.4000
    endloop
  endfacet
  facet normal 0.960077 -0.279735 0.000000
    outer loop
      vertex 35.9513 71.4753 0.0000
      vertex 35.9701 71.5399 0.0000
      vertex 35.9701 71.5399 2.4000
    endloop
  endfacet
  facet normal 0.960077 -0.279735 0.000000
    outer loop
      vertex 35.9513 71.4753 0.0000
      vertex 35.9701 71.5399 2.4000
      vertex 35.9513 71.4753 2.4000
    endloop
  endfacet
  facet normal 0.940097 -0.340907 0.000000
    outer loop
      vertex 35.9701 71.5399 0.0000
      vertex 35.9920 71.6003 0.0000
      vertex 35.9920 71.6003 2.4000
    endloop
  endfacet
  facet normal 0.940097 -0.340907 0.000000
    outer loop
      vertex 35.9701 71.5399 0.0000
      vertex 35.9920 71.6003 2.4000
      vertex 35.9701 71.5399 2.4000
    endloop
  endfacet
  facet normal 0.888555 -0.458769 0.000000
    outer loop
      vertex 35.9920 71.6003 0.0000
      vertex 36.0215 71.6575 0.0000
      vertex 36.0215 71.6575 2.4000
    endloop
  endfacet
  facet normal 0.888555 -0.458769 0.000000
    outer loop
      vertex 35.9920 71.6003 0.0000
      vertex 36.0215 71.6575 2.4000
      vertex 35.9920 71.6003 2.4000
    endloop
  endfacet
  facet normal 0.822310 -0.569040 0.000000
    outer loop
      vertex 36.0215 71.6575 0.0000
      vertex 36.0581 71.7104 0.0000
      vertex 36.0581 71.7104 2.4000
    endloop
  endfacet
  facet normal 0.822310 -0.569040 0.000000
    outer loop
      vertex 36.0215 71.6575 0.0000
      vertex 36.0581 71.7104 2.4000
      vertex 36.0215 71.6575 2.4000
    endloop
  endfacet
  facet normal 0.742457 -0.669893 0.000000
    outer loop
      vertex 36.0581 71.7104 0.0000
      vertex 36.1012 71.7581 0.0000
      vertex 36.1012 71.7581 2.4000
    endloop
  endfacet
  facet normal 0.742457 -0.669893 0.000000
    outer loop
      vertex 36.0581 71.7104 0.0000
      vertex 36.1012 71.7581 2.4000
      vertex 36.0581 71.7104 2.4000
    endloop
  endfacet
  facet normal 0.650318 -0.759662 0.000000
    outer loop
      vertex 36.1012 71.7581 0.0000
      vertex 36.1501 71.8000 0.0000
      vertex 36.1501 71.8000 2.4000
    endloop
  endfacet
  facet normal 0.650318 -0.759662 0.000000
    outer loop
      vertex 36.1012 71.7581 0.0000
      vertex 36.1501 71.8000 2.4000
      vertex 36.1012 71.7581 2.4000
    endloop
  endfacet
  facet normal 0.547418 -0.836860 0.000000
    outer loop
      vertex 36.1501 71.8000 0.0000
      vertex 36.2039 71.8352 0.0000
      vertex 36.2039 71.8352 2.4000
    endloop
  endfacet
  facet normal 0.547418 -0.836860 0.000000
    outer loop
      vertex 36.1501 71.8000 0.0000
      vertex 36.2039 71.8352 2.4000
      vertex 36.1501 71.8000 2.4000
    endloop
  endfacet
  facet normal 0.435458 -0.900209 0.000000
    outer loop
      vertex 36.2039 71.8352 0.0000
      vertex 36.2618 71.8632 0.0000
      vertex 36.2618 71.8632 2.4000
    endloop
  endfacet
  facet normal 0.435458 -0.900209 0.000000
    outer loop
      vertex 36.2039 71.8352 0.0000
      vertex 36.2618 71.8632 2.4000
      vertex 36.2039 71.8352 2.4000
    endloop
  endfacet
  facet normal 0.316293 -0.948661 0.000000
    outer loop
      vertex 36.2618 71.8632 0.0000
      vertex 36.3228 71.8835 0.0000
      vertex 36.3228 71.8835 2.4000
    endloop
  endfacet
  facet normal 0.316293 -0.948661 0.000000
    outer loop
      vertex 36.2618 71.8632 0.0000
      vertex 36.3228 71.8835 2.4000
      vertex 36.2618 71.8632 2.4000
    endloop
  endfacet
  facet normal 0.191894 -0.981416 0.000000
    outer loop
      vertex 36.3228 71.8835 0.0000
      vertex 36.3859 71.8959 0.0000
      vertex 36.3859 71.8959 2.4000
    endloop
  endfacet
  facet normal 0.191894 -0.981416 0.000000
    outer loop
      vertex 36.3228 71.8835 0.0000
      vertex 36.3859 71.8959 2.4000
      vertex 36.3228 71.8835 2.4000
    endloop
  endfacet
  facet normal 0.064319 -0.997929 0.000000
    outer loop
      vertex 36.3859 71.8959 0.0000
      vertex 36.4501 71.9000 0.0000
      vertex 36.4501 71.9000 2.4000
    endloop
  endfacet
  facet normal 0.064319 -0.997929 0.000000
    outer loop
      vertex 36.3859 71.8959 0.0000
      vertex 36.4501 71.9000 2.4000
      vertex 36.3859 71.8959 2.4000
    endloop
  endfacet
  facet normal 0.000000 -1.000000 0.000000
    outer loop
      vertex 36.4501 71.9000 0.0000
      vertex 71.4000 71.9000 0.0000
      vertex 71.4000 71.9000 2.4000
    endloop
  endfacet
  facet normal 0.000000 -1.000000 0.000000
    outer loop
      vertex 36.4501 71.9000 0.0000
      vertex 71.4000 71.9000 2.4000
      vertex 36.4501 71.9000 2.4000
    endloop
  endfacet
  facet normal -0.065403 -0.997859 0.000000
    outer loop
      vertex 71.4000 71.9000 0.0000
      vertex 71.4653 71.8957 0.0000
      vertex 71.4653 71.8957 2.4000
    endloop
  endfacet
  facet normal -0.065403 -0.997859 0.000000
    outer loop
      vertex 71.4000 71.9000 0.0000
      vertex 71.4653 71.8957 2.4000
      vertex 71.4000 71.9000 2.4000
    endloop
  endfacet
  facet normal -0.195090 -0.980785 0.000000
    outer loop
      vertex 71.4653 71.8957 0.0000
      vertex 71.5294 71.8830 0.0000
      vertex 71.5294 71.8830 2.4000
    endloop
  endfacet
  facet normal -0.195090 -0.980785 0.000000
    outer loop
      vertex 71.4653 71.8957 0.0000
      vertex 71.5294 71.8830 2.4000
      vertex 71.4653 71.8957 2.4000
    endloop
  endfacet
  facet normal -0.321439 -0.946930 0.000000
    outer loop
      vertex 71.5294 71.8830 0.0000
      vertex 71.5913 71.8619 0.0000
      vertex 71.5913 71.8619 2.4000
    endloop
  endfacet
  facet normal -0.321439 -0.946930 0.000000
    outer loop
      vertex 71.5294 71.8830 0.0000
      vertex 71.5913 71.8619 2.4000
      vertex 71.5294 71.8830 2.4000
    endloop
  endfacet
  facet normal -0.442289 -0.896873 0.000000
    outer loop
      vertex 71.5913 71.8619 0.0000
      vertex 71.6500 71.8330 0.0000
      vertex 71.6500 71.8330 2.4000
    endloop
  endfacet
  facet normal -0.442289 -0.896873 0.000000
    outer loop
      vertex 71.5913 71.8619 0.0000
      vertex 71.6500 71.8330 2.4000
      vertex 71.5913 71.8619 2.4000
    endloop
  endfacet
  facet normal -0.555570 -0.831470 0.000000
    outer loop
      vertex 71.6500 71.8330 0.0000
      vertex 71.7044 71.7967 0.0000
      vertex 71.7044 71.7967 2.4000
    endloop
  endfacet
  facet normal -0.555570 -0.831470 0.000000
    outer loop
      vertex 71.6500 71.8330 0.0000
      vertex 71.7044 71.7967 2.4000
      vertex 71.6500 71.8330 2.4000
    endloop
  endfacet
  facet normal -0.659346 -0.751840 0.000000
    outer loop
      vertex 71.7044 71.7967 0.0000
      vertex 71.7536 71.7536 0.0000
      vertex 71.7536 71.7536 2.4000
    endloop
  endfacet
  facet normal -0.659346 -0.751840 0.000000
    outer loop
      vertex 71.7044 71.7967 0.0000
      vertex 71.7536 71.7536 2.4000
      vertex 71.7044 71.7967 2.4000
    endloop
  endfacet
  facet normal -0.751840 -0.659346 0.000000
    outer loop
      vertex 71.7536 71.7536 0.0000
      vertex 71.7967 71.7044 0.0000
      vertex 71.7967 71.7044 2.4000
    endloop
  endfacet
  facet normal -0.751840 -0.659346 0.000000
    outer loop
      vertex 71.7536 71.7536 0.0000
      vertex 71.7967 71.7044 2.4000
      vertex 71.7536 71.7536 2.4000
    endloop
  endfacet
  facet normal -0.831470 -0.555570 0.000000
    outer loop
      vertex 71.7967 71.7044 0.0000
      vertex 71.8330 71.6500 0.0000
      vertex 71.8330 71.6500 2.4000
    endloop
  endfacet
  facet normal -0.831470 -0.555570 0.000000
    outer loop
      vertex 71.7967 71.7044 0.0000
      vertex 71.8330 71.6500 2.4000
      vertex 71.7967 71.7044 2.4000
    endloop
  endfacet
  facet normal -0.896873 -0.442289 0.000000
    outer loop
      vertex 71.8330 71.6500 0.0000
      vertex 71.8619 71.5913 0.0000
      vertex 71.8619 71.5913 2.4000
    endloop
  endfacet
  facet normal -0.896873 -0.442289 0.000000
    outer loop
      vertex 71.8330 71.6500 0.0000
      vertex 71.8619 71.5913 2.4000
      vertex 71.8330 71.6500 2.4000
    endloop
  endfacet
  facet normal -0.946930 -0.321439 0.000000
    outer loop
      vertex 71.8619 71.5913 0.0000
      vertex 71.8830 71.5294 0.0000
      vertex 71.8830 71.5294 2.4000
    endloop
  endfacet
  facet normal -0.946930 -0.321439 0.000000
    outer loop
      vertex 71.8619 71.5913 0.0000
      vertex 71.8830 71.5294 2.4000
      vertex 71.8619 71.5913 2.4000
    endloop
  endfacet
  facet normal -0.980785 -0.195090 0.000000
    outer loop
      vertex 71.8830 71.5294 0.0000
      vertex 71.8957 71.4653 0.0000
      vertex 71.8957 71.4653 2.4000
    endloop
  endfacet
  facet normal -0.980785 -0.195090 0.000000
    outer loop
      vertex 71.8830 71.5294 0.0000
      vertex 71.8957 71.4653 2.4000
      vertex 71.8830 71.5294 2.4000
    endloop
  endfacet
  facet normal -0.997859 -0.065403 0.000000
    outer loop
      vertex 71.8957 71.4653 0.0000
      vertex 71.9000 71.4000 0.0000
      vertex 71.9000 71.4000 2.4000
    endloop
  endfacet
  facet normal -0.997859 -0.065403 0.000000
    outer loop
      vertex 71.8957 71.4653 0.0000
      vertex 71.9000 71.4000 2.4000
      vertex 71.8957 71.4653 2.4000
    endloop
  endfacet
  facet normal -1.000000 0.000000 0.000000
    outer loop
      vertex 71.9000 71.4000 0.0000
      vertex 71.9000 36.7961 0.0000
      vertex 71.9000 36.7961 2.4000
    endloop
  endfacet
  facet normal -1.000000 0.000000 0.000000
    outer loop
      vertex 71.9000 71.4000 0.0000
      vertex 71.9000 36.7961 2.4000
      vertex 71.9000 71.4000 2.4000
    endloop
  endfacet
  facet normal -0.997838 0.065719 0.000000
    outer loop
      vertex 71.9000 36.7961 0.0000
      vertex 71.8957 36.7305 0.0000
      vertex 71.8957 36.7305 2.4000
    endloop
  endfacet
  facet normal -0.997838 0.065719 0.000000
    outer loop
      vertex 71.9000 36.7961 0.0000
      vertex 71.8957 36.7305 2.4000
      vertex 71.9000 36.7961 2.4000
    endloop
  endfacet
  facet normal -0.980599 0.196022 0.000000
    outer loop
      vertex 71.8957 36.7305 0.0000
      vertex 71.8828 36.6661 0.0000
      vertex 71.8828 36.6661 2.4000
    endloop
  endfacet
  facet normal -0.980599 0.196022 0.000000
    outer loop
      vertex 71.8957 36.7305 0.0000
      vertex 71.8828 36.6661 2.4000
      vertex 71.8957 36.7305 2.4000
    endloop
  endfacet
  facet normal -0.946420 0.322939 0.000000
    outer loop
      vertex 71.8828 36.6661 0.0000
      vertex 71.8616 36.6039 0.0000
      vertex 71.8616 36.6039 2.4000
    endloop
  endfacet
  facet normal -0.946420 0.322939 0.000000
    outer loop
      vertex 71.8828 36.6661 0.0000
      vertex 71.8616 36.6039 2.4000
      vertex 71.8828 36.6661 2.4000
    endloop
  endfacet
  facet normal -0.895890 0.444277 0.000000
    outer loop
      vertex 71.8616 36.6039 0.0000
      vertex 71.8324 36.5450 0.0000
      vertex 71.8324 36.5450 2.4000
    endloop
  endfacet
  facet normal -0.895890 0.444277 0.000000
    outer loop
      vertex 71.8616 36.6039 0.0000
      vertex 71.8324 36.5450 2.4000
      vertex 71.8616 36.6039 2.4000
    endloop
  endfacet
  facet normal -0.829882 0.557939 0.000000
    outer loop
      vertex 71.8324 36.5450 0.0000
      vertex 71.7957 36.4905 0.0000
      vertex 71.7957 36.4905 2.4000
    endloop
  endfacet
  facet normal -0.829882 0.557939 0.000000
    outer loop
      vertex 71.8324 36.5450 0.0000
      vertex 71.7957 36.4905 2.4000
      vertex 71.8324 36.5450 2.4000
    endloop
  endfacet
  facet normal -0.749537 0.661962 0.000000
    outer loop
      vertex 71.7957 36.4905 0.0000
      vertex 71.7522 36.4412 0.0000
      vertex 71.7522 36.4412 2.4000
    endloop
  endfacet
  facet normal -0.749537 0.661962 0.000000
    outer loop
      vertex 71.7957 36.4905 0.0000
      vertex 71.7522 36.4412 2.4000
      vertex 71.7957 36.4905 2.4000
    endloop
  endfacet
  facet normal -0.656244 0.754549 0.000000
    outer loop
      vertex 71.7522 36.4412 0.0000
      vertex 71.7026 36.3981 0.0000
      vertex 71.7026 36.3981 2.4000
    endloop
  endfacet
  facet normal -0.656244 0.754549 0.000000
    outer loop
      vertex 71.7522 36.4412 0.0000
      vertex 71.7026 36.3981 2.4000
      vertex 71.7522 36.4412 2.4000
    endloop
  endfacet
  facet normal -0.551613 0.834100 0.000000
    outer loop
      vertex 71.7026 36.3981 0.0000
      vertex 71.6478 36.3618 0.0000
      vertex 71.6478 36.3618 2.4000
    endloop
  endfacet
  facet normal -0.551613 0.834100 0.000000
    outer loop
      vertex 71.7026 36.3981 0.0000
      vertex 71.6478 36.3618 2.4000
      vertex 71.7026 36.3981 2.4000
    endloop
  endfacet
  facet normal -0.437452 0.899242 0.000000
    outer loop
      vertex 71.6478 36.3618 0.0000
      vertex 71.5887 36.3331 0.0000
      vertex 71.5887 36.3331 2.4000
    endloop
  endfacet
  facet normal -0.437452 0.899242 0.000000
    outer loop
      vertex 71.6478 36.3618 0.0000
      vertex 71.5887 36.3331 2.4000
      vertex 71.6478 36.3618 2.4000
    endloop
  endfacet
  facet normal -0.315734 0.948848 0.000000
    outer loop
      vertex 71.5887 36.3331 0.0000
      vertex 71.5263 36.3123 0.0000
      vertex 71.5263 36.3123 2.4000
    endloop
  endfacet
  facet normal -0.315734 0.948848 0.000000
    outer loop
      vertex 71.5887 36.3331 0.0000
      vertex 71.5263 36.3123 2.4000
      vertex 71.5887 36.3331 2.4000
    endloop
  endfacet
  facet normal -0.188561 0.982062 0.000000
    outer loop
      vertex 71.5263 36.3123 0.0000
      vertex 71.4618 36.2999 0.0000
      vertex 71.4618 36.2999 2.4000
    endloop
  endfacet
  facet normal -0.188561 0.982062 0.000000
    outer loop
      vertex 71.5263 36.3123 0.0000
      vertex 71.4618 36.2999 2.4000
      vertex 71.5263 36.3123 2.4000
    endloop
  endfacet
  facet normal -0.058130 0.998309 0.000000
    outer loop
      vertex 71.4618 36.2999 0.0000
      vertex 71.3962 36.2961 0.0000
      vertex 71.3962 36.2961 2.4000
    endloop
  endfacet
  facet normal -0.058130 0.998309 0.000000
    outer loop
      vertex 71.4618 36.2999 0.0000
      vertex 71.3962 36.2961 2.4000
      vertex 71.4618 36.2999 2.4000
    endloop
  endfacet
  facet normal 0.073304 0.997310 0.000000
    outer loop
      vertex 71.3962 36.2961 0.0000
      vertex 71.3307 36.3009 0.0000
      vertex 71.3307 36.3009 2.4000
    endloop
  endfacet
  facet normal 0.073304 0.997310 -0.000000
    outer loop
      vertex 71.3962 36.2961 0.0000
      vertex 71.3307 36.3009 2.4000
      vertex 71.3962 36.2961 2.4000
    endloop
  endfacet
  facet normal 0.203473 0.979081 0.000000
    outer loop
      vertex 71.3307 36.3009 0.0000
      vertex 71.2663 36.3143 0.0000
      vertex 71.2663 36.3143 2.4000
    endloop
  endfacet
  facet normal 0.203473 0.979081 -0.000000
    outer loop
      vertex 71.3307 36.3009 0.0000
      vertex 71.2663 36.3143 2.4000
      vertex 71.3307 36.3009 2.4000
    endloop
  endfacet
  facet normal 0.267377 0.963592 0.000000
    outer loop
      vertex 71.2663 36.3143 0.0000
      vertex 70.1850 36.6144 0.0000
      vertex 70.1850 36.6144 2.4000
    endloop
  endfacet
  facet normal 0.267377 0.963592 -0.000000
    outer loop
      vertex 71.2663 36.3143 0.0000
      vertex 70.1850 36.6144 2.4000
      vertex 71.2663 36.3143 2.4000
    endloop
  endfacet
  facet normal 0.261701 0.965149 0.000000
    outer loop
      vertex 70.1850 36.6144 0.0000
      vertex 70.1832 36.6148 0.0000
      vertex 70.1832 36.6148 2.4000
    endloop
  endfacet
  facet normal 0.261701 0.965149 -0.000000
    outer loop
      vertex 70.1850 36.6144 0.0000
      vertex 70.1832 36.6148 2.4000
      vertex 70.1850 36.6144 2.4000
    endloop
  endfacet
  facet normal 0.249699 0.968324 0.000000
    outer loop
      vertex 70.1832 36.6148 0.0000
      vertex 68.2357 37.1170 0.0000
      vertex 68.2357 37.1170 2.4000
    endloop
  endfacet
  facet normal 0.249699 0.968324 -0.000000
    outer loop
      vertex 70.1832 36.6148 0.0000
      vertex 68.2357 37.1170 2.4000
      vertex 70.1832 36.6148 2.4000
    endloop
  endfacet
  facet normal 0.243537 0.969892 0.000000
    outer loop
      vertex 68.2357 37.1170 0.0000
      vertex 68.2337 37.1175 0.0000
      vertex 68.2337 37.1175 2.4000
    endloop
  endfacet
  facet normal 0.243537 0.969892 -0.000000
    outer loop
      vertex 68.2357 37.1170 0.0000
      vertex 68.2337 37.1175 2.4000
      vertex 68.2357 37.1170 2.4000
    endloop
  endfacet
  facet normal 0.232969 0.972484 0.000000
    outer loop
      vertex 68.2337 37.1175 0.0000
      vertex 68.2297 37.1185 0.0000
      vertex 68.2297 37.1185 2.4000
    endloop
  endfacet
  facet normal 0.232969 0.972484 -0.000000
    outer loop
      vertex 68.2337 37.1175 0.0000
      vertex 68.2297 37.1185 2.4000
      vertex 68.2337 37.1175 2.4000
    endloop
  endfacet
  facet normal 0.225026 0.974353 0.000000
    outer loop
      vertex 68.2297 37.1185 0.0000
      vertex 65.9192 37.6521 0.0000
      vertex 65.9192 37.6521 2.4000
    endloop
  endfacet
  facet normal 0.225026 0.974353 -0.000000
    outer loop
      vertex 68.2297 37.1185 0.0000
      vertex 65.9192 37.6521 2.4000
      vertex 68.2297 37.1185 2.4000
    endloop
  endfacet
  facet normal 0.215981 0.976398 0.000000
    outer loop
      vertex 65.9192 37.6521 0.0000
      vertex 65.9163 37.6528 0.0000
      vertex 65.9163 37.6528 2.4000
    endloop
  endfacet
  facet normal 0.215981 0.976398 -0.000000
    outer loop
      vertex 65.9192 37.6521 0.0000
      vertex 65.9163 37.6528 2.4000
      vertex 65.9192 37.6521 2.4000
    endloop
  endfacet
  facet normal 0.200434 0.979707 0.000000
    outer loop
      vertex 65.9163 37.6528 0.0000
      vertex 65.9103 37.6540 0.0000
      vertex 65.9103 37.6540 2.4000
    endloop
  endfacet
  facet normal 0.200434 0.979707 -0.000000
    outer loop
      vertex 65.9163 37.6528 0.0000
      vertex 65.9103 37.6540 2.4000
      vertex 65.9163 37.6528 2.4000
    endloop
  endfacet
  facet normal 0.188740 0.982027 0.000000
    outer loop
      vertex 65.9103 37.6540 0.0000
      vertex 63.4725 38.1225 0.0000
      vertex 63.4725 38.1225 2.4000
    endloop
  endfacet
  facet normal 0.188740 0.982027 -0.000000
    outer loop
      vertex 65.9103 37.6540 0.0000
      vertex 63.4725 38.1225 2.4000
      vertex 65.9103 37.6540 2.4000
    endloop
  endfacet
  facet normal 0.174262 0.984699 0.000000
    outer loop
      vertex 63.4725 38.1225 0.0000
      vertex 63.4660 38.1237 0.0000
      vertex 63.4660 38.1237 2.4000
    endloop
  endfacet
  facet normal 0.174262 0.984699 -0.000000
    outer loop
      vertex 63.4725 38.1225 0.0000
      vertex 63.4660 38.1237 2.4000
      vertex 63.4725 38.1225 2.4000
    endloop
  endfacet
  facet normal 0.145195 0.989403 0.000000
    outer loop
      vertex 63.4660 38.1237 0.0000
      vertex 63.4594 38.1246 0.0000
      vertex 63.4594 38.1246 2.4000
    endloop
  endfacet
  facet normal 0.145195 0.989403 -0.000000
    outer loop
      vertex 63.4660 38.1237 0.0000
      vertex 63.4594 38.1246 2.4000
      vertex 63.4660 38.1237 2.4000
    endloop
  endfacet
  facet normal 0.130613 0.991433 0.000000
    outer loop
      vertex 63.4594 38.1246 0.0000
      vertex 61.1333 38.4311 0.0000
      vertex 61.1333 38.4311 2.4000
    endloop
  endfacet
  facet normal 0.130613 0.991433 -0.000000
    outer loop
      vertex 63.4594 38.1246 0.0000
      vertex 61.1333 38.4311 2.4000
      vertex 63.4594 38.1246 2.4000
    endloop
  endfacet
  facet normal 0.104153 0.994561 0.000000
    outer loop
      vertex 61.1333 38.4311 0.0000
      vertex 61.1213 38.4323 0.0000
      vertex 61.1213 38.4323 2.4000
    endloop
  endfacet
  facet normal 0.104153 0.994561 -0.000000
    outer loop
      vertex 61.1333 38.4311 0.0000
      vertex 61.1213 38.4323 2.4000
      vertex 61.1333 38.4311 2.4000
    endloop
  endfacet
  facet normal 0.051030 0.998697 0.000000
    outer loop
      vertex 61.1213 38.4323 0.0000
      vertex 61.1094 38.4329 0.0000
      vertex 61.1094 38.4329 2.4000
    endloop
  endfacet
  facet normal 0.051030 0.998697 -0.000000
    outer loop
      vertex 61.1213 38.4323 0.0000
      vertex 61.1094 38.4329 2.4000
      vertex 61.1213 38.4323 2.4000
    endloop
  endfacet
  facet normal 0.024405 0.999702 0.000000
    outer loop
      vertex 61.1094 38.4329 0.0000
      vertex 59.1327 38.4812 0.0000
      vertex 59.1327 38.4812 2.4000
    endloop
  endfacet
  facet normal 0.024405 0.999702 -0.000000
    outer loop
      vertex 61.1094 38.4329 0.0000
      vertex 59.1327 38.4812 2.4000
      vertex 61.1094 38.4329 2.4000
    endloop
  endfacet
  facet normal -0.005554 0.999985 0.000000
    outer loop
      vertex 59.1327 38.4812 0.0000
      vertex 59.1248 38.4811 0.0000
      vertex 59.1248 38.4811 2.4000
    endloop
  endfacet
  facet normal -0.005554 0.999985 0.000000
    outer loop
      vertex 59.1327 38.4812 0.0000
      vertex 59.1248 38.4811 2.4000
      vertex 59.1327 38.4812 2.4000
    endloop
  endfacet
  facet normal -0.095292 0.995449 0.000000
    outer loop
      vertex 59.1248 38.4811 0.0000
      vertex 59.1020 38.4790 0.0000
      vertex 59.1020 38.4790 2.4000
    endloop
  endfacet
  facet normal -0.095292 0.995449 0.000000
    outer loop
      vertex 59.1248 38.4811 0.0000
      vertex 59.1020 38.4790 2.4000
      vertex 59.1248 38.4811 2.4000
    endloop
  endfacet
  facet normal -0.184261 0.982877 0.000000
    outer loop
      vertex 59.1020 38.4790 0.0000
      vertex 59.0941 38.4775 0.0000
      vertex 59.0941 38.4775 2.4000
    endloop
  endfacet
  facet normal -0.184261 0.982877 0.000000
    outer loop
      vertex 59.1020 38.4790 0.0000
      vertex 59.0941 38.4775 2.4000
      vertex 59.1020 38.4790 2.4000
    endloop
  endfacet
  facet normal -0.213622 0.976916 0.000000
    outer loop
      vertex 59.0941 38.4775 0.0000
      vertex 57.7024 38.1732 0.0000
      vertex 57.7024 38.1732 2.4000
    endloop
  endfacet
  facet normal -0.213622 0.976916 0.000000
    outer loop
      vertex 59.0941 38.4775 0.0000
      vertex 57.7024 38.1732 2.4000
      vertex 59.0941 38.4775 2.4000
    endloop
  endfacet
  facet normal -0.247624 0.968856 0.000000
    outer loop
      vertex 57.7024 38.1732 0.0000
      vertex 57.6934 38.1709 0.0000
      vertex 57.6934 38.1709 2.4000
    endloop
  endfacet
  facet normal -0.247624 0.968856 0.000000
    outer loop
      vertex 57.7024 38.1732 0.0000
      vertex 57.6934 38.1709 2.4000
      vertex 57.7024 38.1732 2.4000
    endloop
  endfacet
  facet normal -0.347649 0.937625 0.000000
    outer loop
      vertex 57.6934 38.1709 0.0000
      vertex 57.6744 38.1638 0.0000
      vertex 57.6744 38.1638 2.4000
    endloop
  endfacet
  facet normal -0.347649 0.937625 0.000000
    outer loop
      vertex 57.6934 38.1709 0.0000
      vertex 57.6744 38.1638 2.4000
      vertex 57.6934 38.1709 2.4000
    endloop
  endfacet
  facet normal -0.474894 0.880043 0.000000
    outer loop
      vertex 57.6744 38.1638 0.0000
      vertex 57.6622 38.1572 0.0000
      vertex 57.6622 38.1572 2.4000
    endloop
  endfacet
  facet normal -0.474894 0.880043 0.000000
    outer loop
      vertex 57.6744 38.1638 0.0000
      vertex 57.6622 38.1572 2.4000
      vertex 57.6744 38.1638 2.4000
    endloop
  endfacet
  facet normal -0.592876 0.805294 0.000000
    outer loop
      vertex 57.6622 38.1572 0.0000
      vertex 57.6511 38.1490 0.0000
      vertex 57.6511 38.1490 2.4000
    endloop
  endfacet
  facet normal -0.592876 0.805294 0.000000
    outer loop
      vertex 57.6622 38.1572 0.0000
      vertex 57.6511 38.1490 2.4000
      vertex 57.6622 38.1572 2.4000
    endloop
  endfacet
  facet normal -0.699292 0.714836 0.000000
    outer loop
      vertex 57.6511 38.1490 0.0000
      vertex 57.6366 38.1349 0.0000
      vertex 57.6366 38.1349 2.4000
    endloop
  endfacet
  facet normal -0.699292 0.714836 0.000000
    outer loop
      vertex 57.6511 38.1490 0.0000
      vertex 57.6366 38.1349 2.4000
      vertex 57.6511 38.1490 2.4000
    endloop
  endfacet
  facet normal -0.770256 0.637735 0.000000
    outer loop
      vertex 57.6366 38.1349 0.0000
      vertex 57.6307 38.1277 0.0000
      vertex 57.6307 38.1277 2.4000
    endloop
  endfacet
  facet normal -0.770256 0.637735 0.000000
    outer loop
      vertex 57.6366 38.1349 0.0000
      vertex 57.6307 38.1277 2.4000
      vertex 57.6366 38.1349 2.4000
    endloop
  endfacet
  facet normal -0.792067 0.610434 0.000000
    outer loop
      vertex 57.6307 38.1277 0.0000
      vertex 57.0540 37.3794 0.0000
      vertex 57.0540 37.3794 2.4000
    endloop
  endfacet
  facet normal -0.792067 0.610434 0.000000
    outer loop
      vertex 57.6307 38.1277 0.0000
      vertex 57.0540 37.3794 2.4000
      vertex 57.6307 38.1277 2.4000
    endloop
  endfacet
  facet normal -0.810783 0.585347 0.000000
    outer loop
      vertex 57.0540 37.3794 0.0000
      vertex 57.0491 37.3727 0.0000
      vertex 57.0491 37.3727 2.4000
    endloop
  endfacet
  facet normal -0.810783 0.585347 0.000000
    outer loop
      vertex 57.0540 37.3794 0.0000
      vertex 57.0491 37.3727 2.4000
      vertex 57.0540 37.3794 2.4000
    endloop
  endfacet
  facet normal -0.862096 0.506745 0.000000
    outer loop
      vertex 57.0491 37.3727 0.0000
      vertex 57.0399 37.3570 0.0000
      vertex 57.0399 37.3570 2.4000
    endloop
  endfacet
  facet normal -0.862096 0.506745 0.000000
    outer loop
      vertex 57.0491 37.3727 0.0000
      vertex 57.0399 37.3570 2.4000
      vertex 57.0491 37.3727 2.4000
    endloop
  endfacet
  facet normal -0.918628 0.395123 0.000000
    outer loop
      vertex 57.0399 37.3570 0.0000
      vertex 57.0350 37.3456 0.0000
      vertex 57.0350 37.3456 2.4000
    endloop
  endfacet
  facet normal -0.918628 0.395123 0.000000
    outer loop
      vertex 57.0399 37.3570 0.0000
      vertex 57.0350 37.3456 2.4000
      vertex 57.0399 37.3570 2.4000
    endloop
  endfacet
  facet normal -0.960779 0.277314 0.000000
    outer loop
      vertex 57.0350 37.3456 0.0000
      vertex 57.0315 37.3337 0.0000
      vertex 57.0315 37.3337 2.4000
    endloop
  endfacet
  facet normal -0.960779 0.277314 0.000000
    outer loop
      vertex 57.0350 37.3456 0.0000
      vertex 57.0315 37.3337 2.4000
      vertex 57.0350 37.3456 2.4000
    endloop
  endfacet
  facet normal -0.987889 0.155164 0.000000
    outer loop
      vertex 57.0315 37.3337 0.0000
      vertex 57.0296 37.3214 0.0000
      vertex 57.0296 37.3214 2.4000
    endloop
  endfacet
  facet normal -0.987889 0.155164 0.000000
    outer loop
      vertex 57.0315 37.3337 0.0000
      vertex 57.0296 37.3214 2.4000
      vertex 57.0315 37.3337 2.4000
    endloop
  endfacet
  facet normal -0.999532 0.030585 0.000000
    outer loop
      vertex 57.0296 37.3214 0.0000
      vertex 57.0292 37.3090 0.0000
      vertex 57.0292 37.3090 2.4000
    endloop
  endfacet
  facet normal -0.999532 0.030585 0.000000
    outer loop
      vertex 57.0296 37.3214 0.0000
      vertex 57.0292 37.3090 2.4000
      vertex 57.0296 37.3214 2.4000
    endloop
  endfacet
  facet normal -0.995527 -0.094473 0.000000
    outer loop
      vertex 57.0292 37.3090 0.0000
      vertex 57.0304 37.2967 0.0000
      vertex 57.0304 37.2967 2.4000
    endloop
  endfacet
  facet normal -0.995527 -0.094473 0.000000
    outer loop
      vertex 57.0292 37.3090 0.0000
      vertex 57.0304 37.2967 2.4000
      vertex 57.0292 37.3090 2.4000
    endloop
  endfacet
  facet normal -0.975937 -0.218051 0.000000
    outer loop
      vertex 57.0304 37.2967 0.0000
      vertex 57.0344 37.2789 0.0000
      vertex 57.0344 37.2789 2.4000
    endloop
  endfacet
  facet normal -0.975937 -0.218051 0.000000
    outer loop
      vertex 57.0304 37.2967 0.0000
      vertex 57.0344 37.2789 2.4000
      vertex 57.0304 37.2967 2.4000
    endloop
  endfacet
  facet normal -0.951192 -0.308599 0.000000
    outer loop
      vertex 57.0344 37.2789 0.0000
      vertex 57.0369 37.2710 0.0000
      vertex 57.0369 37.2710 2.4000
    endloop
  endfacet
  facet normal -0.951192 -0.308599 0.000000
    outer loop
      vertex 57.0344 37.2789 0.0000
      vertex 57.0369 37.2710 2.4000
      vertex 57.0344 37.2789 2.4000
    endloop
  endfacet
  facet normal -0.941068 -0.338217 0.000000
    outer loop
      vertex 57.0369 37.2710 0.0000
      vertex 57.5052 35.9680 0.0000
      vertex 57.5052 35.9680 2.4000
    endloop
  endfacet
  facet normal -0.941068 -0.338217 0.000000
    outer loop
      vertex 57.0369 37.2710 0.0000
      vertex 57.5052 35.9680 2.4000
      vertex 57.0369 37.2710 2.4000
    endloop
  endfacet
  facet normal -0.938400 -0.345551 0.000000
    outer loop
      vertex 57.5052 35.9680 0.0000
      vertex 57.5061 35.9657 0.0000
      vertex 57.5061 35.9657 2.4000
    endloop
  endfacet
  facet normal -0.938400 -0.345551 0.000000
    outer loop
      vertex 57.5052 35.9680 0.0000
      vertex 57.5061 35.9657 2.4000
      vertex 57.5052 35.9680 2.4000
    endloop
  endfacet
  facet normal -0.933692 -0.358076 0.000000
    outer loop
      vertex 57.5061 35.9657 0.0000
      vertex 57.5079 35.9609 0.0000
      vertex 57.5079 35.9609 2.4000
    endloop
  endfacet
  facet normal -0.933692 -0.358076 0.000000
    outer loop
      vertex 57.5061 35.9657 0.0000
      vertex 57.5079 35.9609 2.4000
      vertex 57.5061 35.9657 2.4000
    endloop
  endfacet
  facet normal -0.930052 -0.367428 0.000000
    outer loop
      vertex 57.5079 35.9609 0.0000
      vertex 58.0118 34.6855 0.0000
      vertex 58.0118 34.6855 2.4000
    endloop
  endfacet
  facet normal -0.930052 -0.367428 0.000000
    outer loop
      vertex 57.5079 35.9609 0.0000
      vertex 58.0118 34.6855 2.4000
      vertex 57.5079 35.9609 2.4000
    endloop
  endfacet
  facet normal -0.951184 -0.308625 0.000000
    outer loop
      vertex 58.0118 34.6855 0.0000
      vertex 58.0310 34.6261 0.0000
      vertex 58.0310 34.6261 2.4000
    endloop
  endfacet
  facet normal -0.951184 -0.308625 0.000000
    outer loop
      vertex 58.0118 34.6855 0.0000
      vertex 58.0310 34.6261 2.4000
      vertex 58.0118 34.6855 2.4000
    endloop
  endfacet
  facet normal -0.982238 -0.187638 0.000000
    outer loop
      vertex 58.0310 34.6261 0.0000
      vertex 58.0428 34.5648 0.0000
      vertex 58.0428 34.5648 2.4000
    endloop
  endfacet
  facet normal -0.982238 -0.187638 0.000000
    outer loop
      vertex 58.0310 34.6261 0.0000
      vertex 58.0428 34.5648 2.4000
      vertex 58.0310 34.6261 2.4000
    endloop
  endfacet
  facet normal -0.997968 -0.063723 0.000000
    outer loop
      vertex 58.0428 34.5648 0.0000
      vertex 58.0467 34.5025 0.0000
      vertex 58.0467 34.5025 2.4000
    endloop
  endfacet
  facet normal -0.997968 -0.063723 0.000000
    outer loop
      vertex 58.0428 34.5648 0.0000
      vertex 58.0467 34.5025 2.4000
      vertex 58.0428 34.5648 2.4000
    endloop
  endfacet
  facet normal -0.998126 0.061186 0.000000
    outer loop
      vertex 58.0467 34.5025 0.0000
      vertex 58.0429 34.4401 0.0000
      vertex 58.0429 34.4401 2.4000
    endloop
  endfacet
  facet normal -0.998126 0.061186 0.000000
    outer loop
      vertex 58.0467 34.5025 0.0000
      vertex 58.0429 34.4401 2.4000
      vertex 58.0467 34.5025 2.4000
    endloop
  endfacet
  facet normal -0.982712 0.185140 0.000000
    outer loop
      vertex 58.0429 34.4401 0.0000
      vertex 58.0314 34.3787 0.0000
      vertex 58.0314 34.3787 2.4000
    endloop
  endfacet
  facet normal -0.982712 0.185140 0.000000
    outer loop
      vertex 58.0429 34.4401 0.0000
      vertex 58.0314 34.3787 2.4000
      vertex 58.0429 34.4401 2.4000
    endloop
  endfacet
  facet normal -0.969231 0.246154 0.000000
    outer loop
      vertex 58.0314 34.3787 0.0000
      vertex 57.8375 33.6153 0.0000
      vertex 57.8375 33.6153 2.4000
    endloop
  endfacet
  facet normal -0.969231 0.246154 0.000000
    outer loop
      vertex 58.0314 34.3787 0.0000
      vertex 57.8375 33.6153 2.4000
      vertex 58.0314 34.3787 2.4000
    endloop
  endfacet
  facet normal -0.952461 0.304661 0.000000
    outer loop
      vertex 57.8375 33.6153 0.0000
      vertex 57.8189 33.5573 0.0000
      vertex 57.8189 33.5573 2.4000
    endloop
  endfacet
  facet normal -0.952461 0.304661 0.000000
    outer loop
      vertex 57.8375 33.6153 0.0000
      vertex 57.8189 33.5573 2.4000
      vertex 57.8375 33.6153 2.4000
    endloop
  endfacet
  facet normal -0.908411 0.418078 0.000000
    outer loop
      vertex 57.8189 33.5573 0.0000
      vertex 57.7935 33.5021 0.0000
      vertex 57.7935 33.5021 2.4000
    endloop
  endfacet
  facet normal -0.908411 0.418078 0.000000
    outer loop
      vertex 57.8189 33.5573 0.0000
      vertex 57.7935 33.5021 2.4000
      vertex 57.8189 33.5573 2.4000
    endloop
  endfacet
  facet normal -0.850914 0.525306 0.000000
    outer loop
      vertex 57.7935 33.5021 0.0000
      vertex 57.7615 33.4503 0.0000
      vertex 57.7615 33.4503 2.4000
    endloop
  endfacet
  facet normal -0.850914 0.525306 0.000000
    outer loop
      vertex 57.7935 33.5021 0.0000
      vertex 57.7615 33.4503 2.4000
      vertex 57.7935 33.5021 2.4000
    endloop
  endfacet
  facet normal -0.780820 0.624757 0.000000
    outer loop
      vertex 57.7615 33.4503 0.0000
      vertex 57.7235 33.4028 0.0000
      vertex 57.7235 33.4028 2.4000
    endloop
  endfacet
  facet normal -0.780820 0.624757 0.000000
    outer loop
      vertex 57.7615 33.4503 0.0000
      vertex 57.7235 33.4028 2.4000
      vertex 57.7615 33.4503 2.4000
    endloop
  endfacet
  facet normal -0.699166 0.714959 0.000000
    outer loop
      vertex 57.7235 33.4028 0.0000
      vertex 57.6800 33.3603 0.0000
      vertex 57.6800 33.3603 2.4000
    endloop
  endfacet
  facet normal -0.699166 0.714959 0.000000
    outer loop
      vertex 57.7235 33.4028 0.0000
      vertex 57.6800 33.3603 2.4000
      vertex 57.7235 33.4028 2.4000
    endloop
  endfacet
  facet normal -0.654377 0.756169 0.000000
    outer loop
      vertex 57.6800 33.3603 0.0000
      vertex 56.9719 32.7475 0.0000
      vertex 56.9719 32.7475 2.4000
    endloop
  endfacet
  facet normal -0.654377 0.756169 0.000000
    outer loop
      vertex 57.6800 33.3603 0.0000
      vertex 56.9719 32.7475 2.4000
      vertex 57.6800 33.3603 2.4000
    endloop
  endfacet
  facet normal -0.606267 0.795261 0.000000
    outer loop
      vertex 56.9719 32.7475 0.0000
      vertex 56.9227 32.7099 0.0000
      vertex 56.9227 32.7099 2.4000
    endloop
  endfacet
  facet normal -0.606267 0.795261 0.000000
    outer loop
      vertex 56.9719 32.7475 0.0000
      vertex 56.9227 32.7099 2.4000
      vertex 56.9719 32.7475 2.4000
    endloop
  endfacet
  facet normal -0.503251 0.864140 0.000000
    outer loop
      vertex 56.9227 32.7099 0.0000
      vertex 56.8691 32.6788 0.0000
      vertex 56.8691 32.6788 2.4000
    endloop
  endfacet
  facet normal -0.503251 0.864140 0.000000
    outer loop
      vertex 56.9227 32.7099 0.0000
      vertex 56.8691 32.6788 2.4000
      vertex 56.9227 32.7099 2.4000
    endloop
  endfacet
  facet normal -0.392507 0.919749 0.000000
    outer loop
      vertex 56.8691 32.6788 0.0000
      vertex 56.8121 32.6544 0.0000
      vertex 56.8121 32.6544 2.4000
    endloop
  endfacet
  facet normal -0.392507 0.919749 0.000000
    outer loop
      vertex 56.8691 32.6788 0.0000
      vertex 56.8121 32.6544 2.4000
      vertex 56.8691 32.6788 2.4000
    endloop
  endfacet
  facet normal -0.334765 0.942302 0.000000
    outer loop
      vertex 56.8121 32.6544 0.0000
      vertex 55.6185 32.2304 0.0000
      vertex 55.6185 32.2304 2.4000
    endloop
  endfacet
  facet normal -0.334765 0.942302 0.000000
    outer loop
      vertex 56.8121 32.6544 0.0000
      vertex 55.6185 32.2304 2.4000
      vertex 56.8121 32.6544 2.4000
    endloop
  endfacet
  facet normal -0.277794 0.960641 0.000000
    outer loop
      vertex 55.6185 32.2304 0.0000
      vertex 55.5611 32.2138 0.0000
      vertex 55.5611 32.2138 2.4000
    endloop
  endfacet
  facet normal -0.277794 0.960641 0.000000
    outer loop
      vertex 55.6185 32.2304 0.0000
      vertex 55.5611 32.2138 2.4000
      vertex 55.6185 32.2304 2.4000
    endloop
  endfacet
  facet normal -0.161073 0.986942 0.000000
    outer loop
      vertex 55.5611 32.2138 0.0000
      vertex 55.5020 32.2041 0.0000
      vertex 55.5020 32.2041 2.4000
    endloop
  endfacet
  facet normal -0.161073 0.986942 0.000000
    outer loop
      vertex 55.5611 32.2138 0.0000
      vertex 55.5020 32.2041 2.4000
      vertex 55.5611 32.2138 2.4000
    endloop
  endfacet
  facet normal -0.101742 0.994811 0.000000
    outer loop
      vertex 55.5020 32.2041 0.0000
      vertex 54.0509 32.0557 0.0000
      vertex 54.0509 32.0557 2.4000
    endloop
  endfacet
  facet normal -0.101742 0.994811 0.000000
    outer loop
      vertex 55.5020 32.2041 0.0000
      vertex 54.0509 32.0557 2.4000
      vertex 55.5020 32.2041 2.4000
    endloop
  endfacet
  facet normal -0.050937 0.998702 0.000000
    outer loop
      vertex 54.0509 32.0557 0.0000
      vertex 54.0000 32.0531 0.0000
      vertex 54.0000 32.0531 2.4000
    endloop
  endfacet
  facet normal -0.050937 0.998702 0.000000
    outer loop
      vertex 54.0509 32.0557 0.0000
      vertex 54.0000 32.0531 2.4000
      vertex 54.0509 32.0557 2.4000
    endloop
  endfacet
  facet normal 0.050937 0.998702 0.000000
    outer loop
      vertex 54.0000 32.0531 0.0000
      vertex 53.9491 32.0557 0.0000
      vertex 53.9491 32.0557 2.4000
    endloop
  endfacet
  facet normal 0.050937 0.998702 -0.000000
    outer loop
      vertex 54.0000 32.0531 0.0000
      vertex 53.9491 32.0557 2.4000
      vertex 54.0000 32.0531 2.4000
    endloop
  endfacet
  facet normal 0.101742 0.994811 0.000000
    outer loop
      vertex 53.9491 32.0557 0.0000
      vertex 52.4980 32.2041 0.0000
      vertex 52.4980 32.2041 2.4000
    endloop
  endfacet
  facet normal 0.101742 0.994811 -0.000000
    outer loop
      vertex 53.9491 32.0557 0.0000
      vertex 52.4980 32.2041 2.4000
      vertex 53.9491 32.0557 2.4000
    endloop
  endfacet
  facet normal 0.161073 0.986942 0.000000
    outer loop
      vertex 52.4980 32.2041 0.0000
      vertex 52.4389 32.2138 0.0000
      vertex 52.4389 32.2138 2.4000
    endloop
  endfacet
  facet normal 0.161073 0.986942 -0.000000
    outer loop
      vertex 52.4980 32.2041 0.0000
      vertex 52.4389 32.2138 2.4000
      vertex 52.4980 32.2041 2.4000
    endloop
  endfacet
  facet normal 0.277794 0.960641 0.000000
    outer loop
      vertex 52.4389 32.2138 0.0000
      vertex 52.3815 32.2304 0.0000
      vertex 52.3815 32.2304 2.4000
    endloop
  endfacet
  facet normal 0.277794 0.960641 -0.000000
    outer loop
      vertex 52.4389 32.2138 0.0000
      vertex 52.3815 32.2304 2.4000
      vertex 52.4389 32.2138 2.4000
    endloop
  endfacet
  facet normal 0.334765 0.942302 0.000000
    outer loop
      vertex 52.3815 32.2304 0.0000
      vertex 51.1879 32.6544 0.0000
      vertex 51.1879 32.6544 2.4000
    endloop
  endfacet
  facet normal 0.334765 0.942302 -0.000000
    outer loop
      vertex 52.3815 32.2304 0.0000
      vertex 51.1879 32.6544 2.4000
      vertex 52.3815 32.2304 2.4000
    endloop
  endfacet
  facet normal 0.392507 0.919749 0.000000
    outer loop
      vertex 51.1879 32.6544 0.0000
      vertex 51.1309 32.6788 0.0000
      vertex 51.1309 32.6788 2.4000
    endloop
  endfacet
  facet normal 0.392507 0.919749 -0.000000
    outer loop
      vertex 51.1879 32.6544 0.0000
      vertex 51.1309 32.6788 2.4000
      vertex 51.1879 32.6544 2.4000
    endloop
  endfacet
  facet normal 0.503251 0.864140 0.000000
    outer loop
      vertex 51.1309 32.6788 0.0000
      vertex 51.0773 32.7099 0.0000
      vertex 51.0773 32.7099 2.4000
    endloop
  endfacet
  facet normal 0.503251 0.864140 -0.000000
    outer loop
      vertex 51.1309 32.6788 0.0000
      vertex 51.0773 32.7099 2.4000
      vertex 51.1309 32.6788 2.4000
    endloop
  endfacet
  facet normal 0.606267 0.795261 0.000000
    outer loop
      vertex 51.0773 32.7099 0.0000
      vertex 51.0281 32.7475 0.0000
      vertex 51.0281 32.7475 2.4000
    endloop
  endfacet
  facet normal 0.606267 0.795261 -0.000000
    outer loop
      vertex 51.0773 32.7099 0.0000
      vertex 51.0281 32.7475 2.4000
      vertex 51.0773 32.7099 2.4000
    endloop
  endfacet
  facet normal 0.654377 0.756169 0.000000
    outer loop
      vertex 51.0281 32.7475 0.0000
      vertex 50.3200 33.3603 0.0000
      vertex 50.3200 33.3603 2.4000
    endloop
  endfacet
  facet normal 0.654377 0.756169 -0.000000
    outer loop
      vertex 51.0281 32.7475 0.0000
      vertex 50.3200 33.3603 2.4000
      vertex 51.0281 32.7475 2.4000
    endloop
  endfacet
  facet normal 0.699166 0.714959 0.000000
    outer loop
      vertex 50.3200 33.3603 0.0000
      vertex 50.2765 33.4028 0.0000
      vertex 50.2765 33.4028 2.4000
    endloop
  endfacet
  facet normal 0.699166 0.714959 -0.000000
    outer loop
      vertex 50.3200 33.3603 0.0000
      vertex 50.2765 33.4028 2.4000
      vertex 50.3200 33.3603 2.4000
    endloop
  endfacet
  facet normal 0.780820 0.624757 0.000000
    outer loop
      vertex 50.2765 33.4028 0.0000
      vertex 50.2385 33.4503 0.0000
      vertex 50.2385 33.4503 2.4000
    endloop
  endfacet
  facet normal 0.780820 0.624757 -0.000000
    outer loop
      vertex 50.2765 33.4028 0.0000
      vertex 50.2385 33.4503 2.4000
      vertex 50.2765 33.4028 2.4000
    endloop
  endfacet
  facet normal 0.850914 0.525306 0.000000
    outer loop
      vertex 50.2385 33.4503 0.0000
      vertex 50.2065 33.5021 0.0000
      vertex 50.2065 33.5021 2.4000
    endloop
  endfacet
  facet normal 0.850914 0.525306 -0.000000
    outer loop
      vertex 50.2385 33.4503 0.0000
      vertex 50.2065 33.5021 2.4000
      vertex 50.2385 33.4503 2.4000
    endloop
  endfacet
  facet normal 0.908411 0.418078 0.000000
    outer loop
      vertex 50.2065 33.5021 0.0000
      vertex 50.1811 33.5573 0.0000
      vertex 50.1811 33.5573 2.4000
    endloop
  endfacet
  facet normal 0.908411 0.418078 -0.000000
    outer loop
      vertex 50.2065 33.5021 0.0000
      vertex 50.1811 33.5573 2.4000
      vertex 50.2065 33.5021 2.4000
    endloop
  endfacet
  facet normal 0.952461 0.304661 0.000000
    outer loop
      vertex 50.1811 33.5573 0.0000
      vertex 50.1625 33.6153 0.0000
      vertex 50.1625 33.6153 2.4000
    endloop
  endfacet
  facet normal 0.952461 0.304661 -0.000000
    outer loop
      vertex 50.1811 33.5573 0.0000
      vertex 50.1625 33.6153 2.4000
      vertex 50.1811 33.5573 2.4000
    endloop
  endfacet
  facet normal 0.969231 0.246154 0.000000
    outer loop
      vertex 50.1625 33.6153 0.0000
      vertex 49.9686 34.3787 0.0000
      vertex 49.9686 34.3787 2.4000
    endloop
  endfacet
  facet normal 0.969231 0.246154 -0.000000
    outer loop
      vertex 50.1625 33.6153 0.0000
      vertex 49.9686 34.3787 2.4000
      vertex 50.1625 33.6153 2.4000
    endloop
  endfacet
  facet normal 0.982712 0.185140 0.000000
    outer loop
      vertex 49.9686 34.3787 0.0000
      vertex 49.9571 34.4401 0.0000
      vertex 49.9571 34.4401 2.4000
    endloop
  endfacet
  facet normal 0.982712 0.185140 -0.000000
    outer loop
      vertex 49.9686 34.3787 0.0000
      vertex 49.9571 34.4401 2.4000
      vertex 49.9686 34.3787 2.4000
    endloop
  endfacet
  facet normal 0.998126 0.061186 0.000000
    outer loop
      vertex 49.9571 34.4401 0.0000
      vertex 49.9533 34.5025 0.0000
      vertex 49.9533 34.5025 2.4000
    endloop
  endfacet
  facet normal 0.998126 0.061186 -0.000000
    outer loop
      vertex 49.9571 34.4401 0.0000
      vertex 49.9533 34.5025 2.4000
      vertex 49.9571 34.4401 2.4000
    endloop
  endfacet
  facet normal 0.997968 -0.063723 0.000000
    outer loop
      vertex 49.9533 34.5025 0.0000
      vertex 49.9572 34.5648 0.0000
      vertex 49.9572 34.5648 2.4000
    endloop
  endfacet
  facet normal 0.997968 -0.063723 0.000000
    outer loop
      vertex 49.9533 34.5025 0.0000
      vertex 49.9572 34.5648 2.4000
      vertex 49.9533 34.5025 2.4000
    endloop
  endfacet
  facet normal 0.982238 -0.187638 0.000000
    outer loop
      vertex 49.9572 34.5648 0.0000
      vertex 49.9690 34.6261 0.0000
      vertex 49.9690 34.6261 2.4000
    endloop
  endfacet
  facet normal 0.982238 -0.187638 0.000000
    outer loop
      vertex 49.9572 34.5648 0.0000
      vertex 49.9690 34.6261 2.4000
      vertex 49.9572 34.5648 2.4000
    endloop
  endfacet
  facet normal 0.951184 -0.308625 0.000000
    outer loop
      vertex 49.9690 34.6261 0.0000
      vertex 49.9882 34.6855 0.0000
      vertex 49.9882 34.6855 2.4000
    endloop
  endfacet
  facet normal 0.951184 -0.308625 0.000000
    outer loop
      vertex 49.9690 34.6261 0.0000
      vertex 49.9882 34.6855 2.4000
      vertex 49.9690 34.6261 2.4000
    endloop
  endfacet
  facet normal 0.930052 -0.367428 0.000000
    outer loop
      vertex 49.9882 34.6855 0.0000
      vertex 50.4923 35.9614 0.0000
      vertex 50.4923 35.9614 2.4000
    endloop
  endfacet
  facet normal 0.930052 -0.367428 0.000000
    outer loop
      vertex 49.9882 34.6855 0.0000
      vertex 50.4923 35.9614 2.4000
      vertex 49.9882 34.6855 2.4000
    endloop
  endfacet
  facet normal 0.932891 -0.360158 0.000000
    outer loop
      vertex 50.4923 35.9614 0.0000
      vertex 50.4932 35.9638 0.0000
      vertex 50.4932 35.9638 2.4000
    endloop
  endfacet
  facet normal 0.932891 -0.360158 0.000000
    outer loop
      vertex 50.4923 35.9614 0.0000
      vertex 50.4932 35.9638 2.4000
      vertex 50.4923 35.9614 2.4000
    endloop
  endfacet
  facet normal 0.937627 -0.347643 0.000000
    outer loop
      vertex 50.4932 35.9638 0.0000
      vertex 50.4950 35.9685 0.0000
      vertex 50.4950 35.9685 2.4000
    endloop
  endfacet
  facet normal 0.937627 -0.347643 0.000000
    outer loop
      vertex 50.4932 35.9638 0.0000
      vertex 50.4950 35.9685 2.4000
      vertex 50.4932 35.9638 2.4000
    endloop
  endfacet
  facet normal 0.941068 -0.338217 0.000000
    outer loop
      vertex 50.4950 35.9685 0.0000
      vertex 50.9631 37.2710 0.0000
      vertex 50.9631 37.2710 2.4000
    endloop
  endfacet
  facet normal 0.941068 -0.338217 0.000000
    outer loop
      vertex 50.4950 35.9685 0.0000
      vertex 50.9631 37.2710 2.4000
      vertex 50.4950 35.9685 2.4000
    endloop
  endfacet
  facet normal 0.951192 -0.308599 0.000000
    outer loop
      vertex 50.9631 37.2710 0.0000
      vertex 50.9656 37.2789 0.0000
      vertex 50.9656 37.2789 2.4000
    endloop
  endfacet
  facet normal 0.951192 -0.308599 0.000000
    outer loop
      vertex 50.9631 37.2710 0.0000
      vertex 50.9656 37.2789 2.4000
      vertex 50.9631 37.2710 2.4000
    endloop
  endfacet
  facet normal 0.975937 -0.218051 0.000000
    outer loop
      vertex 50.9656 37.2789 0.0000
      vertex 50.9696 37.2967 0.0000
      vertex 50.9696 37.2967 2.4000
    endloop
  endfacet
  facet normal 0.975937 -0.218051 0.000000
    outer loop
      vertex 50.9656 37.2789 0.0000
      vertex 50.9696 37.2967 2.4000
      vertex 50.9656 37.2789 2.4000
    endloop
  endfacet
  facet normal 0.995527 -0.094473 0.000000
    outer loop
      vertex 50.9696 37.2967 0.0000
      vertex 50.9708 37.3090 0.0000
      vertex 50.9708 37.3090 2.4000
    endloop
  endfacet
  facet normal 0.995527 -0.094473 0.000000
    outer loop
      vertex 50.9696 37.2967 0.0000
      vertex 50.9708 37.3090 2.4000
      vertex 50.9696 37.2967 2.4000
    endloop
  endfacet
  facet normal 0.999532 0.030585 0.000000
    outer loop
      vertex 50.9708 37.3090 0.0000
      vertex 50.9704 37.3214 0.0000
      vertex 50.9704 37.3214 2.4000
    endloop
  endfacet
  facet normal 0.999532 0.030585 -0.000000
    outer loop
      vertex 50.9708 37.3090 0.0000
      vertex 50.9704 37.3214 2.4000
      vertex 50.9708 37.3090 2.4000
    endloop
  endfacet
  facet normal 0.987889 0.155164 0.000000
    outer loop
      vertex 50.9704 37.3214 0.0000
      vertex 50.9685 37.3337 0.0000
      vertex 50.9685 37.3337 2.4000
    endloop
  endfacet
  facet normal 0.987889 0.155164 -0.000000
    outer loop
      vertex 50.9704 37.3214 0.0000
      vertex 50.9685 37.3337 2.4000
      vertex 50.9704 37.3214 2.4000
    endloop
  endfacet
  facet normal 0.960779 0.277314 0.000000
    outer loop
      vertex 50.9685 37.3337 0.0000
      vertex 50.9650 37.3456 0.0000
      vertex 50.9650 37.3456 2.4000
    endloop
  endfacet
  facet normal 0.960779 0.277314 -0.000000
    outer loop
      vertex 50.9685 37.3337 0.0000
      vertex 50.9650 37.3456 2.4000
      vertex 50.9685 37.3337 2.4000
    endloop
  endfacet
  facet normal 0.918628 0.395123 0.000000
    outer loop
      vertex 50.9650 37.3456 0.0000
      vertex 50.9601 37.3570 0.0000
      vertex 50.9601 37.3570 2.4000
    endloop
  endfacet
  facet normal 0.918628 0.395123 -0.000000
    outer loop
      vertex 50.9650 37.3456 0.0000
      vertex 50.9601 37.3570 2.4000
      vertex 50.9650 37.3456 2.4000
    endloop
  endfacet
  facet normal 0.862096 0.506745 0.000000
    outer loop
      vertex 50.9601 37.3570 0.0000
      vertex 50.9509 37.3727 0.0000
      vertex 50.9509 37.3727 2.4000
    endloop
  endfacet
  facet normal 0.862096 0.506745 -0.000000
    outer loop
      vertex 50.9601 37.3570 0.0000
      vertex 50.9509 37.3727 2.4000
      vertex 50.9601 37.3570 2.4000
    endloop
  endfacet
  facet normal 0.810783 0.585347 0.000000
    outer loop
      vertex 50.9509 37.3727 0.0000
      vertex 50.9460 37.3794 0.0000
      vertex 50.9460 37.3794 2.4000
    endloop
  endfacet
  facet normal 0.810783 0.585347 -0.000000
    outer loop
      vertex 50.9509 37.3727 0.0000
      vertex 50.9460 37.3794 2.4000
      vertex 50.9509 37.3727 2.4000
    endloop
  endfacet
  facet normal 0.792067 0.610434 0.000000
    outer loop
      vertex 50.9460 37.3794 0.0000
      vertex 50.3693 38.1277 0.0000
      vertex 50.3693 38.1277 2.4000
    endloop
  endfacet
  facet normal 0.792067 0.610434 -0.000000
    outer loop
      vertex 50.9460 37.3794 0.0000
      vertex 50.3693 38.1277 2.4000
      vertex 50.9460 37.3794 2.4000
    endloop
  endfacet
  facet normal 0.770256 0.637735 0.000000
    outer loop
      vertex 50.3693 38.1277 0.0000
      vertex 50.3634 38.1349 0.0000
      vertex 50.3634 38.1349 2.4000
    endloop
  endfacet
  facet normal 0.770256 0.637735 -0.000000
    outer loop
      vertex 50.3693 38.1277 0.0000
      vertex 50.3634 38.1349 2.4000
      vertex 50.3693 38.1277 2.4000
    endloop
  endfacet
  facet normal 0.699292 0.714836 0.000000
    outer loop
      vertex 50.3634 38.1349 0.0000
      vertex 50.3489 38.1490 0.0000
      vertex 50.3489 38.1490 2.4000
    endloop
  endfacet
  facet normal 0.699292 0.714836 -0.000000
    outer loop
      vertex 50.3634 38.1349 0.0000
      vertex 50.3489 38.1490 2.4000
      vertex 50.3634 38.1349 2.4000
    endloop
  endfacet
  facet normal 0.592876 0.805294 0.000000
    outer loop
      vertex 50.3489 38.1490 0.0000
      vertex 50.3378 38.1572 0.0000
      vertex 50.3378 38.1572 2.4000
    endloop
  endfacet
  facet normal 0.592876 0.805294 -0.000000
    outer loop
      vertex 50.3489 38.1490 0.0000
      vertex 50.3378 38.1572 2.4000
      vertex 50.3489 38.1490 2.4000
    endloop
  endfacet
  facet normal 0.474894 0.880043 0.000000
    outer loop
      vertex 50.3378 38.1572 0.0000
      vertex 50.3256 38.1638 0.0000
      vertex 50.3256 38.1638 2.4000
    endloop
  endfacet
  facet normal 0.474894 0.880043 -0.000000
    outer loop
      vertex 50.3378 38.1572 0.0000
      vertex 50.3256 38.1638 2.4000
      vertex 50.3378 38.1572 2.4000
    endloop
  endfacet
  facet normal 0.347649 0.937625 0.000000
    outer loop
      vertex 50.3256 38.1638 0.0000
      vertex 50.3066 38.1709 0.0000
      vertex 50.3066 38.1709 2.4000
    endloop
  endfacet
  facet normal 0.347649 0.937625 -0.000000
    outer loop
      vertex 50.3256 38.1638 0.0000
      vertex 50.3066 38.1709 2.4000
      vertex 50.3256 38.1638 2.4000
    endloop
  endfacet
  facet normal 0.247624 0.968856 0.000000
    outer loop
      vertex 50.3066 38.1709 0.0000
      vertex 50.2976 38.1732 0.0000
      vertex 50.2976 38.1732 2.4000
    endloop
  endfacet
  facet normal 0.247624 0.968856 -0.000000
    outer loop
      vertex 50.3066 38.1709 0.0000
      vertex 50.2976 38.1732 2.4000
      vertex 50.3066 38.1709 2.4000
    endloop
  endfacet
  facet normal 0.213622 0.976916 0.000000
    outer loop
      vertex 50.2976 38.1732 0.0000
      vertex 48.9059 38.4775 0.0000
      vertex 48.9059 38.4775 2.4000
    endloop
  endfacet
  facet normal 0.213622 0.976916 -0.000000
    outer loop
      vertex 50.2976 38.1732 0.0000
      vertex 48.9059 38.4775 2.4000
      vertex 50.2976 38.1732 2.4000
    endloop
  endfacet
  facet normal 0.184261 0.982877 0.000000
    outer loop
      vertex 48.9059 38.4775 0.0000
      vertex 48.8980 38.4790 0.0000
      vertex 48.8980 38.4790 2.4000
    endloop
  endfacet
  facet normal 0.184261 0.982877 -0.000000
    outer loop
      vertex 48.9059 38.4775 0.0000
      vertex 48.8980 38.4790 2.4000
      vertex 48.9059 38.4775 2.4000
    endloop
  endfacet
  facet normal 0.095292 0.995449 0.000000
    outer loop
      vertex 48.8980 38.4790 0.0000
      vertex 48.8752 38.4811 0.0000
      vertex 48.8752 38.4811 2.4000
    endloop
  endfacet
  facet normal 0.095292 0.995449 -0.000000
    outer loop
      vertex 48.8980 38.4790 0.0000
      vertex 48.8752 38.4811 2.4000
      vertex 48.8980 38.4790 2.4000
    endloop
  endfacet
  facet normal 0.005554 0.999985 0.000000
    outer loop
      vertex 48.8752 38.4811 0.0000
      vertex 48.8673 38.4812 0.0000
      vertex 48.8673 38.4812 2.4000
    endloop
  endfacet
  facet normal 0.005554 0.999985 -0.000000
    outer loop
      vertex 48.8752 38.4811 0.0000
      vertex 48.8673 38.4812 2.4000
      vertex 48.8752 38.4811 2.4000
    endloop
  endfacet
  facet normal -0.024405 0.999702 0.000000
    outer loop
      vertex 48.8673 38.4812 0.0000
      vertex 46.8906 38.4329 0.0000
      vertex 46.8906 38.4329 2.4000
    endloop
  endfacet
  facet normal -0.024405 0.999702 0.000000
    outer loop
      vertex 48.8673 38.4812 0.0000
      vertex 46.8906 38.4329 2.4000
      vertex 48.8673 38.4812 2.4000
    endloop
  endfacet
  facet normal -0.051030 0.998697 0.000000
    outer loop
      vertex 46.8906 38.4329 0.0000
      vertex 46.8787 38.4323 0.0000
      vertex 46.8787 38.4323 2.4000
    endloop
  endfacet
  facet normal -0.051030 0.998697 0.000000
    outer loop
      vertex 46.8906 38.4329 0.0000
      vertex 46.8787 38.4323 2.4000
      vertex 46.8906 38.4329 2.4000
    endloop
  endfacet
  facet normal -0.104153 0.994561 0.000000
    outer loop
      vertex 46.8787 38.4323 0.0000
      vertex 46.8667 38.4311 0.0000
      vertex 46.8667 38.4311 2.4000
    endloop
  endfacet
  facet normal -0.104153 0.994561 0.000000
    outer loop
      vertex 46.8787 38.4323 0.0000
      vertex 46.8667 38.4311 2.4000
      vertex 46.8787 38.4323 2.4000
    endloop
  endfacet
  facet normal -0.130613 0.991433 0.000000
    outer loop
      vertex 46.8667 38.4311 0.0000
      vertex 44.5406 38.1246 0.0000
      vertex 44.5406 38.1246 2.4000
    endloop
  endfacet
  facet normal -0.130613 0.991433 0.000000
    outer loop
      vertex 46.8667 38.4311 0.0000
      vertex 44.5406 38.1246 2.4000
      vertex 46.8667 38.4311 2.4000
    endloop
  endfacet
  facet normal -0.145195 0.989403 0.000000
    outer loop
      vertex 44.5406 38.1246 0.0000
      vertex 44.5340 38.1237 0.0000
      vertex 44.5340 38.1237 2.4000
    endloop
  endfacet
  facet normal -0.145195 0.989403 0.000000
    outer loop
      vertex 44.5406 38.1246 0.0000
      vertex 44.5340 38.1237 2.4000
      vertex 44.5406 38.1246 2.4000
    endloop
  endfacet
  facet normal -0.174262 0.984699 0.000000
    outer loop
      vertex 44.5340 38.1237 0.0000
      vertex 44.5275 38.1225 0.0000
      vertex 44.5275 38.1225 2.4000
    endloop
  endfacet
  facet normal -0.174262 0.984699 0.000000
    outer loop
      vertex 44.5340 38.1237 0.0000
      vertex 44.5275 38.1225 2.4000
      vertex 44.5340 38.1237 2.4000
    endloop
  endfacet
  facet normal -0.188740 0.982027 0.000000
    outer loop
      vertex 44.5275 38.1225 0.0000
      vertex 42.0890 37.6538 0.0000
      vertex 42.0890 37.6538 2.4000
    endloop
  endfacet
  facet normal -0.188740 0.982027 0.000000
    outer loop
      vertex 44.5275 38.1225 0.0000
      vertex 42.0890 37.6538 2.4000
      vertex 44.5275 38.1225 2.4000
    endloop
  endfacet
  facet normal -0.197838 0.980235 0.000000
    outer loop
      vertex 42.0890 37.6538 0.0000
      vertex 42.0861 37.6533 0.0000
      vertex 42.0861 37.6533 2.4000
    endloop
  endfacet
  facet normal -0.197838 0.980235 0.000000
    outer loop
      vertex 42.0890 37.6538 0.0000
      vertex 42.0861 37.6533 2.4000
      vertex 42.0890 37.6538 2.4000
    endloop
  endfacet
  facet normal -0.213394 0.976966 0.000000
    outer loop
      vertex 42.0861 37.6533 0.0000
      vertex 42.0802 37.6520 0.0000
      vertex 42.0802 37.6520 2.4000
    endloop
  endfacet
  facet normal -0.213394 0.976966 0.000000
    outer loop
      vertex 42.0861 37.6533 0.0000
      vertex 42.0802 37.6520 2.4000
      vertex 42.0861 37.6533 2.4000
    endloop
  endfacet
  facet normal -0.225026 0.974353 0.000000
    outer loop
      vertex 42.0802 37.6520 0.0000
      vertex 39.7698 37.1184 0.0000
      vertex 39.7698 37.1184 2.4000
    endloop
  endfacet
  facet normal -0.225026 0.974353 0.000000
    outer loop
      vertex 42.0802 37.6520 0.0000
      vertex 39.7698 37.1184 2.4000
      vertex 42.0802 37.6520 2.4000
    endloop
  endfacet
  facet normal -0.231205 0.972905 0.000000
    outer loop
      vertex 39.7698 37.1184 0.0000
      vertex 39.7679 37.1179 0.0000
      vertex 39.7679 37.1179 2.4000
    endloop
  endfacet
  facet normal -0.231205 0.972905 0.000000
    outer loop
      vertex 39.7698 37.1184 0.0000
      vertex 39.7679 37.1179 2.4000
      vertex 39.7698 37.1184 2.4000
    endloop
  endfacet
  facet normal -0.241778 0.970332 0.000000
    outer loop
      vertex 39.7679 37.1179 0.0000
      vertex 39.7639 37.1169 0.0000
      vertex 39.7639 37.1169 2.4000
    endloop
  endfacet
  facet normal -0.241778 0.970332 0.000000
    outer loop
      vertex 39.7679 37.1179 0.0000
      vertex 39.7639 37.1169 2.4000
      vertex 39.7679 37.1179 2.4000
    endloop
  endfacet
  facet normal -0.249689 0.968326 0.000000
    outer loop
      vertex 39.7639 37.1169 0.0000
      vertex 37.8197 36.6156 0.0000
      vertex 37.8197 36.6156 2.4000
    endloop
  endfacet
  facet normal -0.249689 0.968326 0.000000
    outer loop
      vertex 39.7639 37.1169 0.0000
      vertex 37.8197 36.6156 2.4000
      vertex 39.7639 37.1169 2.4000
    endloop
  endfacet
  facet normal -0.255384 0.966840 0.000000
    outer loop
      vertex 37.8197 36.6156 0.0000
      vertex 37.8179 36.6151 0.0000
      vertex 37.8179 36.6151 2.4000
    endloop
  endfacet
  facet normal -0.255384 0.966840 0.000000
    outer loop
      vertex 37.8197 36.6156 0.0000
      vertex 37.8179 36.6151 2.4000
      vertex 37.8197 36.6156 2.4000
    endloop
  endfacet
  facet normal -0.267362 0.963596 0.000000
    outer loop
      vertex 37.8179 36.6151 0.0000
      vertex 36.5432 36.2614 0.0000
      vertex 36.5432 36.2614 2.4000
    endloop
  endfacet
  facet normal -0.267362 0.963596 0.000000
    outer loop
      vertex 37.8179 36.6151 0.0000
      vertex 36.5432 36.2614 2.4000
      vertex 37.8179 36.6151 2.4000
    endloop
  endfacet
  facet normal 0.000000 0.000000 -1.000000
    outer loop
      vertex 50.7760 37.6000 4.4000
      vertex 52.2000 37.6000 4.4000
      vertex 50.9460 37.3794 4.4000
    endloop
  endfacet
  facet normal 0.000000 -0.000000 1.000000
    outer loop
      vertex 50.9460 37.3794 2.3200
      vertex 52.2000 37.6000 2.3200
      vertex 50.7760 37.6000 2.3200
    endloop
  endfacet
  facet normal 0.000000 0.000000 -1.000000
    outer loop
      vertex 52.2000 37.6000 4.4000
      vertex 50.9509 37.3727 4.4000
      vertex 50.9460 37.3794 4.4000
    endloop
  endfacet
  facet normal -0.000000 0.000000 1.000000
    outer loop
      vertex 50.9460 37.3794 2.3200
      vertex 50.9509 37.3727 2.3200
      vertex 52.2000 37.6000 2.3200
    endloop
  endfacet
  facet normal 0.000000 0.000000 -1.000000
    outer loop
      vertex 52.2000 37.6000 4.4000
      vertex 50.9601 37.3570 4.4000
      vertex 50.9509 37.3727 4.4000
    endloop
  endfacet
  facet normal -0.000000 0.000000 1.000000
    outer loop
      vertex 50.9509 37.3727 2.3200
      vertex 50.9601 37.3570 2.3200
      vertex 52.2000 37.6000 2.3200
    endloop
  endfacet
  facet normal 0.000000 0.000000 -1.000000
    outer loop
      vertex 52.2000 37.6000 4.4000
      vertex 50.9650 37.3456 4.4000
      vertex 50.9601 37.3570 4.4000
    endloop
  endfacet
  facet normal -0.000000 0.000000 1.000000
    outer loop
      vertex 50.9601 37.3570 2.3200
      vertex 50.9650 37.3456 2.3200
      vertex 52.2000 37.6000 2.3200
    endloop
  endfacet
  facet normal 0.000000 0.000000 -1.000000
    outer loop
      vertex 52.2000 37.6000 4.4000
      vertex 50.9685 37.3337 4.4000
      vertex 50.9650 37.3456 4.4000
    endloop
  endfacet
  facet normal -0.000000 0.000000 1.000000
    outer loop
      vertex 50.9650 37.3456 2.3200
      vertex 50.9685 37.3337 2.3200
      vertex 52.2000 37.6000 2.3200
    endloop
  endfacet
  facet normal 0.000000 0.000000 -1.000000
    outer loop
      vertex 52.2000 37.6000 4.4000
      vertex 50.9704 37.3214 4.4000
      vertex 50.9685 37.3337 4.4000
    endloop
  endfacet
  facet normal -0.000000 0.000000 1.000000
    outer loop
      vertex 50.9685 37.3337 2.3200
      vertex 50.9704 37.3214 2.3200
      vertex 52.2000 37.6000 2.3200
    endloop
  endfacet
  facet normal 0.000000 0.000000 -1.000000
    outer loop
      vertex 52.2000 37.6000 4.4000
      vertex 50.9708 37.3090 4.4000
      vertex 50.9704 37.3214 4.4000
    endloop
  endfacet
  facet normal -0.000000 0.000000 1.000000
    outer loop
      vertex 50.9704 37.3214 2.3200
      vertex 50.9708 37.3090 2.3200
      vertex 52.2000 37.6000 2.3200
    endloop
  endfacet
  facet normal 0.000000 0.000000 -1.000000
    outer loop
      vertex 52.2000 37.6000 4.4000
      vertex 50.9696 37.2967 4.4000
      vertex 50.9708 37.3090 4.4000
    endloop
  endfacet
  facet normal -0.000000 0.000000 1.000000
    outer loop
      vertex 50.9708 37.3090 2.3200
      vertex 50.9696 37.2967 2.3200
      vertex 52.2000 37.6000 2.3200
    endloop
  endfacet
  facet normal 0.000000 0.000000 -1.000000
    outer loop
      vertex 52.2000 37.6000 4.4000
      vertex 50.9656 37.2789 4.4000
      vertex 50.9696 37.2967 4.4000
    endloop
  endfacet
  facet normal -0.000000 0.000000 1.000000
    outer loop
      vertex 50.9696 37.2967 2.3200
      vertex 50.9656 37.2789 2.3200
      vertex 52.2000 37.6000 2.3200
    endloop
  endfacet
  facet normal 0.000000 0.000000 -1.000000
    outer loop
      vertex 52.2000 37.6000 4.4000
      vertex 50.9631 37.2710 4.4000
      vertex 50.9656 37.2789 4.4000
    endloop
  endfacet
  facet normal -0.000000 0.000000 1.000000
    outer loop
      vertex 50.9656 37.2789 2.3200
      vertex 50.9631 37.2710 2.3200
      vertex 52.2000 37.6000 2.3200
    endloop
  endfacet
  facet normal 0.000000 0.000000 -1.000000
    outer loop
      vertex 52.2000 37.6000 4.4000
      vertex 51.6000 36.2000 4.4000
      vertex 50.9631 37.2710 4.4000
    endloop
  endfacet
  facet normal -0.000000 0.000000 1.000000
    outer loop
      vertex 50.9631 37.2710 2.3200
      vertex 51.6000 36.2000 2.3200
      vertex 52.2000 37.6000 2.3200
    endloop
  endfacet
  facet normal 0.000000 -0.000000 -1.000000
    outer loop
      vertex 52.2000 37.6000 4.4000
      vertex 52.4000 37.4000 4.4000
      vertex 51.6000 36.2000 4.4000
    endloop
  endfacet
  facet normal 0.000000 0.000000 1.000000
    outer loop
      vertex 51.6000 36.2000 2.3200
      vertex 52.4000 37.4000 2.3200
      vertex 52.2000 37.6000 2.3200
    endloop
  endfacet
  facet normal 0.000000 -0.000000 -1.000000
    outer loop
      vertex 54.2000 37.6000 4.4000
      vertex 55.0000 37.6000 4.4000
      vertex 54.0000 37.4000 4.4000
    endloop
  endfacet
  facet normal 0.000000 0.000000 1.000000
    outer loop
      vertex 54.0000 37.4000 2.3200
      vertex 55.0000 37.6000 2.3200
      vertex 54.2000 37.6000 2.3200
    endloop
  endfacet
  facet normal 0.000000 -0.000000 -1.000000
    outer loop
      vertex 55.0000 37.6000 4.4000
      vertex 55.2000 37.4000 4.4000
      vertex 54.0000 37.4000 4.4000
    endloop
  endfacet
  facet normal 0.000000 0.000000 1.000000
    outer loop
      vertex 54.0000 37.4000 2.3200
      vertex 55.2000 37.4000 2.3200
      vertex 55.0000 37.6000 2.3200
    endloop
  endfacet
  facet normal 0.000000 -0.000000 -1.000000
    outer loop
      vertex 57.0000 37.6000 4.4000
      vertex 57.0540 37.3794 4.4000
      vertex 56.8000 37.4000 4.4000
    endloop
  endfacet
  facet normal -0.000000 0.000000 1.000000
    outer loop
      vertex 56.8000 37.4000 2.3200
      vertex 57.0540 37.3794 2.3200
      vertex 57.0000 37.6000 2.3200
    endloop
  endfacet
  facet normal 0.000000 0.000000 -1.000000
    outer loop
      vertex 57.0000 37.6000 4.4000
      vertex 57.2240 37.6000 4.4000
      vertex 57.0540 37.3794 4.4000
    endloop
  endfacet
  facet normal 0.000000 -0.000000 1.000000
    outer loop
      vertex 57.0540 37.3794 2.3200
      vertex 57.2240 37.6000 2.3200
      vertex 57.0000 37.6000 2.3200
    endloop
  endfacet
  facet normal -0.000000 -0.000000 -1.000000
    outer loop
      vertex 58.0310 34.6261 4.4000
      vertex 58.0314 34.3787 4.4000
      vertex 58.0118 34.6855 4.4000
    endloop
  endfacet
  facet normal 0.000000 0.000000 1.000000
    outer loop
      vertex 58.0118 34.6855 2.3200
      vertex 58.0314 34.3787 2.3200
      vertex 58.0310 34.6261 2.3200
    endloop
  endfacet
  facet normal 0.000000 0.000000 -1.000000
    outer loop
      vertex 58.0310 34.6261 4.4000
      vertex 58.0428 34.5648 4.4000
      vertex 58.0314 34.3787 4.4000
    endloop
  endfacet
  facet normal 0.000000 -0.000000 1.000000
    outer loop
      vertex 58.0314 34.3787 2.3200
      vertex 58.0428 34.5648 2.3200
      vertex 58.0310 34.6261 2.3200
    endloop
  endfacet
  facet normal 0.000000 -0.000000 -1.000000
    outer loop
      vertex 58.0428 34.5648 4.4000
      vertex 58.0429 34.4401 4.4000
      vertex 58.0314 34.3787 4.4000
    endloop
  endfacet
  facet normal 0.000000 0.000000 1.000000
    outer loop
      vertex 58.0314 34.3787 2.3200
      vertex 58.0429 34.4401 2.3200
      vertex 58.0428 34.5648 2.3200
    endloop
  endfacet
  facet normal 0.000000 0.000000 -1.000000
    outer loop
      vertex 58.0428 34.5648 4.4000
      vertex 58.0467 34.5025 4.4000
      vertex 58.0429 34.4401 4.4000
    endloop
  endfacet
  facet normal 0.000000 -0.000000 1.000000
    outer loop
      vertex 58.0429 34.4401 2.3200
      vertex 58.0467 34.5025 2.3200
      vertex 58.0428 34.5648 2.3200
    endloop
  endfacet
  facet normal 0.000000 0.000000 -1.000000
    outer loop
      vertex 57.6800 33.3603 4.4000
      vertex 57.8375 33.6153 4.4000
      vertex 57.7235 33.4028 4.4000
    endloop
  endfacet
  facet normal 0.000000 -0.000000 1.000000
    outer loop
      vertex 57.7235 33.4028 2.3200
      vertex 57.8375 33.6153 2.3200
      vertex 57.6800 33.3603 2.3200
    endloop
  endfacet
  facet normal 0.000000 0.000000 -1.000000
    outer loop
      vertex 57.6800 33.3603 4.4000
      vertex 56.6000 33.8000 4.4000
      vertex 57.8375 33.6153 4.4000
    endloop
  endfacet
  facet normal 0.000000 0.000000 1.000000
    outer loop
      vertex 57.8375 33.6153 2.3200
      vertex 56.6000 33.8000 2.3200
      vertex 57.6800 33.3603 2.3200
    endloop
  endfacet
  facet normal -0.000000 0.000000 -1.000000
    outer loop
      vertex 57.6800 33.3603 4.4000
      vertex 56.9719 32.7475 4.4000
      vertex 56.6000 33.8000 4.4000
    endloop
  endfacet
  facet normal 0.000000 0.000000 1.000000
    outer loop
      vertex 56.6000 33.8000 2.3200
      vertex 56.9719 32.7475 2.3200
      vertex 57.6800 33.3603 2.3200
    endloop
  endfacet
  facet normal 0.000000 0.000000 -1.000000
    outer loop
      vertex 56.9719 32.7475 4.4000
      vertex 56.2000 33.4000 4.4000
      vertex 56.6000 33.8000 4.4000
    endloop
  endfacet
  facet normal 0.000000 0.000000 1.000000
    outer loop
      vertex 56.6000 33.8000 2.3200
      vertex 56.2000 33.4000 2.3200
      vertex 56.9719 32.7475 2.3200
    endloop
  endfacet
  facet normal -0.000000 0.000000 -1.000000
    outer loop
      vertex 56.9719 32.7475 4.4000
      vertex 56.8121 32.6544 4.4000
      vertex 56.2000 33.4000 4.4000
    endloop
  endfacet
  facet normal 0.000000 0.000000 1.000000
    outer loop
      vertex 56.2000 33.4000 2.3200
      vertex 56.8121 32.6544 2.3200
      vertex 56.9719 32.7475 2.3200
    endloop
  endfacet
  facet normal 0.000000 0.000000 -1.000000
    outer loop
      vertex 56.9719 32.7475 4.4000
      vertex 56.8691 32.6788 4.4000
      vertex 56.8121 32.6544 4.4000
    endloop
  endfacet
  facet normal 0.000000 0.000000 1.000000
    outer loop
      vertex 56.8121 32.6544 2.3200
      vertex 56.8691 32.6788 2.3200
      vertex 56.9719 32.7475 2.3200
    endloop
  endfacet
  facet normal 0.000000 0.000000 -1.000000
    outer loop
      vertex 56.9719 32.7475 4.4000
      vertex 56.9227 32.7099 4.4000
      vertex 56.8691 32.6788 4.4000
    endloop
  endfacet
  facet normal 0.000000 0.000000 1.000000
    outer loop
      vertex 56.8691 32.6788 2.3200
      vertex 56.9227 32.7099 2.3200
      vertex 56.9719 32.7475 2.3200
    endloop
  endfacet
  facet normal -0.000000 0.000000 -1.000000
    outer loop
      vertex 56.8121 32.6544 4.4000
      vertex 55.6185 32.2304 4.4000
      vertex 56.2000 33.4000 4.4000
    endloop
  endfacet
  facet normal 0.000000 0.000000 1.000000
    outer loop
      vertex 56.2000 33.4000 2.3200
      vertex 55.6185 32.2304 2.3200
      vertex 56.8121 32.6544 2.3200
    endloop
  endfacet
  facet normal 0.000000 0.000000 -1.000000
    outer loop
      vertex 55.6185 32.2304 4.4000
      vertex 55.8000 33.4000 4.4000
      vertex 56.2000 33.4000 4.4000
    endloop
  endfacet
  facet normal 0.000000 0.000000 1.000000
    outer loop
      vertex 56.2000 33.4000 2.3200
      vertex 55.8000 33.4000 2.3200
      vertex 55.6185 32.2304 2.3200
    endloop
  endfacet
  facet normal -0.000000 0.000000 -1.000000
    outer loop
      vertex 55.6185 32.2304 4.4000
      vertex 55.5020 32.2041 4.4000
      vertex 55.8000 33.4000 4.4000
    endloop
  endfacet
  facet normal 0.000000 0.000000 1.000000
    outer loop
      vertex 55.8000 33.4000 2.3200
      vertex 55.5020 32.2041 2.3200
      vertex 55.6185 32.2304 2.3200
    endloop
  endfacet
  facet normal 0.000000 0.000000 -1.000000
    outer loop
      vertex 55.6185 32.2304 4.4000
      vertex 55.5611 32.2138 4.4000
      vertex 55.5020 32.2041 4.4000
    endloop
  endfacet
  facet normal 0.000000 0.000000 1.000000
    outer loop
      vertex 55.5020 32.2041 2.3200
      vertex 55.5611 32.2138 2.3200
      vertex 55.6185 32.2304 2.3200
    endloop
  endfacet
  facet normal -0.000000 0.000000 -1.000000
    outer loop
      vertex 55.5020 32.2041 4.4000
      vertex 55.0000 32.2000 4.4000
      vertex 55.8000 33.4000 4.4000
    endloop
  endfacet
  facet normal 0.000000 0.000000 1.000000
    outer loop
      vertex 55.8000 33.4000 2.3200
      vertex 55.0000 32.2000 2.3200
      vertex 55.5020 32.2041 2.3200
    endloop
  endfacet
  facet normal 0.000000 0.000000 -1.000000
    outer loop
      vertex 55.5020 32.2041 4.4000
      vertex 55.0428 32.1572 4.4000
      vertex 55.0000 32.2000 4.4000
    endloop
  endfacet
  facet normal -0.000000 0.000000 1.000000
    outer loop
      vertex 55.0000 32.2000 2.3200
      vertex 55.0428 32.1572 2.3200
      vertex 55.5020 32.2041 2.3200
    endloop
  endfacet
  facet normal 0.000000 0.000000 -1.000000
    outer loop
      vertex 54.8000 32.2000 4.4000
      vertex 54.6000 32.4000 4.4000
      vertex 55.0000 32.2000 4.4000
    endloop
  endfacet
  facet normal 0.000000 0.000000 1.000000
    outer loop
      vertex 55.0000 32.2000 2.3200
      vertex 54.6000 32.4000 2.3200
      vertex 54.8000 32.2000 2.3200
    endloop
  endfacet
  facet normal 0.000000 0.000000 -1.000000
    outer loop
      vertex 50.8000 32.9449 4.4000
      vertex 50.3200 33.3603 4.4000
      vertex 50.8000 33.6000 4.4000
    endloop
  endfacet
  facet normal 0.000000 0.000000 1.000000
    outer loop
      vertex 50.8000 33.6000 2.3200
      vertex 50.3200 33.3603 2.3200
      vertex 50.8000 32.9449 2.3200
    endloop
  endfacet
  facet normal 0.000000 0.000000 -1.000000
    outer loop
      vertex 50.3200 33.3603 4.4000
      vertex 50.2765 33.4028 4.4000
      vertex 50.8000 33.6000 4.4000
    endloop
  endfacet
  facet normal 0.000000 0.000000 1.000000
    outer loop
      vertex 50.8000 33.6000 2.3200
      vertex 50.2765 33.4028 2.3200
      vertex 50.3200 33.3603 2.3200
    endloop
  endfacet
  facet normal 0.000000 0.000000 -1.000000
    outer loop
      vertex 50.2765 33.4028 4.4000
      vertex 50.2385 33.4503 4.4000
      vertex 50.8000 33.6000 4.4000
    endloop
  endfacet
  facet normal 0.000000 0.000000 1.000000
    outer loop
      vertex 50.8000 33.6000 2.3200
      vertex 50.2385 33.4503 2.3200
      vertex 50.2765 33.4028 2.3200
    endloop
  endfacet
  facet normal 0.000000 0.000000 -1.000000
    outer loop
      vertex 50.2385 33.4503 4.4000
      vertex 50.2065 33.5021 4.4000
      vertex 50.8000 33.6000 4.4000
    endloop
  endfacet
  facet normal 0.000000 0.000000 1.000000
    outer loop
      vertex 50.8000 33.6000 2.3200
      vertex 50.2065 33.5021 2.3200
      vertex 50.2385 33.4503 2.3200
    endloop
  endfacet
  facet normal 0.000000 0.000000 -1.000000
    outer loop
      vertex 50.2065 33.5021 4.4000
      vertex 50.1811 33.5573 4.4000
      vertex 50.8000 33.6000 4.4000
    endloop
  endfacet
  facet normal 0.000000 0.000000 1.000000
    outer loop
      vertex 50.8000 33.6000 2.3200
      vertex 50.1811 33.5573 2.3200
      vertex 50.2065 33.5021 2.3200
    endloop
  endfacet
  facet normal 0.000000 0.000000 -1.000000
    outer loop
      vertex 50.1811 33.5573 4.4000
      vertex 50.1625 33.6153 4.4000
      vertex 50.8000 33.6000 4.4000
    endloop
  endfacet
  facet normal 0.000000 0.000000 1.000000
    outer loop
      vertex 50.8000 33.6000 2.3200
      vertex 50.1625 33.6153 2.3200
      vertex 50.1811 33.5573 2.3200
    endloop
  endfacet
  facet normal 0.000000 0.000000 -1.000000
    outer loop
      vertex 50.1625 33.6153 4.4000
      vertex 49.9686 34.3787 4.4000
      vertex 50.8000 33.6000 4.4000
    endloop
  endfacet
  facet normal 0.000000 0.000000 1.000000
    outer loop
      vertex 50.8000 33.6000 2.3200
      vertex 49.9686 34.3787 2.3200
      vertex 50.1625 33.6153 2.3200
    endloop
  endfacet
  facet normal 0.000000 0.000000 -1.000000
    outer loop
      vertex 49.9686 34.3787 4.4000
      vertex 51.0000 33.8000 4.4000
      vertex 50.8000 33.6000 4.4000
    endloop
  endfacet
  facet normal 0.000000 -0.000000 1.000000
    outer loop
      vertex 50.8000 33.6000 2.3200
      vertex 51.0000 33.8000 2.3200
      vertex 49.9686 34.3787 2.3200
    endloop
  endfacet
  facet normal 0.000000 0.000000 -1.000000
    outer loop
      vertex 49.9686 34.3787 4.4000
      vertex 49.9882 34.6855 4.4000
      vertex 51.0000 33.8000 4.4000
    endloop
  endfacet
  facet normal 0.000000 0.000000 1.000000
    outer loop
      vertex 51.0000 33.8000 2.3200
      vertex 49.9882 34.6855 2.3200
      vertex 49.9686 34.3787 2.3200
    endloop
  endfacet
  facet normal 0.000000 0.000000 -1.000000
    outer loop
      vertex 49.9686 34.3787 4.4000
      vertex 49.9572 34.5648 4.4000
      vertex 49.9882 34.6855 4.4000
    endloop
  endfacet
  facet normal 0.000000 0.000000 1.000000
    outer loop
      vertex 49.9882 34.6855 2.3200
      vertex 49.9572 34.5648 2.3200
      vertex 49.9686 34.3787 2.3200
    endloop
  endfacet
  facet normal 0.000000 0.000000 -1.000000
    outer loop
      vertex 49.9686 34.3787 4.4000
      vertex 49.9533 34.5025 4.4000
      vertex 49.9572 34.5648 4.4000
    endloop
  endfacet
  facet normal 0.000000 0.000000 1.000000
    outer loop
      vertex 49.9572 34.5648 2.3200
      vertex 49.9533 34.5025 2.3200
      vertex 49.9686 34.3787 2.3200
    endloop
  endfacet
  facet normal 0.000000 0.000000 -1.000000
    outer loop
      vertex 49.9686 34.3787 4.4000
      vertex 49.9571 34.4401 4.4000
      vertex 49.9533 34.5025 4.4000
    endloop
  endfacet
  facet normal 0.000000 0.000000 1.000000
    outer loop
      vertex 49.9533 34.5025 2.3200
      vertex 49.9571 34.4401 2.3200
      vertex 49.9686 34.3787 2.3200
    endloop
  endfacet
  facet normal 0.000000 0.000000 -1.000000
    outer loop
      vertex 49.9572 34.5648 4.4000
      vertex 49.9690 34.6261 4.4000
      vertex 49.9882 34.6855 4.4000
    endloop
  endfacet
  facet normal 0.000000 0.000000 1.000000
    outer loop
      vertex 49.9882 34.6855 2.3200
      vertex 49.9690 34.6261 2.3200
      vertex 49.9572 34.5648 2.3200
    endloop
  endfacet
  facet normal 0.000000 0.000000 -1.000000
    outer loop
      vertex 49.9882 34.6855 4.4000
      vertex 51.0000 35.2000 4.4000
      vertex 51.0000 33.8000 4.4000
    endloop
  endfacet
  facet normal 0.000000 -0.000000 1.000000
    outer loop
      vertex 51.0000 33.8000 2.3200
      vertex 51.0000 35.2000 2.3200
      vertex 49.9882 34.6855 2.3200
    endloop
  endfacet
  facet normal 0.000000 0.000000 -1.000000
    outer loop
      vertex 49.9882 34.6855 4.4000
      vertex 50.8000 35.4000 4.4000
      vertex 51.0000 35.2000 4.4000
    endloop
  endfacet
  facet normal 0.000000 0.000000 1.000000
    outer loop
      vertex 51.0000 35.2000 2.3200
      vertex 50.8000 35.4000 2.3200
      vertex 49.9882 34.6855 2.3200
    endloop
  endfacet
  facet normal 0.000000 0.000000 -1.000000
    outer loop
      vertex 49.9882 34.6855 4.4000
      vertex 50.4923 35.9614 4.4000
      vertex 50.8000 35.4000 4.4000
    endloop
  endfacet
  facet normal 0.000000 0.000000 1.000000
    outer loop
      vertex 50.8000 35.4000 2.3200
      vertex 50.4923 35.9614 2.3200
      vertex 49.9882 34.6855 2.3200
    endloop
  endfacet
  facet normal 0.000000 0.000000 -1.000000
    outer loop
      vertex 50.4923 35.9614 4.4000
      vertex 50.8000 36.0000 4.4000
      vertex 50.8000 35.4000 4.4000
    endloop
  endfacet
  facet normal 0.000000 -0.000000 1.000000
    outer loop
      vertex 50.8000 35.4000 2.3200
      vertex 50.8000 36.0000 2.3200
      vertex 50.4923 35.9614 2.3200
    endloop
  endfacet
  facet normal 0.000000 0.000000 -1.000000
    outer loop
      vertex 50.4923 35.9614 4.4000
      vertex 50.4932 35.9638 4.4000
      vertex 50.8000 36.0000 4.4000
    endloop
  endfacet
  facet normal 0.000000 0.000000 1.000000
    outer loop
      vertex 50.8000 36.0000 2.3200
      vertex 50.4932 35.9638 2.3200
      vertex 50.4923 35.9614 2.3200
    endloop
  endfacet
  facet normal 0.000000 -0.000000 -1.000000
    outer loop
      vertex 50.4950 35.9685 4.4000
      vertex 50.8000 36.0000 4.4000
      vertex 50.4932 35.9638 4.4000
    endloop
  endfacet
  facet normal 0.000000 0.000000 1.000000
    outer loop
      vertex 50.4932 35.9638 2.3200
      vertex 50.8000 36.0000 2.3200
      vertex 50.4950 35.9685 2.3200
    endloop
  endfacet
  facet normal 0.000000 0.000000 -1.000000
    outer loop
      vertex 50.4950 35.9685 4.4000
      vertex 51.0000 36.2000 4.4000
      vertex 50.8000 36.0000 4.4000
    endloop
  endfacet
  facet normal 0.000000 -0.000000 1.000000
    outer loop
      vertex 50.8000 36.0000 2.3200
      vertex 51.0000 36.2000 2.3200
      vertex 50.4950 35.9685 2.3200
    endloop
  endfacet
  facet normal 0.000000 0.000000 -1.000000
    outer loop
      vertex 50.4950 35.9685 4.4000
      vertex 50.9631 37.2710 4.4000
      vertex 51.0000 36.2000 4.4000
    endloop
  endfacet
  facet normal 0.000000 0.000000 1.000000
    outer loop
      vertex 51.0000 36.2000 2.3200
      vertex 50.9631 37.2710 2.3200
      vertex 50.4950 35.9685 2.3200
    endloop
  endfacet
  facet normal 0.000000 0.000000 -1.000000
    outer loop
      vertex 50.9631 37.2710 4.4000
      vertex 51.6000 36.2000 4.4000
      vertex 51.0000 36.2000 4.4000
    endloop
  endfacet
  facet normal 0.000000 -0.000000 1.000000
    outer loop
      vertex 51.0000 36.2000 2.3200
      vertex 51.6000 36.2000 2.3200
      vertex 50.9631 37.2710 2.3200
    endloop
  endfacet
  facet normal 0.000000 0.000000 -1.000000
    outer loop
      vertex 51.6000 36.2000 4.4000
      vertex 52.4000 37.4000 4.4000
      vertex 51.8000 36.0000 4.4000
    endloop
  endfacet
  facet normal 0.000000 -0.000000 1.000000
    outer loop
      vertex 51.8000 36.0000 2.3200
      vertex 52.4000 37.4000 2.3200
      vertex 51.6000 36.2000 2.3200
    endloop
  endfacet
  facet normal 0.000000 -0.000000 -1.000000
    outer loop
      vertex 52.4000 37.4000 4.4000
      vertex 52.8000 37.2000 4.4000
      vertex 51.8000 36.0000 4.4000
    endloop
  endfacet
  facet normal 0.000000 0.000000 1.000000
    outer loop
      vertex 51.8000 36.0000 2.3200
      vertex 52.8000 37.2000 2.3200
      vertex 52.4000 37.4000 2.3200
    endloop
  endfacet
  facet normal 0.000000 0.000000 -1.000000
    outer loop
      vertex 52.4000 37.4000 4.4000
      vertex 52.6000 37.4000 4.4000
      vertex 52.8000 37.2000 4.4000
    endloop
  endfacet
  facet normal 0.000000 0.000000 1.000000
    outer loop
      vertex 52.8000 37.2000 2.3200
      vertex 52.6000 37.4000 2.3200
      vertex 52.4000 37.4000 2.3200
    endloop
  endfacet
  facet normal 0.000000 -0.000000 -1.000000
    outer loop
      vertex 54.0000 37.4000 4.4000
      vertex 55.2000 37.4000 4.4000
      vertex 53.8000 36.4000 4.4000
    endloop
  endfacet
  facet normal 0.000000 0.000000 1.000000
    outer loop
      vertex 53.8000 36.4000 2.3200
      vertex 55.2000 37.4000 2.3200
      vertex 54.0000 37.4000 2.3200
    endloop
  endfacet
  facet normal 0.000000 -0.000000 -1.000000
    outer loop
      vertex 55.2000 37.4000 4.4000
      vertex 55.4000 37.4000 4.4000
      vertex 53.8000 36.4000 4.4000
    endloop
  endfacet
  facet normal 0.000000 0.000000 1.000000
    outer loop
      vertex 53.8000 36.4000 2.3200
      vertex 55.4000 37.4000 2.3200
      vertex 55.2000 37.4000 2.3200
    endloop
  endfacet
  facet normal 0.000000 0.000000 -1.000000
    outer loop
      vertex 55.4000 37.4000 4.4000
      vertex 53.8000 35.0000 4.4000
      vertex 53.8000 36.4000 4.4000
    endloop
  endfacet
  facet normal -0.000000 0.000000 1.000000
    outer loop
      vertex 53.8000 36.4000 2.3200
      vertex 53.8000 35.0000 2.3200
      vertex 55.4000 37.4000 2.3200
    endloop
  endfacet
  facet normal 0.000000 -0.000000 -1.000000
    outer loop
      vertex 55.4000 37.4000 4.4000
      vertex 55.4000 33.8000 4.4000
      vertex 53.8000 35.0000 4.4000
    endloop
  endfacet
  facet normal -0.000000 0.000000 1.000000
    outer loop
      vertex 53.8000 35.0000 2.3200
      vertex 55.4000 33.8000 2.3200
      vertex 55.4000 37.4000 2.3200
    endloop
  endfacet
  facet normal 0.000000 0.000000 -1.000000
    outer loop
      vertex 56.6000 37.4000 4.4000
      vertex 57.0369 37.2710 4.4000
      vertex 57.5052 35.9680 4.4000
    endloop
  endfacet
  facet normal 0.000000 0.000000 1.000000
    outer loop
      vertex 57.5052 35.9680 2.3200
      vertex 57.0369 37.2710 2.3200
      vertex 56.6000 37.4000 2.3200
    endloop
  endfacet
  facet normal 0.000000 0.000000 -1.000000
    outer loop
      vertex 56.6000 37.4000 4.4000
      vertex 56.8000 37.4000 4.4000
      vertex 57.0369 37.2710 4.4000
    endloop
  endfacet
  facet normal 0.000000 0.000000 1.000000
    outer loop
      vertex 57.0369 37.2710 2.3200
      vertex 56.8000 37.4000 2.3200
      vertex 56.6000 37.4000 2.3200
    endloop
  endfacet
  facet normal 0.000000 0.000000 -1.000000
    outer loop
      vertex 56.8000 37.4000 4.4000
      vertex 57.0344 37.2789 4.4000
      vertex 57.0369 37.2710 4.4000
    endloop
  endfacet
  facet normal 0.000000 0.000000 1.000000
    outer loop
      vertex 57.0369 37.2710 2.3200
      vertex 57.0344 37.2789 2.3200
      vertex 56.8000 37.4000 2.3200
    endloop
  endfacet
  facet normal 0.000000 0.000000 -1.000000
    outer loop
      vertex 56.8000 37.4000 4.4000
      vertex 57.0304 37.2967 4.4000
      vertex 57.0344 37.2789 4.4000
    endloop
  endfacet
  facet normal 0.000000 0.000000 1.000000
    outer loop
      vertex 57.0344 37.2789 2.3200
      vertex 57.0304 37.2967 2.3200
      vertex 56.8000 37.4000 2.3200
    endloop
  endfacet
  facet normal 0.000000 0.000000 -1.000000
    outer loop
      vertex 56.8000 37.4000 4.4000
      vertex 57.0292 37.3090 4.4000
      vertex 57.0304 37.2967 4.4000
    endloop
  endfacet
  facet normal 0.000000 0.000000 1.000000
    outer loop
      vertex 57.0304 37.2967 2.3200
      vertex 57.0292 37.3090 2.3200
      vertex 56.8000 37.4000 2.3200
    endloop
  endfacet
  facet normal 0.000000 0.000000 -1.000000
    outer loop
      vertex 56.8000 37.4000 4.4000
      vertex 57.0296 37.3214 4.4000
      vertex 57.0292 37.3090 4.4000
    endloop
  endfacet
  facet normal 0.000000 -0.000000 1.000000
    outer loop
      vertex 57.0292 37.3090 2.3200
      vertex 57.0296 37.3214 2.3200
      vertex 56.8000 37.4000 2.3200
    endloop
  endfacet
  facet normal 0.000000 0.000000 -1.000000
    outer loop
      vertex 56.8000 37.4000 4.4000
      vertex 57.0315 37.3337 4.4000
      vertex 57.0296 37.3214 4.4000
    endloop
  endfacet
  facet normal 0.000000 -0.000000 1.000000
    outer loop
      vertex 57.0296 37.3214 2.3200
      vertex 57.0315 37.3337 2.3200
      vertex 56.8000 37.4000 2.3200
    endloop
  endfacet
  facet normal 0.000000 0.000000 -1.000000
    outer loop
      vertex 56.8000 37.4000 4.4000
      vertex 57.0350 37.3456 4.4000
      vertex 57.0315 37.3337 4.4000
    endloop
  endfacet
  facet normal 0.000000 -0.000000 1.000000
    outer loop
      vertex 57.0315 37.3337 2.3200
      vertex 57.0350 37.3456 2.3200
      vertex 56.8000 37.4000 2.3200
    endloop
  endfacet
  facet normal 0.000000 0.000000 -1.000000
    outer loop
      vertex 56.8000 37.4000 4.4000
      vertex 57.0399 37.3570 4.4000
      vertex 57.0350 37.3456 4.4000
    endloop
  endfacet
  facet normal 0.000000 -0.000000 1.000000
    outer loop
      vertex 57.0350 37.3456 2.3200
      vertex 57.0399 37.3570 2.3200
      vertex 56.8000 37.4000 2.3200
    endloop
  endfacet
  facet normal 0.000000 0.000000 -1.000000
    outer loop
      vertex 56.8000 37.4000 4.4000
      vertex 57.0491 37.3727 4.4000
      vertex 57.0399 37.3570 4.4000
    endloop
  endfacet
  facet normal 0.000000 -0.000000 1.000000
    outer loop
      vertex 57.0399 37.3570 2.3200
      vertex 57.0491 37.3727 2.3200
      vertex 56.8000 37.4000 2.3200
    endloop
  endfacet
  facet normal 0.000000 0.000000 -1.000000
    outer loop
      vertex 56.8000 37.4000 4.4000
      vertex 57.0540 37.3794 4.4000
      vertex 57.0491 37.3727 4.4000
    endloop
  endfacet
  facet normal 0.000000 -0.000000 1.000000
    outer loop
      vertex 57.0491 37.3727 2.3200
      vertex 57.0540 37.3794 2.3200
      vertex 56.8000 37.4000 2.3200
    endloop
  endfacet
  facet normal 0.000000 -0.000000 -1.000000
    outer loop
      vertex 57.5079 35.9609 4.4000
      vertex 58.0118 34.6855 4.4000
      vertex 56.6000 33.8000 4.4000
    endloop
  endfacet
  facet normal 0.000000 0.000000 1.000000
    outer loop
      vertex 56.6000 33.8000 2.3200
      vertex 58.0118 34.6855 2.3200
      vertex 57.5079 35.9609 2.3200
    endloop
  endfacet
  facet normal 0.000000 -0.000000 -1.000000
    outer loop
      vertex 58.0118 34.6855 4.4000
      vertex 58.0314 34.3787 4.4000
      vertex 56.6000 33.8000 4.4000
    endloop
  endfacet
  facet normal 0.000000 0.000000 1.000000
    outer loop
      vertex 56.6000 33.8000 2.3200
      vertex 58.0314 34.3787 2.3200
      vertex 58.0118 34.6855 2.3200
    endloop
  endfacet
  facet normal 0.000000 0.000000 -1.000000
    outer loop
      vertex 58.0314 34.3787 4.4000
      vertex 57.8375 33.6153 4.4000
      vertex 56.6000 33.8000 4.4000
    endloop
  endfacet
  facet normal -0.000000 0.000000 1.000000
    outer loop
      vertex 56.6000 33.8000 2.3200
      vertex 57.8375 33.6153 2.3200
      vertex 58.0314 34.3787 2.3200
    endloop
  endfacet
  facet normal -0.000000 0.000000 -1.000000
    outer loop
      vertex 55.8000 33.4000 4.4000
      vertex 54.6000 32.4000 4.4000
      vertex 55.4000 33.8000 4.4000
    endloop
  endfacet
  facet normal 0.000000 0.000000 1.000000
    outer loop
      vertex 55.4000 33.8000 2.3200
      vertex 54.6000 32.4000 2.3200
      vertex 55.8000 33.4000 2.3200
    endloop
  endfacet
  facet normal 0.000000 0.000000 -1.000000
    outer loop
      vertex 55.8000 33.4000 4.4000
      vertex 55.0000 32.2000 4.4000
      vertex 54.6000 32.4000 4.4000
    endloop
  endfacet
  facet normal -0.000000 0.000000 1.000000
    outer loop
      vertex 54.6000 32.4000 2.3200
      vertex 55.0000 32.2000 2.3200
      vertex 55.8000 33.4000 2.3200
    endloop
  endfacet
  facet normal 0.000000 0.000000 -1.000000
    outer loop
      vertex 54.6000 32.4000 4.4000
      vertex 53.8000 33.0000 4.4000
      vertex 55.4000 33.8000 4.4000
    endloop
  endfacet
  facet normal 0.000000 0.000000 1.000000
    outer loop
      vertex 55.4000 33.8000 2.3200
      vertex 53.8000 33.0000 2.3200
      vertex 54.6000 32.4000 2.3200
    endloop
  endfacet
  facet normal 0.000000 0.000000 -1.000000
    outer loop
      vertex 54.6000 32.4000 4.4000
      vertex 54.4000 32.4000 4.4000
      vertex 53.8000 33.0000 4.4000
    endloop
  endfacet
  facet normal 0.000000 0.000000 1.000000
    outer loop
      vertex 53.8000 33.0000 2.3200
      vertex 54.4000 32.4000 2.3200
      vertex 54.6000 32.4000 2.3200
    endloop
  endfacet
  facet normal 0.000000 0.000000 -1.000000
    outer loop
      vertex 53.8000 33.0000 4.4000
      vertex 53.8000 35.0000 4.4000
      vertex 55.4000 33.8000 4.4000
    endloop
  endfacet
  facet normal 0.000000 0.000000 1.000000
    outer loop
      vertex 55.4000 33.8000 2.3200
      vertex 53.8000 35.0000 2.3200
      vertex 53.8000 33.0000 2.3200
    endloop
  endfacet
  facet normal 0.000000 0.000000 -1.000000
    outer loop
      vertex 52.2000 33.8000 4.4000
      vertex 51.6000 35.2000 4.4000
      vertex 52.4000 34.0000 4.4000
    endloop
  endfacet
  facet normal 0.000000 0.000000 1.000000
    outer loop
      vertex 52.4000 34.0000 2.3200
      vertex 51.6000 35.2000 2.3200
      vertex 52.2000 33.8000 2.3200
    endloop
  endfacet
  facet normal 0.000000 0.000000 -1.000000
    outer loop
      vertex 52.2000 33.8000 4.4000
      vertex 51.0000 33.8000 4.4000
      vertex 51.6000 35.2000 4.4000
    endloop
  endfacet
  facet normal 0.000000 0.000000 1.000000
    outer loop
      vertex 51.6000 35.2000 2.3200
      vertex 51.0000 33.8000 2.3200
      vertex 52.2000 33.8000 2.3200
    endloop
  endfacet
  facet normal 0.000000 0.000000 -1.000000
    outer loop
      vertex 51.0000 33.8000 4.4000
      vertex 51.0000 35.2000 4.4000
      vertex 51.6000 35.2000 4.4000
    endloop
  endfacet
  facet normal 0.000000 0.000000 1.000000
    outer loop
      vertex 51.6000 35.2000 2.3200
      vertex 51.0000 35.2000 2.3200
      vertex 51.0000 33.8000 2.3200
    endloop
  endfacet
  facet normal 0.000000 0.000000 -1.000000
    outer loop
      vertex 51.8000 36.0000 4.4000
      vertex 53.4000 35.0000 4.4000
      vertex 51.8000 35.4000 4.4000
    endloop
  endfacet
  facet normal -0.000000 0.000000 1.000000
    outer loop
      vertex 51.8000 35.4000 2.3200
      vertex 53.4000 35.0000 2.3200
      vertex 51.8000 36.0000 2.3200
    endloop
  endfacet
  facet normal 0.000000 0.000000 -1.000000
    outer loop
      vertex 51.8000 36.0000 4.4000
      vertex 53.4000 36.4000 4.4000
      vertex 53.4000 35.0000 4.4000
    endloop
  endfacet
  facet normal 0.000000 -0.000000 1.000000
    outer loop
      vertex 53.4000 35.0000 2.3200
      vertex 53.4000 36.4000 2.3200
      vertex 51.8000 36.0000 2.3200
    endloop
  endfacet
  facet normal 0.000000 0.000000 -1.000000
    outer loop
      vertex 51.8000 36.0000 4.4000
      vertex 52.8000 37.2000 4.4000
      vertex 53.4000 36.4000 4.4000
    endloop
  endfacet
  facet normal 0.000000 0.000000 1.000000
    outer loop
      vertex 53.4000 36.4000 2.3200
      vertex 52.8000 37.2000 2.3200
      vertex 51.8000 36.0000 2.3200
    endloop
  endfacet
  facet normal 0.000000 0.000000 -1.000000
    outer loop
      vertex 52.8000 37.2000 4.4000
      vertex 53.4000 36.8000 4.4000
      vertex 53.4000 36.4000 4.4000
    endloop
  endfacet
  facet normal 0.000000 -0.000000 1.000000
    outer loop
      vertex 53.4000 36.4000 2.3200
      vertex 53.4000 36.8000 2.3200
      vertex 52.8000 37.2000 2.3200
    endloop
  endfacet
  facet normal 0.000000 0.000000 -1.000000
    outer loop
      vertex 52.8000 37.2000 4.4000
      vertex 53.0000 37.2000 4.4000
      vertex 53.4000 36.8000 4.4000
    endloop
  endfacet
  facet normal 0.000000 0.000000 1.000000
    outer loop
      vertex 53.4000 36.8000 2.3200
      vertex 53.0000 37.2000 2.3200
      vertex 52.8000 37.2000 2.3200
    endloop
  endfacet
  facet normal 0.000000 -0.000000 -1.000000
    outer loop
      vertex 53.8000 36.4000 4.4000
      vertex 53.8000 35.0000 4.4000
      vertex 53.6000 36.2000 4.4000
    endloop
  endfacet
  facet normal -0.000000 0.000000 1.000000
    outer loop
      vertex 53.6000 36.2000 2.3200
      vertex 53.8000 35.0000 2.3200
      vertex 53.8000 36.4000 2.3200
    endloop
  endfacet
  facet normal 0.000000 0.000000 -1.000000
    outer loop
      vertex 53.8000 35.0000 4.4000
      vertex 53.6000 35.2000 4.4000
      vertex 53.6000 36.2000 4.4000
    endloop
  endfacet
  facet normal 0.000000 0.000000 1.000000
    outer loop
      vertex 53.6000 36.2000 2.3200
      vertex 53.6000 35.2000 2.3200
      vertex 53.8000 35.0000 2.3200
    endloop
  endfacet
  facet normal -0.000000 0.000000 -1.000000
    outer loop
      vertex 53.2000 34.4000 4.4000
      vertex 52.8000 34.2000 4.4000
      vertex 53.2000 34.6000 4.4000
    endloop
  endfacet
  facet normal 0.000000 0.000000 1.000000
    outer loop
      vertex 53.2000 34.6000 2.3200
      vertex 52.8000 34.2000 2.3200
      vertex 53.2000 34.4000 2.3200
    endloop
  endfacet
  facet normal 0.000000 0.000000 -1.000000
    outer loop
      vertex 53.2000 34.4000 4.4000
      vertex 53.0000 34.2000 4.4000
      vertex 52.8000 34.2000 4.4000
    endloop
  endfacet
  facet normal 0.000000 0.000000 1.000000
    outer loop
      vertex 52.8000 34.2000 2.3200
      vertex 53.0000 34.2000 2.3200
      vertex 53.2000 34.4000 2.3200
    endloop
  endfacet
  facet normal 0.000000 0.000000 -1.000000
    outer loop
      vertex 52.6000 34.0000 4.4000
      vertex 52.4000 34.0000 4.4000
      vertex 52.8000 34.2000 4.4000
    endloop
  endfacet
  facet normal 0.000000 0.000000 1.000000
    outer loop
      vertex 52.8000 34.2000 2.3200
      vertex 52.4000 34.0000 2.3200
      vertex 52.6000 34.0000 2.3200
    endloop
  endfacet
  facet normal 0.000000 0.000000 -1.000000
    outer loop
      vertex 52.4000 34.0000 4.4000
      vertex 51.8000 35.4000 4.4000
      vertex 52.8000 34.2000 4.4000
    endloop
  endfacet
  facet normal 0.000000 0.000000 1.000000
    outer loop
      vertex 52.8000 34.2000 2.3200
      vertex 51.8000 35.4000 2.3200
      vertex 52.4000 34.0000 2.3200
    endloop
  endfacet
  facet normal 0.000000 0.000000 -1.000000
    outer loop
      vertex 52.4000 34.0000 4.4000
      vertex 51.6000 35.2000 4.4000
      vertex 51.8000 35.4000 4.4000
    endloop
  endfacet
  facet normal 0.000000 0.000000 1.000000
    outer loop
      vertex 51.8000 35.4000 2.3200
      vertex 51.6000 35.2000 2.3200
      vertex 52.4000 34.0000 2.3200
    endloop
  endfacet
  facet normal 0.000000 0.000000 -1.000000
    outer loop
      vertex 51.8000 35.4000 4.4000
      vertex 53.2000 34.6000 4.4000
      vertex 52.8000 34.2000 4.4000
    endloop
  endfacet
  facet normal 0.000000 -0.000000 1.000000
    outer loop
      vertex 52.8000 34.2000 2.3200
      vertex 53.2000 34.6000 2.3200
      vertex 51.8000 35.4000 2.3200
    endloop
  endfacet
  facet normal 0.000000 0.000000 -1.000000
    outer loop
      vertex 51.8000 35.4000 4.4000
      vertex 53.4000 35.0000 4.4000
      vertex 53.2000 34.6000 4.4000
    endloop
  endfacet
  facet normal 0.000000 -0.000000 1.000000
    outer loop
      vertex 53.2000 34.6000 2.3200
      vertex 53.4000 35.0000 2.3200
      vertex 51.8000 35.4000 2.3200
    endloop
  endfacet
  facet normal 0.000000 -0.000000 -1.000000
    outer loop
      vertex 53.4000 35.0000 4.4000
      vertex 53.4000 34.8000 4.4000
      vertex 53.2000 34.6000 4.4000
    endloop
  endfacet
  facet normal 0.000000 0.000000 1.000000
    outer loop
      vertex 53.2000 34.6000 2.3200
      vertex 53.4000 34.8000 2.3200
      vertex 53.4000 35.0000 2.3200
    endloop
  endfacet
  facet normal 0.000000 0.000000 -1.000000
    outer loop
      vertex 53.4000 35.0000 4.4000
      vertex 53.4000 36.4000 4.4000
      vertex 53.6000 35.2000 4.4000
    endloop
  endfacet
  facet normal 0.000000 0.000000 1.000000
    outer loop
      vertex 53.6000 35.2000 2.3200
      vertex 53.4000 36.4000 2.3200
      vertex 53.4000 35.0000 2.3200
    endloop
  endfacet
  facet normal 0.000000 0.000000 -1.000000
    outer loop
      vertex 53.4000 36.4000 4.4000
      vertex 53.6000 36.2000 4.4000
      vertex 53.6000 35.2000 4.4000
    endloop
  endfacet
  facet normal 0.000000 -0.000000 1.000000
    outer loop
      vertex 53.6000 35.2000 2.3200
      vertex 53.6000 36.2000 2.3200
      vertex 53.4000 36.4000 2.3200
    endloop
  endfacet
  facet normal 0.000000 0.000000 -1.000000
    outer loop
      vertex 57.8375 33.6153 4.4000
      vertex 57.7935 33.5021 4.4000
      vertex 57.7235 33.4028 4.4000
    endloop
  endfacet
  facet normal 0.000000 0.000000 1.000000
    outer loop
      vertex 57.7235 33.4028 2.3200
      vertex 57.7935 33.5021 2.3200
      vertex 57.8375 33.6153 2.3200
    endloop
  endfacet
  facet normal 0.000000 0.000000 -1.000000
    outer loop
      vertex 57.8375 33.6153 4.4000
      vertex 57.8189 33.5573 4.4000
      vertex 57.7935 33.5021 4.4000
    endloop
  endfacet
  facet normal 0.000000 0.000000 1.000000
    outer loop
      vertex 57.7935 33.5021 2.3200
      vertex 57.8189 33.5573 2.3200
      vertex 57.8375 33.6153 2.3200
    endloop
  endfacet
  facet normal 0.000000 0.000000 -1.000000
    outer loop
      vertex 57.7935 33.5021 4.4000
      vertex 57.7615 33.4503 4.4000
      vertex 57.7235 33.4028 4.4000
    endloop
  endfacet
  facet normal 0.000000 0.000000 1.000000
    outer loop
      vertex 57.7235 33.4028 2.3200
      vertex 57.7615 33.4503 2.3200
      vertex 57.7935 33.5021 2.3200
    endloop
  endfacet
  facet normal -0.707107 -0.707107 0.000000
    outer loop
      vertex 52.2000 37.6000 2.3200
      vertex 52.4000 37.4000 2.3200
      vertex 52.4000 37.4000 4.4000
    endloop
  endfacet
  facet normal -0.707107 -0.707107 0.000000
    outer loop
      vertex 52.2000 37.6000 2.3200
      vertex 52.4000 37.4000 4.4000
      vertex 52.2000 37.6000 4.4000
    endloop
  endfacet
  facet normal 0.000000 -1.000000 0.000000
    outer loop
      vertex 52.4000 37.4000 2.3200
      vertex 52.6000 37.4000 2.3200
      vertex 52.6000 37.4000 4.4000
    endloop
  endfacet
  facet normal 0.000000 -1.000000 0.000000
    outer loop
      vertex 52.4000 37.4000 2.3200
      vertex 52.6000 37.4000 4.4000
      vertex 52.4000 37.4000 4.4000
    endloop
  endfacet
  facet normal -0.707107 -0.707107 0.000000
    outer loop
      vertex 52.6000 37.4000 2.3200
      vertex 52.8000 37.2000 2.3200
      vertex 52.8000 37.2000 4.4000
    endloop
  endfacet
  facet normal -0.707107 -0.707107 0.000000
    outer loop
      vertex 52.6000 37.4000 2.3200
      vertex 52.8000 37.2000 4.4000
      vertex 52.6000 37.4000 4.4000
    endloop
  endfacet
  facet normal 0.000000 -1.000000 0.000000
    outer loop
      vertex 52.8000 37.2000 2.3200
      vertex 53.0000 37.2000 2.3200
      vertex 53.0000 37.2000 4.4000
    endloop
  endfacet
  facet normal 0.000000 -1.000000 0.000000
    outer loop
      vertex 52.8000 37.2000 2.3200
      vertex 53.0000 37.2000 4.4000
      vertex 52.8000 37.2000 4.4000
    endloop
  endfacet
  facet normal -0.707107 -0.707107 0.000000
    outer loop
      vertex 53.0000 37.2000 2.3200
      vertex 53.4000 36.8000 2.3200
      vertex 53.4000 36.8000 4.4000
    endloop
  endfacet
  facet normal -0.707107 -0.707107 0.000000
    outer loop
      vertex 53.0000 37.2000 2.3200
      vertex 53.4000 36.8000 4.4000
      vertex 53.0000 37.2000 4.4000
    endloop
  endfacet
  facet normal -1.000000 0.000000 0.000000
    outer loop
      vertex 53.4000 36.8000 2.3200
      vertex 53.4000 36.4000 2.3200
      vertex 53.4000 36.4000 4.4000
    endloop
  endfacet
  facet normal -1.000000 0.000000 0.000000
    outer loop
      vertex 53.4000 36.8000 2.3200
      vertex 53.4000 36.4000 4.4000
      vertex 53.4000 36.8000 4.4000
    endloop
  endfacet
  facet normal -0.707107 -0.707107 0.000000
    outer loop
      vertex 53.4000 36.4000 2.3200
      vertex 53.6000 36.2000 2.3200
      vertex 53.6000 36.2000 4.4000
    endloop
  endfacet
  facet normal -0.707107 -0.707107 0.000000
    outer loop
      vertex 53.4000 36.4000 2.3200
      vertex 53.6000 36.2000 4.4000
      vertex 53.4000 36.4000 4.4000
    endloop
  endfacet
  facet normal 0.707107 -0.707107 0.000000
    outer loop
      vertex 53.6000 36.2000 2.3200
      vertex 53.8000 36.4000 2.3200
      vertex 53.8000 36.4000 4.4000
    endloop
  endfacet
  facet normal 0.707107 -0.707107 0.000000
    outer loop
      vertex 53.6000 36.2000 2.3200
      vertex 53.8000 36.4000 4.4000
      vertex 53.6000 36.2000 4.4000
    endloop
  endfacet
  facet normal 1.000000 0.000000 0.000000
    outer loop
      vertex 53.8000 36.4000 2.3200
      vertex 53.8000 37.4000 2.3200
      vertex 53.8000 37.4000 4.4000
    endloop
  endfacet
  facet normal 1.000000 0.000000 0.000000
    outer loop
      vertex 53.8000 36.4000 2.3200
      vertex 53.8000 37.4000 4.4000
      vertex 53.8000 36.4000 4.4000
    endloop
  endfacet
  facet normal 0.000000 -1.000000 0.000000
    outer loop
      vertex 53.8000 37.4000 2.3200
      vertex 54.0000 37.4000 2.3200
      vertex 54.0000 37.4000 4.4000
    endloop
  endfacet
  facet normal 0.000000 -1.000000 0.000000
    outer loop
      vertex 53.8000 37.4000 2.3200
      vertex 54.0000 37.4000 4.4000
      vertex 53.8000 37.4000 4.4000
    endloop
  endfacet
  facet normal 0.707107 -0.707107 0.000000
    outer loop
      vertex 54.0000 37.4000 2.3200
      vertex 54.2000 37.6000 2.3200
      vertex 54.2000 37.6000 4.4000
    endloop
  endfacet
  facet normal 0.707107 -0.707107 0.000000
    outer loop
      vertex 54.0000 37.4000 2.3200
      vertex 54.2000 37.6000 4.4000
      vertex 54.0000 37.4000 4.4000
    endloop
  endfacet
  facet normal 0.000000 -1.000000 0.000000
    outer loop
      vertex 54.2000 37.6000 2.3200
      vertex 55.0000 37.6000 2.3200
      vertex 55.0000 37.6000 4.4000
    endloop
  endfacet
  facet normal 0.000000 -1.000000 0.000000
    outer loop
      vertex 54.2000 37.6000 2.3200
      vertex 55.0000 37.6000 4.4000
      vertex 54.2000 37.6000 4.4000
    endloop
  endfacet
  facet normal -0.707107 -0.707107 0.000000
    outer loop
      vertex 55.0000 37.6000 2.3200
      vertex 55.2000 37.4000 2.3200
      vertex 55.2000 37.4000 4.4000
    endloop
  endfacet
  facet normal -0.707107 -0.707107 0.000000
    outer loop
      vertex 55.0000 37.6000 2.3200
      vertex 55.2000 37.4000 4.4000
      vertex 55.0000 37.6000 4.4000
    endloop
  endfacet
  facet normal 0.000000 -1.000000 0.000000
    outer loop
      vertex 55.2000 37.4000 2.3200
      vertex 55.4000 37.4000 2.3200
      vertex 55.4000 37.4000 4.4000
    endloop
  endfacet
  facet normal 0.000000 -1.000000 0.000000
    outer loop
      vertex 55.2000 37.4000 2.3200
      vertex 55.4000 37.4000 4.4000
      vertex 55.2000 37.4000 4.4000
    endloop
  endfacet
  facet normal -1.000000 0.000000 0.000000
    outer loop
      vertex 55.4000 37.4000 2.3200
      vertex 55.4000 33.8000 2.3200
      vertex 55.4000 33.8000 4.4000
    endloop
  endfacet
  facet normal -1.000000 0.000000 0.000000
    outer loop
      vertex 55.4000 37.4000 2.3200
      vertex 55.4000 33.8000 4.4000
      vertex 55.4000 37.4000 4.4000
    endloop
  endfacet
  facet normal -0.707107 -0.707107 0.000000
    outer loop
      vertex 55.4000 33.8000 2.3200
      vertex 55.8000 33.4000 2.3200
      vertex 55.8000 33.4000 4.4000
    endloop
  endfacet
  facet normal -0.707107 -0.707107 0.000000
    outer loop
      vertex 55.4000 33.8000 2.3200
      vertex 55.8000 33.4000 4.4000
      vertex 55.4000 33.8000 4.4000
    endloop
  endfacet
  facet normal 0.000000 -1.000000 0.000000
    outer loop
      vertex 55.8000 33.4000 2.3200
      vertex 56.2000 33.4000 2.3200
      vertex 56.2000 33.4000 4.4000
    endloop
  endfacet
  facet normal 0.000000 -1.000000 0.000000
    outer loop
      vertex 55.8000 33.4000 2.3200
      vertex 56.2000 33.4000 4.4000
      vertex 55.8000 33.4000 4.4000
    endloop
  endfacet
  facet normal 0.707107 -0.707107 0.000000
    outer loop
      vertex 56.2000 33.4000 2.3200
      vertex 56.6000 33.8000 2.3200
      vertex 56.6000 33.8000 4.4000
    endloop
  endfacet
  facet normal 0.707107 -0.707107 0.000000
    outer loop
      vertex 56.2000 33.4000 2.3200
      vertex 56.6000 33.8000 4.4000
      vertex 56.2000 33.4000 4.4000
    endloop
  endfacet
  facet normal 1.000000 0.000000 0.000000
    outer loop
      vertex 56.6000 33.8000 2.3200
      vertex 56.6000 37.4000 2.3200
      vertex 56.6000 37.4000 4.4000
    endloop
  endfacet
  facet normal 1.000000 0.000000 0.000000
    outer loop
      vertex 56.6000 33.8000 2.3200
      vertex 56.6000 37.4000 4.4000
      vertex 56.6000 33.8000 4.4000
    endloop
  endfacet
  facet normal 0.000000 -1.000000 0.000000
    outer loop
      vertex 56.6000 37.4000 2.3200
      vertex 56.8000 37.4000 2.3200
      vertex 56.8000 37.4000 4.4000
    endloop
  endfacet
  facet normal 0.000000 -1.000000 0.000000
    outer loop
      vertex 56.6000 37.4000 2.3200
      vertex 56.8000 37.4000 4.4000
      vertex 56.6000 37.4000 4.4000
    endloop
  endfacet
  facet normal 0.707107 -0.707107 0.000000
    outer loop
      vertex 56.8000 37.4000 2.3200
      vertex 57.0000 37.6000 2.3200
      vertex 57.0000 37.6000 4.4000
    endloop
  endfacet
  facet normal 0.707107 -0.707107 0.000000
    outer loop
      vertex 56.8000 37.4000 2.3200
      vertex 57.0000 37.6000 4.4000
      vertex 56.8000 37.4000 4.4000
    endloop
  endfacet
  facet normal 0.000000 -1.000000 0.000000
    outer loop
      vertex 57.0000 37.6000 2.3200
      vertex 57.2240 37.6000 2.3200
      vertex 57.2240 37.6000 4.4000
    endloop
  endfacet
  facet normal 0.000000 -1.000000 0.000000
    outer loop
      vertex 57.0000 37.6000 2.3200
      vertex 57.2240 37.6000 4.4000
      vertex 57.0000 37.6000 4.4000
    endloop
  endfacet
  facet normal -0.792067 0.610434 0.000000
    outer loop
      vertex 57.2240 37.6000 2.3200
      vertex 57.0540 37.3794 2.3200
      vertex 57.0540 37.3794 4.4000
    endloop
  endfacet
  facet normal -0.792067 0.610434 0.000000
    outer loop
      vertex 57.2240 37.6000 2.3200
      vertex 57.0540 37.3794 4.4000
      vertex 57.2240 37.6000 4.4000
    endloop
  endfacet
  facet normal -0.810783 0.585347 0.000000
    outer loop
      vertex 57.0540 37.3794 2.3200
      vertex 57.0491 37.3727 2.3200
      vertex 57.0491 37.3727 4.4000
    endloop
  endfacet
  facet normal -0.810783 0.585347 0.000000
    outer loop
      vertex 57.0540 37.3794 2.3200
      vertex 57.0491 37.3727 4.4000
      vertex 57.0540 37.3794 4.4000
    endloop
  endfacet
  facet normal -0.862096 0.506745 0.000000
    outer loop
      vertex 57.0491 37.3727 2.3200
      vertex 57.0399 37.3570 2.3200
      vertex 57.0399 37.3570 4.4000
    endloop
  endfacet
  facet normal -0.862096 0.506745 0.000000
    outer loop
      vertex 57.0491 37.3727 2.3200
      vertex 57.0399 37.3570 4.4000
      vertex 57.0491 37.3727 4.4000
    endloop
  endfacet
  facet normal -0.918628 0.395123 0.000000
    outer loop
      vertex 57.0399 37.3570 2.3200
      vertex 57.0350 37.3456 2.3200
      vertex 57.0350 37.3456 4.4000
    endloop
  endfacet
  facet normal -0.918628 0.395123 0.000000
    outer loop
      vertex 57.0399 37.3570 2.3200
      vertex 57.0350 37.3456 4.4000
      vertex 57.0399 37.3570 4.4000
    endloop
  endfacet
  facet normal -0.960779 0.277314 0.000000
    outer loop
      vertex 57.0350 37.3456 2.3200
      vertex 57.0315 37.3337 2.3200
      vertex 57.0315 37.3337 4.4000
    endloop
  endfacet
  facet normal -0.960779 0.277314 0.000000
    outer loop
      vertex 57.0350 37.3456 2.3200
      vertex 57.0315 37.3337 4.4000
      vertex 57.0350 37.3456 4.4000
    endloop
  endfacet
  facet normal -0.987889 0.155164 0.000000
    outer loop
      vertex 57.0315 37.3337 2.3200
      vertex 57.0296 37.3214 2.3200
      vertex 57.0296 37.3214 4.4000
    endloop
  endfacet
  facet normal -0.987889 0.155164 0.000000
    outer loop
      vertex 57.0315 37.3337 2.3200
      vertex 57.0296 37.3214 4.4000
      vertex 57.0315 37.3337 4.4000
    endloop
  endfacet
  facet normal -0.999532 0.030585 0.000000
    outer loop
      vertex 57.0296 37.3214 2.3200
      vertex 57.0292 37.3090 2.3200
      vertex 57.0292 37.3090 4.4000
    endloop
  endfacet
  facet normal -0.999532 0.030585 0.000000
    outer loop
      vertex 57.0296 37.3214 2.3200
      vertex 57.0292 37.3090 4.4000
      vertex 57.0296 37.3214 4.4000
    endloop
  endfacet
  facet normal -0.995527 -0.094473 0.000000
    outer loop
      vertex 57.0292 37.3090 2.3200
      vertex 57.0304 37.2967 2.3200
      vertex 57.0304 37.2967 4.4000
    endloop
  endfacet
  facet normal -0.995527 -0.094473 0.000000
    outer loop
      vertex 57.0292 37.3090 2.3200
      vertex 57.0304 37.2967 4.4000
      vertex 57.0292 37.3090 4.4000
    endloop
  endfacet
  facet normal -0.975937 -0.218051 0.000000
    outer loop
      vertex 57.0304 37.2967 2.3200
      vertex 57.0344 37.2789 2.3200
      vertex 57.0344 37.2789 4.4000
    endloop
  endfacet
  facet normal -0.975937 -0.218051 0.000000
    outer loop
      vertex 57.0304 37.2967 2.3200
      vertex 57.0344 37.2789 4.4000
      vertex 57.0304 37.2967 4.4000
    endloop
  endfacet
  facet normal -0.951192 -0.308599 0.000000
    outer loop
      vertex 57.0344 37.2789 2.3200
      vertex 57.0369 37.2710 2.3200
      vertex 57.0369 37.2710 4.4000
    endloop
  endfacet
  facet normal -0.951192 -0.308599 0.000000
    outer loop
      vertex 57.0344 37.2789 2.3200
      vertex 57.0369 37.2710 4.4000
      vertex 57.0344 37.2789 4.4000
    endloop
  endfacet
  facet normal -0.941068 -0.338217 0.000000
    outer loop
      vertex 57.0369 37.2710 2.3200
      vertex 57.5052 35.9680 2.3200
      vertex 57.5052 35.9680 4.4000
    endloop
  endfacet
  facet normal -0.941068 -0.338217 0.000000
    outer loop
      vertex 57.0369 37.2710 2.3200
      vertex 57.5052 35.9680 4.4000
      vertex 57.0369 37.2710 4.4000
    endloop
  endfacet
  facet normal -0.938400 -0.345551 0.000000
    outer loop
      vertex 57.5052 35.9680 2.3200
      vertex 57.5061 35.9657 2.3200
      vertex 57.5061 35.9657 4.4000
    endloop
  endfacet
  facet normal -0.938400 -0.345551 0.000000
    outer loop
      vertex 57.5052 35.9680 2.3200
      vertex 57.5061 35.9657 4.4000
      vertex 57.5052 35.9680 4.4000
    endloop
  endfacet
  facet normal -0.933692 -0.358076 0.000000
    outer loop
      vertex 57.5061 35.9657 2.3200
      vertex 57.5079 35.9609 2.3200
      vertex 57.5079 35.9609 4.4000
    endloop
  endfacet
  facet normal -0.933692 -0.358076 0.000000
    outer loop
      vertex 57.5061 35.9657 2.3200
      vertex 57.5079 35.9609 4.4000
      vertex 57.5061 35.9657 4.4000
    endloop
  endfacet
  facet normal -0.930052 -0.367428 0.000000
    outer loop
      vertex 57.5079 35.9609 2.3200
      vertex 58.0118 34.6855 2.3200
      vertex 58.0118 34.6855 4.4000
    endloop
  endfacet
  facet normal -0.930052 -0.367428 0.000000
    outer loop
      vertex 57.5079 35.9609 2.3200
      vertex 58.0118 34.6855 4.4000
      vertex 57.5079 35.9609 4.4000
    endloop
  endfacet
  facet normal -0.951184 -0.308625 0.000000
    outer loop
      vertex 58.0118 34.6855 2.3200
      vertex 58.0310 34.6261 2.3200
      vertex 58.0310 34.6261 4.4000
    endloop
  endfacet
  facet normal -0.951184 -0.308625 0.000000
    outer loop
      vertex 58.0118 34.6855 2.3200
      vertex 58.0310 34.6261 4.4000
      vertex 58.0118 34.6855 4.4000
    endloop
  endfacet
  facet normal -0.982238 -0.187638 0.000000
    outer loop
      vertex 58.0310 34.6261 2.3200
      vertex 58.0428 34.5648 2.3200
      vertex 58.0428 34.5648 4.4000
    endloop
  endfacet
  facet normal -0.982238 -0.187638 0.000000
    outer loop
      vertex 58.0310 34.6261 2.3200
      vertex 58.0428 34.5648 4.4000
      vertex 58.0310 34.6261 4.4000
    endloop
  endfacet
  facet normal -0.997968 -0.063723 0.000000
    outer loop
      vertex 58.0428 34.5648 2.3200
      vertex 58.0467 34.5025 2.3200
      vertex 58.0467 34.5025 4.4000
    endloop
  endfacet
  facet normal -0.997968 -0.063723 0.000000
    outer loop
      vertex 58.0428 34.5648 2.3200
      vertex 58.0467 34.5025 4.4000
      vertex 58.0428 34.5648 4.4000
    endloop
  endfacet
  facet normal -0.998126 0.061186 0.000000
    outer loop
      vertex 58.0467 34.5025 2.3200
      vertex 58.0429 34.4401 2.3200
      vertex 58.0429 34.4401 4.4000
    endloop
  endfacet
  facet normal -0.998126 0.061186 0.000000
    outer loop
      vertex 58.0467 34.5025 2.3200
      vertex 58.0429 34.4401 4.4000
      vertex 58.0467 34.5025 4.4000
    endloop
  endfacet
  facet normal -0.982712 0.185140 0.000000
    outer loop
      vertex 58.0429 34.4401 2.3200
      vertex 58.0314 34.3787 2.3200
      vertex 58.0314 34.3787 4.4000
    endloop
  endfacet
  facet normal -0.982712 0.185140 0.000000
    outer loop
      vertex 58.0429 34.4401 2.3200
      vertex 58.0314 34.3787 4.4000
      vertex 58.0429 34.4401 4.4000
    endloop
  endfacet
  facet normal -0.969231 0.246154 0.000000
    outer loop
      vertex 58.0314 34.3787 2.3200
      vertex 57.8375 33.6153 2.3200
      vertex 57.8375 33.6153 4.4000
    endloop
  endfacet
  facet normal -0.969231 0.246154 0.000000
    outer loop
      vertex 58.0314 34.3787 2.3200
      vertex 57.8375 33.6153 4.4000
      vertex 58.0314 34.3787 4.4000
    endloop
  endfacet
  facet normal -0.952461 0.304661 0.000000
    outer loop
      vertex 57.8375 33.6153 2.3200
      vertex 57.8189 33.5573 2.3200
      vertex 57.8189 33.5573 4.4000
    endloop
  endfacet
  facet normal -0.952461 0.304661 0.000000
    outer loop
      vertex 57.8375 33.6153 2.3200
      vertex 57.8189 33.5573 4.4000
      vertex 57.8375 33.6153 4.4000
    endloop
  endfacet
  facet normal -0.908411 0.418078 0.000000
    outer loop
      vertex 57.8189 33.5573 2.3200
      vertex 57.7935 33.5021 2.3200
      vertex 57.7935 33.5021 4.4000
    endloop
  endfacet
  facet normal -0.908411 0.418078 0.000000
    outer loop
      vertex 57.8189 33.5573 2.3200
      vertex 57.7935 33.5021 4.4000
      vertex 57.8189 33.5573 4.4000
    endloop
  endfacet
  facet normal -0.850914 0.525306 0.000000
    outer loop
      vertex 57.7935 33.5021 2.3200
      vertex 57.7615 33.4503 2.3200
      vertex 57.7615 33.4503 4.4000
    endloop
  endfacet
  facet normal -0.850914 0.525306 0.000000
    outer loop
      vertex 57.7935 33.5021 2.3200
      vertex 57.7615 33.4503 4.4000
      vertex 57.7935 33.5021 4.4000
    endloop
  endfacet
  facet normal -0.780820 0.624757 0.000000
    outer loop
      vertex 57.7615 33.4503 2.3200
      vertex 57.7235 33.4028 2.3200
      vertex 57.7235 33.4028 4.4000
    endloop
  endfacet
  facet normal -0.780820 0.624757 0.000000
    outer loop
      vertex 57.7615 33.4503 2.3200
      vertex 57.7235 33.4028 4.4000
      vertex 57.7615 33.4503 4.4000
    endloop
  endfacet
  facet normal -0.699166 0.714959 0.000000
    outer loop
      vertex 57.7235 33.4028 2.3200
      vertex 57.6800 33.3603 2.3200
      vertex 57.6800 33.3603 4.4000
    endloop
  endfacet
  facet normal -0.699166 0.714959 0.000000
    outer loop
      vertex 57.7235 33.4028 2.3200
      vertex 57.6800 33.3603 4.4000
      vertex 57.7235 33.4028 4.4000
    endloop
  endfacet
  facet normal -0.654377 0.756169 0.000000
    outer loop
      vertex 57.6800 33.3603 2.3200
      vertex 56.9719 32.7475 2.3200
      vertex 56.9719 32.7475 4.4000
    endloop
  endfacet
  facet normal -0.654377 0.756169 0.000000
    outer loop
      vertex 57.6800 33.3603 2.3200
      vertex 56.9719 32.7475 4.4000
      vertex 57.6800 33.3603 4.4000
    endloop
  endfacet
  facet normal -0.606267 0.795261 0.000000
    outer loop
      vertex 56.9719 32.7475 2.3200
      vertex 56.9227 32.7099 2.3200
      vertex 56.9227 32.7099 4.4000
    endloop
  endfacet
  facet normal -0.606267 0.795261 0.000000
    outer loop
      vertex 56.9719 32.7475 2.3200
      vertex 56.9227 32.7099 4.4000
      vertex 56.9719 32.7475 4.4000
    endloop
  endfacet
  facet normal -0.503251 0.864140 0.000000
    outer loop
      vertex 56.9227 32.7099 2.3200
      vertex 56.8691 32.6788 2.3200
      vertex 56.8691 32.6788 4.4000
    endloop
  endfacet
  facet normal -0.503251 0.864140 0.000000
    outer loop
      vertex 56.9227 32.7099 2.3200
      vertex 56.8691 32.6788 4.4000
      vertex 56.9227 32.7099 4.4000
    endloop
  endfacet
  facet normal -0.392507 0.919749 0.000000
    outer loop
      vertex 56.8691 32.6788 2.3200
      vertex 56.8121 32.6544 2.3200
      vertex 56.8121 32.6544 4.4000
    endloop
  endfacet
  facet normal -0.392507 0.919749 0.000000
    outer loop
      vertex 56.8691 32.6788 2.3200
      vertex 56.8121 32.6544 4.4000
      vertex 56.8691 32.6788 4.4000
    endloop
  endfacet
  facet normal -0.334765 0.942302 0.000000
    outer loop
      vertex 56.8121 32.6544 2.3200
      vertex 55.6185 32.2304 2.3200
      vertex 55.6185 32.2304 4.4000
    endloop
  endfacet
  facet normal -0.334765 0.942302 0.000000
    outer loop
      vertex 56.8121 32.6544 2.3200
      vertex 55.6185 32.2304 4.4000
      vertex 56.8121 32.6544 4.4000
    endloop
  endfacet
  facet normal -0.277794 0.960641 0.000000
    outer loop
      vertex 55.6185 32.2304 2.3200
      vertex 55.5611 32.2138 2.3200
      vertex 55.5611 32.2138 4.4000
    endloop
  endfacet
  facet normal -0.277794 0.960641 0.000000
    outer loop
      vertex 55.6185 32.2304 2.3200
      vertex 55.5611 32.2138 4.4000
      vertex 55.6185 32.2304 4.4000
    endloop
  endfacet
  facet normal -0.161073 0.986942 0.000000
    outer loop
      vertex 55.5611 32.2138 2.3200
      vertex 55.5020 32.2041 2.3200
      vertex 55.5020 32.2041 4.4000
    endloop
  endfacet
  facet normal -0.161073 0.986942 0.000000
    outer loop
      vertex 55.5611 32.2138 2.3200
      vertex 55.5020 32.2041 4.4000
      vertex 55.5611 32.2138 4.4000
    endloop
  endfacet
  facet normal -0.101742 0.994811 0.000000
    outer loop
      vertex 55.5020 32.2041 2.3200
      vertex 55.0428 32.1572 2.3200
      vertex 55.0428 32.1572 4.4000
    endloop
  endfacet
  facet normal -0.101742 0.994811 0.000000
    outer loop
      vertex 55.5020 32.2041 2.3200
      vertex 55.0428 32.1572 4.4000
      vertex 55.5020 32.2041 4.4000
    endloop
  endfacet
  facet normal 0.707107 0.707107 0.000000
    outer loop
      vertex 55.0428 32.1572 2.3200
      vertex 55.0000 32.2000 2.3200
      vertex 55.0000 32.2000 4.4000
    endloop
  endfacet
  facet normal 0.707107 0.707107 -0.000000
    outer loop
      vertex 55.0428 32.1572 2.3200
      vertex 55.0000 32.2000 4.4000
      vertex 55.0428 32.1572 4.4000
    endloop
  endfacet
  facet normal 0.000000 1.000000 0.000000
    outer loop
      vertex 55.0000 32.2000 2.3200
      vertex 54.8000 32.2000 2.3200
      vertex 54.8000 32.2000 4.4000
    endloop
  endfacet
  facet normal 0.000000 1.000000 -0.000000
    outer loop
      vertex 55.0000 32.2000 2.3200
      vertex 54.8000 32.2000 4.4000
      vertex 55.0000 32.2000 4.4000
    endloop
  endfacet
  facet normal 0.707107 0.707107 0.000000
    outer loop
      vertex 54.8000 32.2000 2.3200
      vertex 54.6000 32.4000 2.3200
      vertex 54.6000 32.4000 4.4000
    endloop
  endfacet
  facet normal 0.707107 0.707107 -0.000000
    outer loop
      vertex 54.8000 32.2000 2.3200
      vertex 54.6000 32.4000 4.4000
      vertex 54.8000 32.2000 4.4000
    endloop
  endfacet
  facet normal 0.000000 1.000000 0.000000
    outer loop
      vertex 54.6000 32.4000 2.3200
      vertex 54.4000 32.4000 2.3200
      vertex 54.4000 32.4000 4.4000
    endloop
  endfacet
  facet normal 0.000000 1.000000 -0.000000
    outer loop
      vertex 54.6000 32.4000 2.3200
      vertex 54.4000 32.4000 4.4000
      vertex 54.6000 32.4000 4.4000
    endloop
  endfacet
  facet normal 0.707107 0.707107 0.000000
    outer loop
      vertex 54.4000 32.4000 2.3200
      vertex 53.8000 33.0000 2.3200
      vertex 53.8000 33.0000 4.4000
    endloop
  endfacet
  facet normal 0.707107 0.707107 -0.000000
    outer loop
      vertex 54.4000 32.4000 2.3200
      vertex 53.8000 33.0000 4.4000
      vertex 54.4000 32.4000 4.4000
    endloop
  endfacet
  facet normal 1.000000 0.000000 0.000000
    outer loop
      vertex 53.8000 33.0000 2.3200
      vertex 53.8000 35.0000 2.3200
      vertex 53.8000 35.0000 4.4000
    endloop
  endfacet
  facet normal 1.000000 0.000000 0.000000
    outer loop
      vertex 53.8000 33.0000 2.3200
      vertex 53.8000 35.0000 4.4000
      vertex 53.8000 33.0000 4.4000
    endloop
  endfacet
  facet normal 0.707107 0.707107 0.000000
    outer loop
      vertex 53.8000 35.0000 2.3200
      vertex 53.6000 35.2000 2.3200
      vertex 53.6000 35.2000 4.4000
    endloop
  endfacet
  facet normal 0.707107 0.707107 -0.000000
    outer loop
      vertex 53.8000 35.0000 2.3200
      vertex 53.6000 35.2000 4.4000
      vertex 53.8000 35.0000 4.4000
    endloop
  endfacet
  facet normal -0.707107 0.707107 0.000000
    outer loop
      vertex 53.6000 35.2000 2.3200
      vertex 53.4000 35.0000 2.3200
      vertex 53.4000 35.0000 4.4000
    endloop
  endfacet
  facet normal -0.707107 0.707107 0.000000
    outer loop
      vertex 53.6000 35.2000 2.3200
      vertex 53.4000 35.0000 4.4000
      vertex 53.6000 35.2000 4.4000
    endloop
  endfacet
  facet normal -1.000000 0.000000 0.000000
    outer loop
      vertex 53.4000 35.0000 2.3200
      vertex 53.4000 34.8000 2.3200
      vertex 53.4000 34.8000 4.4000
    endloop
  endfacet
  facet normal -1.000000 0.000000 0.000000
    outer loop
      vertex 53.4000 35.0000 2.3200
      vertex 53.4000 34.8000 4.4000
      vertex 53.4000 35.0000 4.4000
    endloop
  endfacet
  facet normal -0.707107 0.707107 0.000000
    outer loop
      vertex 53.4000 34.8000 2.3200
      vertex 53.2000 34.6000 2.3200
      vertex 53.2000 34.6000 4.4000
    endloop
  endfacet
  facet normal -0.707107 0.707107 0.000000
    outer loop
      vertex 53.4000 34.8000 2.3200
      vertex 53.2000 34.6000 4.4000
      vertex 53.4000 34.8000 4.4000
    endloop
  endfacet
  facet normal -1.000000 0.000000 0.000000
    outer loop
      vertex 53.2000 34.6000 2.3200
      vertex 53.2000 34.4000 2.3200
      vertex 53.2000 34.4000 4.4000
    endloop
  endfacet
  facet normal -1.000000 0.000000 0.000000
    outer loop
      vertex 53.2000 34.6000 2.3200
      vertex 53.2000 34.4000 4.4000
      vertex 53.2000 34.6000 4.4000
    endloop
  endfacet
  facet normal -0.707107 0.707107 0.000000
    outer loop
      vertex 53.2000 34.4000 2.3200
      vertex 53.0000 34.2000 2.3200
      vertex 53.0000 34.2000 4.4000
    endloop
  endfacet
  facet normal -0.707107 0.707107 0.000000
    outer loop
      vertex 53.2000 34.4000 2.3200
      vertex 53.0000 34.2000 4.4000
      vertex 53.2000 34.4000 4.4000
    endloop
  endfacet
  facet normal 0.000000 1.000000 0.000000
    outer loop
      vertex 53.0000 34.2000 2.3200
      vertex 52.8000 34.2000 2.3200
      vertex 52.8000 34.2000 4.4000
    endloop
  endfacet
  facet normal 0.000000 1.000000 -0.000000
    outer loop
      vertex 53.0000 34.2000 2.3200
      vertex 52.8000 34.2000 4.4000
      vertex 53.0000 34.2000 4.4000
    endloop
  endfacet
  facet normal -0.707107 0.707107 0.000000
    outer loop
      vertex 52.8000 34.2000 2.3200
      vertex 52.6000 34.0000 2.3200
      vertex 52.6000 34.0000 4.4000
    endloop
  endfacet
  facet normal -0.707107 0.707107 0.000000
    outer loop
      vertex 52.8000 34.2000 2.3200
      vertex 52.6000 34.0000 4.4000
      vertex 52.8000 34.2000 4.4000
    endloop
  endfacet
  facet normal 0.000000 1.000000 0.000000
    outer loop
      vertex 52.6000 34.0000 2.3200
      vertex 52.4000 34.0000 2.3200
      vertex 52.4000 34.0000 4.4000
    endloop
  endfacet
  facet normal 0.000000 1.000000 -0.000000
    outer loop
      vertex 52.6000 34.0000 2.3200
      vertex 52.4000 34.0000 4.4000
      vertex 52.6000 34.0000 4.4000
    endloop
  endfacet
  facet normal -0.707107 0.707107 0.000000
    outer loop
      vertex 52.4000 34.0000 2.3200
      vertex 52.2000 33.8000 2.3200
      vertex 52.2000 33.8000 4.4000
    endloop
  endfacet
  facet normal -0.707107 0.707107 0.000000
    outer loop
      vertex 52.4000 34.0000 2.3200
      vertex 52.2000 33.8000 4.4000
      vertex 52.4000 34.0000 4.4000
    endloop
  endfacet
  facet normal 0.000000 1.000000 0.000000
    outer loop
      vertex 52.2000 33.8000 2.3200
      vertex 51.0000 33.8000 2.3200
      vertex 51.0000 33.8000 4.4000
    endloop
  endfacet
  facet normal 0.000000 1.000000 -0.000000
    outer loop
      vertex 52.2000 33.8000 2.3200
      vertex 51.0000 33.8000 4.4000
      vertex 52.2000 33.8000 4.4000
    endloop
  endfacet
  facet normal -0.707107 0.707107 0.000000
    outer loop
      vertex 51.0000 33.8000 2.3200
      vertex 50.8000 33.6000 2.3200
      vertex 50.8000 33.6000 4.4000
    endloop
  endfacet
  facet normal -0.707107 0.707107 0.000000
    outer loop
      vertex 51.0000 33.8000 2.3200
      vertex 50.8000 33.6000 4.4000
      vertex 51.0000 33.8000 4.4000
    endloop
  endfacet
  facet normal -1.000000 0.000000 0.000000
    outer loop
      vertex 50.8000 33.6000 2.3200
      vertex 50.8000 32.9449 2.3200
      vertex 50.8000 32.9449 4.4000
    endloop
  endfacet
  facet normal -1.000000 0.000000 0.000000
    outer loop
      vertex 50.8000 33.6000 2.3200
      vertex 50.8000 32.9449 4.4000
      vertex 50.8000 33.6000 4.4000
    endloop
  endfacet
  facet normal 0.654377 0.756169 0.000000
    outer loop
      vertex 50.8000 32.9449 2.3200
      vertex 50.3200 33.3603 2.3200
      vertex 50.3200 33.3603 4.4000
    endloop
  endfacet
  facet normal 0.654377 0.756169 -0.000000
    outer loop
      vertex 50.8000 32.9449 2.3200
      vertex 50.3200 33.3603 4.4000
      vertex 50.8000 32.9449 4.4000
    endloop
  endfacet
  facet normal 0.699166 0.714959 0.000000
    outer loop
      vertex 50.3200 33.3603 2.3200
      vertex 50.2765 33.4028 2.3200
      vertex 50.2765 33.4028 4.4000
    endloop
  endfacet
  facet normal 0.699166 0.714959 -0.000000
    outer loop
      vertex 50.3200 33.3603 2.3200
      vertex 50.2765 33.4028 4.4000
      vertex 50.3200 33.3603 4.4000
    endloop
  endfacet
  facet normal 0.780820 0.624757 0.000000
    outer loop
      vertex 50.2765 33.4028 2.3200
      vertex 50.2385 33.4503 2.3200
      vertex 50.2385 33.4503 4.4000
    endloop
  endfacet
  facet normal 0.780820 0.624757 -0.000000
    outer loop
      vertex 50.2765 33.4028 2.3200
      vertex 50.2385 33.4503 4.4000
      vertex 50.2765 33.4028 4.4000
    endloop
  endfacet
  facet normal 0.850914 0.525306 0.000000
    outer loop
      vertex 50.2385 33.4503 2.3200
      vertex 50.2065 33.5021 2.3200
      vertex 50.2065 33.5021 4.4000
    endloop
  endfacet
  facet normal 0.850914 0.525306 -0.000000
    outer loop
      vertex 50.2385 33.4503 2.3200
      vertex 50.2065 33.5021 4.4000
      vertex 50.2385 33.4503 4.4000
    endloop
  endfacet
  facet normal 0.908411 0.418078 0.000000
    outer loop
      vertex 50.2065 33.5021 2.3200
      vertex 50.1811 33.5573 2.3200
      vertex 50.1811 33.5573 4.4000
    endloop
  endfacet
  facet normal 0.908411 0.418078 -0.000000
    outer loop
      vertex 50.2065 33.5021 2.3200
      vertex 50.1811 33.5573 4.4000
      vertex 50.2065 33.5021 4.4000
    endloop
  endfacet
  facet normal 0.952461 0.304661 0.000000
    outer loop
      vertex 50.1811 33.5573 2.3200
      vertex 50.1625 33.6153 2.3200
      vertex 50.1625 33.6153 4.4000
    endloop
  endfacet
  facet normal 0.952461 0.304661 -0.000000
    outer loop
      vertex 50.1811 33.5573 2.3200
      vertex 50.1625 33.6153 4.4000
      vertex 50.1811 33.5573 4.4000
    endloop
  endfacet
  facet normal 0.969231 0.246154 0.000000
    outer loop
      vertex 50.1625 33.6153 2.3200
      vertex 49.9686 34.3787 2.3200
      vertex 49.9686 34.3787 4.4000
    endloop
  endfacet
  facet normal 0.969231 0.246154 -0.000000
    outer loop
      vertex 50.1625 33.6153 2.3200
      vertex 49.9686 34.3787 4.4000
      vertex 50.1625 33.6153 4.4000
    endloop
  endfacet
  facet normal 0.982712 0.185140 0.000000
    outer loop
      vertex 49.9686 34.3787 2.3200
      vertex 49.9571 34.4401 2.3200
      vertex 49.9571 34.4401 4.4000
    endloop
  endfacet
  facet normal 0.982712 0.185140 -0.000000
    outer loop
      vertex 49.9686 34.3787 2.3200
      vertex 49.9571 34.4401 4.4000
      vertex 49.9686 34.3787 4.4000
    endloop
  endfacet
  facet normal 0.998126 0.061186 0.000000
    outer loop
      vertex 49.9571 34.4401 2.3200
      vertex 49.9533 34.5025 2.3200
      vertex 49.9533 34.5025 4.4000
    endloop
  endfacet
  facet normal 0.998126 0.061186 -0.000000
    outer loop
      vertex 49.9571 34.4401 2.3200
      vertex 49.9533 34.5025 4.4000
      vertex 49.9571 34.4401 4.4000
    endloop
  endfacet
  facet normal 0.997968 -0.063723 0.000000
    outer loop
      vertex 49.9533 34.5025 2.3200
      vertex 49.9572 34.5648 2.3200
      vertex 49.9572 34.5648 4.4000
    endloop
  endfacet
  facet normal 0.997968 -0.063723 0.000000
    outer loop
      vertex 49.9533 34.5025 2.3200
      vertex 49.9572 34.5648 4.4000
      vertex 49.9533 34.5025 4.4000
    endloop
  endfacet
  facet normal 0.982238 -0.187638 0.000000
    outer loop
      vertex 49.9572 34.5648 2.3200
      vertex 49.9690 34.6261 2.3200
      vertex 49.9690 34.6261 4.4000
    endloop
  endfacet
  facet normal 0.982238 -0.187638 0.000000
    outer loop
      vertex 49.9572 34.5648 2.3200
      vertex 49.9690 34.6261 4.4000
      vertex 49.9572 34.5648 4.4000
    endloop
  endfacet
  facet normal 0.951184 -0.308625 0.000000
    outer loop
      vertex 49.9690 34.6261 2.3200
      vertex 49.9882 34.6855 2.3200
      vertex 49.9882 34.6855 4.4000
    endloop
  endfacet
  facet normal 0.951184 -0.308625 0.000000
    outer loop
      vertex 49.9690 34.6261 2.3200
      vertex 49.9882 34.6855 4.4000
      vertex 49.9690 34.6261 4.4000
    endloop
  endfacet
  facet normal 0.930052 -0.367428 0.000000
    outer loop
      vertex 49.9882 34.6855 2.3200
      vertex 50.4923 35.9614 2.3200
      vertex 50.4923 35.9614 4.4000
    endloop
  endfacet
  facet normal 0.930052 -0.367428 0.000000
    outer loop
      vertex 49.9882 34.6855 2.3200
      vertex 50.4923 35.9614 4.4000
      vertex 49.9882 34.6855 4.4000
    endloop
  endfacet
  facet normal 0.932891 -0.360158 0.000000
    outer loop
      vertex 50.4923 35.9614 2.3200
      vertex 50.4932 35.9638 2.3200
      vertex 50.4932 35.9638 4.4000
    endloop
  endfacet
  facet normal 0.932891 -0.360158 0.000000
    outer loop
      vertex 50.4923 35.9614 2.3200
      vertex 50.4932 35.9638 4.4000
      vertex 50.4923 35.9614 4.4000
    endloop
  endfacet
  facet normal 0.937627 -0.347643 0.000000
    outer loop
      vertex 50.4932 35.9638 2.3200
      vertex 50.4950 35.9685 2.3200
      vertex 50.4950 35.9685 4.4000
    endloop
  endfacet
  facet normal 0.937627 -0.347643 0.000000
    outer loop
      vertex 50.4932 35.9638 2.3200
      vertex 50.4950 35.9685 4.4000
      vertex 50.4932 35.9638 4.4000
    endloop
  endfacet
  facet normal 0.941068 -0.338217 0.000000
    outer loop
      vertex 50.4950 35.9685 2.3200
      vertex 50.9631 37.2710 2.3200
      vertex 50.9631 37.2710 4.4000
    endloop
  endfacet
  facet normal 0.941068 -0.338217 0.000000
    outer loop
      vertex 50.4950 35.9685 2.3200
      vertex 50.9631 37.2710 4.4000
      vertex 50.4950 35.9685 4.4000
    endloop
  endfacet
  facet normal 0.951192 -0.308599 0.000000
    outer loop
      vertex 50.9631 37.2710 2.3200
      vertex 50.9656 37.2789 2.3200
      vertex 50.9656 37.2789 4.4000
    endloop
  endfacet
  facet normal 0.951192 -0.308599 0.000000
    outer loop
      vertex 50.9631 37.2710 2.3200
      vertex 50.9656 37.2789 4.4000
      vertex 50.9631 37.2710 4.4000
    endloop
  endfacet
  facet normal 0.975937 -0.218051 0.000000
    outer loop
      vertex 50.9656 37.2789 2.3200
      vertex 50.9696 37.2967 2.3200
      vertex 50.9696 37.2967 4.4000
    endloop
  endfacet
  facet normal 0.975937 -0.218051 0.000000
    outer loop
      vertex 50.9656 37.2789 2.3200
      vertex 50.9696 37.2967 4.4000
      vertex 50.9656 37.2789 4.4000
    endloop
  endfacet
  facet normal 0.995527 -0.094473 0.000000
    outer loop
      vertex 50.9696 37.2967 2.3200
      vertex 50.9708 37.3090 2.3200
      vertex 50.9708 37.3090 4.4000
    endloop
  endfacet
  facet normal 0.995527 -0.094473 0.000000
    outer loop
      vertex 50.9696 37.2967 2.3200
      vertex 50.9708 37.3090 4.4000
      vertex 50.9696 37.2967 4.4000
    endloop
  endfacet
  facet normal 0.999532 0.030585 0.000000
    outer loop
      vertex 50.9708 37.3090 2.3200
      vertex 50.9704 37.3214 2.3200
      vertex 50.9704 37.3214 4.4000
    endloop
  endfacet
  facet normal 0.999532 0.030585 -0.000000
    outer loop
      vertex 50.9708 37.3090 2.3200
      vertex 50.9704 37.3214 4.4000
      vertex 50.9708 37.3090 4.4000
    endloop
  endfacet
  facet normal 0.987889 0.155164 0.000000
    outer loop
      vertex 50.9704 37.3214 2.3200
      vertex 50.9685 37.3337 2.3200
      vertex 50.9685 37.3337 4.4000
    endloop
  endfacet
  facet normal 0.987889 0.155164 -0.000000
    outer loop
      vertex 50.9704 37.3214 2.3200
      vertex 50.9685 37.3337 4.4000
      vertex 50.9704 37.3214 4.4000
    endloop
  endfacet
  facet normal 0.960779 0.277314 0.000000
    outer loop
      vertex 50.9685 37.3337 2.3200
      vertex 50.9650 37.3456 2.3200
      vertex 50.9650 37.3456 4.4000
    endloop
  endfacet
  facet normal 0.960779 0.277314 -0.000000
    outer loop
      vertex 50.9685 37.3337 2.3200
      vertex 50.9650 37.3456 4.4000
      vertex 50.9685 37.3337 4.4000
    endloop
  endfacet
  facet normal 0.918628 0.395123 0.000000
    outer loop
      vertex 50.9650 37.3456 2.3200
      vertex 50.9601 37.3570 2.3200
      vertex 50.9601 37.3570 4.4000
    endloop
  endfacet
  facet normal 0.918628 0.395123 -0.000000
    outer loop
      vertex 50.9650 37.3456 2.3200
      vertex 50.9601 37.3570 4.4000
      vertex 50.9650 37.3456 4.4000
    endloop
  endfacet
  facet normal 0.862096 0.506745 0.000000
    outer loop
      vertex 50.9601 37.3570 2.3200
      vertex 50.9509 37.3727 2.3200
      vertex 50.9509 37.3727 4.4000
    endloop
  endfacet
  facet normal 0.862096 0.506745 -0.000000
    outer loop
      vertex 50.9601 37.3570 2.3200
      vertex 50.9509 37.3727 4.4000
      vertex 50.9601 37.3570 4.4000
    endloop
  endfacet
  facet normal 0.810783 0.585347 0.000000
    outer loop
      vertex 50.9509 37.3727 2.3200
      vertex 50.9460 37.3794 2.3200
      vertex 50.9460 37.3794 4.4000
    endloop
  endfacet
  facet normal 0.810783 0.585347 -0.000000
    outer loop
      vertex 50.9509 37.3727 2.3200
      vertex 50.9460 37.3794 4.4000
      vertex 50.9509 37.3727 4.4000
    endloop
  endfacet
  facet normal 0.792067 0.610434 0.000000
    outer loop
      vertex 50.9460 37.3794 2.3200
      vertex 50.7760 37.6000 2.3200
      vertex 50.7760 37.6000 4.4000
    endloop
  endfacet
  facet normal 0.792067 0.610434 -0.000000
    outer loop
      vertex 50.9460 37.3794 2.3200
      vertex 50.7760 37.6000 4.4000
      vertex 50.9460 37.3794 4.4000
    endloop
  endfacet
  facet normal 0.000000 -1.000000 0.000000
    outer loop
      vertex 50.7760 37.6000 2.3200
      vertex 52.2000 37.6000 2.3200
      vertex 52.2000 37.6000 4.4000
    endloop
  endfacet
  facet normal 0.000000 -1.000000 0.000000
    outer loop
      vertex 50.7760 37.6000 2.3200
      vertex 52.2000 37.6000 4.4000
      vertex 50.7760 37.6000 4.4000
    endloop
  endfacet
  facet normal -0.707107 -0.707107 0.000000
    outer loop
      vertex 50.8000 35.4000 2.3200
      vertex 51.0000 35.2000 2.3200
      vertex 51.0000 35.2000 4.4000
    endloop
  endfacet
  facet normal -0.707107 -0.707107 0.000000
    outer loop
      vertex 50.8000 35.4000 2.3200
      vertex 51.0000 35.2000 4.4000
      vertex 50.8000 35.4000 4.4000
    endloop
  endfacet
  facet normal 0.000000 -1.000000 0.000000
    outer loop
      vertex 51.0000 35.2000 2.3200
      vertex 51.6000 35.2000 2.3200
      vertex 51.6000 35.2000 4.4000
    endloop
  endfacet
  facet normal 0.000000 -1.000000 0.000000
    outer loop
      vertex 51.0000 35.2000 2.3200
      vertex 51.6000 35.2000 4.4000
      vertex 51.0000 35.2000 4.4000
    endloop
  endfacet
  facet normal 0.707107 -0.707107 0.000000
    outer loop
      vertex 51.6000 35.2000 2.3200
      vertex 51.8000 35.4000 2.3200
      vertex 51.8000 35.4000 4.4000
    endloop
  endfacet
  facet normal 0.707107 -0.707107 0.000000
    outer loop
      vertex 51.6000 35.2000 2.3200
      vertex 51.8000 35.4000 4.4000
      vertex 51.6000 35.2000 4.4000
    endloop
  endfacet
  facet normal 1.000000 0.000000 0.000000
    outer loop
      vertex 51.8000 35.4000 2.3200
      vertex 51.8000 36.0000 2.3200
      vertex 51.8000 36.0000 4.4000
    endloop
  endfacet
  facet normal 1.000000 0.000000 0.000000
    outer loop
      vertex 51.8000 35.4000 2.3200
      vertex 51.8000 36.0000 4.4000
      vertex 51.8000 35.4000 4.4000
    endloop
  endfacet
  facet normal 0.707107 0.707107 0.000000
    outer loop
      vertex 51.8000 36.0000 2.3200
      vertex 51.6000 36.2000 2.3200
      vertex 51.6000 36.2000 4.4000
    endloop
  endfacet
  facet normal 0.707107 0.707107 -0.000000
    outer loop
      vertex 51.8000 36.0000 2.3200
      vertex 51.6000 36.2000 4.4000
      vertex 51.8000 36.0000 4.4000
    endloop
  endfacet
  facet normal 0.000000 1.000000 0.000000
    outer loop
      vertex 51.6000 36.2000 2.3200
      vertex 51.0000 36.2000 2.3200
      vertex 51.0000 36.2000 4.4000
    endloop
  endfacet
  facet normal 0.000000 1.000000 -0.000000
    outer loop
      vertex 51.6000 36.2000 2.3200
      vertex 51.0000 36.2000 4.4000
      vertex 51.6000 36.2000 4.4000
    endloop
  endfacet
  facet normal -0.707107 0.707107 0.000000
    outer loop
      vertex 51.0000 36.2000 2.3200
      vertex 50.8000 36.0000 2.3200
      vertex 50.8000 36.0000 4.4000
    endloop
  endfacet
  facet normal -0.707107 0.707107 0.000000
    outer loop
      vertex 51.0000 36.2000 2.3200
      vertex 50.8000 36.0000 4.4000
      vertex 51.0000 36.2000 4.4000
    endloop
  endfacet
  facet normal -1.000000 0.000000 0.000000
    outer loop
      vertex 50.8000 36.0000 2.3200
      vertex 50.8000 35.4000 2.3200
      vertex 50.8000 35.4000 4.4000
    endloop
  endfacet
  facet normal -1.000000 0.000000 0.000000
    outer loop
      vertex 50.8000 36.0000 2.3200
      vertex 50.8000 35.4000 4.4000
      vertex 50.8000 36.0000 4.4000
    endloop
  endfacet
  facet normal 0.000000 0.000000 -1.000000
    outer loop
      vertex 35.6732 37.5268 4.4000
      vertex 35.8000 37.4000 4.4000
      vertex 35.9277 36.6096 4.4000
    endloop
  endfacet
  facet normal 0.000000 0.000000 1.000000
    outer loop
      vertex 35.9277 36.6096 2.3200
      vertex 35.8000 37.4000 2.3200
      vertex 35.6732 37.5268 2.3200
    endloop
  endfacet
  facet normal 0.000000 -0.000000 -1.000000
    outer loop
      vertex 37.6000 37.6000 4.4000
      vertex 37.8197 36.6156 4.4000
      vertex 37.4000 37.4000 4.4000
    endloop
  endfacet
  facet normal -0.000000 0.000000 1.000000
    outer loop
      vertex 37.4000 37.4000 2.3200
      vertex 37.8197 36.6156 2.3200
      vertex 37.6000 37.6000 2.3200
    endloop
  endfacet
  facet normal 0.000000 0.000000 -1.000000
    outer loop
      vertex 37.6000 37.6000 4.4000
      vertex 39.7639 37.1169 4.4000
      vertex 37.8197 36.6156 4.4000
    endloop
  endfacet
  facet normal 0.000000 -0.000000 1.000000
    outer loop
      vertex 37.8197 36.6156 2.3200
      vertex 39.7639 37.1169 2.3200
      vertex 37.6000 37.6000 2.3200
    endloop
  endfacet
  facet normal 0.000000 0.000000 -1.000000
    outer loop
      vertex 37.6000 37.6000 4.4000
      vertex 39.7679 37.1179 4.4000
      vertex 39.7639 37.1169 4.4000
    endloop
  endfacet
  facet normal 0.000000 -0.000000 1.000000
    outer loop
      vertex 39.7639 37.1169 2.3200
      vertex 39.7679 37.1179 2.3200
      vertex 37.6000 37.6000 2.3200
    endloop
  endfacet
  facet normal 0.000000 0.000000 -1.000000
    outer loop
      vertex 37.6000 37.6000 4.4000
      vertex 39.7698 37.1184 4.4000
      vertex 39.7679 37.1179 4.4000
    endloop
  endfacet
  facet normal 0.000000 -0.000000 1.000000
    outer loop
      vertex 39.7679 37.1179 2.3200
      vertex 39.7698 37.1184 2.3200
      vertex 37.6000 37.6000 2.3200
    endloop
  endfacet
  facet normal 0.000000 0.000000 -1.000000
    outer loop
      vertex 37.6000 37.6000 4.4000
      vertex 41.4000 37.6000 4.4000
      vertex 39.7698 37.1184 4.4000
    endloop
  endfacet
  facet normal 0.000000 -0.000000 1.000000
    outer loop
      vertex 39.7698 37.1184 2.3200
      vertex 41.4000 37.6000 2.3200
      vertex 37.6000 37.6000 2.3200
    endloop
  endfacet
  facet normal 0.000000 -0.000000 -1.000000
    outer loop
      vertex 41.4000 37.6000 4.4000
      vertex 41.4854 37.5146 4.4000
      vertex 39.7698 37.1184 4.4000
    endloop
  endfacet
  facet normal 0.000000 0.000000 1.000000
    outer loop
      vertex 39.7698 37.1184 2.3200
      vertex 41.4854 37.5146 2.3200
      vertex 41.4000 37.6000 2.3200
    endloop
  endfacet
  facet normal 0.000000 0.000000 -1.000000
    outer loop
      vertex 36.5432 36.2614 4.4000
      vertex 37.0000 36.8000 4.4000
      vertex 37.8179 36.6151 4.4000
    endloop
  endfacet
  facet normal 0.000000 0.000000 1.000000
    outer loop
      vertex 37.8179 36.6151 2.3200
      vertex 37.0000 36.8000 2.3200
      vertex 36.5432 36.2614 2.3200
    endloop
  endfacet
  facet normal 0.000000 0.000000 -1.000000
    outer loop
      vertex 36.5432 36.2614 4.4000
      vertex 36.6000 37.0000 4.4000
      vertex 37.0000 36.8000 4.4000
    endloop
  endfacet
  facet normal 0.000000 0.000000 1.000000
    outer loop
      vertex 37.0000 36.8000 2.3200
      vertex 36.6000 37.0000 2.3200
      vertex 36.5432 36.2614 2.3200
    endloop
  endfacet
  facet normal -0.000000 0.000000 -1.000000
    outer loop
      vertex 36.5432 36.2614 4.4000
      vertex 36.4791 36.2481 4.4000
      vertex 36.6000 37.0000 4.4000
    endloop
  endfacet
  facet normal 0.000000 0.000000 1.000000
    outer loop
      vertex 36.6000 37.0000 2.3200
      vertex 36.4791 36.2481 2.3200
      vertex 36.5432 36.2614 2.3200
    endloop
  endfacet
  facet normal -0.000000 0.000000 -1.000000
    outer loop
      vertex 36.4791 36.2481 4.4000
      vertex 36.4139 36.2433 4.4000
      vertex 36.6000 37.0000 4.4000
    endloop
  endfacet
  facet normal 0.000000 0.000000 1.000000
    outer loop
      vertex 36.6000 37.0000 2.3200
      vertex 36.4139 36.2433 2.3200
      vertex 36.4791 36.2481 2.3200
    endloop
  endfacet
  facet normal 0.000000 0.000000 -1.000000
    outer loop
      vertex 36.4139 36.2433 4.4000
      vertex 36.3486 36.2470 4.4000
      vertex 36.6000 37.0000 4.4000
    endloop
  endfacet
  facet normal 0.000000 0.000000 1.000000
    outer loop
      vertex 36.6000 37.0000 2.3200
      vertex 36.3486 36.2470 2.3200
      vertex 36.4139 36.2433 2.3200
    endloop
  endfacet
  facet normal 0.000000 0.000000 -1.000000
    outer loop
      vertex 36.3486 36.2470 4.4000
      vertex 36.2844 36.2592 4.4000
      vertex 36.6000 37.0000 4.4000
    endloop
  endfacet
  facet normal 0.000000 0.000000 1.000000
    outer loop
      vertex 36.6000 37.0000 2.3200
      vertex 36.2844 36.2592 2.3200
      vertex 36.3486 36.2470 2.3200
    endloop
  endfacet
  facet normal 0.000000 0.000000 -1.000000
    outer loop
      vertex 36.2844 36.2592 4.4000
      vertex 36.2222 36.2796 4.4000
      vertex 36.6000 37.0000 4.4000
    endloop
  endfacet
  facet normal 0.000000 0.000000 1.000000
    outer loop
      vertex 36.6000 37.0000 2.3200
      vertex 36.2222 36.2796 2.3200
      vertex 36.2844 36.2592 2.3200
    endloop
  endfacet
  facet normal 0.000000 0.000000 -1.000000
    outer loop
      vertex 36.2222 36.2796 4.4000
      vertex 36.1633 36.3080 4.4000
      vertex 36.6000 37.0000 4.4000
    endloop
  endfacet
  facet normal 0.000000 0.000000 1.000000
    outer loop
      vertex 36.6000 37.0000 2.3200
      vertex 36.1633 36.3080 2.3200
      vertex 36.2222 36.2796 2.3200
    endloop
  endfacet
  facet normal 0.000000 0.000000 -1.000000
    outer loop
      vertex 36.1633 36.3080 4.4000
      vertex 36.1086 36.3439 4.4000
      vertex 36.6000 37.0000 4.4000
    endloop
  endfacet
  facet normal 0.000000 0.000000 1.000000
    outer loop
      vertex 36.6000 37.0000 2.3200
      vertex 36.1086 36.3439 2.3200
      vertex 36.1633 36.3080 2.3200
    endloop
  endfacet
  facet normal 0.000000 0.000000 -1.000000
    outer loop
      vertex 36.1086 36.3439 4.4000
      vertex 36.0591 36.3866 4.4000
      vertex 36.6000 37.0000 4.4000
    endloop
  endfacet
  facet normal 0.000000 0.000000 1.000000
    outer loop
      vertex 36.6000 37.0000 2.3200
      vertex 36.0591 36.3866 2.3200
      vertex 36.1086 36.3439 2.3200
    endloop
  endfacet
  facet normal 0.000000 0.000000 -1.000000
    outer loop
      vertex 36.0591 36.3866 4.4000
      vertex 36.0155 36.4354 4.4000
      vertex 36.6000 37.0000 4.4000
    endloop
  endfacet
  facet normal 0.000000 0.000000 1.000000
    outer loop
      vertex 36.6000 37.0000 2.3200
      vertex 36.0155 36.4354 2.3200
      vertex 36.0591 36.3866 2.3200
    endloop
  endfacet
  facet normal 0.000000 0.000000 -1.000000
    outer loop
      vertex 36.0155 36.4354 4.4000
      vertex 35.9787 36.4894 4.4000
      vertex 36.6000 37.0000 4.4000
    endloop
  endfacet
  facet normal 0.000000 0.000000 1.000000
    outer loop
      vertex 36.6000 37.0000 2.3200
      vertex 35.9787 36.4894 2.3200
      vertex 36.0155 36.4354 2.3200
    endloop
  endfacet
  facet normal 0.000000 0.000000 -1.000000
    outer loop
      vertex 35.9787 36.4894 4.4000
      vertex 35.9493 36.5478 4.4000
      vertex 36.6000 37.0000 4.4000
    endloop
  endfacet
  facet normal 0.000000 0.000000 1.000000
    outer loop
      vertex 36.6000 37.0000 2.3200
      vertex 35.9493 36.5478 2.3200
      vertex 35.9787 36.4894 2.3200
    endloop
  endfacet
  facet normal 0.000000 0.000000 -1.000000
    outer loop
      vertex 35.9493 36.5478 4.4000
      vertex 35.9277 36.6096 4.4000
      vertex 36.6000 37.0000 4.4000
    endloop
  endfacet
  facet normal 0.000000 0.000000 1.000000
    outer loop
      vertex 36.6000 37.0000 2.3200
      vertex 35.9277 36.6096 2.3200
      vertex 35.9493 36.5478 2.3200
    endloop
  endfacet
  facet normal 0.000000 0.000000 -1.000000
    outer loop
      vertex 35.9277 36.6096 4.4000
      vertex 36.2000 37.2000 4.4000
      vertex 36.6000 37.0000 4.4000
    endloop
  endfacet
  facet normal 0.000000 0.000000 1.000000
    outer loop
      vertex 36.6000 37.0000 2.3200
      vertex 36.2000 37.2000 2.3200
      vertex 35.9277 36.6096 2.3200
    endloop
  endfacet
  facet normal 0.000000 0.000000 -1.000000
    outer loop
      vertex 35.9277 36.6096 4.4000
      vertex 35.8000 37.4000 4.4000
      vertex 36.2000 37.2000 4.4000
    endloop
  endfacet
  facet normal 0.000000 0.000000 1.000000
    outer loop
      vertex 36.2000 37.2000 2.3200
      vertex 35.8000 37.4000 2.3200
      vertex 35.9277 36.6096 2.3200
    endloop
  endfacet
  facet normal 0.000000 0.000000 -1.000000
    outer loop
      vertex 35.8000 37.4000 4.4000
      vertex 36.0000 37.4000 4.4000
      vertex 36.2000 37.2000 4.4000
    endloop
  endfacet
  facet normal 0.000000 0.000000 1.000000
    outer loop
      vertex 36.2000 37.2000 2.3200
      vertex 36.0000 37.4000 2.3200
      vertex 35.8000 37.4000 2.3200
    endloop
  endfacet
  facet normal 0.000000 0.000000 -1.000000
    outer loop
      vertex 37.2000 37.4000 4.4000
      vertex 37.4000 37.4000 4.4000
      vertex 37.2000 37.0000 4.4000
    endloop
  endfacet
  facet normal 0.000000 0.000000 1.000000
    outer loop
      vertex 37.2000 37.0000 2.3200
      vertex 37.4000 37.4000 2.3200
      vertex 37.2000 37.4000 2.3200
    endloop
  endfacet
  facet normal 0.000000 -0.000000 -1.000000
    outer loop
      vertex 37.4000 37.4000 4.4000
      vertex 37.8179 36.6151 4.4000
      vertex 37.2000 37.0000 4.4000
    endloop
  endfacet
  facet normal -0.000000 0.000000 1.000000
    outer loop
      vertex 37.2000 37.0000 2.3200
      vertex 37.8179 36.6151 2.3200
      vertex 37.4000 37.4000 2.3200
    endloop
  endfacet
  facet normal 0.000000 0.000000 -1.000000
    outer loop
      vertex 37.4000 37.4000 4.4000
      vertex 37.8197 36.6156 4.4000
      vertex 37.8179 36.6151 4.4000
    endloop
  endfacet
  facet normal 0.000000 -0.000000 1.000000
    outer loop
      vertex 37.8179 36.6151 2.3200
      vertex 37.8197 36.6156 2.3200
      vertex 37.4000 37.4000 2.3200
    endloop
  endfacet
  facet normal 0.000000 0.000000 -1.000000
    outer loop
      vertex 37.8179 36.6151 4.4000
      vertex 37.0000 36.8000 4.4000
      vertex 37.2000 37.0000 4.4000
    endloop
  endfacet
  facet normal 0.000000 0.000000 1.000000
    outer loop
      vertex 37.2000 37.0000 2.3200
      vertex 37.0000 36.8000 2.3200
      vertex 37.8179 36.6151 2.3200
    endloop
  endfacet
  facet normal 0.000000 0.000000 -1.000000
    outer loop
      vertex 37.0000 36.8000 4.4000
      vertex 36.6000 37.0000 4.4000
      vertex 36.8000 37.0000 4.4000
    endloop
  endfacet
  facet normal 0.000000 0.000000 1.000000
    outer loop
      vertex 36.8000 37.0000 2.3200
      vertex 36.6000 37.0000 2.3200
      vertex 37.0000 36.8000 2.3200
    endloop
  endfacet
  facet normal 0.000000 0.000000 -1.000000
    outer loop
      vertex 36.6000 37.0000 4.4000
      vertex 36.2000 37.2000 4.4000
      vertex 36.4000 37.2000 4.4000
    endloop
  endfacet
  facet normal 0.000000 0.000000 1.000000
    outer loop
      vertex 36.4000 37.2000 2.3200
      vertex 36.2000 37.2000 2.3200
      vertex 36.6000 37.0000 2.3200
    endloop
  endfacet
  facet normal 0.000000 -1.000000 0.000000
    outer loop
      vertex 35.8000 37.4000 2.3200
      vertex 36.0000 37.4000 2.3200
      vertex 36.0000 37.4000 4.4000
    endloop
  endfacet
  facet normal 0.000000 -1.000000 0.000000
    outer loop
      vertex 35.8000 37.4000 2.3200
      vertex 36.0000 37.4000 4.4000
      vertex 35.8000 37.4000 4.4000
    endloop
  endfacet
  facet normal -0.707107 -0.707107 0.000000
    outer loop
      vertex 36.0000 37.4000 2.3200
      vertex 36.2000 37.2000 2.3200
      vertex 36.2000 37.2000 4.4000
    endloop
  endfacet
  facet normal -0.707107 -0.707107 0.000000
    outer loop
      vertex 36.0000 37.4000 2.3200
      vertex 36.2000 37.2000 4.4000
      vertex 36.0000 37.4000 4.4000
    endloop
  endfacet
  facet normal 0.000000 -1.000000 0.000000
    outer loop
      vertex 36.2000 37.2000 2.3200
      vertex 36.4000 37.2000 2.3200
      vertex 36.4000 37.2000 4.4000
    endloop
  endfacet
  facet normal 0.000000 -1.000000 0.000000
    outer loop
      vertex 36.2000 37.2000 2.3200
      vertex 36.4000 37.2000 4.4000
      vertex 36.2000 37.2000 4.4000
    endloop
  endfacet
  facet normal -0.707107 -0.707107 0.000000
    outer loop
      vertex 36.4000 37.2000 2.3200
      vertex 36.6000 37.0000 2.3200
      vertex 36.6000 37.0000 4.4000
    endloop
  endfacet
  facet normal -0.707107 -0.707107 0.000000
    outer loop
      vertex 36.4000 37.2000 2.3200
      vertex 36.6000 37.0000 4.4000
      vertex 36.4000 37.2000 4.4000
    endloop
  endfacet
  facet normal 0.000000 -1.000000 0.000000
    outer loop
      vertex 36.6000 37.0000 2.3200
      vertex 36.8000 37.0000 2.3200
      vertex 36.8000 37.0000 4.4000
    endloop
  endfacet
  facet normal 0.000000 -1.000000 0.000000
    outer loop
      vertex 36.6000 37.0000 2.3200
      vertex 36.8000 37.0000 4.4000
      vertex 36.6000 37.0000 4.4000
    endloop
  endfacet
  facet normal -0.707107 -0.707107 0.000000
    outer loop
      vertex 36.8000 37.0000 2.3200
      vertex 37.0000 36.8000 2.3200
      vertex 37.0000 36.8000 4.4000
    endloop
  endfacet
  facet normal -0.707107 -0.707107 0.000000
    outer loop
      vertex 36.8000 37.0000 2.3200
      vertex 37.0000 36.8000 4.4000
      vertex 36.8000 37.0000 4.4000
    endloop
  endfacet
  facet normal 0.707107 -0.707107 0.000000
    outer loop
      vertex 37.0000 36.8000 2.3200
      vertex 37.2000 37.0000 2.3200
      vertex 37.2000 37.0000 4.4000
    endloop
  endfacet
  facet normal 0.707107 -0.707107 0.000000
    outer loop
      vertex 37.0000 36.8000 2.3200
      vertex 37.2000 37.0000 4.4000
      vertex 37.0000 36.8000 4.4000
    endloop
  endfacet
  facet normal 1.000000 0.000000 0.000000
    outer loop
      vertex 37.2000 37.0000 2.3200
      vertex 37.2000 37.4000 2.3200
      vertex 37.2000 37.4000 4.4000
    endloop
  endfacet
  facet normal 1.000000 0.000000 0.000000
    outer loop
      vertex 37.2000 37.0000 2.3200
      vertex 37.2000 37.4000 4.4000
      vertex 37.2000 37.0000 4.4000
    endloop
  endfacet
  facet normal 0.000000 -1.000000 0.000000
    outer loop
      vertex 37.2000 37.4000 2.3200
      vertex 37.4000 37.4000 2.3200
      vertex 37.4000 37.4000 4.4000
    endloop
  endfacet
  facet normal 0.000000 -1.000000 0.000000
    outer loop
      vertex 37.2000 37.4000 2.3200
      vertex 37.4000 37.4000 4.4000
      vertex 37.2000 37.4000 4.4000
    endloop
  endfacet
  facet normal 0.707107 -0.707107 0.000000
    outer loop
      vertex 37.4000 37.4000 2.3200
      vertex 37.6000 37.6000 2.3200
      vertex 37.6000 37.6000 4.4000
    endloop
  endfacet
  facet normal 0.707107 -0.707107 0.000000
    outer loop
      vertex 37.4000 37.4000 2.3200
      vertex 37.6000 37.6000 4.4000
      vertex 37.4000 37.4000 4.4000
    endloop
  endfacet
  facet normal 0.000000 -1.000000 0.000000
    outer loop
      vertex 37.6000 37.6000 2.3200
      vertex 41.4000 37.6000 2.3200
      vertex 41.4000 37.6000 4.4000
    endloop
  endfacet
  facet normal 0.000000 -1.000000 0.000000
    outer loop
      vertex 37.6000 37.6000 2.3200
      vertex 41.4000 37.6000 4.4000
      vertex 37.6000 37.6000 4.4000
    endloop
  endfacet
  facet normal -0.707107 -0.707107 0.000000
    outer loop
      vertex 41.4000 37.6000 2.3200
      vertex 41.4854 37.5146 2.3200
      vertex 41.4854 37.5146 4.4000
    endloop
  endfacet
  facet normal -0.707107 -0.707107 0.000000
    outer loop
      vertex 41.4000 37.6000 2.3200
      vertex 41.4854 37.5146 4.4000
      vertex 41.4000 37.6000 4.4000
    endloop
  endfacet
  facet normal -0.225026 0.974353 0.000000
    outer loop
      vertex 41.4854 37.5146 2.3200
      vertex 39.7698 37.1184 2.3200
      vertex 39.7698 37.1184 4.4000
    endloop
  endfacet
  facet normal -0.225026 0.974353 0.000000
    outer loop
      vertex 41.4854 37.5146 2.3200
      vertex 39.7698 37.1184 4.4000
      vertex 41.4854 37.5146 4.4000
    endloop
  endfacet
  facet normal -0.231205 0.972905 0.000000
    outer loop
      vertex 39.7698 37.1184 2.3200
      vertex 39.7679 37.1179 2.3200
      vertex 39.7679 37.1179 4.4000
    endloop
  endfacet
  facet normal -0.231205 0.972905 0.000000
    outer loop
      vertex 39.7698 37.1184 2.3200
      vertex 39.7679 37.1179 4.4000
      vertex 39.7698 37.1184 4.4000
    endloop
  endfacet
  facet normal -0.241778 0.970332 0.000000
    outer loop
      vertex 39.7679 37.1179 2.3200
      vertex 39.7639 37.1169 2.3200
      vertex 39.7639 37.1169 4.4000
    endloop
  endfacet
  facet normal -0.241778 0.970332 0.000000
    outer loop
      vertex 39.7679 37.1179 2.3200
      vertex 39.7639 37.1169 4.4000
      vertex 39.7679 37.1179 4.4000
    endloop
  endfacet
  facet normal -0.249689 0.968326 0.000000
    outer loop
      vertex 39.7639 37.1169 2.3200
      vertex 37.8197 36.6156 2.3200
      vertex 37.8197 36.6156 4.4000
    endloop
  endfacet
  facet normal -0.249689 0.968326 0.000000
    outer loop
      vertex 39.7639 37.1169 2.3200
      vertex 37.8197 36.6156 4.4000
      vertex 39.7639 37.1169 4.4000
    endloop
  endfacet
  facet normal -0.255384 0.966840 0.000000
    outer loop
      vertex 37.8197 36.6156 2.3200
      vertex 37.8179 36.6151 2.3200
      vertex 37.8179 36.6151 4.4000
    endloop
  endfacet
  facet normal -0.255384 0.966840 0.000000
    outer loop
      vertex 37.8197 36.6156 2.3200
      vertex 37.8179 36.6151 4.4000
      vertex 37.8197 36.6156 4.4000
    endloop
  endfacet
  facet normal -0.267362 0.963596 0.000000
    outer loop
      vertex 37.8179 36.6151 2.3200
      vertex 36.5432 36.2614 2.3200
      vertex 36.5432 36.2614 4.4000
    endloop
  endfacet
  facet normal -0.267362 0.963596 0.000000
    outer loop
      vertex 37.8179 36.6151 2.3200
      vertex 36.5432 36.2614 4.4000
      vertex 37.8179 36.6151 4.4000
    endloop
  endfacet
  facet normal -0.203768 0.979019 0.000000
    outer loop
      vertex 36.5432 36.2614 2.3200
      vertex 36.4791 36.2481 2.3200
      vertex 36.4791 36.2481 4.4000
    endloop
  endfacet
  facet normal -0.203768 0.979019 0.000000
    outer loop
      vertex 36.5432 36.2614 2.3200
      vertex 36.4791 36.2481 4.4000
      vertex 36.5432 36.2614 4.4000
    endloop
  endfacet
  facet normal -0.074239 0.997241 0.000000
    outer loop
      vertex 36.4791 36.2481 2.3200
      vertex 36.4139 36.2433 2.3200
      vertex 36.4139 36.2433 4.4000
    endloop
  endfacet
  facet normal -0.074239 0.997241 0.000000
    outer loop
      vertex 36.4791 36.2481 2.3200
      vertex 36.4139 36.2433 4.4000
      vertex 36.4791 36.2481 4.4000
    endloop
  endfacet
  facet normal 0.056561 0.998399 0.000000
    outer loop
      vertex 36.4139 36.2433 2.3200
      vertex 36.3486 36.2470 2.3200
      vertex 36.3486 36.2470 4.4000
    endloop
  endfacet
  facet normal 0.056561 0.998399 -0.000000
    outer loop
      vertex 36.4139 36.2433 2.3200
      vertex 36.3486 36.2470 4.4000
      vertex 36.4139 36.2433 4.4000
    endloop
  endfacet
  facet normal 0.186393 0.982475 0.000000
    outer loop
      vertex 36.3486 36.2470 2.3200
      vertex 36.2844 36.2592 2.3200
      vertex 36.2844 36.2592 4.4000
    endloop
  endfacet
  facet normal 0.186393 0.982475 -0.000000
    outer loop
      vertex 36.3486 36.2470 2.3200
      vertex 36.2844 36.2592 4.4000
      vertex 36.3486 36.2470 4.4000
    endloop
  endfacet
  facet normal 0.313036 0.949741 0.000000
    outer loop
      vertex 36.2844 36.2592 2.3200
      vertex 36.2222 36.2796 2.3200
      vertex 36.2222 36.2796 4.4000
    endloop
  endfacet
  facet normal 0.313036 0.949741 -0.000000
    outer loop
      vertex 36.2844 36.2592 2.3200
      vertex 36.2222 36.2796 4.4000
      vertex 36.2844 36.2592 4.4000
    endloop
  endfacet
  facet normal 0.434323 0.900757 0.000000
    outer loop
      vertex 36.2222 36.2796 2.3200
      vertex 36.1633 36.3080 2.3200
      vertex 36.1633 36.3080 4.4000
    endloop
  endfacet
  facet normal 0.434323 0.900757 -0.000000
    outer loop
      vertex 36.2222 36.2796 2.3200
      vertex 36.1633 36.3080 4.4000
      vertex 36.2222 36.2796 4.4000
    endloop
  endfacet
  facet normal 0.548179 0.836361 0.000000
    outer loop
      vertex 36.1633 36.3080 2.3200
      vertex 36.1086 36.3439 2.3200
      vertex 36.1086 36.3439 4.4000
    endloop
  endfacet
  facet normal 0.548179 0.836361 -0.000000
    outer loop
      vertex 36.1633 36.3080 2.3200
      vertex 36.1086 36.3439 4.4000
      vertex 36.1633 36.3080 4.4000
    endloop
  endfacet
  facet normal 0.652655 0.757655 0.000000
    outer loop
      vertex 36.1086 36.3439 2.3200
      vertex 36.0591 36.3866 2.3200
      vertex 36.0591 36.3866 4.4000
    endloop
  endfacet
  facet normal 0.652655 0.757655 -0.000000
    outer loop
      vertex 36.1086 36.3439 2.3200
      vertex 36.0591 36.3866 4.4000
      vertex 36.1086 36.3439 4.4000
    endloop
  endfacet
  facet normal 0.745964 0.665986 0.000000
    outer loop
      vertex 36.0591 36.3866 2.3200
      vertex 36.0155 36.4354 2.3200
      vertex 36.0155 36.4354 4.4000
    endloop
  endfacet
  facet normal 0.745964 0.665986 -0.000000
    outer loop
      vertex 36.0591 36.3866 2.3200
      vertex 36.0155 36.4354 4.4000
      vertex 36.0591 36.3866 4.4000
    endloop
  endfacet
  facet normal 0.826510 0.562921 0.000000
    outer loop
      vertex 36.0155 36.4354 2.3200
      vertex 35.9787 36.4894 2.3200
      vertex 35.9787 36.4894 4.4000
    endloop
  endfacet
  facet normal 0.826510 0.562921 -0.000000
    outer loop
      vertex 36.0155 36.4354 2.3200
      vertex 35.9787 36.4894 4.4000
      vertex 36.0155 36.4354 4.4000
    endloop
  endfacet
  facet normal 0.892915 0.450225 0.000000
    outer loop
      vertex 35.9787 36.4894 2.3200
      vertex 35.9493 36.5478 2.3200
      vertex 35.9493 36.5478 4.4000
    endloop
  endfacet
  facet normal 0.892915 0.450225 -0.000000
    outer loop
      vertex 35.9787 36.4894 2.3200
      vertex 35.9493 36.5478 4.4000
      vertex 35.9787 36.4894 4.4000
    endloop
  endfacet
  facet normal 0.944042 0.329826 0.000000
    outer loop
      vertex 35.9493 36.5478 2.3200
      vertex 35.9277 36.6096 2.3200
      vertex 35.9277 36.6096 4.4000
    endloop
  endfacet
  facet normal 0.944042 0.329826 -0.000000
    outer loop
      vertex 35.9493 36.5478 2.3200
      vertex 35.9277 36.6096 4.4000
      vertex 35.9493 36.5478 4.4000
    endloop
  endfacet
  facet normal 0.963592 0.267377 0.000000
    outer loop
      vertex 35.9277 36.6096 2.3200
      vertex 35.6732 37.5268 2.3200
      vertex 35.6732 37.5268 4.4000
    endloop
  endfacet
  facet normal 0.963592 0.267377 -0.000000
    outer loop
      vertex 35.9277 36.6096 2.3200
      vertex 35.6732 37.5268 4.4000
      vertex 35.9277 36.6096 4.4000
    endloop
  endfacet
  facet normal -0.707107 -0.707107 0.000000
    outer loop
      vertex 35.6732 37.5268 2.3200
      vertex 35.8000 37.4000 2.3200
      vertex 35.8000 37.4000 4.4000
    endloop
  endfacet
  facet normal -0.707107 -0.707107 0.000000
    outer loop
      vertex 35.6732 37.5268 2.3200
      vertex 35.8000 37.4000 4.4000
      vertex 35.6732 37.5268 4.4000
    endloop
  endfacet
endsolid piece_04
