solid week-23-hidden-artifact_day_03
  facet normal 0.000000 0.000000 1.000000
    outer loop
      vertex 40.1750 36.5000 4.0000
      vertex 40.1750 0.1750 4.0000
      vertex 59.8250 0.1750 4.0000
    endloop
  endfacet
  facet normal 0.000000 0.000000 -1.000000
    outer loop
      vertex 59.8250 0.1750 0.0000
      vertex 40.1750 0.1750 0.0000
      vertex 40.1750 36.5000 0.0000
    endloop
  endfacet
  facet normal -0.000000 0.000000 1.000000
    outer loop
      vertex 40.1750 36.5000 4.0000
      vertex 59.8250 0.1750 4.0000
      vertex 59.8250 36.5000 4.0000
    endloop
  endfacet
  facet normal -0.000000 -0.000000 -1.000000
    outer loop
      vertex 59.8250 36.5000 0.0000
      vertex 59.8250 0.1750 0.0000
      vertex 40.1750 36.5000 0.0000
    endloop
  endfacet
  facet normal 0.000000 0.000000 1.000000
    outer loop
      vertex 40.1750 36.5000 4.0000
      vertex 59.8250 36.5000 4.0000
      vertex 62.3447 37.1111 4.0000
    endloop
  endfacet
  facet normal 0.000000 0.000000 -1.000000
    outer loop
      vertex 62.3447 37.1111 0.0000
      vertex 59.8250 36.5000 0.0000
      vertex 40.1750 36.5000 0.0000
    endloop
  endfacet
  facet normal 0.000000 0.000000 1.000000
    outer loop
      vertex 40.1750 36.5000 4.0000
      vertex 62.3447 37.1111 4.0000
      vertex 63.2820 37.7222 4.0000
    endloop
  endfacet
  facet normal 0.000000 0.000000 -1.000000
    outer loop
      vertex 63.2820 37.7222 0.0000
      vertex 62.3447 37.1111 0.0000
      vertex 40.1750 36.5000 0.0000
    endloop
  endfacet
  facet normal 0.000000 0.000000 1.000000
    outer loop
      vertex 40.1750 36.5000 4.0000
      vertex 63.2820 37.7222 4.0000
      vertex 63.9245 38.3333 4.0000
    endloop
  endfacet
  facet normal 0.000000 0.000000 -1.000000
    outer loop
      vertex 63.9245 38.3333 0.0000
      vertex 63.2820 37.7222 0.0000
      vertex 40.1750 36.5000 0.0000
    endloop
  endfacet
  facet normal 0.000000 0.000000 1.000000
    outer loop
      vertex 40.1750 36.5000 4.0000
      vertex 63.9245 38.3333 4.0000
      vertex 64.3981 38.9444 4.0000
    endloop
  endfacet
  facet normal 0.000000 0.000000 -1.000000
    outer loop
      vertex 64.3981 38.9444 0.0000
      vertex 63.9245 38.3333 0.0000
      vertex 40.1750 36.5000 0.0000
    endloop
  endfacet
  facet normal 0.000000 0.000000 1.000000
    outer loop
      vertex 40.1750 36.5000 4.0000
      vertex 64.3981 38.9444 4.0000
      vertex 64.7519 39.5556 4.0000
    endloop
  endfacet
  facet normal 0.000000 0.000000 -1.000000
    outer loop
      vertex 64.7519 39.5556 0.0000
      vertex 64.3981 38.9444 0.0000
      vertex 40.1750 36.5000 0.0000
    endloop
  endfacet
  facet normal 0.000000 0.000000 1.000000
    outer loop
      vertex 40.1750 36.5000 4.0000
      vertex 64.7519 39.5556 4.0000
      vertex 65.0104 40.1667 4.0000
    endloop
  endfacet
  facet normal 0.000000 0.000000 -1.000000
    outer loop
      vertex 65.0104 40.1667 0.0000
      vertex 64.7519 39.5556 0.0000
      vertex 40.1750 36.5000 0.0000
    endloop
  endfacet
  facet normal 0.000000 0.000000 1.000000
    outer loop
      vertex 40.1750 36.5000 4.0000
      vertex 65.0104 40.1667 4.0000
      vertex 65.1875 40.7778 4.0000
    endloop
  endfacet
  facet normal 0.000000 0.000000 -1.000000
    outer loop
      vertex 65.1875 40.7778 0.0000
      vertex 65.0104 40.1667 0.0000
      vertex 40.1750 36.5000 0.0000
    endloop
  endfacet
  facet normal 0.000000 0.000000 1.000000
    outer loop
      vertex 40.1750 36.5000 4.0000
      vertex 65.1875 40.7778 4.0000
      vertex 65.2909 41.3889 4.0000
    endloop
  endfacet
  facet normal 0.000000 0.000000 -1.000000
    outer loop
      vertex 65.2909 41.3889 0.0000
      vertex 65.1875 40.7778 0.0000
      vertex 40.1750 36.5000 0.0000
    endloop
  endfacet
  facet normal 0.000000 0.000000 1.000000
    outer loop
      vertex 40.1750 36.5000 4.0000
      vertex 65.2909 41.3889 4.0000
      vertex 65.3250 42.0000 4.0000
    endloop
  endfacet
  facet normal 0.000000 0.000000 -1.000000
    outer loop
      vertex 65.3250 42.0000 0.0000
      vertex 65.2909 41.3889 0.0000
      vertex 40.1750 36.5000 0.0000
    endloop
  endfacet
  facet normal 0.000000 0.000000 1.000000
    outer loop
      vertex 40.1750 36.5000 4.0000
      vertex 65.3250 42.0000 4.0000
      vertex 65.2909 42.6111 4.0000
    endloop
  endfacet
  facet normal 0.000000 -0.000000 -1.000000
    outer loop
      vertex 65.2909 42.6111 0.0000
      vertex 65.3250 42.0000 0.0000
      vertex 40.1750 36.5000 0.0000
    endloop
  endfacet
  facet normal 0.000000 0.000000 1.000000
    outer loop
      vertex 40.1750 36.5000 4.0000
      vertex 65.2909 42.6111 4.0000
      vertex 65.1875 43.2222 4.0000
    endloop
  endfacet
  facet normal 0.000000 -0.000000 -1.000000
    outer loop
      vertex 65.1875 43.2222 0.0000
      vertex 65.2909 42.6111 0.0000
      vertex 40.1750 36.5000 0.0000
    endloop
  endfacet
  facet normal 0.000000 0.000000 1.000000
    outer loop
      vertex 40.1750 36.5000 4.0000
      vertex 65.1875 43.2222 4.0000
      vertex 65.0104 43.8333 4.0000
    endloop
  endfacet
  facet normal 0.000000 -0.000000 -1.000000
    outer loop
      vertex 65.0104 43.8333 0.0000
      vertex 65.1875 43.2222 0.0000
      vertex 40.1750 36.5000 0.0000
    endloop
  endfacet
  facet normal 0.000000 0.000000 1.000000
    outer loop
      vertex 40.1750 36.5000 4.0000
      vertex 65.0104 43.8333 4.0000
      vertex 64.7519 44.4444 4.0000
    endloop
  endfacet
  facet normal 0.000000 -0.000000 -1.000000
    outer loop
      vertex 64.7519 44.4444 0.0000
      vertex 65.0104 43.8333 0.0000
      vertex 40.1750 36.5000 0.0000
    endloop
  endfacet
  facet normal 0.000000 0.000000 1.000000
    outer loop
      vertex 40.1750 36.5000 4.0000
      vertex 64.7519 44.4444 4.0000
      vertex 64.3981 45.0556 4.0000
    endloop
  endfacet
  facet normal 0.000000 -0.000000 -1.000000
    outer loop
      vertex 64.3981 45.0556 0.0000
      vertex 64.7519 44.4444 0.0000
      vertex 40.1750 36.5000 0.0000
    endloop
  endfacet
  facet normal 0.000000 0.000000 1.000000
    outer loop
      vertex 40.1750 36.5000 4.0000
      vertex 64.3981 45.0556 4.0000
      vertex 63.9245 45.6667 4.0000
    endloop
  endfacet
  facet normal 0.000000 -0.000000 -1.000000
    outer loop
      vertex 63.9245 45.6667 0.0000
      vertex 64.3981 45.0556 0.0000
      vertex 40.1750 36.5000 0.0000
    endloop
  endfacet
  facet normal 0.000000 0.000000 1.000000
    outer loop
      vertex 40.1750 36.5000 4.0000
      vertex 63.9245 45.6667 4.0000
      vertex 63.2820 46.2778 4.0000
    endloop
  endfacet
  facet normal 0.000000 -0.000000 -1.000000
    outer loop
      vertex 63.2820 46.2778 0.0000
      vertex 63.9245 45.6667 0.0000
      vertex 40.1750 36.5000 0.0000
    endloop
  endfacet
  facet normal 0.000000 0.000000 1.000000
    outer loop
      vertex 40.1750 36.5000 4.0000
      vertex 63.2820 46.2778 4.0000
      vertex 62.3447 46.8889 4.0000
    endloop
  endfacet
  facet normal 0.000000 -0.000000 -1.000000
    outer loop
      vertex 62.3447 46.8889 0.0000
      vertex 63.2820 46.2778 0.0000
      vertex 40.1750 36.5000 0.0000
    endloop
  endfacet
  facet normal 0.000000 0.000000 1.000000
    outer loop
      vertex 40.1750 36.5000 4.0000
      vertex 62.3447 46.8889 4.0000
      vertex 59.8250 47.5000 4.0000
    endloop
  endfacet
  facet normal 0.000000 -0.000000 -1.000000
    outer loop
      vertex 59.8250 47.5000 0.0000
      vertex 62.3447 46.8889 0.0000
      vertex 40.1750 36.5000 0.0000
    endloop
  endfacet
  facet normal 0.000000 0.000000 1.000000
    outer loop
      vertex 40.1750 36.5000 4.0000
      vertex 59.8250 47.5000 4.0000
      vertex 59.8250 83.8250 4.0000
    endloop
  endfacet
  facet normal 0.000000 -0.000000 -1.000000
    outer loop
      vertex 59.8250 83.8250 0.0000
      vertex 59.8250 47.5000 0.0000
      vertex 40.1750 36.5000 0.0000
    endloop
  endfacet
  facet normal 0.000000 0.000000 1.000000
    outer loop
      vertex 59.8250 83.8250 4.0000
      vertex 40.1750 83.8250 4.0000
      vertex 40.1750 47.5000 4.0000
    endloop
  endfacet
  facet normal 0.000000 0.000000 -1.000000
    outer loop
      vertex 40.1750 47.5000 0.0000
      vertex 40.1750 83.8250 0.0000
      vertex 59.8250 83.8250 0.0000
    endloop
  endfacet
  facet normal 0.000000 0.000000 1.000000
    outer loop
      vertex 40.1750 36.5000 4.0000
      vertex 59.8250 83.8250 4.0000
      vertex 40.1750 47.5000 4.0000
    endloop
  endfacet
  facet normal 0.000000 0.000000 -1.000000
    outer loop
      vertex 40.1750 47.5000 0.0000
      vertex 59.8250 83.8250 0.0000
      vertex 40.1750 36.5000 0.0000
    endloop
  endfacet
  facet normal 0.000000 -0.000000 1.000000
    outer loop
      vertex 40.1750 36.5000 4.0000
      vertex 40.1750 47.5000 4.0000
      vertex 37.6553 46.8889 4.0000
    endloop
  endfacet
  facet normal 0.000000 0.000000 -1.000000
    outer loop
      vertex 37.6553 46.8889 0.0000
      vertex 40.1750 47.5000 0.0000
      vertex 40.1750 36.5000 0.0000
    endloop
  endfacet
  facet normal 0.000000 0.000000 1.000000
    outer loop
      vertex 40.1750 36.5000 4.0000
      vertex 37.6553 46.8889 4.0000
      vertex 36.7180 46.2778 4.0000
    endloop
  endfacet
  facet normal 0.000000 0.000000 -1.000000
    outer loop
      vertex 36.7180 46.2778 0.0000
      vertex 37.6553 46.8889 0.0000
      vertex 40.1750 36.5000 0.0000
    endloop
  endfacet
  facet normal 0.000000 0.000000 1.000000
    outer loop
      vertex 40.1750 36.5000 4.0000
      vertex 36.7180 46.2778 4.0000
      vertex 36.0755 45.6667 4.0000
    endloop
  endfacet
  facet normal 0.000000 0.000000 -1.000000
    outer loop
      vertex 36.0755 45.6667 0.0000
      vertex 36.7180 46.2778 0.0000
      vertex 40.1750 36.5000 0.0000
    endloop
  endfacet
  facet normal 0.000000 0.000000 1.000000
    outer loop
      vertex 40.1750 36.5000 4.0000
      vertex 36.0755 45.6667 4.0000
      vertex 35.6019 45.0556 4.0000
    endloop
  endfacet
  facet normal 0.000000 0.000000 -1.000000
    outer loop
      vertex 35.6019 45.0556 0.0000
      vertex 36.0755 45.6667 0.0000
      vertex 40.1750 36.5000 0.0000
    endloop
  endfacet
  facet normal 0.000000 0.000000 1.000000
    outer loop
      vertex 40.1750 36.5000 4.0000
      vertex 35.6019 45.0556 4.0000
      vertex 35.2481 44.4444 4.0000
    endloop
  endfacet
  facet normal 0.000000 0.000000 -1.000000
    outer loop
      vertex 35.2481 44.4444 0.0000
      vertex 35.6019 45.0556 0.0000
      vertex 40.1750 36.5000 0.0000
    endloop
  endfacet
  facet normal 0.000000 0.000000 1.000000
    outer loop
      vertex 40.1750 36.5000 4.0000
      vertex 35.2481 44.4444 4.0000
      vertex 34.9896 43.8333 4.0000
    endloop
  endfacet
  facet normal 0.000000 0.000000 -1.000000
    outer loop
      vertex 34.9896 43.8333 0.0000
      vertex 35.2481 44.4444 0.0000
      vertex 40.1750 36.5000 0.0000
    endloop
  endfacet
  facet normal 0.000000 0.000000 1.000000
    outer loop
      vertex 40.1750 36.5000 4.0000
      vertex 34.9896 43.8333 4.0000
      vertex 34.8125 43.2222 4.0000
    endloop
  endfacet
  facet normal 0.000000 0.000000 -1.000000
    outer loop
      vertex 34.8125 43.2222 0.0000
      vertex 34.9896 43.8333 0.0000
      vertex 40.1750 36.5000 0.0000
    endloop
  endfacet
  facet normal 0.000000 0.000000 1.000000
    outer loop
      vertex 40.1750 36.5000 4.0000
      vertex 34.8125 43.2222 4.0000
      vertex 34.7091 42.6111 4.0000
    endloop
  endfacet
  facet normal 0.000000 0.000000 -1.000000
    outer loop
      vertex 34.7091 42.6111 0.0000
      vertex 34.8125 43.2222 0.0000
      vertex 40.1750 36.5000 0.0000
    endloop
  endfacet
  facet normal 0.000000 0.000000 1.000000
    outer loop
      vertex 40.1750 36.5000 4.0000
      vertex 34.7091 42.6111 4.0000
      vertex 34.6750 42.0000 4.0000
    endloop
  endfacet
  facet normal 0.000000 0.000000 -1.000000
    outer loop
      vertex 34.6750 42.0000 0.0000
      vertex 34.7091 42.6111 0.0000
      vertex 40.1750 36.5000 0.0000
    endloop
  endfacet
  facet normal 0.000000 0.000000 1.000000
    outer loop
      vertex 40.1750 36.5000 4.0000
      vertex 34.6750 42.0000 4.0000
      vertex 34.7091 41.3889 4.0000
    endloop
  endfacet
  facet normal 0.000000 0.000000 -1.000000
    outer loop
      vertex 34.7091 41.3889 0.0000
      vertex 34.6750 42.0000 0.0000
      vertex 40.1750 36.5000 0.0000
    endloop
  endfacet
  facet normal 0.000000 0.000000 1.000000
    outer loop
      vertex 40.1750 36.5000 4.0000
      vertex 34.7091 41.3889 4.0000
      vertex 34.8125 40.7778 4.0000
    endloop
  endfacet
  facet normal 0.000000 0.000000 -1.000000
    outer loop
      vertex 34.8125 40.7778 0.0000
      vertex 34.7091 41.3889 0.0000
      vertex 40.1750 36.5000 0.0000
    endloop
  endfacet
  facet normal 0.000000 0.000000 1.000000
    outer loop
      vertex 40.1750 36.5000 4.0000
      vertex 34.8125 40.7778 4.0000
      vertex 34.9896 40.1667 4.0000
    endloop
  endfacet
  facet normal 0.000000 0.000000 -1.000000
    outer loop
      vertex 34.9896 40.1667 0.0000
      vertex 34.8125 40.7778 0.0000
      vertex 40.1750 36.5000 0.0000
    endloop
  endfacet
  facet normal 0.000000 0.000000 1.000000
    outer loop
      vertex 40.1750 36.5000 4.0000
      vertex 34.9896 40.1667 4.0000
      vertex 35.2481 39.5556 4.0000
    endloop
  endfacet
  facet normal 0.000000 0.000000 -1.000000
    outer loop
      vertex 35.2481 39.5556 0.0000
      vertex 34.9896 40.1667 0.0000
      vertex 40.1750 36.5000 0.0000
    endloop
  endfacet
  facet normal 0.000000 0.000000 1.000000
    outer loop
      vertex 40.1750 36.5000 4.0000
      vertex 35.2481 39.5556 4.0000
      vertex 35.6019 38.9444 4.0000
    endloop
  endfacet
  facet normal 0.000000 0.000000 -1.000000
    outer loop
      vertex 35.6019 38.9444 0.0000
      vertex 35.2481 39.5556 0.0000
      vertex 40.1750 36.5000 0.0000
    endloop
  endfacet
  facet normal 0.000000 0.000000 1.000000
    outer loop
      vertex 40.1750 36.5000 4.0000
      vertex 35.6019 38.9444 4.0000
      vertex 36.0755 38.3333 4.0000
    endloop
  endfacet
  facet normal 0.000000 0.000000 -1.000000
    outer loop
      vertex 36.0755 38.3333 0.0000
      vertex 35.6019 38.9444 0.0000
      vertex 40.1750 36.5000 0.0000
    endloop
  endfacet
  facet normal 0.000000 0.000000 1.000000
    outer loop
      vertex 40.1750 36.5000 4.0000
      vertex 36.0755 38.3333 4.0000
      vertex 36.7180 37.7222 4.0000
    endloop
  endfacet
  facet normal 0.000000 0.000000 -1.000000
    outer loop
      vertex 36.7180 37.7222 0.0000
      vertex 36.0755 38.3333 0.0000
      vertex 40.1750 36.5000 0.0000
    endloop
  endfacet
  facet normal 0.000000 0.000000 1.000000
    outer loop
      vertex 36.7180 37.7222 4.0000
      vertex 37.6553 37.1111 4.0000
      vertex 40.1750 36.5000 4.0000
    endloop
  endfacet
  facet normal 0.000000 0.000000 -1.000000
    outer loop
      vertex 40.1750 36.5000 0.0000
      vertex 37.6553 37.1111 0.0000
      vertex 36.7180 37.7222 0.0000
    endloop
  endfacet
  facet normal 0.000000 -1.000000 0.000000
    outer loop
      vertex 40.1750 0.1750 0.0000
      vertex 59.8250 0.1750 0.0000
      vertex 59.8250 0.1750 4.0000
    endloop
  endfacet
  facet normal 0.000000 -1.000000 0.000000
    outer loop
      vertex 40.1750 0.1750 0.0000
      vertex 59.8250 0.1750 4.0000
      vertex 40.1750 0.1750 4.0000
    endloop
  endfacet
  facet normal 1.000000 0.000000 0.000000
    outer loop
      vertex 59.8250 0.1750 0.0000
      vertex 59.8250 36.5000 0.0000
      vertex 59.8250 36.5000 4.0000
    endloop
  endfacet
  facet normal 1.000000 0.000000 0.000000
    outer loop
      vertex 59.8250 0.1750 0.0000
      vertex 59.8250 36.5000 4.0000
      vertex 59.8250 0.1750 4.0000
    endloop
  endfacet
  facet normal 0.235702 -0.971825 0.000000
    outer loop
      vertex 59.8250 36.5000 0.0000
      vertex 62.3447 37.1111 0.0000
      vertex 62.3447 37.1111 4.0000
    endloop
  endfacet
  facet normal 0.235702 -0.971825 0.000000
    outer loop
      vertex 59.8250 36.5000 0.0000
      vertex 62.3447 37.1111 4.0000
      vertex 59.8250 36.5000 4.0000
    endloop
  endfacet
  facet normal 0.546164 -0.837678 0.000000
    outer loop
      vertex 62.3447 37.1111 0.0000
      vertex 63.2820 37.7222 0.0000
      vertex 63.2820 37.7222 4.0000
    endloop
  endfacet
  facet normal 0.546164 -0.837678 0.000000
    outer loop
      vertex 62.3447 37.1111 0.0000
      vertex 63.2820 37.7222 4.0000
      vertex 62.3447 37.1111 4.0000
    endloop
  endfacet
  facet normal 0.689190 -0.724580 0.000000
    outer loop
      vertex 63.2820 37.7222 0.0000
      vertex 63.9245 38.3333 0.0000
      vertex 63.9245 38.3333 4.0000
    endloop
  endfacet
  facet normal 0.689190 -0.724580 0.000000
    outer loop
      vertex 63.2820 37.7222 0.0000
      vertex 63.9245 38.3333 4.0000
      vertex 63.2820 37.7222 4.0000
    endloop
  endfacet
  facet normal 0.790373 -0.612626 0.000000
    outer loop
      vertex 63.9245 38.3333 0.0000
      vertex 64.3981 38.9444 0.0000
      vertex 64.3981 38.9444 4.0000
    endloop
  endfacet
  facet normal 0.790373 -0.612626 0.000000
    outer loop
      vertex 63.9245 38.3333 0.0000
      vertex 64.3981 38.9444 4.0000
      vertex 63.9245 38.3333 4.0000
    endloop
  endfacet
  facet normal 0.865428 -0.501033 0.000000
    outer loop
      vertex 64.3981 38.9444 0.0000
      vertex 64.7519 39.5556 0.0000
      vertex 64.7519 39.5556 4.0000
    endloop
  endfacet
  facet normal 0.865428 -0.501033 0.000000
    outer loop
      vertex 64.3981 38.9444 0.0000
      vertex 64.7519 39.5556 4.0000
      vertex 64.3981 38.9444 4.0000
    endloop
  endfacet
  facet normal 0.920985 -0.389598 0.000000
    outer loop
      vertex 64.7519 39.5556 0.0000
      vertex 65.0104 40.1667 0.0000
      vertex 65.0104 40.1667 4.0000
    endloop
  endfacet
  facet normal 0.920985 -0.389598 0.000000
    outer loop
      vertex 64.7519 39.5556 0.0000
      vertex 65.0104 40.1667 4.0000
      vertex 64.7519 39.5556 4.0000
    endloop
  endfacet
  facet normal 0.960511 -0.278244 0.000000
    outer loop
      vertex 65.0104 40.1667 0.0000
      vertex 65.1875 40.7778 0.0000
      vertex 65.1875 40.7778 4.0000
    endloop
  endfacet
  facet normal 0.960511 -0.278244 0.000000
    outer loop
      vertex 65.0104 40.1667 0.0000
      vertex 65.1875 40.7778 4.0000
      vertex 65.0104 40.1667 4.0000
    endloop
  endfacet
  facet normal 0.985968 -0.166932 0.000000
    outer loop
      vertex 65.1875 40.7778 0.0000
      vertex 65.2909 41.3889 0.0000
      vertex 65.2909 41.3889 4.0000
    endloop
  endfacet
  facet normal 0.985968 -0.166932 0.000000
    outer loop
      vertex 65.1875 40.7778 0.0000
      vertex 65.2909 41.3889 4.0000
      vertex 65.1875 40.7778 4.0000
    endloop
  endfacet
  facet normal 0.998451 -0.055642 0.000000
    outer loop
      vertex 65.2909 41.3889 0.0000
      vertex 65.3250 42.0000 0.0000
      vertex 65.3250 42.0000 4.0000
    endloop
  endfacet
  facet normal 0.998451 -0.055642 0.000000
    outer loop
      vertex 65.2909 41.3889 0.0000
      vertex 65.3250 42.0000 4.0000
      vertex 65.2909 41.3889 4.0000
    endloop
  endfacet
  facet normal 0.998451 0.055642 0.000000
    outer loop
      vertex 65.3250 42.0000 0.0000
      vertex 65.2909 42.6111 0.0000
      vertex 65.2909 42.6111 4.0000
    endloop
  endfacet
  facet normal 0.998451 0.055642 -0.000000
    outer loop
      vertex 65.3250 42.0000 0.0000
      vertex 65.2909 42.6111 4.0000
      vertex 65.3250 42.0000 4.0000
    endloop
  endfacet
  facet normal 0.985968 0.166932 0.000000
    outer loop
      vertex 65.2909 42.6111 0.0000
      vertex 65.1875 43.2222 0.0000
      vertex 65.1875 43.2222 4.0000
    endloop
  endfacet
  facet normal 0.985968 0.166932 -0.000000
    outer loop
      vertex 65.2909 42.6111 0.0000
      vertex 65.1875 43.2222 4.0000
      vertex 65.2909 42.6111 4.0000
    endloop
  endfacet
  facet normal 0.960511 0.278244 0.000000
    outer loop
      vertex 65.1875 43.2222 0.0000
      vertex 65.0104 43.8333 0.0000
      vertex 65.0104 43.8333 4.0000
    endloop
  endfacet
  facet normal 0.960511 0.278244 -0.000000
    outer loop
      vertex 65.1875 43.2222 0.0000
      vertex 65.0104 43.8333 4.0000
      vertex 65.1875 43.2222 4.0000
    endloop
  endfacet
  facet normal 0.920985 0.389598 0.000000
    outer loop
      vertex 65.0104 43.8333 0.0000
      vertex 64.7519 44.4444 0.0000
      vertex 64.7519 44.4444 4.0000
    endloop
  endfacet
  facet normal 0.920985 0.389598 -0.000000
    outer loop
      vertex 65.0104 43.8333 0.0000
      vertex 64.7519 44.4444 4.0000
      vertex 65.0104 43.8333 4.0000
    endloop
  endfacet
  facet normal 0.865428 0.501033 0.000000
    outer loop
      vertex 64.7519 44.4444 0.0000
      vertex 64.3981 45.0556 0.0000
      vertex 64.3981 45.0556 4.0000
    endloop
  endfacet
  facet normal 0.865428 0.501033 -0.000000
    outer loop
      vertex 64.7519 44.4444 0.0000
      vertex 64.3981 45.0556 4.0000
      vertex 64.7519 44.4444 4.0000
    endloop
  endfacet
  facet normal 0.790373 0.612626 0.000000
    outer loop
      vertex 64.3981 45.0556 0.0000
      vertex 63.9245 45.6667 0.0000
      vertex 63.9245 45.6667 4.0000
    endloop
  endfacet
  facet normal 0.790373 0.612626 -0.000000
    outer loop
      vertex 64.3981 45.0556 0.0000
      vertex 63.9245 45.6667 4.0000
      vertex 64.3981 45.0556 4.0000
    endloop
  endfacet
  facet normal 0.689190 0.724580 0.000000
    outer loop
      vertex 63.9245 45.6667 0.0000
      vertex 63.2820 46.2778 0.0000
      vertex 63.2820 46.2778 4.0000
    endloop
  endfacet
  facet normal 0.689190 0.724580 -0.000000
    outer loop
      vertex 63.9245 45.6667 0.0000
      vertex 63.2820 46.2778 4.0000
      vertex 63.9245 45.6667 4.0000
    endloop
  endfacet
  facet normal 0.546164 0.837678 0.000000
    outer loop
      vertex 63.2820 46.2778 0.0000
      vertex 62.3447 46.8889 0.0000
      vertex 62.3447 46.8889 4.0000
    endloop
  endfacet
  facet normal 0.546164 0.837678 -0.000000
    outer loop
      vertex 63.2820 46.2778 0.0000
      vertex 62.3447 46.8889 4.0000
      vertex 63.2820 46.2778 4.0000
    endloop
  endfacet
  facet normal 0.235702 0.971825 0.000000
    outer loop
      vertex 62.3447 46.8889 0.0000
      vertex 59.8250 47.5000 0.0000
      vertex 59.8250 47.5000 4.0000
    endloop
  endfacet
  facet normal 0.235702 0.971825 -0.000000
    outer loop
      vertex 62.3447 46.8889 0.0000
      vertex 59.8250 47.5000 4.0000
      vertex 62.3447 46.8889 4.0000
    endloop
  endfacet
  facet normal 1.000000 0.000000 0.000000
    outer loop
      vertex 59.8250 47.5000 0.0000
      vertex 59.8250 83.8250 0.0000
      vertex 59.8250 83.8250 4.0000
    endloop
  endfacet
  facet normal 1.000000 0.000000 0.000000
    outer loop
      vertex 59.8250 47.5000 0.0000
      vertex 59.8250 83.8250 4.0000
      vertex 59.8250 47.5000 4.0000
    endloop
  endfacet
  facet normal 0.000000 1.000000 0.000000
    outer loop
      vertex 59.8250 83.8250 0.0000
      vertex 40.1750 83.8250 0.0000
      vertex 40.1750 83.8250 4.0000
    endloop
  endfacet
  facet normal 0.000000 1.000000 -0.000000
    outer loop
      vertex 59.8250 83.8250 0.0000
      vertex 40.1750 83.8250 4.0000
      vertex 59.8250 83.8250 4.0000
    endloop
  endfacet
  facet normal -1.000000 0.000000 0.000000
    outer loop
      vertex 40.1750 83.8250 0.0000
      vertex 40.1750 47.5000 0.0000
      vertex 40.1750 47.5000 4.0000
    endloop
  endfacet
  facet normal -1.000000 0.000000 0.000000
    outer loop
      vertex 40.1750 83.8250 0.0000
      vertex 40.1750 47.5000 4.0000
      vertex 40.1750 83.8250 4.0000
    endloop
  endfacet
  facet normal -0.235702 0.971825 0.000000
    outer loop
      vertex 40.1750 47.5000 0.0000
      vertex 37.6553 46.8889 0.0000
      vertex 37.6553 46.8889 4.0000
    endloop
  endfacet
  facet normal -0.235702 0.971825 0.000000
    outer loop
      vertex 40.1750 47.5000 0.0000
      vertex 37.6553 46.8889 4.0000
      vertex 40.1750 47.5000 4.0000
    endloop
  endfacet
  facet normal -0.546164 0.837678 0.000000
    outer loop
      vertex 37.6553 46.8889 0.0000
      vertex 36.7180 46.2778 0.0000
      vertex 36.7180 46.2778 4.0000
    endloop
  endfacet
  facet normal -0.546164 0.837678 0.000000
    outer loop
      vertex 37.6553 46.8889 0.0000
      vertex 36.7180 46.2778 4.0000
      vertex 37.6553 46.8889 4.0000
    endloop
  endfacet
  facet normal -0.689190 0.724580 0.000000
    outer loop
      vertex 36.7180 46.2778 0.0000
      vertex 36.0755 45.6667 0.0000
      vertex 36.0755 45.6667 4.0000
    endloop
  endfacet
  facet normal -0.689190 0.724580 0.000000
    outer loop
      vertex 36.7180 46.2778 0.0000
      vertex 36.0755 45.6667 4.0000
      vertex 36.7180 46.2778 4.0000
    endloop
  endfacet
  facet normal -0.790373 0.612626 0.000000
    outer loop
      vertex 36.0755 45.6667 0.0000
      vertex 35.6019 45.0556 0.0000
      vertex 35.6019 45.0556 4.0000
    endloop
  endfacet
  facet normal -0.790373 0.612626 0.000000
    outer loop
      vertex 36.0755 45.6667 0.0000
      vertex 35.6019 45.0556 4.0000
      vertex 36.0755 45.6667 4.0000
    endloop
  endfacet
  facet normal -0.865428 0.501033 0.000000
    outer loop
      vertex 35.6019 45.0556 0.0000
      vertex 35.2481 44.4444 0.0000
      vertex 35.2481 44.4444 4.0000
    endloop
  endfacet
  facet normal -0.865428 0.501033 0.000000
    outer loop
      vertex 35.6019 45.0556 0.0000
      vertex 35.2481 44.4444 4.0000
      vertex 35.6019 45.0556 4.0000
    endloop
  endfacet
  facet normal -0.920985 0.389598 0.000000
    outer loop
      vertex 35.2481 44.4444 0.0000
      vertex 34.9896 43.8333 0.0000
      vertex 34.9896 43.8333 4.0000
    endloop
  endfacet
  facet normal -0.920985 0.389598 0.000000
    outer loop
      vertex 35.2481 44.4444 0.0000
      vertex 34.9896 43.8333 4.0000
      vertex 35.2481 44.4444 4.0000
    endloop
  endfacet
  facet normal -0.960511 0.278244 0.000000
    outer loop
      vertex 34.9896 43.8333 0.0000
      vertex 34.8125 43.2222 0.0000
      vertex 34.8125 43.2222 4.0000
    endloop
  endfacet
  facet normal -0.960511 0.278244 0.000000
    outer loop
      vertex 34.9896 43.8333 0.0000
      vertex 34.8125 43.2222 4.0000
      vertex 34.9896 43.8333 4.0000
    endloop
  endfacet
  facet normal -0.985968 0.166932 0.000000
    outer loop
      vertex 34.8125 43.2222 0.0000
      vertex 34.7091 42.6111 0.0000
      vertex 34.7091 42.6111 4.0000
    endloop
  endfacet
  facet normal -0.985968 0.166932 0.000000
    outer loop
      vertex 34.8125 43.2222 0.0000
      vertex 34.7091 42.6111 4.0000
      vertex 34.8125 43.2222 4.0000
    endloop
  endfacet
  facet normal -0.998451 0.055642 0.000000
    outer loop
      vertex 34.7091 42.6111 0.0000
      vertex 34.6750 42.0000 0.0000
      vertex 34.6750 42.0000 4.0000
    endloop
  endfacet
  facet normal -0.998451 0.055642 0.000000
    outer loop
      vertex 34.7091 42.6111 0.0000
      vertex 34.6750 42.0000 4.0000
      vertex 34.7091 42.6111 4.0000
    endloop
  endfacet
  facet normal -0.998451 -0.055642 0.000000
    outer loop
      vertex 34.6750 42.0000 0.0000
      vertex 34.7091 41.3889 0.0000
      vertex 34.7091 41.3889 4.0000
    endloop
  endfacet
  facet normal -0.998451 -0.055642 0.000000
    outer loop
      vertex 34.6750 42.0000 0.0000
      vertex 34.7091 41.3889 4.0000
      vertex 34.6750 42.0000 4.0000
    endloop
  endfacet
  facet normal -0.985968 -0.166932 0.000000
    outer loop
      vertex 34.7091 41.3889 0.0000
      vertex 34.8125 40.7778 0.0000
      vertex 34.8125 40.7778 4.0000
    endloop
  endfacet
  facet normal -0.985968 -0.166932 0.000000
    outer loop
      vertex 34.7091 41.3889 0.0000
      vertex 34.8125 40.7778 4.0000
      vertex 34.7091 41.3889 4.0000
    endloop
  endfacet
  facet normal -0.960511 -0.278244 0.000000
    outer loop
      vertex 34.8125 40.7778 0.0000
      vertex 34.9896 40.1667 0.0000
      vertex 34.9896 40.1667 4.0000
    endloop
  endfacet
  facet normal -0.960511 -0.278244 0.000000
    outer loop
      vertex 34.8125 40.7778 0.0000
      vertex 34.9896 40.1667 4.0000
      vertex 34.8125 40.7778 4.0000
    endloop
  endfacet
  facet normal -0.920985 -0.389598 0.000000
    outer loop
      vertex 34.9896 40.1667 0.0000
      vertex 35.2481 39.5556 0.0000
      vertex 35.2481 39.5556 4.0000
    endloop
  endfacet
  facet normal -0.920985 -0.389598 0.000000
    outer loop
      vertex 34.9896 40.1667 0.0000
      vertex 35.2481 39.5556 4.0000
      vertex 34.9896 40.1667 4.0000
    endloop
  endfacet
  facet normal -0.865428 -0.501033 0.000000
    outer loop
      vertex 35.2481 39.5556 0.0000
      vertex 35.6019 38.9444 0.0000
      vertex 35.6019 38.9444 4.0000
    endloop
  endfacet
  facet normal -0.865428 -0.501033 0.000000
    outer loop
      vertex 35.2481 39.5556 0.0000
      vertex 35.6019 38.9444 4.0000
      vertex 35.2481 39.5556 4.0000
    endloop
  endfacet
  facet normal -0.790373 -0.612626 0.000000
    outer loop
      vertex 35.6019 38.9444 0.0000
      vertex 36.0755 38.3333 0.0000
      vertex 36.0755 38.3333 4.0000
    endloop
  endfacet
  facet normal -0.790373 -0.612626 0.000000
    outer loop
      vertex 35.6019 38.9444 0.0000
      vertex 36.0755 38.3333 4.0000
      vertex 35.6019 38.9444 4.0000
    endloop
  endfacet
  facet normal -0.689190 -0.724580 0.000000
    outer loop
      vertex 36.0755 38.3333 0.0000
      vertex 36.7180 37.7222 0.0000
      vertex 36.7180 37.7222 4.0000
    endloop
  endfacet
  facet normal -0.689190 -0.724580 0.000000
    outer loop
      vertex 36.0755 38.3333 0.0000
      vertex 36.7180 37.7222 4.0000
      vertex 36.0755 38.3333 4.0000
    endloop
  endfacet
  facet normal -0.546164 -0.837678 0.000000
    outer loop
      vertex 36.7180 37.7222 0.0000
      vertex 37.6553 37.1111 0.0000
      vertex 37.6553 37.1111 4.0000
    endloop
  endfacet
  facet normal -0.546164 -0.837678 0.000000
    outer loop
      vertex 36.7180 37.7222 0.0000
      vertex 37.6553 37.1111 4.0000
      vertex 36.7180 37.7222 4.0000
    endloop
  endfacet
  facet normal -0.235702 -0.971825 0.000000
    outer loop
      vertex 37.6553 37.1111 0.0000
      vertex 40.1750 36.5000 0.0000
      vertex 40.1750 36.5000 4.0000
    endloop
  endfacet
  facet normal -0.235702 -0.971825 0.000000
    outer loop
      vertex 37.6553 37.1111 0.0000
      vertex 40.1750 36.5000 4.0000
      vertex 37.6553 37.1111 4.0000
    endloop
  endfacet
  facet normal -1.000000 0.000000 0.000000
    outer loop
      vertex 40.1750 36.5000 0.0000
      vertex 40.1750 0.1750 0.0000
      vertex 40.1750 0.1750 4.0000
    endloop
  endfacet
  facet normal -1.000000 0.000000 0.000000
    outer loop
      vertex 40.1750 36.5000 0.0000
      vertex 40.1750 0.1750 4.0000
      vertex 40.1750 36.5000 4.0000
    endloop
  endfacet
  facet normal -0.000000 0.000000 -1.000000
    outer loop
      vertex 60.4011 59.1134 4.8000
      vertex 59.2883 58.4045 4.8000
      vertex 58.6973 59.3322 4.8000
    endloop
  endfacet
  facet normal 0.000000 0.000000 -1.000000
    outer loop
      vertex 60.4011 59.1134 4.8000
      vertex 58.6973 59.3322 4.8000
      vertex 59.8100 60.0411 4.8000
    endloop
  endfacet
  facet normal -0.537300 0.843391 0.000000
    outer loop
      vertex 60.4011 59.1134 4.0000
      vertex 59.2883 58.4045 4.0000
      vertex 59.2883 58.4045 4.8000
    endloop
  endfacet
  facet normal -0.537300 0.843391 0.000000
    outer loop
      vertex 60.4011 59.1134 4.0000
      vertex 59.2883 58.4045 4.8000
      vertex 60.4011 59.1134 4.8000
    endloop
  endfacet
  facet normal 0.843391 0.537300 0.000000
    outer loop
      vertex 59.2883 58.4045 4.0000
      vertex 58.6973 59.3322 4.0000
      vertex 58.6973 59.3322 4.8000
    endloop
  endfacet
  facet normal 0.843391 0.537300 -0.000000
    outer loop
      vertex 59.2883 58.4045 4.0000
      vertex 58.6973 59.3322 4.8000
      vertex 59.2883 58.4045 4.8000
    endloop
  endfacet
  facet normal 0.537300 -0.843391 0.000000
    outer loop
      vertex 58.6973 59.3322 4.0000
      vertex 59.8100 60.0411 4.0000
      vertex 59.8100 60.0411 4.8000
    endloop
  endfacet
  facet normal 0.537300 -0.843391 0.000000
    outer loop
      vertex 58.6973 59.3322 4.0000
      vertex 59.8100 60.0411 4.8000
      vertex 58.6973 59.3322 4.8000
    endloop
  endfacet
  facet normal -0.843391 -0.537300 0.000000
    outer loop
      vertex 59.8100 60.0411 4.0000
      vertex 60.4011 59.1134 4.0000
      vertex 60.4011 59.1134 4.8000
    endloop
  endfacet
  facet normal -0.843391 -0.537300 0.000000
    outer loop
      vertex 59.8100 60.0411 4.0000
      vertex 60.4011 59.1134 4.8000
      vertex 59.8100 60.0411 4.8000
    endloop
  endfacet
  facet normal -0.000000 0.000000 -1.000000
    outer loop
      vertex 59.6594 58.6409 4.8000
      vertex 58.5467 57.9320 4.8000
      vertex 57.9556 58.8598 4.8000
    endloop
  endfacet
  facet normal 0.000000 0.000000 -1.000000
    outer loop
      vertex 59.6594 58.6409 4.8000
      vertex 57.9556 58.8598 4.8000
      vertex 59.0684 59.5687 4.8000
    endloop
  endfacet
  facet normal -0.537300 0.843391 0.000000
    outer loop
      vertex 59.6594 58.6409 4.0000
      vertex 58.5467 57.9320 4.0000
      vertex 58.5467 57.9320 4.8000
    endloop
  endfacet
  facet normal -0.537300 0.843391 0.000000
    outer loop
      vertex 59.6594 58.6409 4.0000
      vertex 58.5467 57.9320 4.8000
      vertex 59.6594 58.6409 4.8000
    endloop
  endfacet
  facet normal 0.843391 0.537300 0.000000
    outer loop
      vertex 58.5467 57.9320 4.0000
      vertex 57.9556 58.8598 4.0000
      vertex 57.9556 58.8598 4.8000
    endloop
  endfacet
  facet normal 0.843391 0.537300 -0.000000
    outer loop
      vertex 58.5467 57.9320 4.0000
      vertex 57.9556 58.8598 4.8000
      vertex 58.5467 57.9320 4.8000
    endloop
  endfacet
  facet normal 0.537300 -0.843391 0.000000
    outer loop
      vertex 57.9556 58.8598 4.0000
      vertex 59.0684 59.5687 4.0000
      vertex 59.0684 59.5687 4.8000
    endloop
  endfacet
  facet normal 0.537300 -0.843391 0.000000
    outer loop
      vertex 57.9556 58.8598 4.0000
      vertex 59.0684 59.5687 4.8000
      vertex 57.9556 58.8598 4.8000
    endloop
  endfacet
  facet normal -0.843391 -0.537300 0.000000
    outer loop
      vertex 59.0684 59.5687 4.0000
      vertex 59.6594 58.6409 4.0000
      vertex 59.6594 58.6409 4.8000
    endloop
  endfacet
  facet normal -0.843391 -0.537300 0.000000
    outer loop
      vertex 59.0684 59.5687 4.0000
      vertex 59.6594 58.6409 4.8000
      vertex 59.0684 59.5687 4.8000
    endloop
  endfacet
  facet normal -0.000000 0.000000 -1.000000
    outer loop
      vertex 58.9461 58.2117 4.8000
      vertex 57.8993 57.4085 4.8000
      vertex 57.2297 58.2812 4.8000
    endloop
  endfacet
  facet normal 0.000000 0.000000 -1.000000
    outer loop
      vertex 58.9461 58.2117 4.8000
      vertex 57.2297 58.2812 4.8000
      vertex 58.2764 59.0844 4.8000
    endloop
  endfacet
  facet normal -0.608761 0.793353 0.000000
    outer loop
      vertex 58.9461 58.2117 4.0000
      vertex 57.8993 57.4085 4.0000
      vertex 57.8993 57.4085 4.8000
    endloop
  endfacet
  facet normal -0.608761 0.793353 0.000000
    outer loop
      vertex 58.9461 58.2117 4.0000
      vertex 57.8993 57.4085 4.8000
      vertex 58.9461 58.2117 4.8000
    endloop
  endfacet
  facet normal 0.793353 0.608761 0.000000
    outer loop
      vertex 57.8993 57.4085 4.0000
      vertex 57.2297 58.2812 4.0000
      vertex 57.2297 58.2812 4.8000
    endloop
  endfacet
  facet normal 0.793353 0.608761 -0.000000
    outer loop
      vertex 57.8993 57.4085 4.0000
      vertex 57.2297 58.2812 4.8000
      vertex 57.8993 57.4085 4.8000
    endloop
  endfacet
  facet normal 0.608761 -0.793353 0.000000
    outer loop
      vertex 57.2297 58.2812 4.0000
      vertex 58.2764 59.0844 4.0000
      vertex 58.2764 59.0844 4.8000
    endloop
  endfacet
  facet normal 0.608761 -0.793353 0.000000
    outer loop
      vertex 57.2297 58.2812 4.0000
      vertex 58.2764 59.0844 4.8000
      vertex 57.2297 58.2812 4.8000
    endloop
  endfacet
  facet normal -0.793353 -0.608761 0.000000
    outer loop
      vertex 58.2764 59.0844 4.0000
      vertex 58.9461 58.2117 4.0000
      vertex 58.9461 58.2117 4.8000
    endloop
  endfacet
  facet normal -0.793353 -0.608761 0.000000
    outer loop
      vertex 58.2764 59.0844 4.0000
      vertex 58.9461 58.2117 4.8000
      vertex 58.2764 59.0844 4.8000
    endloop
  endfacet
  facet normal -0.000000 0.000000 -1.000000
    outer loop
      vertex 58.2484 57.6764 4.8000
      vertex 57.2017 56.8732 4.8000
      vertex 56.5320 57.7459 4.8000
    endloop
  endfacet
  facet normal 0.000000 0.000000 -1.000000
    outer loop
      vertex 58.2484 57.6764 4.8000
      vertex 56.5320 57.7459 4.8000
      vertex 57.5788 58.5491 4.8000
    endloop
  endfacet
  facet normal -0.608761 0.793353 0.000000
    outer loop
      vertex 58.2484 57.6764 4.0000
      vertex 57.2017 56.8732 4.0000
      vertex 57.2017 56.8732 4.8000
    endloop
  endfacet
  facet normal -0.608761 0.793353 0.000000
    outer loop
      vertex 58.2484 57.6764 4.0000
      vertex 57.2017 56.8732 4.8000
      vertex 58.2484 57.6764 4.8000
    endloop
  endfacet
  facet normal 0.793353 0.608761 0.000000
    outer loop
      vertex 57.2017 56.8732 4.0000
      vertex 56.5320 57.7459 4.0000
      vertex 56.5320 57.7459 4.8000
    endloop
  endfacet
  facet normal 0.793353 0.608761 -0.000000
    outer loop
      vertex 57.2017 56.8732 4.0000
      vertex 56.5320 57.7459 4.8000
      vertex 57.2017 56.8732 4.8000
    endloop
  endfacet
  facet normal 0.608761 -0.793353 0.000000
    outer loop
      vertex 56.5320 57.7459 4.0000
      vertex 57.5788 58.5491 4.0000
      vertex 57.5788 58.5491 4.8000
    endloop
  endfacet
  facet normal 0.608761 -0.793353 0.000000
    outer loop
      vertex 56.5320 57.7459 4.0000
      vertex 57.5788 58.5491 4.8000
      vertex 56.5320 57.7459 4.8000
    endloop
  endfacet
  facet normal -0.793353 -0.608761 0.000000
    outer loop
      vertex 57.5788 58.5491 4.0000
      vertex 58.2484 57.6764 4.0000
      vertex 58.2484 57.6764 4.8000
    endloop
  endfacet
  facet normal -0.793353 -0.608761 0.000000
    outer loop
      vertex 57.5788 58.5491 4.0000
      vertex 58.2484 57.6764 4.8000
      vertex 57.5788 58.5491 4.8000
    endloop
  endfacet
  facet normal 0.000000 0.000000 -1.000000
    outer loop
      vertex 57.5752 57.1866 4.8000
      vertex 56.6024 56.2952 4.8000
      vertex 55.8593 57.1062 4.8000
    endloop
  endfacet
  facet normal -0.000000 0.000000 -1.000000
    outer loop
      vertex 57.5752 57.1866 4.8000
      vertex 55.8593 57.1062 4.8000
      vertex 56.8320 57.9976 4.8000
    endloop
  endfacet
  facet normal -0.675590 0.737277 0.000000
    outer loop
      vertex 57.5752 57.1866 4.0000
      vertex 56.6024 56.2952 4.0000
      vertex 56.6024 56.2952 4.8000
    endloop
  endfacet
  facet normal -0.675590 0.737277 0.000000
    outer loop
      vertex 57.5752 57.1866 4.0000
      vertex 56.6024 56.2952 4.8000
      vertex 57.5752 57.1866 4.8000
    endloop
  endfacet
  facet normal 0.737277 0.675590 0.000000
    outer loop
      vertex 56.6024 56.2952 4.0000
      vertex 55.8593 57.1062 4.0000
      vertex 55.8593 57.1062 4.8000
    endloop
  endfacet
  facet normal 0.737277 0.675590 -0.000000
    outer loop
      vertex 56.6024 56.2952 4.0000
      vertex 55.8593 57.1062 4.8000
      vertex 56.6024 56.2952 4.8000
    endloop
  endfacet
  facet normal 0.675590 -0.737277 0.000000
    outer loop
      vertex 55.8593 57.1062 4.0000
      vertex 56.8320 57.9976 4.0000
      vertex 56.8320 57.9976 4.8000
    endloop
  endfacet
  facet normal 0.675590 -0.737277 0.000000
    outer loop
      vertex 55.8593 57.1062 4.0000
      vertex 56.8320 57.9976 4.8000
      vertex 55.8593 57.1062 4.8000
    endloop
  endfacet
  facet normal -0.737277 -0.675590 0.000000
    outer loop
      vertex 56.8320 57.9976 4.0000
      vertex 57.5752 57.1866 4.0000
      vertex 57.5752 57.1866 4.8000
    endloop
  endfacet
  facet normal -0.737277 -0.675590 0.000000
    outer loop
      vertex 56.8320 57.9976 4.0000
      vertex 57.5752 57.1866 4.8000
      vertex 56.8320 57.9976 4.8000
    endloop
  endfacet
  facet normal 0.000000 0.000000 -1.000000
    outer loop
      vertex 56.9268 56.5925 4.8000
      vertex 55.9541 55.7011 4.8000
      vertex 55.2110 56.5121 4.8000
    endloop
  endfacet
  facet normal -0.000000 0.000000 -1.000000
    outer loop
      vertex 56.9268 56.5925 4.8000
      vertex 55.2110 56.5121 4.8000
      vertex 56.1837 57.4035 4.8000
    endloop
  endfacet
  facet normal -0.675590 0.737277 0.000000
    outer loop
      vertex 56.9268 56.5925 4.0000
      vertex 55.9541 55.7011 4.0000
      vertex 55.9541 55.7011 4.8000
    endloop
  endfacet
  facet normal -0.675590 0.737277 0.000000
    outer loop
      vertex 56.9268 56.5925 4.0000
      vertex 55.9541 55.7011 4.8000
      vertex 56.9268 56.5925 4.8000
    endloop
  endfacet
  facet normal 0.737277 0.675590 0.000000
    outer loop
      vertex 55.9541 55.7011 4.0000
      vertex 55.2110 56.5121 4.0000
      vertex 55.2110 56.5121 4.8000
    endloop
  endfacet
  facet normal 0.737277 0.675590 -0.000000
    outer loop
      vertex 55.9541 55.7011 4.0000
      vertex 55.2110 56.5121 4.8000
      vertex 55.9541 55.7011 4.8000
    endloop
  endfacet
  facet normal 0.675590 -0.737277 0.000000
    outer loop
      vertex 55.2110 56.5121 4.0000
      vertex 56.1837 57.4035 4.0000
      vertex 56.1837 57.4035 4.8000
    endloop
  endfacet
  facet normal 0.675590 -0.737277 0.000000
    outer loop
      vertex 55.2110 56.5121 4.0000
      vertex 56.1837 57.4035 4.8000
      vertex 55.2110 56.5121 4.8000
    endloop
  endfacet
  facet normal -0.737277 -0.675590 0.000000
    outer loop
      vertex 56.1837 57.4035 4.0000
      vertex 56.9268 56.5925 4.0000
      vertex 56.9268 56.5925 4.8000
    endloop
  endfacet
  facet normal -0.737277 -0.675590 0.000000
    outer loop
      vertex 56.1837 57.4035 4.0000
      vertex 56.9268 56.5925 4.8000
      vertex 56.1837 57.4035 4.8000
    endloop
  endfacet
  facet normal 0.000000 0.000000 -1.000000
    outer loop
      vertex 56.2989 56.0459 4.8000
      vertex 55.4075 55.0732 4.8000
      vertex 54.5965 55.8163 4.8000
    endloop
  endfacet
  facet normal -0.000000 0.000000 -1.000000
    outer loop
      vertex 56.2989 56.0459 4.8000
      vertex 54.5965 55.8163 4.8000
      vertex 55.4879 56.7890 4.8000
    endloop
  endfacet
  facet normal -0.737277 0.675590 0.000000
    outer loop
      vertex 56.2989 56.0459 4.0000
      vertex 55.4075 55.0732 4.0000
      vertex 55.4075 55.0732 4.8000
    endloop
  endfacet
  facet normal -0.737277 0.675590 0.000000
    outer loop
      vertex 56.2989 56.0459 4.0000
      vertex 55.4075 55.0732 4.8000
      vertex 56.2989 56.0459 4.8000
    endloop
  endfacet
  facet normal 0.675590 0.737277 0.000000
    outer loop
      vertex 55.4075 55.0732 4.0000
      vertex 54.5965 55.8163 4.0000
      vertex 54.5965 55.8163 4.8000
    endloop
  endfacet
  facet normal 0.675590 0.737277 -0.000000
    outer loop
      vertex 55.4075 55.0732 4.0000
      vertex 54.5965 55.8163 4.8000
      vertex 55.4075 55.0732 4.8000
    endloop
  endfacet
  facet normal 0.737277 -0.675590 0.000000
    outer loop
      vertex 54.5965 55.8163 4.0000
      vertex 55.4879 56.7890 4.0000
      vertex 55.4879 56.7890 4.8000
    endloop
  endfacet
  facet normal 0.737277 -0.675590 0.000000
    outer loop
      vertex 54.5965 55.8163 4.0000
      vertex 55.4879 56.7890 4.8000
      vertex 54.5965 55.8163 4.8000
    endloop
  endfacet
  facet normal -0.675590 -0.737277 0.000000
    outer loop
      vertex 55.4879 56.7890 4.0000
      vertex 56.2989 56.0459 4.0000
      vertex 56.2989 56.0459 4.8000
    endloop
  endfacet
  facet normal -0.675590 -0.737277 0.000000
    outer loop
      vertex 55.4879 56.7890 4.0000
      vertex 56.2989 56.0459 4.8000
      vertex 55.4879 56.7890 4.8000
    endloop
  endfacet
  facet normal 0.000000 0.000000 -1.000000
    outer loop
      vertex 55.7048 55.3976 4.8000
      vertex 54.8134 54.4248 4.8000
      vertex 54.0024 55.1680 4.8000
    endloop
  endfacet
  facet normal -0.000000 0.000000 -1.000000
    outer loop
      vertex 55.7048 55.3976 4.8000
      vertex 54.0024 55.1680 4.8000
      vertex 54.8938 56.1407 4.8000
    endloop
  endfacet
  facet normal -0.737277 0.675590 0.000000
    outer loop
      vertex 55.7048 55.3976 4.0000
      vertex 54.8134 54.4248 4.0000
      vertex 54.8134 54.4248 4.8000
    endloop
  endfacet
  facet normal -0.737277 0.675590 0.000000
    outer loop
      vertex 55.7048 55.3976 4.0000
      vertex 54.8134 54.4248 4.8000
      vertex 55.7048 55.3976 4.8000
    endloop
  endfacet
  facet normal 0.675590 0.737277 0.000000
    outer loop
      vertex 54.8134 54.4248 4.0000
      vertex 54.0024 55.1680 4.0000
      vertex 54.0024 55.1680 4.8000
    endloop
  endfacet
  facet normal 0.675590 0.737277 -0.000000
    outer loop
      vertex 54.8134 54.4248 4.0000
      vertex 54.0024 55.1680 4.8000
      vertex 54.8134 54.4248 4.8000
    endloop
  endfacet
  facet normal 0.737277 -0.675590 0.000000
    outer loop
      vertex 54.0024 55.1680 4.0000
      vertex 54.8938 56.1407 4.0000
      vertex 54.8938 56.1407 4.8000
    endloop
  endfacet
  facet normal 0.737277 -0.675590 0.000000
    outer loop
      vertex 54.0024 55.1680 4.0000
      vertex 54.8938 56.1407 4.8000
      vertex 54.0024 55.1680 4.8000
    endloop
  endfacet
  facet normal -0.675590 -0.737277 0.000000
    outer loop
      vertex 54.8938 56.1407 4.0000
      vertex 55.7048 55.3976 4.0000
      vertex 55.7048 55.3976 4.8000
    endloop
  endfacet
  facet normal -0.675590 -0.737277 0.000000
    outer loop
      vertex 54.8938 56.1407 4.0000
      vertex 55.7048 55.3976 4.8000
      vertex 54.8938 56.1407 4.8000
    endloop
  endfacet
  facet normal 0.000000 0.000000 -1.000000
    outer loop
      vertex 55.1268 54.7983 4.8000
      vertex 54.3236 53.7516 4.8000
      vertex 53.4509 54.4212 4.8000
    endloop
  endfacet
  facet normal -0.000000 0.000000 -1.000000
    outer loop
      vertex 55.1268 54.7983 4.8000
      vertex 53.4509 54.4212 4.8000
      vertex 54.2541 55.4680 4.8000
    endloop
  endfacet
  facet normal -0.793353 0.608761 0.000000
    outer loop
      vertex 55.1268 54.7983 4.0000
      vertex 54.3236 53.7516 4.0000
      vertex 54.3236 53.7516 4.8000
    endloop
  endfacet
  facet normal -0.793353 0.608761 0.000000
    outer loop
      vertex 55.1268 54.7983 4.0000
      vertex 54.3236 53.7516 4.8000
      vertex 55.1268 54.7983 4.8000
    endloop
  endfacet
  facet normal 0.608761 0.793353 0.000000
    outer loop
      vertex 54.3236 53.7516 4.0000
      vertex 53.4509 54.4212 4.0000
      vertex 53.4509 54.4212 4.8000
    endloop
  endfacet
  facet normal 0.608761 0.793353 -0.000000
    outer loop
      vertex 54.3236 53.7516 4.0000
      vertex 53.4509 54.4212 4.8000
      vertex 54.3236 53.7516 4.8000
    endloop
  endfacet
  facet normal 0.793353 -0.608761 0.000000
    outer loop
      vertex 53.4509 54.4212 4.0000
      vertex 54.2541 55.4680 4.0000
      vertex 54.2541 55.4680 4.8000
    endloop
  endfacet
  facet normal 0.793353 -0.608761 0.000000
    outer loop
      vertex 53.4509 54.4212 4.0000
      vertex 54.2541 55.4680 4.8000
      vertex 53.4509 54.4212 4.8000
    endloop
  endfacet
  facet normal -0.608761 -0.793353 0.000000
    outer loop
      vertex 54.2541 55.4680 4.0000
      vertex 55.1268 54.7983 4.0000
      vertex 55.1268 54.7983 4.8000
    endloop
  endfacet
  facet normal -0.608761 -0.793353 0.000000
    outer loop
      vertex 54.2541 55.4680 4.0000
      vertex 55.1268 54.7983 4.8000
      vertex 54.2541 55.4680 4.8000
    endloop
  endfacet
  facet normal 0.000000 0.000000 -1.000000
    outer loop
      vertex 54.5915 54.1007 4.8000
      vertex 53.7883 53.0539 4.8000
      vertex 52.9156 53.7236 4.8000
    endloop
  endfacet
  facet normal -0.000000 0.000000 -1.000000
    outer loop
      vertex 54.5915 54.1007 4.8000
      vertex 52.9156 53.7236 4.8000
      vertex 53.7188 54.7703 4.8000
    endloop
  endfacet
  facet normal -0.793353 0.608761 0.000000
    outer loop
      vertex 54.5915 54.1007 4.0000
      vertex 53.7883 53.0539 4.0000
      vertex 53.7883 53.0539 4.8000
    endloop
  endfacet
  facet normal -0.793353 0.608761 0.000000
    outer loop
      vertex 54.5915 54.1007 4.0000
      vertex 53.7883 53.0539 4.8000
      vertex 54.5915 54.1007 4.8000
    endloop
  endfacet
  facet normal 0.608761 0.793353 0.000000
    outer loop
      vertex 53.7883 53.0539 4.0000
      vertex 52.9156 53.7236 4.0000
      vertex 52.9156 53.7236 4.8000
    endloop
  endfacet
  facet normal 0.608761 0.793353 -0.000000
    outer loop
      vertex 53.7883 53.0539 4.0000
      vertex 52.9156 53.7236 4.8000
      vertex 53.7883 53.0539 4.8000
    endloop
  endfacet
  facet normal 0.793353 -0.608761 0.000000
    outer loop
      vertex 52.9156 53.7236 4.0000
      vertex 53.7188 54.7703 4.0000
      vertex 53.7188 54.7703 4.8000
    endloop
  endfacet
  facet normal 0.793353 -0.608761 0.000000
    outer loop
      vertex 52.9156 53.7236 4.0000
      vertex 53.7188 54.7703 4.8000
      vertex 52.9156 53.7236 4.8000
    endloop
  endfacet
  facet normal -0.608761 -0.793353 0.000000
    outer loop
      vertex 53.7188 54.7703 4.0000
      vertex 54.5915 54.1007 4.0000
      vertex 54.5915 54.1007 4.8000
    endloop
  endfacet
  facet normal -0.608761 -0.793353 0.000000
    outer loop
      vertex 53.7188 54.7703 4.0000
      vertex 54.5915 54.1007 4.8000
      vertex 53.7188 54.7703 4.8000
    endloop
  endfacet
  facet normal 0.000000 0.000000 -1.000000
    outer loop
      vertex 54.0680 53.4533 4.8000
      vertex 53.3591 52.3406 4.8000
      vertex 52.4313 52.9316 4.8000
    endloop
  endfacet
  facet normal -0.000000 0.000000 -1.000000
    outer loop
      vertex 54.0680 53.4533 4.8000
      vertex 52.4313 52.9316 4.8000
      vertex 53.1402 54.0444 4.8000
    endloop
  endfacet
  facet normal -0.843391 0.537300 0.000000
    outer loop
      vertex 54.0680 53.4533 4.0000
      vertex 53.3591 52.3406 4.0000
      vertex 53.3591 52.3406 4.8000
    endloop
  endfacet
  facet normal -0.843391 0.537300 0.000000
    outer loop
      vertex 54.0680 53.4533 4.0000
      vertex 53.3591 52.3406 4.8000
      vertex 54.0680 53.4533 4.8000
    endloop
  endfacet
  facet normal 0.537300 0.843391 0.000000
    outer loop
      vertex 53.3591 52.3406 4.0000
      vertex 52.4313 52.9316 4.0000
      vertex 52.4313 52.9316 4.8000
    endloop
  endfacet
  facet normal 0.537300 0.843391 -0.000000
    outer loop
      vertex 53.3591 52.3406 4.0000
      vertex 52.4313 52.9316 4.8000
      vertex 53.3591 52.3406 4.8000
    endloop
  endfacet
  facet normal 0.843391 -0.537300 0.000000
    outer loop
      vertex 52.4313 52.9316 4.0000
      vertex 53.1402 54.0444 4.0000
      vertex 53.1402 54.0444 4.8000
    endloop
  endfacet
  facet normal 0.843391 -0.537300 0.000000
    outer loop
      vertex 52.4313 52.9316 4.0000
      vertex 53.1402 54.0444 4.8000
      vertex 52.4313 52.9316 4.8000
    endloop
  endfacet
  facet normal -0.537300 -0.843391 0.000000
    outer loop
      vertex 53.1402 54.0444 4.0000
      vertex 54.0680 53.4533 4.0000
      vertex 54.0680 53.4533 4.8000
    endloop
  endfacet
  facet normal -0.537300 -0.843391 0.000000
    outer loop
      vertex 53.1402 54.0444 4.0000
      vertex 54.0680 53.4533 4.8000
      vertex 53.1402 54.0444 4.8000
    endloop
  endfacet
  facet normal 0.000000 0.000000 -1.000000
    outer loop
      vertex 53.5955 52.7117 4.8000
      vertex 52.8866 51.5989 4.8000
      vertex 51.9589 52.1900 4.8000
    endloop
  endfacet
  facet normal -0.000000 0.000000 -1.000000
    outer loop
      vertex 53.5955 52.7117 4.8000
      vertex 51.9589 52.1900 4.8000
      vertex 52.6678 53.3027 4.8000
    endloop
  endfacet
  facet normal -0.843391 0.537300 0.000000
    outer loop
      vertex 53.5955 52.7117 4.0000
      vertex 52.8866 51.5989 4.0000
      vertex 52.8866 51.5989 4.8000
    endloop
  endfacet
  facet normal -0.843391 0.537300 0.000000
    outer loop
      vertex 53.5955 52.7117 4.0000
      vertex 52.8866 51.5989 4.8000
      vertex 53.5955 52.7117 4.8000
    endloop
  endfacet
  facet normal 0.537300 0.843391 0.000000
    outer loop
      vertex 52.8866 51.5989 4.0000
      vertex 51.9589 52.1900 4.0000
      vertex 51.9589 52.1900 4.8000
    endloop
  endfacet
  facet normal 0.537300 0.843391 -0.000000
    outer loop
      vertex 52.8866 51.5989 4.0000
      vertex 51.9589 52.1900 4.8000
      vertex 52.8866 51.5989 4.8000
    endloop
  endfacet
  facet normal 0.843391 -0.537300 0.000000
    outer loop
      vertex 51.9589 52.1900 4.0000
      vertex 52.6678 53.3027 4.0000
      vertex 52.6678 53.3027 4.8000
    endloop
  endfacet
  facet normal 0.843391 -0.537300 0.000000
    outer loop
      vertex 51.9589 52.1900 4.0000
      vertex 52.6678 53.3027 4.8000
      vertex 51.9589 52.1900 4.8000
    endloop
  endfacet
  facet normal -0.537300 -0.843391 0.000000
    outer loop
      vertex 52.6678 53.3027 4.0000
      vertex 53.5955 52.7117 4.0000
      vertex 53.5955 52.7117 4.8000
    endloop
  endfacet
  facet normal -0.537300 -0.843391 0.000000
    outer loop
      vertex 52.6678 53.3027 4.0000
      vertex 53.5955 52.7117 4.8000
      vertex 52.6678 53.3027 4.8000
    endloop
  endfacet
  facet normal 0.000000 0.000000 -1.000000
    outer loop
      vertex 53.1304 52.0212 4.8000
      vertex 52.5212 50.8509 4.8000
      vertex 51.5454 51.3588 4.8000
    endloop
  endfacet
  facet normal -0.000000 0.000000 -1.000000
    outer loop
      vertex 53.1304 52.0212 4.8000
      vertex 51.5454 51.3588 4.8000
      vertex 52.1547 52.5291 4.8000
    endloop
  endfacet
  facet normal -0.887011 0.461749 0.000000
    outer loop
      vertex 53.1304 52.0212 4.0000
      vertex 52.5212 50.8509 4.0000
      vertex 52.5212 50.8509 4.8000
    endloop
  endfacet
  facet normal -0.887011 0.461749 0.000000
    outer loop
      vertex 53.1304 52.0212 4.0000
      vertex 52.5212 50.8509 4.8000
      vertex 53.1304 52.0212 4.8000
    endloop
  endfacet
  facet normal 0.461749 0.887011 0.000000
    outer loop
      vertex 52.5212 50.8509 4.0000
      vertex 51.5454 51.3588 4.0000
      vertex 51.5454 51.3588 4.8000
    endloop
  endfacet
  facet normal 0.461749 0.887011 -0.000000
    outer loop
      vertex 52.5212 50.8509 4.0000
      vertex 51.5454 51.3588 4.8000
      vertex 52.5212 50.8509 4.8000
    endloop
  endfacet
  facet normal 0.887011 -0.461749 0.000000
    outer loop
      vertex 51.5454 51.3588 4.0000
      vertex 52.1547 52.5291 4.0000
      vertex 52.1547 52.5291 4.8000
    endloop
  endfacet
  facet normal 0.887011 -0.461749 0.000000
    outer loop
      vertex 51.5454 51.3588 4.0000
      vertex 52.1547 52.5291 4.8000
      vertex 51.5454 51.3588 4.8000
    endloop
  endfacet
  facet normal -0.461749 -0.887011 0.000000
    outer loop
      vertex 52.1547 52.5291 4.0000
      vertex 53.1304 52.0212 4.0000
      vertex 53.1304 52.0212 4.8000
    endloop
  endfacet
  facet normal -0.461749 -0.887011 0.000000
    outer loop
      vertex 52.1547 52.5291 4.0000
      vertex 53.1304 52.0212 4.8000
      vertex 52.1547 52.5291 4.8000
    endloop
  endfacet
  facet normal 0.000000 0.000000 -1.000000
    outer loop
      vertex 52.7243 51.2412 4.8000
      vertex 52.1151 50.0709 4.8000
      vertex 51.1394 50.5788 4.8000
    endloop
  endfacet
  facet normal -0.000000 0.000000 -1.000000
    outer loop
      vertex 52.7243 51.2412 4.8000
      vertex 51.1394 50.5788 4.8000
      vertex 51.7486 51.7491 4.8000
    endloop
  endfacet
  facet normal -0.887011 0.461749 0.000000
    outer loop
      vertex 52.7243 51.2412 4.0000
      vertex 52.1151 50.0709 4.0000
      vertex 52.1151 50.0709 4.8000
    endloop
  endfacet
  facet normal -0.887011 0.461749 0.000000
    outer loop
      vertex 52.7243 51.2412 4.0000
      vertex 52.1151 50.0709 4.8000
      vertex 52.7243 51.2412 4.8000
    endloop
  endfacet
  facet normal 0.461749 0.887011 0.000000
    outer loop
      vertex 52.1151 50.0709 4.0000
      vertex 51.1394 50.5788 4.0000
      vertex 51.1394 50.5788 4.8000
    endloop
  endfacet
  facet normal 0.461749 0.887011 -0.000000
    outer loop
      vertex 52.1151 50.0709 4.0000
      vertex 51.1394 50.5788 4.8000
      vertex 52.1151 50.0709 4.8000
    endloop
  endfacet
  facet normal 0.887011 -0.461749 0.000000
    outer loop
      vertex 51.1394 50.5788 4.0000
      vertex 51.7486 51.7491 4.0000
      vertex 51.7486 51.7491 4.8000
    endloop
  endfacet
  facet normal 0.887011 -0.461749 0.000000
    outer loop
      vertex 51.1394 50.5788 4.0000
      vertex 51.7486 51.7491 4.8000
      vertex 51.1394 50.5788 4.8000
    endloop
  endfacet
  facet normal -0.461749 -0.887011 0.000000
    outer loop
      vertex 51.7486 51.7491 4.0000
      vertex 52.7243 51.2412 4.0000
      vertex 52.7243 51.2412 4.8000
    endloop
  endfacet
  facet normal -0.461749 -0.887011 0.000000
    outer loop
      vertex 51.7486 51.7491 4.0000
      vertex 52.7243 51.2412 4.8000
      vertex 51.7486 51.7491 4.8000
    endloop
  endfacet
  facet normal 0.000000 0.000000 -1.000000
    outer loop
      vertex 52.3212 50.5128 4.8000
      vertex 51.8163 49.2938 4.8000
      vertex 50.8000 49.7148 4.8000
    endloop
  endfacet
  facet normal -0.000000 0.000000 -1.000000
    outer loop
      vertex 52.3212 50.5128 4.8000
      vertex 50.8000 49.7148 4.8000
      vertex 51.3049 50.9337 4.8000
    endloop
  endfacet
  facet normal -0.923880 0.382683 0.000000
    outer loop
      vertex 52.3212 50.5128 4.0000
      vertex 51.8163 49.2938 4.0000
      vertex 51.8163 49.2938 4.8000
    endloop
  endfacet
  facet normal -0.923880 0.382683 0.000000
    outer loop
      vertex 52.3212 50.5128 4.0000
      vertex 51.8163 49.2938 4.8000
      vertex 52.3212 50.5128 4.8000
    endloop
  endfacet
  facet normal 0.382683 0.923880 0.000000
    outer loop
      vertex 51.8163 49.2938 4.0000
      vertex 50.8000 49.7148 4.0000
      vertex 50.8000 49.7148 4.8000
    endloop
  endfacet
  facet normal 0.382683 0.923880 -0.000000
    outer loop
      vertex 51.8163 49.2938 4.0000
      vertex 50.8000 49.7148 4.8000
      vertex 51.8163 49.2938 4.8000
    endloop
  endfacet
  facet normal 0.923880 -0.382683 0.000000
    outer loop
      vertex 50.8000 49.7148 4.0000
      vertex 51.3049 50.9337 4.0000
      vertex 51.3049 50.9337 4.8000
    endloop
  endfacet
  facet normal 0.923880 -0.382683 0.000000
    outer loop
      vertex 50.8000 49.7148 4.0000
      vertex 51.3049 50.9337 4.8000
      vertex 50.8000 49.7148 4.8000
    endloop
  endfacet
  facet normal -0.382683 -0.923880 0.000000
    outer loop
      vertex 51.3049 50.9337 4.0000
      vertex 52.3212 50.5128 4.0000
      vertex 52.3212 50.5128 4.8000
    endloop
  endfacet
  facet normal -0.382683 -0.923880 0.000000
    outer loop
      vertex 51.3049 50.9337 4.0000
      vertex 52.3212 50.5128 4.8000
      vertex 51.3049 50.9337 4.8000
    endloop
  endfacet
  facet normal 0.000000 0.000000 -1.000000
    outer loop
      vertex 51.9846 49.7003 4.8000
      vertex 51.4797 48.4814 4.8000
      vertex 50.4635 48.9023 4.8000
    endloop
  endfacet
  facet normal -0.000000 0.000000 -1.000000
    outer loop
      vertex 51.9846 49.7003 4.8000
      vertex 50.4635 48.9023 4.8000
      vertex 50.9684 50.1213 4.8000
    endloop
  endfacet
  facet normal -0.923880 0.382683 0.000000
    outer loop
      vertex 51.9846 49.7003 4.0000
      vertex 51.4797 48.4814 4.0000
      vertex 51.4797 48.4814 4.8000
    endloop
  endfacet
  facet normal -0.923880 0.382683 0.000000
    outer loop
      vertex 51.9846 49.7003 4.0000
      vertex 51.4797 48.4814 4.8000
      vertex 51.9846 49.7003 4.8000
    endloop
  endfacet
  facet normal 0.382683 0.923880 0.000000
    outer loop
      vertex 51.4797 48.4814 4.0000
      vertex 50.4635 48.9023 4.0000
      vertex 50.4635 48.9023 4.8000
    endloop
  endfacet
  facet normal 0.382683 0.923880 -0.000000
    outer loop
      vertex 51.4797 48.4814 4.0000
      vertex 50.4635 48.9023 4.8000
      vertex 51.4797 48.4814 4.8000
    endloop
  endfacet
  facet normal 0.923880 -0.382683 0.000000
    outer loop
      vertex 50.4635 48.9023 4.0000
      vertex 50.9684 50.1213 4.0000
      vertex 50.9684 50.1213 4.8000
    endloop
  endfacet
  facet normal 0.923880 -0.382683 0.000000
    outer loop
      vertex 50.4635 48.9023 4.0000
      vertex 50.9684 50.1213 4.8000
      vertex 50.4635 48.9023 4.8000
    endloop
  endfacet
  facet normal -0.382683 -0.923880 0.000000
    outer loop
      vertex 50.9684 50.1213 4.0000
      vertex 51.9846 49.7003 4.0000
      vertex 51.9846 49.7003 4.8000
    endloop
  endfacet
  facet normal -0.382683 -0.923880 0.000000
    outer loop
      vertex 50.9684 50.1213 4.0000
      vertex 51.9846 49.7003 4.8000
      vertex 50.9684 50.1213 4.8000
    endloop
  endfacet
  facet normal 0.000000 0.000000 -1.000000
    outer loop
      vertex 51.6465 48.9396 4.8000
      vertex 51.2498 47.6813 4.8000
      vertex 50.2007 48.0120 4.8000
    endloop
  endfacet
  facet normal -0.000000 0.000000 -1.000000
    outer loop
      vertex 51.6465 48.9396 4.8000
      vertex 50.2007 48.0120 4.8000
      vertex 50.5974 49.2703 4.8000
    endloop
  endfacet
  facet normal -0.953717 0.300706 0.000000
    outer loop
      vertex 51.6465 48.9396 4.0000
      vertex 51.2498 47.6813 4.0000
      vertex 51.2498 47.6813 4.8000
    endloop
  endfacet
  facet normal -0.953717 0.300706 0.000000
    outer loop
      vertex 51.6465 48.9396 4.0000
      vertex 51.2498 47.6813 4.8000
      vertex 51.6465 48.9396 4.8000
    endloop
  endfacet
  facet normal 0.300706 0.953717 0.000000
    outer loop
      vertex 51.2498 47.6813 4.0000
      vertex 50.2007 48.0120 4.0000
      vertex 50.2007 48.0120 4.8000
    endloop
  endfacet
  facet normal 0.300706 0.953717 -0.000000
    outer loop
      vertex 51.2498 47.6813 4.0000
      vertex 50.2007 48.0120 4.8000
      vertex 51.2498 47.6813 4.8000
    endloop
  endfacet
  facet normal 0.953717 -0.300706 0.000000
    outer loop
      vertex 50.2007 48.0120 4.0000
      vertex 50.5974 49.2703 4.0000
      vertex 50.5974 49.2703 4.8000
    endloop
  endfacet
  facet normal 0.953717 -0.300706 0.000000
    outer loop
      vertex 50.2007 48.0120 4.0000
      vertex 50.5974 49.2703 4.8000
      vertex 50.2007 48.0120 4.8000
    endloop
  endfacet
  facet normal -0.300706 -0.953717 0.000000
    outer loop
      vertex 50.5974 49.2703 4.0000
      vertex 51.6465 48.9396 4.0000
      vertex 51.6465 48.9396 4.8000
    endloop
  endfacet
  facet normal -0.300706 -0.953717 0.000000
    outer loop
      vertex 50.5974 49.2703 4.0000
      vertex 51.6465 48.9396 4.8000
      vertex 50.5974 49.2703 4.8000
    endloop
  endfacet
  facet normal 0.000000 0.000000 -1.000000
    outer loop
      vertex 51.3821 48.1009 4.8000
      vertex 50.9853 46.8426 4.8000
      vertex 49.9362 47.1734 4.8000
    endloop
  endfacet
  facet normal -0.000000 0.000000 -1.000000
    outer loop
      vertex 51.3821 48.1009 4.8000
      vertex 49.9362 47.1734 4.8000
      vertex 50.3330 48.4317 4.8000
    endloop
  endfacet
  facet normal -0.953717 0.300706 0.000000
    outer loop
      vertex 51.3821 48.1009 4.0000
      vertex 50.9853 46.8426 4.0000
      vertex 50.9853 46.8426 4.8000
    endloop
  endfacet
  facet normal -0.953717 0.300706 0.000000
    outer loop
      vertex 51.3821 48.1009 4.0000
      vertex 50.9853 46.8426 4.8000
      vertex 51.3821 48.1009 4.8000
    endloop
  endfacet
  facet normal 0.300706 0.953717 0.000000
    outer loop
      vertex 50.9853 46.8426 4.0000
      vertex 49.9362 47.1734 4.0000
      vertex 49.9362 47.1734 4.8000
    endloop
  endfacet
  facet normal 0.300706 0.953717 -0.000000
    outer loop
      vertex 50.9853 46.8426 4.0000
      vertex 49.9362 47.1734 4.8000
      vertex 50.9853 46.8426 4.8000
    endloop
  endfacet
  facet normal 0.953717 -0.300706 0.000000
    outer loop
      vertex 49.9362 47.1734 4.0000
      vertex 50.3330 48.4317 4.0000
      vertex 50.3330 48.4317 4.8000
    endloop
  endfacet
  facet normal 0.953717 -0.300706 0.000000
    outer loop
      vertex 49.9362 47.1734 4.0000
      vertex 50.3330 48.4317 4.8000
      vertex 49.9362 47.1734 4.8000
    endloop
  endfacet
  facet normal -0.300706 -0.953717 0.000000
    outer loop
      vertex 50.3330 48.4317 4.0000
      vertex 51.3821 48.1009 4.0000
      vertex 51.3821 48.1009 4.8000
    endloop
  endfacet
  facet normal -0.300706 -0.953717 0.000000
    outer loop
      vertex 50.3330 48.4317 4.0000
      vertex 51.3821 48.1009 4.8000
      vertex 50.3330 48.4317 4.8000
    endloop
  endfacet
  facet normal 0.000000 0.000000 -1.000000
    outer loop
      vertex 51.1115 47.3135 4.8000
      vertex 50.8260 46.0254 4.8000
      vertex 49.7520 46.2635 4.8000
    endloop
  endfacet
  facet normal -0.000000 0.000000 -1.000000
    outer loop
      vertex 51.1115 47.3135 4.8000
      vertex 49.7520 46.2635 4.8000
      vertex 50.0376 47.5516 4.8000
    endloop
  endfacet
  facet normal -0.976296 0.216440 0.000000
    outer loop
      vertex 51.1115 47.3135 4.0000
      vertex 50.8260 46.0254 4.0000
      vertex 50.8260 46.0254 4.8000
    endloop
  endfacet
  facet normal -0.976296 0.216440 0.000000
    outer loop
      vertex 51.1115 47.3135 4.0000
      vertex 50.8260 46.0254 4.8000
      vertex 51.1115 47.3135 4.8000
    endloop
  endfacet
  facet normal 0.216440 0.976296 0.000000
    outer loop
      vertex 50.8260 46.0254 4.0000
      vertex 49.7520 46.2635 4.0000
      vertex 49.7520 46.2635 4.8000
    endloop
  endfacet
  facet normal 0.216440 0.976296 -0.000000
    outer loop
      vertex 50.8260 46.0254 4.0000
      vertex 49.7520 46.2635 4.8000
      vertex 50.8260 46.0254 4.8000
    endloop
  endfacet
  facet normal 0.976296 -0.216440 0.000000
    outer loop
      vertex 49.7520 46.2635 4.0000
      vertex 50.0376 47.5516 4.0000
      vertex 50.0376 47.5516 4.8000
    endloop
  endfacet
  facet normal 0.976296 -0.216440 0.000000
    outer loop
      vertex 49.7520 46.2635 4.0000
      vertex 50.0376 47.5516 4.8000
      vertex 49.7520 46.2635 4.8000
    endloop
  endfacet
  facet normal -0.216440 -0.976296 0.000000
    outer loop
      vertex 50.0376 47.5516 4.0000
      vertex 51.1115 47.3135 4.0000
      vertex 51.1115 47.3135 4.8000
    endloop
  endfacet
  facet normal -0.216440 -0.976296 0.000000
    outer loop
      vertex 50.0376 47.5516 4.0000
      vertex 51.1115 47.3135 4.8000
      vertex 50.0376 47.5516 4.8000
    endloop
  endfacet
  facet normal 0.000000 0.000000 -1.000000
    outer loop
      vertex 50.9212 46.4550 4.8000
      vertex 50.6356 45.1669 4.8000
      vertex 49.5617 45.4050 4.8000
    endloop
  endfacet
  facet normal -0.000000 0.000000 -1.000000
    outer loop
      vertex 50.9212 46.4550 4.8000
      vertex 49.5617 45.4050 4.8000
      vertex 49.8473 46.6931 4.8000
    endloop
  endfacet
  facet normal -0.976296 0.216440 0.000000
    outer loop
      vertex 50.9212 46.4550 4.0000
      vertex 50.6356 45.1669 4.0000
      vertex 50.6356 45.1669 4.8000
    endloop
  endfacet
  facet normal -0.976296 0.216440 0.000000
    outer loop
      vertex 50.9212 46.4550 4.0000
      vertex 50.6356 45.1669 4.8000
      vertex 50.9212 46.4550 4.8000
    endloop
  endfacet
  facet normal 0.216440 0.976296 0.000000
    outer loop
      vertex 50.6356 45.1669 4.0000
      vertex 49.5617 45.4050 4.0000
      vertex 49.5617 45.4050 4.8000
    endloop
  endfacet
  facet normal 0.216440 0.976296 -0.000000
    outer loop
      vertex 50.6356 45.1669 4.0000
      vertex 49.5617 45.4050 4.8000
      vertex 50.6356 45.1669 4.8000
    endloop
  endfacet
  facet normal 0.976296 -0.216440 0.000000
    outer loop
      vertex 49.5617 45.4050 4.0000
      vertex 49.8473 46.6931 4.0000
      vertex 49.8473 46.6931 4.8000
    endloop
  endfacet
  facet normal 0.976296 -0.216440 0.000000
    outer loop
      vertex 49.5617 45.4050 4.0000
      vertex 49.8473 46.6931 4.8000
      vertex 49.5617 45.4050 4.8000
    endloop
  endfacet
  facet normal -0.216440 -0.976296 0.000000
    outer loop
      vertex 49.8473 46.6931 4.0000
      vertex 50.9212 46.4550 4.0000
      vertex 50.9212 46.4550 4.8000
    endloop
  endfacet
  facet normal -0.216440 -0.976296 0.000000
    outer loop
      vertex 49.8473 46.6931 4.0000
      vertex 50.9212 46.4550 4.8000
      vertex 49.8473 46.6931 4.8000
    endloop
  endfacet
  facet normal 0.000000 0.000000 -1.000000
    outer loop
      vertex 50.7203 45.6471 4.8000
      vertex 50.5481 44.3390 4.8000
      vertex 49.4575 44.4826 4.8000
    endloop
  endfacet
  facet normal -0.000000 0.000000 -1.000000
    outer loop
      vertex 50.7203 45.6471 4.8000
      vertex 49.4575 44.4826 4.8000
      vertex 49.6297 45.7907 4.8000
    endloop
  endfacet
  facet normal -0.991445 0.130526 0.000000
    outer loop
      vertex 50.7203 45.6471 4.0000
      vertex 50.5481 44.3390 4.0000
      vertex 50.5481 44.3390 4.8000
    endloop
  endfacet
  facet normal -0.991445 0.130526 0.000000
    outer loop
      vertex 50.7203 45.6471 4.0000
      vertex 50.5481 44.3390 4.8000
      vertex 50.7203 45.6471 4.8000
    endloop
  endfacet
  facet normal 0.130526 0.991445 0.000000
    outer loop
      vertex 50.5481 44.3390 4.0000
      vertex 49.4575 44.4826 4.0000
      vertex 49.4575 44.4826 4.8000
    endloop
  endfacet
  facet normal 0.130526 0.991445 -0.000000
    outer loop
      vertex 50.5481 44.3390 4.0000
      vertex 49.4575 44.4826 4.8000
      vertex 50.5481 44.3390 4.8000
    endloop
  endfacet
  facet normal 0.991445 -0.130526 0.000000
    outer loop
      vertex 49.4575 44.4826 4.0000
      vertex 49.6297 45.7907 4.0000
      vertex 49.6297 45.7907 4.8000
    endloop
  endfacet
  facet normal 0.991445 -0.130526 0.000000
    outer loop
      vertex 49.4575 44.4826 4.0000
      vertex 49.6297 45.7907 4.8000
      vertex 49.4575 44.4826 4.8000
    endloop
  endfacet
  facet normal -0.130526 -0.991445 0.000000
    outer loop
      vertex 49.6297 45.7907 4.0000
      vertex 50.7203 45.6471 4.0000
      vertex 50.7203 45.6471 4.8000
    endloop
  endfacet
  facet normal -0.130526 -0.991445 0.000000
    outer loop
      vertex 49.6297 45.7907 4.0000
      vertex 50.7203 45.6471 4.8000
      vertex 49.6297 45.7907 4.8000
    endloop
  endfacet
  facet normal 0.000000 0.000000 -1.000000
    outer loop
      vertex 50.6055 44.7752 4.8000
      vertex 50.4333 43.4672 4.8000
      vertex 49.3427 43.6107 4.8000
    endloop
  endfacet
  facet normal -0.000000 0.000000 -1.000000
    outer loop
      vertex 50.6055 44.7752 4.8000
      vertex 49.3427 43.6107 4.8000
      vertex 49.5149 44.9188 4.8000
    endloop
  endfacet
  facet normal -0.991445 0.130526 0.000000
    outer loop
      vertex 50.6055 44.7752 4.0000
      vertex 50.4333 43.4672 4.0000
      vertex 50.4333 43.4672 4.8000
    endloop
  endfacet
  facet normal -0.991445 0.130526 0.000000
    outer loop
      vertex 50.6055 44.7752 4.0000
      vertex 50.4333 43.4672 4.8000
      vertex 50.6055 44.7752 4.8000
    endloop
  endfacet
  facet normal 0.130526 0.991445 0.000000
    outer loop
      vertex 50.4333 43.4672 4.0000
      vertex 49.3427 43.6107 4.0000
      vertex 49.3427 43.6107 4.8000
    endloop
  endfacet
  facet normal 0.130526 0.991445 -0.000000
    outer loop
      vertex 50.4333 43.4672 4.0000
      vertex 49.3427 43.6107 4.8000
      vertex 50.4333 43.4672 4.8000
    endloop
  endfacet
  facet normal 0.991445 -0.130526 0.000000
    outer loop
      vertex 49.3427 43.6107 4.0000
      vertex 49.5149 44.9188 4.0000
      vertex 49.5149 44.9188 4.8000
    endloop
  endfacet
  facet normal 0.991445 -0.130526 0.000000
    outer loop
      vertex 49.3427 43.6107 4.0000
      vertex 49.5149 44.9188 4.8000
      vertex 49.3427 43.6107 4.8000
    endloop
  endfacet
  facet normal -0.130526 -0.991445 0.000000
    outer loop
      vertex 49.5149 44.9188 4.0000
      vertex 50.6055 44.7752 4.0000
      vertex 50.6055 44.7752 4.8000
    endloop
  endfacet
  facet normal -0.130526 -0.991445 0.000000
    outer loop
      vertex 49.5149 44.9188 4.0000
      vertex 50.6055 44.7752 4.8000
      vertex 49.5149 44.9188 4.8000
    endloop
  endfacet
  facet normal 0.000000 0.000000 -1.000000
    outer loop
      vertex 50.4758 43.9529 4.8000
      vertex 50.4182 42.6347 4.8000
      vertex 49.3193 42.6827 4.8000
    endloop
  endfacet
  facet normal -0.000000 0.000000 -1.000000
    outer loop
      vertex 50.4758 43.9529 4.8000
      vertex 49.3193 42.6827 4.8000
      vertex 49.3768 44.0008 4.8000
    endloop
  endfacet
  facet normal -0.999048 0.043619 0.000000
    outer loop
      vertex 50.4758 43.9529 4.0000
      vertex 50.4182 42.6347 4.0000
      vertex 50.4182 42.6347 4.8000
    endloop
  endfacet
  facet normal -0.999048 0.043619 0.000000
    outer loop
      vertex 50.4758 43.9529 4.0000
      vertex 50.4182 42.6347 4.8000
      vertex 50.4758 43.9529 4.8000
    endloop
  endfacet
  facet normal 0.043619 0.999048 0.000000
    outer loop
      vertex 50.4182 42.6347 4.0000
      vertex 49.3193 42.6827 4.0000
      vertex 49.3193 42.6827 4.8000
    endloop
  endfacet
  facet normal 0.043619 0.999048 -0.000000
    outer loop
      vertex 50.4182 42.6347 4.0000
      vertex 49.3193 42.6827 4.8000
      vertex 50.4182 42.6347 4.8000
    endloop
  endfacet
  facet normal 0.999048 -0.043619 0.000000
    outer loop
      vertex 49.3193 42.6827 4.0000
      vertex 49.3768 44.0008 4.0000
      vertex 49.3768 44.0008 4.8000
    endloop
  endfacet
  facet normal 0.999048 -0.043619 0.000000
    outer loop
      vertex 49.3193 42.6827 4.0000
      vertex 49.3768 44.0008 4.8000
      vertex 49.3193 42.6827 4.8000
    endloop
  endfacet
  facet normal -0.043619 -0.999048 0.000000
    outer loop
      vertex 49.3768 44.0008 4.0000
      vertex 50.4758 43.9529 4.0000
      vertex 50.4758 43.9529 4.8000
    endloop
  endfacet
  facet normal -0.043619 -0.999048 0.000000
    outer loop
      vertex 49.3768 44.0008 4.0000
      vertex 50.4758 43.9529 4.8000
      vertex 49.3768 44.0008 4.8000
    endloop
  endfacet
  facet normal 0.000000 0.000000 -1.000000
    outer loop
      vertex 50.4374 43.0743 4.8000
      vertex 50.3799 41.7562 4.8000
      vertex 49.2809 41.8042 4.8000
    endloop
  endfacet
  facet normal -0.000000 0.000000 -1.000000
    outer loop
      vertex 50.4374 43.0743 4.8000
      vertex 49.2809 41.8042 4.8000
      vertex 49.3385 43.1223 4.8000
    endloop
  endfacet
  facet normal -0.999048 0.043619 0.000000
    outer loop
      vertex 50.4374 43.0743 4.0000
      vertex 50.3799 41.7562 4.0000
      vertex 50.3799 41.7562 4.8000
    endloop
  endfacet
  facet normal -0.999048 0.043619 0.000000
    outer loop
      vertex 50.4374 43.0743 4.0000
      vertex 50.3799 41.7562 4.8000
      vertex 50.4374 43.0743 4.8000
    endloop
  endfacet
  facet normal 0.043619 0.999048 0.000000
    outer loop
      vertex 50.3799 41.7562 4.0000
      vertex 49.2809 41.8042 4.0000
      vertex 49.2809 41.8042 4.8000
    endloop
  endfacet
  facet normal 0.043619 0.999048 -0.000000
    outer loop
      vertex 50.3799 41.7562 4.0000
      vertex 49.2809 41.8042 4.8000
      vertex 50.3799 41.7562 4.8000
    endloop
  endfacet
  facet normal 0.999048 -0.043619 0.000000
    outer loop
      vertex 49.2809 41.8042 4.0000
      vertex 49.3385 43.1223 4.0000
      vertex 49.3385 43.1223 4.8000
    endloop
  endfacet
  facet normal 0.999048 -0.043619 0.000000
    outer loop
      vertex 49.2809 41.8042 4.0000
      vertex 49.3385 43.1223 4.8000
      vertex 49.2809 41.8042 4.8000
    endloop
  endfacet
  facet normal -0.043619 -0.999048 0.000000
    outer loop
      vertex 49.3385 43.1223 4.0000
      vertex 50.4374 43.0743 4.0000
      vertex 50.4374 43.0743 4.8000
    endloop
  endfacet
  facet normal -0.043619 -0.999048 0.000000
    outer loop
      vertex 49.3385 43.1223 4.0000
      vertex 50.4374 43.0743 4.8000
      vertex 49.3385 43.1223 4.8000
    endloop
  endfacet
  facet normal 0.000000 -0.000000 -1.000000
    outer loop
      vertex 50.3799 42.2438 4.8000
      vertex 50.4374 40.9257 4.8000
      vertex 49.3385 40.8777 4.8000
    endloop
  endfacet
  facet normal 0.000000 0.000000 -1.000000
    outer loop
      vertex 50.3799 42.2438 4.8000
      vertex 49.3385 40.8777 4.8000
      vertex 49.2809 42.1958 4.8000
    endloop
  endfacet
  facet normal -0.999048 -0.043619 0.000000
    outer loop
      vertex 50.3799 42.2438 4.0000
      vertex 50.4374 40.9257 4.0000
      vertex 50.4374 40.9257 4.8000
    endloop
  endfacet
  facet normal -0.999048 -0.043619 0.000000
    outer loop
      vertex 50.3799 42.2438 4.0000
      vertex 50.4374 40.9257 4.8000
      vertex 50.3799 42.2438 4.8000
    endloop
  endfacet
  facet normal -0.043619 0.999048 0.000000
    outer loop
      vertex 50.4374 40.9257 4.0000
      vertex 49.3385 40.8777 4.0000
      vertex 49.3385 40.8777 4.8000
    endloop
  endfacet
  facet normal -0.043619 0.999048 0.000000
    outer loop
      vertex 50.4374 40.9257 4.0000
      vertex 49.3385 40.8777 4.8000
      vertex 50.4374 40.9257 4.8000
    endloop
  endfacet
  facet normal 0.999048 0.043619 0.000000
    outer loop
      vertex 49.3385 40.8777 4.0000
      vertex 49.2809 42.1958 4.0000
      vertex 49.2809 42.1958 4.8000
    endloop
  endfacet
  facet normal 0.999048 0.043619 -0.000000
    outer loop
      vertex 49.3385 40.8777 4.0000
      vertex 49.2809 42.1958 4.8000
      vertex 49.3385 40.8777 4.8000
    endloop
  endfacet
  facet normal 0.043619 -0.999048 0.000000
    outer loop
      vertex 49.2809 42.1958 4.0000
      vertex 50.3799 42.2438 4.0000
      vertex 50.3799 42.2438 4.8000
    endloop
  endfacet
  facet normal 0.043619 -0.999048 0.000000
    outer loop
      vertex 49.2809 42.1958 4.0000
      vertex 50.3799 42.2438 4.8000
      vertex 49.2809 42.1958 4.8000
    endloop
  endfacet
  facet normal 0.000000 -0.000000 -1.000000
    outer loop
      vertex 50.4182 41.3653 4.8000
      vertex 50.4758 40.0471 4.8000
      vertex 49.3768 39.9992 4.8000
    endloop
  endfacet
  facet normal 0.000000 0.000000 -1.000000
    outer loop
      vertex 50.4182 41.3653 4.8000
      vertex 49.3768 39.9992 4.8000
      vertex 49.3193 41.3173 4.8000
    endloop
  endfacet
  facet normal -0.999048 -0.043619 0.000000
    outer loop
      vertex 50.4182 41.3653 4.0000
      vertex 50.4758 40.0471 4.0000
      vertex 50.4758 40.0471 4.8000
    endloop
  endfacet
  facet normal -0.999048 -0.043619 0.000000
    outer loop
      vertex 50.4182 41.3653 4.0000
      vertex 50.4758 40.0471 4.8000
      vertex 50.4182 41.3653 4.8000
    endloop
  endfacet
  facet normal -0.043619 0.999048 0.000000
    outer loop
      vertex 50.4758 40.0471 4.0000
      vertex 49.3768 39.9992 4.0000
      vertex 49.3768 39.9992 4.8000
    endloop
  endfacet
  facet normal -0.043619 0.999048 0.000000
    outer loop
      vertex 50.4758 40.0471 4.0000
      vertex 49.3768 39.9992 4.8000
      vertex 50.4758 40.0471 4.8000
    endloop
  endfacet
  facet normal 0.999048 0.043619 0.000000
    outer loop
      vertex 49.3768 39.9992 4.0000
      vertex 49.3193 41.3173 4.0000
      vertex 49.3193 41.3173 4.8000
    endloop
  endfacet
  facet normal 0.999048 0.043619 -0.000000
    outer loop
      vertex 49.3768 39.9992 4.0000
      vertex 49.3193 41.3173 4.8000
      vertex 49.3768 39.9992 4.8000
    endloop
  endfacet
  facet normal 0.043619 -0.999048 0.000000
    outer loop
      vertex 49.3193 41.3173 4.0000
      vertex 50.4182 41.3653 4.0000
      vertex 50.4182 41.3653 4.8000
    endloop
  endfacet
  facet normal 0.043619 -0.999048 0.000000
    outer loop
      vertex 49.3193 41.3173 4.0000
      vertex 50.4182 41.3653 4.8000
      vertex 49.3193 41.3173 4.8000
    endloop
  endfacet
  facet normal 0.000000 -0.000000 -1.000000
    outer loop
      vertex 50.4333 40.5328 4.8000
      vertex 50.6055 39.2248 4.8000
      vertex 49.5149 39.0812 4.8000
    endloop
  endfacet
  facet normal 0.000000 0.000000 -1.000000
    outer loop
      vertex 50.4333 40.5328 4.8000
      vertex 49.5149 39.0812 4.8000
      vertex 49.3427 40.3893 4.8000
    endloop
  endfacet
  facet normal -0.991445 -0.130526 0.000000
    outer loop
      vertex 50.4333 40.5328 4.0000
      vertex 50.6055 39.2248 4.0000
      vertex 50.6055 39.2248 4.8000
    endloop
  endfacet
  facet normal -0.991445 -0.130526 0.000000
    outer loop
      vertex 50.4333 40.5328 4.0000
      vertex 50.6055 39.2248 4.8000
      vertex 50.4333 40.5328 4.8000
    endloop
  endfacet
  facet normal -0.130526 0.991445 0.000000
    outer loop
      vertex 50.6055 39.2248 4.0000
      vertex 49.5149 39.0812 4.0000
      vertex 49.5149 39.0812 4.8000
    endloop
  endfacet
  facet normal -0.130526 0.991445 0.000000
    outer loop
      vertex 50.6055 39.2248 4.0000
      vertex 49.5149 39.0812 4.8000
      vertex 50.6055 39.2248 4.8000
    endloop
  endfacet
  facet normal 0.991445 0.130526 0.000000
    outer loop
      vertex 49.5149 39.0812 4.0000
      vertex 49.3427 40.3893 4.0000
      vertex 49.3427 40.3893 4.8000
    endloop
  endfacet
  facet normal 0.991445 0.130526 -0.000000
    outer loop
      vertex 49.5149 39.0812 4.0000
      vertex 49.3427 40.3893 4.8000
      vertex 49.5149 39.0812 4.8000
    endloop
  endfacet
  facet normal 0.130526 -0.991445 0.000000
    outer loop
      vertex 49.3427 40.3893 4.0000
      vertex 50.4333 40.5328 4.0000
      vertex 50.4333 40.5328 4.8000
    endloop
  endfacet
  facet normal 0.130526 -0.991445 0.000000
    outer loop
      vertex 49.3427 40.3893 4.0000
      vertex 50.4333 40.5328 4.8000
      vertex 49.3427 40.3893 4.8000
    endloop
  endfacet
  facet normal 0.000000 -0.000000 -1.000000
    outer loop
      vertex 50.5481 39.6610 4.8000
      vertex 50.7203 38.3529 4.8000
      vertex 49.6297 38.2093 4.8000
    endloop
  endfacet
  facet normal 0.000000 0.000000 -1.000000
    outer loop
      vertex 50.5481 39.6610 4.8000
      vertex 49.6297 38.2093 4.8000
      vertex 49.4575 39.5174 4.8000
    endloop
  endfacet
  facet normal -0.991445 -0.130526 0.000000
    outer loop
      vertex 50.5481 39.6610 4.0000
      vertex 50.7203 38.3529 4.0000
      vertex 50.7203 38.3529 4.8000
    endloop
  endfacet
  facet normal -0.991445 -0.130526 0.000000
    outer loop
      vertex 50.5481 39.6610 4.0000
      vertex 50.7203 38.3529 4.8000
      vertex 50.5481 39.6610 4.8000
    endloop
  endfacet
  facet normal -0.130526 0.991445 0.000000
    outer loop
      vertex 50.7203 38.3529 4.0000
      vertex 49.6297 38.2093 4.0000
      vertex 49.6297 38.2093 4.8000
    endloop
  endfacet
  facet normal -0.130526 0.991445 0.000000
    outer loop
      vertex 50.7203 38.3529 4.0000
      vertex 49.6297 38.2093 4.8000
      vertex 50.7203 38.3529 4.8000
    endloop
  endfacet
  facet normal 0.991445 0.130526 0.000000
    outer loop
      vertex 49.6297 38.2093 4.0000
      vertex 49.4575 39.5174 4.0000
      vertex 49.4575 39.5174 4.8000
    endloop
  endfacet
  facet normal 0.991445 0.130526 -0.000000
    outer loop
      vertex 49.6297 38.2093 4.0000
      vertex 49.4575 39.5174 4.8000
      vertex 49.6297 38.2093 4.8000
    endloop
  endfacet
  facet normal 0.130526 -0.991445 0.000000
    outer loop
      vertex 49.4575 39.5174 4.0000
      vertex 50.5481 39.6610 4.0000
      vertex 50.5481 39.6610 4.8000
    endloop
  endfacet
  facet normal 0.130526 -0.991445 0.000000
    outer loop
      vertex 49.4575 39.5174 4.0000
      vertex 50.5481 39.6610 4.8000
      vertex 49.4575 39.5174 4.8000
    endloop
  endfacet
  facet normal 0.000000 -0.000000 -1.000000
    outer loop
      vertex 50.6356 38.8331 4.8000
      vertex 50.9212 37.5450 4.8000
      vertex 49.8473 37.3069 4.8000
    endloop
  endfacet
  facet normal 0.000000 0.000000 -1.000000
    outer loop
      vertex 50.6356 38.8331 4.8000
      vertex 49.8473 37.3069 4.8000
      vertex 49.5617 38.5950 4.8000
    endloop
  endfacet
  facet normal -0.976296 -0.216440 0.000000
    outer loop
      vertex 50.6356 38.8331 4.0000
      vertex 50.9212 37.5450 4.0000
      vertex 50.9212 37.5450 4.8000
    endloop
  endfacet
  facet normal -0.976296 -0.216440 0.000000
    outer loop
      vertex 50.6356 38.8331 4.0000
      vertex 50.9212 37.5450 4.8000
      vertex 50.6356 38.8331 4.8000
    endloop
  endfacet
  facet normal -0.216440 0.976296 0.000000
    outer loop
      vertex 50.9212 37.5450 4.0000
      vertex 49.8473 37.3069 4.0000
      vertex 49.8473 37.3069 4.8000
    endloop
  endfacet
  facet normal -0.216440 0.976296 0.000000
    outer loop
      vertex 50.9212 37.5450 4.0000
      vertex 49.8473 37.3069 4.8000
      vertex 50.9212 37.5450 4.8000
    endloop
  endfacet
  facet normal 0.976296 0.216440 0.000000
    outer loop
      vertex 49.8473 37.3069 4.0000
      vertex 49.5617 38.5950 4.0000
      vertex 49.5617 38.5950 4.8000
    endloop
  endfacet
  facet normal 0.976296 0.216440 -0.000000
    outer loop
      vertex 49.8473 37.3069 4.0000
      vertex 49.5617 38.5950 4.8000
      vertex 49.8473 37.3069 4.8000
    endloop
  endfacet
  facet normal 0.216440 -0.976296 0.000000
    outer loop
      vertex 49.5617 38.5950 4.0000
      vertex 50.6356 38.8331 4.0000
      vertex 50.6356 38.8331 4.8000
    endloop
  endfacet
  facet normal 0.216440 -0.976296 0.000000
    outer loop
      vertex 49.5617 38.5950 4.0000
      vertex 50.6356 38.8331 4.8000
      vertex 49.5617 38.5950 4.8000
    endloop
  endfacet
  facet normal 0.000000 -0.000000 -1.000000
    outer loop
      vertex 50.8260 37.9746 4.8000
      vertex 51.1115 36.6865 4.8000
      vertex 50.0376 36.4484 4.8000
    endloop
  endfacet
  facet normal 0.000000 0.000000 -1.000000
    outer loop
      vertex 50.8260 37.9746 4.8000
      vertex 50.0376 36.4484 4.8000
      vertex 49.7520 37.7365 4.8000
    endloop
  endfacet
  facet normal -0.976296 -0.216440 0.000000
    outer loop
      vertex 50.8260 37.9746 4.0000
      vertex 51.1115 36.6865 4.0000
      vertex 51.1115 36.6865 4.8000
    endloop
  endfacet
  facet normal -0.976296 -0.216440 0.000000
    outer loop
      vertex 50.8260 37.9746 4.0000
      vertex 51.1115 36.6865 4.8000
      vertex 50.8260 37.9746 4.8000
    endloop
  endfacet
  facet normal -0.216440 0.976296 0.000000
    outer loop
      vertex 51.1115 36.6865 4.0000
      vertex 50.0376 36.4484 4.0000
      vertex 50.0376 36.4484 4.8000
    endloop
  endfacet
  facet normal -0.216440 0.976296 0.000000
    outer loop
      vertex 51.1115 36.6865 4.0000
      vertex 50.0376 36.4484 4.8000
      vertex 51.1115 36.6865 4.8000
    endloop
  endfacet
  facet normal 0.976296 0.216440 0.000000
    outer loop
      vertex 50.0376 36.4484 4.0000
      vertex 49.7520 37.7365 4.0000
      vertex 49.7520 37.7365 4.8000
    endloop
  endfacet
  facet normal 0.976296 0.216440 -0.000000
    outer loop
      vertex 50.0376 36.4484 4.0000
      vertex 49.7520 37.7365 4.8000
      vertex 50.0376 36.4484 4.8000
    endloop
  endfacet
  facet normal 0.216440 -0.976296 0.000000
    outer loop
      vertex 49.7520 37.7365 4.0000
      vertex 50.8260 37.9746 4.0000
      vertex 50.8260 37.9746 4.8000
    endloop
  endfacet
  facet normal 0.216440 -0.976296 0.000000
    outer loop
      vertex 49.7520 37.7365 4.0000
      vertex 50.8260 37.9746 4.8000
      vertex 49.7520 37.7365 4.8000
    endloop
  endfacet
  facet normal 0.000000 -0.000000 -1.000000
    outer loop
      vertex 50.9853 37.1574 4.8000
      vertex 51.3821 35.8991 4.8000
      vertex 50.3330 35.5683 4.8000
    endloop
  endfacet
  facet normal 0.000000 0.000000 -1.000000
    outer loop
      vertex 50.9853 37.1574 4.8000
      vertex 50.3330 35.5683 4.8000
      vertex 49.9362 36.8266 4.8000
    endloop
  endfacet
  facet normal -0.953717 -0.300706 0.000000
    outer loop
      vertex 50.9853 37.1574 4.0000
      vertex 51.3821 35.8991 4.0000
      vertex 51.3821 35.8991 4.8000
    endloop
  endfacet
  facet normal -0.953717 -0.300706 0.000000
    outer loop
      vertex 50.9853 37.1574 4.0000
      vertex 51.3821 35.8991 4.8000
      vertex 50.9853 37.1574 4.8000
    endloop
  endfacet
  facet normal -0.300706 0.953717 0.000000
    outer loop
      vertex 51.3821 35.8991 4.0000
      vertex 50.3330 35.5683 4.0000
      vertex 50.3330 35.5683 4.8000
    endloop
  endfacet
  facet normal -0.300706 0.953717 0.000000
    outer loop
      vertex 51.3821 35.8991 4.0000
      vertex 50.3330 35.5683 4.8000
      vertex 51.3821 35.8991 4.8000
    endloop
  endfacet
  facet normal 0.953717 0.300706 0.000000
    outer loop
      vertex 50.3330 35.5683 4.0000
      vertex 49.9362 36.8266 4.0000
      vertex 49.9362 36.8266 4.8000
    endloop
  endfacet
  facet normal 0.953717 0.300706 -0.000000
    outer loop
      vertex 50.3330 35.5683 4.0000
      vertex 49.9362 36.8266 4.8000
      vertex 50.3330 35.5683 4.8000
    endloop
  endfacet
  facet normal 0.300706 -0.953717 0.000000
    outer loop
      vertex 49.9362 36.8266 4.0000
      vertex 50.9853 37.1574 4.0000
      vertex 50.9853 37.1574 4.8000
    endloop
  endfacet
  facet normal 0.300706 -0.953717 0.000000
    outer loop
      vertex 49.9362 36.8266 4.0000
      vertex 50.9853 37.1574 4.8000
      vertex 49.9362 36.8266 4.8000
    endloop
  endfacet
  facet normal 0.000000 -0.000000 -1.000000
    outer loop
      vertex 51.2498 36.3187 4.8000
      vertex 51.6465 35.0604 4.8000
      vertex 50.5974 34.7297 4.8000
    endloop
  endfacet
  facet normal 0.000000 0.000000 -1.000000
    outer loop
      vertex 51.2498 36.3187 4.8000
      vertex 50.5974 34.7297 4.8000
      vertex 50.2007 35.9880 4.8000
    endloop
  endfacet
  facet normal -0.953717 -0.300706 0.000000
    outer loop
      vertex 51.2498 36.3187 4.0000
      vertex 51.6465 35.0604 4.0000
      vertex 51.6465 35.0604 4.8000
    endloop
  endfacet
  facet normal -0.953717 -0.300706 0.000000
    outer loop
      vertex 51.2498 36.3187 4.0000
      vertex 51.6465 35.0604 4.8000
      vertex 51.2498 36.3187 4.8000
    endloop
  endfacet
  facet normal -0.300706 0.953717 0.000000
    outer loop
      vertex 51.6465 35.0604 4.0000
      vertex 50.5974 34.7297 4.0000
      vertex 50.5974 34.7297 4.8000
    endloop
  endfacet
  facet normal -0.300706 0.953717 0.000000
    outer loop
      vertex 51.6465 35.0604 4.0000
      vertex 50.5974 34.7297 4.8000
      vertex 51.6465 35.0604 4.8000
    endloop
  endfacet
  facet normal 0.953717 0.300706 0.000000
    outer loop
      vertex 50.5974 34.7297 4.0000
      vertex 50.2007 35.9880 4.0000
      vertex 50.2007 35.9880 4.8000
    endloop
  endfacet
  facet normal 0.953717 0.300706 -0.000000
    outer loop
      vertex 50.5974 34.7297 4.0000
      vertex 50.2007 35.9880 4.8000
      vertex 50.5974 34.7297 4.8000
    endloop
  endfacet
  facet normal 0.300706 -0.953717 0.000000
    outer loop
      vertex 50.2007 35.9880 4.0000
      vertex 51.2498 36.3187 4.0000
      vertex 51.2498 36.3187 4.8000
    endloop
  endfacet
  facet normal 0.300706 -0.953717 0.000000
    outer loop
      vertex 50.2007 35.9880 4.0000
      vertex 51.2498 36.3187 4.8000
      vertex 50.2007 35.9880 4.8000
    endloop
  endfacet
  facet normal 0.000000 -0.000000 -1.000000
    outer loop
      vertex 51.4797 35.5186 4.8000
      vertex 51.9846 34.2997 4.8000
      vertex 50.9684 33.8787 4.8000
    endloop
  endfacet
  facet normal 0.000000 0.000000 -1.000000
    outer loop
      vertex 51.4797 35.5186 4.8000
      vertex 50.9684 33.8787 4.8000
      vertex 50.4635 35.0977 4.8000
    endloop
  endfacet
  facet normal -0.923880 -0.382683 0.000000
    outer loop
      vertex 51.4797 35.5186 4.0000
      vertex 51.9846 34.2997 4.0000
      vertex 51.9846 34.2997 4.8000
    endloop
  endfacet
  facet normal -0.923880 -0.382683 0.000000
    outer loop
      vertex 51.4797 35.5186 4.0000
      vertex 51.9846 34.2997 4.8000
      vertex 51.4797 35.5186 4.8000
    endloop
  endfacet
  facet normal -0.382683 0.923880 0.000000
    outer loop
      vertex 51.9846 34.2997 4.0000
      vertex 50.9684 33.8787 4.0000
      vertex 50.9684 33.8787 4.8000
    endloop
  endfacet
  facet normal -0.382683 0.923880 0.000000
    outer loop
      vertex 51.9846 34.2997 4.0000
      vertex 50.9684 33.8787 4.8000
      vertex 51.9846 34.2997 4.8000
    endloop
  endfacet
  facet normal 0.923880 0.382683 0.000000
    outer loop
      vertex 50.9684 33.8787 4.0000
      vertex 50.4635 35.0977 4.0000
      vertex 50.4635 35.0977 4.8000
    endloop
  endfacet
  facet normal 0.923880 0.382683 -0.000000
    outer loop
      vertex 50.9684 33.8787 4.0000
      vertex 50.4635 35.0977 4.8000
      vertex 50.9684 33.8787 4.8000
    endloop
  endfacet
  facet normal 0.382683 -0.923880 0.000000
    outer loop
      vertex 50.4635 35.0977 4.0000
      vertex 51.4797 35.5186 4.0000
      vertex 51.4797 35.5186 4.8000
    endloop
  endfacet
  facet normal 0.382683 -0.923880 0.000000
    outer loop
      vertex 50.4635 35.0977 4.0000
      vertex 51.4797 35.5186 4.8000
      vertex 50.4635 35.0977 4.8000
    endloop
  endfacet
  facet normal 0.000000 -0.000000 -1.000000
    outer loop
      vertex 51.8163 34.7062 4.8000
      vertex 52.3212 33.4872 4.8000
      vertex 51.3049 33.0663 4.8000
    endloop
  endfacet
  facet normal 0.000000 0.000000 -1.000000
    outer loop
      vertex 51.8163 34.7062 4.8000
      vertex 51.3049 33.0663 4.8000
      vertex 50.8000 34.2852 4.8000
    endloop
  endfacet
  facet normal -0.923880 -0.382683 0.000000
    outer loop
      vertex 51.8163 34.7062 4.0000
      vertex 52.3212 33.4872 4.0000
      vertex 52.3212 33.4872 4.8000
    endloop
  endfacet
  facet normal -0.923880 -0.382683 0.000000
    outer loop
      vertex 51.8163 34.7062 4.0000
      vertex 52.3212 33.4872 4.8000
      vertex 51.8163 34.7062 4.8000
    endloop
  endfacet
  facet normal -0.382683 0.923880 0.000000
    outer loop
      vertex 52.3212 33.4872 4.0000
      vertex 51.3049 33.0663 4.0000
      vertex 51.3049 33.0663 4.8000
    endloop
  endfacet
  facet normal -0.382683 0.923880 0.000000
    outer loop
      vertex 52.3212 33.4872 4.0000
      vertex 51.3049 33.0663 4.8000
      vertex 52.3212 33.4872 4.8000
    endloop
  endfacet
  facet normal 0.923880 0.382683 0.000000
    outer loop
      vertex 51.3049 33.0663 4.0000
      vertex 50.8000 34.2852 4.0000
      vertex 50.8000 34.2852 4.8000
    endloop
  endfacet
  facet normal 0.923880 0.382683 -0.000000
    outer loop
      vertex 51.3049 33.0663 4.0000
      vertex 50.8000 34.2852 4.8000
      vertex 51.3049 33.0663 4.8000
    endloop
  endfacet
  facet normal 0.382683 -0.923880 0.000000
    outer loop
      vertex 50.8000 34.2852 4.0000
      vertex 51.8163 34.7062 4.0000
      vertex 51.8163 34.7062 4.8000
    endloop
  endfacet
  facet normal 0.382683 -0.923880 0.000000
    outer loop
      vertex 50.8000 34.2852 4.0000
      vertex 51.8163 34.7062 4.8000
      vertex 50.8000 34.2852 4.8000
    endloop
  endfacet
  facet normal 0.000000 -0.000000 -1.000000
    outer loop
      vertex 52.1151 33.9291 4.8000
      vertex 52.7243 32.7588 4.8000
      vertex 51.7486 32.2509 4.8000
    endloop
  endfacet
  facet normal 0.000000 0.000000 -1.000000
    outer loop
      vertex 52.1151 33.9291 4.8000
      vertex 51.7486 32.2509 4.8000
      vertex 51.1394 33.4212 4.8000
    endloop
  endfacet
  facet normal -0.887011 -0.461749 0.000000
    outer loop
      vertex 52.1151 33.9291 4.0000
      vertex 52.7243 32.7588 4.0000
      vertex 52.7243 32.7588 4.8000
    endloop
  endfacet
  facet normal -0.887011 -0.461749 0.000000
    outer loop
      vertex 52.1151 33.9291 4.0000
      vertex 52.7243 32.7588 4.8000
      vertex 52.1151 33.9291 4.8000
    endloop
  endfacet
  facet normal -0.461749 0.887011 0.000000
    outer loop
      vertex 52.7243 32.7588 4.0000
      vertex 51.7486 32.2509 4.0000
      vertex 51.7486 32.2509 4.8000
    endloop
  endfacet
  facet normal -0.461749 0.887011 0.000000
    outer loop
      vertex 52.7243 32.7588 4.0000
      vertex 51.7486 32.2509 4.8000
      vertex 52.7243 32.7588 4.8000
    endloop
  endfacet
  facet normal 0.887011 0.461749 0.000000
    outer loop
      vertex 51.7486 32.2509 4.0000
      vertex 51.1394 33.4212 4.0000
      vertex 51.1394 33.4212 4.8000
    endloop
  endfacet
  facet normal 0.887011 0.461749 -0.000000
    outer loop
      vertex 51.7486 32.2509 4.0000
      vertex 51.1394 33.4212 4.8000
      vertex 51.7486 32.2509 4.8000
    endloop
  endfacet
  facet normal 0.461749 -0.887011 0.000000
    outer loop
      vertex 51.1394 33.4212 4.0000
      vertex 52.1151 33.9291 4.0000
      vertex 52.1151 33.9291 4.8000
    endloop
  endfacet
  facet normal 0.461749 -0.887011 0.000000
    outer loop
      vertex 51.1394 33.4212 4.0000
      vertex 52.1151 33.9291 4.8000
      vertex 51.1394 33.4212 4.8000
    endloop
  endfacet
  facet normal 0.000000 -0.000000 -1.000000
    outer loop
      vertex 52.5212 33.1491 4.8000
      vertex 53.1304 31.9788 4.8000
      vertex 52.1547 31.4709 4.8000
    endloop
  endfacet
  facet normal 0.000000 0.000000 -1.000000
    outer loop
      vertex 52.5212 33.1491 4.8000
      vertex 52.1547 31.4709 4.8000
      vertex 51.5454 32.6412 4.8000
    endloop
  endfacet
  facet normal -0.887011 -0.461749 0.000000
    outer loop
      vertex 52.5212 33.1491 4.0000
      vertex 53.1304 31.9788 4.0000
      vertex 53.1304 31.9788 4.8000
    endloop
  endfacet
  facet normal -0.887011 -0.461749 0.000000
    outer loop
      vertex 52.5212 33.1491 4.0000
      vertex 53.1304 31.9788 4.8000
      vertex 52.5212 33.1491 4.8000
    endloop
  endfacet
  facet normal -0.461749 0.887011 0.000000
    outer loop
      vertex 53.1304 31.9788 4.0000
      vertex 52.1547 31.4709 4.0000
      vertex 52.1547 31.4709 4.8000
    endloop
  endfacet
  facet normal -0.461749 0.887011 0.000000
    outer loop
      vertex 53.1304 31.9788 4.0000
      vertex 52.1547 31.4709 4.8000
      vertex 53.1304 31.9788 4.8000
    endloop
  endfacet
  facet normal 0.887011 0.461749 0.000000
    outer loop
      vertex 52.1547 31.4709 4.0000
      vertex 51.5454 32.6412 4.0000
      vertex 51.5454 32.6412 4.8000
    endloop
  endfacet
  facet normal 0.887011 0.461749 -0.000000
    outer loop
      vertex 52.1547 31.4709 4.0000
      vertex 51.5454 32.6412 4.8000
      vertex 52.1547 31.4709 4.8000
    endloop
  endfacet
  facet normal 0.461749 -0.887011 0.000000
    outer loop
      vertex 51.5454 32.6412 4.0000
      vertex 52.5212 33.1491 4.0000
      vertex 52.5212 33.1491 4.8000
    endloop
  endfacet
  facet normal 0.461749 -0.887011 0.000000
    outer loop
      vertex 51.5454 32.6412 4.0000
      vertex 52.5212 33.1491 4.8000
      vertex 51.5454 32.6412 4.8000
    endloop
  endfacet
  facet normal 0.000000 -0.000000 -1.000000
    outer loop
      vertex 52.8866 32.4011 4.8000
      vertex 53.5955 31.2883 4.8000
      vertex 52.6678 30.6973 4.8000
    endloop
  endfacet
  facet normal 0.000000 0.000000 -1.000000
    outer loop
      vertex 52.8866 32.4011 4.8000
      vertex 52.6678 30.6973 4.8000
      vertex 51.9589 31.8100 4.8000
    endloop
  endfacet
  facet normal -0.843391 -0.537300 0.000000
    outer loop
      vertex 52.8866 32.4011 4.0000
      vertex 53.5955 31.2883 4.0000
      vertex 53.5955 31.2883 4.8000
    endloop
  endfacet
  facet normal -0.843391 -0.537300 0.000000
    outer loop
      vertex 52.8866 32.4011 4.0000
      vertex 53.5955 31.2883 4.8000
      vertex 52.8866 32.4011 4.8000
    endloop
  endfacet
  facet normal -0.537300 0.843391 0.000000
    outer loop
      vertex 53.5955 31.2883 4.0000
      vertex 52.6678 30.6973 4.0000
      vertex 52.6678 30.6973 4.8000
    endloop
  endfacet
  facet normal -0.537300 0.843391 0.000000
    outer loop
      vertex 53.5955 31.2883 4.0000
      vertex 52.6678 30.6973 4.8000
      vertex 53.5955 31.2883 4.8000
    endloop
  endfacet
  facet normal 0.843391 0.537300 0.000000
    outer loop
      vertex 52.6678 30.6973 4.0000
      vertex 51.9589 31.8100 4.0000
      vertex 51.9589 31.8100 4.8000
    endloop
  endfacet
  facet normal 0.843391 0.537300 -0.000000
    outer loop
      vertex 52.6678 30.6973 4.0000
      vertex 51.9589 31.8100 4.8000
      vertex 52.6678 30.6973 4.8000
    endloop
  endfacet
  facet normal 0.537300 -0.843391 0.000000
    outer loop
      vertex 51.9589 31.8100 4.0000
      vertex 52.8866 32.4011 4.0000
      vertex 52.8866 32.4011 4.8000
    endloop
  endfacet
  facet normal 0.537300 -0.843391 0.000000
    outer loop
      vertex 51.9589 31.8100 4.0000
      vertex 52.8866 32.4011 4.8000
      vertex 51.9589 31.8100 4.8000
    endloop
  endfacet
  facet normal 0.000000 -0.000000 -1.000000
    outer loop
      vertex 53.3591 31.6594 4.8000
      vertex 54.0680 30.5467 4.8000
      vertex 53.1402 29.9556 4.8000
    endloop
  endfacet
  facet normal 0.000000 0.000000 -1.000000
    outer loop
      vertex 53.3591 31.6594 4.8000
      vertex 53.1402 29.9556 4.8000
      vertex 52.4313 31.0684 4.8000
    endloop
  endfacet
  facet normal -0.843391 -0.537300 0.000000
    outer loop
      vertex 53.3591 31.6594 4.0000
      vertex 54.0680 30.5467 4.0000
      vertex 54.0680 30.5467 4.8000
    endloop
  endfacet
  facet normal -0.843391 -0.537300 0.000000
    outer loop
      vertex 53.3591 31.6594 4.0000
      vertex 54.0680 30.5467 4.8000
      vertex 53.3591 31.6594 4.8000
    endloop
  endfacet
  facet normal -0.537300 0.843391 0.000000
    outer loop
      vertex 54.0680 30.5467 4.0000
      vertex 53.1402 29.9556 4.0000
      vertex 53.1402 29.9556 4.8000
    endloop
  endfacet
  facet normal -0.537300 0.843391 0.000000
    outer loop
      vertex 54.0680 30.5467 4.0000
      vertex 53.1402 29.9556 4.8000
      vertex 54.0680 30.5467 4.8000
    endloop
  endfacet
  facet normal 0.843391 0.537300 0.000000
    outer loop
      vertex 53.1402 29.9556 4.0000
      vertex 52.4313 31.0684 4.0000
      vertex 52.4313 31.0684 4.8000
    endloop
  endfacet
  facet normal 0.843391 0.537300 -0.000000
    outer loop
      vertex 53.1402 29.9556 4.0000
      vertex 52.4313 31.0684 4.8000
      vertex 53.1402 29.9556 4.8000
    endloop
  endfacet
  facet normal 0.537300 -0.843391 0.000000
    outer loop
      vertex 52.4313 31.0684 4.0000
      vertex 53.3591 31.6594 4.0000
      vertex 53.3591 31.6594 4.8000
    endloop
  endfacet
  facet normal 0.537300 -0.843391 0.000000
    outer loop
      vertex 52.4313 31.0684 4.0000
      vertex 53.3591 31.6594 4.8000
      vertex 52.4313 31.0684 4.8000
    endloop
  endfacet
  facet normal 0.000000 -0.000000 -1.000000
    outer loop
      vertex 53.7883 30.9461 4.8000
      vertex 54.5915 29.8993 4.8000
      vertex 53.7188 29.2297 4.8000
    endloop
  endfacet
  facet normal 0.000000 0.000000 -1.000000
    outer loop
      vertex 53.7883 30.9461 4.8000
      vertex 53.7188 29.2297 4.8000
      vertex 52.9156 30.2764 4.8000
    endloop
  endfacet
  facet normal -0.793353 -0.608761 0.000000
    outer loop
      vertex 53.7883 30.9461 4.0000
      vertex 54.5915 29.8993 4.0000
      vertex 54.5915 29.8993 4.8000
    endloop
  endfacet
  facet normal -0.793353 -0.608761 0.000000
    outer loop
      vertex 53.7883 30.9461 4.0000
      vertex 54.5915 29.8993 4.8000
      vertex 53.7883 30.9461 4.8000
    endloop
  endfacet
  facet normal -0.608761 0.793353 0.000000
    outer loop
      vertex 54.5915 29.8993 4.0000
      vertex 53.7188 29.2297 4.0000
      vertex 53.7188 29.2297 4.8000
    endloop
  endfacet
  facet normal -0.608761 0.793353 0.000000
    outer loop
      vertex 54.5915 29.8993 4.0000
      vertex 53.7188 29.2297 4.8000
      vertex 54.5915 29.8993 4.8000
    endloop
  endfacet
  facet normal 0.793353 0.608761 0.000000
    outer loop
      vertex 53.7188 29.2297 4.0000
      vertex 52.9156 30.2764 4.0000
      vertex 52.9156 30.2764 4.8000
    endloop
  endfacet
  facet normal 0.793353 0.608761 -0.000000
    outer loop
      vertex 53.7188 29.2297 4.0000
      vertex 52.9156 30.2764 4.8000
      vertex 53.7188 29.2297 4.8000
    endloop
  endfacet
  facet normal 0.608761 -0.793353 0.000000
    outer loop
      vertex 52.9156 30.2764 4.0000
      vertex 53.7883 30.9461 4.0000
      vertex 53.7883 30.9461 4.8000
    endloop
  endfacet
  facet normal 0.608761 -0.793353 0.000000
    outer loop
      vertex 52.9156 30.2764 4.0000
      vertex 53.7883 30.9461 4.8000
      vertex 52.9156 30.2764 4.8000
    endloop
  endfacet
  facet normal 0.000000 -0.000000 -1.000000
    outer loop
      vertex 54.3236 30.2484 4.8000
      vertex 55.1268 29.2017 4.8000
      vertex 54.2541 28.5320 4.8000
    endloop
  endfacet
  facet normal 0.000000 0.000000 -1.000000
    outer loop
      vertex 54.3236 30.2484 4.8000
      vertex 54.2541 28.5320 4.8000
      vertex 53.4509 29.5788 4.8000
    endloop
  endfacet
  facet normal -0.793353 -0.608761 0.000000
    outer loop
      vertex 54.3236 30.2484 4.0000
      vertex 55.1268 29.2017 4.0000
      vertex 55.1268 29.2017 4.8000
    endloop
  endfacet
  facet normal -0.793353 -0.608761 0.000000
    outer loop
      vertex 54.3236 30.2484 4.0000
      vertex 55.1268 29.2017 4.8000
      vertex 54.3236 30.2484 4.8000
    endloop
  endfacet
  facet normal -0.608761 0.793353 0.000000
    outer loop
      vertex 55.1268 29.2017 4.0000
      vertex 54.2541 28.5320 4.0000
      vertex 54.2541 28.5320 4.8000
    endloop
  endfacet
  facet normal -0.608761 0.793353 0.000000
    outer loop
      vertex 55.1268 29.2017 4.0000
      vertex 54.2541 28.5320 4.8000
      vertex 55.1268 29.2017 4.8000
    endloop
  endfacet
  facet normal 0.793353 0.608761 0.000000
    outer loop
      vertex 54.2541 28.5320 4.0000
      vertex 53.4509 29.5788 4.0000
      vertex 53.4509 29.5788 4.8000
    endloop
  endfacet
  facet normal 0.793353 0.608761 -0.000000
    outer loop
      vertex 54.2541 28.5320 4.0000
      vertex 53.4509 29.5788 4.8000
      vertex 54.2541 28.5320 4.8000
    endloop
  endfacet
  facet normal 0.608761 -0.793353 0.000000
    outer loop
      vertex 53.4509 29.5788 4.0000
      vertex 54.3236 30.2484 4.0000
      vertex 54.3236 30.2484 4.8000
    endloop
  endfacet
  facet normal 0.608761 -0.793353 0.000000
    outer loop
      vertex 53.4509 29.5788 4.0000
      vertex 54.3236 30.2484 4.8000
      vertex 53.4509 29.5788 4.8000
    endloop
  endfacet
  facet normal 0.000000 0.000000 -1.000000
    outer loop
      vertex 54.8134 29.5752 4.8000
      vertex 55.7048 28.6024 4.8000
      vertex 54.8938 27.8593 4.8000
    endloop
  endfacet
  facet normal 0.000000 -0.000000 -1.000000
    outer loop
      vertex 54.8134 29.5752 4.8000
      vertex 54.8938 27.8593 4.8000
      vertex 54.0024 28.8320 4.8000
    endloop
  endfacet
  facet normal -0.737277 -0.675590 0.000000
    outer loop
      vertex 54.8134 29.5752 4.0000
      vertex 55.7048 28.6024 4.0000
      vertex 55.7048 28.6024 4.8000
    endloop
  endfacet
  facet normal -0.737277 -0.675590 0.000000
    outer loop
      vertex 54.8134 29.5752 4.0000
      vertex 55.7048 28.6024 4.8000
      vertex 54.8134 29.5752 4.8000
    endloop
  endfacet
  facet normal -0.675590 0.737277 0.000000
    outer loop
      vertex 55.7048 28.6024 4.0000
      vertex 54.8938 27.8593 4.0000
      vertex 54.8938 27.8593 4.8000
    endloop
  endfacet
  facet normal -0.675590 0.737277 0.000000
    outer loop
      vertex 55.7048 28.6024 4.0000
      vertex 54.8938 27.8593 4.8000
      vertex 55.7048 28.6024 4.8000
    endloop
  endfacet
  facet normal 0.737277 0.675590 0.000000
    outer loop
      vertex 54.8938 27.8593 4.0000
      vertex 54.0024 28.8320 4.0000
      vertex 54.0024 28.8320 4.8000
    endloop
  endfacet
  facet normal 0.737277 0.675590 -0.000000
    outer loop
      vertex 54.8938 27.8593 4.0000
      vertex 54.0024 28.8320 4.8000
      vertex 54.8938 27.8593 4.8000
    endloop
  endfacet
  facet normal 0.675590 -0.737277 0.000000
    outer loop
      vertex 54.0024 28.8320 4.0000
      vertex 54.8134 29.5752 4.0000
      vertex 54.8134 29.5752 4.8000
    endloop
  endfacet
  facet normal 0.675590 -0.737277 0.000000
    outer loop
      vertex 54.0024 28.8320 4.0000
      vertex 54.8134 29.5752 4.8000
      vertex 54.0024 28.8320 4.8000
    endloop
  endfacet
  facet normal 0.000000 0.000000 -1.000000
    outer loop
      vertex 55.4075 28.9268 4.8000
      vertex 56.2989 27.9541 4.8000
      vertex 55.4879 27.2110 4.8000
    endloop
  endfacet
  facet normal 0.000000 -0.000000 -1.000000
    outer loop
      vertex 55.4075 28.9268 4.8000
      vertex 55.4879 27.2110 4.8000
      vertex 54.5965 28.1837 4.8000
    endloop
  endfacet
  facet normal -0.737277 -0.675590 0.000000
    outer loop
      vertex 55.4075 28.9268 4.0000
      vertex 56.2989 27.9541 4.0000
      vertex 56.2989 27.9541 4.8000
    endloop
  endfacet
  facet normal -0.737277 -0.675590 0.000000
    outer loop
      vertex 55.4075 28.9268 4.0000
      vertex 56.2989 27.9541 4.8000
      vertex 55.4075 28.9268 4.8000
    endloop
  endfacet
  facet normal -0.675590 0.737277 0.000000
    outer loop
      vertex 56.2989 27.9541 4.0000
      vertex 55.4879 27.2110 4.0000
      vertex 55.4879 27.2110 4.8000
    endloop
  endfacet
  facet normal -0.675590 0.737277 0.000000
    outer loop
      vertex 56.2989 27.9541 4.0000
      vertex 55.4879 27.2110 4.8000
      vertex 56.2989 27.9541 4.8000
    endloop
  endfacet
  facet normal 0.737277 0.675590 0.000000
    outer loop
      vertex 55.4879 27.2110 4.0000
      vertex 54.5965 28.1837 4.0000
      vertex 54.5965 28.1837 4.8000
    endloop
  endfacet
  facet normal 0.737277 0.675590 -0.000000
    outer loop
      vertex 55.4879 27.2110 4.0000
      vertex 54.5965 28.1837 4.8000
      vertex 55.4879 27.2110 4.8000
    endloop
  endfacet
  facet normal 0.675590 -0.737277 0.000000
    outer loop
      vertex 54.5965 28.1837 4.0000
      vertex 55.4075 28.9268 4.0000
      vertex 55.4075 28.9268 4.8000
    endloop
  endfacet
  facet normal 0.675590 -0.737277 0.000000
    outer loop
      vertex 54.5965 28.1837 4.0000
      vertex 55.4075 28.9268 4.8000
      vertex 54.5965 28.1837 4.8000
    endloop
  endfacet
  facet normal 0.000000 0.000000 -1.000000
    outer loop
      vertex 55.9541 28.2989 4.8000
      vertex 56.9268 27.4075 4.8000
      vertex 56.1837 26.5965 4.8000
    endloop
  endfacet
  facet normal 0.000000 -0.000000 -1.000000
    outer loop
      vertex 55.9541 28.2989 4.8000
      vertex 56.1837 26.5965 4.8000
      vertex 55.2110 27.4879 4.8000
    endloop
  endfacet
  facet normal -0.675590 -0.737277 0.000000
    outer loop
      vertex 55.9541 28.2989 4.0000
      vertex 56.9268 27.4075 4.0000
      vertex 56.9268 27.4075 4.8000
    endloop
  endfacet
  facet normal -0.675590 -0.737277 0.000000
    outer loop
      vertex 55.9541 28.2989 4.0000
      vertex 56.9268 27.4075 4.8000
      vertex 55.9541 28.2989 4.8000
    endloop
  endfacet
  facet normal -0.737277 0.675590 0.000000
    outer loop
      vertex 56.9268 27.4075 4.0000
      vertex 56.1837 26.5965 4.0000
      vertex 56.1837 26.5965 4.8000
    endloop
  endfacet
  facet normal -0.737277 0.675590 0.000000
    outer loop
      vertex 56.9268 27.4075 4.0000
      vertex 56.1837 26.5965 4.8000
      vertex 56.9268 27.4075 4.8000
    endloop
  endfacet
  facet normal 0.675590 0.737277 0.000000
    outer loop
      vertex 56.1837 26.5965 4.0000
      vertex 55.2110 27.4879 4.0000
      vertex 55.2110 27.4879 4.8000
    endloop
  endfacet
  facet normal 0.675590 0.737277 -0.000000
    outer loop
      vertex 56.1837 26.5965 4.0000
      vertex 55.2110 27.4879 4.8000
      vertex 56.1837 26.5965 4.8000
    endloop
  endfacet
  facet normal 0.737277 -0.675590 0.000000
    outer loop
      vertex 55.2110 27.4879 4.0000
      vertex 55.9541 28.2989 4.0000
      vertex 55.9541 28.2989 4.8000
    endloop
  endfacet
  facet normal 0.737277 -0.675590 0.000000
    outer loop
      vertex 55.2110 27.4879 4.0000
      vertex 55.9541 28.2989 4.8000
      vertex 55.2110 27.4879 4.8000
    endloop
  endfacet
  facet normal 0.000000 0.000000 -1.000000
    outer loop
      vertex 56.6024 27.7048 4.8000
      vertex 57.5752 26.8134 4.8000
      vertex 56.8320 26.0024 4.8000
    endloop
  endfacet
  facet normal 0.000000 -0.000000 -1.000000
    outer loop
      vertex 56.6024 27.7048 4.8000
      vertex 56.8320 26.0024 4.8000
      vertex 55.8593 26.8938 4.8000
    endloop
  endfacet
  facet normal -0.675590 -0.737277 0.000000
    outer loop
      vertex 56.6024 27.7048 4.0000
      vertex 57.5752 26.8134 4.0000
      vertex 57.5752 26.8134 4.8000
    endloop
  endfacet
  facet normal -0.675590 -0.737277 0.000000
    outer loop
      vertex 56.6024 27.7048 4.0000
      vertex 57.5752 26.8134 4.8000
      vertex 56.6024 27.7048 4.8000
    endloop
  endfacet
  facet normal -0.737277 0.675590 0.000000
    outer loop
      vertex 57.5752 26.8134 4.0000
      vertex 56.8320 26.0024 4.0000
      vertex 56.8320 26.0024 4.8000
    endloop
  endfacet
  facet normal -0.737277 0.675590 0.000000
    outer loop
      vertex 57.5752 26.8134 4.0000
      vertex 56.8320 26.0024 4.8000
      vertex 57.5752 26.8134 4.8000
    endloop
  endfacet
  facet normal 0.675590 0.737277 0.000000
    outer loop
      vertex 56.8320 26.0024 4.0000
      vertex 55.8593 26.8938 4.0000
      vertex 55.8593 26.8938 4.8000
    endloop
  endfacet
  facet normal 0.675590 0.737277 -0.000000
    outer loop
      vertex 56.8320 26.0024 4.0000
      vertex 55.8593 26.8938 4.8000
      vertex 56.8320 26.0024 4.8000
    endloop
  endfacet
  facet normal 0.737277 -0.675590 0.000000
    outer loop
      vertex 55.8593 26.8938 4.0000
      vertex 56.6024 27.7048 4.0000
      vertex 56.6024 27.7048 4.8000
    endloop
  endfacet
  facet normal 0.737277 -0.675590 0.000000
    outer loop
      vertex 55.8593 26.8938 4.0000
      vertex 56.6024 27.7048 4.8000
      vertex 55.8593 26.8938 4.8000
    endloop
  endfacet
  facet normal 0.000000 0.000000 -1.000000
    outer loop
      vertex 57.2017 27.1268 4.8000
      vertex 58.2484 26.3236 4.8000
      vertex 57.5788 25.4509 4.8000
    endloop
  endfacet
  facet normal 0.000000 -0.000000 -1.000000
    outer loop
      vertex 57.2017 27.1268 4.8000
      vertex 57.5788 25.4509 4.8000
      vertex 56.5320 26.2541 4.8000
    endloop
  endfacet
  facet normal -0.608761 -0.793353 0.000000
    outer loop
      vertex 57.2017 27.1268 4.0000
      vertex 58.2484 26.3236 4.0000
      vertex 58.2484 26.3236 4.8000
    endloop
  endfacet
  facet normal -0.608761 -0.793353 0.000000
    outer loop
      vertex 57.2017 27.1268 4.0000
      vertex 58.2484 26.3236 4.8000
      vertex 57.2017 27.1268 4.8000
    endloop
  endfacet
  facet normal -0.793353 0.608761 0.000000
    outer loop
      vertex 58.2484 26.3236 4.0000
      vertex 57.5788 25.4509 4.0000
      vertex 57.5788 25.4509 4.8000
    endloop
  endfacet
  facet normal -0.793353 0.608761 0.000000
    outer loop
      vertex 58.2484 26.3236 4.0000
      vertex 57.5788 25.4509 4.8000
      vertex 58.2484 26.3236 4.8000
    endloop
  endfacet
  facet normal 0.608761 0.793353 0.000000
    outer loop
      vertex 57.5788 25.4509 4.0000
      vertex 56.5320 26.2541 4.0000
      vertex 56.5320 26.2541 4.8000
    endloop
  endfacet
  facet normal 0.608761 0.793353 -0.000000
    outer loop
      vertex 57.5788 25.4509 4.0000
      vertex 56.5320 26.2541 4.8000
      vertex 57.5788 25.4509 4.8000
    endloop
  endfacet
  facet normal 0.793353 -0.608761 0.000000
    outer loop
      vertex 56.5320 26.2541 4.0000
      vertex 57.2017 27.1268 4.0000
      vertex 57.2017 27.1268 4.8000
    endloop
  endfacet
  facet normal 0.793353 -0.608761 0.000000
    outer loop
      vertex 56.5320 26.2541 4.0000
      vertex 57.2017 27.1268 4.8000
      vertex 56.5320 26.2541 4.8000
    endloop
  endfacet
  facet normal 0.000000 0.000000 -1.000000
    outer loop
      vertex 57.8993 26.5915 4.8000
      vertex 58.9461 25.7883 4.8000
      vertex 58.2764 24.9156 4.8000
    endloop
  endfacet
  facet normal 0.000000 -0.000000 -1.000000
    outer loop
      vertex 57.8993 26.5915 4.8000
      vertex 58.2764 24.9156 4.8000
      vertex 57.2297 25.7188 4.8000
    endloop
  endfacet
  facet normal -0.608761 -0.793353 0.000000
    outer loop
      vertex 57.8993 26.5915 4.0000
      vertex 58.9461 25.7883 4.0000
      vertex 58.9461 25.7883 4.8000
    endloop
  endfacet
  facet normal -0.608761 -0.793353 0.000000
    outer loop
      vertex 57.8993 26.5915 4.0000
      vertex 58.9461 25.7883 4.8000
      vertex 57.8993 26.5915 4.8000
    endloop
  endfacet
  facet normal -0.793353 0.608761 0.000000
    outer loop
      vertex 58.9461 25.7883 4.0000
      vertex 58.2764 24.9156 4.0000
      vertex 58.2764 24.9156 4.8000
    endloop
  endfacet
  facet normal -0.793353 0.608761 0.000000
    outer loop
      vertex 58.9461 25.7883 4.0000
      vertex 58.2764 24.9156 4.8000
      vertex 58.9461 25.7883 4.8000
    endloop
  endfacet
  facet normal 0.608761 0.793353 0.000000
    outer loop
      vertex 58.2764 24.9156 4.0000
      vertex 57.2297 25.7188 4.0000
      vertex 57.2297 25.7188 4.8000
    endloop
  endfacet
  facet normal 0.608761 0.793353 -0.000000
    outer loop
      vertex 58.2764 24.9156 4.0000
      vertex 57.2297 25.7188 4.8000
      vertex 58.2764 24.9156 4.8000
    endloop
  endfacet
  facet normal 0.793353 -0.608761 0.000000
    outer loop
      vertex 57.2297 25.7188 4.0000
      vertex 57.8993 26.5915 4.0000
      vertex 57.8993 26.5915 4.8000
    endloop
  endfacet
  facet normal 0.793353 -0.608761 0.000000
    outer loop
      vertex 57.2297 25.7188 4.0000
      vertex 57.8993 26.5915 4.8000
      vertex 57.2297 25.7188 4.8000
    endloop
  endfacet
  facet normal 0.000000 0.000000 -1.000000
    outer loop
      vertex 58.5467 26.0680 4.8000
      vertex 59.6594 25.3591 4.8000
      vertex 59.0684 24.4313 4.8000
    endloop
  endfacet
  facet normal 0.000000 -0.000000 -1.000000
    outer loop
      vertex 58.5467 26.0680 4.8000
      vertex 59.0684 24.4313 4.8000
      vertex 57.9556 25.1402 4.8000
    endloop
  endfacet
  facet normal -0.537300 -0.843391 0.000000
    outer loop
      vertex 58.5467 26.0680 4.0000
      vertex 59.6594 25.3591 4.0000
      vertex 59.6594 25.3591 4.8000
    endloop
  endfacet
  facet normal -0.537300 -0.843391 0.000000
    outer loop
      vertex 58.5467 26.0680 4.0000
      vertex 59.6594 25.3591 4.8000
      vertex 58.5467 26.0680 4.8000
    endloop
  endfacet
  facet normal -0.843391 0.537300 0.000000
    outer loop
      vertex 59.6594 25.3591 4.0000
      vertex 59.0684 24.4313 4.0000
      vertex 59.0684 24.4313 4.8000
    endloop
  endfacet
  facet normal -0.843391 0.537300 0.000000
    outer loop
      vertex 59.6594 25.3591 4.0000
      vertex 59.0684 24.4313 4.8000
      vertex 59.6594 25.3591 4.8000
    endloop
  endfacet
  facet normal 0.537300 0.843391 0.000000
    outer loop
      vertex 59.0684 24.4313 4.0000
      vertex 57.9556 25.1402 4.0000
      vertex 57.9556 25.1402 4.8000
    endloop
  endfacet
  facet normal 0.537300 0.843391 -0.000000
    outer loop
      vertex 59.0684 24.4313 4.0000
      vertex 57.9556 25.1402 4.8000
      vertex 59.0684 24.4313 4.8000
    endloop
  endfacet
  facet normal 0.843391 -0.537300 0.000000
    outer loop
      vertex 57.9556 25.1402 4.0000
      vertex 58.5467 26.0680 4.0000
      vertex 58.5467 26.0680 4.8000
    endloop
  endfacet
  facet normal 0.843391 -0.537300 0.000000
    outer loop
      vertex 57.9556 25.1402 4.0000
      vertex 58.5467 26.0680 4.8000
      vertex 57.9556 25.1402 4.8000
    endloop
  endfacet
  facet normal 0.000000 0.000000 -1.000000
    outer loop
      vertex 59.2883 25.5955 4.8000
      vertex 60.4011 24.8866 4.8000
      vertex 59.8100 23.9589 4.8000
    endloop
  endfacet
  facet normal 0.000000 -0.000000 -1.000000
    outer loop
      vertex 59.2883 25.5955 4.8000
      vertex 59.8100 23.9589 4.8000
      vertex 58.6973 24.6678 4.8000
    endloop
  endfacet
  facet normal -0.537300 -0.843391 0.000000
    outer loop
      vertex 59.2883 25.5955 4.0000
      vertex 60.4011 24.8866 4.0000
      vertex 60.4011 24.8866 4.8000
    endloop
  endfacet
  facet normal -0.537300 -0.843391 0.000000
    outer loop
      vertex 59.2883 25.5955 4.0000
      vertex 60.4011 24.8866 4.8000
      vertex 59.2883 25.5955 4.8000
    endloop
  endfacet
  facet normal -0.843391 0.537300 0.000000
    outer loop
      vertex 60.4011 24.8866 4.0000
      vertex 59.8100 23.9589 4.0000
      vertex 59.8100 23.9589 4.8000
    endloop
  endfacet
  facet normal -0.843391 0.537300 0.000000
    outer loop
      vertex 60.4011 24.8866 4.0000
      vertex 59.8100 23.9589 4.8000
      vertex 60.4011 24.8866 4.8000
    endloop
  endfacet
  facet normal 0.537300 0.843391 0.000000
    outer loop
      vertex 59.8100 23.9589 4.0000
      vertex 58.6973 24.6678 4.0000
      vertex 58.6973 24.6678 4.8000
    endloop
  endfacet
  facet normal 0.537300 0.843391 -0.000000
    outer loop
      vertex 59.8100 23.9589 4.0000
      vertex 58.6973 24.6678 4.8000
      vertex 59.8100 23.9589 4.8000
    endloop
  endfacet
  facet normal 0.843391 -0.537300 0.000000
    outer loop
      vertex 58.6973 24.6678 4.0000
      vertex 59.2883 25.5955 4.0000
      vertex 59.2883 25.5955 4.8000
    endloop
  endfacet
  facet normal 0.843391 -0.537300 0.000000
    outer loop
      vertex 58.6973 24.6678 4.0000
      vertex 59.2883 25.5955 4.8000
      vertex 58.6973 24.6678 4.8000
    endloop
  endfacet
  facet normal 0.000000 0.000000 -1.000000
    outer loop
      vertex 60.4061 47.8341 4.8000
      vertex 59.5312 46.0598 4.8000
      vertex 58.5446 46.5463 4.8000
    endloop
  endfacet
  facet normal -0.000000 0.000000 -1.000000
    outer loop
      vertex 60.4061 47.8341 4.8000
      vertex 58.5446 46.5463 4.8000
      vertex 59.4196 48.3206 4.8000
    endloop
  endfacet
  facet normal -0.896873 0.442289 0.000000
    outer loop
      vertex 60.4061 47.8341 4.0000
      vertex 59.5312 46.0598 4.0000
      vertex 59.5312 46.0598 4.8000
    endloop
  endfacet
  facet normal -0.896873 0.442289 0.000000
    outer loop
      vertex 60.4061 47.8341 4.0000
      vertex 59.5312 46.0598 4.8000
      vertex 60.4061 47.8341 4.8000
    endloop
  endfacet
  facet normal 0.442289 0.896873 0.000000
    outer loop
      vertex 59.5312 46.0598 4.0000
      vertex 58.5446 46.5463 4.0000
      vertex 58.5446 46.5463 4.8000
    endloop
  endfacet
  facet normal 0.442289 0.896873 -0.000000
    outer loop
      vertex 59.5312 46.0598 4.0000
      vertex 58.5446 46.5463 4.8000
      vertex 59.5312 46.0598 4.8000
    endloop
  endfacet
  facet normal 0.896873 -0.442289 0.000000
    outer loop
      vertex 58.5446 46.5463 4.0000
      vertex 59.4196 48.3206 4.0000
      vertex 59.4196 48.3206 4.8000
    endloop
  endfacet
  facet normal 0.896873 -0.442289 0.000000
    outer loop
      vertex 58.5446 46.5463 4.0000
      vertex 59.4196 48.3206 4.8000
      vertex 58.5446 46.5463 4.8000
    endloop
  endfacet
  facet normal -0.442289 -0.896873 0.000000
    outer loop
      vertex 59.4196 48.3206 4.0000
      vertex 60.4061 47.8341 4.0000
      vertex 60.4061 47.8341 4.8000
    endloop
  endfacet
  facet normal -0.442289 -0.896873 0.000000
    outer loop
      vertex 59.4196 48.3206 4.0000
      vertex 60.4061 47.8341 4.8000
      vertex 59.4196 48.3206 4.8000
    endloop
  endfacet
  facet normal 0.000000 0.000000 -1.000000
    outer loop
      vertex 59.7267 46.5319 4.8000
      vertex 59.0908 44.6586 4.8000
      vertex 58.0492 45.0122 4.8000
    endloop
  endfacet
  facet normal -0.000000 0.000000 -1.000000
    outer loop
      vertex 59.7267 46.5319 4.8000
      vertex 58.0492 45.0122 4.8000
      vertex 58.6851 46.8855 4.8000
    endloop
  endfacet
  facet normal -0.946930 0.321439 0.000000
    outer loop
      vertex 59.7267 46.5319 4.0000
      vertex 59.0908 44.6586 4.0000
      vertex 59.0908 44.6586 4.8000
    endloop
  endfacet
  facet normal -0.946930 0.321439 0.000000
    outer loop
      vertex 59.7267 46.5319 4.0000
      vertex 59.0908 44.6586 4.8000
      vertex 59.7267 46.5319 4.8000
    endloop
  endfacet
  facet normal 0.321439 0.946930 0.000000
    outer loop
      vertex 59.0908 44.6586 4.0000
      vertex 58.0492 45.0122 4.0000
      vertex 58.0492 45.0122 4.8000
    endloop
  endfacet
  facet normal 0.321439 0.946930 -0.000000
    outer loop
      vertex 59.0908 44.6586 4.0000
      vertex 58.0492 45.0122 4.8000
      vertex 59.0908 44.6586 4.8000
    endloop
  endfacet
  facet normal 0.946930 -0.321439 0.000000
    outer loop
      vertex 58.0492 45.0122 4.0000
      vertex 58.6851 46.8855 4.0000
      vertex 58.6851 46.8855 4.8000
    endloop
  endfacet
  facet normal 0.946930 -0.321439 0.000000
    outer loop
      vertex 58.0492 45.0122 4.0000
      vertex 58.6851 46.8855 4.8000
      vertex 58.0492 45.0122 4.8000
    endloop
  endfacet
  facet normal -0.321439 -0.946930 0.000000
    outer loop
      vertex 58.6851 46.8855 4.0000
      vertex 59.7267 46.5319 4.0000
      vertex 59.7267 46.5319 4.8000
    endloop
  endfacet
  facet normal -0.321439 -0.946930 0.000000
    outer loop
      vertex 58.6851 46.8855 4.0000
      vertex 59.7267 46.5319 4.8000
      vertex 58.6851 46.8855 4.8000
    endloop
  endfacet
  facet normal 0.000000 0.000000 -1.000000
    outer loop
      vertex 59.2231 45.1522 4.8000
      vertex 58.8371 43.2119 4.8000
      vertex 57.7583 43.4265 4.8000
    endloop
  endfacet
  facet normal -0.000000 0.000000 -1.000000
    outer loop
      vertex 59.2231 45.1522 4.8000
      vertex 57.7583 43.4265 4.8000
      vertex 58.1442 45.3668 4.8000
    endloop
  endfacet
  facet normal -0.980785 0.195090 0.000000
    outer loop
      vertex 59.2231 45.1522 4.0000
      vertex 58.8371 43.2119 4.0000
      vertex 58.8371 43.2119 4.8000
    endloop
  endfacet
  facet normal -0.980785 0.195090 0.000000
    outer loop
      vertex 59.2231 45.1522 4.0000
      vertex 58.8371 43.2119 4.8000
      vertex 59.2231 45.1522 4.8000
    endloop
  endfacet
  facet normal 0.195090 0.980785 0.000000
    outer loop
      vertex 58.8371 43.2119 4.0000
      vertex 57.7583 43.4265 4.0000
      vertex 57.7583 43.4265 4.8000
    endloop
  endfacet
  facet normal 0.195090 0.980785 -0.000000
    outer loop
      vertex 58.8371 43.2119 4.0000
      vertex 57.7583 43.4265 4.8000
      vertex 58.8371 43.2119 4.8000
    endloop
  endfacet
  facet normal 0.980785 -0.195090 0.000000
    outer loop
      vertex 57.7583 43.4265 4.0000
      vertex 58.1442 45.3668 4.0000
      vertex 58.1442 45.3668 4.8000
    endloop
  endfacet
  facet normal 0.980785 -0.195090 0.000000
    outer loop
      vertex 57.7583 43.4265 4.0000
      vertex 58.1442 45.3668 4.8000
      vertex 57.7583 43.4265 4.8000
    endloop
  endfacet
  facet normal -0.195090 -0.980785 0.000000
    outer loop
      vertex 58.1442 45.3668 4.0000
      vertex 59.2231 45.1522 4.0000
      vertex 59.2231 45.1522 4.8000
    endloop
  endfacet
  facet normal -0.195090 -0.980785 0.000000
    outer loop
      vertex 58.1442 45.3668 4.0000
      vertex 59.2231 45.1522 4.8000
      vertex 58.1442 45.3668 4.8000
    endloop
  endfacet
  facet normal 0.000000 0.000000 -1.000000
    outer loop
      vertex 58.9038 43.7185 4.8000
      vertex 58.7744 41.7445 4.8000
      vertex 57.6768 41.8164 4.8000
    endloop
  endfacet
  facet normal -0.000000 0.000000 -1.000000
    outer loop
      vertex 58.9038 43.7185 4.8000
      vertex 57.6768 41.8164 4.8000
      vertex 57.8062 43.7905 4.8000
    endloop
  endfacet
  facet normal -0.997859 0.065403 0.000000
    outer loop
      vertex 58.9038 43.7185 4.0000
      vertex 58.7744 41.7445 4.0000
      vertex 58.7744 41.7445 4.8000
    endloop
  endfacet
  facet normal -0.997859 0.065403 0.000000
    outer loop
      vertex 58.9038 43.7185 4.0000
      vertex 58.7744 41.7445 4.8000
      vertex 58.9038 43.7185 4.8000
    endloop
  endfacet
  facet normal 0.065403 0.997859 0.000000
    outer loop
      vertex 58.7744 41.7445 4.0000
      vertex 57.6768 41.8164 4.0000
      vertex 57.6768 41.8164 4.8000
    endloop
  endfacet
  facet normal 0.065403 0.997859 -0.000000
    outer loop
      vertex 58.7744 41.7445 4.0000
      vertex 57.6768 41.8164 4.8000
      vertex 58.7744 41.7445 4.8000
    endloop
  endfacet
  facet normal 0.997859 -0.065403 0.000000
    outer loop
      vertex 57.6768 41.8164 4.0000
      vertex 57.8062 43.7905 4.0000
      vertex 57.8062 43.7905 4.8000
    endloop
  endfacet
  facet normal 0.997859 -0.065403 0.000000
    outer loop
      vertex 57.6768 41.8164 4.0000
      vertex 57.8062 43.7905 4.8000
      vertex 57.6768 41.8164 4.8000
    endloop
  endfacet
  facet normal -0.065403 -0.997859 0.000000
    outer loop
      vertex 57.8062 43.7905 4.0000
      vertex 58.9038 43.7185 4.0000
      vertex 58.9038 43.7185 4.8000
    endloop
  endfacet
  facet normal -0.065403 -0.997859 0.000000
    outer loop
      vertex 57.8062 43.7905 4.0000
      vertex 58.9038 43.7185 4.8000
      vertex 57.8062 43.7905 4.8000
    endloop
  endfacet
  facet normal 0.000000 -0.000000 -1.000000
    outer loop
      vertex 58.7744 42.2555 4.8000
      vertex 58.9038 40.2815 4.8000
      vertex 57.8062 40.2095 4.8000
    endloop
  endfacet
  facet normal 0.000000 0.000000 -1.000000
    outer loop
      vertex 58.7744 42.2555 4.8000
      vertex 57.8062 40.2095 4.8000
      vertex 57.6768 42.1836 4.8000
    endloop
  endfacet
  facet normal -0.997859 -0.065403 0.000000
    outer loop
      vertex 58.7744 42.2555 4.0000
      vertex 58.9038 40.2815 4.0000
      vertex 58.9038 40.2815 4.8000
    endloop
  endfacet
  facet normal -0.997859 -0.065403 0.000000
    outer loop
      vertex 58.7744 42.2555 4.0000
      vertex 58.9038 40.2815 4.8000
      vertex 58.7744 42.2555 4.8000
    endloop
  endfacet
  facet normal -0.065403 0.997859 0.000000
    outer loop
      vertex 58.9038 40.2815 4.0000
      vertex 57.8062 40.2095 4.0000
      vertex 57.8062 40.2095 4.8000
    endloop
  endfacet
  facet normal -0.065403 0.997859 0.000000
    outer loop
      vertex 58.9038 40.2815 4.0000
      vertex 57.8062 40.2095 4.8000
      vertex 58.9038 40.2815 4.8000
    endloop
  endfacet
  facet normal 0.997859 0.065403 0.000000
    outer loop
      vertex 57.8062 40.2095 4.0000
      vertex 57.6768 42.1836 4.0000
      vertex 57.6768 42.1836 4.8000
    endloop
  endfacet
  facet normal 0.997859 0.065403 -0.000000
    outer loop
      vertex 57.8062 40.2095 4.0000
      vertex 57.6768 42.1836 4.8000
      vertex 57.8062 40.2095 4.8000
    endloop
  endfacet
  facet normal 0.065403 -0.997859 0.000000
    outer loop
      vertex 57.6768 42.1836 4.0000
      vertex 58.7744 42.2555 4.0000
      vertex 58.7744 42.2555 4.8000
    endloop
  endfacet
  facet normal 0.065403 -0.997859 0.000000
    outer loop
      vertex 57.6768 42.1836 4.0000
      vertex 58.7744 42.2555 4.8000
      vertex 57.6768 42.1836 4.8000
    endloop
  endfacet
  facet normal 0.000000 -0.000000 -1.000000
    outer loop
      vertex 58.8371 40.7881 4.8000
      vertex 59.2231 38.8478 4.8000
      vertex 58.1442 38.6332 4.8000
    endloop
  endfacet
  facet normal 0.000000 0.000000 -1.000000
    outer loop
      vertex 58.8371 40.7881 4.8000
      vertex 58.1442 38.6332 4.8000
      vertex 57.7583 40.5735 4.8000
    endloop
  endfacet
  facet normal -0.980785 -0.195090 0.000000
    outer loop
      vertex 58.8371 40.7881 4.0000
      vertex 59.2231 38.8478 4.0000
      vertex 59.2231 38.8478 4.8000
    endloop
  endfacet
  facet normal -0.980785 -0.195090 0.000000
    outer loop
      vertex 58.8371 40.7881 4.0000
      vertex 59.2231 38.8478 4.8000
      vertex 58.8371 40.7881 4.8000
    endloop
  endfacet
  facet normal -0.195090 0.980785 0.000000
    outer loop
      vertex 59.2231 38.8478 4.0000
      vertex 58.1442 38.6332 4.0000
      vertex 58.1442 38.6332 4.8000
    endloop
  endfacet
  facet normal -0.195090 0.980785 0.000000
    outer loop
      vertex 59.2231 38.8478 4.0000
      vertex 58.1442 38.6332 4.8000
      vertex 59.2231 38.8478 4.8000
    endloop
  endfacet
  facet normal 0.980785 0.195090 0.000000
    outer loop
      vertex 58.1442 38.6332 4.0000
      vertex 57.7583 40.5735 4.0000
      vertex 57.7583 40.5735 4.8000
    endloop
  endfacet
  facet normal 0.980785 0.195090 -0.000000
    outer loop
      vertex 58.1442 38.6332 4.0000
      vertex 57.7583 40.5735 4.8000
      vertex 58.1442 38.6332 4.8000
    endloop
  endfacet
  facet normal 0.195090 -0.980785 0.000000
    outer loop
      vertex 57.7583 40.5735 4.0000
      vertex 58.8371 40.7881 4.0000
      vertex 58.8371 40.7881 4.8000
    endloop
  endfacet
  facet normal 0.195090 -0.980785 0.000000
    outer loop
      vertex 57.7583 40.5735 4.0000
      vertex 58.8371 40.7881 4.8000
      vertex 57.7583 40.5735 4.8000
    endloop
  endfacet
  facet normal 0.000000 -0.000000 -1.000000
    outer loop
      vertex 59.0908 39.3414 4.8000
      vertex 59.7267 37.4681 4.8000
      vertex 58.6851 37.1145 4.8000
    endloop
  endfacet
  facet normal 0.000000 0.000000 -1.000000
    outer loop
      vertex 59.0908 39.3414 4.8000
      vertex 58.6851 37.1145 4.8000
      vertex 58.0492 38.9878 4.8000
    endloop
  endfacet
  facet normal -0.946930 -0.321439 0.000000
    outer loop
      vertex 59.0908 39.3414 4.0000
      vertex 59.7267 37.4681 4.0000
      vertex 59.7267 37.4681 4.8000
    endloop
  endfacet
  facet normal -0.946930 -0.321439 0.000000
    outer loop
      vertex 59.0908 39.3414 4.0000
      vertex 59.7267 37.4681 4.8000
      vertex 59.0908 39.3414 4.8000
    endloop
  endfacet
  facet normal -0.321439 0.946930 0.000000
    outer loop
      vertex 59.7267 37.4681 4.0000
      vertex 58.6851 37.1145 4.0000
      vertex 58.6851 37.1145 4.8000
    endloop
  endfacet
  facet normal -0.321439 0.946930 0.000000
    outer loop
      vertex 59.7267 37.4681 4.0000
      vertex 58.6851 37.1145 4.8000
      vertex 59.7267 37.4681 4.8000
    endloop
  endfacet
  facet normal 0.946930 0.321439 0.000000
    outer loop
      vertex 58.6851 37.1145 4.0000
      vertex 58.0492 38.9878 4.0000
      vertex 58.0492 38.9878 4.8000
    endloop
  endfacet
  facet normal 0.946930 0.321439 -0.000000
    outer loop
      vertex 58.6851 37.1145 4.0000
      vertex 58.0492 38.9878 4.8000
      vertex 58.6851 37.1145 4.8000
    endloop
  endfacet
  facet normal 0.321439 -0.946930 0.000000
    outer loop
      vertex 58.0492 38.9878 4.0000
      vertex 59.0908 39.3414 4.0000
      vertex 59.0908 39.3414 4.8000
    endloop
  endfacet
  facet normal 0.321439 -0.946930 0.000000
    outer loop
      vertex 58.0492 38.9878 4.0000
      vertex 59.0908 39.3414 4.8000
      vertex 58.0492 38.9878 4.8000
    endloop
  endfacet
  facet normal 0.000000 -0.000000 -1.000000
    outer loop
      vertex 59.5312 37.9402 4.8000
      vertex 60.4061 36.1659 4.8000
      vertex 59.4196 35.6794 4.8000
    endloop
  endfacet
  facet normal 0.000000 0.000000 -1.000000
    outer loop
      vertex 59.5312 37.9402 4.8000
      vertex 59.4196 35.6794 4.8000
      vertex 58.5446 37.4537 4.8000
    endloop
  endfacet
  facet normal -0.896873 -0.442289 0.000000
    outer loop
      vertex 59.5312 37.9402 4.0000
      vertex 60.4061 36.1659 4.0000
      vertex 60.4061 36.1659 4.8000
    endloop
  endfacet
  facet normal -0.896873 -0.442289 0.000000
    outer loop
      vertex 59.5312 37.9402 4.0000
      vertex 60.4061 36.1659 4.8000
      vertex 59.5312 37.9402 4.8000
    endloop
  endfacet
  facet normal -0.442289 0.896873 0.000000
    outer loop
      vertex 60.4061 36.1659 4.0000
      vertex 59.4196 35.6794 4.0000
      vertex 59.4196 35.6794 4.8000
    endloop
  endfacet
  facet normal -0.442289 0.896873 0.000000
    outer loop
      vertex 60.4061 36.1659 4.0000
      vertex 59.4196 35.6794 4.8000
      vertex 60.4061 36.1659 4.8000
    endloop
  endfacet
  facet normal 0.896873 0.442289 0.000000
    outer loop
      vertex 59.4196 35.6794 4.0000
      vertex 58.5446 37.4537 4.0000
      vertex 58.5446 37.4537 4.8000
    endloop
  endfacet
  facet normal 0.896873 0.442289 -0.000000
    outer loop
      vertex 59.4196 35.6794 4.0000
      vertex 58.5446 37.4537 4.8000
      vertex 59.4196 35.6794 4.8000
    endloop
  endfacet
  facet normal 0.442289 -0.896873 0.000000
    outer loop
      vertex 58.5446 37.4537 4.0000
      vertex 59.5312 37.9402 4.0000
      vertex 59.5312 37.9402 4.8000
    endloop
  endfacet
  facet normal 0.442289 -0.896873 0.000000
    outer loop
      vertex 58.5446 37.4537 4.0000
      vertex 59.5312 37.9402 4.8000
      vertex 58.5446 37.4537 4.8000
    endloop
  endfacet
  facet normal 0.000000 0.000000 -1.000000
    outer loop
      vertex 54.9174 56.3048 4.8000
      vertex 53.6635 57.5587 4.8000
      vertex 54.4413 58.3365 4.8000
    endloop
  endfacet
  facet normal 0.000000 0.000000 -1.000000
    outer loop
      vertex 54.9174 56.3048 4.8000
      vertex 54.4413 58.3365 4.8000
      vertex 55.6952 57.0826 4.8000
    endloop
  endfacet
  facet normal 0.707107 0.707107 0.000000
    outer loop
      vertex 54.9174 56.3048 4.0000
      vertex 53.6635 57.5587 4.0000
      vertex 53.6635 57.5587 4.8000
    endloop
  endfacet
  facet normal 0.707107 0.707107 -0.000000
    outer loop
      vertex 54.9174 56.3048 4.0000
      vertex 53.6635 57.5587 4.8000
      vertex 54.9174 56.3048 4.8000
    endloop
  endfacet
  facet normal 0.707107 -0.707107 0.000000
    outer loop
      vertex 53.6635 57.5587 4.0000
      vertex 54.4413 58.3365 4.0000
      vertex 54.4413 58.3365 4.8000
    endloop
  endfacet
  facet normal 0.707107 -0.707107 0.000000
    outer loop
      vertex 53.6635 57.5587 4.0000
      vertex 54.4413 58.3365 4.8000
      vertex 53.6635 57.5587 4.8000
    endloop
  endfacet
  facet normal -0.707107 -0.707107 0.000000
    outer loop
      vertex 54.4413 58.3365 4.0000
      vertex 55.6952 57.0826 4.0000
      vertex 55.6952 57.0826 4.8000
    endloop
  endfacet
  facet normal -0.707107 -0.707107 0.000000
    outer loop
      vertex 54.4413 58.3365 4.0000
      vertex 55.6952 57.0826 4.8000
      vertex 54.4413 58.3365 4.8000
    endloop
  endfacet
  facet normal -0.707107 0.707107 0.000000
    outer loop
      vertex 55.6952 57.0826 4.0000
      vertex 54.9174 56.3048 4.0000
      vertex 54.9174 56.3048 4.8000
    endloop
  endfacet
  facet normal -0.707107 0.707107 0.000000
    outer loop
      vertex 55.6952 57.0826 4.0000
      vertex 54.9174 56.3048 4.8000
      vertex 55.6952 57.0826 4.8000
    endloop
  endfacet
  facet normal 0.000000 0.000000 -1.000000
    outer loop
      vertex 53.9746 57.2476 4.8000
      vertex 52.7207 58.5015 4.8000
      vertex 53.4985 59.2793 4.8000
    endloop
  endfacet
  facet normal 0.000000 0.000000 -1.000000
    outer loop
      vertex 53.9746 57.2476 4.8000
      vertex 53.4985 59.2793 4.8000
      vertex 54.7524 58.0254 4.8000
    endloop
  endfacet
  facet normal 0.707107 0.707107 0.000000
    outer loop
      vertex 53.9746 57.2476 4.0000
      vertex 52.7207 58.5015 4.0000
      vertex 52.7207 58.5015 4.8000
    endloop
  endfacet
  facet normal 0.707107 0.707107 -0.000000
    outer loop
      vertex 53.9746 57.2476 4.0000
      vertex 52.7207 58.5015 4.8000
      vertex 53.9746 57.2476 4.8000
    endloop
  endfacet
  facet normal 0.707107 -0.707107 0.000000
    outer loop
      vertex 52.7207 58.5015 4.0000
      vertex 53.4985 59.2793 4.0000
      vertex 53.4985 59.2793 4.8000
    endloop
  endfacet
  facet normal 0.707107 -0.707107 0.000000
    outer loop
      vertex 52.7207 58.5015 4.0000
      vertex 53.4985 59.2793 4.8000
      vertex 52.7207 58.5015 4.8000
    endloop
  endfacet
  facet normal -0.707107 -0.707107 0.000000
    outer loop
      vertex 53.4985 59.2793 4.0000
      vertex 54.7524 58.0254 4.0000
      vertex 54.7524 58.0254 4.8000
    endloop
  endfacet
  facet normal -0.707107 -0.707107 0.000000
    outer loop
      vertex 53.4985 59.2793 4.0000
      vertex 54.7524 58.0254 4.8000
      vertex 53.4985 59.2793 4.8000
    endloop
  endfacet
  facet normal -0.707107 0.707107 0.000000
    outer loop
      vertex 54.7524 58.0254 4.0000
      vertex 53.9746 57.2476 4.0000
      vertex 53.9746 57.2476 4.8000
    endloop
  endfacet
  facet normal -0.707107 0.707107 0.000000
    outer loop
      vertex 54.7524 58.0254 4.0000
      vertex 53.9746 57.2476 4.8000
      vertex 54.7524 58.0254 4.8000
    endloop
  endfacet
  facet normal 0.000000 0.000000 -1.000000
    outer loop
      vertex 53.0318 58.1904 4.8000
      vertex 51.7779 59.4443 4.8000
      vertex 52.5557 60.2221 4.8000
    endloop
  endfacet
  facet normal 0.000000 0.000000 -1.000000
    outer loop
      vertex 53.0318 58.1904 4.8000
      vertex 52.5557 60.2221 4.8000
      vertex 53.8096 58.9682 4.8000
    endloop
  endfacet
  facet normal 0.707107 0.707107 0.000000
    outer loop
      vertex 53.0318 58.1904 4.0000
      vertex 51.7779 59.4443 4.0000
      vertex 51.7779 59.4443 4.8000
    endloop
  endfacet
  facet normal 0.707107 0.707107 -0.000000
    outer loop
      vertex 53.0318 58.1904 4.0000
      vertex 51.7779 59.4443 4.8000
      vertex 53.0318 58.1904 4.8000
    endloop
  endfacet
  facet normal 0.707107 -0.707107 0.000000
    outer loop
      vertex 51.7779 59.4443 4.0000
      vertex 52.5557 60.2221 4.0000
      vertex 52.5557 60.2221 4.8000
    endloop
  endfacet
  facet normal 0.707107 -0.707107 0.000000
    outer loop
      vertex 51.7779 59.4443 4.0000
      vertex 52.5557 60.2221 4.8000
      vertex 51.7779 59.4443 4.8000
    endloop
  endfacet
  facet normal -0.707107 -0.707107 0.000000
    outer loop
      vertex 52.5557 60.2221 4.0000
      vertex 53.8096 58.9682 4.0000
      vertex 53.8096 58.9682 4.8000
    endloop
  endfacet
  facet normal -0.707107 -0.707107 0.000000
    outer loop
      vertex 52.5557 60.2221 4.0000
      vertex 53.8096 58.9682 4.8000
      vertex 52.5557 60.2221 4.8000
    endloop
  endfacet
  facet normal -0.707107 0.707107 0.000000
    outer loop
      vertex 53.8096 58.9682 4.0000
      vertex 53.0318 58.1904 4.0000
      vertex 53.0318 58.1904 4.8000
    endloop
  endfacet
  facet normal -0.707107 0.707107 0.000000
    outer loop
      vertex 53.8096 58.9682 4.0000
      vertex 53.0318 58.1904 4.8000
      vertex 53.8096 58.9682 4.8000
    endloop
  endfacet
  facet normal 0.000000 0.000000 -1.000000
    outer loop
      vertex 50.5913 49.4440 4.8000
      vertex 48.9530 50.1227 4.8000
      vertex 49.3739 51.1389 4.8000
    endloop
  endfacet
  facet normal 0.000000 0.000000 -1.000000
    outer loop
      vertex 50.5913 49.4440 4.8000
      vertex 49.3739 51.1389 4.8000
      vertex 51.0123 50.4603 4.8000
    endloop
  endfacet
  facet normal 0.382683 0.923880 0.000000
    outer loop
      vertex 50.5913 49.4440 4.0000
      vertex 48.9530 50.1227 4.0000
      vertex 48.9530 50.1227 4.8000
    endloop
  endfacet
  facet normal 0.382683 0.923880 -0.000000
    outer loop
      vertex 50.5913 49.4440 4.0000
      vertex 48.9530 50.1227 4.8000
      vertex 50.5913 49.4440 4.8000
    endloop
  endfacet
  facet normal 0.923880 -0.382683 0.000000
    outer loop
      vertex 48.9530 50.1227 4.0000
      vertex 49.3739 51.1389 4.0000
      vertex 49.3739 51.1389 4.8000
    endloop
  endfacet
  facet normal 0.923880 -0.382683 0.000000
    outer loop
      vertex 48.9530 50.1227 4.0000
      vertex 49.3739 51.1389 4.8000
      vertex 48.9530 50.1227 4.8000
    endloop
  endfacet
  facet normal -0.382683 -0.923880 0.000000
    outer loop
      vertex 49.3739 51.1389 4.0000
      vertex 51.0123 50.4603 4.0000
      vertex 51.0123 50.4603 4.8000
    endloop
  endfacet
  facet normal -0.382683 -0.923880 0.000000
    outer loop
      vertex 49.3739 51.1389 4.0000
      vertex 51.0123 50.4603 4.8000
      vertex 49.3739 51.1389 4.8000
    endloop
  endfacet
  facet normal -0.923880 0.382683 0.000000
    outer loop
      vertex 51.0123 50.4603 4.0000
      vertex 50.5913 49.4440 4.0000
      vertex 50.5913 49.4440 4.8000
    endloop
  endfacet
  facet normal -0.923880 0.382683 0.000000
    outer loop
      vertex 51.0123 50.4603 4.0000
      vertex 50.5913 49.4440 4.8000
      vertex 51.0123 50.4603 4.8000
    endloop
  endfacet
  facet normal 0.000000 0.000000 -1.000000
    outer loop
      vertex 49.3595 49.9543 4.8000
      vertex 47.7211 50.6329 4.8000
      vertex 48.1421 51.6492 4.8000
    endloop
  endfacet
  facet normal 0.000000 0.000000 -1.000000
    outer loop
      vertex 49.3595 49.9543 4.8000
      vertex 48.1421 51.6492 4.8000
      vertex 49.7804 50.9705 4.8000
    endloop
  endfacet
  facet normal 0.382683 0.923880 0.000000
    outer loop
      vertex 49.3595 49.9543 4.0000
      vertex 47.7211 50.6329 4.0000
      vertex 47.7211 50.6329 4.8000
    endloop
  endfacet
  facet normal 0.382683 0.923880 -0.000000
    outer loop
      vertex 49.3595 49.9543 4.0000
      vertex 47.7211 50.6329 4.8000
      vertex 49.3595 49.9543 4.8000
    endloop
  endfacet
  facet normal 0.923880 -0.382683 0.000000
    outer loop
      vertex 47.7211 50.6329 4.0000
      vertex 48.1421 51.6492 4.0000
      vertex 48.1421 51.6492 4.8000
    endloop
  endfacet
  facet normal 0.923880 -0.382683 0.000000
    outer loop
      vertex 47.7211 50.6329 4.0000
      vertex 48.1421 51.6492 4.8000
      vertex 47.7211 50.6329 4.8000
    endloop
  endfacet
  facet normal -0.382683 -0.923880 0.000000
    outer loop
      vertex 48.1421 51.6492 4.0000
      vertex 49.7804 50.9705 4.0000
      vertex 49.7804 50.9705 4.8000
    endloop
  endfacet
  facet normal -0.382683 -0.923880 0.000000
    outer loop
      vertex 48.1421 51.6492 4.0000
      vertex 49.7804 50.9705 4.8000
      vertex 48.1421 51.6492 4.8000
    endloop
  endfacet
  facet normal -0.923880 0.382683 0.000000
    outer loop
      vertex 49.7804 50.9705 4.0000
      vertex 49.3595 49.9543 4.0000
      vertex 49.3595 49.9543 4.8000
    endloop
  endfacet
  facet normal -0.923880 0.382683 0.000000
    outer loop
      vertex 49.7804 50.9705 4.0000
      vertex 49.3595 49.9543 4.8000
      vertex 49.7804 50.9705 4.8000
    endloop
  endfacet
  facet normal 0.000000 0.000000 -1.000000
    outer loop
      vertex 48.1276 50.4645 4.8000
      vertex 46.4893 51.1431 4.8000
      vertex 46.9102 52.1594 4.8000
    endloop
  endfacet
  facet normal 0.000000 0.000000 -1.000000
    outer loop
      vertex 48.1276 50.4645 4.8000
      vertex 46.9102 52.1594 4.8000
      vertex 48.5486 51.4808 4.8000
    endloop
  endfacet
  facet normal 0.382683 0.923880 0.000000
    outer loop
      vertex 48.1276 50.4645 4.0000
      vertex 46.4893 51.1431 4.0000
      vertex 46.4893 51.1431 4.8000
    endloop
  endfacet
  facet normal 0.382683 0.923880 -0.000000
    outer loop
      vertex 48.1276 50.4645 4.0000
      vertex 46.4893 51.1431 4.8000
      vertex 48.1276 50.4645 4.8000
    endloop
  endfacet
  facet normal 0.923880 -0.382683 0.000000
    outer loop
      vertex 46.4893 51.1431 4.0000
      vertex 46.9102 52.1594 4.0000
      vertex 46.9102 52.1594 4.8000
    endloop
  endfacet
  facet normal 0.923880 -0.382683 0.000000
    outer loop
      vertex 46.4893 51.1431 4.0000
      vertex 46.9102 52.1594 4.8000
      vertex 46.4893 51.1431 4.8000
    endloop
  endfacet
  facet normal -0.382683 -0.923880 0.000000
    outer loop
      vertex 46.9102 52.1594 4.0000
      vertex 48.5486 51.4808 4.0000
      vertex 48.5486 51.4808 4.8000
    endloop
  endfacet
  facet normal -0.382683 -0.923880 0.000000
    outer loop
      vertex 46.9102 52.1594 4.0000
      vertex 48.5486 51.4808 4.8000
      vertex 46.9102 52.1594 4.8000
    endloop
  endfacet
  facet normal -0.923880 0.382683 0.000000
    outer loop
      vertex 48.5486 51.4808 4.0000
      vertex 48.1276 50.4645 4.0000
      vertex 48.1276 50.4645 4.8000
    endloop
  endfacet
  facet normal -0.923880 0.382683 0.000000
    outer loop
      vertex 48.5486 51.4808 4.0000
      vertex 48.1276 50.4645 4.8000
      vertex 48.5486 51.4808 4.8000
    endloop
  endfacet
  facet normal 0.000000 0.000000 -1.000000
    outer loop
      vertex 49.2200 41.4500 4.8000
      vertex 47.4467 41.4500 4.8000
      vertex 47.4467 42.5500 4.8000
    endloop
  endfacet
  facet normal 0.000000 0.000000 -1.000000
    outer loop
      vertex 49.2200 41.4500 4.8000
      vertex 47.4467 42.5500 4.8000
      vertex 49.2200 42.5500 4.8000
    endloop
  endfacet
  facet normal 0.000000 1.000000 0.000000
    outer loop
      vertex 49.2200 41.4500 4.0000
      vertex 47.4467 41.4500 4.0000
      vertex 47.4467 41.4500 4.8000
    endloop
  endfacet
  facet normal 0.000000 1.000000 -0.000000
    outer loop
      vertex 49.2200 41.4500 4.0000
      vertex 47.4467 41.4500 4.8000
      vertex 49.2200 41.4500 4.8000
    endloop
  endfacet
  facet normal 1.000000 0.000000 0.000000
    outer loop
      vertex 47.4467 41.4500 4.0000
      vertex 47.4467 42.5500 4.0000
      vertex 47.4467 42.5500 4.8000
    endloop
  endfacet
  facet normal 1.000000 0.000000 0.000000
    outer loop
      vertex 47.4467 41.4500 4.0000
      vertex 47.4467 42.5500 4.8000
      vertex 47.4467 41.4500 4.8000
    endloop
  endfacet
  facet normal 0.000000 -1.000000 0.000000
    outer loop
      vertex 47.4467 42.5500 4.0000
      vertex 49.2200 42.5500 4.0000
      vertex 49.2200 42.5500 4.8000
    endloop
  endfacet
  facet normal 0.000000 -1.000000 0.000000
    outer loop
      vertex 47.4467 42.5500 4.0000
      vertex 49.2200 42.5500 4.8000
      vertex 47.4467 42.5500 4.8000
    endloop
  endfacet
  facet normal -1.000000 0.000000 0.000000
    outer loop
      vertex 49.2200 42.5500 4.0000
      vertex 49.2200 41.4500 4.0000
      vertex 49.2200 41.4500 4.8000
    endloop
  endfacet
  facet normal -1.000000 0.000000 0.000000
    outer loop
      vertex 49.2200 42.5500 4.0000
      vertex 49.2200 41.4500 4.8000
      vertex 49.2200 42.5500 4.8000
    endloop
  endfacet
  facet normal 0.000000 0.000000 -1.000000
    outer loop
      vertex 47.8867 41.4500 4.8000
      vertex 46.1133 41.4500 4.8000
      vertex 46.1133 42.5500 4.8000
    endloop
  endfacet
  facet normal 0.000000 0.000000 -1.000000
    outer loop
      vertex 47.8867 41.4500 4.8000
      vertex 46.1133 42.5500 4.8000
      vertex 47.8867 42.5500 4.8000
    endloop
  endfacet
  facet normal 0.000000 1.000000 0.000000
    outer loop
      vertex 47.8867 41.4500 4.0000
      vertex 46.1133 41.4500 4.0000
      vertex 46.1133 41.4500 4.8000
    endloop
  endfacet
  facet normal 0.000000 1.000000 -0.000000
    outer loop
      vertex 47.8867 41.4500 4.0000
      vertex 46.1133 41.4500 4.8000
      vertex 47.8867 41.4500 4.8000
    endloop
  endfacet
  facet normal 1.000000 0.000000 0.000000
    outer loop
      vertex 46.1133 41.4500 4.0000
      vertex 46.1133 42.5500 4.0000
      vertex 46.1133 42.5500 4.8000
    endloop
  endfacet
  facet normal 1.000000 0.000000 0.000000
    outer loop
      vertex 46.1133 41.4500 4.0000
      vertex 46.1133 42.5500 4.8000
      vertex 46.1133 41.4500 4.8000
    endloop
  endfacet
  facet normal 0.000000 -1.000000 0.000000
    outer loop
      vertex 46.1133 42.5500 4.0000
      vertex 47.8867 42.5500 4.0000
      vertex 47.8867 42.5500 4.8000
    endloop
  endfacet
  facet normal 0.000000 -1.000000 0.000000
    outer loop
      vertex 46.1133 42.5500 4.0000
      vertex 47.8867 42.5500 4.8000
      vertex 46.1133 42.5500 4.8000
    endloop
  endfacet
  facet normal -1.000000 0.000000 0.000000
    outer loop
      vertex 47.8867 42.5500 4.0000
      vertex 47.8867 41.4500 4.0000
      vertex 47.8867 41.4500 4.8000
    endloop
  endfacet
  facet normal -1.000000 0.000000 0.000000
    outer loop
      vertex 47.8867 42.5500 4.0000
      vertex 47.8867 41.4500 4.8000
      vertex 47.8867 42.5500 4.8000
    endloop
  endfacet
  facet normal 0.000000 0.000000 -1.000000
    outer loop
      vertex 46.5533 41.4500 4.8000
      vertex 44.7800 41.4500 4.8000
      vertex 44.7800 42.5500 4.8000
    endloop
  endfacet
  facet normal 0.000000 0.000000 -1.000000
    outer loop
      vertex 46.5533 41.4500 4.8000
      vertex 44.7800 42.5500 4.8000
      vertex 46.5533 42.5500 4.8000
    endloop
  endfacet
  facet normal 0.000000 1.000000 0.000000
    outer loop
      vertex 46.5533 41.4500 4.0000
      vertex 44.7800 41.4500 4.0000
      vertex 44.7800 41.4500 4.8000
    endloop
  endfacet
  facet normal 0.000000 1.000000 -0.000000
    outer loop
      vertex 46.5533 41.4500 4.0000
      vertex 44.7800 41.4500 4.8000
      vertex 46.5533 41.4500 4.8000
    endloop
  endfacet
  facet normal 1.000000 0.000000 0.000000
    outer loop
      vertex 44.7800 41.4500 4.0000
      vertex 44.7800 42.5500 4.0000
      vertex 44.7800 42.5500 4.8000
    endloop
  endfacet
  facet normal 1.000000 0.000000 0.000000
    outer loop
      vertex 44.7800 41.4500 4.0000
      vertex 44.7800 42.5500 4.8000
      vertex 44.7800 41.4500 4.8000
    endloop
  endfacet
  facet normal 0.000000 -1.000000 0.000000
    outer loop
      vertex 44.7800 42.5500 4.0000
      vertex 46.5533 42.5500 4.0000
      vertex 46.5533 42.5500 4.8000
    endloop
  endfacet
  facet normal 0.000000 -1.000000 0.000000
    outer loop
      vertex 44.7800 42.5500 4.0000
      vertex 46.5533 42.5500 4.8000
      vertex 44.7800 42.5500 4.8000
    endloop
  endfacet
  facet normal -1.000000 0.000000 0.000000
    outer loop
      vertex 46.5533 42.5500 4.0000
      vertex 46.5533 41.4500 4.0000
      vertex 46.5533 41.4500 4.8000
    endloop
  endfacet
  facet normal -1.000000 0.000000 0.000000
    outer loop
      vertex 46.5533 42.5500 4.0000
      vertex 46.5533 41.4500 4.8000
      vertex 46.5533 42.5500 4.8000
    endloop
  endfacet
  facet normal -0.000000 0.000000 -1.000000
    outer loop
      vertex 51.0123 33.5397 4.8000
      vertex 49.3739 32.8611 4.8000
      vertex 48.9530 33.8773 4.8000
    endloop
  endfacet
  facet normal 0.000000 0.000000 -1.000000
    outer loop
      vertex 51.0123 33.5397 4.8000
      vertex 48.9530 33.8773 4.8000
      vertex 50.5913 34.5560 4.8000
    endloop
  endfacet
  facet normal -0.382683 0.923880 0.000000
    outer loop
      vertex 51.0123 33.5397 4.0000
      vertex 49.3739 32.8611 4.0000
      vertex 49.3739 32.8611 4.8000
    endloop
  endfacet
  facet normal -0.382683 0.923880 0.000000
    outer loop
      vertex 51.0123 33.5397 4.0000
      vertex 49.3739 32.8611 4.8000
      vertex 51.0123 33.5397 4.8000
    endloop
  endfacet
  facet normal 0.923880 0.382683 0.000000
    outer loop
      vertex 49.3739 32.8611 4.0000
      vertex 48.9530 33.8773 4.0000
      vertex 48.9530 33.8773 4.8000
    endloop
  endfacet
  facet normal 0.923880 0.382683 -0.000000
    outer loop
      vertex 49.3739 32.8611 4.0000
      vertex 48.9530 33.8773 4.8000
      vertex 49.3739 32.8611 4.8000
    endloop
  endfacet
  facet normal 0.382683 -0.923880 0.000000
    outer loop
      vertex 48.9530 33.8773 4.0000
      vertex 50.5913 34.5560 4.0000
      vertex 50.5913 34.5560 4.8000
    endloop
  endfacet
  facet normal 0.382683 -0.923880 0.000000
    outer loop
      vertex 48.9530 33.8773 4.0000
      vertex 50.5913 34.5560 4.8000
      vertex 48.9530 33.8773 4.8000
    endloop
  endfacet
  facet normal -0.923880 -0.382683 0.000000
    outer loop
      vertex 50.5913 34.5560 4.0000
      vertex 51.0123 33.5397 4.0000
      vertex 51.0123 33.5397 4.8000
    endloop
  endfacet
  facet normal -0.923880 -0.382683 0.000000
    outer loop
      vertex 50.5913 34.5560 4.0000
      vertex 51.0123 33.5397 4.8000
      vertex 50.5913 34.5560 4.8000
    endloop
  endfacet
  facet normal -0.000000 0.000000 -1.000000
    outer loop
      vertex 49.7804 33.0295 4.8000
      vertex 48.1421 32.3508 4.8000
      vertex 47.7211 33.3671 4.8000
    endloop
  endfacet
  facet normal 0.000000 0.000000 -1.000000
    outer loop
      vertex 49.7804 33.0295 4.8000
      vertex 47.7211 33.3671 4.8000
      vertex 49.3595 34.0457 4.8000
    endloop
  endfacet
  facet normal -0.382683 0.923880 0.000000
    outer loop
      vertex 49.7804 33.0295 4.0000
      vertex 48.1421 32.3508 4.0000
      vertex 48.1421 32.3508 4.8000
    endloop
  endfacet
  facet normal -0.382683 0.923880 0.000000
    outer loop
      vertex 49.7804 33.0295 4.0000
      vertex 48.1421 32.3508 4.8000
      vertex 49.7804 33.0295 4.8000
    endloop
  endfacet
  facet normal 0.923880 0.382683 0.000000
    outer loop
      vertex 48.1421 32.3508 4.0000
      vertex 47.7211 33.3671 4.0000
      vertex 47.7211 33.3671 4.8000
    endloop
  endfacet
  facet normal 0.923880 0.382683 -0.000000
    outer loop
      vertex 48.1421 32.3508 4.0000
      vertex 47.7211 33.3671 4.8000
      vertex 48.1421 32.3508 4.8000
    endloop
  endfacet
  facet normal 0.382683 -0.923880 0.000000
    outer loop
      vertex 47.7211 33.3671 4.0000
      vertex 49.3595 34.0457 4.0000
      vertex 49.3595 34.0457 4.8000
    endloop
  endfacet
  facet normal 0.382683 -0.923880 0.000000
    outer loop
      vertex 47.7211 33.3671 4.0000
      vertex 49.3595 34.0457 4.8000
      vertex 47.7211 33.3671 4.8000
    endloop
  endfacet
  facet normal -0.923880 -0.382683 0.000000
    outer loop
      vertex 49.3595 34.0457 4.0000
      vertex 49.7804 33.0295 4.0000
      vertex 49.7804 33.0295 4.8000
    endloop
  endfacet
  facet normal -0.923880 -0.382683 0.000000
    outer loop
      vertex 49.3595 34.0457 4.0000
      vertex 49.7804 33.0295 4.8000
      vertex 49.3595 34.0457 4.8000
    endloop
  endfacet
  facet normal -0.000000 0.000000 -1.000000
    outer loop
      vertex 48.5486 32.5192 4.8000
      vertex 46.9102 31.8406 4.8000
      vertex 46.4893 32.8569 4.8000
    endloop
  endfacet
  facet normal 0.000000 0.000000 -1.000000
    outer loop
      vertex 48.5486 32.5192 4.8000
      vertex 46.4893 32.8569 4.8000
      vertex 48.1276 33.5355 4.8000
    endloop
  endfacet
  facet normal -0.382683 0.923880 0.000000
    outer loop
      vertex 48.5486 32.5192 4.0000
      vertex 46.9102 31.8406 4.0000
      vertex 46.9102 31.8406 4.8000
    endloop
  endfacet
  facet normal -0.382683 0.923880 0.000000
    outer loop
      vertex 48.5486 32.5192 4.0000
      vertex 46.9102 31.8406 4.8000
      vertex 48.5486 32.5192 4.8000
    endloop
  endfacet
  facet normal 0.923880 0.382683 0.000000
    outer loop
      vertex 46.9102 31.8406 4.0000
      vertex 46.4893 32.8569 4.0000
      vertex 46.4893 32.8569 4.8000
    endloop
  endfacet
  facet normal 0.923880 0.382683 -0.000000
    outer loop
      vertex 46.9102 31.8406 4.0000
      vertex 46.4893 32.8569 4.8000
      vertex 46.9102 31.8406 4.8000
    endloop
  endfacet
  facet normal 0.382683 -0.923880 0.000000
    outer loop
      vertex 46.4893 32.8569 4.0000
      vertex 48.1276 33.5355 4.0000
      vertex 48.1276 33.5355 4.8000
    endloop
  endfacet
  facet normal 0.382683 -0.923880 0.000000
    outer loop
      vertex 46.4893 32.8569 4.0000
      vertex 48.1276 33.5355 4.8000
      vertex 46.4893 32.8569 4.8000
    endloop
  endfacet
  facet normal -0.923880 -0.382683 0.000000
    outer loop
      vertex 48.1276 33.5355 4.0000
      vertex 48.5486 32.5192 4.0000
      vertex 48.5486 32.5192 4.8000
    endloop
  endfacet
  facet normal -0.923880 -0.382683 0.000000
    outer loop
      vertex 48.1276 33.5355 4.0000
      vertex 48.5486 32.5192 4.8000
      vertex 48.1276 33.5355 4.8000
    endloop
  endfacet
  facet normal 0.000000 0.000000 -1.000000
    outer loop
      vertex 55.6952 26.9174 4.8000
      vertex 54.4413 25.6635 4.8000
      vertex 53.6635 26.4413 4.8000
    endloop
  endfacet
  facet normal -0.000000 0.000000 -1.000000
    outer loop
      vertex 55.6952 26.9174 4.8000
      vertex 53.6635 26.4413 4.8000
      vertex 54.9174 27.6952 4.8000
    endloop
  endfacet
  facet normal -0.707107 0.707107 0.000000
    outer loop
      vertex 55.6952 26.9174 4.0000
      vertex 54.4413 25.6635 4.0000
      vertex 54.4413 25.6635 4.8000
    endloop
  endfacet
  facet normal -0.707107 0.707107 0.000000
    outer loop
      vertex 55.6952 26.9174 4.0000
      vertex 54.4413 25.6635 4.8000
      vertex 55.6952 26.9174 4.8000
    endloop
  endfacet
  facet normal 0.707107 0.707107 0.000000
    outer loop
      vertex 54.4413 25.6635 4.0000
      vertex 53.6635 26.4413 4.0000
      vertex 53.6635 26.4413 4.8000
    endloop
  endfacet
  facet normal 0.707107 0.707107 -0.000000
    outer loop
      vertex 54.4413 25.6635 4.0000
      vertex 53.6635 26.4413 4.8000
      vertex 54.4413 25.6635 4.8000
    endloop
  endfacet
  facet normal 0.707107 -0.707107 0.000000
    outer loop
      vertex 53.6635 26.4413 4.0000
      vertex 54.9174 27.6952 4.0000
      vertex 54.9174 27.6952 4.8000
    endloop
  endfacet
  facet normal 0.707107 -0.707107 0.000000
    outer loop
      vertex 53.6635 26.4413 4.0000
      vertex 54.9174 27.6952 4.8000
      vertex 53.6635 26.4413 4.8000
    endloop
  endfacet
  facet normal -0.707107 -0.707107 0.000000
    outer loop
      vertex 54.9174 27.6952 4.0000
      vertex 55.6952 26.9174 4.0000
      vertex 55.6952 26.9174 4.8000
    endloop
  endfacet
  facet normal -0.707107 -0.707107 0.000000
    outer loop
      vertex 54.9174 27.6952 4.0000
      vertex 55.6952 26.9174 4.8000
      vertex 54.9174 27.6952 4.8000
    endloop
  endfacet
  facet normal 0.000000 0.000000 -1.000000
    outer loop
      vertex 54.7524 25.9746 4.8000
      vertex 53.4985 24.7207 4.8000
      vertex 52.7207 25.4985 4.8000
    endloop
  endfacet
  facet normal -0.000000 0.000000 -1.000000
    outer loop
      vertex 54.7524 25.9746 4.8000
      vertex 52.7207 25.4985 4.8000
      vertex 53.9746 26.7524 4.8000
    endloop
  endfacet
  facet normal -0.707107 0.707107 0.000000
    outer loop
      vertex 54.7524 25.9746 4.0000
      vertex 53.4985 24.7207 4.0000
      vertex 53.4985 24.7207 4.8000
    endloop
  endfacet
  facet normal -0.707107 0.707107 0.000000
    outer loop
      vertex 54.7524 25.9746 4.0000
      vertex 53.4985 24.7207 4.8000
      vertex 54.7524 25.9746 4.8000
    endloop
  endfacet
  facet normal 0.707107 0.707107 0.000000
    outer loop
      vertex 53.4985 24.7207 4.0000
      vertex 52.7207 25.4985 4.0000
      vertex 52.7207 25.4985 4.8000
    endloop
  endfacet
  facet normal 0.707107 0.707107 -0.000000
    outer loop
      vertex 53.4985 24.7207 4.0000
      vertex 52.7207 25.4985 4.8000
      vertex 53.4985 24.7207 4.8000
    endloop
  endfacet
  facet normal 0.707107 -0.707107 0.000000
    outer loop
      vertex 52.7207 25.4985 4.0000
      vertex 53.9746 26.7524 4.0000
      vertex 53.9746 26.7524 4.8000
    endloop
  endfacet
  facet normal 0.707107 -0.707107 0.000000
    outer loop
      vertex 52.7207 25.4985 4.0000
      vertex 53.9746 26.7524 4.8000
      vertex 52.7207 25.4985 4.8000
    endloop
  endfacet
  facet normal -0.707107 -0.707107 0.000000
    outer loop
      vertex 53.9746 26.7524 4.0000
      vertex 54.7524 25.9746 4.0000
      vertex 54.7524 25.9746 4.8000
    endloop
  endfacet
  facet normal -0.707107 -0.707107 0.000000
    outer loop
      vertex 53.9746 26.7524 4.0000
      vertex 54.7524 25.9746 4.8000
      vertex 53.9746 26.7524 4.8000
    endloop
  endfacet
  facet normal 0.000000 0.000000 -1.000000
    outer loop
      vertex 53.8096 25.0318 4.8000
      vertex 52.5557 23.7779 4.8000
      vertex 51.7779 24.5557 4.8000
    endloop
  endfacet
  facet normal -0.000000 0.000000 -1.000000
    outer loop
      vertex 53.8096 25.0318 4.8000
      vertex 51.7779 24.5557 4.8000
      vertex 53.0318 25.8096 4.8000
    endloop
  endfacet
  facet normal -0.707107 0.707107 0.000000
    outer loop
      vertex 53.8096 25.0318 4.0000
      vertex 52.5557 23.7779 4.0000
      vertex 52.5557 23.7779 4.8000
    endloop
  endfacet
  facet normal -0.707107 0.707107 0.000000
    outer loop
      vertex 53.8096 25.0318 4.0000
      vertex 52.5557 23.7779 4.8000
      vertex 53.8096 25.0318 4.8000
    endloop
  endfacet
  facet normal 0.707107 0.707107 0.000000
    outer loop
      vertex 52.5557 23.7779 4.0000
      vertex 51.7779 24.5557 4.0000
      vertex 51.7779 24.5557 4.8000
    endloop
  endfacet
  facet normal 0.707107 0.707107 -0.000000
    outer loop
      vertex 52.5557 23.7779 4.0000
      vertex 51.7779 24.5557 4.8000
      vertex 52.5557 23.7779 4.8000
    endloop
  endfacet
  facet normal 0.707107 -0.707107 0.000000
    outer loop
      vertex 51.7779 24.5557 4.0000
      vertex 53.0318 25.8096 4.0000
      vertex 53.0318 25.8096 4.8000
    endloop
  endfacet
  facet normal 0.707107 -0.707107 0.000000
    outer loop
      vertex 51.7779 24.5557 4.0000
      vertex 53.0318 25.8096 4.8000
      vertex 51.7779 24.5557 4.8000
    endloop
  endfacet
  facet normal -0.707107 -0.707107 0.000000
    outer loop
      vertex 53.0318 25.8096 4.0000
      vertex 53.8096 25.0318 4.0000
      vertex 53.8096 25.0318 4.8000
    endloop
  endfacet
  facet normal -0.707107 -0.707107 0.000000
    outer loop
      vertex 53.0318 25.8096 4.0000
      vertex 53.8096 25.0318 4.8000
      vertex 53.0318 25.8096 4.8000
    endloop
  endfacet
  facet normal 0.000000 0.000000 -1.000000
    outer loop
      vertex 40.6678 21.5549 4.8000
      vertex 42.3709 20.7496 4.8000
      vertex 41.9006 19.7551 4.8000
    endloop
  endfacet
  facet normal 0.000000 -0.000000 -1.000000
    outer loop
      vertex 40.6678 21.5549 4.8000
      vertex 41.9006 19.7551 4.8000
      vertex 40.1976 20.5605 4.8000
    endloop
  endfacet
  facet normal -0.427513 -0.904009 0.000000
    outer loop
      vertex 40.6678 21.5549 4.0000
      vertex 42.3709 20.7496 4.0000
      vertex 42.3709 20.7496 4.8000
    endloop
  endfacet
  facet normal -0.427513 -0.904009 0.000000
    outer loop
      vertex 40.6678 21.5549 4.0000
      vertex 42.3709 20.7496 4.8000
      vertex 40.6678 21.5549 4.8000
    endloop
  endfacet
  facet normal -0.904009 0.427513 0.000000
    outer loop
      vertex 42.3709 20.7496 4.0000
      vertex 41.9006 19.7551 4.0000
      vertex 41.9006 19.7551 4.8000
    endloop
  endfacet
  facet normal -0.904009 0.427513 0.000000
    outer loop
      vertex 42.3709 20.7496 4.0000
      vertex 41.9006 19.7551 4.8000
      vertex 42.3709 20.7496 4.8000
    endloop
  endfacet
  facet normal 0.427513 0.904009 0.000000
    outer loop
      vertex 41.9006 19.7551 4.0000
      vertex 40.1976 20.5605 4.0000
      vertex 40.1976 20.5605 4.8000
    endloop
  endfacet
  facet normal 0.427513 0.904009 -0.000000
    outer loop
      vertex 41.9006 19.7551 4.0000
      vertex 40.1976 20.5605 4.8000
      vertex 41.9006 19.7551 4.8000
    endloop
  endfacet
  facet normal 0.904009 -0.427513 0.000000
    outer loop
      vertex 40.1976 20.5605 4.0000
      vertex 40.6678 21.5549 4.0000
      vertex 40.6678 21.5549 4.8000
    endloop
  endfacet
  facet normal 0.904009 -0.427513 0.000000
    outer loop
      vertex 40.1976 20.5605 4.0000
      vertex 40.6678 21.5549 4.8000
      vertex 40.1976 20.5605 4.8000
    endloop
  endfacet
  facet normal 0.000000 0.000000 -1.000000
    outer loop
      vertex 41.9650 20.9381 4.8000
      vertex 43.6706 20.1599 4.8000
      vertex 43.2139 19.1591 4.8000
    endloop
  endfacet
  facet normal 0.000000 -0.000000 -1.000000
    outer loop
      vertex 41.9650 20.9381 4.8000
      vertex 43.2139 19.1591 4.8000
      vertex 41.5084 19.9374 4.8000
    endloop
  endfacet
  facet normal -0.415124 -0.909765 0.000000
    outer loop
      vertex 41.9650 20.9381 4.0000
      vertex 43.6706 20.1599 4.0000
      vertex 43.6706 20.1599 4.8000
    endloop
  endfacet
  facet normal -0.415124 -0.909765 0.000000
    outer loop
      vertex 41.9650 20.9381 4.0000
      vertex 43.6706 20.1599 4.8000
      vertex 41.9650 20.9381 4.8000
    endloop
  endfacet
  facet normal -0.909765 0.415124 0.000000
    outer loop
      vertex 43.6706 20.1599 4.0000
      vertex 43.2139 19.1591 4.0000
      vertex 43.2139 19.1591 4.8000
    endloop
  endfacet
  facet normal -0.909765 0.415124 0.000000
    outer loop
      vertex 43.6706 20.1599 4.0000
      vertex 43.2139 19.1591 4.8000
      vertex 43.6706 20.1599 4.8000
    endloop
  endfacet
  facet normal 0.415124 0.909765 0.000000
    outer loop
      vertex 43.2139 19.1591 4.0000
      vertex 41.5084 19.9374 4.0000
      vertex 41.5084 19.9374 4.8000
    endloop
  endfacet
  facet normal 0.415124 0.909765 -0.000000
    outer loop
      vertex 43.2139 19.1591 4.0000
      vertex 41.5084 19.9374 4.8000
      vertex 43.2139 19.1591 4.8000
    endloop
  endfacet
  facet normal 0.909765 -0.415124 0.000000
    outer loop
      vertex 41.5084 19.9374 4.0000
      vertex 41.9650 20.9381 4.0000
      vertex 41.9650 20.9381 4.8000
    endloop
  endfacet
  facet normal 0.909765 -0.415124 0.000000
    outer loop
      vertex 41.5084 19.9374 4.0000
      vertex 41.9650 20.9381 4.8000
      vertex 41.5084 19.9374 4.8000
    endloop
  endfacet
  facet normal 0.000000 0.000000 -1.000000
    outer loop
      vertex 43.2605 20.3429 4.8000
      vertex 44.9690 19.5970 4.8000
      vertex 44.5289 18.5889 4.8000
    endloop
  endfacet
  facet normal 0.000000 -0.000000 -1.000000
    outer loop
      vertex 43.2605 20.3429 4.8000
      vertex 44.5289 18.5889 4.8000
      vertex 42.8204 19.3348 4.8000
    endloop
  endfacet
  facet normal -0.400105 -0.916469 0.000000
    outer loop
      vertex 43.2605 20.3429 4.0000
      vertex 44.9690 19.5970 4.0000
      vertex 44.9690 19.5970 4.8000
    endloop
  endfacet
  facet normal -0.400105 -0.916469 0.000000
    outer loop
      vertex 43.2605 20.3429 4.0000
      vertex 44.9690 19.5970 4.8000
      vertex 43.2605 20.3429 4.8000
    endloop
  endfacet
  facet normal -0.916469 0.400105 0.000000
    outer loop
      vertex 44.9690 19.5970 4.0000
      vertex 44.5289 18.5889 4.0000
      vertex 44.5289 18.5889 4.8000
    endloop
  endfacet
  facet normal -0.916469 0.400105 0.000000
    outer loop
      vertex 44.9690 19.5970 4.0000
      vertex 44.5289 18.5889 4.8000
      vertex 44.9690 19.5970 4.8000
    endloop
  endfacet
  facet normal 0.400105 0.916469 0.000000
    outer loop
      vertex 44.5289 18.5889 4.0000
      vertex 42.8204 19.3348 4.0000
      vertex 42.8204 19.3348 4.8000
    endloop
  endfacet
  facet normal 0.400105 0.916469 -0.000000
    outer loop
      vertex 44.5289 18.5889 4.0000
      vertex 42.8204 19.3348 4.8000
      vertex 44.5289 18.5889 4.8000
    endloop
  endfacet
  facet normal 0.916469 -0.400105 0.000000
    outer loop
      vertex 42.8204 19.3348 4.0000
      vertex 43.2605 20.3429 4.0000
      vertex 43.2605 20.3429 4.8000
    endloop
  endfacet
  facet normal 0.916469 -0.400105 0.000000
    outer loop
      vertex 42.8204 19.3348 4.0000
      vertex 43.2605 20.3429 4.8000
      vertex 42.8204 19.3348 4.8000
    endloop
  endfacet
  facet normal 0.000000 0.000000 -1.000000
    outer loop
      vertex 44.5544 19.7733 4.8000
      vertex 46.2662 19.0648 4.8000
      vertex 45.8456 18.0484 4.8000
    endloop
  endfacet
  facet normal 0.000000 -0.000000 -1.000000
    outer loop
      vertex 44.5544 19.7733 4.8000
      vertex 45.8456 18.0484 4.8000
      vertex 44.1338 18.7569 4.8000
    endloop
  endfacet
  facet normal -0.382408 -0.923994 0.000000
    outer loop
      vertex 44.5544 19.7733 4.0000
      vertex 46.2662 19.0648 4.0000
      vertex 46.2662 19.0648 4.8000
    endloop
  endfacet
  facet normal -0.382408 -0.923994 0.000000
    outer loop
      vertex 44.5544 19.7733 4.0000
      vertex 46.2662 19.0648 4.8000
      vertex 44.5544 19.7733 4.8000
    endloop
  endfacet
  facet normal -0.923994 0.382408 0.000000
    outer loop
      vertex 46.2662 19.0648 4.0000
      vertex 45.8456 18.0484 4.0000
      vertex 45.8456 18.0484 4.8000
    endloop
  endfacet
  facet normal -0.923994 0.382408 0.000000
    outer loop
      vertex 46.2662 19.0648 4.0000
      vertex 45.8456 18.0484 4.8000
      vertex 46.2662 19.0648 4.8000
    endloop
  endfacet
  facet normal 0.382408 0.923994 0.000000
    outer loop
      vertex 45.8456 18.0484 4.0000
      vertex 44.1338 18.7569 4.0000
      vertex 44.1338 18.7569 4.8000
    endloop
  endfacet
  facet normal 0.382408 0.923994 -0.000000
    outer loop
      vertex 45.8456 18.0484 4.0000
      vertex 44.1338 18.7569 4.8000
      vertex 45.8456 18.0484 4.8000
    endloop
  endfacet
  facet normal 0.923994 -0.382408 0.000000
    outer loop
      vertex 44.1338 18.7569 4.0000
      vertex 44.5544 19.7733 4.0000
      vertex 44.5544 19.7733 4.8000
    endloop
  endfacet
  facet normal 0.923994 -0.382408 0.000000
    outer loop
      vertex 44.1338 18.7569 4.0000
      vertex 44.5544 19.7733 4.8000
      vertex 44.1338 18.7569 4.8000
    endloop
  endfacet
  facet normal 0.000000 0.000000 -1.000000
    outer loop
      vertex 45.8466 19.2331 4.8000
      vertex 47.5621 18.5670 4.8000
      vertex 47.1639 17.5416 4.8000
    endloop
  endfacet
  facet normal 0.000000 -0.000000 -1.000000
    outer loop
      vertex 45.8466 19.2331 4.8000
      vertex 47.1639 17.5416 4.8000
      vertex 45.4485 18.2077 4.8000
    endloop
  endfacet
  facet normal -0.361993 -0.932181 0.000000
    outer loop
      vertex 45.8466 19.2331 4.0000
      vertex 47.5621 18.5670 4.0000
      vertex 47.5621 18.5670 4.8000
    endloop
  endfacet
  facet normal -0.361993 -0.932181 0.000000
    outer loop
      vertex 45.8466 19.2331 4.0000
      vertex 47.5621 18.5670 4.8000
      vertex 45.8466 19.2331 4.8000
    endloop
  endfacet
  facet normal -0.932181 0.361993 0.000000
    outer loop
      vertex 47.5621 18.5670 4.0000
      vertex 47.1639 17.5416 4.0000
      vertex 47.1639 17.5416 4.8000
    endloop
  endfacet
  facet normal -0.932181 0.361993 0.000000
    outer loop
      vertex 47.5621 18.5670 4.0000
      vertex 47.1639 17.5416 4.8000
      vertex 47.5621 18.5670 4.8000
    endloop
  endfacet
  facet normal 0.361993 0.932181 0.000000
    outer loop
      vertex 47.1639 17.5416 4.0000
      vertex 45.4485 18.2077 4.0000
      vertex 45.4485 18.2077 4.8000
    endloop
  endfacet
  facet normal 0.361993 0.932181 -0.000000
    outer loop
      vertex 47.1639 17.5416 4.0000
      vertex 45.4485 18.2077 4.8000
      vertex 47.1639 17.5416 4.8000
    endloop
  endfacet
  facet normal 0.932181 -0.361993 0.000000
    outer loop
      vertex 45.4485 18.2077 4.0000
      vertex 45.8466 19.2331 4.0000
      vertex 45.8466 19.2331 4.8000
    endloop
  endfacet
  facet normal 0.932181 -0.361993 0.000000
    outer loop
      vertex 45.4485 18.2077 4.0000
      vertex 45.8466 19.2331 4.8000
      vertex 45.4485 18.2077 4.8000
    endloop
  endfacet
  facet normal 0.000000 0.000000 -1.000000
    outer loop
      vertex 47.1373 18.7259 4.8000
      vertex 48.8565 18.1067 4.8000
      vertex 48.4838 17.0718 4.8000
    endloop
  endfacet
  facet normal 0.000000 -0.000000 -1.000000
    outer loop
      vertex 47.1373 18.7259 4.8000
      vertex 48.4838 17.0718 4.8000
      vertex 46.7645 17.6910 4.8000
    endloop
  endfacet
  facet normal -0.338837 -0.940845 0.000000
    outer loop
      vertex 47.1373 18.7259 4.0000
      vertex 48.8565 18.1067 4.0000
      vertex 48.8565 18.1067 4.8000
    endloop
  endfacet
  facet normal -0.338837 -0.940845 0.000000
    outer loop
      vertex 47.1373 18.7259 4.0000
      vertex 48.8565 18.1067 4.8000
      vertex 47.1373 18.7259 4.8000
    endloop
  endfacet
  facet normal -0.940845 0.338837 0.000000
    outer loop
      vertex 48.8565 18.1067 4.0000
      vertex 48.4838 17.0718 4.0000
      vertex 48.4838 17.0718 4.8000
    endloop
  endfacet
  facet normal -0.940845 0.338837 0.000000
    outer loop
      vertex 48.8565 18.1067 4.0000
      vertex 48.4838 17.0718 4.8000
      vertex 48.8565 18.1067 4.8000
    endloop
  endfacet
  facet normal 0.338837 0.940845 0.000000
    outer loop
      vertex 48.4838 17.0718 4.0000
      vertex 46.7645 17.6910 4.0000
      vertex 46.7645 17.6910 4.8000
    endloop
  endfacet
  facet normal 0.338837 0.940845 -0.000000
    outer loop
      vertex 48.4838 17.0718 4.0000
      vertex 46.7645 17.6910 4.8000
      vertex 48.4838 17.0718 4.8000
    endloop
  endfacet
  facet normal 0.940845 -0.338837 0.000000
    outer loop
      vertex 46.7645 17.6910 4.0000
      vertex 47.1373 18.7259 4.0000
      vertex 47.1373 18.7259 4.8000
    endloop
  endfacet
  facet normal 0.940845 -0.338837 0.000000
    outer loop
      vertex 46.7645 17.6910 4.0000
      vertex 47.1373 18.7259 4.8000
      vertex 46.7645 17.6910 4.8000
    endloop
  endfacet
  facet normal 0.000000 0.000000 -1.000000
    outer loop
      vertex 48.4263 18.2550 4.8000
      vertex 50.1495 17.6873 4.8000
      vertex 49.8053 16.6425 4.8000
    endloop
  endfacet
  facet normal 0.000000 -0.000000 -1.000000
    outer loop
      vertex 48.4263 18.2550 4.8000
      vertex 49.8053 16.6425 4.8000
      vertex 48.0821 17.2103 4.8000
    endloop
  endfacet
  facet normal -0.312944 -0.949772 0.000000
    outer loop
      vertex 48.4263 18.2550 4.0000
      vertex 50.1495 17.6873 4.0000
      vertex 50.1495 17.6873 4.8000
    endloop
  endfacet
  facet normal -0.312944 -0.949772 0.000000
    outer loop
      vertex 48.4263 18.2550 4.0000
      vertex 50.1495 17.6873 4.8000
      vertex 48.4263 18.2550 4.8000
    endloop
  endfacet
  facet normal -0.949772 0.312944 0.000000
    outer loop
      vertex 50.1495 17.6873 4.0000
      vertex 49.8053 16.6425 4.0000
      vertex 49.8053 16.6425 4.8000
    endloop
  endfacet
  facet normal -0.949772 0.312944 0.000000
    outer loop
      vertex 50.1495 17.6873 4.0000
      vertex 49.8053 16.6425 4.8000
      vertex 50.1495 17.6873 4.8000
    endloop
  endfacet
  facet normal 0.312944 0.949772 0.000000
    outer loop
      vertex 49.8053 16.6425 4.0000
      vertex 48.0821 17.2103 4.0000
      vertex 48.0821 17.2103 4.8000
    endloop
  endfacet
  facet normal 0.312944 0.949772 -0.000000
    outer loop
      vertex 49.8053 16.6425 4.0000
      vertex 48.0821 17.2103 4.8000
      vertex 49.8053 16.6425 4.8000
    endloop
  endfacet
  facet normal 0.949772 -0.312944 0.000000
    outer loop
      vertex 48.0821 17.2103 4.0000
      vertex 48.4263 18.2550 4.0000
      vertex 48.4263 18.2550 4.8000
    endloop
  endfacet
  facet normal 0.949772 -0.312944 0.000000
    outer loop
      vertex 48.0821 17.2103 4.0000
      vertex 48.4263 18.2550 4.8000
      vertex 48.0821 17.2103 4.8000
    endloop
  endfacet
  facet normal 0.000000 0.000000 -1.000000
    outer loop
      vertex 49.7139 17.8236 4.8000
      vertex 51.4410 17.3114 4.8000
      vertex 51.1282 16.2568 4.8000
    endloop
  endfacet
  facet normal 0.000000 -0.000000 -1.000000
    outer loop
      vertex 49.7139 17.8236 4.8000
      vertex 51.1282 16.2568 4.8000
      vertex 49.4011 16.7690 4.8000
    endloop
  endfacet
  facet normal -0.284352 -0.958720 0.000000
    outer loop
      vertex 49.7139 17.8236 4.0000
      vertex 51.4410 17.3114 4.0000
      vertex 51.4410 17.3114 4.8000
    endloop
  endfacet
  facet normal -0.284352 -0.958720 0.000000
    outer loop
      vertex 49.7139 17.8236 4.0000
      vertex 51.4410 17.3114 4.8000
      vertex 49.7139 17.8236 4.8000
    endloop
  endfacet
  facet normal -0.958720 0.284352 0.000000
    outer loop
      vertex 51.4410 17.3114 4.0000
      vertex 51.1282 16.2568 4.0000
      vertex 51.1282 16.2568 4.8000
    endloop
  endfacet
  facet normal -0.958720 0.284352 0.000000
    outer loop
      vertex 51.4410 17.3114 4.0000
      vertex 51.1282 16.2568 4.8000
      vertex 51.4410 17.3114 4.8000
    endloop
  endfacet
  facet normal 0.284352 0.958720 0.000000
    outer loop
      vertex 51.1282 16.2568 4.0000
      vertex 49.4011 16.7690 4.0000
      vertex 49.4011 16.7690 4.8000
    endloop
  endfacet
  facet normal 0.284352 0.958720 -0.000000
    outer loop
      vertex 51.1282 16.2568 4.0000
      vertex 49.4011 16.7690 4.8000
      vertex 51.1282 16.2568 4.8000
    endloop
  endfacet
  facet normal 0.958720 -0.284352 0.000000
    outer loop
      vertex 49.4011 16.7690 4.0000
      vertex 49.7139 17.8236 4.0000
      vertex 49.7139 17.8236 4.8000
    endloop
  endfacet
  facet normal 0.958720 -0.284352 0.000000
    outer loop
      vertex 49.4011 16.7690 4.0000
      vertex 49.7139 17.8236 4.8000
      vertex 49.4011 16.7690 4.8000
    endloop
  endfacet
  facet normal 0.000000 0.000000 -1.000000
    outer loop
      vertex 51.0001 17.4344 4.8000
      vertex 52.7310 16.9815 4.8000
      vertex 52.4526 15.9173 4.8000
    endloop
  endfacet
  facet normal 0.000000 -0.000000 -1.000000
    outer loop
      vertex 51.0001 17.4344 4.8000
      vertex 52.4526 15.9173 4.8000
      vertex 50.7216 16.3702 4.8000
    endloop
  endfacet
  facet normal -0.253147 -0.967428 0.000000
    outer loop
      vertex 51.0001 17.4344 4.0000
      vertex 52.7310 16.9815 4.0000
      vertex 52.7310 16.9815 4.8000
    endloop
  endfacet
  facet normal -0.253147 -0.967428 0.000000
    outer loop
      vertex 51.0001 17.4344 4.0000
      vertex 52.7310 16.9815 4.8000
      vertex 51.0001 17.4344 4.8000
    endloop
  endfacet
  facet normal -0.967428 0.253147 0.000000
    outer loop
      vertex 52.7310 16.9815 4.0000
      vertex 52.4526 15.9173 4.0000
      vertex 52.4526 15.9173 4.8000
    endloop
  endfacet
  facet normal -0.967428 0.253147 0.000000
    outer loop
      vertex 52.7310 16.9815 4.0000
      vertex 52.4526 15.9173 4.8000
      vertex 52.7310 16.9815 4.8000
    endloop
  endfacet
  facet normal 0.253147 0.967428 0.000000
    outer loop
      vertex 52.4526 15.9173 4.0000
      vertex 50.7216 16.3702 4.0000
      vertex 50.7216 16.3702 4.8000
    endloop
  endfacet
  facet normal 0.253147 0.967428 -0.000000
    outer loop
      vertex 52.4526 15.9173 4.0000
      vertex 50.7216 16.3702 4.8000
      vertex 52.4526 15.9173 4.8000
    endloop
  endfacet
  facet normal 0.967428 -0.253147 0.000000
    outer loop
      vertex 50.7216 16.3702 4.0000
      vertex 51.0001 17.4344 4.0000
      vertex 51.0001 17.4344 4.8000
    endloop
  endfacet
  facet normal 0.967428 -0.253147 0.000000
    outer loop
      vertex 50.7216 16.3702 4.0000
      vertex 51.0001 17.4344 4.8000
      vertex 50.7216 16.3702 4.8000
    endloop
  endfacet
  facet normal 0.000000 0.000000 -1.000000
    outer loop
      vertex 52.2850 17.0899 4.8000
      vertex 54.0196 16.6997 4.8000
      vertex 53.7781 15.6266 4.8000
    endloop
  endfacet
  facet normal 0.000000 -0.000000 -1.000000
    outer loop
      vertex 52.2850 17.0899 4.8000
      vertex 53.7781 15.6266 4.8000
      vertex 52.0436 16.0168 4.8000
    endloop
  endfacet
  facet normal -0.219473 -0.975619 0.000000
    outer loop
      vertex 52.2850 17.0899 4.0000
      vertex 54.0196 16.6997 4.0000
      vertex 54.0196 16.6997 4.8000
    endloop
  endfacet
  facet normal -0.219473 -0.975619 0.000000
    outer loop
      vertex 52.2850 17.0899 4.0000
      vertex 54.0196 16.6997 4.8000
      vertex 52.2850 17.0899 4.8000
    endloop
  endfacet
  facet normal -0.975619 0.219473 0.000000
    outer loop
      vertex 54.0196 16.6997 4.0000
      vertex 53.7781 15.6266 4.0000
      vertex 53.7781 15.6266 4.8000
    endloop
  endfacet
  facet normal -0.975619 0.219473 0.000000
    outer loop
      vertex 54.0196 16.6997 4.0000
      vertex 53.7781 15.6266 4.8000
      vertex 54.0196 16.6997 4.8000
    endloop
  endfacet
  facet normal 0.219473 0.975619 0.000000
    outer loop
      vertex 53.7781 15.6266 4.0000
      vertex 52.0436 16.0168 4.0000
      vertex 52.0436 16.0168 4.8000
    endloop
  endfacet
  facet normal 0.219473 0.975619 -0.000000
    outer loop
      vertex 53.7781 15.6266 4.0000
      vertex 52.0436 16.0168 4.8000
      vertex 53.7781 15.6266 4.8000
    endloop
  endfacet
  facet normal 0.975619 -0.219473 0.000000
    outer loop
      vertex 52.0436 16.0168 4.0000
      vertex 52.2850 17.0899 4.0000
      vertex 52.2850 17.0899 4.8000
    endloop
  endfacet
  facet normal 0.975619 -0.219473 0.000000
    outer loop
      vertex 52.0436 16.0168 4.0000
      vertex 52.2850 17.0899 4.8000
      vertex 52.0436 16.0168 4.8000
    endloop
  endfacet
  facet normal 0.000000 0.000000 -1.000000
    outer loop
      vertex 53.5689 16.7925 4.8000
      vertex 55.3067 16.4680 4.8000
      vertex 55.1048 15.3867 4.8000
    endloop
  endfacet
  facet normal 0.000000 -0.000000 -1.000000
    outer loop
      vertex 53.5689 16.7925 4.8000
      vertex 55.1048 15.3867 4.8000
      vertex 53.3670 15.7112 4.8000
    endloop
  endfacet
  facet normal -0.183537 -0.983013 0.000000
    outer loop
      vertex 53.5689 16.7925 4.0000
      vertex 55.3067 16.4680 4.0000
      vertex 55.3067 16.4680 4.8000
    endloop
  endfacet
  facet normal -0.183537 -0.983013 0.000000
    outer loop
      vertex 53.5689 16.7925 4.0000
      vertex 55.3067 16.4680 4.8000
      vertex 53.5689 16.7925 4.8000
    endloop
  endfacet
  facet normal -0.983013 0.183537 0.000000
    outer loop
      vertex 55.3067 16.4680 4.0000
      vertex 55.1048 15.3867 4.0000
      vertex 55.1048 15.3867 4.8000
    endloop
  endfacet
  facet normal -0.983013 0.183537 0.000000
    outer loop
      vertex 55.3067 16.4680 4.0000
      vertex 55.1048 15.3867 4.8000
      vertex 55.3067 16.4680 4.8000
    endloop
  endfacet
  facet normal 0.183537 0.983013 0.000000
    outer loop
      vertex 55.1048 15.3867 4.0000
      vertex 53.3670 15.7112 4.0000
      vertex 53.3670 15.7112 4.8000
    endloop
  endfacet
  facet normal 0.183537 0.983013 -0.000000
    outer loop
      vertex 55.1048 15.3867 4.0000
      vertex 53.3670 15.7112 4.8000
      vertex 55.1048 15.3867 4.8000
    endloop
  endfacet
  facet normal 0.983013 -0.183537 0.000000
    outer loop
      vertex 53.3670 15.7112 4.0000
      vertex 53.5689 16.7925 4.0000
      vertex 53.5689 16.7925 4.8000
    endloop
  endfacet
  facet normal 0.983013 -0.183537 0.000000
    outer loop
      vertex 53.3670 15.7112 4.0000
      vertex 53.5689 16.7925 4.8000
      vertex 53.3670 15.7112 4.8000
    endloop
  endfacet
  facet normal 0.000000 0.000000 -1.000000
    outer loop
      vertex 54.8519 16.5439 4.8000
      vertex 56.5925 16.2877 4.8000
      vertex 56.4323 15.1994 4.8000
    endloop
  endfacet
  facet normal 0.000000 -0.000000 -1.000000
    outer loop
      vertex 54.8519 16.5439 4.8000
      vertex 56.4323 15.1994 4.8000
      vertex 54.6917 15.4556 4.8000
    endloop
  endfacet
  facet normal -0.145616 -0.989341 0.000000
    outer loop
      vertex 54.8519 16.5439 4.0000
      vertex 56.5925 16.2877 4.0000
      vertex 56.5925 16.2877 4.8000
    endloop
  endfacet
  facet normal -0.145616 -0.989341 0.000000
    outer loop
      vertex 54.8519 16.5439 4.0000
      vertex 56.5925 16.2877 4.8000
      vertex 54.8519 16.5439 4.8000
    endloop
  endfacet
  facet normal -0.989341 0.145616 0.000000
    outer loop
      vertex 56.5925 16.2877 4.0000
      vertex 56.4323 15.1994 4.0000
      vertex 56.4323 15.1994 4.8000
    endloop
  endfacet
  facet normal -0.989341 0.145616 0.000000
    outer loop
      vertex 56.5925 16.2877 4.0000
      vertex 56.4323 15.1994 4.8000
      vertex 56.5925 16.2877 4.8000
    endloop
  endfacet
  facet normal 0.145616 0.989341 0.000000
    outer loop
      vertex 56.4323 15.1994 4.0000
      vertex 54.6917 15.4556 4.0000
      vertex 54.6917 15.4556 4.8000
    endloop
  endfacet
  facet normal 0.145616 0.989341 -0.000000
    outer loop
      vertex 56.4323 15.1994 4.0000
      vertex 54.6917 15.4556 4.8000
      vertex 56.4323 15.1994 4.8000
    endloop
  endfacet
  facet normal 0.989341 -0.145616 0.000000
    outer loop
      vertex 54.6917 15.4556 4.0000
      vertex 54.8519 16.5439 4.0000
      vertex 54.8519 16.5439 4.8000
    endloop
  endfacet
  facet normal 0.989341 -0.145616 0.000000
    outer loop
      vertex 54.6917 15.4556 4.0000
      vertex 54.8519 16.5439 4.8000
      vertex 54.6917 15.4556 4.8000
    endloop
  endfacet
  facet normal 0.000000 0.000000 -1.000000
    outer loop
      vertex 56.1343 16.3458 4.8000
      vertex 57.8771 16.1600 4.8000
      vertex 57.7604 15.0662 4.8000
    endloop
  endfacet
  facet normal 0.000000 -0.000000 -1.000000
    outer loop
      vertex 56.1343 16.3458 4.8000
      vertex 57.7604 15.0662 4.8000
      vertex 56.0176 15.2520 4.8000
    endloop
  endfacet
  facet normal -0.106053 -0.994360 0.000000
    outer loop
      vertex 56.1343 16.3458 4.0000
      vertex 57.8771 16.1600 4.0000
      vertex 57.8771 16.1600 4.8000
    endloop
  endfacet
  facet normal -0.106053 -0.994360 0.000000
    outer loop
      vertex 56.1343 16.3458 4.0000
      vertex 57.8771 16.1600 4.8000
      vertex 56.1343 16.3458 4.8000
    endloop
  endfacet
  facet normal -0.994360 0.106053 0.000000
    outer loop
      vertex 57.8771 16.1600 4.0000
      vertex 57.7604 15.0662 4.0000
      vertex 57.7604 15.0662 4.8000
    endloop
  endfacet
  facet normal -0.994360 0.106053 0.000000
    outer loop
      vertex 57.8771 16.1600 4.0000
      vertex 57.7604 15.0662 4.8000
      vertex 57.8771 16.1600 4.8000
    endloop
  endfacet
  facet normal 0.106053 0.994360 0.000000
    outer loop
      vertex 57.7604 15.0662 4.0000
      vertex 56.0176 15.2520 4.0000
      vertex 56.0176 15.2520 4.8000
    endloop
  endfacet
  facet normal 0.106053 0.994360 -0.000000
    outer loop
      vertex 57.7604 15.0662 4.0000
      vertex 56.0176 15.2520 4.8000
      vertex 57.7604 15.0662 4.8000
    endloop
  endfacet
  facet normal 0.994360 -0.106053 0.000000
    outer loop
      vertex 56.0176 15.2520 4.0000
      vertex 56.1343 16.3458 4.0000
      vertex 56.1343 16.3458 4.8000
    endloop
  endfacet
  facet normal 0.994360 -0.106053 0.000000
    outer loop
      vertex 56.0176 15.2520 4.0000
      vertex 56.1343 16.3458 4.8000
      vertex 56.0176 15.2520 4.8000
    endloop
  endfacet
  facet normal 0.000000 0.000000 -1.000000
    outer loop
      vertex 57.4164 16.1996 4.8000
      vertex 59.1607 16.0855 4.8000
      vertex 59.0889 14.9879 4.8000
    endloop
  endfacet
  facet normal 0.000000 -0.000000 -1.000000
    outer loop
      vertex 57.4164 16.1996 4.8000
      vertex 59.0889 14.9879 4.8000
      vertex 57.3446 15.1019 4.8000
    endloop
  endfacet
  facet normal -0.065257 -0.997868 0.000000
    outer loop
      vertex 57.4164 16.1996 4.0000
      vertex 59.1607 16.0855 4.0000
      vertex 59.1607 16.0855 4.8000
    endloop
  endfacet
  facet normal -0.065257 -0.997868 0.000000
    outer loop
      vertex 57.4164 16.1996 4.0000
      vertex 59.1607 16.0855 4.8000
      vertex 57.4164 16.1996 4.8000
    endloop
  endfacet
  facet normal -0.997868 0.065257 0.000000
    outer loop
      vertex 59.1607 16.0855 4.0000
      vertex 59.0889 14.9879 4.0000
      vertex 59.0889 14.9879 4.8000
    endloop
  endfacet
  facet normal -0.997868 0.065257 0.000000
    outer loop
      vertex 59.1607 16.0855 4.0000
      vertex 59.0889 14.9879 4.8000
      vertex 59.1607 16.0855 4.8000
    endloop
  endfacet
  facet normal 0.065257 0.997868 0.000000
    outer loop
      vertex 59.0889 14.9879 4.0000
      vertex 57.3446 15.1019 4.0000
      vertex 57.3446 15.1019 4.8000
    endloop
  endfacet
  facet normal 0.065257 0.997868 -0.000000
    outer loop
      vertex 59.0889 14.9879 4.0000
      vertex 57.3446 15.1019 4.8000
      vertex 59.0889 14.9879 4.8000
    endloop
  endfacet
  facet normal 0.997868 -0.065257 0.000000
    outer loop
      vertex 57.3446 15.1019 4.0000
      vertex 57.4164 16.1996 4.0000
      vertex 57.4164 16.1996 4.8000
    endloop
  endfacet
  facet normal 0.997868 -0.065257 0.000000
    outer loop
      vertex 57.3446 15.1019 4.0000
      vertex 57.4164 16.1996 4.8000
      vertex 57.3446 15.1019 4.8000
    endloop
  endfacet
  facet normal 0.000000 0.000000 -1.000000
    outer loop
      vertex 58.6984 16.1061 4.8000
      vertex 60.4435 16.0648 4.8000
      vertex 60.4174 14.9651 4.8000
    endloop
  endfacet
  facet normal 0.000000 -0.000000 -1.000000
    outer loop
      vertex 58.6984 16.1061 4.8000
      vertex 60.4174 14.9651 4.8000
      vertex 58.6723 15.0064 4.8000
    endloop
  endfacet
  facet normal -0.023685 -0.999719 0.000000
    outer loop
      vertex 58.6984 16.1061 4.0000
      vertex 60.4435 16.0648 4.0000
      vertex 60.4435 16.0648 4.8000
    endloop
  endfacet
  facet normal -0.023685 -0.999719 0.000000
    outer loop
      vertex 58.6984 16.1061 4.0000
      vertex 60.4435 16.0648 4.8000
      vertex 58.6984 16.1061 4.8000
    endloop
  endfacet
  facet normal -0.999719 0.023685 0.000000
    outer loop
      vertex 60.4435 16.0648 4.0000
      vertex 60.4174 14.9651 4.0000
      vertex 60.4174 14.9651 4.8000
    endloop
  endfacet
  facet normal -0.999719 0.023685 0.000000
    outer loop
      vertex 60.4435 16.0648 4.0000
      vertex 60.4174 14.9651 4.8000
      vertex 60.4435 16.0648 4.8000
    endloop
  endfacet
  facet normal 0.023685 0.999719 0.000000
    outer loop
      vertex 60.4174 14.9651 4.0000
      vertex 58.6723 15.0064 4.0000
      vertex 58.6723 15.0064 4.8000
    endloop
  endfacet
  facet normal 0.023685 0.999719 -0.000000
    outer loop
      vertex 60.4174 14.9651 4.0000
      vertex 58.6723 15.0064 4.8000
      vertex 60.4174 14.9651 4.8000
    endloop
  endfacet
  facet normal 0.999719 -0.023685 0.000000
    outer loop
      vertex 58.6723 15.0064 4.0000
      vertex 58.6984 16.1061 4.0000
      vertex 58.6984 16.1061 4.8000
    endloop
  endfacet
  facet normal 0.999719 -0.023685 0.000000
    outer loop
      vertex 58.6723 15.0064 4.0000
      vertex 58.6984 16.1061 4.8000
      vertex 58.6723 15.0064 4.8000
    endloop
  endfacet
  facet normal 0.000000 0.000000 -1.000000
    outer loop
      vertex 40.4408 34.6454 4.8000
      vertex 42.1855 34.5535 4.8000
      vertex 42.1276 33.4550 4.8000
    endloop
  endfacet
  facet normal 0.000000 -0.000000 -1.000000
    outer loop
      vertex 40.4408 34.6454 4.8000
      vertex 42.1276 33.4550 4.8000
      vertex 40.3829 33.5469 4.8000
    endloop
  endfacet
  facet normal -0.052623 -0.998614 0.000000
    outer loop
      vertex 40.4408 34.6454 4.0000
      vertex 42.1855 34.5535 4.0000
      vertex 42.1855 34.5535 4.8000
    endloop
  endfacet
  facet normal -0.052623 -0.998614 0.000000
    outer loop
      vertex 40.4408 34.6454 4.0000
      vertex 42.1855 34.5535 4.8000
      vertex 40.4408 34.6454 4.8000
    endloop
  endfacet
  facet normal -0.998614 0.052623 0.000000
    outer loop
      vertex 42.1855 34.5535 4.0000
      vertex 42.1276 33.4550 4.0000
      vertex 42.1276 33.4550 4.8000
    endloop
  endfacet
  facet normal -0.998614 0.052623 0.000000
    outer loop
      vertex 42.1855 34.5535 4.0000
      vertex 42.1276 33.4550 4.8000
      vertex 42.1855 34.5535 4.8000
    endloop
  endfacet
  facet normal 0.052623 0.998614 0.000000
    outer loop
      vertex 42.1276 33.4550 4.0000
      vertex 40.3829 33.5469 4.0000
      vertex 40.3829 33.5469 4.8000
    endloop
  endfacet
  facet normal 0.052623 0.998614 -0.000000
    outer loop
      vertex 42.1276 33.4550 4.0000
      vertex 40.3829 33.5469 4.8000
      vertex 42.1276 33.4550 4.8000
    endloop
  endfacet
  facet normal 0.998614 -0.052623 0.000000
    outer loop
      vertex 40.3829 33.5469 4.0000
      vertex 40.4408 34.6454 4.0000
      vertex 40.4408 34.6454 4.8000
    endloop
  endfacet
  facet normal 0.998614 -0.052623 0.000000
    outer loop
      vertex 40.3829 33.5469 4.0000
      vertex 40.4408 34.6454 4.8000
      vertex 40.3829 33.5469 4.8000
    endloop
  endfacet
  facet normal 0.000000 0.000000 -1.000000
    outer loop
      vertex 41.7229 34.5682 4.8000
      vertex 43.4681 34.5491 4.8000
      vertex 43.4561 33.4492 4.8000
    endloop
  endfacet
  facet normal 0.000000 -0.000000 -1.000000
    outer loop
      vertex 41.7229 34.5682 4.8000
      vertex 43.4561 33.4492 4.8000
      vertex 41.7109 33.4682 4.8000
    endloop
  endfacet
  facet normal -0.010911 -0.999940 0.000000
    outer loop
      vertex 41.7229 34.5682 4.0000
      vertex 43.4681 34.5491 4.0000
      vertex 43.4681 34.5491 4.8000
    endloop
  endfacet
  facet normal -0.010911 -0.999940 0.000000
    outer loop
      vertex 41.7229 34.5682 4.0000
      vertex 43.4681 34.5491 4.8000
      vertex 41.7229 34.5682 4.8000
    endloop
  endfacet
  facet normal -0.999940 0.010911 0.000000
    outer loop
      vertex 43.4681 34.5491 4.0000
      vertex 43.4561 33.4492 4.0000
      vertex 43.4561 33.4492 4.8000
    endloop
  endfacet
  facet normal -0.999940 0.010911 0.000000
    outer loop
      vertex 43.4681 34.5491 4.0000
      vertex 43.4561 33.4492 4.8000
      vertex 43.4681 34.5491 4.8000
    endloop
  endfacet
  facet normal 0.010911 0.999940 0.000000
    outer loop
      vertex 43.4561 33.4492 4.0000
      vertex 41.7109 33.4682 4.0000
      vertex 41.7109 33.4682 4.8000
    endloop
  endfacet
  facet normal 0.010911 0.999940 -0.000000
    outer loop
      vertex 43.4561 33.4492 4.0000
      vertex 41.7109 33.4682 4.8000
      vertex 43.4561 33.4492 4.8000
    endloop
  endfacet
  facet normal 0.999940 -0.010911 0.000000
    outer loop
      vertex 41.7109 33.4682 4.0000
      vertex 41.7229 34.5682 4.0000
      vertex 41.7229 34.5682 4.8000
    endloop
  endfacet
  facet normal 0.999940 -0.010911 0.000000
    outer loop
      vertex 41.7109 33.4682 4.0000
      vertex 41.7229 34.5682 4.8000
      vertex 41.7109 33.4682 4.8000
    endloop
  endfacet
  facet normal 0.000000 0.000000 -1.000000
    outer loop
      vertex 43.0052 34.5445 4.8000
      vertex 44.7502 34.5985 4.8000
      vertex 44.7843 33.4990 4.8000
    endloop
  endfacet
  facet normal 0.000000 0.000000 -1.000000
    outer loop
      vertex 43.0052 34.5445 4.8000
      vertex 44.7843 33.4990 4.8000
      vertex 43.0392 33.4450 4.8000
    endloop
  endfacet
  facet normal 0.030933 -0.999521 0.000000
    outer loop
      vertex 43.0052 34.5445 4.0000
      vertex 44.7502 34.5985 4.0000
      vertex 44.7502 34.5985 4.8000
    endloop
  endfacet
  facet normal 0.030933 -0.999521 0.000000
    outer loop
      vertex 43.0052 34.5445 4.0000
      vertex 44.7502 34.5985 4.8000
      vertex 43.0052 34.5445 4.8000
    endloop
  endfacet
  facet normal -0.999521 -0.030933 0.000000
    outer loop
      vertex 44.7502 34.5985 4.0000
      vertex 44.7843 33.4990 4.0000
      vertex 44.7843 33.4990 4.8000
    endloop
  endfacet
  facet normal -0.999521 -0.030933 0.000000
    outer loop
      vertex 44.7502 34.5985 4.0000
      vertex 44.7843 33.4990 4.8000
      vertex 44.7502 34.5985 4.8000
    endloop
  endfacet
  facet normal -0.030933 0.999521 0.000000
    outer loop
      vertex 44.7843 33.4990 4.0000
      vertex 43.0392 33.4450 4.0000
      vertex 43.0392 33.4450 4.8000
    endloop
  endfacet
  facet normal -0.030933 0.999521 0.000000
    outer loop
      vertex 44.7843 33.4990 4.0000
      vertex 43.0392 33.4450 4.8000
      vertex 44.7843 33.4990 4.8000
    endloop
  endfacet
  facet normal 0.999521 0.030933 0.000000
    outer loop
      vertex 43.0392 33.4450 4.0000
      vertex 43.0052 34.5445 4.0000
      vertex 43.0052 34.5445 4.8000
    endloop
  endfacet
  facet normal 0.999521 0.030933 -0.000000
    outer loop
      vertex 43.0392 33.4450 4.0000
      vertex 43.0052 34.5445 4.8000
      vertex 43.0392 33.4450 4.8000
    endloop
  endfacet
  facet normal 0.000000 0.000000 -1.000000
    outer loop
      vertex 44.2881 34.5746 4.8000
      vertex 46.0322 34.7012 4.8000
      vertex 46.1119 33.6041 4.8000
    endloop
  endfacet
  facet normal 0.000000 0.000000 -1.000000
    outer loop
      vertex 44.2881 34.5746 4.8000
      vertex 46.1119 33.6041 4.8000
      vertex 44.3678 33.4775 4.8000
    endloop
  endfacet
  facet normal 0.072405 -0.997375 0.000000
    outer loop
      vertex 44.2881 34.5746 4.0000
      vertex 46.0322 34.7012 4.0000
      vertex 46.0322 34.7012 4.8000
    endloop
  endfacet
  facet normal 0.072405 -0.997375 0.000000
    outer loop
      vertex 44.2881 34.5746 4.0000
      vertex 46.0322 34.7012 4.8000
      vertex 44.2881 34.5746 4.8000
    endloop
  endfacet
  facet normal -0.997375 -0.072405 0.000000
    outer loop
      vertex 46.0322 34.7012 4.0000
      vertex 46.1119 33.6041 4.0000
      vertex 46.1119 33.6041 4.8000
    endloop
  endfacet
  facet normal -0.997375 -0.072405 0.000000
    outer loop
      vertex 46.0322 34.7012 4.0000
      vertex 46.1119 33.6041 4.8000
      vertex 46.0322 34.7012 4.8000
    endloop
  endfacet
  facet normal -0.072405 0.997375 0.000000
    outer loop
      vertex 46.1119 33.6041 4.0000
      vertex 44.3678 33.4775 4.0000
      vertex 44.3678 33.4775 4.8000
    endloop
  endfacet
  facet normal -0.072405 0.997375 0.000000
    outer loop
      vertex 46.1119 33.6041 4.0000
      vertex 44.3678 33.4775 4.8000
      vertex 46.1119 33.6041 4.8000
    endloop
  endfacet
  facet normal 0.997375 0.072405 0.000000
    outer loop
      vertex 44.3678 33.4775 4.0000
      vertex 44.2881 34.5746 4.0000
      vertex 44.2881 34.5746 4.8000
    endloop
  endfacet
  facet normal 0.997375 0.072405 -0.000000
    outer loop
      vertex 44.3678 33.4775 4.0000
      vertex 44.2881 34.5746 4.8000
      vertex 44.3678 33.4775 4.8000
    endloop
  endfacet
  facet normal 0.000000 0.000000 -1.000000
    outer loop
      vertex 45.5719 34.6583 4.8000
      vertex 47.3143 34.8565 4.8000
      vertex 47.4386 33.7636 4.8000
    endloop
  endfacet
  facet normal 0.000000 0.000000 -1.000000
    outer loop
      vertex 45.5719 34.6583 4.8000
      vertex 47.4386 33.7636 4.8000
      vertex 45.6962 33.5654 4.8000
    endloop
  endfacet
  facet normal 0.113019 -0.993593 0.000000
    outer loop
      vertex 45.5719 34.6583 4.0000
      vertex 47.3143 34.8565 4.0000
      vertex 47.3143 34.8565 4.8000
    endloop
  endfacet
  facet normal 0.113019 -0.993593 0.000000
    outer loop
      vertex 45.5719 34.6583 4.0000
      vertex 47.3143 34.8565 4.8000
      vertex 45.5719 34.6583 4.8000
    endloop
  endfacet
  facet normal -0.993593 -0.113019 0.000000
    outer loop
      vertex 47.3143 34.8565 4.0000
      vertex 47.4386 33.7636 4.0000
      vertex 47.4386 33.7636 4.8000
    endloop
  endfacet
  facet normal -0.993593 -0.113019 0.000000
    outer loop
      vertex 47.3143 34.8565 4.0000
      vertex 47.4386 33.7636 4.8000
      vertex 47.3143 34.8565 4.8000
    endloop
  endfacet
  facet normal -0.113019 0.993593 0.000000
    outer loop
      vertex 47.4386 33.7636 4.0000
      vertex 45.6962 33.5654 4.0000
      vertex 45.6962 33.5654 4.8000
    endloop
  endfacet
  facet normal -0.113019 0.993593 0.000000
    outer loop
      vertex 47.4386 33.7636 4.0000
      vertex 45.6962 33.5654 4.8000
      vertex 47.4386 33.7636 4.8000
    endloop
  endfacet
  facet normal 0.993593 0.113019 0.000000
    outer loop
      vertex 45.6962 33.5654 4.0000
      vertex 45.5719 34.6583 4.0000
      vertex 45.5719 34.6583 4.8000
    endloop
  endfacet
  facet normal 0.993593 0.113019 -0.000000
    outer loop
      vertex 45.6962 33.5654 4.0000
      vertex 45.5719 34.6583 4.8000
      vertex 45.6962 33.5654 4.8000
    endloop
  endfacet
  facet normal 0.000000 0.000000 -1.000000
    outer loop
      vertex 46.8567 34.7953 4.8000
      vertex 48.5968 35.0635 4.8000
      vertex 48.7644 33.9763 4.8000
    endloop
  endfacet
  facet normal 0.000000 0.000000 -1.000000
    outer loop
      vertex 46.8567 34.7953 4.8000
      vertex 48.7644 33.9763 4.8000
      vertex 47.0242 33.7081 4.8000
    endloop
  endfacet
  facet normal 0.152324 -0.988331 0.000000
    outer loop
      vertex 46.8567 34.7953 4.0000
      vertex 48.5968 35.0635 4.0000
      vertex 48.5968 35.0635 4.8000
    endloop
  endfacet
  facet normal 0.152324 -0.988331 0.000000
    outer loop
      vertex 46.8567 34.7953 4.0000
      vertex 48.5968 35.0635 4.8000
      vertex 46.8567 34.7953 4.8000
    endloop
  endfacet
  facet normal -0.988331 -0.152324 0.000000
    outer loop
      vertex 48.5968 35.0635 4.0000
      vertex 48.7644 33.9763 4.0000
      vertex 48.7644 33.9763 4.8000
    endloop
  endfacet
  facet normal -0.988331 -0.152324 0.000000
    outer loop
      vertex 48.5968 35.0635 4.0000
      vertex 48.7644 33.9763 4.8000
      vertex 48.5968 35.0635 4.8000
    endloop
  endfacet
  facet normal -0.152324 0.988331 0.000000
    outer loop
      vertex 48.7644 33.9763 4.0000
      vertex 47.0242 33.7081 4.0000
      vertex 47.0242 33.7081 4.8000
    endloop
  endfacet
  facet normal -0.152324 0.988331 0.000000
    outer loop
      vertex 48.7644 33.9763 4.0000
      vertex 47.0242 33.7081 4.8000
      vertex 48.7644 33.9763 4.8000
    endloop
  endfacet
  facet normal 0.988331 0.152324 0.000000
    outer loop
      vertex 47.0242 33.7081 4.0000
      vertex 46.8567 34.7953 4.0000
      vertex 46.8567 34.7953 4.8000
    endloop
  endfacet
  facet normal 0.988331 0.152324 -0.000000
    outer loop
      vertex 47.0242 33.7081 4.0000
      vertex 46.8567 34.7953 4.8000
      vertex 47.0242 33.7081 4.8000
    endloop
  endfacet
  facet normal 0.000000 0.000000 -1.000000
    outer loop
      vertex 48.1427 34.9846 4.8000
      vertex 49.8800 35.3206 4.8000
      vertex 50.0889 34.2407 4.8000
    endloop
  endfacet
  facet normal 0.000000 0.000000 -1.000000
    outer loop
      vertex 48.1427 34.9846 4.8000
      vertex 50.0889 34.2407 4.8000
      vertex 48.3516 33.9046 4.8000
    endloop
  endfacet
  facet normal 0.189924 -0.981799 0.000000
    outer loop
      vertex 48.1427 34.9846 4.0000
      vertex 49.8800 35.3206 4.0000
      vertex 49.8800 35.3206 4.8000
    endloop
  endfacet
  facet normal 0.189924 -0.981799 0.000000
    outer loop
      vertex 48.1427 34.9846 4.0000
      vertex 49.8800 35.3206 4.8000
      vertex 48.1427 34.9846 4.8000
    endloop
  endfacet
  facet normal -0.981799 -0.189924 0.000000
    outer loop
      vertex 49.8800 35.3206 4.0000
      vertex 50.0889 34.2407 4.0000
      vertex 50.0889 34.2407 4.8000
    endloop
  endfacet
  facet normal -0.981799 -0.189924 0.000000
    outer loop
      vertex 49.8800 35.3206 4.0000
      vertex 50.0889 34.2407 4.8000
      vertex 49.8800 35.3206 4.8000
    endloop
  endfacet
  facet normal -0.189924 0.981799 0.000000
    outer loop
      vertex 50.0889 34.2407 4.0000
      vertex 48.3516 33.9046 4.0000
      vertex 48.3516 33.9046 4.8000
    endloop
  endfacet
  facet normal -0.189924 0.981799 0.000000
    outer loop
      vertex 50.0889 34.2407 4.0000
      vertex 48.3516 33.9046 4.8000
      vertex 50.0889 34.2407 4.8000
    endloop
  endfacet
  facet normal 0.981799 0.189924 0.000000
    outer loop
      vertex 48.3516 33.9046 4.0000
      vertex 48.1427 34.9846 4.0000
      vertex 48.1427 34.9846 4.8000
    endloop
  endfacet
  facet normal 0.981799 0.189924 -0.000000
    outer loop
      vertex 48.3516 33.9046 4.0000
      vertex 48.1427 34.9846 4.8000
      vertex 48.3516 33.9046 4.8000
    endloop
  endfacet
  facet normal 0.000000 0.000000 -1.000000
    outer loop
      vertex 49.4301 35.2251 4.8000
      vertex 51.1640 35.6264 4.8000
      vertex 51.4120 34.5547 4.8000
    endloop
  endfacet
  facet normal 0.000000 0.000000 -1.000000
    outer loop
      vertex 49.4301 35.2251 4.8000
      vertex 51.4120 34.5547 4.8000
      vertex 49.6781 34.1534 4.8000
    endloop
  endfacet
  facet normal 0.225485 -0.974247 0.000000
    outer loop
      vertex 49.4301 35.2251 4.0000
      vertex 51.1640 35.6264 4.0000
      vertex 51.1640 35.6264 4.8000
    endloop
  endfacet
  facet normal 0.225485 -0.974247 0.000000
    outer loop
      vertex 49.4301 35.2251 4.0000
      vertex 51.1640 35.6264 4.8000
      vertex 49.4301 35.2251 4.8000
    endloop
  endfacet
  facet normal -0.974247 -0.225485 0.000000
    outer loop
      vertex 51.1640 35.6264 4.0000
      vertex 51.4120 34.5547 4.0000
      vertex 51.4120 34.5547 4.8000
    endloop
  endfacet
  facet normal -0.974247 -0.225485 0.000000
    outer loop
      vertex 51.1640 35.6264 4.0000
      vertex 51.4120 34.5547 4.8000
      vertex 51.1640 35.6264 4.8000
    endloop
  endfacet
  facet normal -0.225485 0.974247 0.000000
    outer loop
      vertex 51.4120 34.5547 4.0000
      vertex 49.6781 34.1534 4.0000
      vertex 49.6781 34.1534 4.8000
    endloop
  endfacet
  facet normal -0.225485 0.974247 0.000000
    outer loop
      vertex 51.4120 34.5547 4.0000
      vertex 49.6781 34.1534 4.8000
      vertex 51.4120 34.5547 4.8000
    endloop
  endfacet
  facet normal 0.974247 0.225485 0.000000
    outer loop
      vertex 49.6781 34.1534 4.0000
      vertex 49.4301 35.2251 4.0000
      vertex 49.4301 35.2251 4.8000
    endloop
  endfacet
  facet normal 0.974247 0.225485 -0.000000
    outer loop
      vertex 49.6781 34.1534 4.0000
      vertex 49.4301 35.2251 4.8000
      vertex 49.6781 34.1534 4.8000
    endloop
  endfacet
  facet normal 0.000000 0.000000 -1.000000
    outer loop
      vertex 50.7189 35.5153 4.8000
      vertex 52.4491 35.9788 4.8000
      vertex 52.7338 34.9162 4.8000
    endloop
  endfacet
  facet normal 0.000000 0.000000 -1.000000
    outer loop
      vertex 50.7189 35.5153 4.8000
      vertex 52.7338 34.9162 4.8000
      vertex 51.0035 34.4528 4.8000
    endloop
  endfacet
  facet normal 0.258744 -0.965946 0.000000
    outer loop
      vertex 50.7189 35.5153 4.0000
      vertex 52.4491 35.9788 4.0000
      vertex 52.4491 35.9788 4.8000
    endloop
  endfacet
  facet normal 0.258744 -0.965946 0.000000
    outer loop
      vertex 50.7189 35.5153 4.0000
      vertex 52.4491 35.9788 4.8000
      vertex 50.7189 35.5153 4.8000
    endloop
  endfacet
  facet normal -0.965946 -0.258744 0.000000
    outer loop
      vertex 52.4491 35.9788 4.0000
      vertex 52.7338 34.9162 4.0000
      vertex 52.7338 34.9162 4.8000
    endloop
  endfacet
  facet normal -0.965946 -0.258744 0.000000
    outer loop
      vertex 52.4491 35.9788 4.0000
      vertex 52.7338 34.9162 4.8000
      vertex 52.4491 35.9788 4.8000
    endloop
  endfacet
  facet normal -0.258744 0.965946 0.000000
    outer loop
      vertex 52.7338 34.9162 4.0000
      vertex 51.0035 34.4528 4.0000
      vertex 51.0035 34.4528 4.8000
    endloop
  endfacet
  facet normal -0.258744 0.965946 0.000000
    outer loop
      vertex 52.7338 34.9162 4.0000
      vertex 51.0035 34.4528 4.8000
      vertex 52.7338 34.9162 4.8000
    endloop
  endfacet
  facet normal 0.965946 0.258744 0.000000
    outer loop
      vertex 51.0035 34.4528 4.0000
      vertex 50.7189 35.5153 4.0000
      vertex 50.7189 35.5153 4.8000
    endloop
  endfacet
  facet normal 0.965946 0.258744 -0.000000
    outer loop
      vertex 51.0035 34.4528 4.0000
      vertex 50.7189 35.5153 4.8000
      vertex 51.0035 34.4528 4.8000
    endloop
  endfacet
  facet normal 0.000000 0.000000 -1.000000
    outer loop
      vertex 52.0091 35.8533 4.8000
      vertex 53.7356 36.3755 4.8000
      vertex 54.0540 35.3226 4.8000
    endloop
  endfacet
  facet normal 0.000000 0.000000 -1.000000
    outer loop
      vertex 52.0091 35.8533 4.8000
      vertex 54.0540 35.3226 4.8000
      vertex 52.3276 34.8005 4.8000
    endloop
  endfacet
  facet normal 0.289503 -0.957177 0.000000
    outer loop
      vertex 52.0091 35.8533 4.0000
      vertex 53.7356 36.3755 4.0000
      vertex 53.7356 36.3755 4.8000
    endloop
  endfacet
  facet normal 0.289503 -0.957177 0.000000
    outer loop
      vertex 52.0091 35.8533 4.0000
      vertex 53.7356 36.3755 4.8000
      vertex 52.0091 35.8533 4.8000
    endloop
  endfacet
  facet normal -0.957177 -0.289503 0.000000
    outer loop
      vertex 53.7356 36.3755 4.0000
      vertex 54.0540 35.3226 4.0000
      vertex 54.0540 35.3226 4.8000
    endloop
  endfacet
  facet normal -0.957177 -0.289503 0.000000
    outer loop
      vertex 53.7356 36.3755 4.0000
      vertex 54.0540 35.3226 4.8000
      vertex 53.7356 36.3755 4.8000
    endloop
  endfacet
  facet normal -0.289503 0.957177 0.000000
    outer loop
      vertex 54.0540 35.3226 4.0000
      vertex 52.3276 34.8005 4.0000
      vertex 52.3276 34.8005 4.8000
    endloop
  endfacet
  facet normal -0.289503 0.957177 0.000000
    outer loop
      vertex 54.0540 35.3226 4.0000
      vertex 52.3276 34.8005 4.8000
      vertex 54.0540 35.3226 4.8000
    endloop
  endfacet
  facet normal 0.957177 0.289503 0.000000
    outer loop
      vertex 52.3276 34.8005 4.0000
      vertex 52.0091 35.8533 4.0000
      vertex 52.0091 35.8533 4.8000
    endloop
  endfacet
  facet normal 0.957177 0.289503 -0.000000
    outer loop
      vertex 52.3276 34.8005 4.0000
      vertex 52.0091 35.8533 4.8000
      vertex 52.3276 34.8005 4.8000
    endloop
  endfacet
  facet normal 0.000000 0.000000 -1.000000
    outer loop
      vertex 53.3009 36.2370 4.8000
      vertex 55.0234 36.8140 4.8000
      vertex 55.3728 35.7710 4.8000
    endloop
  endfacet
  facet normal 0.000000 0.000000 -1.000000
    outer loop
      vertex 53.3009 36.2370 4.8000
      vertex 55.3728 35.7710 4.8000
      vertex 53.6503 35.1940 4.8000
    endloop
  endfacet
  facet normal 0.317632 -0.948214 0.000000
    outer loop
      vertex 53.3009 36.2370 4.0000
      vertex 55.0234 36.8140 4.0000
      vertex 55.0234 36.8140 4.8000
    endloop
  endfacet
  facet normal 0.317632 -0.948214 0.000000
    outer loop
      vertex 53.3009 36.2370 4.0000
      vertex 55.0234 36.8140 4.8000
      vertex 53.3009 36.2370 4.8000
    endloop
  endfacet
  facet normal -0.948214 -0.317632 0.000000
    outer loop
      vertex 55.0234 36.8140 4.0000
      vertex 55.3728 35.7710 4.0000
      vertex 55.3728 35.7710 4.8000
    endloop
  endfacet
  facet normal -0.948214 -0.317632 0.000000
    outer loop
      vertex 55.0234 36.8140 4.0000
      vertex 55.3728 35.7710 4.8000
      vertex 55.0234 36.8140 4.8000
    endloop
  endfacet
  facet normal -0.317632 0.948214 0.000000
    outer loop
      vertex 55.3728 35.7710 4.0000
      vertex 53.6503 35.1940 4.0000
      vertex 53.6503 35.1940 4.8000
    endloop
  endfacet
  facet normal -0.317632 0.948214 0.000000
    outer loop
      vertex 55.3728 35.7710 4.0000
      vertex 53.6503 35.1940 4.8000
      vertex 55.3728 35.7710 4.8000
    endloop
  endfacet
  facet normal 0.948214 0.317632 0.000000
    outer loop
      vertex 53.6503 35.1940 4.0000
      vertex 53.3009 36.2370 4.0000
      vertex 53.3009 36.2370 4.8000
    endloop
  endfacet
  facet normal 0.948214 0.317632 -0.000000
    outer loop
      vertex 53.6503 35.1940 4.0000
      vertex 53.3009 36.2370 4.8000
      vertex 53.6503 35.1940 4.8000
    endloop
  endfacet
  facet normal 0.000000 0.000000 -1.000000
    outer loop
      vertex 54.5941 36.6638 4.8000
      vertex 56.3127 37.2914 4.8000
      vertex 56.6901 36.2582 4.8000
    endloop
  endfacet
  facet normal 0.000000 0.000000 -1.000000
    outer loop
      vertex 54.5941 36.6638 4.8000
      vertex 56.6901 36.2582 4.8000
      vertex 54.9715 35.6305 4.8000
    endloop
  endfacet
  facet normal 0.343052 -0.939316 0.000000
    outer loop
      vertex 54.5941 36.6638 4.0000
      vertex 56.3127 37.2914 4.0000
      vertex 56.3127 37.2914 4.8000
    endloop
  endfacet
  facet normal 0.343052 -0.939316 0.000000
    outer loop
      vertex 54.5941 36.6638 4.0000
      vertex 56.3127 37.2914 4.8000
      vertex 54.5941 36.6638 4.8000
    endloop
  endfacet
  facet normal -0.939316 -0.343052 0.000000
    outer loop
      vertex 56.3127 37.2914 4.0000
      vertex 56.6901 36.2582 4.0000
      vertex 56.6901 36.2582 4.8000
    endloop
  endfacet
  facet normal -0.939316 -0.343052 0.000000
    outer loop
      vertex 56.3127 37.2914 4.0000
      vertex 56.6901 36.2582 4.8000
      vertex 56.3127 37.2914 4.8000
    endloop
  endfacet
  facet normal -0.343052 0.939316 0.000000
    outer loop
      vertex 56.6901 36.2582 4.0000
      vertex 54.9715 35.6305 4.0000
      vertex 54.9715 35.6305 4.8000
    endloop
  endfacet
  facet normal -0.343052 0.939316 0.000000
    outer loop
      vertex 56.6901 36.2582 4.0000
      vertex 54.9715 35.6305 4.8000
      vertex 56.6901 36.2582 4.8000
    endloop
  endfacet
  facet normal 0.939316 0.343052 0.000000
    outer loop
      vertex 54.9715 35.6305 4.0000
      vertex 54.5941 36.6638 4.0000
      vertex 54.5941 36.6638 4.8000
    endloop
  endfacet
  facet normal 0.939316 0.343052 -0.000000
    outer loop
      vertex 54.9715 35.6305 4.0000
      vertex 54.5941 36.6638 4.8000
      vertex 54.9715 35.6305 4.8000
    endloop
  endfacet
  facet normal 0.000000 0.000000 -1.000000
    outer loop
      vertex 55.8888 37.1307 4.8000
      vertex 57.6036 37.8046 4.8000
      vertex 58.0059 36.7808 4.8000
    endloop
  endfacet
  facet normal 0.000000 0.000000 -1.000000
    outer loop
      vertex 55.8888 37.1307 4.8000
      vertex 58.0059 36.7808 4.8000
      vertex 56.2911 36.1070 4.8000
    endloop
  endfacet
  facet normal 0.365732 -0.930720 0.000000
    outer loop
      vertex 55.8888 37.1307 4.0000
      vertex 57.6036 37.8046 4.0000
      vertex 57.6036 37.8046 4.8000
    endloop
  endfacet
  facet normal 0.365732 -0.930720 0.000000
    outer loop
      vertex 55.8888 37.1307 4.0000
      vertex 57.6036 37.8046 4.8000
      vertex 55.8888 37.1307 4.8000
    endloop
  endfacet
  facet normal -0.930720 -0.365732 0.000000
    outer loop
      vertex 57.6036 37.8046 4.0000
      vertex 58.0059 36.7808 4.0000
      vertex 58.0059 36.7808 4.8000
    endloop
  endfacet
  facet normal -0.930720 -0.365732 0.000000
    outer loop
      vertex 57.6036 37.8046 4.0000
      vertex 58.0059 36.7808 4.8000
      vertex 57.6036 37.8046 4.8000
    endloop
  endfacet
  facet normal -0.365732 0.930720 0.000000
    outer loop
      vertex 58.0059 36.7808 4.0000
      vertex 56.2911 36.1070 4.0000
      vertex 56.2911 36.1070 4.8000
    endloop
  endfacet
  facet normal -0.365732 0.930720 0.000000
    outer loop
      vertex 58.0059 36.7808 4.0000
      vertex 56.2911 36.1070 4.8000
      vertex 58.0059 36.7808 4.8000
    endloop
  endfacet
  facet normal 0.930720 0.365732 0.000000
    outer loop
      vertex 56.2911 36.1070 4.0000
      vertex 55.8888 37.1307 4.0000
      vertex 55.8888 37.1307 4.8000
    endloop
  endfacet
  facet normal 0.930720 0.365732 -0.000000
    outer loop
      vertex 56.2911 36.1070 4.0000
      vertex 55.8888 37.1307 4.8000
      vertex 56.2911 36.1070 4.8000
    endloop
  endfacet
  facet normal 0.000000 0.000000 -1.000000
    outer loop
      vertex 57.1849 37.6348 4.8000
      vertex 58.8961 38.3501 4.8000
      vertex 59.3204 37.3352 4.8000
    endloop
  endfacet
  facet normal 0.000000 0.000000 -1.000000
    outer loop
      vertex 57.1849 37.6348 4.8000
      vertex 59.3204 37.3352 4.8000
      vertex 57.6091 36.6199 4.8000
    endloop
  endfacet
  facet normal 0.385673 -0.922636 0.000000
    outer loop
      vertex 57.1849 37.6348 4.0000
      vertex 58.8961 38.3501 4.0000
      vertex 58.8961 38.3501 4.8000
    endloop
  endfacet
  facet normal 0.385673 -0.922636 0.000000
    outer loop
      vertex 57.1849 37.6348 4.0000
      vertex 58.8961 38.3501 4.8000
      vertex 57.1849 37.6348 4.8000
    endloop
  endfacet
  facet normal -0.922636 -0.385673 0.000000
    outer loop
      vertex 58.8961 38.3501 4.0000
      vertex 59.3204 37.3352 4.0000
      vertex 59.3204 37.3352 4.8000
    endloop
  endfacet
  facet normal -0.922636 -0.385673 0.000000
    outer loop
      vertex 58.8961 38.3501 4.0000
      vertex 59.3204 37.3352 4.8000
      vertex 58.8961 38.3501 4.8000
    endloop
  endfacet
  facet normal -0.385673 0.922636 0.000000
    outer loop
      vertex 59.3204 37.3352 4.0000
      vertex 57.6091 36.6199 4.0000
      vertex 57.6091 36.6199 4.8000
    endloop
  endfacet
  facet normal -0.385673 0.922636 0.000000
    outer loop
      vertex 59.3204 37.3352 4.0000
      vertex 57.6091 36.6199 4.8000
      vertex 59.3204 37.3352 4.8000
    endloop
  endfacet
  facet normal 0.922636 0.385673 0.000000
    outer loop
      vertex 57.6091 36.6199 4.0000
      vertex 57.1849 37.6348 4.0000
      vertex 57.1849 37.6348 4.8000
    endloop
  endfacet
  facet normal 0.922636 0.385673 -0.000000
    outer loop
      vertex 57.6091 36.6199 4.0000
      vertex 57.1849 37.6348 4.8000
      vertex 57.6091 36.6199 4.8000
    endloop
  endfacet
  facet normal 0.000000 0.000000 -1.000000
    outer loop
      vertex 58.4823 38.1726 4.8000
      vertex 60.1903 38.9245 4.8000
      vertex 60.6335 37.9177 4.8000
    endloop
  endfacet
  facet normal 0.000000 0.000000 -1.000000
    outer loop
      vertex 58.4823 38.1726 4.8000
      vertex 60.6335 37.9177 4.8000
      vertex 58.9255 37.1658 4.8000
    endloop
  endfacet
  facet normal 0.402902 -0.915243 0.000000
    outer loop
      vertex 58.4823 38.1726 4.0000
      vertex 60.1903 38.9245 4.0000
      vertex 60.1903 38.9245 4.8000
    endloop
  endfacet
  facet normal 0.402902 -0.915243 0.000000
    outer loop
      vertex 58.4823 38.1726 4.0000
      vertex 60.1903 38.9245 4.8000
      vertex 58.4823 38.1726 4.8000
    endloop
  endfacet
  facet normal -0.915243 -0.402902 0.000000
    outer loop
      vertex 60.1903 38.9245 4.0000
      vertex 60.6335 37.9177 4.0000
      vertex 60.6335 37.9177 4.8000
    endloop
  endfacet
  facet normal -0.915243 -0.402902 0.000000
    outer loop
      vertex 60.1903 38.9245 4.0000
      vertex 60.6335 37.9177 4.8000
      vertex 60.1903 38.9245 4.8000
    endloop
  endfacet
  facet normal -0.402902 0.915243 0.000000
    outer loop
      vertex 60.6335 37.9177 4.0000
      vertex 58.9255 37.1658 4.0000
      vertex 58.9255 37.1658 4.8000
    endloop
  endfacet
  facet normal -0.402902 0.915243 0.000000
    outer loop
      vertex 60.6335 37.9177 4.0000
      vertex 58.9255 37.1658 4.8000
      vertex 60.6335 37.9177 4.8000
    endloop
  endfacet
  facet normal 0.915243 0.402902 0.000000
    outer loop
      vertex 58.9255 37.1658 4.0000
      vertex 58.4823 38.1726 4.0000
      vertex 58.4823 38.1726 4.8000
    endloop
  endfacet
  facet normal 0.915243 0.402902 -0.000000
    outer loop
      vertex 58.9255 37.1658 4.0000
      vertex 58.4823 38.1726 4.8000
      vertex 58.9255 37.1658 4.8000
    endloop
  endfacet
  facet normal 0.000000 0.000000 -1.000000
    outer loop
      vertex 59.7810 38.7404 4.8000
      vertex 61.4861 39.5237 4.8000
      vertex 61.9453 38.5241 4.8000
    endloop
  endfacet
  facet normal 0.000000 0.000000 -1.000000
    outer loop
      vertex 59.7810 38.7404 4.8000
      vertex 61.9453 38.5241 4.8000
      vertex 60.2402 37.7408 4.8000
    endloop
  endfacet
  facet normal 0.417461 -0.908695 0.000000
    outer loop
      vertex 59.7810 38.7404 4.0000
      vertex 61.4861 39.5237 4.0000
      vertex 61.4861 39.5237 4.8000
    endloop
  endfacet
  facet normal 0.417461 -0.908695 0.000000
    outer loop
      vertex 59.7810 38.7404 4.0000
      vertex 61.4861 39.5237 4.8000
      vertex 59.7810 38.7404 4.8000
    endloop
  endfacet
  facet normal -0.908695 -0.417461 0.000000
    outer loop
      vertex 61.4861 39.5237 4.0000
      vertex 61.9453 38.5241 4.0000
      vertex 61.9453 38.5241 4.8000
    endloop
  endfacet
  facet normal -0.908695 -0.417461 0.000000
    outer loop
      vertex 61.4861 39.5237 4.0000
      vertex 61.9453 38.5241 4.8000
      vertex 61.4861 39.5237 4.8000
    endloop
  endfacet
  facet normal -0.417461 0.908695 0.000000
    outer loop
      vertex 61.9453 38.5241 4.0000
      vertex 60.2402 37.7408 4.0000
      vertex 60.2402 37.7408 4.8000
    endloop
  endfacet
  facet normal -0.417461 0.908695 0.000000
    outer loop
      vertex 61.9453 38.5241 4.0000
      vertex 60.2402 37.7408 4.8000
      vertex 61.9453 38.5241 4.8000
    endloop
  endfacet
  facet normal 0.908695 0.417461 0.000000
    outer loop
      vertex 60.2402 37.7408 4.0000
      vertex 59.7810 38.7404 4.0000
      vertex 59.7810 38.7404 4.8000
    endloop
  endfacet
  facet normal 0.908695 0.417461 -0.000000
    outer loop
      vertex 60.2402 37.7408 4.0000
      vertex 59.7810 38.7404 4.8000
      vertex 60.2402 37.7408 4.8000
    endloop
  endfacet
  facet normal 0.000000 0.000000 -1.000000
    outer loop
      vertex 61.0809 39.3343 4.8000
      vertex 62.7836 40.1439 4.8000
      vertex 63.2559 39.1504 4.8000
    endloop
  endfacet
  facet normal 0.000000 0.000000 -1.000000
    outer loop
      vertex 61.0809 39.3343 4.8000
      vertex 63.2559 39.1504 4.8000
      vertex 61.5533 38.3409 4.8000
    endloop
  endfacet
  facet normal 0.429398 -0.903115 0.000000
    outer loop
      vertex 61.0809 39.3343 4.0000
      vertex 62.7836 40.1439 4.0000
      vertex 62.7836 40.1439 4.8000
    endloop
  endfacet
  facet normal 0.429398 -0.903115 0.000000
    outer loop
      vertex 61.0809 39.3343 4.0000
      vertex 62.7836 40.1439 4.8000
      vertex 61.0809 39.3343 4.8000
    endloop
  endfacet
  facet normal -0.903115 -0.429398 0.000000
    outer loop
      vertex 62.7836 40.1439 4.0000
      vertex 63.2559 39.1504 4.0000
      vertex 63.2559 39.1504 4.8000
    endloop
  endfacet
  facet normal -0.903115 -0.429398 0.000000
    outer loop
      vertex 62.7836 40.1439 4.0000
      vertex 63.2559 39.1504 4.8000
      vertex 62.7836 40.1439 4.8000
    endloop
  endfacet
  facet normal -0.429398 0.903115 0.000000
    outer loop
      vertex 63.2559 39.1504 4.0000
      vertex 61.5533 38.3409 4.0000
      vertex 61.5533 38.3409 4.8000
    endloop
  endfacet
  facet normal -0.429398 0.903115 0.000000
    outer loop
      vertex 63.2559 39.1504 4.0000
      vertex 61.5533 38.3409 4.8000
      vertex 63.2559 39.1504 4.8000
    endloop
  endfacet
  facet normal 0.903115 0.429398 0.000000
    outer loop
      vertex 61.5533 38.3409 4.0000
      vertex 61.0809 39.3343 4.0000
      vertex 61.0809 39.3343 4.8000
    endloop
  endfacet
  facet normal 0.903115 0.429398 -0.000000
    outer loop
      vertex 61.5533 38.3409 4.0000
      vertex 61.0809 39.3343 4.8000
      vertex 61.5533 38.3409 4.8000
    endloop
  endfacet
  facet normal 0.000000 0.000000 -1.000000
    outer loop
      vertex 62.3820 39.9504 4.8000
      vertex 64.0827 40.7808 4.8000
      vertex 64.5653 39.7923 4.8000
    endloop
  endfacet
  facet normal 0.000000 0.000000 -1.000000
    outer loop
      vertex 62.3820 39.9504 4.8000
      vertex 64.5653 39.7923 4.8000
      vertex 62.8647 38.9619 4.8000
    endloop
  endfacet
  facet normal 0.438762 -0.898603 0.000000
    outer loop
      vertex 62.3820 39.9504 4.0000
      vertex 64.0827 40.7808 4.0000
      vertex 64.0827 40.7808 4.8000
    endloop
  endfacet
  facet normal 0.438762 -0.898603 0.000000
    outer loop
      vertex 62.3820 39.9504 4.0000
      vertex 64.0827 40.7808 4.8000
      vertex 62.3820 39.9504 4.8000
    endloop
  endfacet
  facet normal -0.898603 -0.438762 0.000000
    outer loop
      vertex 64.0827 40.7808 4.0000
      vertex 64.5653 39.7923 4.0000
      vertex 64.5653 39.7923 4.8000
    endloop
  endfacet
  facet normal -0.898603 -0.438762 0.000000
    outer loop
      vertex 64.0827 40.7808 4.0000
      vertex 64.5653 39.7923 4.8000
      vertex 64.0827 40.7808 4.8000
    endloop
  endfacet
  facet normal -0.438762 0.898603 0.000000
    outer loop
      vertex 64.5653 39.7923 4.0000
      vertex 62.8647 38.9619 4.0000
      vertex 62.8647 38.9619 4.8000
    endloop
  endfacet
  facet normal -0.438762 0.898603 0.000000
    outer loop
      vertex 64.5653 39.7923 4.0000
      vertex 62.8647 38.9619 4.8000
      vertex 64.5653 39.7923 4.8000
    endloop
  endfacet
  facet normal 0.898603 0.438762 0.000000
    outer loop
      vertex 62.8647 38.9619 4.0000
      vertex 62.3820 39.9504 4.0000
      vertex 62.3820 39.9504 4.8000
    endloop
  endfacet
  facet normal 0.898603 0.438762 -0.000000
    outer loop
      vertex 62.8647 38.9619 4.0000
      vertex 62.3820 39.9504 4.8000
      vertex 62.8647 38.9619 4.8000
    endloop
  endfacet
  facet normal 0.000000 0.000000 -1.000000
    outer loop
      vertex 63.6843 40.5844 4.8000
      vertex 65.3835 41.4301 4.8000
      vertex 65.8736 40.4453 4.8000
    endloop
  endfacet
  facet normal 0.000000 0.000000 -1.000000
    outer loop
      vertex 63.6843 40.5844 4.8000
      vertex 65.8736 40.4453 4.8000
      vertex 64.1744 39.5996 4.8000
    endloop
  endfacet
  facet normal 0.445597 -0.895234 0.000000
    outer loop
      vertex 63.6843 40.5844 4.0000
      vertex 65.3835 41.4301 4.0000
      vertex 65.3835 41.4301 4.8000
    endloop
  endfacet
  facet normal 0.445597 -0.895234 0.000000
    outer loop
      vertex 63.6843 40.5844 4.0000
      vertex 65.3835 41.4301 4.8000
      vertex 63.6843 40.5844 4.8000
    endloop
  endfacet
  facet normal -0.895234 -0.445597 0.000000
    outer loop
      vertex 65.3835 41.4301 4.0000
      vertex 65.8736 40.4453 4.0000
      vertex 65.8736 40.4453 4.8000
    endloop
  endfacet
  facet normal -0.895234 -0.445597 0.000000
    outer loop
      vertex 65.3835 41.4301 4.0000
      vertex 65.8736 40.4453 4.8000
      vertex 65.3835 41.4301 4.8000
    endloop
  endfacet
  facet normal -0.445597 0.895234 0.000000
    outer loop
      vertex 65.8736 40.4453 4.0000
      vertex 64.1744 39.5996 4.0000
      vertex 64.1744 39.5996 4.8000
    endloop
  endfacet
  facet normal -0.445597 0.895234 0.000000
    outer loop
      vertex 65.8736 40.4453 4.0000
      vertex 64.1744 39.5996 4.8000
      vertex 65.8736 40.4453 4.8000
    endloop
  endfacet
  facet normal 0.895234 0.445597 0.000000
    outer loop
      vertex 64.1744 39.5996 4.0000
      vertex 63.6843 40.5844 4.0000
      vertex 63.6843 40.5844 4.8000
    endloop
  endfacet
  facet normal 0.895234 0.445597 -0.000000
    outer loop
      vertex 64.1744 39.5996 4.0000
      vertex 63.6843 40.5844 4.8000
      vertex 64.1744 39.5996 4.8000
    endloop
  endfacet
  facet normal 0.000000 0.000000 -1.000000
    outer loop
      vertex 40.2139 56.2756 4.8000
      vertex 41.9241 57.0026 4.8000
      vertex 42.3545 55.9903 4.8000
    endloop
  endfacet
  facet normal 0.000000 0.000000 -1.000000
    outer loop
      vertex 40.2139 56.2756 4.8000
      vertex 42.3545 55.9903 4.8000
      vertex 40.6443 55.2633 4.8000
    endloop
  endfacet
  facet normal 0.391220 -0.920297 0.000000
    outer loop
      vertex 40.2139 56.2756 4.0000
      vertex 41.9241 57.0026 4.0000
      vertex 41.9241 57.0026 4.8000
    endloop
  endfacet
  facet normal 0.391220 -0.920297 0.000000
    outer loop
      vertex 40.2139 56.2756 4.0000
      vertex 41.9241 57.0026 4.8000
      vertex 40.2139 56.2756 4.8000
    endloop
  endfacet
  facet normal -0.920297 -0.391220 0.000000
    outer loop
      vertex 41.9241 57.0026 4.0000
      vertex 42.3545 55.9903 4.0000
      vertex 42.3545 55.9903 4.8000
    endloop
  endfacet
  facet normal -0.920297 -0.391220 0.000000
    outer loop
      vertex 41.9241 57.0026 4.0000
      vertex 42.3545 55.9903 4.8000
      vertex 41.9241 57.0026 4.8000
    endloop
  endfacet
  facet normal -0.391220 0.920297 0.000000
    outer loop
      vertex 42.3545 55.9903 4.0000
      vertex 40.6443 55.2633 4.0000
      vertex 40.6443 55.2633 4.8000
    endloop
  endfacet
  facet normal -0.391220 0.920297 0.000000
    outer loop
      vertex 42.3545 55.9903 4.0000
      vertex 40.6443 55.2633 4.8000
      vertex 42.3545 55.9903 4.8000
    endloop
  endfacet
  facet normal 0.920297 0.391220 0.000000
    outer loop
      vertex 40.6443 55.2633 4.0000
      vertex 40.2139 56.2756 4.0000
      vertex 40.2139 56.2756 4.8000
    endloop
  endfacet
  facet normal 0.920297 0.391220 -0.000000
    outer loop
      vertex 40.6443 55.2633 4.0000
      vertex 40.2139 56.2756 4.8000
      vertex 40.6443 55.2633 4.8000
    endloop
  endfacet
  facet normal 0.000000 0.000000 -1.000000
    outer loop
      vertex 41.5118 56.8230 4.8000
      vertex 43.2188 57.5850 4.8000
      vertex 43.6672 56.5805 4.8000
    endloop
  endfacet
  facet normal 0.000000 0.000000 -1.000000
    outer loop
      vertex 41.5118 56.8230 4.8000
      vertex 43.6672 56.5805 4.8000
      vertex 41.9601 55.8185 4.8000
    endloop
  endfacet
  facet normal 0.407629 -0.913148 0.000000
    outer loop
      vertex 41.5118 56.8230 4.0000
      vertex 43.2188 57.5850 4.0000
      vertex 43.2188 57.5850 4.8000
    endloop
  endfacet
  facet normal 0.407629 -0.913148 0.000000
    outer loop
      vertex 41.5118 56.8230 4.0000
      vertex 43.2188 57.5850 4.8000
      vertex 41.5118 56.8230 4.8000
    endloop
  endfacet
  facet normal -0.913148 -0.407629 0.000000
    outer loop
      vertex 43.2188 57.5850 4.0000
      vertex 43.6672 56.5805 4.0000
      vertex 43.6672 56.5805 4.8000
    endloop
  endfacet
  facet normal -0.913148 -0.407629 0.000000
    outer loop
      vertex 43.2188 57.5850 4.0000
      vertex 43.6672 56.5805 4.8000
      vertex 43.2188 57.5850 4.8000
    endloop
  endfacet
  facet normal -0.407629 0.913148 0.000000
    outer loop
      vertex 43.6672 56.5805 4.0000
      vertex 41.9601 55.8185 4.0000
      vertex 41.9601 55.8185 4.8000
    endloop
  endfacet
  facet normal -0.407629 0.913148 0.000000
    outer loop
      vertex 43.6672 56.5805 4.0000
      vertex 41.9601 55.8185 4.8000
      vertex 43.6672 56.5805 4.8000
    endloop
  endfacet
  facet normal 0.913148 0.407629 0.000000
    outer loop
      vertex 41.9601 55.8185 4.0000
      vertex 41.5118 56.8230 4.0000
      vertex 41.5118 56.8230 4.8000
    endloop
  endfacet
  facet normal 0.913148 0.407629 -0.000000
    outer loop
      vertex 41.9601 55.8185 4.0000
      vertex 41.5118 56.8230 4.8000
      vertex 41.9601 55.8185 4.8000
    endloop
  endfacet
  facet normal 0.000000 0.000000 -1.000000
    outer loop
      vertex 42.8108 57.3991 4.8000
      vertex 44.5151 58.1910 4.8000
      vertex 44.9786 57.1935 4.8000
    endloop
  endfacet
  facet normal 0.000000 0.000000 -1.000000
    outer loop
      vertex 42.8108 57.3991 4.8000
      vertex 44.9786 57.1935 4.8000
      vertex 43.2744 56.4016 4.8000
    endloop
  endfacet
  facet normal 0.421382 -0.906883 0.000000
    outer loop
      vertex 42.8108 57.3991 4.0000
      vertex 44.5151 58.1910 4.0000
      vertex 44.5151 58.1910 4.8000
    endloop
  endfacet
  facet normal 0.421382 -0.906883 0.000000
    outer loop
      vertex 42.8108 57.3991 4.0000
      vertex 44.5151 58.1910 4.8000
      vertex 42.8108 57.3991 4.8000
    endloop
  endfacet
  facet normal -0.906883 -0.421382 0.000000
    outer loop
      vertex 44.5151 58.1910 4.0000
      vertex 44.9786 57.1935 4.0000
      vertex 44.9786 57.1935 4.8000
    endloop
  endfacet
  facet normal -0.906883 -0.421382 0.000000
    outer loop
      vertex 44.5151 58.1910 4.0000
      vertex 44.9786 57.1935 4.8000
      vertex 44.5151 58.1910 4.8000
    endloop
  endfacet
  facet normal -0.421382 0.906883 0.000000
    outer loop
      vertex 44.9786 57.1935 4.0000
      vertex 43.2744 56.4016 4.0000
      vertex 43.2744 56.4016 4.8000
    endloop
  endfacet
  facet normal -0.421382 0.906883 0.000000
    outer loop
      vertex 44.9786 57.1935 4.0000
      vertex 43.2744 56.4016 4.8000
      vertex 44.9786 57.1935 4.8000
    endloop
  endfacet
  facet normal 0.906883 0.421382 0.000000
    outer loop
      vertex 43.2744 56.4016 4.0000
      vertex 42.8108 57.3991 4.0000
      vertex 42.8108 57.3991 4.8000
    endloop
  endfacet
  facet normal 0.906883 0.421382 -0.000000
    outer loop
      vertex 43.2744 56.4016 4.0000
      vertex 42.8108 57.3991 4.8000
      vertex 43.2744 56.4016 4.8000
    endloop
  endfacet
  facet normal 0.000000 0.000000 -1.000000
    outer loop
      vertex 44.1111 58.0003 4.8000
      vertex 45.8131 58.8168 4.8000
      vertex 46.2889 57.8250 4.8000
    endloop
  endfacet
  facet normal 0.000000 0.000000 -1.000000
    outer loop
      vertex 44.1111 58.0003 4.8000
      vertex 46.2889 57.8250 4.8000
      vertex 44.5869 57.0085 4.8000
    endloop
  endfacet
  facet normal 0.432528 -0.901620 0.000000
    outer loop
      vertex 44.1111 58.0003 4.0000
      vertex 45.8131 58.8168 4.0000
      vertex 45.8131 58.8168 4.8000
    endloop
  endfacet
  facet normal 0.432528 -0.901620 0.000000
    outer loop
      vertex 44.1111 58.0003 4.0000
      vertex 45.8131 58.8168 4.8000
      vertex 44.1111 58.0003 4.8000
    endloop
  endfacet
  facet normal -0.901620 -0.432528 0.000000
    outer loop
      vertex 45.8131 58.8168 4.0000
      vertex 46.2889 57.8250 4.0000
      vertex 46.2889 57.8250 4.8000
    endloop
  endfacet
  facet normal -0.901620 -0.432528 0.000000
    outer loop
      vertex 45.8131 58.8168 4.0000
      vertex 46.2889 57.8250 4.8000
      vertex 45.8131 58.8168 4.8000
    endloop
  endfacet
  facet normal -0.432528 0.901620 0.000000
    outer loop
      vertex 46.2889 57.8250 4.0000
      vertex 44.5869 57.0085 4.0000
      vertex 44.5869 57.0085 4.8000
    endloop
  endfacet
  facet normal -0.432528 0.901620 0.000000
    outer loop
      vertex 46.2889 57.8250 4.0000
      vertex 44.5869 57.0085 4.8000
      vertex 46.2889 57.8250 4.8000
    endloop
  endfacet
  facet normal 0.901620 0.432528 0.000000
    outer loop
      vertex 44.5869 57.0085 4.0000
      vertex 44.1111 58.0003 4.0000
      vertex 44.1111 58.0003 4.8000
    endloop
  endfacet
  facet normal 0.901620 0.432528 -0.000000
    outer loop
      vertex 44.5869 57.0085 4.0000
      vertex 44.1111 58.0003 4.8000
      vertex 44.5869 57.0085 4.8000
    endloop
  endfacet
  facet normal 0.000000 0.000000 -1.000000
    outer loop
      vertex 45.4126 58.6223 4.8000
      vertex 47.1127 59.4579 4.8000
      vertex 47.5979 58.4707 4.8000
    endloop
  endfacet
  facet normal 0.000000 0.000000 -1.000000
    outer loop
      vertex 45.4126 58.6223 4.8000
      vertex 47.5979 58.4707 4.8000
      vertex 45.8978 57.6351 4.8000
    endloop
  endfacet
  facet normal 0.441115 -0.897450 0.000000
    outer loop
      vertex 45.4126 58.6223 4.0000
      vertex 47.1127 59.4579 4.0000
      vertex 47.1127 59.4579 4.8000
    endloop
  endfacet
  facet normal 0.441115 -0.897450 0.000000
    outer loop
      vertex 45.4126 58.6223 4.0000
      vertex 47.1127 59.4579 4.8000
      vertex 45.4126 58.6223 4.8000
    endloop
  endfacet
  facet normal -0.897450 -0.441115 0.000000
    outer loop
      vertex 47.1127 59.4579 4.0000
      vertex 47.5979 58.4707 4.0000
      vertex 47.5979 58.4707 4.8000
    endloop
  endfacet
  facet normal -0.897450 -0.441115 0.000000
    outer loop
      vertex 47.1127 59.4579 4.0000
      vertex 47.5979 58.4707 4.8000
      vertex 47.1127 59.4579 4.8000
    endloop
  endfacet
  facet normal -0.441115 0.897450 0.000000
    outer loop
      vertex 47.5979 58.4707 4.0000
      vertex 45.8978 57.6351 4.0000
      vertex 45.8978 57.6351 4.8000
    endloop
  endfacet
  facet normal -0.441115 0.897450 0.000000
    outer loop
      vertex 47.5979 58.4707 4.0000
      vertex 45.8978 57.6351 4.8000
      vertex 47.5979 58.4707 4.8000
    endloop
  endfacet
  facet normal 0.897450 0.441115 0.000000
    outer loop
      vertex 45.8978 57.6351 4.0000
      vertex 45.4126 58.6223 4.0000
      vertex 45.4126 58.6223 4.8000
    endloop
  endfacet
  facet normal 0.897450 0.441115 -0.000000
    outer loop
      vertex 45.8978 57.6351 4.0000
      vertex 45.4126 58.6223 4.8000
      vertex 45.8978 57.6351 4.8000
    endloop
  endfacet
  facet normal 0.000000 0.000000 -1.000000
    outer loop
      vertex 46.7152 59.2608 4.8000
      vertex 48.4140 60.1102 4.8000
      vertex 48.9059 59.1263 4.8000
    endloop
  endfacet
  facet normal 0.000000 0.000000 -1.000000
    outer loop
      vertex 46.7152 59.2608 4.8000
      vertex 48.9059 59.1263 4.8000
      vertex 47.2071 58.2770 4.8000
    endloop
  endfacet
  facet normal 0.447185 -0.894441 0.000000
    outer loop
      vertex 46.7152 59.2608 4.0000
      vertex 48.4140 60.1102 4.0000
      vertex 48.4140 60.1102 4.8000
    endloop
  endfacet
  facet normal 0.447185 -0.894441 0.000000
    outer loop
      vertex 46.7152 59.2608 4.0000
      vertex 48.4140 60.1102 4.8000
      vertex 46.7152 59.2608 4.8000
    endloop
  endfacet
  facet normal -0.894441 -0.447185 0.000000
    outer loop
      vertex 48.4140 60.1102 4.0000
      vertex 48.9059 59.1263 4.0000
      vertex 48.9059 59.1263 4.8000
    endloop
  endfacet
  facet normal -0.894441 -0.447185 0.000000
    outer loop
      vertex 48.4140 60.1102 4.0000
      vertex 48.9059 59.1263 4.8000
      vertex 48.4140 60.1102 4.8000
    endloop
  endfacet
  facet normal -0.447185 0.894441 0.000000
    outer loop
      vertex 48.9059 59.1263 4.0000
      vertex 47.2071 58.2770 4.0000
      vertex 47.2071 58.2770 4.8000
    endloop
  endfacet
  facet normal -0.447185 0.894441 0.000000
    outer loop
      vertex 48.9059 59.1263 4.0000
      vertex 47.2071 58.2770 4.8000
      vertex 48.9059 59.1263 4.8000
    endloop
  endfacet
  facet normal 0.894441 0.447185 0.000000
    outer loop
      vertex 47.2071 58.2770 4.0000
      vertex 46.7152 59.2608 4.0000
      vertex 46.7152 59.2608 4.8000
    endloop
  endfacet
  facet normal 0.894441 0.447185 -0.000000
    outer loop
      vertex 47.2071 58.2770 4.0000
      vertex 46.7152 59.2608 4.8000
      vertex 47.2071 58.2770 4.8000
    endloop
  endfacet
  facet normal 0.000000 0.000000 -1.000000
    outer loop
      vertex 48.0189 59.9116 4.8000
      vertex 49.7169 60.7691 4.8000
      vertex 50.2127 59.7872 4.8000
    endloop
  endfacet
  facet normal 0.000000 0.000000 -1.000000
    outer loop
      vertex 48.0189 59.9116 4.8000
      vertex 50.2127 59.7872 4.8000
      vertex 48.5147 58.9297 4.8000
    endloop
  endfacet
  facet normal 0.450770 -0.892640 0.000000
    outer loop
      vertex 48.0189 59.9116 4.0000
      vertex 49.7169 60.7691 4.0000
      vertex 49.7169 60.7691 4.8000
    endloop
  endfacet
  facet normal 0.450770 -0.892640 0.000000
    outer loop
      vertex 48.0189 59.9116 4.0000
      vertex 49.7169 60.7691 4.8000
      vertex 48.0189 59.9116 4.8000
    endloop
  endfacet
  facet normal -0.892640 -0.450770 0.000000
    outer loop
      vertex 49.7169 60.7691 4.0000
      vertex 50.2127 59.7872 4.0000
      vertex 50.2127 59.7872 4.8000
    endloop
  endfacet
  facet normal -0.892640 -0.450770 0.000000
    outer loop
      vertex 49.7169 60.7691 4.0000
      vertex 50.2127 59.7872 4.8000
      vertex 49.7169 60.7691 4.8000
    endloop
  endfacet
  facet normal -0.450770 0.892640 0.000000
    outer loop
      vertex 50.2127 59.7872 4.0000
      vertex 48.5147 58.9297 4.0000
      vertex 48.5147 58.9297 4.8000
    endloop
  endfacet
  facet normal -0.450770 0.892640 0.000000
    outer loop
      vertex 50.2127 59.7872 4.0000
      vertex 48.5147 58.9297 4.8000
      vertex 50.2127 59.7872 4.8000
    endloop
  endfacet
  facet normal 0.892640 0.450770 0.000000
    outer loop
      vertex 48.5147 58.9297 4.0000
      vertex 48.0189 59.9116 4.0000
      vertex 48.0189 59.9116 4.8000
    endloop
  endfacet
  facet normal 0.892640 0.450770 -0.000000
    outer loop
      vertex 48.5147 58.9297 4.0000
      vertex 48.0189 59.9116 4.8000
      vertex 48.5147 58.9297 4.8000
    endloop
  endfacet
  facet normal 0.000000 0.000000 -1.000000
    outer loop
      vertex 49.3236 60.5702 4.8000
      vertex 51.0214 61.4303 4.8000
      vertex 51.5185 60.4490 4.8000
    endloop
  endfacet
  facet normal 0.000000 0.000000 -1.000000
    outer loop
      vertex 49.3236 60.5702 4.8000
      vertex 51.5185 60.4490 4.8000
      vertex 49.8207 59.5889 4.8000
    endloop
  endfacet
  facet normal 0.451890 -0.892074 0.000000
    outer loop
      vertex 49.3236 60.5702 4.0000
      vertex 51.0214 61.4303 4.0000
      vertex 51.0214 61.4303 4.8000
    endloop
  endfacet
  facet normal 0.451890 -0.892074 0.000000
    outer loop
      vertex 49.3236 60.5702 4.0000
      vertex 51.0214 61.4303 4.8000
      vertex 49.3236 60.5702 4.8000
    endloop
  endfacet
  facet normal -0.892074 -0.451890 0.000000
    outer loop
      vertex 51.0214 61.4303 4.0000
      vertex 51.5185 60.4490 4.0000
      vertex 51.5185 60.4490 4.8000
    endloop
  endfacet
  facet normal -0.892074 -0.451890 0.000000
    outer loop
      vertex 51.0214 61.4303 4.0000
      vertex 51.5185 60.4490 4.8000
      vertex 51.0214 61.4303 4.8000
    endloop
  endfacet
  facet normal -0.451890 0.892074 0.000000
    outer loop
      vertex 51.5185 60.4490 4.0000
      vertex 49.8207 59.5889 4.0000
      vertex 49.8207 59.5889 4.8000
    endloop
  endfacet
  facet normal -0.451890 0.892074 0.000000
    outer loop
      vertex 51.5185 60.4490 4.0000
      vertex 49.8207 59.5889 4.8000
      vertex 51.5185 60.4490 4.8000
    endloop
  endfacet
  facet normal 0.892074 0.451890 0.000000
    outer loop
      vertex 49.8207 59.5889 4.0000
      vertex 49.3236 60.5702 4.0000
      vertex 49.3236 60.5702 4.8000
    endloop
  endfacet
  facet normal 0.892074 0.451890 -0.000000
    outer loop
      vertex 49.8207 59.5889 4.0000
      vertex 49.3236 60.5702 4.8000
      vertex 49.8207 59.5889 4.8000
    endloop
  endfacet
  facet normal 0.000000 0.000000 -1.000000
    outer loop
      vertex 50.6295 61.2321 4.8000
      vertex 52.3276 62.0891 4.8000
      vertex 52.8232 61.1070 4.8000
    endloop
  endfacet
  facet normal 0.000000 0.000000 -1.000000
    outer loop
      vertex 50.6295 61.2321 4.8000
      vertex 52.8232 61.1070 4.8000
      vertex 51.1251 60.2501 4.8000
    endloop
  endfacet
  facet normal 0.450550 -0.892751 0.000000
    outer loop
      vertex 50.6295 61.2321 4.0000
      vertex 52.3276 62.0891 4.0000
      vertex 52.3276 62.0891 4.8000
    endloop
  endfacet
  facet normal 0.450550 -0.892751 0.000000
    outer loop
      vertex 50.6295 61.2321 4.0000
      vertex 52.3276 62.0891 4.8000
      vertex 50.6295 61.2321 4.8000
    endloop
  endfacet
  facet normal -0.892751 -0.450550 0.000000
    outer loop
      vertex 52.3276 62.0891 4.0000
      vertex 52.8232 61.1070 4.0000
      vertex 52.8232 61.1070 4.8000
    endloop
  endfacet
  facet normal -0.892751 -0.450550 0.000000
    outer loop
      vertex 52.3276 62.0891 4.0000
      vertex 52.8232 61.1070 4.8000
      vertex 52.3276 62.0891 4.8000
    endloop
  endfacet
  facet normal -0.450550 0.892751 0.000000
    outer loop
      vertex 52.8232 61.1070 4.0000
      vertex 51.1251 60.2501 4.0000
      vertex 51.1251 60.2501 4.8000
    endloop
  endfacet
  facet normal -0.450550 0.892751 0.000000
    outer loop
      vertex 52.8232 61.1070 4.0000
      vertex 51.1251 60.2501 4.8000
      vertex 52.8232 61.1070 4.8000
    endloop
  endfacet
  facet normal 0.892751 0.450550 0.000000
    outer loop
      vertex 51.1251 60.2501 4.0000
      vertex 50.6295 61.2321 4.0000
      vertex 50.6295 61.2321 4.8000
    endloop
  endfacet
  facet normal 0.892751 0.450550 -0.000000
    outer loop
      vertex 51.1251 60.2501 4.0000
      vertex 50.6295 61.2321 4.8000
      vertex 51.1251 60.2501 4.8000
    endloop
  endfacet
  facet normal 0.000000 0.000000 -1.000000
    outer loop
      vertex 51.9364 61.8927 4.8000
      vertex 53.6353 62.7411 4.8000
      vertex 54.1267 61.7569 4.8000
    endloop
  endfacet
  facet normal 0.000000 0.000000 -1.000000
    outer loop
      vertex 51.9364 61.8927 4.8000
      vertex 54.1267 61.7569 4.8000
      vertex 52.4278 60.9086 4.8000
    endloop
  endfacet
  facet normal 0.446743 -0.894662 0.000000
    outer loop
      vertex 51.9364 61.8927 4.0000
      vertex 53.6353 62.7411 4.0000
      vertex 53.6353 62.7411 4.8000
    endloop
  endfacet
  facet normal 0.446743 -0.894662 0.000000
    outer loop
      vertex 51.9364 61.8927 4.0000
      vertex 53.6353 62.7411 4.8000
      vertex 51.9364 61.8927 4.8000
    endloop
  endfacet
  facet normal -0.894662 -0.446743 0.000000
    outer loop
      vertex 53.6353 62.7411 4.0000
      vertex 54.1267 61.7569 4.0000
      vertex 54.1267 61.7569 4.8000
    endloop
  endfacet
  facet normal -0.894662 -0.446743 0.000000
    outer loop
      vertex 53.6353 62.7411 4.0000
      vertex 54.1267 61.7569 4.8000
      vertex 53.6353 62.7411 4.8000
    endloop
  endfacet
  facet normal -0.446743 0.894662 0.000000
    outer loop
      vertex 54.1267 61.7569 4.0000
      vertex 52.4278 60.9086 4.0000
      vertex 52.4278 60.9086 4.8000
    endloop
  endfacet
  facet normal -0.446743 0.894662 0.000000
    outer loop
      vertex 54.1267 61.7569 4.0000
      vertex 52.4278 60.9086 4.8000
      vertex 54.1267 61.7569 4.8000
    endloop
  endfacet
  facet normal 0.894662 0.446743 0.000000
    outer loop
      vertex 52.4278 60.9086 4.0000
      vertex 51.9364 61.8927 4.0000
      vertex 51.9364 61.8927 4.8000
    endloop
  endfacet
  facet normal 0.894662 0.446743 -0.000000
    outer loop
      vertex 52.4278 60.9086 4.0000
      vertex 51.9364 61.8927 4.8000
      vertex 52.4278 60.9086 4.8000
    endloop
  endfacet
  facet normal 0.000000 0.000000 -1.000000
    outer loop
      vertex 53.2445 62.5476 4.8000
      vertex 54.9447 63.3817 4.8000
      vertex 55.4292 62.3942 4.8000
    endloop
  endfacet
  facet normal 0.000000 0.000000 -1.000000
    outer loop
      vertex 53.2445 62.5476 4.8000
      vertex 55.4292 62.3942 4.8000
      vertex 53.7289 61.5600 4.8000
    endloop
  endfacet
  facet normal 0.440449 -0.897777 0.000000
    outer loop
      vertex 53.2445 62.5476 4.0000
      vertex 54.9447 63.3817 4.0000
      vertex 54.9447 63.3817 4.8000
    endloop
  endfacet
  facet normal 0.440449 -0.897777 0.000000
    outer loop
      vertex 53.2445 62.5476 4.0000
      vertex 54.9447 63.3817 4.8000
      vertex 53.2445 62.5476 4.8000
    endloop
  endfacet
  facet normal -0.897777 -0.440449 0.000000
    outer loop
      vertex 54.9447 63.3817 4.0000
      vertex 55.4292 62.3942 4.0000
      vertex 55.4292 62.3942 4.8000
    endloop
  endfacet
  facet normal -0.897777 -0.440449 0.000000
    outer loop
      vertex 54.9447 63.3817 4.0000
      vertex 55.4292 62.3942 4.8000
      vertex 54.9447 63.3817 4.8000
    endloop
  endfacet
  facet normal -0.440449 0.897777 0.000000
    outer loop
      vertex 55.4292 62.3942 4.0000
      vertex 53.7289 61.5600 4.0000
      vertex 53.7289 61.5600 4.8000
    endloop
  endfacet
  facet normal -0.440449 0.897777 0.000000
    outer loop
      vertex 55.4292 62.3942 4.0000
      vertex 53.7289 61.5600 4.8000
      vertex 55.4292 62.3942 4.8000
    endloop
  endfacet
  facet normal 0.897777 0.440449 0.000000
    outer loop
      vertex 53.7289 61.5600 4.0000
      vertex 53.2445 62.5476 4.0000
      vertex 53.2445 62.5476 4.8000
    endloop
  endfacet
  facet normal 0.897777 0.440449 -0.000000
    outer loop
      vertex 53.7289 61.5600 4.0000
      vertex 53.2445 62.5476 4.8000
      vertex 53.7289 61.5600 4.8000
    endloop
  endfacet
  facet normal 0.000000 0.000000 -1.000000
    outer loop
      vertex 54.5536 63.1922 4.8000
      vertex 56.2558 64.0067 4.8000
      vertex 56.7306 63.0145 4.8000
    endloop
  endfacet
  facet normal 0.000000 0.000000 -1.000000
    outer loop
      vertex 54.5536 63.1922 4.8000
      vertex 56.7306 63.0145 4.8000
      vertex 55.0284 62.2000 4.8000
    endloop
  endfacet
  facet normal 0.431635 -0.902049 0.000000
    outer loop
      vertex 54.5536 63.1922 4.0000
      vertex 56.2558 64.0067 4.0000
      vertex 56.2558 64.0067 4.8000
    endloop
  endfacet
  facet normal 0.431635 -0.902049 0.000000
    outer loop
      vertex 54.5536 63.1922 4.0000
      vertex 56.2558 64.0067 4.8000
      vertex 54.5536 63.1922 4.8000
    endloop
  endfacet
  facet normal -0.902049 -0.431635 0.000000
    outer loop
      vertex 56.2558 64.0067 4.0000
      vertex 56.7306 63.0145 4.0000
      vertex 56.7306 63.0145 4.8000
    endloop
  endfacet
  facet normal -0.902049 -0.431635 0.000000
    outer loop
      vertex 56.2558 64.0067 4.0000
      vertex 56.7306 63.0145 4.8000
      vertex 56.2558 64.0067 4.8000
    endloop
  endfacet
  facet normal -0.431635 0.902049 0.000000
    outer loop
      vertex 56.7306 63.0145 4.0000
      vertex 55.0284 62.2000 4.0000
      vertex 55.0284 62.2000 4.8000
    endloop
  endfacet
  facet normal -0.431635 0.902049 0.000000
    outer loop
      vertex 56.7306 63.0145 4.0000
      vertex 55.0284 62.2000 4.8000
      vertex 56.7306 63.0145 4.8000
    endloop
  endfacet
  facet normal 0.902049 0.431635 0.000000
    outer loop
      vertex 55.0284 62.2000 4.0000
      vertex 54.5536 63.1922 4.0000
      vertex 54.5536 63.1922 4.8000
    endloop
  endfacet
  facet normal 0.902049 0.431635 -0.000000
    outer loop
      vertex 55.0284 62.2000 4.0000
      vertex 54.5536 63.1922 4.8000
      vertex 55.0284 62.2000 4.8000
    endloop
  endfacet
  facet normal 0.000000 0.000000 -1.000000
    outer loop
      vertex 55.8640 63.8223 4.8000
      vertex 57.5685 64.6117 4.8000
      vertex 58.0308 63.6135 4.8000
    endloop
  endfacet
  facet normal 0.000000 0.000000 -1.000000
    outer loop
      vertex 55.8640 63.8223 4.8000
      vertex 58.0308 63.6135 4.8000
      vertex 56.3262 62.8241 4.8000
    endloop
  endfacet
  facet normal 0.420257 -0.907405 0.000000
    outer loop
      vertex 55.8640 63.8223 4.0000
      vertex 57.5685 64.6117 4.0000
      vertex 57.5685 64.6117 4.8000
    endloop
  endfacet
  facet normal 0.420257 -0.907405 0.000000
    outer loop
      vertex 55.8640 63.8223 4.0000
      vertex 57.5685 64.6117 4.8000
      vertex 55.8640 63.8223 4.8000
    endloop
  endfacet
  facet normal -0.907405 -0.420257 0.000000
    outer loop
      vertex 57.5685 64.6117 4.0000
      vertex 58.0308 63.6135 4.0000
      vertex 58.0308 63.6135 4.8000
    endloop
  endfacet
  facet normal -0.907405 -0.420257 0.000000
    outer loop
      vertex 57.5685 64.6117 4.0000
      vertex 58.0308 63.6135 4.8000
      vertex 57.5685 64.6117 4.8000
    endloop
  endfacet
  facet normal -0.420257 0.907405 0.000000
    outer loop
      vertex 58.0308 63.6135 4.0000
      vertex 56.3262 62.8241 4.0000
      vertex 56.3262 62.8241 4.8000
    endloop
  endfacet
  facet normal -0.420257 0.907405 0.000000
    outer loop
      vertex 58.0308 63.6135 4.0000
      vertex 56.3262 62.8241 4.8000
      vertex 58.0308 63.6135 4.8000
    endloop
  endfacet
  facet normal 0.907405 0.420257 0.000000
    outer loop
      vertex 56.3262 62.8241 4.0000
      vertex 55.8640 63.8223 4.0000
      vertex 55.8640 63.8223 4.8000
    endloop
  endfacet
  facet normal 0.907405 0.420257 -0.000000
    outer loop
      vertex 56.3262 62.8241 4.0000
      vertex 55.8640 63.8223 4.8000
      vertex 56.3262 62.8241 4.8000
    endloop
  endfacet
  facet normal 0.000000 0.000000 -1.000000
    outer loop
      vertex 57.1755 64.4333 4.8000
      vertex 58.8828 65.1924 4.8000
      vertex 59.3297 64.1873 4.8000
    endloop
  endfacet
  facet normal 0.000000 0.000000 -1.000000
    outer loop
      vertex 57.1755 64.4333 4.8000
      vertex 59.3297 64.1873 4.8000
      vertex 57.6224 63.4282 4.8000
    endloop
  endfacet
  facet normal 0.406268 -0.913754 0.000000
    outer loop
      vertex 57.1755 64.4333 4.0000
      vertex 58.8828 65.1924 4.0000
      vertex 58.8828 65.1924 4.8000
    endloop
  endfacet
  facet normal 0.406268 -0.913754 0.000000
    outer loop
      vertex 57.1755 64.4333 4.0000
      vertex 58.8828 65.1924 4.8000
      vertex 57.1755 64.4333 4.8000
    endloop
  endfacet
  facet normal -0.913754 -0.406268 0.000000
    outer loop
      vertex 58.8828 65.1924 4.0000
      vertex 59.3297 64.1873 4.0000
      vertex 59.3297 64.1873 4.8000
    endloop
  endfacet
  facet normal -0.913754 -0.406268 0.000000
    outer loop
      vertex 58.8828 65.1924 4.0000
      vertex 59.3297 64.1873 4.8000
      vertex 58.8828 65.1924 4.8000
    endloop
  endfacet
  facet normal -0.406268 0.913754 0.000000
    outer loop
      vertex 59.3297 64.1873 4.0000
      vertex 57.6224 63.4282 4.0000
      vertex 57.6224 63.4282 4.8000
    endloop
  endfacet
  facet normal -0.406268 0.913754 0.000000
    outer loop
      vertex 59.3297 64.1873 4.0000
      vertex 57.6224 63.4282 4.8000
      vertex 59.3297 64.1873 4.8000
    endloop
  endfacet
  facet normal 0.913754 0.406268 0.000000
    outer loop
      vertex 57.6224 63.4282 4.0000
      vertex 57.1755 64.4333 4.0000
      vertex 57.1755 64.4333 4.8000
    endloop
  endfacet
  facet normal 0.913754 0.406268 -0.000000
    outer loop
      vertex 57.6224 63.4282 4.0000
      vertex 57.1755 64.4333 4.8000
      vertex 57.6224 63.4282 4.8000
    endloop
  endfacet
  facet normal 0.000000 0.000000 -1.000000
    outer loop
      vertex 58.4884 65.0213 4.8000
      vertex 60.1989 65.7449 4.8000
      vertex 60.6274 64.7319 4.8000
    endloop
  endfacet
  facet normal 0.000000 0.000000 -1.000000
    outer loop
      vertex 58.4884 65.0213 4.8000
      vertex 60.6274 64.7319 4.8000
      vertex 58.9169 64.0082 4.8000
    endloop
  endfacet
  facet normal 0.389619 -0.920976 0.000000
    outer loop
      vertex 58.4884 65.0213 4.0000
      vertex 60.1989 65.7449 4.0000
      vertex 60.1989 65.7449 4.8000
    endloop
  endfacet
  facet normal 0.389619 -0.920976 0.000000
    outer loop
      vertex 58.4884 65.0213 4.0000
      vertex 60.1989 65.7449 4.8000
      vertex 58.4884 65.0213 4.8000
    endloop
  endfacet
  facet normal -0.920976 -0.389619 0.000000
    outer loop
      vertex 60.1989 65.7449 4.0000
      vertex 60.6274 64.7319 4.0000
      vertex 60.6274 64.7319 4.8000
    endloop
  endfacet
  facet normal -0.920976 -0.389619 0.000000
    outer loop
      vertex 60.1989 65.7449 4.0000
      vertex 60.6274 64.7319 4.8000
      vertex 60.1989 65.7449 4.8000
    endloop
  endfacet
  facet normal -0.389619 0.920976 0.000000
    outer loop
      vertex 60.6274 64.7319 4.0000
      vertex 58.9169 64.0082 4.0000
      vertex 58.9169 64.0082 4.8000
    endloop
  endfacet
  facet normal -0.389619 0.920976 0.000000
    outer loop
      vertex 60.6274 64.7319 4.0000
      vertex 58.9169 64.0082 4.8000
      vertex 60.6274 64.7319 4.8000
    endloop
  endfacet
  facet normal 0.920976 0.389619 0.000000
    outer loop
      vertex 58.9169 64.0082 4.0000
      vertex 58.4884 65.0213 4.0000
      vertex 58.4884 65.0213 4.8000
    endloop
  endfacet
  facet normal 0.920976 0.389619 -0.000000
    outer loop
      vertex 58.9169 64.0082 4.0000
      vertex 58.4884 65.0213 4.8000
      vertex 58.9169 64.0082 4.8000
    endloop
  endfacet
  facet normal 0.000000 0.000000 -1.000000
    outer loop
      vertex 46.5148 43.4086 4.8000
      vertex 45.1695 43.7461 4.8000
      vertex 45.4372 44.8131 4.8000
    endloop
  endfacet
  facet normal 0.000000 0.000000 -1.000000
    outer loop
      vertex 46.5148 43.4086 4.8000
      vertex 45.4372 44.8131 4.8000
      vertex 46.7825 44.4755 4.8000
    endloop
  endfacet
  facet normal 0.243384 0.969930 0.000000
    outer loop
      vertex 46.5148 43.4086 4.0000
      vertex 45.1695 43.7461 4.0000
      vertex 45.1695 43.7461 4.8000
    endloop
  endfacet
  facet normal 0.243384 0.969930 -0.000000
    outer loop
      vertex 46.5148 43.4086 4.0000
      vertex 45.1695 43.7461 4.8000
      vertex 46.5148 43.4086 4.8000
    endloop
  endfacet
  facet normal 0.969930 -0.243384 0.000000
    outer loop
      vertex 45.1695 43.7461 4.0000
      vertex 45.4372 44.8131 4.0000
      vertex 45.4372 44.8131 4.8000
    endloop
  endfacet
  facet normal 0.969930 -0.243384 0.000000
    outer loop
      vertex 45.1695 43.7461 4.0000
      vertex 45.4372 44.8131 4.8000
      vertex 45.1695 43.7461 4.8000
    endloop
  endfacet
  facet normal -0.243384 -0.969930 0.000000
    outer loop
      vertex 45.4372 44.8131 4.0000
      vertex 46.7825 44.4755 4.0000
      vertex 46.7825 44.4755 4.8000
    endloop
  endfacet
  facet normal -0.243384 -0.969930 0.000000
    outer loop
      vertex 45.4372 44.8131 4.0000
      vertex 46.7825 44.4755 4.8000
      vertex 45.4372 44.8131 4.8000
    endloop
  endfacet
  facet normal -0.969930 0.243384 0.000000
    outer loop
      vertex 46.7825 44.4755 4.0000
      vertex 46.5148 43.4086 4.0000
      vertex 46.5148 43.4086 4.8000
    endloop
  endfacet
  facet normal -0.969930 0.243384 0.000000
    outer loop
      vertex 46.7825 44.4755 4.0000
      vertex 46.5148 43.4086 4.8000
      vertex 46.7825 44.4755 4.8000
    endloop
  endfacet
  facet normal -0.000000 0.000000 -1.000000
    outer loop
      vertex 45.8796 43.7578 4.8000
      vertex 44.2827 43.3007 4.8000
      vertex 43.9800 44.3583 4.8000
    endloop
  endfacet
  facet normal 0.000000 0.000000 -1.000000
    outer loop
      vertex 45.8796 43.7578 4.8000
      vertex 43.9800 44.3583 4.8000
      vertex 45.5769 44.8154 4.8000
    endloop
  endfacet
  facet normal -0.275194 0.961389 0.000000
    outer loop
      vertex 45.8796 43.7578 4.0000
      vertex 44.2827 43.3007 4.0000
      vertex 44.2827 43.3007 4.8000
    endloop
  endfacet
  facet normal -0.275194 0.961389 0.000000
    outer loop
      vertex 45.8796 43.7578 4.0000
      vertex 44.2827 43.3007 4.8000
      vertex 45.8796 43.7578 4.8000
    endloop
  endfacet
  facet normal 0.961389 0.275194 0.000000
    outer loop
      vertex 44.2827 43.3007 4.0000
      vertex 43.9800 44.3583 4.0000
      vertex 43.9800 44.3583 4.8000
    endloop
  endfacet
  facet normal 0.961389 0.275194 -0.000000
    outer loop
      vertex 44.2827 43.3007 4.0000
      vertex 43.9800 44.3583 4.8000
      vertex 44.2827 43.3007 4.8000
    endloop
  endfacet
  facet normal 0.275194 -0.961389 0.000000
    outer loop
      vertex 43.9800 44.3583 4.0000
      vertex 45.5769 44.8154 4.0000
      vertex 45.5769 44.8154 4.8000
    endloop
  endfacet
  facet normal 0.275194 -0.961389 0.000000
    outer loop
      vertex 43.9800 44.3583 4.0000
      vertex 45.5769 44.8154 4.8000
      vertex 43.9800 44.3583 4.8000
    endloop
  endfacet
  facet normal -0.961389 -0.275194 0.000000
    outer loop
      vertex 45.5769 44.8154 4.0000
      vertex 45.8796 43.7578 4.0000
      vertex 45.8796 43.7578 4.8000
    endloop
  endfacet
  facet normal -0.961389 -0.275194 0.000000
    outer loop
      vertex 45.5769 44.8154 4.0000
      vertex 45.8796 43.7578 4.8000
      vertex 45.5769 44.8154 4.8000
    endloop
  endfacet
  facet normal -0.000000 0.000000 -1.000000
    outer loop
      vertex 44.8317 43.5554 4.8000
      vertex 43.8223 42.8796 4.8000
      vertex 43.2103 43.7937 4.8000
    endloop
  endfacet
  facet normal 0.000000 0.000000 -1.000000
    outer loop
      vertex 44.8317 43.5554 4.8000
      vertex 43.2103 43.7937 4.8000
      vertex 44.2197 44.4695 4.8000
    endloop
  endfacet
  facet normal -0.556307 0.830977 0.000000
    outer loop
      vertex 44.8317 43.5554 4.0000
      vertex 43.8223 42.8796 4.0000
      vertex 43.8223 42.8796 4.8000
    endloop
  endfacet
  facet normal -0.556307 0.830977 0.000000
    outer loop
      vertex 44.8317 43.5554 4.0000
      vertex 43.8223 42.8796 4.8000
      vertex 44.8317 43.5554 4.8000
    endloop
  endfacet
  facet normal 0.830977 0.556307 0.000000
    outer loop
      vertex 43.8223 42.8796 4.0000
      vertex 43.2103 43.7937 4.0000
      vertex 43.2103 43.7937 4.8000
    endloop
  endfacet
  facet normal 0.830977 0.556307 -0.000000
    outer loop
      vertex 43.8223 42.8796 4.0000
      vertex 43.2103 43.7937 4.8000
      vertex 43.8223 42.8796 4.8000
    endloop
  endfacet
  facet normal 0.556307 -0.830977 0.000000
    outer loop
      vertex 43.2103 43.7937 4.0000
      vertex 44.2197 44.4695 4.0000
      vertex 44.2197 44.4695 4.8000
    endloop
  endfacet
  facet normal 0.556307 -0.830977 0.000000
    outer loop
      vertex 43.2103 43.7937 4.0000
      vertex 44.2197 44.4695 4.8000
      vertex 43.2103 43.7937 4.8000
    endloop
  endfacet
  facet normal -0.830977 -0.556307 0.000000
    outer loop
      vertex 44.2197 44.4695 4.0000
      vertex 44.8317 43.5554 4.0000
      vertex 44.8317 43.5554 4.8000
    endloop
  endfacet
  facet normal -0.830977 -0.556307 0.000000
    outer loop
      vertex 44.2197 44.4695 4.0000
      vertex 44.8317 43.5554 4.8000
      vertex 44.2197 44.4695 4.8000
    endloop
  endfacet
  facet normal -0.000000 0.000000 -1.000000
    outer loop
      vertex 44.1879 43.1244 4.8000
      vertex 43.1785 42.4487 4.8000
      vertex 42.5665 43.3627 4.8000
    endloop
  endfacet
  facet normal 0.000000 0.000000 -1.000000
    outer loop
      vertex 44.1879 43.1244 4.8000
      vertex 42.5665 43.3627 4.8000
      vertex 43.5759 44.0385 4.8000
    endloop
  endfacet
  facet normal -0.556307 0.830977 0.000000
    outer loop
      vertex 44.1879 43.1244 4.0000
      vertex 43.1785 42.4487 4.0000
      vertex 43.1785 42.4487 4.8000
    endloop
  endfacet
  facet normal -0.556307 0.830977 0.000000
    outer loop
      vertex 44.1879 43.1244 4.0000
      vertex 43.1785 42.4487 4.8000
      vertex 44.1879 43.1244 4.8000
    endloop
  endfacet
  facet normal 0.830977 0.556307 0.000000
    outer loop
      vertex 43.1785 42.4487 4.0000
      vertex 42.5665 43.3627 4.0000
      vertex 42.5665 43.3627 4.8000
    endloop
  endfacet
  facet normal 0.830977 0.556307 -0.000000
    outer loop
      vertex 43.1785 42.4487 4.0000
      vertex 42.5665 43.3627 4.8000
      vertex 43.1785 42.4487 4.8000
    endloop
  endfacet
  facet normal 0.556307 -0.830977 0.000000
    outer loop
      vertex 42.5665 43.3627 4.0000
      vertex 43.5759 44.0385 4.0000
      vertex 43.5759 44.0385 4.8000
    endloop
  endfacet
  facet normal 0.556307 -0.830977 0.000000
    outer loop
      vertex 42.5665 43.3627 4.0000
      vertex 43.5759 44.0385 4.8000
      vertex 42.5665 43.3627 4.8000
    endloop
  endfacet
  facet normal -0.830977 -0.556307 0.000000
    outer loop
      vertex 43.5759 44.0385 4.0000
      vertex 44.1879 43.1244 4.0000
      vertex 44.1879 43.1244 4.8000
    endloop
  endfacet
  facet normal -0.830977 -0.556307 0.000000
    outer loop
      vertex 43.5759 44.0385 4.0000
      vertex 44.1879 43.1244 4.8000
      vertex 43.5759 44.0385 4.8000
    endloop
  endfacet
  facet normal 0.000000 0.000000 -1.000000
    outer loop
      vertex 43.6032 42.8029 4.8000
      vertex 42.6738 41.8452 4.8000
      vertex 41.8844 42.6112 4.8000
    endloop
  endfacet
  facet normal -0.000000 0.000000 -1.000000
    outer loop
      vertex 43.6032 42.8029 4.8000
      vertex 41.8844 42.6112 4.8000
      vertex 42.8138 43.5690 4.8000
    endloop
  endfacet
  facet normal -0.717642 0.696412 0.000000
    outer loop
      vertex 43.6032 42.8029 4.0000
      vertex 42.6738 41.8452 4.0000
      vertex 42.6738 41.8452 4.8000
    endloop
  endfacet
  facet normal -0.717642 0.696412 0.000000
    outer loop
      vertex 43.6032 42.8029 4.0000
      vertex 42.6738 41.8452 4.8000
      vertex 43.6032 42.8029 4.8000
    endloop
  endfacet
  facet normal 0.696412 0.717642 0.000000
    outer loop
      vertex 42.6738 41.8452 4.0000
      vertex 41.8844 42.6112 4.0000
      vertex 41.8844 42.6112 4.8000
    endloop
  endfacet
  facet normal 0.696412 0.717642 -0.000000
    outer loop
      vertex 42.6738 41.8452 4.0000
      vertex 41.8844 42.6112 4.8000
      vertex 42.6738 41.8452 4.8000
    endloop
  endfacet
  facet normal 0.717642 -0.696412 0.000000
    outer loop
      vertex 41.8844 42.6112 4.0000
      vertex 42.8138 43.5690 4.0000
      vertex 42.8138 43.5690 4.8000
    endloop
  endfacet
  facet normal 0.717642 -0.696412 0.000000
    outer loop
      vertex 41.8844 42.6112 4.0000
      vertex 42.8138 43.5690 4.8000
      vertex 41.8844 42.6112 4.8000
    endloop
  endfacet
  facet normal -0.696412 -0.717642 0.000000
    outer loop
      vertex 42.8138 43.5690 4.0000
      vertex 43.6032 42.8029 4.0000
      vertex 43.6032 42.8029 4.8000
    endloop
  endfacet
  facet normal -0.696412 -0.717642 0.000000
    outer loop
      vertex 42.8138 43.5690 4.0000
      vertex 43.6032 42.8029 4.8000
      vertex 42.8138 43.5690 4.8000
    endloop
  endfacet
  facet normal 0.000000 0.000000 -1.000000
    outer loop
      vertex 42.9802 42.1609 4.8000
      vertex 42.0508 41.2032 4.8000
      vertex 41.2614 41.9693 4.8000
    endloop
  endfacet
  facet normal -0.000000 0.000000 -1.000000
    outer loop
      vertex 42.9802 42.1609 4.8000
      vertex 41.2614 41.9693 4.8000
      vertex 42.1908 42.9270 4.8000
    endloop
  endfacet
  facet normal -0.717642 0.696412 0.000000
    outer loop
      vertex 42.9802 42.1609 4.0000
      vertex 42.0508 41.2032 4.0000
      vertex 42.0508 41.2032 4.8000
    endloop
  endfacet
  facet normal -0.717642 0.696412 0.000000
    outer loop
      vertex 42.9802 42.1609 4.0000
      vertex 42.0508 41.2032 4.8000
      vertex 42.9802 42.1609 4.8000
    endloop
  endfacet
  facet normal 0.696412 0.717642 0.000000
    outer loop
      vertex 42.0508 41.2032 4.0000
      vertex 41.2614 41.9693 4.0000
      vertex 41.2614 41.9693 4.8000
    endloop
  endfacet
  facet normal 0.696412 0.717642 -0.000000
    outer loop
      vertex 42.0508 41.2032 4.0000
      vertex 41.2614 41.9693 4.8000
      vertex 42.0508 41.2032 4.8000
    endloop
  endfacet
  facet normal 0.717642 -0.696412 0.000000
    outer loop
      vertex 41.2614 41.9693 4.0000
      vertex 42.1908 42.9270 4.0000
      vertex 42.1908 42.9270 4.8000
    endloop
  endfacet
  facet normal 0.717642 -0.696412 0.000000
    outer loop
      vertex 41.2614 41.9693 4.0000
      vertex 42.1908 42.9270 4.8000
      vertex 41.2614 41.9693 4.8000
    endloop
  endfacet
  facet normal -0.696412 -0.717642 0.000000
    outer loop
      vertex 42.1908 42.9270 4.0000
      vertex 42.9802 42.1609 4.0000
      vertex 42.9802 42.1609 4.8000
    endloop
  endfacet
  facet normal -0.696412 -0.717642 0.000000
    outer loop
      vertex 42.1908 42.9270 4.0000
      vertex 42.9802 42.1609 4.8000
      vertex 42.1908 42.9270 4.8000
    endloop
  endfacet
  facet normal 0.000000 0.000000 -1.000000
    outer loop
      vertex 42.3879 41.6169 4.8000
      vertex 41.6135 40.4774 4.8000
      vertex 40.7037 41.0957 4.8000
    endloop
  endfacet
  facet normal -0.000000 0.000000 -1.000000
    outer loop
      vertex 42.3879 41.6169 4.8000
      vertex 40.7037 41.0957 4.8000
      vertex 41.4781 42.2352 4.8000
    endloop
  endfacet
  facet normal -0.827081 0.562083 0.000000
    outer loop
      vertex 42.3879 41.6169 4.0000
      vertex 41.6135 40.4774 4.0000
      vertex 41.6135 40.4774 4.8000
    endloop
  endfacet
  facet normal -0.827081 0.562083 0.000000
    outer loop
      vertex 42.3879 41.6169 4.0000
      vertex 41.6135 40.4774 4.8000
      vertex 42.3879 41.6169 4.8000
    endloop
  endfacet
  facet normal 0.562083 0.827081 0.000000
    outer loop
      vertex 41.6135 40.4774 4.0000
      vertex 40.7037 41.0957 4.0000
      vertex 40.7037 41.0957 4.8000
    endloop
  endfacet
  facet normal 0.562083 0.827081 -0.000000
    outer loop
      vertex 41.6135 40.4774 4.0000
      vertex 40.7037 41.0957 4.8000
      vertex 41.6135 40.4774 4.8000
    endloop
  endfacet
  facet normal 0.827081 -0.562083 0.000000
    outer loop
      vertex 40.7037 41.0957 4.0000
      vertex 41.4781 42.2352 4.0000
      vertex 41.4781 42.2352 4.8000
    endloop
  endfacet
  facet normal 0.827081 -0.562083 0.000000
    outer loop
      vertex 40.7037 41.0957 4.0000
      vertex 41.4781 42.2352 4.8000
      vertex 40.7037 41.0957 4.8000
    endloop
  endfacet
  facet normal -0.562083 -0.827081 0.000000
    outer loop
      vertex 41.4781 42.2352 4.0000
      vertex 42.3879 41.6169 4.0000
      vertex 42.3879 41.6169 4.8000
    endloop
  endfacet
  facet normal -0.562083 -0.827081 0.000000
    outer loop
      vertex 41.4781 42.2352 4.0000
      vertex 42.3879 41.6169 4.8000
      vertex 41.4781 42.2352 4.8000
    endloop
  endfacet
  facet normal 0.000000 0.000000 -1.000000
    outer loop
      vertex 41.8608 40.8414 4.8000
      vertex 41.0864 39.7019 4.8000
      vertex 40.1766 40.3202 4.8000
    endloop
  endfacet
  facet normal -0.000000 0.000000 -1.000000
    outer loop
      vertex 41.8608 40.8414 4.8000
      vertex 40.1766 40.3202 4.8000
      vertex 40.9510 41.4597 4.8000
    endloop
  endfacet
  facet normal -0.827081 0.562083 0.000000
    outer loop
      vertex 41.8608 40.8414 4.0000
      vertex 41.0864 39.7019 4.0000
      vertex 41.0864 39.7019 4.8000
    endloop
  endfacet
  facet normal -0.827081 0.562083 0.000000
    outer loop
      vertex 41.8608 40.8414 4.0000
      vertex 41.0864 39.7019 4.8000
      vertex 41.8608 40.8414 4.8000
    endloop
  endfacet
  facet normal 0.562083 0.827081 0.000000
    outer loop
      vertex 41.0864 39.7019 4.0000
      vertex 40.1766 40.3202 4.0000
      vertex 40.1766 40.3202 4.8000
    endloop
  endfacet
  facet normal 0.562083 0.827081 -0.000000
    outer loop
      vertex 41.0864 39.7019 4.0000
      vertex 40.1766 40.3202 4.8000
      vertex 41.0864 39.7019 4.8000
    endloop
  endfacet
  facet normal 0.827081 -0.562083 0.000000
    outer loop
      vertex 40.1766 40.3202 4.0000
      vertex 40.9510 41.4597 4.0000
      vertex 40.9510 41.4597 4.8000
    endloop
  endfacet
  facet normal 0.827081 -0.562083 0.000000
    outer loop
      vertex 40.1766 40.3202 4.0000
      vertex 40.9510 41.4597 4.8000
      vertex 40.1766 40.3202 4.8000
    endloop
  endfacet
  facet normal -0.562083 -0.827081 0.000000
    outer loop
      vertex 40.9510 41.4597 4.0000
      vertex 41.8608 40.8414 4.0000
      vertex 41.8608 40.8414 4.8000
    endloop
  endfacet
  facet normal -0.562083 -0.827081 0.000000
    outer loop
      vertex 40.9510 41.4597 4.0000
      vertex 41.8608 40.8414 4.8000
      vertex 40.9510 41.4597 4.8000
    endloop
  endfacet
  facet normal 0.000000 0.000000 -1.000000
    outer loop
      vertex 41.3470 40.1676 4.8000
      vertex 40.7987 38.9509 4.8000
      vertex 39.7958 39.4028 4.8000
    endloop
  endfacet
  facet normal -0.000000 0.000000 -1.000000
    outer loop
      vertex 41.3470 40.1676 4.8000
      vertex 39.7958 39.4028 4.8000
      vertex 40.3442 40.6196 4.8000
    endloop
  endfacet
  facet normal -0.911689 0.410880 0.000000
    outer loop
      vertex 41.3470 40.1676 4.0000
      vertex 40.7987 38.9509 4.0000
      vertex 40.7987 38.9509 4.8000
    endloop
  endfacet
  facet normal -0.911689 0.410880 0.000000
    outer loop
      vertex 41.3470 40.1676 4.0000
      vertex 40.7987 38.9509 4.8000
      vertex 41.3470 40.1676 4.8000
    endloop
  endfacet
  facet normal 0.410880 0.911689 0.000000
    outer loop
      vertex 40.7987 38.9509 4.0000
      vertex 39.7958 39.4028 4.0000
      vertex 39.7958 39.4028 4.8000
    endloop
  endfacet
  facet normal 0.410880 0.911689 -0.000000
    outer loop
      vertex 40.7987 38.9509 4.0000
      vertex 39.7958 39.4028 4.8000
      vertex 40.7987 38.9509 4.8000
    endloop
  endfacet
  facet normal 0.911689 -0.410880 0.000000
    outer loop
      vertex 39.7958 39.4028 4.0000
      vertex 40.3442 40.6196 4.0000
      vertex 40.3442 40.6196 4.8000
    endloop
  endfacet
  facet normal 0.911689 -0.410880 0.000000
    outer loop
      vertex 39.7958 39.4028 4.0000
      vertex 40.3442 40.6196 4.8000
      vertex 39.7958 39.4028 4.8000
    endloop
  endfacet
  facet normal -0.410880 -0.911689 0.000000
    outer loop
      vertex 40.3442 40.6196 4.0000
      vertex 41.3470 40.1676 4.0000
      vertex 41.3470 40.1676 4.8000
    endloop
  endfacet
  facet normal -0.410880 -0.911689 0.000000
    outer loop
      vertex 40.3442 40.6196 4.0000
      vertex 41.3470 40.1676 4.8000
      vertex 40.3442 40.6196 4.8000
    endloop
  endfacet
  facet normal 0.000000 0.000000 -1.000000
    outer loop
      vertex 40.9795 39.3520 4.8000
      vertex 40.4311 38.1353 4.8000
      vertex 39.4282 38.5873 4.8000
    endloop
  endfacet
  facet normal -0.000000 0.000000 -1.000000
    outer loop
      vertex 40.9795 39.3520 4.8000
      vertex 39.4282 38.5873 4.8000
      vertex 39.9766 39.8040 4.8000
    endloop
  endfacet
  facet normal -0.911689 0.410880 0.000000
    outer loop
      vertex 40.9795 39.3520 4.0000
      vertex 40.4311 38.1353 4.0000
      vertex 40.4311 38.1353 4.8000
    endloop
  endfacet
  facet normal -0.911689 0.410880 0.000000
    outer loop
      vertex 40.9795 39.3520 4.0000
      vertex 40.4311 38.1353 4.8000
      vertex 40.9795 39.3520 4.8000
    endloop
  endfacet
  facet normal 0.410880 0.911689 0.000000
    outer loop
      vertex 40.4311 38.1353 4.0000
      vertex 39.4282 38.5873 4.0000
      vertex 39.4282 38.5873 4.8000
    endloop
  endfacet
  facet normal 0.410880 0.911689 -0.000000
    outer loop
      vertex 40.4311 38.1353 4.0000
      vertex 39.4282 38.5873 4.8000
      vertex 40.4311 38.1353 4.8000
    endloop
  endfacet
  facet normal 0.911689 -0.410880 0.000000
    outer loop
      vertex 39.4282 38.5873 4.0000
      vertex 39.9766 39.8040 4.0000
      vertex 39.9766 39.8040 4.8000
    endloop
  endfacet
  facet normal 0.911689 -0.410880 0.000000
    outer loop
      vertex 39.4282 38.5873 4.0000
      vertex 39.9766 39.8040 4.8000
      vertex 39.4282 38.5873 4.8000
    endloop
  endfacet
  facet normal -0.410880 -0.911689 0.000000
    outer loop
      vertex 39.9766 39.8040 4.0000
      vertex 40.9795 39.3520 4.0000
      vertex 40.9795 39.3520 4.8000
    endloop
  endfacet
  facet normal -0.410880 -0.911689 0.000000
    outer loop
      vertex 39.9766 39.8040 4.0000
      vertex 40.9795 39.3520 4.8000
      vertex 39.9766 39.8040 4.8000
    endloop
  endfacet
  facet normal 0.000000 0.000000 -1.000000
    outer loop
      vertex 40.6041 38.6606 4.8000
      vertex 40.3474 37.4733 4.8000
      vertex 39.2723 37.7058 4.8000
    endloop
  endfacet
  facet normal -0.000000 0.000000 -1.000000
    outer loop
      vertex 40.6041 38.6606 4.8000
      vertex 39.2723 37.7058 4.8000
      vertex 39.5290 38.8931 4.8000
    endloop
  endfacet
  facet normal -0.977413 0.211338 0.000000
    outer loop
      vertex 40.6041 38.6606 4.0000
      vertex 40.3474 37.4733 4.0000
      vertex 40.3474 37.4733 4.8000
    endloop
  endfacet
  facet normal -0.977413 0.211338 0.000000
    outer loop
      vertex 40.6041 38.6606 4.0000
      vertex 40.3474 37.4733 4.8000
      vertex 40.6041 38.6606 4.8000
    endloop
  endfacet
  facet normal 0.211338 0.977413 0.000000
    outer loop
      vertex 40.3474 37.4733 4.0000
      vertex 39.2723 37.7058 4.0000
      vertex 39.2723 37.7058 4.8000
    endloop
  endfacet
  facet normal 0.211338 0.977413 -0.000000
    outer loop
      vertex 40.3474 37.4733 4.0000
      vertex 39.2723 37.7058 4.8000
      vertex 40.3474 37.4733 4.8000
    endloop
  endfacet
  facet normal 0.977413 -0.211338 0.000000
    outer loop
      vertex 39.2723 37.7058 4.0000
      vertex 39.5290 38.8931 4.0000
      vertex 39.5290 38.8931 4.8000
    endloop
  endfacet
  facet normal 0.977413 -0.211338 0.000000
    outer loop
      vertex 39.2723 37.7058 4.0000
      vertex 39.5290 38.8931 4.8000
      vertex 39.2723 37.7058 4.8000
    endloop
  endfacet
  facet normal -0.211338 -0.977413 0.000000
    outer loop
      vertex 39.5290 38.8931 4.0000
      vertex 40.6041 38.6606 4.0000
      vertex 40.6041 38.6606 4.8000
    endloop
  endfacet
  facet normal -0.211338 -0.977413 0.000000
    outer loop
      vertex 39.5290 38.8931 4.0000
      vertex 40.6041 38.6606 4.8000
      vertex 39.5290 38.8931 4.8000
    endloop
  endfacet
  facet normal 0.000000 0.000000 -1.000000
    outer loop
      vertex 40.4404 37.9034 4.8000
      vertex 40.1837 36.7161 4.8000
      vertex 39.1085 36.9486 4.8000
    endloop
  endfacet
  facet normal -0.000000 0.000000 -1.000000
    outer loop
      vertex 40.4404 37.9034 4.8000
      vertex 39.1085 36.9486 4.8000
      vertex 39.3653 38.1359 4.8000
    endloop
  endfacet
  facet normal -0.977413 0.211338 0.000000
    outer loop
      vertex 40.4404 37.9034 4.0000
      vertex 40.1837 36.7161 4.0000
      vertex 40.1837 36.7161 4.8000
    endloop
  endfacet
  facet normal -0.977413 0.211338 0.000000
    outer loop
      vertex 40.4404 37.9034 4.0000
      vertex 40.1837 36.7161 4.8000
      vertex 40.4404 37.9034 4.8000
    endloop
  endfacet
  facet normal 0.211338 0.977413 0.000000
    outer loop
      vertex 40.1837 36.7161 4.0000
      vertex 39.1085 36.9486 4.0000
      vertex 39.1085 36.9486 4.8000
    endloop
  endfacet
  facet normal 0.211338 0.977413 -0.000000
    outer loop
      vertex 40.1837 36.7161 4.0000
      vertex 39.1085 36.9486 4.8000
      vertex 40.1837 36.7161 4.8000
    endloop
  endfacet
  facet normal 0.977413 -0.211338 0.000000
    outer loop
      vertex 39.1085 36.9486 4.0000
      vertex 39.3653 38.1359 4.0000
      vertex 39.3653 38.1359 4.8000
    endloop
  endfacet
  facet normal 0.977413 -0.211338 0.000000
    outer loop
      vertex 39.1085 36.9486 4.0000
      vertex 39.3653 38.1359 4.8000
      vertex 39.1085 36.9486 4.8000
    endloop
  endfacet
  facet normal -0.211338 -0.977413 0.000000
    outer loop
      vertex 39.3653 38.1359 4.0000
      vertex 40.4404 37.9034 4.0000
      vertex 40.4404 37.9034 4.8000
    endloop
  endfacet
  facet normal -0.211338 -0.977413 0.000000
    outer loop
      vertex 39.3653 38.1359 4.0000
      vertex 40.4404 37.9034 4.8000
      vertex 39.3653 38.1359 4.8000
    endloop
  endfacet
  facet normal 0.000000 0.000000 -1.000000
    outer loop
      vertex 40.2852 35.6501 4.8000
      vertex 41.6305 35.3125 4.8000
      vertex 41.3628 34.2456 4.8000
    endloop
  endfacet
  facet normal 0.000000 -0.000000 -1.000000
    outer loop
      vertex 40.2852 35.6501 4.8000
      vertex 41.3628 34.2456 4.8000
      vertex 40.0175 34.5832 4.8000
    endloop
  endfacet
  facet normal -0.243384 -0.969930 0.000000
    outer loop
      vertex 40.2852 35.6501 4.0000
      vertex 41.6305 35.3125 4.0000
      vertex 41.6305 35.3125 4.8000
    endloop
  endfacet
  facet normal -0.243384 -0.969930 0.000000
    outer loop
      vertex 40.2852 35.6501 4.0000
      vertex 41.6305 35.3125 4.8000
      vertex 40.2852 35.6501 4.8000
    endloop
  endfacet
  facet normal -0.969930 0.243384 0.000000
    outer loop
      vertex 41.6305 35.3125 4.0000
      vertex 41.3628 34.2456 4.0000
      vertex 41.3628 34.2456 4.8000
    endloop
  endfacet
  facet normal -0.969930 0.243384 0.000000
    outer loop
      vertex 41.6305 35.3125 4.0000
      vertex 41.3628 34.2456 4.8000
      vertex 41.6305 35.3125 4.8000
    endloop
  endfacet
  facet normal 0.243384 0.969930 0.000000
    outer loop
      vertex 41.3628 34.2456 4.0000
      vertex 40.0175 34.5832 4.0000
      vertex 40.0175 34.5832 4.8000
    endloop
  endfacet
  facet normal 0.243384 0.969930 -0.000000
    outer loop
      vertex 41.3628 34.2456 4.0000
      vertex 40.0175 34.5832 4.8000
      vertex 41.3628 34.2456 4.8000
    endloop
  endfacet
  facet normal 0.969930 -0.243384 0.000000
    outer loop
      vertex 40.0175 34.5832 4.0000
      vertex 40.2852 35.6501 4.0000
      vertex 40.2852 35.6501 4.8000
    endloop
  endfacet
  facet normal 0.969930 -0.243384 0.000000
    outer loop
      vertex 40.0175 34.5832 4.0000
      vertex 40.2852 35.6501 4.8000
      vertex 40.0175 34.5832 4.8000
    endloop
  endfacet
  facet normal 0.000000 0.000000 -1.000000
    outer loop
      vertex 40.9204 35.3008 4.8000
      vertex 42.5173 35.7579 4.8000
      vertex 42.8200 34.7004 4.8000
    endloop
  endfacet
  facet normal 0.000000 0.000000 -1.000000
    outer loop
      vertex 40.9204 35.3008 4.8000
      vertex 42.8200 34.7004 4.8000
      vertex 41.2231 34.2433 4.8000
    endloop
  endfacet
  facet normal 0.275194 -0.961389 0.000000
    outer loop
      vertex 40.9204 35.3008 4.0000
      vertex 42.5173 35.7579 4.0000
      vertex 42.5173 35.7579 4.8000
    endloop
  endfacet
  facet normal 0.275194 -0.961389 0.000000
    outer loop
      vertex 40.9204 35.3008 4.0000
      vertex 42.5173 35.7579 4.8000
      vertex 40.9204 35.3008 4.8000
    endloop
  endfacet
  facet normal -0.961389 -0.275194 0.000000
    outer loop
      vertex 42.5173 35.7579 4.0000
      vertex 42.8200 34.7004 4.0000
      vertex 42.8200 34.7004 4.8000
    endloop
  endfacet
  facet normal -0.961389 -0.275194 0.000000
    outer loop
      vertex 42.5173 35.7579 4.0000
      vertex 42.8200 34.7004 4.8000
      vertex 42.5173 35.7579 4.8000
    endloop
  endfacet
  facet normal -0.275194 0.961389 0.000000
    outer loop
      vertex 42.8200 34.7004 4.0000
      vertex 41.2231 34.2433 4.0000
      vertex 41.2231 34.2433 4.8000
    endloop
  endfacet
  facet normal -0.275194 0.961389 0.000000
    outer loop
      vertex 42.8200 34.7004 4.0000
      vertex 41.2231 34.2433 4.8000
      vertex 42.8200 34.7004 4.8000
    endloop
  endfacet
  facet normal 0.961389 0.275194 0.000000
    outer loop
      vertex 41.2231 34.2433 4.0000
      vertex 40.9204 35.3008 4.0000
      vertex 40.9204 35.3008 4.8000
    endloop
  endfacet
  facet normal 0.961389 0.275194 -0.000000
    outer loop
      vertex 41.2231 34.2433 4.0000
      vertex 40.9204 35.3008 4.8000
      vertex 41.2231 34.2433 4.8000
    endloop
  endfacet
  facet normal 0.000000 0.000000 -1.000000
    outer loop
      vertex 41.9683 35.5033 4.8000
      vertex 42.9777 36.1790 4.8000
      vertex 43.5897 35.2650 4.8000
    endloop
  endfacet
  facet normal 0.000000 0.000000 -1.000000
    outer loop
      vertex 41.9683 35.5033 4.8000
      vertex 43.5897 35.2650 4.8000
      vertex 42.5803 34.5892 4.8000
    endloop
  endfacet
  facet normal 0.556307 -0.830977 0.000000
    outer loop
      vertex 41.9683 35.5033 4.0000
      vertex 42.9777 36.1790 4.0000
      vertex 42.9777 36.1790 4.8000
    endloop
  endfacet
  facet normal 0.556307 -0.830977 0.000000
    outer loop
      vertex 41.9683 35.5033 4.0000
      vertex 42.9777 36.1790 4.8000
      vertex 41.9683 35.5033 4.8000
    endloop
  endfacet
  facet normal -0.830977 -0.556307 0.000000
    outer loop
      vertex 42.9777 36.1790 4.0000
      vertex 43.5897 35.2650 4.0000
      vertex 43.5897 35.2650 4.8000
    endloop
  endfacet
  facet normal -0.830977 -0.556307 0.000000
    outer loop
      vertex 42.9777 36.1790 4.0000
      vertex 43.5897 35.2650 4.8000
      vertex 42.9777 36.1790 4.8000
    endloop
  endfacet
  facet normal -0.556307 0.830977 0.000000
    outer loop
      vertex 43.5897 35.2650 4.0000
      vertex 42.5803 34.5892 4.0000
      vertex 42.5803 34.5892 4.8000
    endloop
  endfacet
  facet normal -0.556307 0.830977 0.000000
    outer loop
      vertex 43.5897 35.2650 4.0000
      vertex 42.5803 34.5892 4.8000
      vertex 43.5897 35.2650 4.8000
    endloop
  endfacet
  facet normal 0.830977 0.556307 0.000000
    outer loop
      vertex 42.5803 34.5892 4.0000
      vertex 41.9683 35.5033 4.0000
      vertex 41.9683 35.5033 4.8000
    endloop
  endfacet
  facet normal 0.830977 0.556307 -0.000000
    outer loop
      vertex 42.5803 34.5892 4.0000
      vertex 41.9683 35.5033 4.8000
      vertex 42.5803 34.5892 4.8000
    endloop
  endfacet
  facet normal 0.000000 0.000000 -1.000000
    outer loop
      vertex 42.6121 35.9343 4.8000
      vertex 43.6215 36.6100 4.8000
      vertex 44.2335 35.6959 4.8000
    endloop
  endfacet
  facet normal 0.000000 0.000000 -1.000000
    outer loop
      vertex 42.6121 35.9343 4.8000
      vertex 44.2335 35.6959 4.8000
      vertex 43.2241 35.0202 4.8000
    endloop
  endfacet
  facet normal 0.556307 -0.830977 0.000000
    outer loop
      vertex 42.6121 35.9343 4.0000
      vertex 43.6215 36.6100 4.0000
      vertex 43.6215 36.6100 4.8000
    endloop
  endfacet
  facet normal 0.556307 -0.830977 0.000000
    outer loop
      vertex 42.6121 35.9343 4.0000
      vertex 43.6215 36.6100 4.8000
      vertex 42.6121 35.9343 4.8000
    endloop
  endfacet
  facet normal -0.830977 -0.556307 0.000000
    outer loop
      vertex 43.6215 36.6100 4.0000
      vertex 44.2335 35.6959 4.0000
      vertex 44.2335 35.6959 4.8000
    endloop
  endfacet
  facet normal -0.830977 -0.556307 0.000000
    outer loop
      vertex 43.6215 36.6100 4.0000
      vertex 44.2335 35.6959 4.8000
      vertex 43.6215 36.6100 4.8000
    endloop
  endfacet
  facet normal -0.556307 0.830977 0.000000
    outer loop
      vertex 44.2335 35.6959 4.0000
      vertex 43.2241 35.0202 4.0000
      vertex 43.2241 35.0202 4.8000
    endloop
  endfacet
  facet normal -0.556307 0.830977 0.000000
    outer loop
      vertex 44.2335 35.6959 4.0000
      vertex 43.2241 35.0202 4.8000
      vertex 44.2335 35.6959 4.8000
    endloop
  endfacet
  facet normal 0.830977 0.556307 0.000000
    outer loop
      vertex 43.2241 35.0202 4.0000
      vertex 42.6121 35.9343 4.0000
      vertex 42.6121 35.9343 4.8000
    endloop
  endfacet
  facet normal 0.830977 0.556307 -0.000000
    outer loop
      vertex 43.2241 35.0202 4.0000
      vertex 42.6121 35.9343 4.8000
      vertex 43.2241 35.0202 4.8000
    endloop
  endfacet
  facet normal 0.000000 0.000000 -1.000000
    outer loop
      vertex 43.1968 36.2557 4.8000
      vertex 44.1262 37.2135 4.8000
      vertex 44.9156 36.4474 4.8000
    endloop
  endfacet
  facet normal 0.000000 0.000000 -1.000000
    outer loop
      vertex 43.1968 36.2557 4.8000
      vertex 44.9156 36.4474 4.8000
      vertex 43.9862 35.4897 4.8000
    endloop
  endfacet
  facet normal 0.717642 -0.696412 0.000000
    outer loop
      vertex 43.1968 36.2557 4.0000
      vertex 44.1262 37.2135 4.0000
      vertex 44.1262 37.2135 4.8000
    endloop
  endfacet
  facet normal 0.717642 -0.696412 0.000000
    outer loop
      vertex 43.1968 36.2557 4.0000
      vertex 44.1262 37.2135 4.8000
      vertex 43.1968 36.2557 4.8000
    endloop
  endfacet
  facet normal -0.696412 -0.717642 0.000000
    outer loop
      vertex 44.1262 37.2135 4.0000
      vertex 44.9156 36.4474 4.0000
      vertex 44.9156 36.4474 4.8000
    endloop
  endfacet
  facet normal -0.696412 -0.717642 0.000000
    outer loop
      vertex 44.1262 37.2135 4.0000
      vertex 44.9156 36.4474 4.8000
      vertex 44.1262 37.2135 4.8000
    endloop
  endfacet
  facet normal -0.717642 0.696412 0.000000
    outer loop
      vertex 44.9156 36.4474 4.0000
      vertex 43.9862 35.4897 4.0000
      vertex 43.9862 35.4897 4.8000
    endloop
  endfacet
  facet normal -0.717642 0.696412 0.000000
    outer loop
      vertex 44.9156 36.4474 4.0000
      vertex 43.9862 35.4897 4.8000
      vertex 44.9156 36.4474 4.8000
    endloop
  endfacet
  facet normal 0.696412 0.717642 0.000000
    outer loop
      vertex 43.9862 35.4897 4.0000
      vertex 43.1968 36.2557 4.0000
      vertex 43.1968 36.2557 4.8000
    endloop
  endfacet
  facet normal 0.696412 0.717642 -0.000000
    outer loop
      vertex 43.9862 35.4897 4.0000
      vertex 43.1968 36.2557 4.8000
      vertex 43.9862 35.4897 4.8000
    endloop
  endfacet
  facet normal 0.000000 0.000000 -1.000000
    outer loop
      vertex 43.8198 36.8977 4.8000
      vertex 44.7492 37.8555 4.8000
      vertex 45.5386 37.0894 4.8000
    endloop
  endfacet
  facet normal 0.000000 0.000000 -1.000000
    outer loop
      vertex 43.8198 36.8977 4.8000
      vertex 45.5386 37.0894 4.8000
      vertex 44.6092 36.1317 4.8000
    endloop
  endfacet
  facet normal 0.717642 -0.696412 0.000000
    outer loop
      vertex 43.8198 36.8977 4.0000
      vertex 44.7492 37.8555 4.0000
      vertex 44.7492 37.8555 4.8000
    endloop
  endfacet
  facet normal 0.717642 -0.696412 0.000000
    outer loop
      vertex 43.8198 36.8977 4.0000
      vertex 44.7492 37.8555 4.8000
      vertex 43.8198 36.8977 4.8000
    endloop
  endfacet
  facet normal -0.696412 -0.717642 0.000000
    outer loop
      vertex 44.7492 37.8555 4.0000
      vertex 45.5386 37.0894 4.0000
      vertex 45.5386 37.0894 4.8000
    endloop
  endfacet
  facet normal -0.696412 -0.717642 0.000000
    outer loop
      vertex 44.7492 37.8555 4.0000
      vertex 45.5386 37.0894 4.8000
      vertex 44.7492 37.8555 4.8000
    endloop
  endfacet
  facet normal -0.717642 0.696412 0.000000
    outer loop
      vertex 45.5386 37.0894 4.0000
      vertex 44.6092 36.1317 4.0000
      vertex 44.6092 36.1317 4.8000
    endloop
  endfacet
  facet normal -0.717642 0.696412 0.000000
    outer loop
      vertex 45.5386 37.0894 4.0000
      vertex 44.6092 36.1317 4.8000
      vertex 45.5386 37.0894 4.8000
    endloop
  endfacet
  facet normal 0.696412 0.717642 0.000000
    outer loop
      vertex 44.6092 36.1317 4.0000
      vertex 43.8198 36.8977 4.0000
      vertex 43.8198 36.8977 4.8000
    endloop
  endfacet
  facet normal 0.696412 0.717642 -0.000000
    outer loop
      vertex 44.6092 36.1317 4.0000
      vertex 43.8198 36.8977 4.8000
      vertex 44.6092 36.1317 4.8000
    endloop
  endfacet
  facet normal 0.000000 0.000000 -1.000000
    outer loop
      vertex 44.4121 37.4418 4.8000
      vertex 45.1865 38.5812 4.8000
      vertex 46.0963 37.9629 4.8000
    endloop
  endfacet
  facet normal 0.000000 0.000000 -1.000000
    outer loop
      vertex 44.4121 37.4418 4.8000
      vertex 46.0963 37.9629 4.8000
      vertex 45.3219 36.8235 4.8000
    endloop
  endfacet
  facet normal 0.827081 -0.562083 0.000000
    outer loop
      vertex 44.4121 37.4418 4.0000
      vertex 45.1865 38.5812 4.0000
      vertex 45.1865 38.5812 4.8000
    endloop
  endfacet
  facet normal 0.827081 -0.562083 0.000000
    outer loop
      vertex 44.4121 37.4418 4.0000
      vertex 45.1865 38.5812 4.8000
      vertex 44.4121 37.4418 4.8000
    endloop
  endfacet
  facet normal -0.562083 -0.827081 0.000000
    outer loop
      vertex 45.1865 38.5812 4.0000
      vertex 46.0963 37.9629 4.0000
      vertex 46.0963 37.9629 4.8000
    endloop
  endfacet
  facet normal -0.562083 -0.827081 0.000000
    outer loop
      vertex 45.1865 38.5812 4.0000
      vertex 46.0963 37.9629 4.8000
      vertex 45.1865 38.5812 4.8000
    endloop
  endfacet
  facet normal -0.827081 0.562083 0.000000
    outer loop
      vertex 46.0963 37.9629 4.0000
      vertex 45.3219 36.8235 4.0000
      vertex 45.3219 36.8235 4.8000
    endloop
  endfacet
  facet normal -0.827081 0.562083 0.000000
    outer loop
      vertex 46.0963 37.9629 4.0000
      vertex 45.3219 36.8235 4.8000
      vertex 46.0963 37.9629 4.8000
    endloop
  endfacet
  facet normal 0.562083 0.827081 0.000000
    outer loop
      vertex 45.3219 36.8235 4.0000
      vertex 44.4121 37.4418 4.0000
      vertex 44.4121 37.4418 4.8000
    endloop
  endfacet
  facet normal 0.562083 0.827081 -0.000000
    outer loop
      vertex 45.3219 36.8235 4.0000
      vertex 44.4121 37.4418 4.8000
      vertex 45.3219 36.8235 4.8000
    endloop
  endfacet
  facet normal 0.000000 0.000000 -1.000000
    outer loop
      vertex 44.9392 38.2173 4.8000
      vertex 45.7136 39.3568 4.8000
      vertex 46.6234 38.7385 4.8000
    endloop
  endfacet
  facet normal 0.000000 0.000000 -1.000000
    outer loop
      vertex 44.9392 38.2173 4.8000
      vertex 46.6234 38.7385 4.8000
      vertex 45.8490 37.5990 4.8000
    endloop
  endfacet
  facet normal 0.827081 -0.562083 0.000000
    outer loop
      vertex 44.9392 38.2173 4.0000
      vertex 45.7136 39.3568 4.0000
      vertex 45.7136 39.3568 4.8000
    endloop
  endfacet
  facet normal 0.827081 -0.562083 0.000000
    outer loop
      vertex 44.9392 38.2173 4.0000
      vertex 45.7136 39.3568 4.8000
      vertex 44.9392 38.2173 4.8000
    endloop
  endfacet
  facet normal -0.562083 -0.827081 0.000000
    outer loop
      vertex 45.7136 39.3568 4.0000
      vertex 46.6234 38.7385 4.0000
      vertex 46.6234 38.7385 4.8000
    endloop
  endfacet
  facet normal -0.562083 -0.827081 0.000000
    outer loop
      vertex 45.7136 39.3568 4.0000
      vertex 46.6234 38.7385 4.8000
      vertex 45.7136 39.3568 4.8000
    endloop
  endfacet
  facet normal -0.827081 0.562083 0.000000
    outer loop
      vertex 46.6234 38.7385 4.0000
      vertex 45.8490 37.5990 4.0000
      vertex 45.8490 37.5990 4.8000
    endloop
  endfacet
  facet normal -0.827081 0.562083 0.000000
    outer loop
      vertex 46.6234 38.7385 4.0000
      vertex 45.8490 37.5990 4.8000
      vertex 46.6234 38.7385 4.8000
    endloop
  endfacet
  facet normal 0.562083 0.827081 0.000000
    outer loop
      vertex 45.8490 37.5990 4.0000
      vertex 44.9392 38.2173 4.0000
      vertex 44.9392 38.2173 4.8000
    endloop
  endfacet
  facet normal 0.562083 0.827081 -0.000000
    outer loop
      vertex 45.8490 37.5990 4.0000
      vertex 44.9392 38.2173 4.8000
      vertex 45.8490 37.5990 4.8000
    endloop
  endfacet
  facet normal 0.000000 0.000000 -1.000000
    outer loop
      vertex 45.4530 38.8911 4.8000
      vertex 46.0013 40.1078 4.8000
      vertex 47.0042 39.6558 4.8000
    endloop
  endfacet
  facet normal 0.000000 0.000000 -1.000000
    outer loop
      vertex 45.4530 38.8911 4.8000
      vertex 47.0042 39.6558 4.8000
      vertex 46.4558 38.4391 4.8000
    endloop
  endfacet
  facet normal 0.911689 -0.410880 0.000000
    outer loop
      vertex 45.4530 38.8911 4.0000
      vertex 46.0013 40.1078 4.0000
      vertex 46.0013 40.1078 4.8000
    endloop
  endfacet
  facet normal 0.911689 -0.410880 0.000000
    outer loop
      vertex 45.4530 38.8911 4.0000
      vertex 46.0013 40.1078 4.8000
      vertex 45.4530 38.8911 4.8000
    endloop
  endfacet
  facet normal -0.410880 -0.911689 0.000000
    outer loop
      vertex 46.0013 40.1078 4.0000
      vertex 47.0042 39.6558 4.0000
      vertex 47.0042 39.6558 4.8000
    endloop
  endfacet
  facet normal -0.410880 -0.911689 0.000000
    outer loop
      vertex 46.0013 40.1078 4.0000
      vertex 47.0042 39.6558 4.8000
      vertex 46.0013 40.1078 4.8000
    endloop
  endfacet
  facet normal -0.911689 0.410880 0.000000
    outer loop
      vertex 47.0042 39.6558 4.0000
      vertex 46.4558 38.4391 4.0000
      vertex 46.4558 38.4391 4.8000
    endloop
  endfacet
  facet normal -0.911689 0.410880 0.000000
    outer loop
      vertex 47.0042 39.6558 4.0000
      vertex 46.4558 38.4391 4.8000
      vertex 47.0042 39.6558 4.8000
    endloop
  endfacet
  facet normal 0.410880 0.911689 0.000000
    outer loop
      vertex 46.4558 38.4391 4.0000
      vertex 45.4530 38.8911 4.0000
      vertex 45.4530 38.8911 4.8000
    endloop
  endfacet
  facet normal 0.410880 0.911689 -0.000000
    outer loop
      vertex 46.4558 38.4391 4.0000
      vertex 45.4530 38.8911 4.8000
      vertex 46.4558 38.4391 4.8000
    endloop
  endfacet
  facet normal 0.000000 0.000000 -1.000000
    outer loop
      vertex 45.8205 39.7067 4.8000
      vertex 46.3689 40.9234 4.8000
      vertex 47.3718 40.4714 4.8000
    endloop
  endfacet
  facet normal 0.000000 0.000000 -1.000000
    outer loop
      vertex 45.8205 39.7067 4.8000
      vertex 47.3718 40.4714 4.8000
      vertex 46.8234 39.2547 4.8000
    endloop
  endfacet
  facet normal 0.911689 -0.410880 0.000000
    outer loop
      vertex 45.8205 39.7067 4.0000
      vertex 46.3689 40.9234 4.0000
      vertex 46.3689 40.9234 4.8000
    endloop
  endfacet
  facet normal 0.911689 -0.410880 0.000000
    outer loop
      vertex 45.8205 39.7067 4.0000
      vertex 46.3689 40.9234 4.8000
      vertex 45.8205 39.7067 4.8000
    endloop
  endfacet
  facet normal -0.410880 -0.911689 0.000000
    outer loop
      vertex 46.3689 40.9234 4.0000
      vertex 47.3718 40.4714 4.0000
      vertex 47.3718 40.4714 4.8000
    endloop
  endfacet
  facet normal -0.410880 -0.911689 0.000000
    outer loop
      vertex 46.3689 40.9234 4.0000
      vertex 47.3718 40.4714 4.8000
      vertex 46.3689 40.9234 4.8000
    endloop
  endfacet
  facet normal -0.911689 0.410880 0.000000
    outer loop
      vertex 47.3718 40.4714 4.0000
      vertex 46.8234 39.2547 4.0000
      vertex 46.8234 39.2547 4.8000
    endloop
  endfacet
  facet normal -0.911689 0.410880 0.000000
    outer loop
      vertex 47.3718 40.4714 4.0000
      vertex 46.8234 39.2547 4.8000
      vertex 47.3718 40.4714 4.8000
    endloop
  endfacet
  facet normal 0.410880 0.911689 0.000000
    outer loop
      vertex 46.8234 39.2547 4.0000
      vertex 45.8205 39.7067 4.0000
      vertex 45.8205 39.7067 4.8000
    endloop
  endfacet
  facet normal 0.410880 0.911689 -0.000000
    outer loop
      vertex 46.8234 39.2547 4.0000
      vertex 45.8205 39.7067 4.8000
      vertex 46.8234 39.2547 4.8000
    endloop
  endfacet
  facet normal 0.000000 0.000000 -1.000000
    outer loop
      vertex 46.1959 40.3980 4.8000
      vertex 46.4526 41.5853 4.8000
      vertex 47.5277 41.3529 4.8000
    endloop
  endfacet
  facet normal 0.000000 0.000000 -1.000000
    outer loop
      vertex 46.1959 40.3980 4.8000
      vertex 47.5277 41.3529 4.8000
      vertex 47.2710 40.1656 4.8000
    endloop
  endfacet
  facet normal 0.977413 -0.211338 0.000000
    outer loop
      vertex 46.1959 40.3980 4.0000
      vertex 46.4526 41.5853 4.0000
      vertex 46.4526 41.5853 4.8000
    endloop
  endfacet
  facet normal 0.977413 -0.211338 0.000000
    outer loop
      vertex 46.1959 40.3980 4.0000
      vertex 46.4526 41.5853 4.8000
      vertex 46.1959 40.3980 4.8000
    endloop
  endfacet
  facet normal -0.211338 -0.977413 0.000000
    outer loop
      vertex 46.4526 41.5853 4.0000
      vertex 47.5277 41.3529 4.0000
      vertex 47.5277 41.3529 4.8000
    endloop
  endfacet
  facet normal -0.211338 -0.977413 0.000000
    outer loop
      vertex 46.4526 41.5853 4.0000
      vertex 47.5277 41.3529 4.8000
      vertex 46.4526 41.5853 4.8000
    endloop
  endfacet
  facet normal -0.977413 0.211338 0.000000
    outer loop
      vertex 47.5277 41.3529 4.0000
      vertex 47.2710 40.1656 4.0000
      vertex 47.2710 40.1656 4.8000
    endloop
  endfacet
  facet normal -0.977413 0.211338 0.000000
    outer loop
      vertex 47.5277 41.3529 4.0000
      vertex 47.2710 40.1656 4.8000
      vertex 47.5277 41.3529 4.8000
    endloop
  endfacet
  facet normal 0.211338 0.977413 0.000000
    outer loop
      vertex 47.2710 40.1656 4.0000
      vertex 46.1959 40.3980 4.0000
      vertex 46.1959 40.3980 4.8000
    endloop
  endfacet
  facet normal 0.211338 0.977413 -0.000000
    outer loop
      vertex 47.2710 40.1656 4.0000
      vertex 46.1959 40.3980 4.8000
      vertex 47.2710 40.1656 4.8000
    endloop
  endfacet
  facet normal 0.000000 0.000000 -1.000000
    outer loop
      vertex 46.3596 41.1553 4.8000
      vertex 46.6163 42.3426 4.8000
      vertex 47.6915 42.1101 4.8000
    endloop
  endfacet
  facet normal 0.000000 0.000000 -1.000000
    outer loop
      vertex 46.3596 41.1553 4.8000
      vertex 47.6915 42.1101 4.8000
      vertex 47.4347 40.9228 4.8000
    endloop
  endfacet
  facet normal 0.977413 -0.211338 0.000000
    outer loop
      vertex 46.3596 41.1553 4.0000
      vertex 46.6163 42.3426 4.0000
      vertex 46.6163 42.3426 4.8000
    endloop
  endfacet
  facet normal 0.977413 -0.211338 0.000000
    outer loop
      vertex 46.3596 41.1553 4.0000
      vertex 46.6163 42.3426 4.8000
      vertex 46.3596 41.1553 4.8000
    endloop
  endfacet
  facet normal -0.211338 -0.977413 0.000000
    outer loop
      vertex 46.6163 42.3426 4.0000
      vertex 47.6915 42.1101 4.0000
      vertex 47.6915 42.1101 4.8000
    endloop
  endfacet
  facet normal -0.211338 -0.977413 0.000000
    outer loop
      vertex 46.6163 42.3426 4.0000
      vertex 47.6915 42.1101 4.8000
      vertex 46.6163 42.3426 4.8000
    endloop
  endfacet
  facet normal -0.977413 0.211338 0.000000
    outer loop
      vertex 47.6915 42.1101 4.0000
      vertex 47.4347 40.9228 4.0000
      vertex 47.4347 40.9228 4.8000
    endloop
  endfacet
  facet normal -0.977413 0.211338 0.000000
    outer loop
      vertex 47.6915 42.1101 4.0000
      vertex 47.4347 40.9228 4.8000
      vertex 47.6915 42.1101 4.8000
    endloop
  endfacet
  facet normal 0.211338 0.977413 0.000000
    outer loop
      vertex 47.4347 40.9228 4.0000
      vertex 46.3596 41.1553 4.0000
      vertex 46.3596 41.1553 4.8000
    endloop
  endfacet
  facet normal 0.211338 0.977413 -0.000000
    outer loop
      vertex 47.4347 40.9228 4.0000
      vertex 46.3596 41.1553 4.8000
      vertex 47.4347 40.9228 4.8000
    endloop
  endfacet
  facet normal 0.000000 0.000000 -1.000000
    outer loop
      vertex 46.5816 41.7384 4.8000
      vertex 46.4188 43.3914 4.8000
      vertex 47.5135 43.4993 4.8000
    endloop
  endfacet
  facet normal 0.000000 0.000000 -1.000000
    outer loop
      vertex 46.5816 41.7384 4.8000
      vertex 47.5135 43.4993 4.8000
      vertex 47.6763 41.8463 4.8000
    endloop
  endfacet
  facet normal 0.995182 0.098042 0.000000
    outer loop
      vertex 46.5816 41.7384 4.0000
      vertex 46.4188 43.3914 4.0000
      vertex 46.4188 43.3914 4.8000
    endloop
  endfacet
  facet normal 0.995182 0.098042 -0.000000
    outer loop
      vertex 46.5816 41.7384 4.0000
      vertex 46.4188 43.3914 4.8000
      vertex 46.5816 41.7384 4.8000
    endloop
  endfacet
  facet normal 0.098042 -0.995182 0.000000
    outer loop
      vertex 46.4188 43.3914 4.0000
      vertex 47.5135 43.4993 4.0000
      vertex 47.5135 43.4993 4.8000
    endloop
  endfacet
  facet normal 0.098042 -0.995182 0.000000
    outer loop
      vertex 46.4188 43.3914 4.0000
      vertex 47.5135 43.4993 4.8000
      vertex 46.4188 43.3914 4.8000
    endloop
  endfacet
  facet normal -0.995182 -0.098042 0.000000
    outer loop
      vertex 47.5135 43.4993 4.0000
      vertex 47.6763 41.8463 4.0000
      vertex 47.6763 41.8463 4.8000
    endloop
  endfacet
  facet normal -0.995182 -0.098042 0.000000
    outer loop
      vertex 47.5135 43.4993 4.0000
      vertex 47.6763 41.8463 4.8000
      vertex 47.5135 43.4993 4.8000
    endloop
  endfacet
  facet normal -0.098042 0.995182 0.000000
    outer loop
      vertex 47.6763 41.8463 4.0000
      vertex 46.5816 41.7384 4.0000
      vertex 46.5816 41.7384 4.8000
    endloop
  endfacet
  facet normal -0.098042 0.995182 0.000000
    outer loop
      vertex 47.6763 41.8463 4.0000
      vertex 46.5816 41.7384 4.8000
      vertex 47.6763 41.8463 4.8000
    endloop
  endfacet
  facet normal 0.000000 0.000000 -1.000000
    outer loop
      vertex 46.6693 42.7269 4.8000
      vertex 45.8602 43.8534 4.8000
      vertex 46.7536 44.4951 4.8000
    endloop
  endfacet
  facet normal 0.000000 0.000000 -1.000000
    outer loop
      vertex 46.6693 42.7269 4.8000
      vertex 46.7536 44.4951 4.8000
      vertex 47.5627 43.3685 4.8000
    endloop
  endfacet
  facet normal 0.812222 0.583348 0.000000
    outer loop
      vertex 46.6693 42.7269 4.0000
      vertex 45.8602 43.8534 4.0000
      vertex 45.8602 43.8534 4.8000
    endloop
  endfacet
  facet normal 0.812222 0.583348 -0.000000
    outer loop
      vertex 46.6693 42.7269 4.0000
      vertex 45.8602 43.8534 4.8000
      vertex 46.6693 42.7269 4.8000
    endloop
  endfacet
  facet normal 0.583348 -0.812222 0.000000
    outer loop
      vertex 45.8602 43.8534 4.0000
      vertex 46.7536 44.4951 4.0000
      vertex 46.7536 44.4951 4.8000
    endloop
  endfacet
  facet normal 0.583348 -0.812222 0.000000
    outer loop
      vertex 45.8602 43.8534 4.0000
      vertex 46.7536 44.4951 4.8000
      vertex 45.8602 43.8534 4.8000
    endloop
  endfacet
  facet normal -0.812222 -0.583348 0.000000
    outer loop
      vertex 46.7536 44.4951 4.0000
      vertex 47.5627 43.3685 4.0000
      vertex 47.5627 43.3685 4.8000
    endloop
  endfacet
  facet normal -0.812222 -0.583348 0.000000
    outer loop
      vertex 46.7536 44.4951 4.0000
      vertex 47.5627 43.3685 4.8000
      vertex 46.7536 44.4951 4.8000
    endloop
  endfacet
  facet normal -0.583348 0.812222 0.000000
    outer loop
      vertex 47.5627 43.3685 4.0000
      vertex 46.6693 42.7269 4.0000
      vertex 46.6693 42.7269 4.8000
    endloop
  endfacet
  facet normal -0.583348 0.812222 0.000000
    outer loop
      vertex 47.5627 43.3685 4.0000
      vertex 46.6693 42.7269 4.8000
      vertex 47.5627 43.3685 4.8000
    endloop
  endfacet
  facet normal 0.000000 0.000000 -1.000000
    outer loop
      vertex 59.9858 48.3406 4.8000
      vertex 58.3843 49.4620 4.8000
      vertex 59.0153 50.3630 4.8000
    endloop
  endfacet
  facet normal 0.000000 0.000000 -1.000000
    outer loop
      vertex 59.9858 48.3406 4.8000
      vertex 59.0153 50.3630 4.8000
      vertex 60.6167 49.2417 4.8000
    endloop
  endfacet
  facet normal 0.573576 0.819152 0.000000
    outer loop
      vertex 59.9858 48.3406 4.0000
      vertex 58.3843 49.4620 4.0000
      vertex 58.3843 49.4620 4.8000
    endloop
  endfacet
  facet normal 0.573576 0.819152 -0.000000
    outer loop
      vertex 59.9858 48.3406 4.0000
      vertex 58.3843 49.4620 4.8000
      vertex 59.9858 48.3406 4.8000
    endloop
  endfacet
  facet normal 0.819152 -0.573576 0.000000
    outer loop
      vertex 58.3843 49.4620 4.0000
      vertex 59.0153 50.3630 4.0000
      vertex 59.0153 50.3630 4.8000
    endloop
  endfacet
  facet normal 0.819152 -0.573576 0.000000
    outer loop
      vertex 58.3843 49.4620 4.0000
      vertex 59.0153 50.3630 4.8000
      vertex 58.3843 49.4620 4.8000
    endloop
  endfacet
  facet normal -0.573576 -0.819152 0.000000
    outer loop
      vertex 59.0153 50.3630 4.0000
      vertex 60.6167 49.2417 4.0000
      vertex 60.6167 49.2417 4.8000
    endloop
  endfacet
  facet normal -0.573576 -0.819152 0.000000
    outer loop
      vertex 59.0153 50.3630 4.0000
      vertex 60.6167 49.2417 4.8000
      vertex 59.0153 50.3630 4.8000
    endloop
  endfacet
  facet normal -0.819152 0.573576 0.000000
    outer loop
      vertex 60.6167 49.2417 4.0000
      vertex 59.9858 48.3406 4.0000
      vertex 59.9858 48.3406 4.8000
    endloop
  endfacet
  facet normal -0.819152 0.573576 0.000000
    outer loop
      vertex 60.6167 49.2417 4.0000
      vertex 59.9858 48.3406 4.8000
      vertex 60.6167 49.2417 4.8000
    endloop
  endfacet
  facet normal 0.000000 0.000000 -1.000000
    outer loop
      vertex 58.7448 49.2096 4.8000
      vertex 57.1433 50.3309 4.8000
      vertex 57.7742 51.2320 4.8000
    endloop
  endfacet
  facet normal 0.000000 0.000000 -1.000000
    outer loop
      vertex 58.7448 49.2096 4.8000
      vertex 57.7742 51.2320 4.8000
      vertex 59.3757 50.1106 4.8000
    endloop
  endfacet
  facet normal 0.573576 0.819152 0.000000
    outer loop
      vertex 58.7448 49.2096 4.0000
      vertex 57.1433 50.3309 4.0000
      vertex 57.1433 50.3309 4.8000
    endloop
  endfacet
  facet normal 0.573576 0.819152 -0.000000
    outer loop
      vertex 58.7448 49.2096 4.0000
      vertex 57.1433 50.3309 4.8000
      vertex 58.7448 49.2096 4.8000
    endloop
  endfacet
  facet normal 0.819152 -0.573576 0.000000
    outer loop
      vertex 57.1433 50.3309 4.0000
      vertex 57.7742 51.2320 4.0000
      vertex 57.7742 51.2320 4.8000
    endloop
  endfacet
  facet normal 0.819152 -0.573576 0.000000
    outer loop
      vertex 57.1433 50.3309 4.0000
      vertex 57.7742 51.2320 4.8000
      vertex 57.1433 50.3309 4.8000
    endloop
  endfacet
  facet normal -0.573576 -0.819152 0.000000
    outer loop
      vertex 57.7742 51.2320 4.0000
      vertex 59.3757 50.1106 4.0000
      vertex 59.3757 50.1106 4.8000
    endloop
  endfacet
  facet normal -0.573576 -0.819152 0.000000
    outer loop
      vertex 57.7742 51.2320 4.0000
      vertex 59.3757 50.1106 4.8000
      vertex 57.7742 51.2320 4.8000
    endloop
  endfacet
  facet normal -0.819152 0.573576 0.000000
    outer loop
      vertex 59.3757 50.1106 4.0000
      vertex 58.7448 49.2096 4.0000
      vertex 58.7448 49.2096 4.8000
    endloop
  endfacet
  facet normal -0.819152 0.573576 0.000000
    outer loop
      vertex 59.3757 50.1106 4.0000
      vertex 58.7448 49.2096 4.8000
      vertex 59.3757 50.1106 4.8000
    endloop
  endfacet
  facet normal 0.000000 0.000000 -1.000000
    outer loop
      vertex 57.5037 50.0785 4.8000
      vertex 55.9023 51.1999 4.8000
      vertex 56.5332 52.1010 4.8000
    endloop
  endfacet
  facet normal 0.000000 0.000000 -1.000000
    outer loop
      vertex 57.5037 50.0785 4.8000
      vertex 56.5332 52.1010 4.8000
      vertex 58.1347 50.9796 4.8000
    endloop
  endfacet
  facet normal 0.573576 0.819152 0.000000
    outer loop
      vertex 57.5037 50.0785 4.0000
      vertex 55.9023 51.1999 4.0000
      vertex 55.9023 51.1999 4.8000
    endloop
  endfacet
  facet normal 0.573576 0.819152 -0.000000
    outer loop
      vertex 57.5037 50.0785 4.0000
      vertex 55.9023 51.1999 4.8000
      vertex 57.5037 50.0785 4.8000
    endloop
  endfacet
  facet normal 0.819152 -0.573576 0.000000
    outer loop
      vertex 55.9023 51.1999 4.0000
      vertex 56.5332 52.1010 4.0000
      vertex 56.5332 52.1010 4.8000
    endloop
  endfacet
  facet normal 0.819152 -0.573576 0.000000
    outer loop
      vertex 55.9023 51.1999 4.0000
      vertex 56.5332 52.1010 4.8000
      vertex 55.9023 51.1999 4.8000
    endloop
  endfacet
  facet normal -0.573576 -0.819152 0.000000
    outer loop
      vertex 56.5332 52.1010 4.0000
      vertex 58.1347 50.9796 4.0000
      vertex 58.1347 50.9796 4.8000
    endloop
  endfacet
  facet normal -0.573576 -0.819152 0.000000
    outer loop
      vertex 56.5332 52.1010 4.0000
      vertex 58.1347 50.9796 4.8000
      vertex 56.5332 52.1010 4.8000
    endloop
  endfacet
  facet normal -0.819152 0.573576 0.000000
    outer loop
      vertex 58.1347 50.9796 4.0000
      vertex 57.5037 50.0785 4.0000
      vertex 57.5037 50.0785 4.8000
    endloop
  endfacet
  facet normal -0.819152 0.573576 0.000000
    outer loop
      vertex 58.1347 50.9796 4.0000
      vertex 57.5037 50.0785 4.8000
      vertex 58.1347 50.9796 4.8000
    endloop
  endfacet
  facet normal 0.000000 0.000000 -1.000000
    outer loop
      vertex 56.2627 50.9475 4.8000
      vertex 54.6613 52.0689 4.8000
      vertex 55.2922 52.9699 4.8000
    endloop
  endfacet
  facet normal 0.000000 0.000000 -1.000000
    outer loop
      vertex 56.2627 50.9475 4.8000
      vertex 55.2922 52.9699 4.8000
      vertex 56.8937 51.8486 4.8000
    endloop
  endfacet
  facet normal 0.573576 0.819152 0.000000
    outer loop
      vertex 56.2627 50.9475 4.0000
      vertex 54.6613 52.0689 4.0000
      vertex 54.6613 52.0689 4.8000
    endloop
  endfacet
  facet normal 0.573576 0.819152 -0.000000
    outer loop
      vertex 56.2627 50.9475 4.0000
      vertex 54.6613 52.0689 4.8000
      vertex 56.2627 50.9475 4.8000
    endloop
  endfacet
  facet normal 0.819152 -0.573576 0.000000
    outer loop
      vertex 54.6613 52.0689 4.0000
      vertex 55.2922 52.9699 4.0000
      vertex 55.2922 52.9699 4.8000
    endloop
  endfacet
  facet normal 0.819152 -0.573576 0.000000
    outer loop
      vertex 54.6613 52.0689 4.0000
      vertex 55.2922 52.9699 4.8000
      vertex 54.6613 52.0689 4.8000
    endloop
  endfacet
  facet normal -0.573576 -0.819152 0.000000
    outer loop
      vertex 55.2922 52.9699 4.0000
      vertex 56.8937 51.8486 4.0000
      vertex 56.8937 51.8486 4.8000
    endloop
  endfacet
  facet normal -0.573576 -0.819152 0.000000
    outer loop
      vertex 55.2922 52.9699 4.0000
      vertex 56.8937 51.8486 4.8000
      vertex 55.2922 52.9699 4.8000
    endloop
  endfacet
  facet normal -0.819152 0.573576 0.000000
    outer loop
      vertex 56.8937 51.8486 4.0000
      vertex 56.2627 50.9475 4.0000
      vertex 56.2627 50.9475 4.8000
    endloop
  endfacet
  facet normal -0.819152 0.573576 0.000000
    outer loop
      vertex 56.8937 51.8486 4.0000
      vertex 56.2627 50.9475 4.8000
      vertex 56.8937 51.8486 4.8000
    endloop
  endfacet
  facet normal 0.000000 0.000000 -1.000000
    outer loop
      vertex 55.0217 51.8165 4.8000
      vertex 53.4203 52.9378 4.8000
      vertex 54.0512 53.8389 4.8000
    endloop
  endfacet
  facet normal 0.000000 0.000000 -1.000000
    outer loop
      vertex 55.0217 51.8165 4.8000
      vertex 54.0512 53.8389 4.8000
      vertex 55.6526 52.7176 4.8000
    endloop
  endfacet
  facet normal 0.573576 0.819152 0.000000
    outer loop
      vertex 55.0217 51.8165 4.0000
      vertex 53.4203 52.9378 4.0000
      vertex 53.4203 52.9378 4.8000
    endloop
  endfacet
  facet normal 0.573576 0.819152 -0.000000
    outer loop
      vertex 55.0217 51.8165 4.0000
      vertex 53.4203 52.9378 4.8000
      vertex 55.0217 51.8165 4.8000
    endloop
  endfacet
  facet normal 0.819152 -0.573576 0.000000
    outer loop
      vertex 53.4203 52.9378 4.0000
      vertex 54.0512 53.8389 4.0000
      vertex 54.0512 53.8389 4.8000
    endloop
  endfacet
  facet normal 0.819152 -0.573576 0.000000
    outer loop
      vertex 53.4203 52.9378 4.0000
      vertex 54.0512 53.8389 4.8000
      vertex 53.4203 52.9378 4.8000
    endloop
  endfacet
  facet normal -0.573576 -0.819152 0.000000
    outer loop
      vertex 54.0512 53.8389 4.0000
      vertex 55.6526 52.7176 4.0000
      vertex 55.6526 52.7176 4.8000
    endloop
  endfacet
  facet normal -0.573576 -0.819152 0.000000
    outer loop
      vertex 54.0512 53.8389 4.0000
      vertex 55.6526 52.7176 4.8000
      vertex 54.0512 53.8389 4.8000
    endloop
  endfacet
  facet normal -0.819152 0.573576 0.000000
    outer loop
      vertex 55.6526 52.7176 4.0000
      vertex 55.0217 51.8165 4.0000
      vertex 55.0217 51.8165 4.8000
    endloop
  endfacet
  facet normal -0.819152 0.573576 0.000000
    outer loop
      vertex 55.6526 52.7176 4.0000
      vertex 55.0217 51.8165 4.8000
      vertex 55.6526 52.7176 4.8000
    endloop
  endfacet
  facet normal 0.000000 0.000000 -1.000000
    outer loop
      vertex 53.7807 52.6855 4.8000
      vertex 52.1793 53.8068 4.8000
      vertex 52.8102 54.7079 4.8000
    endloop
  endfacet
  facet normal 0.000000 0.000000 -1.000000
    outer loop
      vertex 53.7807 52.6855 4.8000
      vertex 52.8102 54.7079 4.8000
      vertex 54.4116 53.5865 4.8000
    endloop
  endfacet
  facet normal 0.573576 0.819152 0.000000
    outer loop
      vertex 53.7807 52.6855 4.0000
      vertex 52.1793 53.8068 4.0000
      vertex 52.1793 53.8068 4.8000
    endloop
  endfacet
  facet normal 0.573576 0.819152 -0.000000
    outer loop
      vertex 53.7807 52.6855 4.0000
      vertex 52.1793 53.8068 4.8000
      vertex 53.7807 52.6855 4.8000
    endloop
  endfacet
  facet normal 0.819152 -0.573576 0.000000
    outer loop
      vertex 52.1793 53.8068 4.0000
      vertex 52.8102 54.7079 4.0000
      vertex 52.8102 54.7079 4.8000
    endloop
  endfacet
  facet normal 0.819152 -0.573576 0.000000
    outer loop
      vertex 52.1793 53.8068 4.0000
      vertex 52.8102 54.7079 4.8000
      vertex 52.1793 53.8068 4.8000
    endloop
  endfacet
  facet normal -0.573576 -0.819152 0.000000
    outer loop
      vertex 52.8102 54.7079 4.0000
      vertex 54.4116 53.5865 4.0000
      vertex 54.4116 53.5865 4.8000
    endloop
  endfacet
  facet normal -0.573576 -0.819152 0.000000
    outer loop
      vertex 52.8102 54.7079 4.0000
      vertex 54.4116 53.5865 4.8000
      vertex 52.8102 54.7079 4.8000
    endloop
  endfacet
  facet normal -0.819152 0.573576 0.000000
    outer loop
      vertex 54.4116 53.5865 4.0000
      vertex 53.7807 52.6855 4.0000
      vertex 53.7807 52.6855 4.8000
    endloop
  endfacet
  facet normal -0.819152 0.573576 0.000000
    outer loop
      vertex 54.4116 53.5865 4.0000
      vertex 53.7807 52.6855 4.8000
      vertex 54.4116 53.5865 4.8000
    endloop
  endfacet
  facet normal 0.000000 0.000000 -1.000000
    outer loop
      vertex 52.5397 53.5544 4.8000
      vertex 50.9382 54.6758 4.8000
      vertex 51.5692 55.5768 4.8000
    endloop
  endfacet
  facet normal 0.000000 0.000000 -1.000000
    outer loop
      vertex 52.5397 53.5544 4.8000
      vertex 51.5692 55.5768 4.8000
      vertex 53.1706 54.4555 4.8000
    endloop
  endfacet
  facet normal 0.573576 0.819152 0.000000
    outer loop
      vertex 52.5397 53.5544 4.0000
      vertex 50.9382 54.6758 4.0000
      vertex 50.9382 54.6758 4.8000
    endloop
  endfacet
  facet normal 0.573576 0.819152 -0.000000
    outer loop
      vertex 52.5397 53.5544 4.0000
      vertex 50.9382 54.6758 4.8000
      vertex 52.5397 53.5544 4.8000
    endloop
  endfacet
  facet normal 0.819152 -0.573576 0.000000
    outer loop
      vertex 50.9382 54.6758 4.0000
      vertex 51.5692 55.5768 4.0000
      vertex 51.5692 55.5768 4.8000
    endloop
  endfacet
  facet normal 0.819152 -0.573576 0.000000
    outer loop
      vertex 50.9382 54.6758 4.0000
      vertex 51.5692 55.5768 4.8000
      vertex 50.9382 54.6758 4.8000
    endloop
  endfacet
  facet normal -0.573576 -0.819152 0.000000
    outer loop
      vertex 51.5692 55.5768 4.0000
      vertex 53.1706 54.4555 4.0000
      vertex 53.1706 54.4555 4.8000
    endloop
  endfacet
  facet normal -0.573576 -0.819152 0.000000
    outer loop
      vertex 51.5692 55.5768 4.0000
      vertex 53.1706 54.4555 4.8000
      vertex 51.5692 55.5768 4.8000
    endloop
  endfacet
  facet normal -0.819152 0.573576 0.000000
    outer loop
      vertex 53.1706 54.4555 4.0000
      vertex 52.5397 53.5544 4.0000
      vertex 52.5397 53.5544 4.8000
    endloop
  endfacet
  facet normal -0.819152 0.573576 0.000000
    outer loop
      vertex 53.1706 54.4555 4.0000
      vertex 52.5397 53.5544 4.8000
      vertex 53.1706 54.4555 4.8000
    endloop
  endfacet
  facet normal 0.000000 0.000000 -1.000000
    outer loop
      vertex 51.2987 54.4234 4.8000
      vertex 49.6972 55.5447 4.8000
      vertex 50.3282 56.4458 4.8000
    endloop
  endfacet
  facet normal 0.000000 0.000000 -1.000000
    outer loop
      vertex 51.2987 54.4234 4.8000
      vertex 50.3282 56.4458 4.8000
      vertex 51.9296 55.3245 4.8000
    endloop
  endfacet
  facet normal 0.573576 0.819152 0.000000
    outer loop
      vertex 51.2987 54.4234 4.0000
      vertex 49.6972 55.5447 4.0000
      vertex 49.6972 55.5447 4.8000
    endloop
  endfacet
  facet normal 0.573576 0.819152 -0.000000
    outer loop
      vertex 51.2987 54.4234 4.0000
      vertex 49.6972 55.5447 4.8000
      vertex 51.2987 54.4234 4.8000
    endloop
  endfacet
  facet normal 0.819152 -0.573576 0.000000
    outer loop
      vertex 49.6972 55.5447 4.0000
      vertex 50.3282 56.4458 4.0000
      vertex 50.3282 56.4458 4.8000
    endloop
  endfacet
  facet normal 0.819152 -0.573576 0.000000
    outer loop
      vertex 49.6972 55.5447 4.0000
      vertex 50.3282 56.4458 4.8000
      vertex 49.6972 55.5447 4.8000
    endloop
  endfacet
  facet normal -0.573576 -0.819152 0.000000
    outer loop
      vertex 50.3282 56.4458 4.0000
      vertex 51.9296 55.3245 4.0000
      vertex 51.9296 55.3245 4.8000
    endloop
  endfacet
  facet normal -0.573576 -0.819152 0.000000
    outer loop
      vertex 50.3282 56.4458 4.0000
      vertex 51.9296 55.3245 4.8000
      vertex 50.3282 56.4458 4.8000
    endloop
  endfacet
  facet normal -0.819152 0.573576 0.000000
    outer loop
      vertex 51.9296 55.3245 4.0000
      vertex 51.2987 54.4234 4.0000
      vertex 51.2987 54.4234 4.8000
    endloop
  endfacet
  facet normal -0.819152 0.573576 0.000000
    outer loop
      vertex 51.9296 55.3245 4.0000
      vertex 51.2987 54.4234 4.8000
      vertex 51.9296 55.3245 4.8000
    endloop
  endfacet
  facet normal 0.000000 0.000000 -1.000000
    outer loop
      vertex 50.0576 55.2924 4.8000
      vertex 48.4562 56.4137 4.8000
      vertex 49.0871 57.3148 4.8000
    endloop
  endfacet
  facet normal 0.000000 0.000000 -1.000000
    outer loop
      vertex 50.0576 55.2924 4.8000
      vertex 49.0871 57.3148 4.8000
      vertex 50.6886 56.1934 4.8000
    endloop
  endfacet
  facet normal 0.573576 0.819152 0.000000
    outer loop
      vertex 50.0576 55.2924 4.0000
      vertex 48.4562 56.4137 4.0000
      vertex 48.4562 56.4137 4.8000
    endloop
  endfacet
  facet normal 0.573576 0.819152 -0.000000
    outer loop
      vertex 50.0576 55.2924 4.0000
      vertex 48.4562 56.4137 4.8000
      vertex 50.0576 55.2924 4.8000
    endloop
  endfacet
  facet normal 0.819152 -0.573576 0.000000
    outer loop
      vertex 48.4562 56.4137 4.0000
      vertex 49.0871 57.3148 4.0000
      vertex 49.0871 57.3148 4.8000
    endloop
  endfacet
  facet normal 0.819152 -0.573576 0.000000
    outer loop
      vertex 48.4562 56.4137 4.0000
      vertex 49.0871 57.3148 4.8000
      vertex 48.4562 56.4137 4.8000
    endloop
  endfacet
  facet normal -0.573576 -0.819152 0.000000
    outer loop
      vertex 49.0871 57.3148 4.0000
      vertex 50.6886 56.1934 4.0000
      vertex 50.6886 56.1934 4.8000
    endloop
  endfacet
  facet normal -0.573576 -0.819152 0.000000
    outer loop
      vertex 49.0871 57.3148 4.0000
      vertex 50.6886 56.1934 4.8000
      vertex 49.0871 57.3148 4.8000
    endloop
  endfacet
  facet normal -0.819152 0.573576 0.000000
    outer loop
      vertex 50.6886 56.1934 4.0000
      vertex 50.0576 55.2924 4.0000
      vertex 50.0576 55.2924 4.8000
    endloop
  endfacet
  facet normal -0.819152 0.573576 0.000000
    outer loop
      vertex 50.6886 56.1934 4.0000
      vertex 50.0576 55.2924 4.8000
      vertex 50.6886 56.1934 4.8000
    endloop
  endfacet
  facet normal 0.000000 0.000000 -1.000000
    outer loop
      vertex 48.8166 56.1613 4.8000
      vertex 47.2152 57.2827 4.8000
      vertex 47.8461 58.1837 4.8000
    endloop
  endfacet
  facet normal 0.000000 0.000000 -1.000000
    outer loop
      vertex 48.8166 56.1613 4.8000
      vertex 47.8461 58.1837 4.8000
      vertex 49.4476 57.0624 4.8000
    endloop
  endfacet
  facet normal 0.573576 0.819152 0.000000
    outer loop
      vertex 48.8166 56.1613 4.0000
      vertex 47.2152 57.2827 4.0000
      vertex 47.2152 57.2827 4.8000
    endloop
  endfacet
  facet normal 0.573576 0.819152 -0.000000
    outer loop
      vertex 48.8166 56.1613 4.0000
      vertex 47.2152 57.2827 4.8000
      vertex 48.8166 56.1613 4.8000
    endloop
  endfacet
  facet normal 0.819152 -0.573576 0.000000
    outer loop
      vertex 47.2152 57.2827 4.0000
      vertex 47.8461 58.1837 4.0000
      vertex 47.8461 58.1837 4.8000
    endloop
  endfacet
  facet normal 0.819152 -0.573576 0.000000
    outer loop
      vertex 47.2152 57.2827 4.0000
      vertex 47.8461 58.1837 4.8000
      vertex 47.2152 57.2827 4.8000
    endloop
  endfacet
  facet normal -0.573576 -0.819152 0.000000
    outer loop
      vertex 47.8461 58.1837 4.0000
      vertex 49.4476 57.0624 4.0000
      vertex 49.4476 57.0624 4.8000
    endloop
  endfacet
  facet normal -0.573576 -0.819152 0.000000
    outer loop
      vertex 47.8461 58.1837 4.0000
      vertex 49.4476 57.0624 4.8000
      vertex 47.8461 58.1837 4.8000
    endloop
  endfacet
  facet normal -0.819152 0.573576 0.000000
    outer loop
      vertex 49.4476 57.0624 4.0000
      vertex 48.8166 56.1613 4.0000
      vertex 48.8166 56.1613 4.8000
    endloop
  endfacet
  facet normal -0.819152 0.573576 0.000000
    outer loop
      vertex 49.4476 57.0624 4.0000
      vertex 48.8166 56.1613 4.8000
      vertex 49.4476 57.0624 4.8000
    endloop
  endfacet
  facet normal 0.000000 0.000000 -1.000000
    outer loop
      vertex 47.5756 57.0303 4.8000
      vertex 45.9742 58.1516 4.8000
      vertex 46.6051 59.0527 4.8000
    endloop
  endfacet
  facet normal 0.000000 0.000000 -1.000000
    outer loop
      vertex 47.5756 57.0303 4.8000
      vertex 46.6051 59.0527 4.8000
      vertex 48.2066 57.9314 4.8000
    endloop
  endfacet
  facet normal 0.573576 0.819152 0.000000
    outer loop
      vertex 47.5756 57.0303 4.0000
      vertex 45.9742 58.1516 4.0000
      vertex 45.9742 58.1516 4.8000
    endloop
  endfacet
  facet normal 0.573576 0.819152 -0.000000
    outer loop
      vertex 47.5756 57.0303 4.0000
      vertex 45.9742 58.1516 4.8000
      vertex 47.5756 57.0303 4.8000
    endloop
  endfacet
  facet normal 0.819152 -0.573576 0.000000
    outer loop
      vertex 45.9742 58.1516 4.0000
      vertex 46.6051 59.0527 4.0000
      vertex 46.6051 59.0527 4.8000
    endloop
  endfacet
  facet normal 0.819152 -0.573576 0.000000
    outer loop
      vertex 45.9742 58.1516 4.0000
      vertex 46.6051 59.0527 4.8000
      vertex 45.9742 58.1516 4.8000
    endloop
  endfacet
  facet normal -0.573576 -0.819152 0.000000
    outer loop
      vertex 46.6051 59.0527 4.0000
      vertex 48.2066 57.9314 4.0000
      vertex 48.2066 57.9314 4.8000
    endloop
  endfacet
  facet normal -0.573576 -0.819152 0.000000
    outer loop
      vertex 46.6051 59.0527 4.0000
      vertex 48.2066 57.9314 4.8000
      vertex 46.6051 59.0527 4.8000
    endloop
  endfacet
  facet normal -0.819152 0.573576 0.000000
    outer loop
      vertex 48.2066 57.9314 4.0000
      vertex 47.5756 57.0303 4.0000
      vertex 47.5756 57.0303 4.8000
    endloop
  endfacet
  facet normal -0.819152 0.573576 0.000000
    outer loop
      vertex 48.2066 57.9314 4.0000
      vertex 47.5756 57.0303 4.8000
      vertex 48.2066 57.9314 4.8000
    endloop
  endfacet
  facet normal 0.000000 0.000000 -1.000000
    outer loop
      vertex 46.3346 57.8993 4.8000
      vertex 44.7332 59.0206 4.8000
      vertex 45.3641 59.9217 4.8000
    endloop
  endfacet
  facet normal 0.000000 0.000000 -1.000000
    outer loop
      vertex 46.3346 57.8993 4.8000
      vertex 45.3641 59.9217 4.8000
      vertex 46.9655 58.8003 4.8000
    endloop
  endfacet
  facet normal 0.573576 0.819152 0.000000
    outer loop
      vertex 46.3346 57.8993 4.0000
      vertex 44.7332 59.0206 4.0000
      vertex 44.7332 59.0206 4.8000
    endloop
  endfacet
  facet normal 0.573576 0.819152 -0.000000
    outer loop
      vertex 46.3346 57.8993 4.0000
      vertex 44.7332 59.0206 4.8000
      vertex 46.3346 57.8993 4.8000
    endloop
  endfacet
  facet normal 0.819152 -0.573576 0.000000
    outer loop
      vertex 44.7332 59.0206 4.0000
      vertex 45.3641 59.9217 4.0000
      vertex 45.3641 59.9217 4.8000
    endloop
  endfacet
  facet normal 0.819152 -0.573576 0.000000
    outer loop
      vertex 44.7332 59.0206 4.0000
      vertex 45.3641 59.9217 4.8000
      vertex 44.7332 59.0206 4.8000
    endloop
  endfacet
  facet normal -0.573576 -0.819152 0.000000
    outer loop
      vertex 45.3641 59.9217 4.0000
      vertex 46.9655 58.8003 4.0000
      vertex 46.9655 58.8003 4.8000
    endloop
  endfacet
  facet normal -0.573576 -0.819152 0.000000
    outer loop
      vertex 45.3641 59.9217 4.0000
      vertex 46.9655 58.8003 4.8000
      vertex 45.3641 59.9217 4.8000
    endloop
  endfacet
  facet normal -0.819152 0.573576 0.000000
    outer loop
      vertex 46.9655 58.8003 4.0000
      vertex 46.3346 57.8993 4.0000
      vertex 46.3346 57.8993 4.8000
    endloop
  endfacet
  facet normal -0.819152 0.573576 0.000000
    outer loop
      vertex 46.9655 58.8003 4.0000
      vertex 46.3346 57.8993 4.8000
      vertex 46.9655 58.8003 4.8000
    endloop
  endfacet
  facet normal 0.000000 0.000000 -1.000000
    outer loop
      vertex 60.6167 34.7583 4.8000
      vertex 59.0153 33.6370 4.8000
      vertex 58.3843 34.5380 4.8000
    endloop
  endfacet
  facet normal -0.000000 0.000000 -1.000000
    outer loop
      vertex 60.6167 34.7583 4.8000
      vertex 58.3843 34.5380 4.8000
      vertex 59.9858 35.6594 4.8000
    endloop
  endfacet
  facet normal -0.573576 0.819152 0.000000
    outer loop
      vertex 60.6167 34.7583 4.0000
      vertex 59.0153 33.6370 4.0000
      vertex 59.0153 33.6370 4.8000
    endloop
  endfacet
  facet normal -0.573576 0.819152 0.000000
    outer loop
      vertex 60.6167 34.7583 4.0000
      vertex 59.0153 33.6370 4.8000
      vertex 60.6167 34.7583 4.8000
    endloop
  endfacet
  facet normal 0.819152 0.573576 0.000000
    outer loop
      vertex 59.0153 33.6370 4.0000
      vertex 58.3843 34.5380 4.0000
      vertex 58.3843 34.5380 4.8000
    endloop
  endfacet
  facet normal 0.819152 0.573576 -0.000000
    outer loop
      vertex 59.0153 33.6370 4.0000
      vertex 58.3843 34.5380 4.8000
      vertex 59.0153 33.6370 4.8000
    endloop
  endfacet
  facet normal 0.573576 -0.819152 0.000000
    outer loop
      vertex 58.3843 34.5380 4.0000
      vertex 59.9858 35.6594 4.0000
      vertex 59.9858 35.6594 4.8000
    endloop
  endfacet
  facet normal 0.573576 -0.819152 0.000000
    outer loop
      vertex 58.3843 34.5380 4.0000
      vertex 59.9858 35.6594 4.8000
      vertex 58.3843 34.5380 4.8000
    endloop
  endfacet
  facet normal -0.819152 -0.573576 0.000000
    outer loop
      vertex 59.9858 35.6594 4.0000
      vertex 60.6167 34.7583 4.0000
      vertex 60.6167 34.7583 4.8000
    endloop
  endfacet
  facet normal -0.819152 -0.573576 0.000000
    outer loop
      vertex 59.9858 35.6594 4.0000
      vertex 60.6167 34.7583 4.8000
      vertex 59.9858 35.6594 4.8000
    endloop
  endfacet
  facet normal 0.000000 0.000000 -1.000000
    outer loop
      vertex 59.3757 33.8894 4.8000
      vertex 57.7742 32.7680 4.8000
      vertex 57.1433 33.6691 4.8000
    endloop
  endfacet
  facet normal -0.000000 0.000000 -1.000000
    outer loop
      vertex 59.3757 33.8894 4.8000
      vertex 57.1433 33.6691 4.8000
      vertex 58.7448 34.7904 4.8000
    endloop
  endfacet
  facet normal -0.573576 0.819152 0.000000
    outer loop
      vertex 59.3757 33.8894 4.0000
      vertex 57.7742 32.7680 4.0000
      vertex 57.7742 32.7680 4.8000
    endloop
  endfacet
  facet normal -0.573576 0.819152 0.000000
    outer loop
      vertex 59.3757 33.8894 4.0000
      vertex 57.7742 32.7680 4.8000
      vertex 59.3757 33.8894 4.8000
    endloop
  endfacet
  facet normal 0.819152 0.573576 0.000000
    outer loop
      vertex 57.7742 32.7680 4.0000
      vertex 57.1433 33.6691 4.0000
      vertex 57.1433 33.6691 4.8000
    endloop
  endfacet
  facet normal 0.819152 0.573576 -0.000000
    outer loop
      vertex 57.7742 32.7680 4.0000
      vertex 57.1433 33.6691 4.8000
      vertex 57.7742 32.7680 4.8000
    endloop
  endfacet
  facet normal 0.573576 -0.819152 0.000000
    outer loop
      vertex 57.1433 33.6691 4.0000
      vertex 58.7448 34.7904 4.0000
      vertex 58.7448 34.7904 4.8000
    endloop
  endfacet
  facet normal 0.573576 -0.819152 0.000000
    outer loop
      vertex 57.1433 33.6691 4.0000
      vertex 58.7448 34.7904 4.8000
      vertex 57.1433 33.6691 4.8000
    endloop
  endfacet
  facet normal -0.819152 -0.573576 0.000000
    outer loop
      vertex 58.7448 34.7904 4.0000
      vertex 59.3757 33.8894 4.0000
      vertex 59.3757 33.8894 4.8000
    endloop
  endfacet
  facet normal -0.819152 -0.573576 0.000000
    outer loop
      vertex 58.7448 34.7904 4.0000
      vertex 59.3757 33.8894 4.8000
      vertex 58.7448 34.7904 4.8000
    endloop
  endfacet
  facet normal 0.000000 0.000000 -1.000000
    outer loop
      vertex 58.1347 33.0204 4.8000
      vertex 56.5332 31.8990 4.8000
      vertex 55.9023 32.8001 4.8000
    endloop
  endfacet
  facet normal -0.000000 0.000000 -1.000000
    outer loop
      vertex 58.1347 33.0204 4.8000
      vertex 55.9023 32.8001 4.8000
      vertex 57.5037 33.9215 4.8000
    endloop
  endfacet
  facet normal -0.573576 0.819152 0.000000
    outer loop
      vertex 58.1347 33.0204 4.0000
      vertex 56.5332 31.8990 4.0000
      vertex 56.5332 31.8990 4.8000
    endloop
  endfacet
  facet normal -0.573576 0.819152 0.000000
    outer loop
      vertex 58.1347 33.0204 4.0000
      vertex 56.5332 31.8990 4.8000
      vertex 58.1347 33.0204 4.8000
    endloop
  endfacet
  facet normal 0.819152 0.573576 0.000000
    outer loop
      vertex 56.5332 31.8990 4.0000
      vertex 55.9023 32.8001 4.0000
      vertex 55.9023 32.8001 4.8000
    endloop
  endfacet
  facet normal 0.819152 0.573576 -0.000000
    outer loop
      vertex 56.5332 31.8990 4.0000
      vertex 55.9023 32.8001 4.8000
      vertex 56.5332 31.8990 4.8000
    endloop
  endfacet
  facet normal 0.573576 -0.819152 0.000000
    outer loop
      vertex 55.9023 32.8001 4.0000
      vertex 57.5037 33.9215 4.0000
      vertex 57.5037 33.9215 4.8000
    endloop
  endfacet
  facet normal 0.573576 -0.819152 0.000000
    outer loop
      vertex 55.9023 32.8001 4.0000
      vertex 57.5037 33.9215 4.8000
      vertex 55.9023 32.8001 4.8000
    endloop
  endfacet
  facet normal -0.819152 -0.573576 0.000000
    outer loop
      vertex 57.5037 33.9215 4.0000
      vertex 58.1347 33.0204 4.0000
      vertex 58.1347 33.0204 4.8000
    endloop
  endfacet
  facet normal -0.819152 -0.573576 0.000000
    outer loop
      vertex 57.5037 33.9215 4.0000
      vertex 58.1347 33.0204 4.8000
      vertex 57.5037 33.9215 4.8000
    endloop
  endfacet
  facet normal 0.000000 0.000000 -1.000000
    outer loop
      vertex 56.8937 32.1514 4.8000
      vertex 55.2922 31.0301 4.8000
      vertex 54.6613 31.9311 4.8000
    endloop
  endfacet
  facet normal -0.000000 0.000000 -1.000000
    outer loop
      vertex 56.8937 32.1514 4.8000
      vertex 54.6613 31.9311 4.8000
      vertex 56.2627 33.0525 4.8000
    endloop
  endfacet
  facet normal -0.573576 0.819152 0.000000
    outer loop
      vertex 56.8937 32.1514 4.0000
      vertex 55.2922 31.0301 4.0000
      vertex 55.2922 31.0301 4.8000
    endloop
  endfacet
  facet normal -0.573576 0.819152 0.000000
    outer loop
      vertex 56.8937 32.1514 4.0000
      vertex 55.2922 31.0301 4.8000
      vertex 56.8937 32.1514 4.8000
    endloop
  endfacet
  facet normal 0.819152 0.573576 0.000000
    outer loop
      vertex 55.2922 31.0301 4.0000
      vertex 54.6613 31.9311 4.0000
      vertex 54.6613 31.9311 4.8000
    endloop
  endfacet
  facet normal 0.819152 0.573576 -0.000000
    outer loop
      vertex 55.2922 31.0301 4.0000
      vertex 54.6613 31.9311 4.8000
      vertex 55.2922 31.0301 4.8000
    endloop
  endfacet
  facet normal 0.573576 -0.819152 0.000000
    outer loop
      vertex 54.6613 31.9311 4.0000
      vertex 56.2627 33.0525 4.0000
      vertex 56.2627 33.0525 4.8000
    endloop
  endfacet
  facet normal 0.573576 -0.819152 0.000000
    outer loop
      vertex 54.6613 31.9311 4.0000
      vertex 56.2627 33.0525 4.8000
      vertex 54.6613 31.9311 4.8000
    endloop
  endfacet
  facet normal -0.819152 -0.573576 0.000000
    outer loop
      vertex 56.2627 33.0525 4.0000
      vertex 56.8937 32.1514 4.0000
      vertex 56.8937 32.1514 4.8000
    endloop
  endfacet
  facet normal -0.819152 -0.573576 0.000000
    outer loop
      vertex 56.2627 33.0525 4.0000
      vertex 56.8937 32.1514 4.8000
      vertex 56.2627 33.0525 4.8000
    endloop
  endfacet
  facet normal 0.000000 0.000000 -1.000000
    outer loop
      vertex 55.6526 31.2824 4.8000
      vertex 54.0512 30.1611 4.8000
      vertex 53.4203 31.0622 4.8000
    endloop
  endfacet
  facet normal -0.000000 0.000000 -1.000000
    outer loop
      vertex 55.6526 31.2824 4.8000
      vertex 53.4203 31.0622 4.8000
      vertex 55.0217 32.1835 4.8000
    endloop
  endfacet
  facet normal -0.573576 0.819152 0.000000
    outer loop
      vertex 55.6526 31.2824 4.0000
      vertex 54.0512 30.1611 4.0000
      vertex 54.0512 30.1611 4.8000
    endloop
  endfacet
  facet normal -0.573576 0.819152 0.000000
    outer loop
      vertex 55.6526 31.2824 4.0000
      vertex 54.0512 30.1611 4.8000
      vertex 55.6526 31.2824 4.8000
    endloop
  endfacet
  facet normal 0.819152 0.573576 0.000000
    outer loop
      vertex 54.0512 30.1611 4.0000
      vertex 53.4203 31.0622 4.0000
      vertex 53.4203 31.0622 4.8000
    endloop
  endfacet
  facet normal 0.819152 0.573576 -0.000000
    outer loop
      vertex 54.0512 30.1611 4.0000
      vertex 53.4203 31.0622 4.8000
      vertex 54.0512 30.1611 4.8000
    endloop
  endfacet
  facet normal 0.573576 -0.819152 0.000000
    outer loop
      vertex 53.4203 31.0622 4.0000
      vertex 55.0217 32.1835 4.0000
      vertex 55.0217 32.1835 4.8000
    endloop
  endfacet
  facet normal 0.573576 -0.819152 0.000000
    outer loop
      vertex 53.4203 31.0622 4.0000
      vertex 55.0217 32.1835 4.8000
      vertex 53.4203 31.0622 4.8000
    endloop
  endfacet
  facet normal -0.819152 -0.573576 0.000000
    outer loop
      vertex 55.0217 32.1835 4.0000
      vertex 55.6526 31.2824 4.0000
      vertex 55.6526 31.2824 4.8000
    endloop
  endfacet
  facet normal -0.819152 -0.573576 0.000000
    outer loop
      vertex 55.0217 32.1835 4.0000
      vertex 55.6526 31.2824 4.8000
      vertex 55.0217 32.1835 4.8000
    endloop
  endfacet
  facet normal 0.000000 0.000000 -1.000000
    outer loop
      vertex 54.4116 30.4135 4.8000
      vertex 52.8102 29.2921 4.8000
      vertex 52.1793 30.1932 4.8000
    endloop
  endfacet
  facet normal -0.000000 0.000000 -1.000000
    outer loop
      vertex 54.4116 30.4135 4.8000
      vertex 52.1793 30.1932 4.8000
      vertex 53.7807 31.3145 4.8000
    endloop
  endfacet
  facet normal -0.573576 0.819152 0.000000
    outer loop
      vertex 54.4116 30.4135 4.0000
      vertex 52.8102 29.2921 4.0000
      vertex 52.8102 29.2921 4.8000
    endloop
  endfacet
  facet normal -0.573576 0.819152 0.000000
    outer loop
      vertex 54.4116 30.4135 4.0000
      vertex 52.8102 29.2921 4.8000
      vertex 54.4116 30.4135 4.8000
    endloop
  endfacet
  facet normal 0.819152 0.573576 0.000000
    outer loop
      vertex 52.8102 29.2921 4.0000
      vertex 52.1793 30.1932 4.0000
      vertex 52.1793 30.1932 4.8000
    endloop
  endfacet
  facet normal 0.819152 0.573576 -0.000000
    outer loop
      vertex 52.8102 29.2921 4.0000
      vertex 52.1793 30.1932 4.8000
      vertex 52.8102 29.2921 4.8000
    endloop
  endfacet
  facet normal 0.573576 -0.819152 0.000000
    outer loop
      vertex 52.1793 30.1932 4.0000
      vertex 53.7807 31.3145 4.0000
      vertex 53.7807 31.3145 4.8000
    endloop
  endfacet
  facet normal 0.573576 -0.819152 0.000000
    outer loop
      vertex 52.1793 30.1932 4.0000
      vertex 53.7807 31.3145 4.8000
      vertex 52.1793 30.1932 4.8000
    endloop
  endfacet
  facet normal -0.819152 -0.573576 0.000000
    outer loop
      vertex 53.7807 31.3145 4.0000
      vertex 54.4116 30.4135 4.0000
      vertex 54.4116 30.4135 4.8000
    endloop
  endfacet
  facet normal -0.819152 -0.573576 0.000000
    outer loop
      vertex 53.7807 31.3145 4.0000
      vertex 54.4116 30.4135 4.8000
      vertex 53.7807 31.3145 4.8000
    endloop
  endfacet
  facet normal 0.000000 0.000000 -1.000000
    outer loop
      vertex 53.1706 29.5445 4.8000
      vertex 51.5692 28.4232 4.8000
      vertex 50.9382 29.3242 4.8000
    endloop
  endfacet
  facet normal -0.000000 0.000000 -1.000000
    outer loop
      vertex 53.1706 29.5445 4.8000
      vertex 50.9382 29.3242 4.8000
      vertex 52.5397 30.4456 4.8000
    endloop
  endfacet
  facet normal -0.573576 0.819152 0.000000
    outer loop
      vertex 53.1706 29.5445 4.0000
      vertex 51.5692 28.4232 4.0000
      vertex 51.5692 28.4232 4.8000
    endloop
  endfacet
  facet normal -0.573576 0.819152 0.000000
    outer loop
      vertex 53.1706 29.5445 4.0000
      vertex 51.5692 28.4232 4.8000
      vertex 53.1706 29.5445 4.8000
    endloop
  endfacet
  facet normal 0.819152 0.573576 0.000000
    outer loop
      vertex 51.5692 28.4232 4.0000
      vertex 50.9382 29.3242 4.0000
      vertex 50.9382 29.3242 4.8000
    endloop
  endfacet
  facet normal 0.819152 0.573576 -0.000000
    outer loop
      vertex 51.5692 28.4232 4.0000
      vertex 50.9382 29.3242 4.8000
      vertex 51.5692 28.4232 4.8000
    endloop
  endfacet
  facet normal 0.573576 -0.819152 0.000000
    outer loop
      vertex 50.9382 29.3242 4.0000
      vertex 52.5397 30.4456 4.0000
      vertex 52.5397 30.4456 4.8000
    endloop
  endfacet
  facet normal 0.573576 -0.819152 0.000000
    outer loop
      vertex 50.9382 29.3242 4.0000
      vertex 52.5397 30.4456 4.8000
      vertex 50.9382 29.3242 4.8000
    endloop
  endfacet
  facet normal -0.819152 -0.573576 0.000000
    outer loop
      vertex 52.5397 30.4456 4.0000
      vertex 53.1706 29.5445 4.0000
      vertex 53.1706 29.5445 4.8000
    endloop
  endfacet
  facet normal -0.819152 -0.573576 0.000000
    outer loop
      vertex 52.5397 30.4456 4.0000
      vertex 53.1706 29.5445 4.8000
      vertex 52.5397 30.4456 4.8000
    endloop
  endfacet
  facet normal 0.000000 0.000000 -1.000000
    outer loop
      vertex 51.9296 28.6755 4.8000
      vertex 50.3282 27.5542 4.8000
      vertex 49.6972 28.4553 4.8000
    endloop
  endfacet
  facet normal -0.000000 0.000000 -1.000000
    outer loop
      vertex 51.9296 28.6755 4.8000
      vertex 49.6972 28.4553 4.8000
      vertex 51.2987 29.5766 4.8000
    endloop
  endfacet
  facet normal -0.573576 0.819152 0.000000
    outer loop
      vertex 51.9296 28.6755 4.0000
      vertex 50.3282 27.5542 4.0000
      vertex 50.3282 27.5542 4.8000
    endloop
  endfacet
  facet normal -0.573576 0.819152 0.000000
    outer loop
      vertex 51.9296 28.6755 4.0000
      vertex 50.3282 27.5542 4.8000
      vertex 51.9296 28.6755 4.8000
    endloop
  endfacet
  facet normal 0.819152 0.573576 0.000000
    outer loop
      vertex 50.3282 27.5542 4.0000
      vertex 49.6972 28.4553 4.0000
      vertex 49.6972 28.4553 4.8000
    endloop
  endfacet
  facet normal 0.819152 0.573576 -0.000000
    outer loop
      vertex 50.3282 27.5542 4.0000
      vertex 49.6972 28.4553 4.8000
      vertex 50.3282 27.5542 4.8000
    endloop
  endfacet
  facet normal 0.573576 -0.819152 0.000000
    outer loop
      vertex 49.6972 28.4553 4.0000
      vertex 51.2987 29.5766 4.0000
      vertex 51.2987 29.5766 4.8000
    endloop
  endfacet
  facet normal 0.573576 -0.819152 0.000000
    outer loop
      vertex 49.6972 28.4553 4.0000
      vertex 51.2987 29.5766 4.8000
      vertex 49.6972 28.4553 4.8000
    endloop
  endfacet
  facet normal -0.819152 -0.573576 0.000000
    outer loop
      vertex 51.2987 29.5766 4.0000
      vertex 51.9296 28.6755 4.0000
      vertex 51.9296 28.6755 4.8000
    endloop
  endfacet
  facet normal -0.819152 -0.573576 0.000000
    outer loop
      vertex 51.2987 29.5766 4.0000
      vertex 51.9296 28.6755 4.8000
      vertex 51.2987 29.5766 4.8000
    endloop
  endfacet
  facet normal 0.000000 0.000000 -1.000000
    outer loop
      vertex 50.6886 27.8066 4.8000
      vertex 49.0871 26.6852 4.8000
      vertex 48.4562 27.5863 4.8000
    endloop
  endfacet
  facet normal -0.000000 0.000000 -1.000000
    outer loop
      vertex 50.6886 27.8066 4.8000
      vertex 48.4562 27.5863 4.8000
      vertex 50.0576 28.7076 4.8000
    endloop
  endfacet
  facet normal -0.573576 0.819152 0.000000
    outer loop
      vertex 50.6886 27.8066 4.0000
      vertex 49.0871 26.6852 4.0000
      vertex 49.0871 26.6852 4.8000
    endloop
  endfacet
  facet normal -0.573576 0.819152 0.000000
    outer loop
      vertex 50.6886 27.8066 4.0000
      vertex 49.0871 26.6852 4.8000
      vertex 50.6886 27.8066 4.8000
    endloop
  endfacet
  facet normal 0.819152 0.573576 0.000000
    outer loop
      vertex 49.0871 26.6852 4.0000
      vertex 48.4562 27.5863 4.0000
      vertex 48.4562 27.5863 4.8000
    endloop
  endfacet
  facet normal 0.819152 0.573576 -0.000000
    outer loop
      vertex 49.0871 26.6852 4.0000
      vertex 48.4562 27.5863 4.8000
      vertex 49.0871 26.6852 4.8000
    endloop
  endfacet
  facet normal 0.573576 -0.819152 0.000000
    outer loop
      vertex 48.4562 27.5863 4.0000
      vertex 50.0576 28.7076 4.0000
      vertex 50.0576 28.7076 4.8000
    endloop
  endfacet
  facet normal 0.573576 -0.819152 0.000000
    outer loop
      vertex 48.4562 27.5863 4.0000
      vertex 50.0576 28.7076 4.8000
      vertex 48.4562 27.5863 4.8000
    endloop
  endfacet
  facet normal -0.819152 -0.573576 0.000000
    outer loop
      vertex 50.0576 28.7076 4.0000
      vertex 50.6886 27.8066 4.0000
      vertex 50.6886 27.8066 4.8000
    endloop
  endfacet
  facet normal -0.819152 -0.573576 0.000000
    outer loop
      vertex 50.0576 28.7076 4.0000
      vertex 50.6886 27.8066 4.8000
      vertex 50.0576 28.7076 4.8000
    endloop
  endfacet
  facet normal 0.000000 0.000000 -1.000000
    outer loop
      vertex 49.4476 26.9376 4.8000
      vertex 47.8461 25.8163 4.8000
      vertex 47.2152 26.7173 4.8000
    endloop
  endfacet
  facet normal -0.000000 0.000000 -1.000000
    outer loop
      vertex 49.4476 26.9376 4.8000
      vertex 47.2152 26.7173 4.8000
      vertex 48.8166 27.8387 4.8000
    endloop
  endfacet
  facet normal -0.573576 0.819152 0.000000
    outer loop
      vertex 49.4476 26.9376 4.0000
      vertex 47.8461 25.8163 4.0000
      vertex 47.8461 25.8163 4.8000
    endloop
  endfacet
  facet normal -0.573576 0.819152 0.000000
    outer loop
      vertex 49.4476 26.9376 4.0000
      vertex 47.8461 25.8163 4.8000
      vertex 49.4476 26.9376 4.8000
    endloop
  endfacet
  facet normal 0.819152 0.573576 0.000000
    outer loop
      vertex 47.8461 25.8163 4.0000
      vertex 47.2152 26.7173 4.0000
      vertex 47.2152 26.7173 4.8000
    endloop
  endfacet
  facet normal 0.819152 0.573576 -0.000000
    outer loop
      vertex 47.8461 25.8163 4.0000
      vertex 47.2152 26.7173 4.8000
      vertex 47.8461 25.8163 4.8000
    endloop
  endfacet
  facet normal 0.573576 -0.819152 0.000000
    outer loop
      vertex 47.2152 26.7173 4.0000
      vertex 48.8166 27.8387 4.0000
      vertex 48.8166 27.8387 4.8000
    endloop
  endfacet
  facet normal 0.573576 -0.819152 0.000000
    outer loop
      vertex 47.2152 26.7173 4.0000
      vertex 48.8166 27.8387 4.8000
      vertex 47.2152 26.7173 4.8000
    endloop
  endfacet
  facet normal -0.819152 -0.573576 0.000000
    outer loop
      vertex 48.8166 27.8387 4.0000
      vertex 49.4476 26.9376 4.0000
      vertex 49.4476 26.9376 4.8000
    endloop
  endfacet
  facet normal -0.819152 -0.573576 0.000000
    outer loop
      vertex 48.8166 27.8387 4.0000
      vertex 49.4476 26.9376 4.8000
      vertex 48.8166 27.8387 4.8000
    endloop
  endfacet
  facet normal 0.000000 0.000000 -1.000000
    outer loop
      vertex 48.2066 26.0686 4.8000
      vertex 46.6051 24.9473 4.8000
      vertex 45.9742 25.8484 4.8000
    endloop
  endfacet
  facet normal -0.000000 0.000000 -1.000000
    outer loop
      vertex 48.2066 26.0686 4.8000
      vertex 45.9742 25.8484 4.8000
      vertex 47.5756 26.9697 4.8000
    endloop
  endfacet
  facet normal -0.573576 0.819152 0.000000
    outer loop
      vertex 48.2066 26.0686 4.0000
      vertex 46.6051 24.9473 4.0000
      vertex 46.6051 24.9473 4.8000
    endloop
  endfacet
  facet normal -0.573576 0.819152 0.000000
    outer loop
      vertex 48.2066 26.0686 4.0000
      vertex 46.6051 24.9473 4.8000
      vertex 48.2066 26.0686 4.8000
    endloop
  endfacet
  facet normal 0.819152 0.573576 0.000000
    outer loop
      vertex 46.6051 24.9473 4.0000
      vertex 45.9742 25.8484 4.0000
      vertex 45.9742 25.8484 4.8000
    endloop
  endfacet
  facet normal 0.819152 0.573576 -0.000000
    outer loop
      vertex 46.6051 24.9473 4.0000
      vertex 45.9742 25.8484 4.8000
      vertex 46.6051 24.9473 4.8000
    endloop
  endfacet
  facet normal 0.573576 -0.819152 0.000000
    outer loop
      vertex 45.9742 25.8484 4.0000
      vertex 47.5756 26.9697 4.0000
      vertex 47.5756 26.9697 4.8000
    endloop
  endfacet
  facet normal 0.573576 -0.819152 0.000000
    outer loop
      vertex 45.9742 25.8484 4.0000
      vertex 47.5756 26.9697 4.8000
      vertex 45.9742 25.8484 4.8000
    endloop
  endfacet
  facet normal -0.819152 -0.573576 0.000000
    outer loop
      vertex 47.5756 26.9697 4.0000
      vertex 48.2066 26.0686 4.0000
      vertex 48.2066 26.0686 4.8000
    endloop
  endfacet
  facet normal -0.819152 -0.573576 0.000000
    outer loop
      vertex 47.5756 26.9697 4.0000
      vertex 48.2066 26.0686 4.8000
      vertex 47.5756 26.9697 4.8000
    endloop
  endfacet
  facet normal 0.000000 0.000000 -1.000000
    outer loop
      vertex 46.9655 25.1997 4.8000
      vertex 45.3641 24.0783 4.8000
      vertex 44.7332 24.9794 4.8000
    endloop
  endfacet
  facet normal -0.000000 0.000000 -1.000000
    outer loop
      vertex 46.9655 25.1997 4.8000
      vertex 44.7332 24.9794 4.8000
      vertex 46.3346 26.1007 4.8000
    endloop
  endfacet
  facet normal -0.573576 0.819152 0.000000
    outer loop
      vertex 46.9655 25.1997 4.0000
      vertex 45.3641 24.0783 4.0000
      vertex 45.3641 24.0783 4.8000
    endloop
  endfacet
  facet normal -0.573576 0.819152 0.000000
    outer loop
      vertex 46.9655 25.1997 4.0000
      vertex 45.3641 24.0783 4.8000
      vertex 46.9655 25.1997 4.8000
    endloop
  endfacet
  facet normal 0.819152 0.573576 0.000000
    outer loop
      vertex 45.3641 24.0783 4.0000
      vertex 44.7332 24.9794 4.0000
      vertex 44.7332 24.9794 4.8000
    endloop
  endfacet
  facet normal 0.819152 0.573576 -0.000000
    outer loop
      vertex 45.3641 24.0783 4.0000
      vertex 44.7332 24.9794 4.8000
      vertex 45.3641 24.0783 4.8000
    endloop
  endfacet
  facet normal 0.573576 -0.819152 0.000000
    outer loop
      vertex 44.7332 24.9794 4.0000
      vertex 46.3346 26.1007 4.0000
      vertex 46.3346 26.1007 4.8000
    endloop
  endfacet
  facet normal 0.573576 -0.819152 0.000000
    outer loop
      vertex 44.7332 24.9794 4.0000
      vertex 46.3346 26.1007 4.8000
      vertex 44.7332 24.9794 4.8000
    endloop
  endfacet
  facet normal -0.819152 -0.573576 0.000000
    outer loop
      vertex 46.3346 26.1007 4.0000
      vertex 46.9655 25.1997 4.0000
      vertex 46.9655 25.1997 4.8000
    endloop
  endfacet
  facet normal -0.819152 -0.573576 0.000000
    outer loop
      vertex 46.3346 26.1007 4.0000
      vertex 46.9655 25.1997 4.8000
      vertex 46.3346 26.1007 4.8000
    endloop
  endfacet
endsolid week-23-hidden-artifact_day_03
