solid piece_02
  facet normal 0.000000 0.000000 -1.000000
    outer loop
      vertex 36.1304 35.8696 2.4000
      vertex 36.0252 35.7149 2.4000
      vertex 36.0889 35.8226 2.4000
    endloop
  endfacet
  facet normal -0.000000 0.000000 1.000000
    outer loop
      vertex 36.0889 35.8226 0.0000
      vertex 36.0252 35.7149 0.0000
      vertex 36.1304 35.8696 0.0000
    endloop
  endfacet
  facet normal 0.000000 -0.000000 -1.000000
    outer loop
      vertex 36.1304 35.8696 2.4000
      vertex 36.2851 35.9748 2.4000
      vertex 36.0252 35.7149 2.4000
    endloop
  endfacet
  facet normal 0.000000 0.000000 1.000000
    outer loop
      vertex 36.0252 35.7149 0.0000
      vertex 36.2851 35.9748 0.0000
      vertex 36.1304 35.8696 0.0000
    endloop
  endfacet
  facet normal 0.000000 0.000000 -1.000000
    outer loop
      vertex 36.1304 35.8696 2.4000
      vertex 36.1774 35.9111 2.4000
      vertex 36.2851 35.9748 2.4000
    endloop
  endfacet
  facet normal 0.000000 0.000000 1.000000
    outer loop
      vertex 36.2851 35.9748 0.0000
      vertex 36.1774 35.9111 0.0000
      vertex 36.1304 35.8696 0.0000
    endloop
  endfacet
  facet normal 0.000000 0.000000 -1.000000
    outer loop
      vertex 36.1774 35.9111 2.4000
      vertex 36.2293 35.9463 2.4000
      vertex 36.2851 35.9748 2.4000
    endloop
  endfacet
  facet normal 0.000000 0.000000 1.000000
    outer loop
      vertex 36.2851 35.9748 0.0000
      vertex 36.2293 35.9463 0.0000
      vertex 36.1774 35.9111 0.0000
    endloop
  endfacet
  facet normal 0.000000 0.000000 -1.000000
    outer loop
      vertex 36.2851 35.9748 2.4000
      vertex 36.0039 35.6559 2.4000
      vertex 36.0252 35.7149 2.4000
    endloop
  endfacet
  facet normal -0.000000 0.000000 1.000000
    outer loop
      vertex 36.0252 35.7149 0.0000
      vertex 36.0039 35.6559 0.0000
      vertex 36.2851 35.9748 0.0000
    endloop
  endfacet
  facet normal 0.000000 -0.000000 -1.000000
    outer loop
      vertex 36.2851 35.9748 2.4000
      vertex 36.3441 35.9961 2.4000
      vertex 36.0039 35.6559 2.4000
    endloop
  endfacet
  facet normal 0.000000 0.000000 1.000000
    outer loop
      vertex 36.0039 35.6559 0.0000
      vertex 36.3441 35.9961 0.0000
      vertex 36.2851 35.9748 0.0000
    endloop
  endfacet
  facet normal 0.000000 0.000000 -1.000000
    outer loop
      vertex 36.3441 35.9961 2.4000
      vertex 35.9513 35.4753 2.4000
      vertex 36.0039 35.6559 2.4000
    endloop
  endfacet
  facet normal -0.000000 0.000000 1.000000
    outer loop
      vertex 36.0039 35.6559 0.0000
      vertex 35.9513 35.4753 0.0000
      vertex 36.3441 35.9961 0.0000
    endloop
  endfacet
  facet normal 0.000000 -0.000000 -1.000000
    outer loop
      vertex 36.3441 35.9961 2.4000
      vertex 36.5247 36.0487 2.4000
      vertex 35.9513 35.4753 2.4000
    endloop
  endfacet
  facet normal 0.000000 0.000000 1.000000
    outer loop
      vertex 35.9513 35.4753 0.0000
      vertex 36.5247 36.0487 0.0000
      vertex 36.3441 35.9961 0.0000
    endloop
  endfacet
  facet normal 0.000000 -0.000000 -1.000000
    outer loop
      vertex 36.5247 36.0487 2.4000
      vertex 36.5309 36.0505 2.4000
      vertex 35.9513 35.4753 2.4000
    endloop
  endfacet
  facet normal 0.000000 0.000000 1.000000
    outer loop
      vertex 35.9513 35.4753 0.0000
      vertex 36.5309 36.0505 0.0000
      vertex 36.5247 36.0487 0.0000
    endloop
  endfacet
  facet normal 0.000000 0.000000 -1.000000
    outer loop
      vertex 36.5309 36.0505 2.4000
      vertex 35.9495 35.4691 2.4000
      vertex 35.9513 35.4753 2.4000
    endloop
  endfacet
  facet normal -0.000000 0.000000 1.000000
    outer loop
      vertex 35.9513 35.4753 0.0000
      vertex 35.9495 35.4691 0.0000
      vertex 36.5309 36.0505 0.0000
    endloop
  endfacet
  facet normal 0.000000 0.000000 -1.000000
    outer loop
      vertex 36.5309 36.0505 2.4000
      vertex 35.5794 34.1354 2.4000
      vertex 35.9495 35.4691 2.4000
    endloop
  endfacet
  facet normal -0.000000 0.000000 1.000000
    outer loop
      vertex 35.9495 35.4691 0.0000
      vertex 35.5794 34.1354 0.0000
      vertex 36.5309 36.0505 0.0000
    endloop
  endfacet
  facet normal 0.000000 -0.000000 -1.000000
    outer loop
      vertex 36.5309 36.0505 2.4000
      vertex 37.8646 36.4206 2.4000
      vertex 35.5794 34.1354 2.4000
    endloop
  endfacet
  facet normal 0.000000 0.000000 1.000000
    outer loop
      vertex 35.5794 34.1354 0.0000
      vertex 37.8646 36.4206 0.0000
      vertex 36.5309 36.0505 0.0000
    endloop
  endfacet
  facet normal 0.000000 0.000000 -1.000000
    outer loop
      vertex 37.8646 36.4206 2.4000
      vertex 35.5771 34.1265 2.4000
      vertex 35.5794 34.1354 2.4000
    endloop
  endfacet
  facet normal -0.000000 0.000000 1.000000
    outer loop
      vertex 35.5794 34.1354 0.0000
      vertex 35.5771 34.1265 0.0000
      vertex 37.8646 36.4206 0.0000
    endloop
  endfacet
  facet normal 0.000000 -0.000000 -1.000000
    outer loop
      vertex 37.8646 36.4206 2.4000
      vertex 37.8735 36.4229 2.4000
      vertex 35.5771 34.1265 2.4000
    endloop
  endfacet
  facet normal 0.000000 0.000000 1.000000
    outer loop
      vertex 35.5771 34.1265 0.0000
      vertex 37.8735 36.4229 0.0000
      vertex 37.8646 36.4206 0.0000
    endloop
  endfacet
  facet normal 0.000000 0.000000 -1.000000
    outer loop
      vertex 37.8735 36.4229 2.4000
      vertex 35.0781 32.1916 2.4000
      vertex 35.5771 34.1265 2.4000
    endloop
  endfacet
  facet normal -0.000000 0.000000 1.000000
    outer loop
      vertex 35.5771 34.1265 0.0000
      vertex 35.0781 32.1916 0.0000
      vertex 37.8735 36.4229 0.0000
    endloop
  endfacet
  facet normal 0.000000 -0.000000 -1.000000
    outer loop
      vertex 37.8735 36.4229 2.4000
      vertex 39.8084 36.9219 2.4000
      vertex 35.0781 32.1916 2.4000
    endloop
  endfacet
  facet normal 0.000000 0.000000 1.000000
    outer loop
      vertex 35.0781 32.1916 0.0000
      vertex 39.8084 36.9219 0.0000
      vertex 37.8735 36.4229 0.0000
    endloop
  endfacet
  facet normal 0.000000 -0.000000 -1.000000
    outer loop
      vertex 39.8084 36.9219 2.4000
      vertex 39.8207 36.9249 2.4000
      vertex 35.0781 32.1916 2.4000
    endloop
  endfacet
  facet normal 0.000000 0.000000 1.000000
    outer loop
      vertex 35.0781 32.1916 0.0000
      vertex 39.8207 36.9249 0.0000
      vertex 39.8084 36.9219 0.0000
    endloop
  endfacet
  facet normal 0.000000 0.000000 -1.000000
    outer loop
      vertex 39.8207 36.9249 2.4000
      vertex 35.0751 32.1793 2.4000
      vertex 35.0781 32.1916 2.4000
    endloop
  endfacet
  facet normal -0.000000 0.000000 1.000000
    outer loop
      vertex 35.0781 32.1916 0.0000
      vertex 35.0751 32.1793 0.0000
      vertex 39.8207 36.9249 0.0000
    endloop
  endfacet
  facet normal 0.000000 0.000000 -1.000000
    outer loop
      vertex 39.8207 36.9249 2.4000
      vertex 34.5447 29.8827 2.4000
      vertex 35.0751 32.1793 2.4000
    endloop
  endfacet
  facet normal -0.000000 0.000000 1.000000
    outer loop
      vertex 35.0751 32.1793 0.0000
      vertex 34.5447 29.8827 0.0000
      vertex 39.8207 36.9249 0.0000
    endloop
  endfacet
  facet normal 0.000000 -0.000000 -1.000000
    outer loop
      vertex 39.8207 36.9249 2.4000
      vertex 42.1173 37.4553 2.4000
      vertex 34.5447 29.8827 2.4000
    endloop
  endfacet
  facet normal 0.000000 0.000000 1.000000
    outer loop
      vertex 34.5447 29.8827 0.0000
      vertex 42.1173 37.4553 0.0000
      vertex 39.8207 36.9249 0.0000
    endloop
  endfacet
  facet normal 0.000000 0.000000 -1.000000
    outer loop
      vertex 42.1173 37.4553 2.4000
      vertex 38.6441 21.9725 2.4000
      vertex 34.5447 29.8827 2.4000
    endloop
  endfacet
  facet normal -0.000000 0.000000 1.000000
    outer loop
      vertex 34.5447 29.8827 0.0000
      vertex 38.6441 21.9725 0.0000
      vertex 42.1173 37.4553 0.0000
    endloop
  endfacet
  facet normal 0.000000 -0.000000 -1.000000
    outer loop
      vertex 42.1173 37.4553 2.4000
      vertex 50.0275 33.3559 2.4000
      vertex 38.6441 21.9725 2.4000
    endloop
  endfacet
  facet normal 0.000000 0.000000 1.000000
    outer loop
      vertex 38.6441 21.9725 0.0000
      vertex 50.0275 33.3559 0.0000
      vertex 42.1173 37.4553 0.0000
    endloop
  endfacet
  facet normal 0.000000 0.000000 -1.000000
    outer loop
      vertex 42.1173 37.4553 2.4000
      vertex 50.0218 33.3665 2.4000
      vertex 50.0275 33.3559 2.4000
    endloop
  endfacet
  facet normal 0.000000 0.000000 1.000000
    outer loop
      vertex 50.0275 33.3559 0.0000
      vertex 50.0218 33.3665 0.0000
      vertex 42.1173 37.4553 0.0000
    endloop
  endfacet
  facet normal 0.000000 0.000000 -1.000000
    outer loop
      vertex 42.1173 37.4553 2.4000
      vertex 42.1354 37.4591 2.4000
      vertex 50.0218 33.3665 2.4000
    endloop
  endfacet
  facet normal 0.000000 0.000000 1.000000
    outer loop
      vertex 50.0218 33.3665 0.0000
      vertex 42.1354 37.4591 0.0000
      vertex 42.1173 37.4553 0.0000
    endloop
  endfacet
  facet normal 0.000000 0.000000 -1.000000
    outer loop
      vertex 42.1354 37.4591 2.4000
      vertex 50.0154 33.3830 2.4000
      vertex 50.0218 33.3665 2.4000
    endloop
  endfacet
  facet normal 0.000000 0.000000 1.000000
    outer loop
      vertex 50.0218 33.3665 0.0000
      vertex 50.0154 33.3830 0.0000
      vertex 42.1354 37.4591 0.0000
    endloop
  endfacet
  facet normal 0.000000 0.000000 -1.000000
    outer loop
      vertex 42.1354 37.4591 2.4000
      vertex 50.0132 33.3908 2.4000
      vertex 50.0154 33.3830 2.4000
    endloop
  endfacet
  facet normal 0.000000 0.000000 1.000000
    outer loop
      vertex 50.0154 33.3830 0.0000
      vertex 50.0132 33.3908 0.0000
      vertex 42.1354 37.4591 0.0000
    endloop
  endfacet
  facet normal 0.000000 0.000000 -1.000000
    outer loop
      vertex 42.1354 37.4591 2.4000
      vertex 44.5515 37.9235 2.4000
      vertex 50.0132 33.3908 2.4000
    endloop
  endfacet
  facet normal 0.000000 0.000000 1.000000
    outer loop
      vertex 50.0132 33.3908 0.0000
      vertex 44.5515 37.9235 0.0000
      vertex 42.1354 37.4591 0.0000
    endloop
  endfacet
  facet normal 0.000000 0.000000 -1.000000
    outer loop
      vertex 44.5515 37.9235 2.4000
      vertex 49.7290 34.5098 2.4000
      vertex 50.0132 33.3908 2.4000
    endloop
  endfacet
  facet normal 0.000000 0.000000 1.000000
    outer loop
      vertex 50.0132 33.3908 0.0000
      vertex 49.7290 34.5098 0.0000
      vertex 44.5515 37.9235 0.0000
    endloop
  endfacet
  facet normal 0.000000 0.000000 -1.000000
    outer loop
      vertex 44.5515 37.9235 2.4000
      vertex 44.5806 37.9282 2.4000
      vertex 49.7290 34.5098 2.4000
    endloop
  endfacet
  facet normal 0.000000 0.000000 1.000000
    outer loop
      vertex 49.7290 34.5098 0.0000
      vertex 44.5806 37.9282 0.0000
      vertex 44.5515 37.9235 0.0000
    endloop
  endfacet
  facet normal 0.000000 0.000000 -1.000000
    outer loop
      vertex 44.5806 37.9282 2.4000
      vertex 49.7272 34.5179 2.4000
      vertex 49.7290 34.5098 2.4000
    endloop
  endfacet
  facet normal 0.000000 0.000000 1.000000
    outer loop
      vertex 49.7290 34.5098 0.0000
      vertex 49.7272 34.5179 0.0000
      vertex 44.5806 37.9282 0.0000
    endloop
  endfacet
  facet normal 0.000000 0.000000 -1.000000
    outer loop
      vertex 44.5806 37.9282 2.4000
      vertex 49.7250 34.5359 2.4000
      vertex 49.7272 34.5179 2.4000
    endloop
  endfacet
  facet normal 0.000000 0.000000 1.000000
    outer loop
      vertex 49.7272 34.5179 0.0000
      vertex 49.7250 34.5359 0.0000
      vertex 44.5806 37.9282 0.0000
    endloop
  endfacet
  facet normal 0.000000 0.000000 -1.000000
    outer loop
      vertex 44.5806 37.9282 2.4000
      vertex 49.7250 34.5483 2.4000
      vertex 49.7250 34.5359 2.4000
    endloop
  endfacet
  facet normal 0.000000 -0.000000 1.000000
    outer loop
      vertex 49.7250 34.5359 0.0000
      vertex 49.7250 34.5483 0.0000
      vertex 44.5806 37.9282 0.0000
    endloop
  endfacet
  facet normal 0.000000 0.000000 -1.000000
    outer loop
      vertex 44.5806 37.9282 2.4000
      vertex 46.8677 38.2295 2.4000
      vertex 49.7250 34.5483 2.4000
    endloop
  endfacet
  facet normal 0.000000 0.000000 1.000000
    outer loop
      vertex 49.7250 34.5483 0.0000
      vertex 46.8677 38.2295 0.0000
      vertex 44.5806 37.9282 0.0000
    endloop
  endfacet
  facet normal 0.000000 0.000000 -1.000000
    outer loop
      vertex 46.8677 38.2295 2.4000
      vertex 49.7265 34.5606 2.4000
      vertex 49.7250 34.5483 2.4000
    endloop
  endfacet
  facet normal 0.000000 -0.000000 1.000000
    outer loop
      vertex 49.7250 34.5483 0.0000
      vertex 49.7265 34.5606 0.0000
      vertex 46.8677 38.2295 0.0000
    endloop
  endfacet
  facet normal 0.000000 0.000000 -1.000000
    outer loop
      vertex 46.8677 38.2295 2.4000
      vertex 49.7311 34.5782 2.4000
      vertex 49.7265 34.5606 2.4000
    endloop
  endfacet
  facet normal 0.000000 -0.000000 1.000000
    outer loop
      vertex 49.7265 34.5606 0.0000
      vertex 49.7311 34.5782 0.0000
      vertex 46.8677 38.2295 0.0000
    endloop
  endfacet
  facet normal 0.000000 0.000000 -1.000000
    outer loop
      vertex 46.8677 38.2295 2.4000
      vertex 46.9208 38.2336 2.4000
      vertex 49.7311 34.5782 2.4000
    endloop
  endfacet
  facet normal 0.000000 0.000000 1.000000
    outer loop
      vertex 49.7311 34.5782 0.0000
      vertex 46.9208 38.2336 0.0000
      vertex 46.8677 38.2295 0.0000
    endloop
  endfacet
  facet normal 0.000000 0.000000 -1.000000
    outer loop
      vertex 46.9208 38.2336 2.4000
      vertex 49.7339 34.5860 2.4000
      vertex 49.7311 34.5782 2.4000
    endloop
  endfacet
  facet normal 0.000000 -0.000000 1.000000
    outer loop
      vertex 49.7311 34.5782 0.0000
      vertex 49.7339 34.5860 0.0000
      vertex 46.9208 38.2336 0.0000
    endloop
  endfacet
  facet normal 0.000000 0.000000 -1.000000
    outer loop
      vertex 46.9208 38.2336 2.4000
      vertex 48.8074 38.2797 2.4000
      vertex 49.7339 34.5860 2.4000
    endloop
  endfacet
  facet normal 0.000000 0.000000 1.000000
    outer loop
      vertex 49.7339 34.5860 0.0000
      vertex 48.8074 38.2797 0.0000
      vertex 46.9208 38.2336 0.0000
    endloop
  endfacet
  facet normal 0.000000 0.000000 -1.000000
    outer loop
      vertex 48.8074 38.2797 2.4000
      vertex 50.3036 36.0280 2.4000
      vertex 49.7339 34.5860 2.4000
    endloop
  endfacet
  facet normal 0.000000 -0.000000 1.000000
    outer loop
      vertex 49.7339 34.5860 0.0000
      vertex 50.3036 36.0280 0.0000
      vertex 48.8074 38.2797 0.0000
    endloop
  endfacet
  facet normal 0.000000 0.000000 -1.000000
    outer loop
      vertex 48.8074 38.2797 2.4000
      vertex 48.9264 38.2683 2.4000
      vertex 50.3036 36.0280 2.4000
    endloop
  endfacet
  facet normal 0.000000 0.000000 1.000000
    outer loop
      vertex 50.3036 36.0280 0.0000
      vertex 48.9264 38.2683 0.0000
      vertex 48.8074 38.2797 0.0000
    endloop
  endfacet
  facet normal 0.000000 0.000000 -1.000000
    outer loop
      vertex 48.8074 38.2797 2.4000
      vertex 48.8673 38.2775 2.4000
      vertex 48.9264 38.2683 2.4000
    endloop
  endfacet
  facet normal 0.000000 0.000000 1.000000
    outer loop
      vertex 48.9264 38.2683 0.0000
      vertex 48.8673 38.2775 0.0000
      vertex 48.8074 38.2797 0.0000
    endloop
  endfacet
  facet normal 0.000000 0.000000 -1.000000
    outer loop
      vertex 59.1926 38.2797 2.4000
      vertex 59.0736 38.2683 2.4000
      vertex 59.1327 38.2775 2.4000
    endloop
  endfacet
  facet normal -0.000000 0.000000 1.000000
    outer loop
      vertex 59.1327 38.2775 0.0000
      vertex 59.0736 38.2683 0.0000
      vertex 59.1926 38.2797 0.0000
    endloop
  endfacet
  facet normal 0.000000 0.000000 -1.000000
    outer loop
      vertex 59.1926 38.2797 2.4000
      vertex 57.6964 36.0280 2.4000
      vertex 59.0736 38.2683 2.4000
    endloop
  endfacet
  facet normal -0.000000 0.000000 1.000000
    outer loop
      vertex 59.0736 38.2683 0.0000
      vertex 57.6964 36.0280 0.0000
      vertex 59.1926 38.2797 0.0000
    endloop
  endfacet
  facet normal 0.000000 0.000000 -1.000000
    outer loop
      vertex 59.1926 38.2797 2.4000
      vertex 58.2661 34.5860 2.4000
      vertex 57.6964 36.0280 2.4000
    endloop
  endfacet
  facet normal -0.000000 0.000000 1.000000
    outer loop
      vertex 57.6964 36.0280 0.0000
      vertex 58.2661 34.5860 0.0000
      vertex 59.1926 38.2797 0.0000
    endloop
  endfacet
  facet normal 0.000000 -0.000000 -1.000000
    outer loop
      vertex 59.1926 38.2797 2.4000
      vertex 61.0792 38.2336 2.4000
      vertex 58.2661 34.5860 2.4000
    endloop
  endfacet
  facet normal 0.000000 0.000000 1.000000
    outer loop
      vertex 58.2661 34.5860 0.0000
      vertex 61.0792 38.2336 0.0000
      vertex 59.1926 38.2797 0.0000
    endloop
  endfacet
  facet normal 0.000000 0.000000 -1.000000
    outer loop
      vertex 61.0792 38.2336 2.4000
      vertex 58.2689 34.5782 2.4000
      vertex 58.2661 34.5860 2.4000
    endloop
  endfacet
  facet normal -0.000000 0.000000 1.000000
    outer loop
      vertex 58.2661 34.5860 0.0000
      vertex 58.2689 34.5782 0.0000
      vertex 61.0792 38.2336 0.0000
    endloop
  endfacet
  facet normal 0.000000 -0.000000 -1.000000
    outer loop
      vertex 61.0792 38.2336 2.4000
      vertex 61.1323 38.2295 2.4000
      vertex 58.2689 34.5782 2.4000
    endloop
  endfacet
  facet normal 0.000000 0.000000 1.000000
    outer loop
      vertex 58.2689 34.5782 0.0000
      vertex 61.1323 38.2295 0.0000
      vertex 61.0792 38.2336 0.0000
    endloop
  endfacet
  facet normal 0.000000 0.000000 -1.000000
    outer loop
      vertex 61.1323 38.2295 2.4000
      vertex 58.2735 34.5606 2.4000
      vertex 58.2689 34.5782 2.4000
    endloop
  endfacet
  facet normal -0.000000 0.000000 1.000000
    outer loop
      vertex 58.2689 34.5782 0.0000
      vertex 58.2735 34.5606 0.0000
      vertex 61.1323 38.2295 0.0000
    endloop
  endfacet
  facet normal 0.000000 0.000000 -1.000000
    outer loop
      vertex 61.1323 38.2295 2.4000
      vertex 58.2750 34.5483 2.4000
      vertex 58.2735 34.5606 2.4000
    endloop
  endfacet
  facet normal -0.000000 0.000000 1.000000
    outer loop
      vertex 58.2735 34.5606 0.0000
      vertex 58.2750 34.5483 0.0000
      vertex 61.1323 38.2295 0.0000
    endloop
  endfacet
  facet normal 0.000000 -0.000000 -1.000000
    outer loop
      vertex 61.1323 38.2295 2.4000
      vertex 63.4194 37.9282 2.4000
      vertex 58.2750 34.5483 2.4000
    endloop
  endfacet
  facet normal 0.000000 0.000000 1.000000
    outer loop
      vertex 58.2750 34.5483 0.0000
      vertex 63.4194 37.9282 0.0000
      vertex 61.1323 38.2295 0.0000
    endloop
  endfacet
  facet normal 0.000000 0.000000 -1.000000
    outer loop
      vertex 63.4194 37.9282 2.4000
      vertex 58.2750 34.5359 2.4000
      vertex 58.2750 34.5483 2.4000
    endloop
  endfacet
  facet normal -0.000000 0.000000 1.000000
    outer loop
      vertex 58.2750 34.5483 0.0000
      vertex 58.2750 34.5359 0.0000
      vertex 63.4194 37.9282 0.0000
    endloop
  endfacet
  facet normal 0.000000 0.000000 -1.000000
    outer loop
      vertex 63.4194 37.9282 2.4000
      vertex 58.2728 34.5179 2.4000
      vertex 58.2750 34.5359 2.4000
    endloop
  endfacet
  facet normal -0.000000 0.000000 1.000000
    outer loop
      vertex 58.2750 34.5359 0.0000
      vertex 58.2728 34.5179 0.0000
      vertex 63.4194 37.9282 0.0000
    endloop
  endfacet
  facet normal 0.000000 0.000000 -1.000000
    outer loop
      vertex 63.4194 37.9282 2.4000
      vertex 58.2710 34.5098 2.4000
      vertex 58.2728 34.5179 2.4000
    endloop
  endfacet
  facet normal -0.000000 0.000000 1.000000
    outer loop
      vertex 58.2728 34.5179 0.0000
      vertex 58.2710 34.5098 0.0000
      vertex 63.4194 37.9282 0.0000
    endloop
  endfacet
  facet normal 0.000000 -0.000000 -1.000000
    outer loop
      vertex 63.4194 37.9282 2.4000
      vertex 63.4485 37.9235 2.4000
      vertex 58.2710 34.5098 2.4000
    endloop
  endfacet
  facet normal 0.000000 0.000000 1.000000
    outer loop
      vertex 58.2710 34.5098 0.0000
      vertex 63.4485 37.9235 0.0000
      vertex 63.4194 37.9282 0.0000
    endloop
  endfacet
  facet normal 0.000000 0.000000 -1.000000
    outer loop
      vertex 63.4485 37.9235 2.4000
      vertex 57.9868 33.3908 2.4000
      vertex 58.2710 34.5098 2.4000
    endloop
  endfacet
  facet normal -0.000000 0.000000 1.000000
    outer loop
      vertex 58.2710 34.5098 0.0000
      vertex 57.9868 33.3908 0.0000
      vertex 63.4485 37.9235 0.0000
    endloop
  endfacet
  facet normal 0.000000 -0.000000 -1.000000
    outer loop
      vertex 63.4485 37.9235 2.4000
      vertex 65.8646 37.4591 2.4000
      vertex 57.9868 33.3908 2.4000
    endloop
  endfacet
  facet normal 0.000000 0.000000 1.000000
    outer loop
      vertex 57.9868 33.3908 0.0000
      vertex 65.8646 37.4591 0.0000
      vertex 63.4485 37.9235 0.0000
    endloop
  endfacet
  facet normal 0.000000 0.000000 -1.000000
    outer loop
      vertex 65.8646 37.4591 2.4000
      vertex 57.9846 33.3830 2.4000
      vertex 57.9868 33.3908 2.4000
    endloop
  endfacet
  facet normal -0.000000 0.000000 1.000000
    outer loop
      vertex 57.9868 33.3908 0.0000
      vertex 57.9846 33.3830 0.0000
      vertex 65.8646 37.4591 0.0000
    endloop
  endfacet
  facet normal 0.000000 0.000000 -1.000000
    outer loop
      vertex 65.8646 37.4591 2.4000
      vertex 57.9782 33.3665 2.4000
      vertex 57.9846 33.3830 2.4000
    endloop
  endfacet
  facet normal -0.000000 0.000000 1.000000
    outer loop
      vertex 57.9846 33.3830 0.0000
      vertex 57.9782 33.3665 0.0000
      vertex 65.8646 37.4591 0.0000
    endloop
  endfacet
  facet normal 0.000000 -0.000000 -1.000000
    outer loop
      vertex 65.8646 37.4591 2.4000
      vertex 65.8827 37.4553 2.4000
      vertex 57.9782 33.3665 2.4000
    endloop
  endfacet
  facet normal 0.000000 0.000000 1.000000
    outer loop
      vertex 57.9782 33.3665 0.0000
      vertex 65.8827 37.4553 0.0000
      vertex 65.8646 37.4591 0.0000
    endloop
  endfacet
  facet normal 0.000000 0.000000 -1.000000
    outer loop
      vertex 65.8827 37.4553 2.4000
      vertex 57.9725 33.3559 2.4000
      vertex 57.9782 33.3665 2.4000
    endloop
  endfacet
  facet normal -0.000000 0.000000 1.000000
    outer loop
      vertex 57.9782 33.3665 0.0000
      vertex 57.9725 33.3559 0.0000
      vertex 65.8827 37.4553 0.0000
    endloop
  endfacet
  facet normal 0.000000 -0.000000 -1.000000
    outer loop
      vertex 65.8827 37.4553 2.4000
      vertex 68.1793 36.9249 2.4000
      vertex 57.9725 33.3559 2.4000
    endloop
  endfacet
  facet normal 0.000000 0.000000 1.000000
    outer loop
      vertex 57.9725 33.3559 0.0000
      vertex 68.1793 36.9249 0.0000
      vertex 65.8827 37.4553 0.0000
    endloop
  endfacet
  facet normal 0.000000 0.000000 -1.000000
    outer loop
      vertex 68.1793 36.9249 2.4000
      vertex 57.9655 33.3460 2.4000
      vertex 57.9725 33.3559 2.4000
    endloop
  endfacet
  facet normal -0.000000 0.000000 1.000000
    outer loop
      vertex 57.9725 33.3559 0.0000
      vertex 57.9655 33.3460 0.0000
      vertex 68.1793 36.9249 0.0000
    endloop
  endfacet
  facet normal 0.000000 -0.000000 -1.000000
    outer loop
      vertex 68.1793 36.9249 2.4000
      vertex 68.1916 36.9219 2.4000
      vertex 57.9655 33.3460 2.4000
    endloop
  endfacet
  facet normal 0.000000 0.000000 1.000000
    outer loop
      vertex 57.9655 33.3460 0.0000
      vertex 68.1916 36.9219 0.0000
      vertex 68.1793 36.9249 0.0000
    endloop
  endfacet
  facet normal 0.000000 -0.000000 -1.000000
    outer loop
      vertex 68.1916 36.9219 2.4000
      vertex 71.9000 35.5499 2.4000
      vertex 57.9655 33.3460 2.4000
    endloop
  endfacet
  facet normal 0.000000 0.000000 1.000000
    outer loop
      vertex 57.9655 33.3460 0.0000
      vertex 71.9000 35.5499 0.0000
      vertex 68.1916 36.9219 0.0000
    endloop
  endfacet
  facet normal 0.000000 0.000000 -1.000000
    outer loop
      vertex 68.1916 36.9219 2.4000
      vertex 70.1265 36.4229 2.4000
      vertex 71.9000 35.5499 2.4000
    endloop
  endfacet
  facet normal 0.000000 0.000000 1.000000
    outer loop
      vertex 71.9000 35.5499 0.0000
      vertex 70.1265 36.4229 0.0000
      vertex 68.1916 36.9219 0.0000
    endloop
  endfacet
  facet normal 0.000000 0.000000 -1.000000
    outer loop
      vertex 70.1265 36.4229 2.4000
      vertex 70.1354 36.4206 2.4000
      vertex 71.9000 35.5499 2.4000
    endloop
  endfacet
  facet normal 0.000000 0.000000 1.000000
    outer loop
      vertex 71.9000 35.5499 0.0000
      vertex 70.1354 36.4206 0.0000
      vertex 70.1265 36.4229 0.0000
    endloop
  endfacet
  facet normal 0.000000 0.000000 -1.000000
    outer loop
      vertex 70.1354 36.4206 2.4000
      vertex 71.4691 36.0505 2.4000
      vertex 71.9000 35.5499 2.4000
    endloop
  endfacet
  facet normal 0.000000 0.000000 1.000000
    outer loop
      vertex 71.9000 35.5499 0.0000
      vertex 71.4691 36.0505 0.0000
      vertex 70.1354 36.4206 0.0000
    endloop
  endfacet
  facet normal 0.000000 0.000000 -1.000000
    outer loop
      vertex 71.4691 36.0505 2.4000
      vertex 71.4753 36.0487 2.4000
      vertex 71.9000 35.5499 2.4000
    endloop
  endfacet
  facet normal 0.000000 0.000000 1.000000
    outer loop
      vertex 71.9000 35.5499 0.0000
      vertex 71.4753 36.0487 0.0000
      vertex 71.4691 36.0505 0.0000
    endloop
  endfacet
  facet normal 0.000000 0.000000 -1.000000
    outer loop
      vertex 71.4753 36.0487 2.4000
      vertex 71.5399 36.0299 2.4000
      vertex 71.9000 35.5499 2.4000
    endloop
  endfacet
  facet normal 0.000000 0.000000 1.000000
    outer loop
      vertex 71.9000 35.5499 0.0000
      vertex 71.5399 36.0299 0.0000
      vertex 71.4753 36.0487 0.0000
    endloop
  endfacet
  facet normal 0.000000 0.000000 -1.000000
    outer loop
      vertex 71.5399 36.0299 2.4000
      vertex 71.6003 36.0080 2.4000
      vertex 71.9000 35.5499 2.4000
    endloop
  endfacet
  facet normal 0.000000 0.000000 1.000000
    outer loop
      vertex 71.9000 35.5499 0.0000
      vertex 71.6003 36.0080 0.0000
      vertex 71.5399 36.0299 0.0000
    endloop
  endfacet
  facet normal 0.000000 0.000000 -1.000000
    outer loop
      vertex 71.6003 36.0080 2.4000
      vertex 71.8959 35.6141 2.4000
      vertex 71.9000 35.5499 2.4000
    endloop
  endfacet
  facet normal 0.000000 0.000000 1.000000
    outer loop
      vertex 71.9000 35.5499 0.0000
      vertex 71.8959 35.6141 0.0000
      vertex 71.6003 36.0080 0.0000
    endloop
  endfacet
  facet normal 0.000000 0.000000 -1.000000
    outer loop
      vertex 71.6003 36.0080 2.4000
      vertex 71.8000 35.8499 2.4000
      vertex 71.8959 35.6141 2.4000
    endloop
  endfacet
  facet normal 0.000000 0.000000 1.000000
    outer loop
      vertex 71.8959 35.6141 0.0000
      vertex 71.8000 35.8499 0.0000
      vertex 71.6003 36.0080 0.0000
    endloop
  endfacet
  facet normal 0.000000 0.000000 -1.000000
    outer loop
      vertex 71.6003 36.0080 2.4000
      vertex 71.7104 35.9419 2.4000
      vertex 71.8000 35.8499 2.4000
    endloop
  endfacet
  facet normal 0.000000 0.000000 1.000000
    outer loop
      vertex 71.8000 35.8499 0.0000
      vertex 71.7104 35.9419 0.0000
      vertex 71.6003 36.0080 0.0000
    endloop
  endfacet
  facet normal 0.000000 0.000000 -1.000000
    outer loop
      vertex 71.6003 36.0080 2.4000
      vertex 71.6575 35.9785 2.4000
      vertex 71.7104 35.9419 2.4000
    endloop
  endfacet
  facet normal 0.000000 0.000000 1.000000
    outer loop
      vertex 71.7104 35.9419 0.0000
      vertex 71.6575 35.9785 0.0000
      vertex 71.6003 36.0080 0.0000
    endloop
  endfacet
  facet normal 0.000000 0.000000 -1.000000
    outer loop
      vertex 71.7104 35.9419 2.4000
      vertex 71.7581 35.8988 2.4000
      vertex 71.8000 35.8499 2.4000
    endloop
  endfacet
  facet normal 0.000000 0.000000 1.000000
    outer loop
      vertex 71.8000 35.8499 0.0000
      vertex 71.7581 35.8988 0.0000
      vertex 71.7104 35.9419 0.0000
    endloop
  endfacet
  facet normal 0.000000 0.000000 -1.000000
    outer loop
      vertex 71.8000 35.8499 2.4000
      vertex 71.8835 35.6772 2.4000
      vertex 71.8959 35.6141 2.4000
    endloop
  endfacet
  facet normal 0.000000 0.000000 1.000000
    outer loop
      vertex 71.8959 35.6141 0.0000
      vertex 71.8835 35.6772 0.0000
      vertex 71.8000 35.8499 0.0000
    endloop
  endfacet
  facet normal 0.000000 0.000000 -1.000000
    outer loop
      vertex 71.8000 35.8499 2.4000
      vertex 71.8352 35.7961 2.4000
      vertex 71.8835 35.6772 2.4000
    endloop
  endfacet
  facet normal 0.000000 0.000000 1.000000
    outer loop
      vertex 71.8835 35.6772 0.0000
      vertex 71.8352 35.7961 0.0000
      vertex 71.8000 35.8499 0.0000
    endloop
  endfacet
  facet normal 0.000000 0.000000 -1.000000
    outer loop
      vertex 71.8352 35.7961 2.4000
      vertex 71.8632 35.7382 2.4000
      vertex 71.8835 35.6772 2.4000
    endloop
  endfacet
  facet normal 0.000000 0.000000 1.000000
    outer loop
      vertex 71.8835 35.6772 0.0000
      vertex 71.8632 35.7382 0.0000
      vertex 71.8352 35.7961 0.0000
    endloop
  endfacet
  facet normal 0.000000 0.000000 -1.000000
    outer loop
      vertex 71.9000 35.5499 2.4000
      vertex 57.9536 33.3329 2.4000
      vertex 57.9655 33.3460 2.4000
    endloop
  endfacet
  facet normal -0.000000 0.000000 1.000000
    outer loop
      vertex 57.9655 33.3460 0.0000
      vertex 57.9536 33.3329 0.0000
      vertex 71.9000 35.5499 0.0000
    endloop
  endfacet
  facet normal 0.000000 0.000000 -1.000000
    outer loop
      vertex 71.9000 35.5499 2.4000
      vertex 57.9477 33.3274 2.4000
      vertex 57.9536 33.3329 2.4000
    endloop
  endfacet
  facet normal -0.000000 0.000000 1.000000
    outer loop
      vertex 57.9536 33.3329 0.0000
      vertex 57.9477 33.3274 0.0000
      vertex 71.9000 35.5499 0.0000
    endloop
  endfacet
  facet normal 0.000000 0.000000 -1.000000
    outer loop
      vertex 71.9000 35.5499 2.4000
      vertex 57.0233 32.5275 2.4000
      vertex 57.9477 33.3274 2.4000
    endloop
  endfacet
  facet normal -0.000000 0.000000 1.000000
    outer loop
      vertex 57.9477 33.3274 0.0000
      vertex 57.0233 32.5275 0.0000
      vertex 71.9000 35.5499 0.0000
    endloop
  endfacet
  facet normal 0.000000 0.000000 -1.000000
    outer loop
      vertex 71.9000 35.5499 2.4000
      vertex 57.0169 32.5223 2.4000
      vertex 57.0233 32.5275 2.4000
    endloop
  endfacet
  facet normal -0.000000 0.000000 1.000000
    outer loop
      vertex 57.0233 32.5275 0.0000
      vertex 57.0169 32.5223 0.0000
      vertex 71.9000 35.5499 0.0000
    endloop
  endfacet
  facet normal 0.000000 -0.000000 -1.000000
    outer loop
      vertex 71.9000 35.5499 2.4000
      vertex 71.9000 0.6000 2.4000
      vertex 57.0169 32.5223 2.4000
    endloop
  endfacet
  facet normal -0.000000 0.000000 1.000000
    outer loop
      vertex 57.0169 32.5223 0.0000
      vertex 71.9000 0.6000 0.0000
      vertex 71.9000 35.5499 0.0000
    endloop
  endfacet
  facet normal 0.000000 0.000000 -1.000000
    outer loop
      vertex 71.7536 0.2464 2.4000
      vertex 71.8619 0.4087 2.4000
      vertex 71.7967 0.2956 2.4000
    endloop
  endfacet
  facet normal 0.000000 -0.000000 1.000000
    outer loop
      vertex 71.7967 0.2956 0.0000
      vertex 71.8619 0.4087 0.0000
      vertex 71.7536 0.2464 0.0000
    endloop
  endfacet
  facet normal -0.000000 0.000000 -1.000000
    outer loop
      vertex 71.7536 0.2464 2.4000
      vertex 71.7044 0.2033 2.4000
      vertex 71.8619 0.4087 2.4000
    endloop
  endfacet
  facet normal 0.000000 0.000000 1.000000
    outer loop
      vertex 71.8619 0.4087 0.0000
      vertex 71.7044 0.2033 0.0000
      vertex 71.7536 0.2464 0.0000
    endloop
  endfacet
  facet normal -0.000000 0.000000 -1.000000
    outer loop
      vertex 71.7044 0.2033 2.4000
      vertex 71.6500 0.1670 2.4000
      vertex 71.8619 0.4087 2.4000
    endloop
  endfacet
  facet normal 0.000000 0.000000 1.000000
    outer loop
      vertex 71.8619 0.4087 0.0000
      vertex 71.6500 0.1670 0.0000
      vertex 71.7044 0.2033 0.0000
    endloop
  endfacet
  facet normal -0.000000 0.000000 -1.000000
    outer loop
      vertex 71.6500 0.1670 2.4000
      vertex 71.5294 0.1170 2.4000
      vertex 71.8619 0.4087 2.4000
    endloop
  endfacet
  facet normal 0.000000 0.000000 1.000000
    outer loop
      vertex 71.8619 0.4087 0.0000
      vertex 71.5294 0.1170 0.0000
      vertex 71.6500 0.1670 0.0000
    endloop
  endfacet
  facet normal 0.000000 0.000000 -1.000000
    outer loop
      vertex 71.6500 0.1670 2.4000
      vertex 71.5913 0.1381 2.4000
      vertex 71.5294 0.1170 2.4000
    endloop
  endfacet
  facet normal 0.000000 0.000000 1.000000
    outer loop
      vertex 71.5294 0.1170 0.0000
      vertex 71.5913 0.1381 0.0000
      vertex 71.6500 0.1670 0.0000
    endloop
  endfacet
  facet normal -0.000000 0.000000 -1.000000
    outer loop
      vertex 71.5294 0.1170 2.4000
      vertex 71.4000 0.1000 2.4000
      vertex 71.8619 0.4087 2.4000
    endloop
  endfacet
  facet normal 0.000000 0.000000 1.000000
    outer loop
      vertex 71.8619 0.4087 0.0000
      vertex 71.4000 0.1000 0.0000
      vertex 71.5294 0.1170 0.0000
    endloop
  endfacet
  facet normal 0.000000 0.000000 -1.000000
    outer loop
      vertex 71.5294 0.1170 2.4000
      vertex 71.4653 0.1043 2.4000
      vertex 71.4000 0.1000 2.4000
    endloop
  endfacet
  facet normal 0.000000 0.000000 1.000000
    outer loop
      vertex 71.4000 0.1000 0.0000
      vertex 71.4653 0.1043 0.0000
      vertex 71.5294 0.1170 0.0000
    endloop
  endfacet
  facet normal 0.000000 0.000000 -1.000000
    outer loop
      vertex 71.4000 0.1000 2.4000
      vertex 71.9000 0.6000 2.4000
      vertex 71.8619 0.4087 2.4000
    endloop
  endfacet
  facet normal 0.000000 -0.000000 1.000000
    outer loop
      vertex 71.8619 0.4087 0.0000
      vertex 71.9000 0.6000 0.0000
      vertex 71.4000 0.1000 0.0000
    endloop
  endfacet
  facet normal 0.000000 0.000000 -1.000000
    outer loop
      vertex 71.4000 0.1000 2.4000
      vertex 39.9872 16.4054 2.4000
      vertex 71.9000 0.6000 2.4000
    endloop
  endfacet
  facet normal 0.000000 0.000000 1.000000
    outer loop
      vertex 71.9000 0.6000 0.0000
      vertex 39.9872 16.4054 0.0000
      vertex 71.4000 0.1000 0.0000
    endloop
  endfacet
  facet normal 0.000000 0.000000 -1.000000
    outer loop
      vertex 71.4000 0.1000 2.4000
      vertex 39.9822 16.3831 2.4000
      vertex 39.9872 16.4054 2.4000
    endloop
  endfacet
  facet normal 0.000000 0.000000 1.000000
    outer loop
      vertex 39.9872 16.4054 0.0000
      vertex 39.9822 16.3831 0.0000
      vertex 71.4000 0.1000 0.0000
    endloop
  endfacet
  facet normal 0.000000 0.000000 -1.000000
    outer loop
      vertex 71.4000 0.1000 2.4000
      vertex 39.9797 16.3755 2.4000
      vertex 39.9822 16.3831 2.4000
    endloop
  endfacet
  facet normal 0.000000 0.000000 1.000000
    outer loop
      vertex 39.9822 16.3831 0.0000
      vertex 39.9797 16.3755 0.0000
      vertex 71.4000 0.1000 0.0000
    endloop
  endfacet
  facet normal 0.000000 0.000000 -1.000000
    outer loop
      vertex 71.4000 0.1000 2.4000
      vertex 39.4988 15.0218 2.4000
      vertex 39.9797 16.3755 2.4000
    endloop
  endfacet
  facet normal 0.000000 0.000000 1.000000
    outer loop
      vertex 39.9797 16.3755 0.0000
      vertex 39.4988 15.0218 0.0000
      vertex 71.4000 0.1000 0.0000
    endloop
  endfacet
  facet normal 0.000000 0.000000 -1.000000
    outer loop
      vertex 71.4000 0.1000 2.4000
      vertex 39.4958 15.0141 2.4000
      vertex 39.4988 15.0218 2.4000
    endloop
  endfacet
  facet normal 0.000000 0.000000 1.000000
    outer loop
      vertex 39.4988 15.0218 0.0000
      vertex 39.4958 15.0141 0.0000
      vertex 71.4000 0.1000 0.0000
    endloop
  endfacet
  facet normal 0.000000 0.000000 -1.000000
    outer loop
      vertex 71.4000 0.1000 2.4000
      vertex 39.4877 14.9981 2.4000
      vertex 39.4958 15.0141 2.4000
    endloop
  endfacet
  facet normal 0.000000 0.000000 1.000000
    outer loop
      vertex 39.4958 15.0141 0.0000
      vertex 39.4877 14.9981 0.0000
      vertex 71.4000 0.1000 0.0000
    endloop
  endfacet
  facet normal 0.000000 0.000000 -1.000000
    outer loop
      vertex 71.4000 0.1000 2.4000
      vertex 39.4777 14.9831 2.4000
      vertex 39.4877 14.9981 2.4000
    endloop
  endfacet
  facet normal 0.000000 0.000000 1.000000
    outer loop
      vertex 39.4877 14.9981 0.0000
      vertex 39.4777 14.9831 0.0000
      vertex 71.4000 0.1000 0.0000
    endloop
  endfacet
  facet normal 0.000000 0.000000 -1.000000
    outer loop
      vertex 71.4000 0.1000 2.4000
      vertex 36.4501 0.1000 2.4000
      vertex 39.4777 14.9831 2.4000
    endloop
  endfacet
  facet normal 0.000000 0.000000 1.000000
    outer loop
      vertex 39.4777 14.9831 0.0000
      vertex 36.4501 0.1000 0.0000
      vertex 71.4000 0.1000 0.0000
    endloop
  endfacet
  facet normal 0.000000 0.000000 -1.000000
    outer loop
      vertex 36.4501 0.1000 2.4000
      vertex 39.4725 14.9767 2.4000
      vertex 39.4777 14.9831 2.4000
    endloop
  endfacet
  facet normal 0.000000 0.000000 1.000000
    outer loop
      vertex 39.4777 14.9831 0.0000
      vertex 39.4725 14.9767 0.0000
      vertex 36.4501 0.1000 0.0000
    endloop
  endfacet
  facet normal 0.000000 0.000000 -1.000000
    outer loop
      vertex 36.4501 0.1000 2.4000
      vertex 38.6726 14.0523 2.4000
      vertex 39.4725 14.9767 2.4000
    endloop
  endfacet
  facet normal 0.000000 0.000000 1.000000
    outer loop
      vertex 39.4725 14.9767 0.0000
      vertex 38.6726 14.0523 0.0000
      vertex 36.4501 0.1000 0.0000
    endloop
  endfacet
  facet normal 0.000000 0.000000 -1.000000
    outer loop
      vertex 36.4501 0.1000 2.4000
      vertex 38.6671 14.0464 2.4000
      vertex 38.6726 14.0523 2.4000
    endloop
  endfacet
  facet normal 0.000000 0.000000 1.000000
    outer loop
      vertex 38.6726 14.0523 0.0000
      vertex 38.6671 14.0464 0.0000
      vertex 36.4501 0.1000 0.0000
    endloop
  endfacet
  facet normal 0.000000 0.000000 -1.000000
    outer loop
      vertex 36.4501 0.1000 2.4000
      vertex 38.6540 14.0345 2.4000
      vertex 38.6671 14.0464 2.4000
    endloop
  endfacet
  facet normal 0.000000 0.000000 1.000000
    outer loop
      vertex 38.6671 14.0464 0.0000
      vertex 38.6540 14.0345 0.0000
      vertex 36.4501 0.1000 0.0000
    endloop
  endfacet
  facet normal 0.000000 0.000000 -1.000000
    outer loop
      vertex 36.4501 0.1000 2.4000
      vertex 35.0781 3.8084 2.4000
      vertex 38.6540 14.0345 2.4000
    endloop
  endfacet
  facet normal 0.000000 0.000000 1.000000
    outer loop
      vertex 38.6540 14.0345 0.0000
      vertex 35.0781 3.8084 0.0000
      vertex 36.4501 0.1000 0.0000
    endloop
  endfacet
  facet normal 0.000000 0.000000 -1.000000
    outer loop
      vertex 36.4501 0.1000 2.4000
      vertex 35.5771 1.8735 2.4000
      vertex 35.0781 3.8084 2.4000
    endloop
  endfacet
  facet normal 0.000000 0.000000 1.000000
    outer loop
      vertex 35.0781 3.8084 0.0000
      vertex 35.5771 1.8735 0.0000
      vertex 36.4501 0.1000 0.0000
    endloop
  endfacet
  facet normal 0.000000 0.000000 -1.000000
    outer loop
      vertex 36.4501 0.1000 2.4000
      vertex 35.5794 1.8646 2.4000
      vertex 35.5771 1.8735 2.4000
    endloop
  endfacet
  facet normal 0.000000 0.000000 1.000000
    outer loop
      vertex 35.5771 1.8735 0.0000
      vertex 35.5794 1.8646 0.0000
      vertex 36.4501 0.1000 0.0000
    endloop
  endfacet
  facet normal 0.000000 0.000000 -1.000000
    outer loop
      vertex 36.4501 0.1000 2.4000
      vertex 35.9495 0.5309 2.4000
      vertex 35.5794 1.8646 2.4000
    endloop
  endfacet
  facet normal 0.000000 0.000000 1.000000
    outer loop
      vertex 35.5794 1.8646 0.0000
      vertex 35.9495 0.5309 0.0000
      vertex 36.4501 0.1000 0.0000
    endloop
  endfacet
  facet normal 0.000000 0.000000 -1.000000
    outer loop
      vertex 36.4501 0.1000 2.4000
      vertex 35.9513 0.5247 2.4000
      vertex 35.9495 0.5309 2.4000
    endloop
  endfacet
  facet normal 0.000000 0.000000 1.000000
    outer loop
      vertex 35.9495 0.5309 0.0000
      vertex 35.9513 0.5247 0.0000
      vertex 36.4501 0.1000 0.0000
    endloop
  endfacet
  facet normal 0.000000 0.000000 -1.000000
    outer loop
      vertex 36.4501 0.1000 2.4000
      vertex 35.9701 0.4601 2.4000
      vertex 35.9513 0.5247 2.4000
    endloop
  endfacet
  facet normal 0.000000 0.000000 1.000000
    outer loop
      vertex 35.9513 0.5247 0.0000
      vertex 35.9701 0.4601 0.0000
      vertex 36.4501 0.1000 0.0000
    endloop
  endfacet
  facet normal 0.000000 0.000000 -1.000000
    outer loop
      vertex 36.4501 0.1000 2.4000
      vertex 36.3859 0.1041 2.4000
      vertex 35.9701 0.4601 2.4000
    endloop
  endfacet
  facet normal 0.000000 0.000000 1.000000
    outer loop
      vertex 35.9701 0.4601 0.0000
      vertex 36.3859 0.1041 0.0000
      vertex 36.4501 0.1000 0.0000
    endloop
  endfacet
  facet normal 0.000000 0.000000 -1.000000
    outer loop
      vertex 36.3859 0.1041 2.4000
      vertex 36.2618 0.1368 2.4000
      vertex 35.9701 0.4601 2.4000
    endloop
  endfacet
  facet normal 0.000000 0.000000 1.000000
    outer loop
      vertex 35.9701 0.4601 0.0000
      vertex 36.2618 0.1368 0.0000
      vertex 36.3859 0.1041 0.0000
    endloop
  endfacet
  facet normal 0.000000 0.000000 -1.000000
    outer loop
      vertex 36.3859 0.1041 2.4000
      vertex 36.3228 0.1165 2.4000
      vertex 36.2618 0.1368 2.4000
    endloop
  endfacet
  facet normal 0.000000 0.000000 1.000000
    outer loop
      vertex 36.2618 0.1368 0.0000
      vertex 36.3228 0.1165 0.0000
      vertex 36.3859 0.1041 0.0000
    endloop
  endfacet
  facet normal 0.000000 0.000000 -1.000000
    outer loop
      vertex 36.2618 0.1368 2.4000
      vertex 36.1012 0.2419 2.4000
      vertex 35.9701 0.4601 2.4000
    endloop
  endfacet
  facet normal 0.000000 0.000000 1.000000
    outer loop
      vertex 35.9701 0.4601 0.0000
      vertex 36.1012 0.2419 0.0000
      vertex 36.2618 0.1368 0.0000
    endloop
  endfacet
  facet normal 0.000000 0.000000 -1.000000
    outer loop
      vertex 36.2618 0.1368 2.4000
      vertex 36.1501 0.2000 2.4000
      vertex 36.1012 0.2419 2.4000
    endloop
  endfacet
  facet normal 0.000000 0.000000 1.000000
    outer loop
      vertex 36.1012 0.2419 0.0000
      vertex 36.1501 0.2000 0.0000
      vertex 36.2618 0.1368 0.0000
    endloop
  endfacet
  facet normal 0.000000 0.000000 -1.000000
    outer loop
      vertex 36.2618 0.1368 2.4000
      vertex 36.2039 0.1648 2.4000
      vertex 36.1501 0.2000 2.4000
    endloop
  endfacet
  facet normal 0.000000 0.000000 1.000000
    outer loop
      vertex 36.1501 0.2000 0.0000
      vertex 36.2039 0.1648 0.0000
      vertex 36.2618 0.1368 0.0000
    endloop
  endfacet
  facet normal 0.000000 0.000000 -1.000000
    outer loop
      vertex 36.1012 0.2419 2.4000
      vertex 36.0581 0.2896 2.4000
      vertex 35.9701 0.4601 2.4000
    endloop
  endfacet
  facet normal 0.000000 0.000000 1.000000
    outer loop
      vertex 35.9701 0.4601 0.0000
      vertex 36.0581 0.2896 0.0000
      vertex 36.1012 0.2419 0.0000
    endloop
  endfacet
  facet normal 0.000000 0.000000 -1.000000
    outer loop
      vertex 36.0581 0.2896 2.4000
      vertex 35.9920 0.3997 2.4000
      vertex 35.9701 0.4601 2.4000
    endloop
  endfacet
  facet normal 0.000000 0.000000 1.000000
    outer loop
      vertex 35.9701 0.4601 0.0000
      vertex 35.9920 0.3997 0.0000
      vertex 36.0581 0.2896 0.0000
    endloop
  endfacet
  facet normal 0.000000 0.000000 -1.000000
    outer loop
      vertex 36.0581 0.2896 2.4000
      vertex 36.0215 0.3425 2.4000
      vertex 35.9920 0.3997 2.4000
    endloop
  endfacet
  facet normal 0.000000 0.000000 1.000000
    outer loop
      vertex 35.9920 0.3997 0.0000
      vertex 36.0215 0.3425 0.0000
      vertex 36.0581 0.2896 0.0000
    endloop
  endfacet
  facet normal 0.000000 0.000000 -1.000000
    outer loop
      vertex 35.0781 3.8084 2.4000
      vertex 35.0751 3.8207 2.4000
      vertex 38.6540 14.0345 2.4000
    endloop
  endfacet
  facet normal 0.000000 0.000000 1.000000
    outer loop
      vertex 38.6540 14.0345 0.0000
      vertex 35.0751 3.8207 0.0000
      vertex 35.0781 3.8084 0.0000
    endloop
  endfacet
  facet normal 0.000000 0.000000 -1.000000
    outer loop
      vertex 35.0751 3.8207 2.4000
      vertex 38.6441 14.0275 2.4000
      vertex 38.6540 14.0345 2.4000
    endloop
  endfacet
  facet normal 0.000000 0.000000 1.000000
    outer loop
      vertex 38.6540 14.0345 0.0000
      vertex 38.6441 14.0275 0.0000
      vertex 35.0751 3.8207 0.0000
    endloop
  endfacet
  facet normal 0.000000 0.000000 -1.000000
    outer loop
      vertex 35.0751 3.8207 2.4000
      vertex 34.5447 6.1173 2.4000
      vertex 38.6441 14.0275 2.4000
    endloop
  endfacet
  facet normal 0.000000 0.000000 1.000000
    outer loop
      vertex 38.6441 14.0275 0.0000
      vertex 34.5447 6.1173 0.0000
      vertex 35.0751 3.8207 0.0000
    endloop
  endfacet
  facet normal 0.000000 0.000000 -1.000000
    outer loop
      vertex 34.5447 6.1173 2.4000
      vertex 38.6335 14.0218 2.4000
      vertex 38.6441 14.0275 2.4000
    endloop
  endfacet
  facet normal 0.000000 0.000000 1.000000
    outer loop
      vertex 38.6441 14.0275 0.0000
      vertex 38.6335 14.0218 0.0000
      vertex 34.5447 6.1173 0.0000
    endloop
  endfacet
  facet normal 0.000000 0.000000 -1.000000
    outer loop
      vertex 34.5447 6.1173 2.4000
      vertex 34.5409 6.1354 2.4000
      vertex 38.6335 14.0218 2.4000
    endloop
  endfacet
  facet normal 0.000000 0.000000 1.000000
    outer loop
      vertex 38.6335 14.0218 0.0000
      vertex 34.5409 6.1354 0.0000
      vertex 34.5447 6.1173 0.0000
    endloop
  endfacet
  facet normal 0.000000 0.000000 -1.000000
    outer loop
      vertex 34.5409 6.1354 2.4000
      vertex 38.6170 14.0154 2.4000
      vertex 38.6335 14.0218 2.4000
    endloop
  endfacet
  facet normal 0.000000 0.000000 1.000000
    outer loop
      vertex 38.6335 14.0218 0.0000
      vertex 38.6170 14.0154 0.0000
      vertex 34.5409 6.1354 0.0000
    endloop
  endfacet
  facet normal 0.000000 0.000000 -1.000000
    outer loop
      vertex 34.5409 6.1354 2.4000
      vertex 38.6092 14.0132 2.4000
      vertex 38.6170 14.0154 2.4000
    endloop
  endfacet
  facet normal 0.000000 0.000000 1.000000
    outer loop
      vertex 38.6170 14.0154 0.0000
      vertex 38.6092 14.0132 0.0000
      vertex 34.5409 6.1354 0.0000
    endloop
  endfacet
  facet normal 0.000000 0.000000 -1.000000
    outer loop
      vertex 34.5409 6.1354 2.4000
      vertex 34.0765 8.5515 2.4000
      vertex 38.6092 14.0132 2.4000
    endloop
  endfacet
  facet normal 0.000000 0.000000 1.000000
    outer loop
      vertex 38.6092 14.0132 0.0000
      vertex 34.0765 8.5515 0.0000
      vertex 34.5409 6.1354 0.0000
    endloop
  endfacet
  facet normal 0.000000 0.000000 -1.000000
    outer loop
      vertex 34.0765 8.5515 2.4000
      vertex 37.4902 13.7290 2.4000
      vertex 38.6092 14.0132 2.4000
    endloop
  endfacet
  facet normal 0.000000 0.000000 1.000000
    outer loop
      vertex 38.6092 14.0132 0.0000
      vertex 37.4902 13.7290 0.0000
      vertex 34.0765 8.5515 0.0000
    endloop
  endfacet
  facet normal 0.000000 0.000000 -1.000000
    outer loop
      vertex 34.0765 8.5515 2.4000
      vertex 34.0718 8.5806 2.4000
      vertex 37.4902 13.7290 2.4000
    endloop
  endfacet
  facet normal 0.000000 0.000000 1.000000
    outer loop
      vertex 37.4902 13.7290 0.0000
      vertex 34.0718 8.5806 0.0000
      vertex 34.0765 8.5515 0.0000
    endloop
  endfacet
  facet normal 0.000000 0.000000 -1.000000
    outer loop
      vertex 34.0718 8.5806 2.4000
      vertex 37.4821 13.7272 2.4000
      vertex 37.4902 13.7290 2.4000
    endloop
  endfacet
  facet normal 0.000000 0.000000 1.000000
    outer loop
      vertex 37.4902 13.7290 0.0000
      vertex 37.4821 13.7272 0.0000
      vertex 34.0718 8.5806 0.0000
    endloop
  endfacet
  facet normal 0.000000 0.000000 -1.000000
    outer loop
      vertex 34.0718 8.5806 2.4000
      vertex 37.4641 13.7250 2.4000
      vertex 37.4821 13.7272 2.4000
    endloop
  endfacet
  facet normal 0.000000 0.000000 1.000000
    outer loop
      vertex 37.4821 13.7272 0.0000
      vertex 37.4641 13.7250 0.0000
      vertex 34.0718 8.5806 0.0000
    endloop
  endfacet
  facet normal 0.000000 0.000000 -1.000000
    outer loop
      vertex 34.0718 8.5806 2.4000
      vertex 37.4517 13.7250 2.4000
      vertex 37.4641 13.7250 2.4000
    endloop
  endfacet
  facet normal 0.000000 0.000000 1.000000
    outer loop
      vertex 37.4641 13.7250 0.0000
      vertex 37.4517 13.7250 0.0000
      vertex 34.0718 8.5806 0.0000
    endloop
  endfacet
  facet normal 0.000000 0.000000 -1.000000
    outer loop
      vertex 34.0718 8.5806 2.4000
      vertex 33.7705 10.8677 2.4000
      vertex 37.4517 13.7250 2.4000
    endloop
  endfacet
  facet normal 0.000000 0.000000 1.000000
    outer loop
      vertex 37.4517 13.7250 0.0000
      vertex 33.7705 10.8677 0.0000
      vertex 34.0718 8.5806 0.0000
    endloop
  endfacet
  facet normal 0.000000 0.000000 -1.000000
    outer loop
      vertex 33.7705 10.8677 2.4000
      vertex 37.4394 13.7265 2.4000
      vertex 37.4517 13.7250 2.4000
    endloop
  endfacet
  facet normal 0.000000 0.000000 1.000000
    outer loop
      vertex 37.4517 13.7250 0.0000
      vertex 37.4394 13.7265 0.0000
      vertex 33.7705 10.8677 0.0000
    endloop
  endfacet
  facet normal 0.000000 0.000000 -1.000000
    outer loop
      vertex 33.7705 10.8677 2.4000
      vertex 37.4218 13.7311 2.4000
      vertex 37.4394 13.7265 2.4000
    endloop
  endfacet
  facet normal 0.000000 0.000000 1.000000
    outer loop
      vertex 37.4394 13.7265 0.0000
      vertex 37.4218 13.7311 0.0000
      vertex 33.7705 10.8677 0.0000
    endloop
  endfacet
  facet normal 0.000000 0.000000 -1.000000
    outer loop
      vertex 33.7705 10.8677 2.4000
      vertex 33.7664 10.9208 2.4000
      vertex 37.4218 13.7311 2.4000
    endloop
  endfacet
  facet normal 0.000000 0.000000 1.000000
    outer loop
      vertex 37.4218 13.7311 0.0000
      vertex 33.7664 10.9208 0.0000
      vertex 33.7705 10.8677 0.0000
    endloop
  endfacet
  facet normal 0.000000 0.000000 -1.000000
    outer loop
      vertex 33.7664 10.9208 2.4000
      vertex 37.4140 13.7339 2.4000
      vertex 37.4218 13.7311 2.4000
    endloop
  endfacet
  facet normal 0.000000 0.000000 1.000000
    outer loop
      vertex 37.4218 13.7311 0.0000
      vertex 37.4140 13.7339 0.0000
      vertex 33.7664 10.9208 0.0000
    endloop
  endfacet
  facet normal 0.000000 0.000000 -1.000000
    outer loop
      vertex 33.7664 10.9208 2.4000
      vertex 33.7203 12.8074 2.4000
      vertex 37.4140 13.7339 2.4000
    endloop
  endfacet
  facet normal 0.000000 0.000000 1.000000
    outer loop
      vertex 37.4140 13.7339 0.0000
      vertex 33.7203 12.8074 0.0000
      vertex 33.7664 10.9208 0.0000
    endloop
  endfacet
  facet normal 0.000000 0.000000 -1.000000
    outer loop
      vertex 33.7203 12.8074 2.4000
      vertex 35.9720 14.3036 2.4000
      vertex 37.4140 13.7339 2.4000
    endloop
  endfacet
  facet normal 0.000000 0.000000 1.000000
    outer loop
      vertex 37.4140 13.7339 0.0000
      vertex 35.9720 14.3036 0.0000
      vertex 33.7203 12.8074 0.0000
    endloop
  endfacet
  facet normal 0.000000 0.000000 -1.000000
    outer loop
      vertex 33.7203 12.8074 2.4000
      vertex 33.7317 12.9264 2.4000
      vertex 35.9720 14.3036 2.4000
    endloop
  endfacet
  facet normal 0.000000 0.000000 1.000000
    outer loop
      vertex 35.9720 14.3036 0.0000
      vertex 33.7317 12.9264 0.0000
      vertex 33.7203 12.8074 0.0000
    endloop
  endfacet
  facet normal 0.000000 0.000000 -1.000000
    outer loop
      vertex 33.7203 12.8074 2.4000
      vertex 33.7225 12.8673 2.4000
      vertex 33.7317 12.9264 2.4000
    endloop
  endfacet
  facet normal 0.000000 0.000000 1.000000
    outer loop
      vertex 33.7317 12.9264 0.0000
      vertex 33.7225 12.8673 0.0000
      vertex 33.7203 12.8074 0.0000
    endloop
  endfacet
  facet normal 0.000000 0.000000 -1.000000
    outer loop
      vertex 33.7203 23.1926 2.4000
      vertex 33.7317 23.0736 2.4000
      vertex 33.7225 23.1327 2.4000
    endloop
  endfacet
  facet normal -0.000000 -0.000000 1.000000
    outer loop
      vertex 33.7225 23.1327 0.0000
      vertex 33.7317 23.0736 0.0000
      vertex 33.7203 23.1926 0.0000
    endloop
  endfacet
  facet normal 0.000000 0.000000 -1.000000
    outer loop
      vertex 33.7203 23.1926 2.4000
      vertex 35.9720 21.6964 2.4000
      vertex 33.7317 23.0736 2.4000
    endloop
  endfacet
  facet normal -0.000000 -0.000000 1.000000
    outer loop
      vertex 33.7317 23.0736 0.0000
      vertex 35.9720 21.6964 0.0000
      vertex 33.7203 23.1926 0.0000
    endloop
  endfacet
  facet normal 0.000000 0.000000 -1.000000
    outer loop
      vertex 33.7203 23.1926 2.4000
      vertex 37.4140 22.2661 2.4000
      vertex 35.9720 21.6964 2.4000
    endloop
  endfacet
  facet normal 0.000000 -0.000000 1.000000
    outer loop
      vertex 35.9720 21.6964 0.0000
      vertex 37.4140 22.2661 0.0000
      vertex 33.7203 23.1926 0.0000
    endloop
  endfacet
  facet normal 0.000000 0.000000 -1.000000
    outer loop
      vertex 33.7203 23.1926 2.4000
      vertex 33.7664 25.0792 2.4000
      vertex 37.4140 22.2661 2.4000
    endloop
  endfacet
  facet normal 0.000000 0.000000 1.000000
    outer loop
      vertex 37.4140 22.2661 0.0000
      vertex 33.7664 25.0792 0.0000
      vertex 33.7203 23.1926 0.0000
    endloop
  endfacet
  facet normal 0.000000 0.000000 -1.000000
    outer loop
      vertex 33.7664 25.0792 2.4000
      vertex 37.4218 22.2689 2.4000
      vertex 37.4140 22.2661 2.4000
    endloop
  endfacet
  facet normal 0.000000 -0.000000 1.000000
    outer loop
      vertex 37.4140 22.2661 0.0000
      vertex 37.4218 22.2689 0.0000
      vertex 33.7664 25.0792 0.0000
    endloop
  endfacet
  facet normal 0.000000 0.000000 -1.000000
    outer loop
      vertex 33.7664 25.0792 2.4000
      vertex 33.7705 25.1323 2.4000
      vertex 37.4218 22.2689 2.4000
    endloop
  endfacet
  facet normal 0.000000 0.000000 1.000000
    outer loop
      vertex 37.4218 22.2689 0.0000
      vertex 33.7705 25.1323 0.0000
      vertex 33.7664 25.0792 0.0000
    endloop
  endfacet
  facet normal 0.000000 0.000000 -1.000000
    outer loop
      vertex 33.7705 25.1323 2.4000
      vertex 37.4394 22.2735 2.4000
      vertex 37.4218 22.2689 2.4000
    endloop
  endfacet
  facet normal 0.000000 -0.000000 1.000000
    outer loop
      vertex 37.4218 22.2689 0.0000
      vertex 37.4394 22.2735 0.0000
      vertex 33.7705 25.1323 0.0000
    endloop
  endfacet
  facet normal 0.000000 0.000000 -1.000000
    outer loop
      vertex 33.7705 25.1323 2.4000
      vertex 37.4517 22.2750 2.4000
      vertex 37.4394 22.2735 2.4000
    endloop
  endfacet
  facet normal 0.000000 -0.000000 1.000000
    outer loop
      vertex 37.4394 22.2735 0.0000
      vertex 37.4517 22.2750 0.0000
      vertex 33.7705 25.1323 0.0000
    endloop
  endfacet
  facet normal 0.000000 0.000000 -1.000000
    outer loop
      vertex 33.7705 25.1323 2.4000
      vertex 34.0718 27.4194 2.4000
      vertex 37.4517 22.2750 2.4000
    endloop
  endfacet
  facet normal 0.000000 0.000000 1.000000
    outer loop
      vertex 37.4517 22.2750 0.0000
      vertex 34.0718 27.4194 0.0000
      vertex 33.7705 25.1323 0.0000
    endloop
  endfacet
  facet normal 0.000000 0.000000 -1.000000
    outer loop
      vertex 34.0718 27.4194 2.4000
      vertex 37.4641 22.2750 2.4000
      vertex 37.4517 22.2750 2.4000
    endloop
  endfacet
  facet normal 0.000000 -0.000000 1.000000
    outer loop
      vertex 37.4517 22.2750 0.0000
      vertex 37.4641 22.2750 0.0000
      vertex 34.0718 27.4194 0.0000
    endloop
  endfacet
  facet normal 0.000000 0.000000 -1.000000
    outer loop
      vertex 34.0718 27.4194 2.4000
      vertex 37.4821 22.2728 2.4000
      vertex 37.4641 22.2750 2.4000
    endloop
  endfacet
  facet normal -0.000000 -0.000000 1.000000
    outer loop
      vertex 37.4641 22.2750 0.0000
      vertex 37.4821 22.2728 0.0000
      vertex 34.0718 27.4194 0.0000
    endloop
  endfacet
  facet normal 0.000000 0.000000 -1.000000
    outer loop
      vertex 34.0718 27.4194 2.4000
      vertex 37.4902 22.2710 2.4000
      vertex 37.4821 22.2728 2.4000
    endloop
  endfacet
  facet normal -0.000000 -0.000000 1.000000
    outer loop
      vertex 37.4821 22.2728 0.0000
      vertex 37.4902 22.2710 0.0000
      vertex 34.0718 27.4194 0.0000
    endloop
  endfacet
  facet normal 0.000000 0.000000 -1.000000
    outer loop
      vertex 34.0718 27.4194 2.4000
      vertex 34.0765 27.4485 2.4000
      vertex 37.4902 22.2710 2.4000
    endloop
  endfacet
  facet normal 0.000000 0.000000 1.000000
    outer loop
      vertex 37.4902 22.2710 0.0000
      vertex 34.0765 27.4485 0.0000
      vertex 34.0718 27.4194 0.0000
    endloop
  endfacet
  facet normal 0.000000 0.000000 -1.000000
    outer loop
      vertex 34.0765 27.4485 2.4000
      vertex 38.6092 21.9868 2.4000
      vertex 37.4902 22.2710 2.4000
    endloop
  endfacet
  facet normal -0.000000 -0.000000 1.000000
    outer loop
      vertex 37.4902 22.2710 0.0000
      vertex 38.6092 21.9868 0.0000
      vertex 34.0765 27.4485 0.0000
    endloop
  endfacet
  facet normal 0.000000 0.000000 -1.000000
    outer loop
      vertex 34.0765 27.4485 2.4000
      vertex 34.5409 29.8646 2.4000
      vertex 38.6092 21.9868 2.4000
    endloop
  endfacet
  facet normal 0.000000 0.000000 1.000000
    outer loop
      vertex 38.6092 21.9868 0.0000
      vertex 34.5409 29.8646 0.0000
      vertex 34.0765 27.4485 0.0000
    endloop
  endfacet
  facet normal 0.000000 0.000000 -1.000000
    outer loop
      vertex 34.5409 29.8646 2.4000
      vertex 38.6170 21.9846 2.4000
      vertex 38.6092 21.9868 2.4000
    endloop
  endfacet
  facet normal -0.000000 -0.000000 1.000000
    outer loop
      vertex 38.6092 21.9868 0.0000
      vertex 38.6170 21.9846 0.0000
      vertex 34.5409 29.8646 0.0000
    endloop
  endfacet
  facet normal 0.000000 0.000000 -1.000000
    outer loop
      vertex 34.5409 29.8646 2.4000
      vertex 38.6335 21.9782 2.4000
      vertex 38.6170 21.9846 2.4000
    endloop
  endfacet
  facet normal -0.000000 -0.000000 1.000000
    outer loop
      vertex 38.6170 21.9846 0.0000
      vertex 38.6335 21.9782 0.0000
      vertex 34.5409 29.8646 0.0000
    endloop
  endfacet
  facet normal 0.000000 0.000000 -1.000000
    outer loop
      vertex 34.5409 29.8646 2.4000
      vertex 34.5447 29.8827 2.4000
      vertex 38.6335 21.9782 2.4000
    endloop
  endfacet
  facet normal 0.000000 0.000000 1.000000
    outer loop
      vertex 38.6335 21.9782 0.0000
      vertex 34.5447 29.8827 0.0000
      vertex 34.5409 29.8646 0.0000
    endloop
  endfacet
  facet normal 0.000000 0.000000 -1.000000
    outer loop
      vertex 34.5447 29.8827 2.4000
      vertex 38.6441 21.9725 2.4000
      vertex 38.6335 21.9782 2.4000
    endloop
  endfacet
  facet normal -0.000000 -0.000000 1.000000
    outer loop
      vertex 38.6335 21.9782 0.0000
      vertex 38.6441 21.9725 0.0000
      vertex 34.5447 29.8827 0.0000
    endloop
  endfacet
  facet normal 0.000000 0.000000 -1.000000
    outer loop
      vertex 38.6441 21.9725 2.4000
      vertex 50.0275 33.3559 2.4000
      vertex 38.6540 21.9655 2.4000
    endloop
  endfacet
  facet normal 0.000000 -0.000000 1.000000
    outer loop
      vertex 38.6540 21.9655 0.0000
      vertex 50.0275 33.3559 0.0000
      vertex 38.6441 21.9725 0.0000
    endloop
  endfacet
  facet normal 0.000000 -0.000000 -1.000000
    outer loop
      vertex 50.0275 33.3559 2.4000
      vertex 50.0345 33.3460 2.4000
      vertex 38.6540 21.9655 2.4000
    endloop
  endfacet
  facet normal 0.000000 0.000000 1.000000
    outer loop
      vertex 38.6540 21.9655 0.0000
      vertex 50.0345 33.3460 0.0000
      vertex 50.0275 33.3559 0.0000
    endloop
  endfacet
  facet normal 0.000000 0.000000 -1.000000
    outer loop
      vertex 50.3036 36.0280 2.4000
      vertex 48.9264 38.2683 2.4000
      vertex 50.3091 36.0426 2.4000
    endloop
  endfacet
  facet normal 0.000000 0.000000 1.000000
    outer loop
      vertex 50.3091 36.0426 0.0000
      vertex 48.9264 38.2683 0.0000
      vertex 50.3036 36.0280 0.0000
    endloop
  endfacet
  facet normal 0.000000 0.000000 -1.000000
    outer loop
      vertex 48.9264 38.2683 2.4000
      vertex 50.0498 38.0226 2.4000
      vertex 50.3091 36.0426 2.4000
    endloop
  endfacet
  facet normal 0.000000 0.000000 1.000000
    outer loop
      vertex 50.3091 36.0426 0.0000
      vertex 50.0498 38.0226 0.0000
      vertex 48.9264 38.2683 0.0000
    endloop
  endfacet
  facet normal 0.000000 0.000000 -1.000000
    outer loop
      vertex 59.0736 38.2683 2.4000
      vertex 57.6909 36.0426 2.4000
      vertex 57.9502 38.0226 2.4000
    endloop
  endfacet
  facet normal -0.000000 0.000000 1.000000
    outer loop
      vertex 57.9502 38.0226 0.0000
      vertex 57.6909 36.0426 0.0000
      vertex 59.0736 38.2683 0.0000
    endloop
  endfacet
  facet normal 0.000000 0.000000 -1.000000
    outer loop
      vertex 59.0736 38.2683 2.4000
      vertex 57.6964 36.0280 2.4000
      vertex 57.6909 36.0426 2.4000
    endloop
  endfacet
  facet normal -0.000000 0.000000 1.000000
    outer loop
      vertex 57.6909 36.0426 0.0000
      vertex 57.6964 36.0280 0.0000
      vertex 59.0736 38.2683 0.0000
    endloop
  endfacet
  facet normal 0.000000 -0.000000 -1.000000
    outer loop
      vertex 57.0169 32.5223 2.4000
      vertex 71.9000 0.6000 2.4000
      vertex 57.0019 32.5123 2.4000
    endloop
  endfacet
  facet normal -0.000000 0.000000 1.000000
    outer loop
      vertex 57.0019 32.5123 0.0000
      vertex 71.9000 0.6000 0.0000
      vertex 57.0169 32.5223 0.0000
    endloop
  endfacet
  facet normal 0.000000 0.000000 -1.000000
    outer loop
      vertex 71.9000 0.6000 2.4000
      vertex 56.9859 32.5042 2.4000
      vertex 57.0019 32.5123 2.4000
    endloop
  endfacet
  facet normal 0.000000 0.000000 1.000000
    outer loop
      vertex 57.0019 32.5123 0.0000
      vertex 56.9859 32.5042 0.0000
      vertex 71.9000 0.6000 0.0000
    endloop
  endfacet
  facet normal 0.000000 0.000000 -1.000000
    outer loop
      vertex 71.9000 0.6000 2.4000
      vertex 56.9782 32.5012 2.4000
      vertex 56.9859 32.5042 2.4000
    endloop
  endfacet
  facet normal 0.000000 0.000000 1.000000
    outer loop
      vertex 56.9859 32.5042 0.0000
      vertex 56.9782 32.5012 0.0000
      vertex 71.9000 0.6000 0.0000
    endloop
  endfacet
  facet normal 0.000000 0.000000 -1.000000
    outer loop
      vertex 71.9000 0.6000 2.4000
      vertex 55.6245 32.0203 2.4000
      vertex 56.9782 32.5012 2.4000
    endloop
  endfacet
  facet normal 0.000000 0.000000 1.000000
    outer loop
      vertex 56.9782 32.5012 0.0000
      vertex 55.6245 32.0203 0.0000
      vertex 71.9000 0.6000 0.0000
    endloop
  endfacet
  facet normal 0.000000 0.000000 -1.000000
    outer loop
      vertex 71.9000 0.6000 2.4000
      vertex 55.6169 32.0178 2.4000
      vertex 55.6245 32.0203 2.4000
    endloop
  endfacet
  facet normal 0.000000 0.000000 1.000000
    outer loop
      vertex 55.6245 32.0203 0.0000
      vertex 55.6169 32.0178 0.0000
      vertex 71.9000 0.6000 0.0000
    endloop
  endfacet
  facet normal 0.000000 0.000000 -1.000000
    outer loop
      vertex 71.9000 0.6000 2.4000
      vertex 55.5946 32.0128 2.4000
      vertex 55.6169 32.0178 2.4000
    endloop
  endfacet
  facet normal 0.000000 0.000000 1.000000
    outer loop
      vertex 55.6169 32.0178 0.0000
      vertex 55.5946 32.0128 0.0000
      vertex 71.9000 0.6000 0.0000
    endloop
  endfacet
  facet normal 0.000000 0.000000 -1.000000
    outer loop
      vertex 71.9000 0.6000 2.4000
      vertex 39.9872 16.4054 2.4000
      vertex 55.5946 32.0128 2.4000
    endloop
  endfacet
  facet normal 0.000000 0.000000 1.000000
    outer loop
      vertex 55.5946 32.0128 0.0000
      vertex 39.9872 16.4054 0.0000
      vertex 71.9000 0.6000 0.0000
    endloop
  endfacet
  facet normal 0.000000 0.000000 -1.000000
    outer loop
      vertex 39.9872 16.4054 2.4000
      vertex 55.5867 32.0118 2.4000
      vertex 55.5946 32.0128 2.4000
    endloop
  endfacet
  facet normal 0.000000 0.000000 1.000000
    outer loop
      vertex 55.5946 32.0128 0.0000
      vertex 55.5867 32.0118 0.0000
      vertex 39.9872 16.4054 0.0000
    endloop
  endfacet
  facet normal 0.000000 0.000000 -1.000000
    outer loop
      vertex 39.9872 16.4054 2.4000
      vertex 39.9882 16.4133 2.4000
      vertex 55.5867 32.0118 2.4000
    endloop
  endfacet
  facet normal 0.000000 0.000000 1.000000
    outer loop
      vertex 55.5867 32.0118 0.0000
      vertex 39.9882 16.4133 0.0000
      vertex 39.9872 16.4054 0.0000
    endloop
  endfacet
  facet normal -0.000000 0.000000 -1.000000
    outer loop
      vertex 35.9720 14.3036 2.4000
      vertex 33.7317 12.9264 2.4000
      vertex 35.9574 14.3091 2.4000
    endloop
  endfacet
  facet normal 0.000000 0.000000 1.000000
    outer loop
      vertex 35.9574 14.3091 0.0000
      vertex 33.7317 12.9264 0.0000
      vertex 35.9720 14.3036 0.0000
    endloop
  endfacet
  facet normal 0.000000 0.000000 -1.000000
    outer loop
      vertex 33.7317 12.9264 2.4000
      vertex 33.9774 14.0498 2.4000
      vertex 35.9574 14.3091 2.4000
    endloop
  endfacet
  facet normal 0.000000 0.000000 1.000000
    outer loop
      vertex 35.9574 14.3091 0.0000
      vertex 33.9774 14.0498 0.0000
      vertex 33.7317 12.9264 0.0000
    endloop
  endfacet
  facet normal 0.000000 0.000000 -1.000000
    outer loop
      vertex 33.7317 23.0736 2.4000
      vertex 35.9574 21.6909 2.4000
      vertex 33.9774 21.9502 2.4000
    endloop
  endfacet
  facet normal -0.000000 -0.000000 1.000000
    outer loop
      vertex 33.9774 21.9502 0.0000
      vertex 35.9574 21.6909 0.0000
      vertex 33.7317 23.0736 0.0000
    endloop
  endfacet
  facet normal 0.000000 0.000000 -1.000000
    outer loop
      vertex 33.7317 23.0736 2.4000
      vertex 35.9720 21.6964 2.4000
      vertex 35.9574 21.6909 2.4000
    endloop
  endfacet
  facet normal 0.000000 -0.000000 1.000000
    outer loop
      vertex 35.9574 21.6909 0.0000
      vertex 35.9720 21.6964 0.0000
      vertex 33.7317 23.0736 0.0000
    endloop
  endfacet
  facet normal 0.000000 0.000000 -1.000000
    outer loop
      vertex 38.6540 21.9655 2.4000
      vertex 50.0464 33.3329 2.4000
      vertex 38.6671 21.9536 2.4000
    endloop
  endfacet
  facet normal 0.000000 -0.000000 1.000000
    outer loop
      vertex 38.6671 21.9536 0.0000
      vertex 50.0464 33.3329 0.0000
      vertex 38.6540 21.9655 0.0000
    endloop
  endfacet
  facet normal 0.000000 0.000000 -1.000000
    outer loop
      vertex 38.6540 21.9655 2.4000
      vertex 50.0345 33.3460 2.4000
      vertex 50.0464 33.3329 2.4000
    endloop
  endfacet
  facet normal 0.000000 0.000000 1.000000
    outer loop
      vertex 50.0464 33.3329 0.0000
      vertex 50.0345 33.3460 0.0000
      vertex 38.6540 21.9655 0.0000
    endloop
  endfacet
  facet normal 0.000000 0.000000 -1.000000
    outer loop
      vertex 50.0464 33.3329 2.4000
      vertex 38.6726 21.9477 2.4000
      vertex 38.6671 21.9536 2.4000
    endloop
  endfacet
  facet normal -0.000000 0.000000 1.000000
    outer loop
      vertex 38.6671 21.9536 0.0000
      vertex 38.6726 21.9477 0.0000
      vertex 50.0464 33.3329 0.0000
    endloop
  endfacet
  facet normal 0.000000 -0.000000 -1.000000
    outer loop
      vertex 50.0464 33.3329 2.4000
      vertex 50.0523 33.3274 2.4000
      vertex 38.6726 21.9477 2.4000
    endloop
  endfacet
  facet normal 0.000000 0.000000 1.000000
    outer loop
      vertex 38.6726 21.9477 0.0000
      vertex 50.0523 33.3274 0.0000
      vertex 50.0464 33.3329 0.0000
    endloop
  endfacet
  facet normal 0.000000 -0.000000 -1.000000
    outer loop
      vertex 50.0523 33.3274 2.4000
      vertex 50.9767 32.5275 2.4000
      vertex 38.6726 21.9477 2.4000
    endloop
  endfacet
  facet normal 0.000000 0.000000 1.000000
    outer loop
      vertex 38.6726 21.9477 0.0000
      vertex 50.9767 32.5275 0.0000
      vertex 50.0523 33.3274 0.0000
    endloop
  endfacet
  facet normal 0.000000 0.000000 -1.000000
    outer loop
      vertex 50.9767 32.5275 2.4000
      vertex 39.4725 21.0233 2.4000
      vertex 38.6726 21.9477 2.4000
    endloop
  endfacet
  facet normal -0.000000 0.000000 1.000000
    outer loop
      vertex 38.6726 21.9477 0.0000
      vertex 39.4725 21.0233 0.0000
      vertex 50.9767 32.5275 0.0000
    endloop
  endfacet
  facet normal 0.000000 -0.000000 -1.000000
    outer loop
      vertex 50.9767 32.5275 2.4000
      vertex 50.9831 32.5223 2.4000
      vertex 39.4725 21.0233 2.4000
    endloop
  endfacet
  facet normal 0.000000 0.000000 1.000000
    outer loop
      vertex 39.4725 21.0233 0.0000
      vertex 50.9831 32.5223 0.0000
      vertex 50.9767 32.5275 0.0000
    endloop
  endfacet
  facet normal -0.000000 0.000000 -1.000000
    outer loop
      vertex 51.0218 32.5012 2.4000
      vertex 39.4988 20.9782 2.4000
      vertex 51.0141 32.5042 2.4000
    endloop
  endfacet
  facet normal 0.000000 0.000000 1.000000
    outer loop
      vertex 51.0141 32.5042 0.0000
      vertex 39.4988 20.9782 0.0000
      vertex 51.0218 32.5012 0.0000
    endloop
  endfacet
  facet normal 0.000000 0.000000 -1.000000
    outer loop
      vertex 51.0218 32.5012 2.4000
      vertex 39.9797 19.6245 2.4000
      vertex 39.4988 20.9782 2.4000
    endloop
  endfacet
  facet normal -0.000000 0.000000 1.000000
    outer loop
      vertex 39.4988 20.9782 0.0000
      vertex 39.9797 19.6245 0.0000
      vertex 51.0218 32.5012 0.0000
    endloop
  endfacet
  facet normal 0.000000 -0.000000 -1.000000
    outer loop
      vertex 51.0218 32.5012 2.4000
      vertex 52.3755 32.0203 2.4000
      vertex 39.9797 19.6245 2.4000
    endloop
  endfacet
  facet normal 0.000000 0.000000 1.000000
    outer loop
      vertex 39.9797 19.6245 0.0000
      vertex 52.3755 32.0203 0.0000
      vertex 51.0218 32.5012 0.0000
    endloop
  endfacet
  facet normal 0.000000 0.000000 -1.000000
    outer loop
      vertex 52.3755 32.0203 2.4000
      vertex 39.9822 19.6169 2.4000
      vertex 39.9797 19.6245 2.4000
    endloop
  endfacet
  facet normal -0.000000 0.000000 1.000000
    outer loop
      vertex 39.9797 19.6245 0.0000
      vertex 39.9822 19.6169 0.0000
      vertex 52.3755 32.0203 0.0000
    endloop
  endfacet
  facet normal 0.000000 -0.000000 -1.000000
    outer loop
      vertex 52.3755 32.0203 2.4000
      vertex 52.3831 32.0178 2.4000
      vertex 39.9822 19.6169 2.4000
    endloop
  endfacet
  facet normal 0.000000 0.000000 1.000000
    outer loop
      vertex 39.9822 19.6169 0.0000
      vertex 52.3831 32.0178 0.0000
      vertex 52.3755 32.0203 0.0000
    endloop
  endfacet
  facet normal -0.000000 0.000000 -1.000000
    outer loop
      vertex 52.4133 32.0118 2.4000
      vertex 39.9872 19.5946 2.4000
      vertex 52.4054 32.0128 2.4000
    endloop
  endfacet
  facet normal 0.000000 0.000000 1.000000
    outer loop
      vertex 52.4054 32.0128 0.0000
      vertex 39.9872 19.5946 0.0000
      vertex 52.4133 32.0118 0.0000
    endloop
  endfacet
  facet normal 0.000000 0.000000 -1.000000
    outer loop
      vertex 52.4133 32.0118 2.4000
      vertex 39.9882 19.5867 2.4000
      vertex 39.9872 19.5946 2.4000
    endloop
  endfacet
  facet normal -0.000000 0.000000 1.000000
    outer loop
      vertex 39.9872 19.5946 0.0000
      vertex 39.9882 19.5867 0.0000
      vertex 52.4133 32.0118 0.0000
    endloop
  endfacet
  facet normal 0.000000 -0.000000 -1.000000
    outer loop
      vertex 52.4133 32.0118 2.4000
      vertex 53.9835 31.8512 2.4000
      vertex 39.9882 19.5867 2.4000
    endloop
  endfacet
  facet normal 0.000000 0.000000 1.000000
    outer loop
      vertex 39.9882 19.5867 0.0000
      vertex 53.9835 31.8512 0.0000
      vertex 52.4133 32.0118 0.0000
    endloop
  endfacet
  facet normal 0.000000 0.000000 -1.000000
    outer loop
      vertex 50.3091 36.0426 2.4000
      vertex 50.0498 38.0226 2.4000
      vertex 50.6664 37.0370 2.4000
    endloop
  endfacet
  facet normal 0.000000 0.000000 1.000000
    outer loop
      vertex 50.6664 37.0370 0.0000
      vertex 50.0498 38.0226 0.0000
      vertex 50.3091 36.0426 0.0000
    endloop
  endfacet
  facet normal 0.000000 0.000000 -1.000000
    outer loop
      vertex 50.0498 38.0226 2.4000
      vertex 50.3391 37.8394 2.4000
      vertex 50.6664 37.0370 2.4000
    endloop
  endfacet
  facet normal 0.000000 0.000000 1.000000
    outer loop
      vertex 50.6664 37.0370 0.0000
      vertex 50.3391 37.8394 0.0000
      vertex 50.0498 38.0226 0.0000
    endloop
  endfacet
  facet normal 0.000000 0.000000 -1.000000
    outer loop
      vertex 50.0498 38.0226 2.4000
      vertex 50.2395 37.9368 2.4000
      vertex 50.3391 37.8394 2.4000
    endloop
  endfacet
  facet normal 0.000000 0.000000 1.000000
    outer loop
      vertex 50.3391 37.8394 0.0000
      vertex 50.2395 37.9368 0.0000
      vertex 50.0498 38.0226 0.0000
    endloop
  endfacet
  facet normal 0.000000 0.000000 -1.000000
    outer loop
      vertex 50.0498 38.0226 2.4000
      vertex 50.1169 38.0030 2.4000
      vertex 50.2395 37.9368 2.4000
    endloop
  endfacet
  facet normal 0.000000 0.000000 1.000000
    outer loop
      vertex 50.2395 37.9368 0.0000
      vertex 50.1169 38.0030 0.0000
      vertex 50.0498 38.0226 0.0000
    endloop
  endfacet
  facet normal 0.000000 0.000000 -1.000000
    outer loop
      vertex 57.9502 38.0226 2.4000
      vertex 57.6609 37.8394 2.4000
      vertex 57.8831 38.0030 2.4000
    endloop
  endfacet
  facet normal -0.000000 0.000000 1.000000
    outer loop
      vertex 57.8831 38.0030 0.0000
      vertex 57.6609 37.8394 0.0000
      vertex 57.9502 38.0226 0.0000
    endloop
  endfacet
  facet normal 0.000000 0.000000 -1.000000
    outer loop
      vertex 57.9502 38.0226 2.4000
      vertex 57.3336 37.0370 2.4000
      vertex 57.6609 37.8394 2.4000
    endloop
  endfacet
  facet normal -0.000000 0.000000 1.000000
    outer loop
      vertex 57.6609 37.8394 0.0000
      vertex 57.3336 37.0370 0.0000
      vertex 57.9502 38.0226 0.0000
    endloop
  endfacet
  facet normal 0.000000 0.000000 -1.000000
    outer loop
      vertex 57.9502 38.0226 2.4000
      vertex 57.6909 36.0426 2.4000
      vertex 57.3336 37.0370 2.4000
    endloop
  endfacet
  facet normal -0.000000 0.000000 1.000000
    outer loop
      vertex 57.3336 37.0370 0.0000
      vertex 57.6909 36.0426 0.0000
      vertex 57.9502 38.0226 0.0000
    endloop
  endfacet
  facet normal 0.000000 0.000000 -1.000000
    outer loop
      vertex 55.5867 32.0118 2.4000
      vertex 39.9882 16.4133 2.4000
      vertex 54.0165 31.8512 2.4000
    endloop
  endfacet
  facet normal -0.000000 0.000000 1.000000
    outer loop
      vertex 54.0165 31.8512 0.0000
      vertex 39.9882 16.4133 0.0000
      vertex 55.5867 32.0118 0.0000
    endloop
  endfacet
  facet normal 0.000000 0.000000 -1.000000
    outer loop
      vertex 39.9882 16.4133 2.4000
      vertex 40.1488 17.9835 2.4000
      vertex 54.0165 31.8512 2.4000
    endloop
  endfacet
  facet normal 0.000000 0.000000 1.000000
    outer loop
      vertex 54.0165 31.8512 0.0000
      vertex 40.1488 17.9835 0.0000
      vertex 39.9882 16.4133 0.0000
    endloop
  endfacet
  facet normal -0.000000 0.000000 -1.000000
    outer loop
      vertex 35.9574 14.3091 2.4000
      vertex 33.9774 14.0498 2.4000
      vertex 34.9630 14.6664 2.4000
    endloop
  endfacet
  facet normal 0.000000 0.000000 1.000000
    outer loop
      vertex 34.9630 14.6664 0.0000
      vertex 33.9774 14.0498 0.0000
      vertex 35.9574 14.3091 0.0000
    endloop
  endfacet
  facet normal 0.000000 0.000000 -1.000000
    outer loop
      vertex 33.9774 14.0498 2.4000
      vertex 34.1606 14.3391 2.4000
      vertex 34.9630 14.6664 2.4000
    endloop
  endfacet
  facet normal 0.000000 0.000000 1.000000
    outer loop
      vertex 34.9630 14.6664 0.0000
      vertex 34.1606 14.3391 0.0000
      vertex 33.9774 14.0498 0.0000
    endloop
  endfacet
  facet normal 0.000000 0.000000 -1.000000
    outer loop
      vertex 33.9774 14.0498 2.4000
      vertex 34.1084 14.2927 2.4000
      vertex 34.1606 14.3391 2.4000
    endloop
  endfacet
  facet normal 0.000000 0.000000 1.000000
    outer loop
      vertex 34.1606 14.3391 0.0000
      vertex 34.1084 14.2927 0.0000
      vertex 33.9774 14.0498 0.0000
    endloop
  endfacet
  facet normal 0.000000 0.000000 -1.000000
    outer loop
      vertex 33.9774 14.0498 2.4000
      vertex 33.9970 14.1169 2.4000
      vertex 34.1084 14.2927 2.4000
    endloop
  endfacet
  facet normal 0.000000 0.000000 1.000000
    outer loop
      vertex 34.1084 14.2927 0.0000
      vertex 33.9970 14.1169 0.0000
      vertex 33.9774 14.0498 0.0000
    endloop
  endfacet
  facet normal 0.000000 0.000000 -1.000000
    outer loop
      vertex 33.9774 21.9502 2.4000
      vertex 34.1606 21.6609 2.4000
      vertex 33.9970 21.8831 2.4000
    endloop
  endfacet
  facet normal -0.000000 -0.000000 1.000000
    outer loop
      vertex 33.9970 21.8831 0.0000
      vertex 34.1606 21.6609 0.0000
      vertex 33.9774 21.9502 0.0000
    endloop
  endfacet
  facet normal 0.000000 0.000000 -1.000000
    outer loop
      vertex 33.9774 21.9502 2.4000
      vertex 34.9630 21.3336 2.4000
      vertex 34.1606 21.6609 2.4000
    endloop
  endfacet
  facet normal -0.000000 -0.000000 1.000000
    outer loop
      vertex 34.1606 21.6609 0.0000
      vertex 34.9630 21.3336 0.0000
      vertex 33.9774 21.9502 0.0000
    endloop
  endfacet
  facet normal 0.000000 0.000000 -1.000000
    outer loop
      vertex 33.9774 21.9502 2.4000
      vertex 35.9574 21.6909 2.4000
      vertex 34.9630 21.3336 2.4000
    endloop
  endfacet
  facet normal 0.000000 -0.000000 1.000000
    outer loop
      vertex 34.9630 21.3336 0.0000
      vertex 35.9574 21.6909 0.0000
      vertex 33.9774 21.9502 0.0000
    endloop
  endfacet
  facet normal 0.000000 0.000000 -1.000000
    outer loop
      vertex 39.9882 19.5867 2.4000
      vertex 53.9835 31.8512 2.4000
      vertex 40.1488 18.0165 2.4000
    endloop
  endfacet
  facet normal 0.000000 -0.000000 1.000000
    outer loop
      vertex 40.1488 18.0165 0.0000
      vertex 53.9835 31.8512 0.0000
      vertex 39.9882 19.5867 0.0000
    endloop
  endfacet
  facet normal 0.000000 0.000000 -1.000000
    outer loop
      vertex 53.9835 31.8512 2.4000
      vertex 40.1494 18.0097 2.4000
      vertex 40.1488 18.0165 2.4000
    endloop
  endfacet
  facet normal -0.000000 0.000000 1.000000
    outer loop
      vertex 40.1488 18.0165 0.0000
      vertex 40.1494 18.0097 0.0000
      vertex 53.9835 31.8512 0.0000
    endloop
  endfacet
  facet normal 0.000000 -0.000000 -1.000000
    outer loop
      vertex 53.9835 31.8512 2.4000
      vertex 53.9903 31.8506 2.4000
      vertex 40.1494 18.0097 2.4000
    endloop
  endfacet
  facet normal 0.000000 0.000000 1.000000
    outer loop
      vertex 40.1494 18.0097 0.0000
      vertex 53.9903 31.8506 0.0000
      vertex 53.9835 31.8512 0.0000
    endloop
  endfacet
  facet normal 0.000000 0.000000 -1.000000
    outer loop
      vertex 50.6664 37.0370 2.4000
      vertex 50.6898 37.2836 2.4000
      vertex 50.6839 37.0970 2.4000
    endloop
  endfacet
  facet normal 0.000000 -0.000000 1.000000
    outer loop
      vertex 50.6839 37.0970 0.0000
      vertex 50.6898 37.2836 0.0000
      vertex 50.6664 37.0370 0.0000
    endloop
  endfacet
  facet normal 0.000000 0.000000 -1.000000
    outer loop
      vertex 50.6664 37.0370 2.4000
      vertex 50.6269 37.4594 2.4000
      vertex 50.6898 37.2836 2.4000
    endloop
  endfacet
  facet normal 0.000000 0.000000 1.000000
    outer loop
      vertex 50.6898 37.2836 0.0000
      vertex 50.6269 37.4594 0.0000
      vertex 50.6664 37.0370 0.0000
    endloop
  endfacet
  facet normal 0.000000 0.000000 -1.000000
    outer loop
      vertex 50.6664 37.0370 2.4000
      vertex 50.5919 37.5113 2.4000
      vertex 50.6269 37.4594 2.4000
    endloop
  endfacet
  facet normal 0.000000 0.000000 1.000000
    outer loop
      vertex 50.6269 37.4594 0.0000
      vertex 50.5919 37.5113 0.0000
      vertex 50.6664 37.0370 0.0000
    endloop
  endfacet
  facet normal 0.000000 0.000000 -1.000000
    outer loop
      vertex 50.6664 37.0370 2.4000
      vertex 50.3391 37.8394 2.4000
      vertex 50.5919 37.5113 2.4000
    endloop
  endfacet
  facet normal 0.000000 0.000000 1.000000
    outer loop
      vertex 50.5919 37.5113 0.0000
      vertex 50.3391 37.8394 0.0000
      vertex 50.6664 37.0370 0.0000
    endloop
  endfacet
  facet normal 0.000000 0.000000 -1.000000
    outer loop
      vertex 50.3391 37.8394 2.4000
      vertex 50.2395 37.9368 2.4000
      vertex 50.2927 37.8916 2.4000
    endloop
  endfacet
  facet normal 0.000000 0.000000 1.000000
    outer loop
      vertex 50.2927 37.8916 0.0000
      vertex 50.2395 37.9368 0.0000
      vertex 50.3391 37.8394 0.0000
    endloop
  endfacet
  facet normal 0.000000 0.000000 -1.000000
    outer loop
      vertex 50.2395 37.9368 2.4000
      vertex 50.1169 38.0030 2.4000
      vertex 50.1805 37.9742 2.4000
    endloop
  endfacet
  facet normal 0.000000 0.000000 1.000000
    outer loop
      vertex 50.1805 37.9742 0.0000
      vertex 50.1169 38.0030 0.0000
      vertex 50.2395 37.9368 0.0000
    endloop
  endfacet
  facet normal 0.000000 0.000000 -1.000000
    outer loop
      vertex 57.8831 38.0030 2.4000
      vertex 57.7605 37.9368 2.4000
      vertex 57.8195 37.9742 2.4000
    endloop
  endfacet
  facet normal -0.000000 0.000000 1.000000
    outer loop
      vertex 57.8195 37.9742 0.0000
      vertex 57.7605 37.9368 0.0000
      vertex 57.8831 38.0030 0.0000
    endloop
  endfacet
  facet normal 0.000000 0.000000 -1.000000
    outer loop
      vertex 57.8831 38.0030 2.4000
      vertex 57.6609 37.8394 2.4000
      vertex 57.7605 37.9368 2.4000
    endloop
  endfacet
  facet normal -0.000000 0.000000 1.000000
    outer loop
      vertex 57.7605 37.9368 0.0000
      vertex 57.6609 37.8394 0.0000
      vertex 57.8831 38.0030 0.0000
    endloop
  endfacet
  facet normal 0.000000 0.000000 -1.000000
    outer loop
      vertex 57.6609 37.8394 2.4000
      vertex 57.7073 37.8916 2.4000
      vertex 57.7605 37.9368 2.4000
    endloop
  endfacet
  facet normal 0.000000 0.000000 1.000000
    outer loop
      vertex 57.7605 37.9368 0.0000
      vertex 57.7073 37.8916 0.0000
      vertex 57.6609 37.8394 0.0000
    endloop
  endfacet
  facet normal 0.000000 0.000000 -1.000000
    outer loop
      vertex 57.6609 37.8394 2.4000
      vertex 57.3336 37.0370 2.4000
      vertex 57.4081 37.5113 2.4000
    endloop
  endfacet
  facet normal -0.000000 0.000000 1.000000
    outer loop
      vertex 57.4081 37.5113 0.0000
      vertex 57.3336 37.0370 0.0000
      vertex 57.6609 37.8394 0.0000
    endloop
  endfacet
  facet normal 0.000000 0.000000 -1.000000
    outer loop
      vertex 57.3336 37.0370 2.4000
      vertex 57.3102 37.2836 2.4000
      vertex 57.4081 37.5113 2.4000
    endloop
  endfacet
  facet normal 0.000000 0.000000 1.000000
    outer loop
      vertex 57.4081 37.5113 0.0000
      vertex 57.3102 37.2836 0.0000
      vertex 57.3336 37.0370 0.0000
    endloop
  endfacet
  facet normal 0.000000 0.000000 -1.000000
    outer loop
      vertex 57.3336 37.0370 2.4000
      vertex 57.3044 37.2214 2.4000
      vertex 57.3102 37.2836 2.4000
    endloop
  endfacet
  facet normal 0.000000 0.000000 1.000000
    outer loop
      vertex 57.3102 37.2836 0.0000
      vertex 57.3044 37.2214 0.0000
      vertex 57.3336 37.0370 0.0000
    endloop
  endfacet
  facet normal 0.000000 0.000000 -1.000000
    outer loop
      vertex 57.3336 37.0370 2.4000
      vertex 57.3064 37.1588 2.4000
      vertex 57.3044 37.2214 2.4000
    endloop
  endfacet
  facet normal 0.000000 0.000000 1.000000
    outer loop
      vertex 57.3044 37.2214 0.0000
      vertex 57.3064 37.1588 0.0000
      vertex 57.3336 37.0370 0.0000
    endloop
  endfacet
  facet normal 0.000000 0.000000 -1.000000
    outer loop
      vertex 57.3336 37.0370 2.4000
      vertex 57.3161 37.0970 2.4000
      vertex 57.3064 37.1588 2.4000
    endloop
  endfacet
  facet normal 0.000000 0.000000 1.000000
    outer loop
      vertex 57.3064 37.1588 0.0000
      vertex 57.3161 37.0970 0.0000
      vertex 57.3336 37.0370 0.0000
    endloop
  endfacet
  facet normal 0.000000 0.000000 -1.000000
    outer loop
      vertex 50.6839 37.0970 2.4000
      vertex 50.6956 37.2214 2.4000
      vertex 50.6936 37.1588 2.4000
    endloop
  endfacet
  facet normal 0.000000 -0.000000 1.000000
    outer loop
      vertex 50.6936 37.1588 0.0000
      vertex 50.6956 37.2214 0.0000
      vertex 50.6839 37.0970 0.0000
    endloop
  endfacet
  facet normal 0.000000 0.000000 -1.000000
    outer loop
      vertex 50.6839 37.0970 2.4000
      vertex 50.6898 37.2836 2.4000
      vertex 50.6956 37.2214 2.4000
    endloop
  endfacet
  facet normal 0.000000 0.000000 1.000000
    outer loop
      vertex 50.6956 37.2214 0.0000
      vertex 50.6898 37.2836 0.0000
      vertex 50.6839 37.0970 0.0000
    endloop
  endfacet
  facet normal 0.000000 0.000000 -1.000000
    outer loop
      vertex 50.6898 37.2836 2.4000
      vertex 50.6552 37.4036 2.4000
      vertex 50.6763 37.3447 2.4000
    endloop
  endfacet
  facet normal 0.000000 0.000000 1.000000
    outer loop
      vertex 50.6763 37.3447 0.0000
      vertex 50.6552 37.4036 0.0000
      vertex 50.6898 37.2836 0.0000
    endloop
  endfacet
  facet normal 0.000000 0.000000 -1.000000
    outer loop
      vertex 50.6898 37.2836 2.4000
      vertex 50.6269 37.4594 2.4000
      vertex 50.6552 37.4036 2.4000
    endloop
  endfacet
  facet normal 0.000000 0.000000 1.000000
    outer loop
      vertex 50.6552 37.4036 0.0000
      vertex 50.6269 37.4594 0.0000
      vertex 50.6898 37.2836 0.0000
    endloop
  endfacet
  facet normal 0.000000 0.000000 -1.000000
    outer loop
      vertex 57.4081 37.5113 2.4000
      vertex 57.3448 37.4036 2.4000
      vertex 57.3731 37.4594 2.4000
    endloop
  endfacet
  facet normal -0.000000 0.000000 1.000000
    outer loop
      vertex 57.3731 37.4594 0.0000
      vertex 57.3448 37.4036 0.0000
      vertex 57.4081 37.5113 0.0000
    endloop
  endfacet
  facet normal 0.000000 0.000000 -1.000000
    outer loop
      vertex 57.4081 37.5113 2.4000
      vertex 57.3102 37.2836 2.4000
      vertex 57.3448 37.4036 2.4000
    endloop
  endfacet
  facet normal -0.000000 0.000000 1.000000
    outer loop
      vertex 57.3448 37.4036 0.0000
      vertex 57.3102 37.2836 0.0000
      vertex 57.4081 37.5113 0.0000
    endloop
  endfacet
  facet normal 0.000000 0.000000 -1.000000
    outer loop
      vertex 57.3102 37.2836 2.4000
      vertex 57.3237 37.3447 2.4000
      vertex 57.3448 37.4036 2.4000
    endloop
  endfacet
  facet normal 0.000000 0.000000 1.000000
    outer loop
      vertex 57.3448 37.4036 0.0000
      vertex 57.3237 37.3447 0.0000
      vertex 57.3102 37.2836 0.0000
    endloop
  endfacet
  facet normal 0.000000 0.000000 -1.000000
    outer loop
      vertex 54.0165 31.8512 2.4000
      vertex 40.1494 17.9903 2.4000
      vertex 54.0097 31.8506 2.4000
    endloop
  endfacet
  facet normal -0.000000 0.000000 1.000000
    outer loop
      vertex 54.0097 31.8506 0.0000
      vertex 40.1494 17.9903 0.0000
      vertex 54.0165 31.8512 0.0000
    endloop
  endfacet
  facet normal 0.000000 0.000000 -1.000000
    outer loop
      vertex 54.0165 31.8512 2.4000
      vertex 40.1488 17.9835 2.4000
      vertex 40.1494 17.9903 2.4000
    endloop
  endfacet
  facet normal -0.000000 0.000000 1.000000
    outer loop
      vertex 40.1494 17.9903 0.0000
      vertex 40.1488 17.9835 0.0000
      vertex 54.0165 31.8512 0.0000
    endloop
  endfacet
  facet normal -0.000000 0.000000 -1.000000
    outer loop
      vertex 34.9630 14.6664 2.4000
      vertex 34.4887 14.5919 2.4000
      vertex 34.9030 14.6839 2.4000
    endloop
  endfacet
  facet normal 0.000000 0.000000 1.000000
    outer loop
      vertex 34.9030 14.6839 0.0000
      vertex 34.4887 14.5919 0.0000
      vertex 34.9630 14.6664 0.0000
    endloop
  endfacet
  facet normal 0.000000 0.000000 -1.000000
    outer loop
      vertex 34.9630 14.6664 2.4000
      vertex 34.1606 14.3391 2.4000
      vertex 34.4887 14.5919 2.4000
    endloop
  endfacet
  facet normal -0.000000 0.000000 1.000000
    outer loop
      vertex 34.4887 14.5919 0.0000
      vertex 34.1606 14.3391 0.0000
      vertex 34.9630 14.6664 0.0000
    endloop
  endfacet
  facet normal 0.000000 0.000000 -1.000000
    outer loop
      vertex 34.1084 14.2927 2.4000
      vertex 34.0258 14.1805 2.4000
      vertex 34.0632 14.2395 2.4000
    endloop
  endfacet
  facet normal -0.000000 0.000000 1.000000
    outer loop
      vertex 34.0632 14.2395 0.0000
      vertex 34.0258 14.1805 0.0000
      vertex 34.1084 14.2927 0.0000
    endloop
  endfacet
  facet normal 0.000000 0.000000 -1.000000
    outer loop
      vertex 34.1084 14.2927 2.4000
      vertex 33.9970 14.1169 2.4000
      vertex 34.0258 14.1805 2.4000
    endloop
  endfacet
  facet normal -0.000000 0.000000 1.000000
    outer loop
      vertex 34.0258 14.1805 0.0000
      vertex 33.9970 14.1169 0.0000
      vertex 34.1084 14.2927 0.0000
    endloop
  endfacet
  facet normal 0.000000 0.000000 -1.000000
    outer loop
      vertex 33.9970 21.8831 2.4000
      vertex 34.1084 21.7073 2.4000
      vertex 34.0258 21.8195 2.4000
    endloop
  endfacet
  facet normal -0.000000 -0.000000 1.000000
    outer loop
      vertex 34.0258 21.8195 0.0000
      vertex 34.1084 21.7073 0.0000
      vertex 33.9970 21.8831 0.0000
    endloop
  endfacet
  facet normal 0.000000 0.000000 -1.000000
    outer loop
      vertex 33.9970 21.8831 2.4000
      vertex 34.1606 21.6609 2.4000
      vertex 34.1084 21.7073 2.4000
    endloop
  endfacet
  facet normal -0.000000 -0.000000 1.000000
    outer loop
      vertex 34.1084 21.7073 0.0000
      vertex 34.1606 21.6609 0.0000
      vertex 33.9970 21.8831 0.0000
    endloop
  endfacet
  facet normal 0.000000 0.000000 -1.000000
    outer loop
      vertex 34.1084 21.7073 2.4000
      vertex 34.0632 21.7605 2.4000
      vertex 34.0258 21.8195 2.4000
    endloop
  endfacet
  facet normal 0.000000 0.000000 1.000000
    outer loop
      vertex 34.0258 21.8195 0.0000
      vertex 34.0632 21.7605 0.0000
      vertex 34.1084 21.7073 0.0000
    endloop
  endfacet
  facet normal 0.000000 0.000000 -1.000000
    outer loop
      vertex 34.1606 21.6609 2.4000
      vertex 34.9630 21.3336 2.4000
      vertex 34.4887 21.4081 2.4000
    endloop
  endfacet
  facet normal -0.000000 -0.000000 1.000000
    outer loop
      vertex 34.4887 21.4081 0.0000
      vertex 34.9630 21.3336 0.0000
      vertex 34.1606 21.6609 0.0000
    endloop
  endfacet
  facet normal -0.000000 0.000000 -1.000000
    outer loop
      vertex 34.9630 21.3336 2.4000
      vertex 34.9030 21.3161 2.4000
      vertex 34.4887 21.4081 2.4000
    endloop
  endfacet
  facet normal 0.000000 0.000000 1.000000
    outer loop
      vertex 34.4887 21.4081 0.0000
      vertex 34.9030 21.3161 0.0000
      vertex 34.9630 21.3336 0.0000
    endloop
  endfacet
  facet normal 0.000000 0.000000 -1.000000
    outer loop
      vertex 34.9030 14.6839 2.4000
      vertex 34.7164 14.6898 2.4000
      vertex 34.8412 14.6936 2.4000
    endloop
  endfacet
  facet normal 0.000000 0.000000 1.000000
    outer loop
      vertex 34.8412 14.6936 0.0000
      vertex 34.7164 14.6898 0.0000
      vertex 34.9030 14.6839 0.0000
    endloop
  endfacet
  facet normal -0.000000 0.000000 -1.000000
    outer loop
      vertex 34.9030 14.6839 2.4000
      vertex 34.5964 14.6552 2.4000
      vertex 34.7164 14.6898 2.4000
    endloop
  endfacet
  facet normal 0.000000 0.000000 1.000000
    outer loop
      vertex 34.7164 14.6898 0.0000
      vertex 34.5964 14.6552 0.0000
      vertex 34.9030 14.6839 0.0000
    endloop
  endfacet
  facet normal 0.000000 0.000000 -1.000000
    outer loop
      vertex 34.9030 14.6839 2.4000
      vertex 34.4887 14.5919 2.4000
      vertex 34.5964 14.6552 2.4000
    endloop
  endfacet
  facet normal -0.000000 0.000000 1.000000
    outer loop
      vertex 34.5964 14.6552 0.0000
      vertex 34.4887 14.5919 0.0000
      vertex 34.9030 14.6839 0.0000
    endloop
  endfacet
  facet normal 0.000000 0.000000 -1.000000
    outer loop
      vertex 34.4887 14.5919 2.4000
      vertex 34.5406 14.6269 2.4000
      vertex 34.5964 14.6552 2.4000
    endloop
  endfacet
  facet normal 0.000000 0.000000 1.000000
    outer loop
      vertex 34.5964 14.6552 0.0000
      vertex 34.5406 14.6269 0.0000
      vertex 34.4887 14.5919 0.0000
    endloop
  endfacet
  facet normal 0.000000 0.000000 -1.000000
    outer loop
      vertex 34.4887 21.4081 2.4000
      vertex 34.5964 21.3448 2.4000
      vertex 34.5406 21.3731 2.4000
    endloop
  endfacet
  facet normal -0.000000 -0.000000 1.000000
    outer loop
      vertex 34.5406 21.3731 0.0000
      vertex 34.5964 21.3448 0.0000
      vertex 34.4887 21.4081 0.0000
    endloop
  endfacet
  facet normal 0.000000 0.000000 -1.000000
    outer loop
      vertex 34.4887 21.4081 2.4000
      vertex 34.9030 21.3161 2.4000
      vertex 34.5964 21.3448 2.4000
    endloop
  endfacet
  facet normal -0.000000 -0.000000 1.000000
    outer loop
      vertex 34.5964 21.3448 0.0000
      vertex 34.9030 21.3161 0.0000
      vertex 34.4887 21.4081 0.0000
    endloop
  endfacet
  facet normal -0.000000 0.000000 -1.000000
    outer loop
      vertex 34.9030 21.3161 2.4000
      vertex 34.8412 21.3064 2.4000
      vertex 34.5964 21.3448 2.4000
    endloop
  endfacet
  facet normal 0.000000 0.000000 1.000000
    outer loop
      vertex 34.5964 21.3448 0.0000
      vertex 34.8412 21.3064 0.0000
      vertex 34.9030 21.3161 0.0000
    endloop
  endfacet
  facet normal -0.000000 0.000000 -1.000000
    outer loop
      vertex 34.8412 14.6936 2.4000
      vertex 34.7164 14.6898 2.4000
      vertex 34.7786 14.6956 2.4000
    endloop
  endfacet
  facet normal 0.000000 0.000000 1.000000
    outer loop
      vertex 34.7786 14.6956 0.0000
      vertex 34.7164 14.6898 0.0000
      vertex 34.8412 14.6936 0.0000
    endloop
  endfacet
  facet normal 0.000000 0.000000 -1.000000
    outer loop
      vertex 34.7164 14.6898 2.4000
      vertex 34.5964 14.6552 2.4000
      vertex 34.6553 14.6763 2.4000
    endloop
  endfacet
  facet normal -0.000000 0.000000 1.000000
    outer loop
      vertex 34.6553 14.6763 0.0000
      vertex 34.5964 14.6552 0.0000
      vertex 34.7164 14.6898 0.0000
    endloop
  endfacet
  facet normal 0.000000 0.000000 -1.000000
    outer loop
      vertex 34.5964 21.3448 2.4000
      vertex 34.7164 21.3102 2.4000
      vertex 34.6553 21.3237 2.4000
    endloop
  endfacet
  facet normal -0.000000 -0.000000 1.000000
    outer loop
      vertex 34.6553 21.3237 0.0000
      vertex 34.7164 21.3102 0.0000
      vertex 34.5964 21.3448 0.0000
    endloop
  endfacet
  facet normal 0.000000 0.000000 -1.000000
    outer loop
      vertex 34.5964 21.3448 2.4000
      vertex 34.8412 21.3064 2.4000
      vertex 34.7164 21.3102 2.4000
    endloop
  endfacet
  facet normal -0.000000 -0.000000 1.000000
    outer loop
      vertex 34.7164 21.3102 0.0000
      vertex 34.8412 21.3064 0.0000
      vertex 34.5964 21.3448 0.0000
    endloop
  endfacet
  facet normal -0.000000 0.000000 -1.000000
    outer loop
      vertex 34.8412 21.3064 2.4000
      vertex 34.7786 21.3044 2.4000
      vertex 34.7164 21.3102 2.4000
    endloop
  endfacet
  facet normal 0.000000 0.000000 1.000000
    outer loop
      vertex 34.7164 21.3102 0.0000
      vertex 34.7786 21.3044 0.0000
      vertex 34.8412 21.3064 0.0000
    endloop
  endfacet
  facet normal 0.000000 0.000000 -1.000000
    outer loop
      vertex 40.1494 18.0097 2.4000
      vertex 54.0097 31.8506 2.4000
      vertex 40.1494 17.9903 2.4000
    endloop
  endfacet
  facet normal 0.000000 0.000000 1.000000
    outer loop
      vertex 40.1494 17.9903 0.0000
      vertex 54.0097 31.8506 0.0000
      vertex 40.1494 18.0097 0.0000
    endloop
  endfacet
  facet normal 0.000000 0.000000 -1.000000
    outer loop
      vertex 40.1494 18.0097 2.4000
      vertex 53.9903 31.8506 2.4000
      vertex 54.0097 31.8506 2.4000
    endloop
  endfacet
  facet normal 0.000000 0.000000 1.000000
    outer loop
      vertex 54.0097 31.8506 0.0000
      vertex 53.9903 31.8506 0.0000
      vertex 40.1494 18.0097 0.0000
    endloop
  endfacet
  facet normal 0.000000 0.000000 -1.000000
    outer loop
      vertex 39.9822 19.6169 2.4000
      vertex 52.4054 32.0128 2.4000
      vertex 39.9872 19.5946 2.4000
    endloop
  endfacet
  facet normal 0.000000 -0.000000 1.000000
    outer loop
      vertex 39.9872 19.5946 0.0000
      vertex 52.4054 32.0128 0.0000
      vertex 39.9822 19.6169 0.0000
    endloop
  endfacet
  facet normal 0.000000 0.000000 -1.000000
    outer loop
      vertex 39.9822 19.6169 2.4000
      vertex 52.3831 32.0178 2.4000
      vertex 52.4054 32.0128 2.4000
    endloop
  endfacet
  facet normal 0.000000 0.000000 1.000000
    outer loop
      vertex 52.4054 32.0128 0.0000
      vertex 52.3831 32.0178 0.0000
      vertex 39.9822 19.6169 0.0000
    endloop
  endfacet
  facet normal 0.000000 0.000000 -1.000000
    outer loop
      vertex 39.4988 20.9782 2.4000
      vertex 39.4958 20.9859 2.4000
      vertex 51.0141 32.5042 2.4000
    endloop
  endfacet
  facet normal 0.000000 0.000000 1.000000
    outer loop
      vertex 51.0141 32.5042 0.0000
      vertex 39.4958 20.9859 0.0000
      vertex 39.4988 20.9782 0.0000
    endloop
  endfacet
  facet normal 0.000000 0.000000 -1.000000
    outer loop
      vertex 39.4725 21.0233 2.4000
      vertex 50.9831 32.5223 2.4000
      vertex 39.4777 21.0169 2.4000
    endloop
  endfacet
  facet normal 0.000000 -0.000000 1.000000
    outer loop
      vertex 39.4777 21.0169 0.0000
      vertex 50.9831 32.5223 0.0000
      vertex 39.4725 21.0233 0.0000
    endloop
  endfacet
  facet normal 0.000000 0.000000 -1.000000
    outer loop
      vertex 50.9831 32.5223 2.4000
      vertex 39.4877 21.0019 2.4000
      vertex 39.4777 21.0169 2.4000
    endloop
  endfacet
  facet normal -0.000000 0.000000 1.000000
    outer loop
      vertex 39.4777 21.0169 0.0000
      vertex 39.4877 21.0019 0.0000
      vertex 50.9831 32.5223 0.0000
    endloop
  endfacet
  facet normal 0.000000 -0.000000 -1.000000
    outer loop
      vertex 50.9831 32.5223 2.4000
      vertex 50.9981 32.5123 2.4000
      vertex 39.4877 21.0019 2.4000
    endloop
  endfacet
  facet normal 0.000000 0.000000 1.000000
    outer loop
      vertex 39.4877 21.0019 0.0000
      vertex 50.9981 32.5123 0.0000
      vertex 50.9831 32.5223 0.0000
    endloop
  endfacet
  facet normal 0.000000 -0.000000 -1.000000
    outer loop
      vertex 50.9981 32.5123 2.4000
      vertex 51.0141 32.5042 2.4000
      vertex 39.4877 21.0019 2.4000
    endloop
  endfacet
  facet normal 0.000000 0.000000 1.000000
    outer loop
      vertex 39.4877 21.0019 0.0000
      vertex 51.0141 32.5042 0.0000
      vertex 50.9981 32.5123 0.0000
    endloop
  endfacet
  facet normal 0.000000 0.000000 -1.000000
    outer loop
      vertex 51.0141 32.5042 2.4000
      vertex 39.4958 20.9859 2.4000
      vertex 39.4877 21.0019 2.4000
    endloop
  endfacet
  facet normal -0.000000 0.000000 1.000000
    outer loop
      vertex 39.4877 21.0019 0.0000
      vertex 39.4958 20.9859 0.0000
      vertex 51.0141 32.5042 0.0000
    endloop
  endfacet
  facet normal 0.000000 0.000000 -1.000000
    outer loop
      vertex 71.9000 0.6000 2.4000
      vertex 71.8830 0.4706 2.4000
      vertex 71.8619 0.4087 2.4000
    endloop
  endfacet
  facet normal 0.000000 0.000000 1.000000
    outer loop
      vertex 71.8619 0.4087 0.0000
      vertex 71.8830 0.4706 0.0000
      vertex 71.9000 0.6000 0.0000
    endloop
  endfacet
  facet normal 0.000000 0.000000 -1.000000
    outer loop
      vertex 71.9000 0.6000 2.4000
      vertex 71.8957 0.5347 2.4000
      vertex 71.8830 0.4706 2.4000
    endloop
  endfacet
  facet normal 0.000000 0.000000 1.000000
    outer loop
      vertex 71.8830 0.4706 0.0000
      vertex 71.8957 0.5347 0.0000
      vertex 71.9000 0.6000 0.0000
    endloop
  endfacet
  facet normal 0.000000 0.000000 -1.000000
    outer loop
      vertex 71.8619 0.4087 2.4000
      vertex 71.8330 0.3500 2.4000
      vertex 71.7967 0.2956 2.4000
    endloop
  endfacet
  facet normal 0.000000 0.000000 1.000000
    outer loop
      vertex 71.7967 0.2956 0.0000
      vertex 71.8330 0.3500 0.0000
      vertex 71.8619 0.4087 0.0000
    endloop
  endfacet
  facet normal 0.000000 0.000000 -1.000000
    outer loop
      vertex 36.0252 35.7149 2.4000
      vertex 36.0537 35.7707 2.4000
      vertex 36.0889 35.8226 2.4000
    endloop
  endfacet
  facet normal 0.000000 0.000000 1.000000
    outer loop
      vertex 36.0889 35.8226 0.0000
      vertex 36.0537 35.7707 0.0000
      vertex 36.0252 35.7149 0.0000
    endloop
  endfacet
  facet normal 0.064319 0.997929 0.000000
    outer loop
      vertex 36.4501 0.1000 0.0000
      vertex 36.3859 0.1041 0.0000
      vertex 36.3859 0.1041 2.4000
    endloop
  endfacet
  facet normal 0.064319 0.997929 -0.000000
    outer loop
      vertex 36.4501 0.1000 0.0000
      vertex 36.3859 0.1041 2.4000
      vertex 36.4501 0.1000 2.4000
    endloop
  endfacet
  facet normal 0.191894 0.981416 0.000000
    outer loop
      vertex 36.3859 0.1041 0.0000
      vertex 36.3228 0.1165 0.0000
      vertex 36.3228 0.1165 2.4000
    endloop
  endfacet
  facet normal 0.191894 0.981416 -0.000000
    outer loop
      vertex 36.3859 0.1041 0.0000
      vertex 36.3228 0.1165 2.4000
      vertex 36.3859 0.1041 2.4000
    endloop
  endfacet
  facet normal 0.316293 0.948661 0.000000
    outer loop
      vertex 36.3228 0.1165 0.0000
      vertex 36.2618 0.1368 0.0000
      vertex 36.2618 0.1368 2.4000
    endloop
  endfacet
  facet normal 0.316293 0.948661 -0.000000
    outer loop
      vertex 36.3228 0.1165 0.0000
      vertex 36.2618 0.1368 2.4000
      vertex 36.3228 0.1165 2.4000
    endloop
  endfacet
  facet normal 0.435458 0.900209 0.000000
    outer loop
      vertex 36.2618 0.1368 0.0000
      vertex 36.2039 0.1648 0.0000
      vertex 36.2039 0.1648 2.4000
    endloop
  endfacet
  facet normal 0.435458 0.900209 -0.000000
    outer loop
      vertex 36.2618 0.1368 0.0000
      vertex 36.2039 0.1648 2.4000
      vertex 36.2618 0.1368 2.4000
    endloop
  endfacet
  facet normal 0.547418 0.836860 0.000000
    outer loop
      vertex 36.2039 0.1648 0.0000
      vertex 36.1501 0.2000 0.0000
      vertex 36.1501 0.2000 2.4000
    endloop
  endfacet
  facet normal 0.547418 0.836860 -0.000000
    outer loop
      vertex 36.2039 0.1648 0.0000
      vertex 36.1501 0.2000 2.4000
      vertex 36.2039 0.1648 2.4000
    endloop
  endfacet
  facet normal 0.650318 0.759662 0.000000
    outer loop
      vertex 36.1501 0.2000 0.0000
      vertex 36.1012 0.2419 0.0000
      vertex 36.1012 0.2419 2.4000
    endloop
  endfacet
  facet normal 0.650318 0.759662 -0.000000
    outer loop
      vertex 36.1501 0.2000 0.0000
      vertex 36.1012 0.2419 2.4000
      vertex 36.1501 0.2000 2.4000
    endloop
  endfacet
  facet normal 0.742457 0.669893 0.000000
    outer loop
      vertex 36.1012 0.2419 0.0000
      vertex 36.0581 0.2896 0.0000
      vertex 36.0581 0.2896 2.4000
    endloop
  endfacet
  facet normal 0.742457 0.669893 -0.000000
    outer loop
      vertex 36.1012 0.2419 0.0000
      vertex 36.0581 0.2896 2.4000
      vertex 36.1012 0.2419 2.4000
    endloop
  endfacet
  facet normal 0.822310 0.569040 0.000000
    outer loop
      vertex 36.0581 0.2896 0.0000
      vertex 36.0215 0.3425 0.0000
      vertex 36.0215 0.3425 2.4000
    endloop
  endfacet
  facet normal 0.822310 0.569040 -0.000000
    outer loop
      vertex 36.0581 0.2896 0.0000
      vertex 36.0215 0.3425 2.4000
      vertex 36.0581 0.2896 2.4000
    endloop
  endfacet
  facet normal 0.888555 0.458769 0.000000
    outer loop
      vertex 36.0215 0.3425 0.0000
      vertex 35.9920 0.3997 0.0000
      vertex 35.9920 0.3997 2.4000
    endloop
  endfacet
  facet normal 0.888555 0.458769 -0.000000
    outer loop
      vertex 36.0215 0.3425 0.0000
      vertex 35.9920 0.3997 2.4000
      vertex 36.0215 0.3425 2.4000
    endloop
  endfacet
  facet normal 0.940097 0.340907 0.000000
    outer loop
      vertex 35.9920 0.3997 0.0000
      vertex 35.9701 0.4601 0.0000
      vertex 35.9701 0.4601 2.4000
    endloop
  endfacet
  facet normal 0.940097 0.340907 -0.000000
    outer loop
      vertex 35.9920 0.3997 0.0000
      vertex 35.9701 0.4601 2.4000
      vertex 35.9920 0.3997 2.4000
    endloop
  endfacet
  facet normal 0.960077 0.279735 0.000000
    outer loop
      vertex 35.9701 0.4601 0.0000
      vertex 35.9513 0.5247 0.0000
      vertex 35.9513 0.5247 2.4000
    endloop
  endfacet
  facet normal 0.960077 0.279735 -0.000000
    outer loop
      vertex 35.9701 0.4601 0.0000
      vertex 35.9513 0.5247 2.4000
      vertex 35.9701 0.4601 2.4000
    endloop
  endfacet
  facet normal 0.961854 0.273562 0.000000
    outer loop
      vertex 35.9513 0.5247 0.0000
      vertex 35.9495 0.5309 0.0000
      vertex 35.9495 0.5309 2.4000
    endloop
  endfacet
  facet normal 0.961854 0.273562 -0.000000
    outer loop
      vertex 35.9513 0.5247 0.0000
      vertex 35.9495 0.5309 2.4000
      vertex 35.9513 0.5247 2.4000
    endloop
  endfacet
  facet normal 0.963592 0.267377 0.000000
    outer loop
      vertex 35.9495 0.5309 0.0000
      vertex 35.5794 1.8646 0.0000
      vertex 35.5794 1.8646 2.4000
    endloop
  endfacet
  facet normal 0.963592 0.267377 -0.000000
    outer loop
      vertex 35.9495 0.5309 0.0000
      vertex 35.5794 1.8646 2.4000
      vertex 35.9495 0.5309 2.4000
    endloop
  endfacet
  facet normal 0.966000 0.258544 0.000000
    outer loop
      vertex 35.5794 1.8646 0.0000
      vertex 35.5771 1.8735 0.0000
      vertex 35.5771 1.8735 2.4000
    endloop
  endfacet
  facet normal 0.966000 0.258544 -0.000000
    outer loop
      vertex 35.5794 1.8646 0.0000
      vertex 35.5771 1.8735 2.4000
      vertex 35.5794 1.8646 2.4000
    endloop
  endfacet
  facet normal 0.968326 0.249689 0.000000
    outer loop
      vertex 35.5771 1.8735 0.0000
      vertex 35.0781 3.8084 0.0000
      vertex 35.0781 3.8084 2.4000
    endloop
  endfacet
  facet normal 0.968326 0.249689 -0.000000
    outer loop
      vertex 35.5771 1.8735 0.0000
      vertex 35.0781 3.8084 2.4000
      vertex 35.5771 1.8735 2.4000
    endloop
  endfacet
  facet normal 0.971418 0.237376 0.000000
    outer loop
      vertex 35.0781 3.8084 0.0000
      vertex 35.0751 3.8207 0.0000
      vertex 35.0751 3.8207 2.4000
    endloop
  endfacet
  facet normal 0.971418 0.237376 -0.000000
    outer loop
      vertex 35.0781 3.8084 0.0000
      vertex 35.0751 3.8207 2.4000
      vertex 35.0781 3.8084 2.4000
    endloop
  endfacet
  facet normal 0.974353 0.225026 0.000000
    outer loop
      vertex 35.0751 3.8207 0.0000
      vertex 34.5447 6.1173 0.0000
      vertex 34.5447 6.1173 2.4000
    endloop
  endfacet
  facet normal 0.974353 0.225026 -0.000000
    outer loop
      vertex 35.0751 3.8207 0.0000
      vertex 34.5447 6.1173 2.4000
      vertex 35.0751 3.8207 2.4000
    endloop
  endfacet
  facet normal 0.978358 0.206918 0.000000
    outer loop
      vertex 34.5447 6.1173 0.0000
      vertex 34.5409 6.1354 0.0000
      vertex 34.5409 6.1354 2.4000
    endloop
  endfacet
  facet normal 0.978358 0.206918 -0.000000
    outer loop
      vertex 34.5447 6.1173 0.0000
      vertex 34.5409 6.1354 2.4000
      vertex 34.5447 6.1173 2.4000
    endloop
  endfacet
  facet normal 0.982027 0.188740 0.000000
    outer loop
      vertex 34.5409 6.1354 0.0000
      vertex 34.0765 8.5515 0.0000
      vertex 34.0765 8.5515 2.4000
    endloop
  endfacet
  facet normal 0.982027 0.188740 -0.000000
    outer loop
      vertex 34.5409 6.1354 0.0000
      vertex 34.0765 8.5515 2.4000
      vertex 34.5409 6.1354 2.4000
    endloop
  endfacet
  facet normal 0.987158 0.159746 0.000000
    outer loop
      vertex 34.0765 8.5515 0.0000
      vertex 34.0718 8.5806 0.0000
      vertex 34.0718 8.5806 2.4000
    endloop
  endfacet
  facet normal 0.987158 0.159746 -0.000000
    outer loop
      vertex 34.0765 8.5515 0.0000
      vertex 34.0718 8.5806 2.4000
      vertex 34.0765 8.5515 2.4000
    endloop
  endfacet
  facet normal 0.991433 0.130613 0.000000
    outer loop
      vertex 34.0718 8.5806 0.0000
      vertex 33.7705 10.8677 0.0000
      vertex 33.7705 10.8677 2.4000
    endloop
  endfacet
  facet normal 0.991433 0.130613 -0.000000
    outer loop
      vertex 34.0718 8.5806 0.0000
      vertex 33.7705 10.8677 2.4000
      vertex 34.0718 8.5806 2.4000
    endloop
  endfacet
  facet normal 0.996983 0.077619 0.000000
    outer loop
      vertex 33.7705 10.8677 0.0000
      vertex 33.7664 10.9208 0.0000
      vertex 33.7664 10.9208 2.4000
    endloop
  endfacet
  facet normal 0.996983 0.077619 -0.000000
    outer loop
      vertex 33.7705 10.8677 0.0000
      vertex 33.7664 10.9208 2.4000
      vertex 33.7705 10.8677 2.4000
    endloop
  endfacet
  facet normal 0.999702 0.024405 0.000000
    outer loop
      vertex 33.7664 10.9208 0.0000
      vertex 33.7203 12.8074 0.0000
      vertex 33.7203 12.8074 2.4000
    endloop
  endfacet
  facet normal 0.999702 0.024405 -0.000000
    outer loop
      vertex 33.7664 10.9208 0.0000
      vertex 33.7203 12.8074 2.4000
      vertex 33.7664 10.9208 2.4000
    endloop
  endfacet
  facet normal 0.999369 -0.035507 0.000000
    outer loop
      vertex 33.7203 12.8074 0.0000
      vertex 33.7225 12.8673 0.0000
      vertex 33.7225 12.8673 2.4000
    endloop
  endfacet
  facet normal 0.999369 -0.035507 0.000000
    outer loop
      vertex 33.7203 12.8074 0.0000
      vertex 33.7225 12.8673 2.4000
      vertex 33.7203 12.8074 2.4000
    endloop
  endfacet
  facet normal 0.987956 -0.154735 0.000000
    outer loop
      vertex 33.7225 12.8673 0.0000
      vertex 33.7317 12.9264 0.0000
      vertex 33.7317 12.9264 2.4000
    endloop
  endfacet
  facet normal 0.987956 -0.154735 0.000000
    outer loop
      vertex 33.7225 12.8673 0.0000
      vertex 33.7317 12.9264 2.4000
      vertex 33.7225 12.8673 2.4000
    endloop
  endfacet
  facet normal 0.976916 -0.213622 0.000000
    outer loop
      vertex 33.7317 12.9264 0.0000
      vertex 33.9774 14.0498 0.0000
      vertex 33.9774 14.0498 2.4000
    endloop
  endfacet
  facet normal 0.976916 -0.213622 0.000000
    outer loop
      vertex 33.7317 12.9264 0.0000
      vertex 33.9774 14.0498 2.4000
      vertex 33.7317 12.9264 2.4000
    endloop
  endfacet
  facet normal 0.959613 -0.281323 0.000000
    outer loop
      vertex 33.9774 14.0498 0.0000
      vertex 33.9970 14.1169 0.0000
      vertex 33.9970 14.1169 2.4000
    endloop
  endfacet
  facet normal 0.959613 -0.281323 0.000000
    outer loop
      vertex 33.9774 14.0498 0.0000
      vertex 33.9970 14.1169 2.4000
      vertex 33.9774 14.0498 2.4000
    endloop
  endfacet
  facet normal 0.911058 -0.412278 0.000000
    outer loop
      vertex 33.9970 14.1169 0.0000
      vertex 34.0258 14.1805 0.0000
      vertex 34.0258 14.1805 2.4000
    endloop
  endfacet
  facet normal 0.911058 -0.412278 0.000000
    outer loop
      vertex 33.9970 14.1169 0.0000
      vertex 34.0258 14.1805 2.4000
      vertex 33.9970 14.1169 2.4000
    endloop
  endfacet
  facet normal 0.844731 -0.535191 0.000000
    outer loop
      vertex 34.0258 14.1805 0.0000
      vertex 34.0632 14.2395 0.0000
      vertex 34.0632 14.2395 2.4000
    endloop
  endfacet
  facet normal 0.844731 -0.535191 0.000000
    outer loop
      vertex 34.0258 14.1805 0.0000
      vertex 34.0632 14.2395 2.4000
      vertex 34.0258 14.1805 2.4000
    endloop
  endfacet
  facet normal 0.761925 -0.647665 0.000000
    outer loop
      vertex 34.0632 14.2395 0.0000
      vertex 34.1084 14.2927 0.0000
      vertex 34.1084 14.2927 2.4000
    endloop
  endfacet
  facet normal 0.761925 -0.647665 0.000000
    outer loop
      vertex 34.0632 14.2395 0.0000
      vertex 34.1084 14.2927 2.4000
      vertex 34.0632 14.2395 2.4000
    endloop
  endfacet
  facet normal 0.664257 -0.747504 0.000000
    outer loop
      vertex 34.1084 14.2927 0.0000
      vertex 34.1606 14.3391 0.0000
      vertex 34.1606 14.3391 2.4000
    endloop
  endfacet
  facet normal 0.664257 -0.747504 0.000000
    outer loop
      vertex 34.1084 14.2927 0.0000
      vertex 34.1606 14.3391 2.4000
      vertex 34.1084 14.2927 2.4000
    endloop
  endfacet
  facet normal 0.610434 -0.792067 0.000000
    outer loop
      vertex 34.1606 14.3391 0.0000
      vertex 34.4887 14.5919 0.0000
      vertex 34.4887 14.5919 2.4000
    endloop
  endfacet
  facet normal 0.610434 -0.792067 0.000000
    outer loop
      vertex 34.1606 14.3391 0.0000
      vertex 34.4887 14.5919 2.4000
      vertex 34.1606 14.3391 2.4000
    endloop
  endfacet
  facet normal 0.559686 -0.828705 0.000000
    outer loop
      vertex 34.4887 14.5919 0.0000
      vertex 34.5406 14.6269 0.0000
      vertex 34.5406 14.6269 2.4000
    endloop
  endfacet
  facet normal 0.559686 -0.828705 0.000000
    outer loop
      vertex 34.4887 14.5919 0.0000
      vertex 34.5406 14.6269 2.4000
      vertex 34.4887 14.5919 2.4000
    endloop
  endfacet
  facet normal 0.451819 -0.892110 0.000000
    outer loop
      vertex 34.5406 14.6269 0.0000
      vertex 34.5964 14.6552 0.0000
      vertex 34.5964 14.6552 2.4000
    endloop
  endfacet
  facet normal 0.451819 -0.892110 0.000000
    outer loop
      vertex 34.5406 14.6269 0.0000
      vertex 34.5964 14.6552 2.4000
      vertex 34.5406 14.6269 2.4000
    endloop
  endfacet
  facet normal 0.336878 -0.941548 0.000000
    outer loop
      vertex 34.5964 14.6552 0.0000
      vertex 34.6553 14.6763 0.0000
      vertex 34.6553 14.6763 2.4000
    endloop
  endfacet
  facet normal 0.336878 -0.941548 0.000000
    outer loop
      vertex 34.5964 14.6552 0.0000
      vertex 34.6553 14.6763 2.4000
      vertex 34.5964 14.6552 2.4000
    endloop
  endfacet
  facet normal 0.216664 -0.976246 0.000000
    outer loop
      vertex 34.6553 14.6763 0.0000
      vertex 34.7164 14.6898 0.0000
      vertex 34.7164 14.6898 2.4000
    endloop
  endfacet
  facet normal 0.216664 -0.976246 0.000000
    outer loop
      vertex 34.6553 14.6763 0.0000
      vertex 34.7164 14.6898 2.4000
      vertex 34.6553 14.6763 2.4000
    endloop
  endfacet
  facet normal 0.093057 -0.995661 0.000000
    outer loop
      vertex 34.7164 14.6898 0.0000
      vertex 34.7786 14.6956 0.0000
      vertex 34.7786 14.6956 2.4000
    endloop
  endfacet
  facet normal 0.093057 -0.995661 0.000000
    outer loop
      vertex 34.7164 14.6898 0.0000
      vertex 34.7786 14.6956 2.4000
      vertex 34.7164 14.6898 2.4000
    endloop
  endfacet
  facet normal -0.032006 -0.999488 0.000000
    outer loop
      vertex 34.7786 14.6956 0.0000
      vertex 34.8412 14.6936 0.0000
      vertex 34.8412 14.6936 2.4000
    endloop
  endfacet
  facet normal -0.032006 -0.999488 0.000000
    outer loop
      vertex 34.7786 14.6956 0.0000
      vertex 34.8412 14.6936 2.4000
      vertex 34.7786 14.6956 2.4000
    endloop
  endfacet
  facet normal -0.156569 -0.987667 0.000000
    outer loop
      vertex 34.8412 14.6936 0.0000
      vertex 34.9030 14.6839 0.0000
      vertex 34.9030 14.6839 2.4000
    endloop
  endfacet
  facet normal -0.156569 -0.987667 0.000000
    outer loop
      vertex 34.8412 14.6936 0.0000
      vertex 34.9030 14.6839 2.4000
      vertex 34.8412 14.6936 2.4000
    endloop
  endfacet
  facet normal -0.278680 -0.960384 0.000000
    outer loop
      vertex 34.9030 14.6839 0.0000
      vertex 34.9630 14.6664 0.0000
      vertex 34.9630 14.6664 2.4000
    endloop
  endfacet
  facet normal -0.278680 -0.960384 0.000000
    outer loop
      vertex 34.9030 14.6839 0.0000
      vertex 34.9630 14.6664 2.4000
      vertex 34.9030 14.6839 2.4000
    endloop
  endfacet
  facet normal -0.338217 -0.941068 0.000000
    outer loop
      vertex 34.9630 14.6664 0.0000
      vertex 35.9574 14.3091 0.0000
      vertex 35.9574 14.3091 2.4000
    endloop
  endfacet
  facet normal -0.338217 -0.941068 0.000000
    outer loop
      vertex 34.9630 14.6664 0.0000
      vertex 35.9574 14.3091 2.4000
      vertex 34.9630 14.6664 2.4000
    endloop
  endfacet
  facet normal -0.352865 -0.935674 0.000000
    outer loop
      vertex 35.9574 14.3091 0.0000
      vertex 35.9720 14.3036 0.0000
      vertex 35.9720 14.3036 2.4000
    endloop
  endfacet
  facet normal -0.352865 -0.935674 0.000000
    outer loop
      vertex 35.9574 14.3091 0.0000
      vertex 35.9720 14.3036 2.4000
      vertex 35.9574 14.3091 2.4000
    endloop
  endfacet
  facet normal -0.367428 -0.930052 0.000000
    outer loop
      vertex 35.9720 14.3036 0.0000
      vertex 37.4140 13.7339 0.0000
      vertex 37.4140 13.7339 2.4000
    endloop
  endfacet
  facet normal -0.367428 -0.930052 0.000000
    outer loop
      vertex 35.9720 14.3036 0.0000
      vertex 37.4140 13.7339 2.4000
      vertex 35.9720 14.3036 2.4000
    endloop
  endfacet
  facet normal -0.338191 -0.941077 0.000000
    outer loop
      vertex 37.4140 13.7339 0.0000
      vertex 37.4218 13.7311 0.0000
      vertex 37.4218 13.7311 2.4000
    endloop
  endfacet
  facet normal -0.338191 -0.941077 0.000000
    outer loop
      vertex 37.4140 13.7339 0.0000
      vertex 37.4218 13.7311 2.4000
      vertex 37.4140 13.7339 2.4000
    endloop
  endfacet
  facet normal -0.248616 -0.968602 0.000000
    outer loop
      vertex 37.4218 13.7311 0.0000
      vertex 37.4394 13.7265 0.0000
      vertex 37.4394 13.7265 2.4000
    endloop
  endfacet
  facet normal -0.248616 -0.968602 0.000000
    outer loop
      vertex 37.4218 13.7311 0.0000
      vertex 37.4394 13.7265 2.4000
      vertex 37.4218 13.7311 2.4000
    endloop
  endfacet
  facet normal -0.125926 -0.992040 0.000000
    outer loop
      vertex 37.4394 13.7265 0.0000
      vertex 37.4517 13.7250 0.0000
      vertex 37.4517 13.7250 2.4000
    endloop
  endfacet
  facet normal -0.125926 -0.992040 0.000000
    outer loop
      vertex 37.4394 13.7265 0.0000
      vertex 37.4517 13.7250 2.4000
      vertex 37.4394 13.7265 2.4000
    endloop
  endfacet
  facet normal -0.001271 -0.999999 0.000000
    outer loop
      vertex 37.4517 13.7250 0.0000
      vertex 37.4641 13.7250 0.0000
      vertex 37.4641 13.7250 2.4000
    endloop
  endfacet
  facet normal -0.001271 -0.999999 0.000000
    outer loop
      vertex 37.4517 13.7250 0.0000
      vertex 37.4641 13.7250 2.4000
      vertex 37.4517 13.7250 2.4000
    endloop
  endfacet
  facet normal 0.123404 -0.992356 0.000000
    outer loop
      vertex 37.4641 13.7250 0.0000
      vertex 37.4821 13.7272 0.0000
      vertex 37.4821 13.7272 2.4000
    endloop
  endfacet
  facet normal 0.123404 -0.992356 0.000000
    outer loop
      vertex 37.4641 13.7250 0.0000
      vertex 37.4821 13.7272 2.4000
      vertex 37.4641 13.7250 2.4000
    endloop
  endfacet
  facet normal 0.215752 -0.976448 0.000000
    outer loop
      vertex 37.4821 13.7272 0.0000
      vertex 37.4902 13.7290 0.0000
      vertex 37.4902 13.7290 2.4000
    endloop
  endfacet
  facet normal 0.215752 -0.976448 0.000000
    outer loop
      vertex 37.4821 13.7272 0.0000
      vertex 37.4902 13.7290 2.4000
      vertex 37.4821 13.7272 2.4000
    endloop
  endfacet
  facet normal 0.246154 -0.969231 0.000000
    outer loop
      vertex 37.4902 13.7290 0.0000
      vertex 38.6092 14.0132 0.0000
      vertex 38.6092 14.0132 2.4000
    endloop
  endfacet
  facet normal 0.246154 -0.969231 0.000000
    outer loop
      vertex 37.4902 13.7290 0.0000
      vertex 38.6092 14.0132 2.4000
      vertex 37.4902 13.7290 2.4000
    endloop
  endfacet
  facet normal 0.275535 -0.961291 0.000000
    outer loop
      vertex 38.6092 14.0132 0.0000
      vertex 38.6170 14.0154 0.0000
      vertex 38.6170 14.0154 2.4000
    endloop
  endfacet
  facet normal 0.275535 -0.961291 0.000000
    outer loop
      vertex 38.6092 14.0132 0.0000
      vertex 38.6170 14.0154 2.4000
      vertex 38.6092 14.0132 2.4000
    endloop
  endfacet
  facet normal 0.362040 -0.932162 0.000000
    outer loop
      vertex 38.6170 14.0154 0.0000
      vertex 38.6335 14.0218 0.0000
      vertex 38.6335 14.0218 2.4000
    endloop
  endfacet
  facet normal 0.362040 -0.932162 0.000000
    outer loop
      vertex 38.6170 14.0154 0.0000
      vertex 38.6335 14.0218 2.4000
      vertex 38.6170 14.0154 2.4000
    endloop
  endfacet
  facet normal 0.472567 -0.881295 0.000000
    outer loop
      vertex 38.6335 14.0218 0.0000
      vertex 38.6441 14.0275 0.0000
      vertex 38.6441 14.0275 2.4000
    endloop
  endfacet
  facet normal 0.472567 -0.881295 0.000000
    outer loop
      vertex 38.6335 14.0218 0.0000
      vertex 38.6441 14.0275 2.4000
      vertex 38.6335 14.0218 2.4000
    endloop
  endfacet
  facet normal 0.576098 -0.817381 0.000000
    outer loop
      vertex 38.6441 14.0275 0.0000
      vertex 38.6540 14.0345 0.0000
      vertex 38.6540 14.0345 2.4000
    endloop
  endfacet
  facet normal 0.576098 -0.817381 0.000000
    outer loop
      vertex 38.6441 14.0275 0.0000
      vertex 38.6540 14.0345 2.4000
      vertex 38.6441 14.0275 2.4000
    endloop
  endfacet
  facet normal 0.671101 -0.741366 0.000000
    outer loop
      vertex 38.6540 14.0345 0.0000
      vertex 38.6671 14.0464 0.0000
      vertex 38.6671 14.0464 2.4000
    endloop
  endfacet
  facet normal 0.671101 -0.741366 0.000000
    outer loop
      vertex 38.6540 14.0345 0.0000
      vertex 38.6671 14.0464 2.4000
      vertex 38.6540 14.0345 2.4000
    endloop
  endfacet
  facet normal 0.735905 -0.677085 0.000000
    outer loop
      vertex 38.6671 14.0464 0.0000
      vertex 38.6726 14.0523 0.0000
      vertex 38.6726 14.0523 2.4000
    endloop
  endfacet
  facet normal 0.735905 -0.677085 0.000000
    outer loop
      vertex 38.6671 14.0464 0.0000
      vertex 38.6726 14.0523 2.4000
      vertex 38.6671 14.0464 2.4000
    endloop
  endfacet
  facet normal 0.756169 -0.654377 0.000000
    outer loop
      vertex 38.6726 14.0523 0.0000
      vertex 39.4725 14.9767 0.0000
      vertex 39.4725 14.9767 2.4000
    endloop
  endfacet
  facet normal 0.756169 -0.654377 0.000000
    outer loop
      vertex 38.6726 14.0523 0.0000
      vertex 39.4725 14.9767 2.4000
      vertex 38.6726 14.0523 2.4000
    endloop
  endfacet
  facet normal 0.776088 -0.630625 0.000000
    outer loop
      vertex 39.4725 14.9767 0.0000
      vertex 39.4777 14.9831 0.0000
      vertex 39.4777 14.9831 2.4000
    endloop
  endfacet
  facet normal 0.776088 -0.630625 0.000000
    outer loop
      vertex 39.4725 14.9767 0.0000
      vertex 39.4777 14.9831 2.4000
      vertex 39.4725 14.9767 2.4000
    endloop
  endfacet
  facet normal 0.831298 -0.555827 0.000000
    outer loop
      vertex 39.4777 14.9831 0.0000
      vertex 39.4877 14.9981 0.0000
      vertex 39.4877 14.9981 2.4000
    endloop
  endfacet
  facet normal 0.831298 -0.555827 0.000000
    outer loop
      vertex 39.4777 14.9831 0.0000
      vertex 39.4877 14.9981 2.4000
      vertex 39.4777 14.9831 2.4000
    endloop
  endfacet
  facet normal 0.893662 -0.448742 0.000000
    outer loop
      vertex 39.4877 14.9981 0.0000
      vertex 39.4958 15.0141 0.0000
      vertex 39.4958 15.0141 2.4000
    endloop
  endfacet
  facet normal 0.893662 -0.448742 0.000000
    outer loop
      vertex 39.4877 14.9981 0.0000
      vertex 39.4958 15.0141 2.4000
      vertex 39.4877 14.9981 2.4000
    endloop
  endfacet
  facet normal 0.931473 -0.363811 0.000000
    outer loop
      vertex 39.4958 15.0141 0.0000
      vertex 39.4988 15.0218 0.0000
      vertex 39.4988 15.0218 2.4000
    endloop
  endfacet
  facet normal 0.931473 -0.363811 0.000000
    outer loop
      vertex 39.4958 15.0141 0.0000
      vertex 39.4988 15.0218 2.4000
      vertex 39.4958 15.0141 2.4000
    endloop
  endfacet
  facet normal 0.942302 -0.334765 0.000000
    outer loop
      vertex 39.4988 15.0218 0.0000
      vertex 39.9797 16.3755 0.0000
      vertex 39.9797 16.3755 2.4000
    endloop
  endfacet
  facet normal 0.942302 -0.334765 0.000000
    outer loop
      vertex 39.4988 15.0218 0.0000
      vertex 39.9797 16.3755 2.4000
      vertex 39.4988 15.0218 2.4000
    endloop
  endfacet
  facet normal 0.951898 -0.306417 0.000000
    outer loop
      vertex 39.9797 16.3755 0.0000
      vertex 39.9822 16.3831 0.0000
      vertex 39.9822 16.3831 2.4000
    endloop
  endfacet
  facet normal 0.951898 -0.306417 0.000000
    outer loop
      vertex 39.9797 16.3755 0.0000
      vertex 39.9822 16.3831 2.4000
      vertex 39.9797 16.3755 2.4000
    endloop
  endfacet
  facet normal 0.975539 -0.219827 0.000000
    outer loop
      vertex 39.9822 16.3831 0.0000
      vertex 39.9872 16.4054 0.0000
      vertex 39.9872 16.4054 2.4000
    endloop
  endfacet
  facet normal 0.975539 -0.219827 0.000000
    outer loop
      vertex 39.9822 16.3831 0.0000
      vertex 39.9872 16.4054 2.4000
      vertex 39.9822 16.3831 2.4000
    endloop
  endfacet
  facet normal 0.991321 -0.131466 0.000000
    outer loop
      vertex 39.9872 16.4054 0.0000
      vertex 39.9882 16.4133 0.0000
      vertex 39.9882 16.4133 2.4000
    endloop
  endfacet
  facet normal 0.991321 -0.131466 0.000000
    outer loop
      vertex 39.9872 16.4054 0.0000
      vertex 39.9882 16.4133 2.4000
      vertex 39.9872 16.4054 2.4000
    endloop
  endfacet
  facet normal 0.994811 -0.101742 0.000000
    outer loop
      vertex 39.9882 16.4133 0.0000
      vertex 40.1488 17.9835 0.0000
      vertex 40.1488 17.9835 2.4000
    endloop
  endfacet
  facet normal 0.994811 -0.101742 0.000000
    outer loop
      vertex 39.9882 16.4133 0.0000
      vertex 40.1488 17.9835 2.4000
      vertex 39.9882 16.4133 2.4000
    endloop
  endfacet
  facet normal 0.997080 -0.076364 0.000000
    outer loop
      vertex 40.1488 17.9835 0.0000
      vertex 40.1494 17.9903 0.0000
      vertex 40.1494 17.9903 2.4000
    endloop
  endfacet
  facet normal 0.997080 -0.076364 0.000000
    outer loop
      vertex 40.1488 17.9835 0.0000
      vertex 40.1494 17.9903 2.4000
      vertex 40.1488 17.9835 2.4000
    endloop
  endfacet
  facet normal 1.000000 0.000000 0.000000
    outer loop
      vertex 40.1494 17.9903 0.0000
      vertex 40.1494 18.0097 0.0000
      vertex 40.1494 18.0097 2.4000
    endloop
  endfacet
  facet normal 1.000000 0.000000 0.000000
    outer loop
      vertex 40.1494 17.9903 0.0000
      vertex 40.1494 18.0097 2.4000
      vertex 40.1494 17.9903 2.4000
    endloop
  endfacet
  facet normal 0.997080 0.076364 0.000000
    outer loop
      vertex 40.1494 18.0097 0.0000
      vertex 40.1488 18.0165 0.0000
      vertex 40.1488 18.0165 2.4000
    endloop
  endfacet
  facet normal 0.997080 0.076364 -0.000000
    outer loop
      vertex 40.1494 18.0097 0.0000
      vertex 40.1488 18.0165 2.4000
      vertex 40.1494 18.0097 2.4000
    endloop
  endfacet
  facet normal 0.994811 0.101742 0.000000
    outer loop
      vertex 40.1488 18.0165 0.0000
      vertex 39.9882 19.5867 0.0000
      vertex 39.9882 19.5867 2.4000
    endloop
  endfacet
  facet normal 0.994811 0.101742 -0.000000
    outer loop
      vertex 40.1488 18.0165 0.0000
      vertex 39.9882 19.5867 2.4000
      vertex 40.1488 18.0165 2.4000
    endloop
  endfacet
  facet normal 0.991321 0.131466 0.000000
    outer loop
      vertex 39.9882 19.5867 0.0000
      vertex 39.9872 19.5946 0.0000
      vertex 39.9872 19.5946 2.4000
    endloop
  endfacet
  facet normal 0.991321 0.131466 -0.000000
    outer loop
      vertex 39.9882 19.5867 0.0000
      vertex 39.9872 19.5946 2.4000
      vertex 39.9882 19.5867 2.4000
    endloop
  endfacet
  facet normal 0.975539 0.219827 0.000000
    outer loop
      vertex 39.9872 19.5946 0.0000
      vertex 39.9822 19.6169 0.0000
      vertex 39.9822 19.6169 2.4000
    endloop
  endfacet
  facet normal 0.975539 0.219827 -0.000000
    outer loop
      vertex 39.9872 19.5946 0.0000
      vertex 39.9822 19.6169 2.4000
      vertex 39.9872 19.5946 2.4000
    endloop
  endfacet
  facet normal 0.951898 0.306417 0.000000
    outer loop
      vertex 39.9822 19.6169 0.0000
      vertex 39.9797 19.6245 0.0000
      vertex 39.9797 19.6245 2.4000
    endloop
  endfacet
  facet normal 0.951898 0.306417 -0.000000
    outer loop
      vertex 39.9822 19.6169 0.0000
      vertex 39.9797 19.6245 2.4000
      vertex 39.9822 19.6169 2.4000
    endloop
  endfacet
  facet normal 0.942302 0.334765 0.000000
    outer loop
      vertex 39.9797 19.6245 0.0000
      vertex 39.4988 20.9782 0.0000
      vertex 39.4988 20.9782 2.4000
    endloop
  endfacet
  facet normal 0.942302 0.334765 -0.000000
    outer loop
      vertex 39.9797 19.6245 0.0000
      vertex 39.4988 20.9782 2.4000
      vertex 39.9797 19.6245 2.4000
    endloop
  endfacet
  facet normal 0.931473 0.363811 0.000000
    outer loop
      vertex 39.4988 20.9782 0.0000
      vertex 39.4958 20.9859 0.0000
      vertex 39.4958 20.9859 2.4000
    endloop
  endfacet
  facet normal 0.931473 0.363811 -0.000000
    outer loop
      vertex 39.4988 20.9782 0.0000
      vertex 39.4958 20.9859 2.4000
      vertex 39.4988 20.9782 2.4000
    endloop
  endfacet
  facet normal 0.893662 0.448742 0.000000
    outer loop
      vertex 39.4958 20.9859 0.0000
      vertex 39.4877 21.0019 0.0000
      vertex 39.4877 21.0019 2.4000
    endloop
  endfacet
  facet normal 0.893662 0.448742 -0.000000
    outer loop
      vertex 39.4958 20.9859 0.0000
      vertex 39.4877 21.0019 2.4000
      vertex 39.4958 20.9859 2.4000
    endloop
  endfacet
  facet normal 0.831298 0.555827 0.000000
    outer loop
      vertex 39.4877 21.0019 0.0000
      vertex 39.4777 21.0169 0.0000
      vertex 39.4777 21.0169 2.4000
    endloop
  endfacet
  facet normal 0.831298 0.555827 -0.000000
    outer loop
      vertex 39.4877 21.0019 0.0000
      vertex 39.4777 21.0169 2.4000
      vertex 39.4877 21.0019 2.4000
    endloop
  endfacet
  facet normal 0.776088 0.630625 0.000000
    outer loop
      vertex 39.4777 21.0169 0.0000
      vertex 39.4725 21.0233 0.0000
      vertex 39.4725 21.0233 2.4000
    endloop
  endfacet
  facet normal 0.776088 0.630625 -0.000000
    outer loop
      vertex 39.4777 21.0169 0.0000
      vertex 39.4725 21.0233 2.4000
      vertex 39.4777 21.0169 2.4000
    endloop
  endfacet
  facet normal 0.756169 0.654377 0.000000
    outer loop
      vertex 39.4725 21.0233 0.0000
      vertex 38.6726 21.9477 0.0000
      vertex 38.6726 21.9477 2.4000
    endloop
  endfacet
  facet normal 0.756169 0.654377 -0.000000
    outer loop
      vertex 39.4725 21.0233 0.0000
      vertex 38.6726 21.9477 2.4000
      vertex 39.4725 21.0233 2.4000
    endloop
  endfacet
  facet normal 0.735905 0.677085 0.000000
    outer loop
      vertex 38.6726 21.9477 0.0000
      vertex 38.6671 21.9536 0.0000
      vertex 38.6671 21.9536 2.4000
    endloop
  endfacet
  facet normal 0.735905 0.677085 -0.000000
    outer loop
      vertex 38.6726 21.9477 0.0000
      vertex 38.6671 21.9536 2.4000
      vertex 38.6726 21.9477 2.4000
    endloop
  endfacet
  facet normal 0.671101 0.741366 0.000000
    outer loop
      vertex 38.6671 21.9536 0.0000
      vertex 38.6540 21.9655 0.0000
      vertex 38.6540 21.9655 2.4000
    endloop
  endfacet
  facet normal 0.671101 0.741366 -0.000000
    outer loop
      vertex 38.6671 21.9536 0.0000
      vertex 38.6540 21.9655 2.4000
      vertex 38.6671 21.9536 2.4000
    endloop
  endfacet
  facet normal 0.576098 0.817381 0.000000
    outer loop
      vertex 38.6540 21.9655 0.0000
      vertex 38.6441 21.9725 0.0000
      vertex 38.6441 21.9725 2.4000
    endloop
  endfacet
  facet normal 0.576098 0.817381 -0.000000
    outer loop
      vertex 38.6540 21.9655 0.0000
      vertex 38.6441 21.9725 2.4000
      vertex 38.6540 21.9655 2.4000
    endloop
  endfacet
  facet normal 0.472567 0.881295 0.000000
    outer loop
      vertex 38.6441 21.9725 0.0000
      vertex 38.6335 21.9782 0.0000
      vertex 38.6335 21.9782 2.4000
    endloop
  endfacet
  facet normal 0.472567 0.881295 -0.000000
    outer loop
      vertex 38.6441 21.9725 0.0000
      vertex 38.6335 21.9782 2.4000
      vertex 38.6441 21.9725 2.4000
    endloop
  endfacet
  facet normal 0.362040 0.932162 0.000000
    outer loop
      vertex 38.6335 21.9782 0.0000
      vertex 38.6170 21.9846 0.0000
      vertex 38.6170 21.9846 2.4000
    endloop
  endfacet
  facet normal 0.362040 0.932162 -0.000000
    outer loop
      vertex 38.6335 21.9782 0.0000
      vertex 38.6170 21.9846 2.4000
      vertex 38.6335 21.9782 2.4000
    endloop
  endfacet
  facet normal 0.275535 0.961291 0.000000
    outer loop
      vertex 38.6170 21.9846 0.0000
      vertex 38.6092 21.9868 0.0000
      vertex 38.6092 21.9868 2.4000
    endloop
  endfacet
  facet normal 0.275535 0.961291 -0.000000
    outer loop
      vertex 38.6170 21.9846 0.0000
      vertex 38.6092 21.9868 2.4000
      vertex 38.6170 21.9846 2.4000
    endloop
  endfacet
  facet normal 0.246154 0.969231 0.000000
    outer loop
      vertex 38.6092 21.9868 0.0000
      vertex 37.4902 22.2710 0.0000
      vertex 37.4902 22.2710 2.4000
    endloop
  endfacet
  facet normal 0.246154 0.969231 -0.000000
    outer loop
      vertex 38.6092 21.9868 0.0000
      vertex 37.4902 22.2710 2.4000
      vertex 38.6092 21.9868 2.4000
    endloop
  endfacet
  facet normal 0.215752 0.976448 0.000000
    outer loop
      vertex 37.4902 22.2710 0.0000
      vertex 37.4821 22.2728 0.0000
      vertex 37.4821 22.2728 2.4000
    endloop
  endfacet
  facet normal 0.215752 0.976448 -0.000000
    outer loop
      vertex 37.4902 22.2710 0.0000
      vertex 37.4821 22.2728 2.4000
      vertex 37.4902 22.2710 2.4000
    endloop
  endfacet
  facet normal 0.123404 0.992356 0.000000
    outer loop
      vertex 37.4821 22.2728 0.0000
      vertex 37.4641 22.2750 0.0000
      vertex 37.4641 22.2750 2.4000
    endloop
  endfacet
  facet normal 0.123404 0.992356 -0.000000
    outer loop
      vertex 37.4821 22.2728 0.0000
      vertex 37.4641 22.2750 2.4000
      vertex 37.4821 22.2728 2.4000
    endloop
  endfacet
  facet normal -0.001271 0.999999 0.000000
    outer loop
      vertex 37.4641 22.2750 0.0000
      vertex 37.4517 22.2750 0.0000
      vertex 37.4517 22.2750 2.4000
    endloop
  endfacet
  facet normal -0.001271 0.999999 0.000000
    outer loop
      vertex 37.4641 22.2750 0.0000
      vertex 37.4517 22.2750 2.4000
      vertex 37.4641 22.2750 2.4000
    endloop
  endfacet
  facet normal -0.125926 0.992040 0.000000
    outer loop
      vertex 37.4517 22.2750 0.0000
      vertex 37.4394 22.2735 0.0000
      vertex 37.4394 22.2735 2.4000
    endloop
  endfacet
  facet normal -0.125926 0.992040 0.000000
    outer loop
      vertex 37.4517 22.2750 0.0000
      vertex 37.4394 22.2735 2.4000
      vertex 37.4517 22.2750 2.4000
    endloop
  endfacet
  facet normal -0.248616 0.968602 0.000000
    outer loop
      vertex 37.4394 22.2735 0.0000
      vertex 37.4218 22.2689 0.0000
      vertex 37.4218 22.2689 2.4000
    endloop
  endfacet
  facet normal -0.248616 0.968602 0.000000
    outer loop
      vertex 37.4394 22.2735 0.0000
      vertex 37.4218 22.2689 2.4000
      vertex 37.4394 22.2735 2.4000
    endloop
  endfacet
  facet normal -0.338191 0.941077 0.000000
    outer loop
      vertex 37.4218 22.2689 0.0000
      vertex 37.4140 22.2661 0.0000
      vertex 37.4140 22.2661 2.4000
    endloop
  endfacet
  facet normal -0.338191 0.941077 0.000000
    outer loop
      vertex 37.4218 22.2689 0.0000
      vertex 37.4140 22.2661 2.4000
      vertex 37.4218 22.2689 2.4000
    endloop
  endfacet
  facet normal -0.367428 0.930052 0.000000
    outer loop
      vertex 37.4140 22.2661 0.0000
      vertex 35.9720 21.6964 0.0000
      vertex 35.9720 21.6964 2.4000
    endloop
  endfacet
  facet normal -0.367428 0.930052 0.000000
    outer loop
      vertex 37.4140 22.2661 0.0000
      vertex 35.9720 21.6964 2.4000
      vertex 37.4140 22.2661 2.4000
    endloop
  endfacet
  facet normal -0.352865 0.935674 0.000000
    outer loop
      vertex 35.9720 21.6964 0.0000
      vertex 35.9574 21.6909 0.0000
      vertex 35.9574 21.6909 2.4000
    endloop
  endfacet
  facet normal -0.352865 0.935674 0.000000
    outer loop
      vertex 35.9720 21.6964 0.0000
      vertex 35.9574 21.6909 2.4000
      vertex 35.9720 21.6964 2.4000
    endloop
  endfacet
  facet normal -0.338217 0.941068 0.000000
    outer loop
      vertex 35.9574 21.6909 0.0000
      vertex 34.9630 21.3336 0.0000
      vertex 34.9630 21.3336 2.4000
    endloop
  endfacet
  facet normal -0.338217 0.941068 0.000000
    outer loop
      vertex 35.9574 21.6909 0.0000
      vertex 34.9630 21.3336 2.4000
      vertex 35.9574 21.6909 2.4000
    endloop
  endfacet
  facet normal -0.278680 0.960384 0.000000
    outer loop
      vertex 34.9630 21.3336 0.0000
      vertex 34.9030 21.3161 0.0000
      vertex 34.9030 21.3161 2.4000
    endloop
  endfacet
  facet normal -0.278680 0.960384 0.000000
    outer loop
      vertex 34.9630 21.3336 0.0000
      vertex 34.9030 21.3161 2.4000
      vertex 34.9630 21.3336 2.4000
    endloop
  endfacet
  facet normal -0.156569 0.987667 0.000000
    outer loop
      vertex 34.9030 21.3161 0.0000
      vertex 34.8412 21.3064 0.0000
      vertex 34.8412 21.3064 2.4000
    endloop
  endfacet
  facet normal -0.156569 0.987667 0.000000
    outer loop
      vertex 34.9030 21.3161 0.0000
      vertex 34.8412 21.3064 2.4000
      vertex 34.9030 21.3161 2.4000
    endloop
  endfacet
  facet normal -0.032006 0.999488 0.000000
    outer loop
      vertex 34.8412 21.3064 0.0000
      vertex 34.7786 21.3044 0.0000
      vertex 34.7786 21.3044 2.4000
    endloop
  endfacet
  facet normal -0.032006 0.999488 0.000000
    outer loop
      vertex 34.8412 21.3064 0.0000
      vertex 34.7786 21.3044 2.4000
      vertex 34.8412 21.3064 2.4000
    endloop
  endfacet
  facet normal 0.093057 0.995661 0.000000
    outer loop
      vertex 34.7786 21.3044 0.0000
      vertex 34.7164 21.3102 0.0000
      vertex 34.7164 21.3102 2.4000
    endloop
  endfacet
  facet normal 0.093057 0.995661 -0.000000
    outer loop
      vertex 34.7786 21.3044 0.0000
      vertex 34.7164 21.3102 2.4000
      vertex 34.7786 21.3044 2.4000
    endloop
  endfacet
  facet normal 0.216664 0.976246 0.000000
    outer loop
      vertex 34.7164 21.3102 0.0000
      vertex 34.6553 21.3237 0.0000
      vertex 34.6553 21.3237 2.4000
    endloop
  endfacet
  facet normal 0.216664 0.976246 -0.000000
    outer loop
      vertex 34.7164 21.3102 0.0000
      vertex 34.6553 21.3237 2.4000
      vertex 34.7164 21.3102 2.4000
    endloop
  endfacet
  facet normal 0.336878 0.941548 0.000000
    outer loop
      vertex 34.6553 21.3237 0.0000
      vertex 34.5964 21.3448 0.0000
      vertex 34.5964 21.3448 2.4000
    endloop
  endfacet
  facet normal 0.336878 0.941548 -0.000000
    outer loop
      vertex 34.6553 21.3237 0.0000
      vertex 34.5964 21.3448 2.4000
      vertex 34.6553 21.3237 2.4000
    endloop
  endfacet
  facet normal 0.451819 0.892110 0.000000
    outer loop
      vertex 34.5964 21.3448 0.0000
      vertex 34.5406 21.3731 0.0000
      vertex 34.5406 21.3731 2.4000
    endloop
  endfacet
  facet normal 0.451819 0.892110 -0.000000
    outer loop
      vertex 34.5964 21.3448 0.0000
      vertex 34.5406 21.3731 2.4000
      vertex 34.5964 21.3448 2.4000
    endloop
  endfacet
  facet normal 0.559686 0.828705 0.000000
    outer loop
      vertex 34.5406 21.3731 0.0000
      vertex 34.4887 21.4081 0.0000
      vertex 34.4887 21.4081 2.4000
    endloop
  endfacet
  facet normal 0.559686 0.828705 -0.000000
    outer loop
      vertex 34.5406 21.3731 0.0000
      vertex 34.4887 21.4081 2.4000
      vertex 34.5406 21.3731 2.4000
    endloop
  endfacet
  facet normal 0.610434 0.792067 0.000000
    outer loop
      vertex 34.4887 21.4081 0.0000
      vertex 34.1606 21.6609 0.0000
      vertex 34.1606 21.6609 2.4000
    endloop
  endfacet
  facet normal 0.610434 0.792067 -0.000000
    outer loop
      vertex 34.4887 21.4081 0.0000
      vertex 34.1606 21.6609 2.4000
      vertex 34.4887 21.4081 2.4000
    endloop
  endfacet
  facet normal 0.664257 0.747504 0.000000
    outer loop
      vertex 34.1606 21.6609 0.0000
      vertex 34.1084 21.7073 0.0000
      vertex 34.1084 21.7073 2.4000
    endloop
  endfacet
  facet normal 0.664257 0.747504 -0.000000
    outer loop
      vertex 34.1606 21.6609 0.0000
      vertex 34.1084 21.7073 2.4000
      vertex 34.1606 21.6609 2.4000
    endloop
  endfacet
  facet normal 0.761925 0.647665 0.000000
    outer loop
      vertex 34.1084 21.7073 0.0000
      vertex 34.0632 21.7605 0.0000
      vertex 34.0632 21.7605 2.4000
    endloop
  endfacet
  facet normal 0.761925 0.647665 -0.000000
    outer loop
      vertex 34.1084 21.7073 0.0000
      vertex 34.0632 21.7605 2.4000
      vertex 34.1084 21.7073 2.4000
    endloop
  endfacet
  facet normal 0.844731 0.535191 0.000000
    outer loop
      vertex 34.0632 21.7605 0.0000
      vertex 34.0258 21.8195 0.0000
      vertex 34.0258 21.8195 2.4000
    endloop
  endfacet
  facet normal 0.844731 0.535191 -0.000000
    outer loop
      vertex 34.0632 21.7605 0.0000
      vertex 34.0258 21.8195 2.4000
      vertex 34.0632 21.7605 2.4000
    endloop
  endfacet
  facet normal 0.911058 0.412278 0.000000
    outer loop
      vertex 34.0258 21.8195 0.0000
      vertex 33.9970 21.8831 0.0000
      vertex 33.9970 21.8831 2.4000
    endloop
  endfacet
  facet normal 0.911058 0.412278 -0.000000
    outer loop
      vertex 34.0258 21.8195 0.0000
      vertex 33.9970 21.8831 2.4000
      vertex 34.0258 21.8195 2.4000
    endloop
  endfacet
  facet normal 0.959613 0.281323 0.000000
    outer loop
      vertex 33.9970 21.8831 0.0000
      vertex 33.9774 21.9502 0.0000
      vertex 33.9774 21.9502 2.4000
    endloop
  endfacet
  facet normal 0.959613 0.281323 -0.000000
    outer loop
      vertex 33.9970 21.8831 0.0000
      vertex 33.9774 21.9502 2.4000
      vertex 33.9970 21.8831 2.4000
    endloop
  endfacet
  facet normal 0.976916 0.213622 0.000000
    outer loop
      vertex 33.9774 21.9502 0.0000
      vertex 33.7317 23.0736 0.0000
      vertex 33.7317 23.0736 2.4000
    endloop
  endfacet
  facet normal 0.976916 0.213622 -0.000000
    outer loop
      vertex 33.9774 21.9502 0.0000
      vertex 33.7317 23.0736 2.4000
      vertex 33.9774 21.9502 2.4000
    endloop
  endfacet
  facet normal 0.987956 0.154735 0.000000
    outer loop
      vertex 33.7317 23.0736 0.0000
      vertex 33.7225 23.1327 0.0000
      vertex 33.7225 23.1327 2.4000
    endloop
  endfacet
  facet normal 0.987956 0.154735 -0.000000
    outer loop
      vertex 33.7317 23.0736 0.0000
      vertex 33.7225 23.1327 2.4000
      vertex 33.7317 23.0736 2.4000
    endloop
  endfacet
  facet normal 0.999369 0.035507 0.000000
    outer loop
      vertex 33.7225 23.1327 0.0000
      vertex 33.7203 23.1926 0.0000
      vertex 33.7203 23.1926 2.4000
    endloop
  endfacet
  facet normal 0.999369 0.035507 -0.000000
    outer loop
      vertex 33.7225 23.1327 0.0000
      vertex 33.7203 23.1926 2.4000
      vertex 33.7225 23.1327 2.4000
    endloop
  endfacet
  facet normal 0.999702 -0.024405 0.000000
    outer loop
      vertex 33.7203 23.1926 0.0000
      vertex 33.7664 25.0792 0.0000
      vertex 33.7664 25.0792 2.4000
    endloop
  endfacet
  facet normal 0.999702 -0.024405 0.000000
    outer loop
      vertex 33.7203 23.1926 0.0000
      vertex 33.7664 25.0792 2.4000
      vertex 33.7203 23.1926 2.4000
    endloop
  endfacet
  facet normal 0.996983 -0.077619 0.000000
    outer loop
      vertex 33.7664 25.0792 0.0000
      vertex 33.7705 25.1323 0.0000
      vertex 33.7705 25.1323 2.4000
    endloop
  endfacet
  facet normal 0.996983 -0.077619 0.000000
    outer loop
      vertex 33.7664 25.0792 0.0000
      vertex 33.7705 25.1323 2.4000
      vertex 33.7664 25.0792 2.4000
    endloop
  endfacet
  facet normal 0.991433 -0.130613 0.000000
    outer loop
      vertex 33.7705 25.1323 0.0000
      vertex 34.0718 27.4194 0.0000
      vertex 34.0718 27.4194 2.4000
    endloop
  endfacet
  facet normal 0.991433 -0.130613 0.000000
    outer loop
      vertex 33.7705 25.1323 0.0000
      vertex 34.0718 27.4194 2.4000
      vertex 33.7705 25.1323 2.4000
    endloop
  endfacet
  facet normal 0.987158 -0.159746 0.000000
    outer loop
      vertex 34.0718 27.4194 0.0000
      vertex 34.0765 27.4485 0.0000
      vertex 34.0765 27.4485 2.4000
    endloop
  endfacet
  facet normal 0.987158 -0.159746 0.000000
    outer loop
      vertex 34.0718 27.4194 0.0000
      vertex 34.0765 27.4485 2.4000
      vertex 34.0718 27.4194 2.4000
    endloop
  endfacet
  facet normal 0.982027 -0.188740 0.000000
    outer loop
      vertex 34.0765 27.4485 0.0000
      vertex 34.5409 29.8646 0.0000
      vertex 34.5409 29.8646 2.4000
    endloop
  endfacet
  facet normal 0.982027 -0.188740 0.000000
    outer loop
      vertex 34.0765 27.4485 0.0000
      vertex 34.5409 29.8646 2.4000
      vertex 34.0765 27.4485 2.4000
    endloop
  endfacet
  facet normal 0.978358 -0.206918 0.000000
    outer loop
      vertex 34.5409 29.8646 0.0000
      vertex 34.5447 29.8827 0.0000
      vertex 34.5447 29.8827 2.4000
    endloop
  endfacet
  facet normal 0.978358 -0.206918 0.000000
    outer loop
      vertex 34.5409 29.8646 0.0000
      vertex 34.5447 29.8827 2.4000
      vertex 34.5409 29.8646 2.4000
    endloop
  endfacet
  facet normal 0.974353 -0.225026 0.000000
    outer loop
      vertex 34.5447 29.8827 0.0000
      vertex 35.0751 32.1793 0.0000
      vertex 35.0751 32.1793 2.4000
    endloop
  endfacet
  facet normal 0.974353 -0.225026 0.000000
    outer loop
      vertex 34.5447 29.8827 0.0000
      vertex 35.0751 32.1793 2.4000
      vertex 34.5447 29.8827 2.4000
    endloop
  endfacet
  facet normal 0.971418 -0.237376 0.000000
    outer loop
      vertex 35.0751 32.1793 0.0000
      vertex 35.0781 32.1916 0.0000
      vertex 35.0781 32.1916 2.4000
    endloop
  endfacet
  facet normal 0.971418 -0.237376 0.000000
    outer loop
      vertex 35.0751 32.1793 0.0000
      vertex 35.0781 32.1916 2.4000
      vertex 35.0751 32.1793 2.4000
    endloop
  endfacet
  facet normal 0.968326 -0.249689 0.000000
    outer loop
      vertex 35.0781 32.1916 0.0000
      vertex 35.5771 34.1265 0.0000
      vertex 35.5771 34.1265 2.4000
    endloop
  endfacet
  facet normal 0.968326 -0.249689 0.000000
    outer loop
      vertex 35.0781 32.1916 0.0000
      vertex 35.5771 34.1265 2.4000
      vertex 35.0781 32.1916 2.4000
    endloop
  endfacet
  facet normal 0.966000 -0.258544 0.000000
    outer loop
      vertex 35.5771 34.1265 0.0000
      vertex 35.5794 34.1354 0.0000
      vertex 35.5794 34.1354 2.4000
    endloop
  endfacet
  facet normal 0.966000 -0.258544 0.000000
    outer loop
      vertex 35.5771 34.1265 0.0000
      vertex 35.5794 34.1354 2.4000
      vertex 35.5771 34.1265 2.4000
    endloop
  endfacet
  facet normal 0.963592 -0.267377 0.000000
    outer loop
      vertex 35.5794 34.1354 0.0000
      vertex 35.9495 35.4691 0.0000
      vertex 35.9495 35.4691 2.4000
    endloop
  endfacet
  facet normal 0.963592 -0.267377 0.000000
    outer loop
      vertex 35.5794 34.1354 0.0000
      vertex 35.9495 35.4691 2.4000
      vertex 35.5794 34.1354 2.4000
    endloop
  endfacet
  facet normal 0.961854 -0.273562 0.000000
    outer loop
      vertex 35.9495 35.4691 0.0000
      vertex 35.9513 35.4753 0.0000
      vertex 35.9513 35.4753 2.4000
    endloop
  endfacet
  facet normal 0.961854 -0.273562 0.000000
    outer loop
      vertex 35.9495 35.4691 0.0000
      vertex 35.9513 35.4753 2.4000
      vertex 35.9495 35.4691 2.4000
    endloop
  endfacet
  facet normal 0.960077 -0.279735 0.000000
    outer loop
      vertex 35.9513 35.4753 0.0000
      vertex 36.0039 35.6559 0.0000
      vertex 36.0039 35.6559 2.4000
    endloop
  endfacet
  facet normal 0.960077 -0.279735 0.000000
    outer loop
      vertex 35.9513 35.4753 0.0000
      vertex 36.0039 35.6559 2.4000
      vertex 35.9513 35.4753 2.4000
    endloop
  endfacet
  facet normal 0.940651 -0.339375 0.000000
    outer loop
      vertex 36.0039 35.6559 0.0000
      vertex 36.0252 35.7149 0.0000
      vertex 36.0252 35.7149 2.4000
    endloop
  endfacet
  facet normal 0.940651 -0.339375 0.000000
    outer loop
      vertex 36.0039 35.6559 0.0000
      vertex 36.0252 35.7149 2.4000
      vertex 36.0039 35.6559 2.4000
    endloop
  endfacet
  facet normal 0.890787 -0.454422 0.000000
    outer loop
      vertex 36.0252 35.7149 0.0000
      vertex 36.0537 35.7707 0.0000
      vertex 36.0537 35.7707 2.4000
    endloop
  endfacet
  facet normal 0.890787 -0.454422 0.000000
    outer loop
      vertex 36.0252 35.7149 0.0000
      vertex 36.0537 35.7707 2.4000
      vertex 36.0252 35.7149 2.4000
    endloop
  endfacet
  facet normal 0.826917 -0.562324 0.000000
    outer loop
      vertex 36.0537 35.7707 0.0000
      vertex 36.0889 35.8226 0.0000
      vertex 36.0889 35.8226 2.4000
    endloop
  endfacet
  facet normal 0.826917 -0.562324 0.000000
    outer loop
      vertex 36.0537 35.7707 0.0000
      vertex 36.0889 35.8226 2.4000
      vertex 36.0537 35.7707 2.4000
    endloop
  endfacet
  facet normal 0.750047 -0.661384 0.000000
    outer loop
      vertex 36.0889 35.8226 0.0000
      vertex 36.1304 35.8696 0.0000
      vertex 36.1304 35.8696 2.4000
    endloop
  endfacet
  facet normal 0.750047 -0.661384 0.000000
    outer loop
      vertex 36.0889 35.8226 0.0000
      vertex 36.1304 35.8696 2.4000
      vertex 36.0889 35.8226 2.4000
    endloop
  endfacet
  facet normal 0.661384 -0.750047 0.000000
    outer loop
      vertex 36.1304 35.8696 0.0000
      vertex 36.1774 35.9111 0.0000
      vertex 36.1774 35.9111 2.4000
    endloop
  endfacet
  facet normal 0.661384 -0.750047 0.000000
    outer loop
      vertex 36.1304 35.8696 0.0000
      vertex 36.1774 35.9111 2.4000
      vertex 36.1304 35.8696 2.4000
    endloop
  endfacet
  facet normal 0.562324 -0.826917 0.000000
    outer loop
      vertex 36.1774 35.9111 0.0000
      vertex 36.2293 35.9463 0.0000
      vertex 36.2293 35.9463 2.4000
    endloop
  endfacet
  facet normal 0.562324 -0.826917 0.000000
    outer loop
      vertex 36.1774 35.9111 0.0000
      vertex 36.2293 35.9463 2.4000
      vertex 36.1774 35.9111 2.4000
    endloop
  endfacet
  facet normal 0.454422 -0.890787 0.000000
    outer loop
      vertex 36.2293 35.9463 0.0000
      vertex 36.2851 35.9748 0.0000
      vertex 36.2851 35.9748 2.4000
    endloop
  endfacet
  facet normal 0.454422 -0.890787 0.000000
    outer loop
      vertex 36.2293 35.9463 0.0000
      vertex 36.2851 35.9748 2.4000
      vertex 36.2293 35.9463 2.4000
    endloop
  endfacet
  facet normal 0.339375 -0.940651 0.000000
    outer loop
      vertex 36.2851 35.9748 0.0000
      vertex 36.3441 35.9961 0.0000
      vertex 36.3441 35.9961 2.4000
    endloop
  endfacet
  facet normal 0.339375 -0.940651 0.000000
    outer loop
      vertex 36.2851 35.9748 0.0000
      vertex 36.3441 35.9961 2.4000
      vertex 36.2851 35.9748 2.4000
    endloop
  endfacet
  facet normal 0.279735 -0.960077 0.000000
    outer loop
      vertex 36.3441 35.9961 0.0000
      vertex 36.5247 36.0487 0.0000
      vertex 36.5247 36.0487 2.4000
    endloop
  endfacet
  facet normal 0.279735 -0.960077 0.000000
    outer loop
      vertex 36.3441 35.9961 0.0000
      vertex 36.5247 36.0487 2.4000
      vertex 36.3441 35.9961 2.4000
    endloop
  endfacet
  facet normal 0.273562 -0.961854 0.000000
    outer loop
      vertex 36.5247 36.0487 0.0000
      vertex 36.5309 36.0505 0.0000
      vertex 36.5309 36.0505 2.4000
    endloop
  endfacet
  facet normal 0.273562 -0.961854 0.000000
    outer loop
      vertex 36.5247 36.0487 0.0000
      vertex 36.5309 36.0505 2.4000
      vertex 36.5247 36.0487 2.4000
    endloop
  endfacet
  facet normal 0.267377 -0.963592 0.000000
    outer loop
      vertex 36.5309 36.0505 0.0000
      vertex 37.8646 36.4206 0.0000
      vertex 37.8646 36.4206 2.4000
    endloop
  endfacet
  facet normal 0.267377 -0.963592 0.000000
    outer loop
      vertex 36.5309 36.0505 0.0000
      vertex 37.8646 36.4206 2.4000
      vertex 36.5309 36.0505 2.4000
    endloop
  endfacet
  facet normal 0.258544 -0.966000 0.000000
    outer loop
      vertex 37.8646 36.4206 0.0000
      vertex 37.8735 36.4229 0.0000
      vertex 37.8735 36.4229 2.4000
    endloop
  endfacet
  facet normal 0.258544 -0.966000 0.000000
    outer loop
      vertex 37.8646 36.4206 0.0000
      vertex 37.8735 36.4229 2.4000
      vertex 37.8646 36.4206 2.4000
    endloop
  endfacet
  facet normal 0.249689 -0.968326 0.000000
    outer loop
      vertex 37.8735 36.4229 0.0000
      vertex 39.8084 36.9219 0.0000
      vertex 39.8084 36.9219 2.4000
    endloop
  endfacet
  facet normal 0.249689 -0.968326 0.000000
    outer loop
      vertex 37.8735 36.4229 0.0000
      vertex 39.8084 36.9219 2.4000
      vertex 37.8735 36.4229 2.4000
    endloop
  endfacet
  facet normal 0.237376 -0.971418 0.000000
    outer loop
      vertex 39.8084 36.9219 0.0000
      vertex 39.8207 36.9249 0.0000
      vertex 39.8207 36.9249 2.4000
    endloop
  endfacet
  facet normal 0.237376 -0.971418 0.000000
    outer loop
      vertex 39.8084 36.9219 0.0000
      vertex 39.8207 36.9249 2.4000
      vertex 39.8084 36.9219 2.4000
    endloop
  endfacet
  facet normal 0.225026 -0.974353 0.000000
    outer loop
      vertex 39.8207 36.9249 0.0000
      vertex 42.1173 37.4553 0.0000
      vertex 42.1173 37.4553 2.4000
    endloop
  endfacet
  facet normal 0.225026 -0.974353 0.000000
    outer loop
      vertex 39.8207 36.9249 0.0000
      vertex 42.1173 37.4553 2.4000
      vertex 39.8207 36.9249 2.4000
    endloop
  endfacet
  facet normal 0.206918 -0.978358 0.000000
    outer loop
      vertex 42.1173 37.4553 0.0000
      vertex 42.1354 37.4591 0.0000
      vertex 42.1354 37.4591 2.4000
    endloop
  endfacet
  facet normal 0.206918 -0.978358 0.000000
    outer loop
      vertex 42.1173 37.4553 0.0000
      vertex 42.1354 37.4591 2.4000
      vertex 42.1173 37.4553 2.4000
    endloop
  endfacet
  facet normal 0.188740 -0.982027 0.000000
    outer loop
      vertex 42.1354 37.4591 0.0000
      vertex 44.5515 37.9235 0.0000
      vertex 44.5515 37.9235 2.4000
    endloop
  endfacet
  facet normal 0.188740 -0.982027 0.000000
    outer loop
      vertex 42.1354 37.4591 0.0000
      vertex 44.5515 37.9235 2.4000
      vertex 42.1354 37.4591 2.4000
    endloop
  endfacet
  facet normal 0.159746 -0.987158 0.000000
    outer loop
      vertex 44.5515 37.9235 0.0000
      vertex 44.5806 37.9282 0.0000
      vertex 44.5806 37.9282 2.4000
    endloop
  endfacet
  facet normal 0.159746 -0.987158 0.000000
    outer loop
      vertex 44.5515 37.9235 0.0000
      vertex 44.5806 37.9282 2.4000
      vertex 44.5515 37.9235 2.4000
    endloop
  endfacet
  facet normal 0.130613 -0.991433 0.000000
    outer loop
      vertex 44.5806 37.9282 0.0000
      vertex 46.8677 38.2295 0.0000
      vertex 46.8677 38.2295 2.4000
    endloop
  endfacet
  facet normal 0.130613 -0.991433 0.000000
    outer loop
      vertex 44.5806 37.9282 0.0000
      vertex 46.8677 38.2295 2.4000
      vertex 44.5806 37.9282 2.4000
    endloop
  endfacet
  facet normal 0.077619 -0.996983 0.000000
    outer loop
      vertex 46.8677 38.2295 0.0000
      vertex 46.9208 38.2336 0.0000
      vertex 46.9208 38.2336 2.4000
    endloop
  endfacet
  facet normal 0.077619 -0.996983 0.000000
    outer loop
      vertex 46.8677 38.2295 0.0000
      vertex 46.9208 38.2336 2.4000
      vertex 46.8677 38.2295 2.4000
    endloop
  endfacet
  facet normal 0.024405 -0.999702 0.000000
    outer loop
      vertex 46.9208 38.2336 0.0000
      vertex 48.8074 38.2797 0.0000
      vertex 48.8074 38.2797 2.4000
    endloop
  endfacet
  facet normal 0.024405 -0.999702 0.000000
    outer loop
      vertex 46.9208 38.2336 0.0000
      vertex 48.8074 38.2797 2.4000
      vertex 46.9208 38.2336 2.4000
    endloop
  endfacet
  facet normal -0.035507 -0.999369 0.000000
    outer loop
      vertex 48.8074 38.2797 0.0000
      vertex 48.8673 38.2775 0.0000
      vertex 48.8673 38.2775 2.4000
    endloop
  endfacet
  facet normal -0.035507 -0.999369 0.000000
    outer loop
      vertex 48.8074 38.2797 0.0000
      vertex 48.8673 38.2775 2.4000
      vertex 48.8074 38.2797 2.4000
    endloop
  endfacet
  facet normal -0.154735 -0.987956 0.000000
    outer loop
      vertex 48.8673 38.2775 0.0000
      vertex 48.9264 38.2683 0.0000
      vertex 48.9264 38.2683 2.4000
    endloop
  endfacet
  facet normal -0.154735 -0.987956 0.000000
    outer loop
      vertex 48.8673 38.2775 0.0000
      vertex 48.9264 38.2683 2.4000
      vertex 48.8673 38.2775 2.4000
    endloop
  endfacet
  facet normal -0.213622 -0.976916 0.000000
    outer loop
      vertex 48.9264 38.2683 0.0000
      vertex 50.0498 38.0226 0.0000
      vertex 50.0498 38.0226 2.4000
    endloop
  endfacet
  facet normal -0.213622 -0.976916 0.000000
    outer loop
      vertex 48.9264 38.2683 0.0000
      vertex 50.0498 38.0226 2.4000
      vertex 48.9264 38.2683 2.4000
    endloop
  endfacet
  facet normal -0.281323 -0.959613 0.000000
    outer loop
      vertex 50.0498 38.0226 0.0000
      vertex 50.1169 38.0030 0.0000
      vertex 50.1169 38.0030 2.4000
    endloop
  endfacet
  facet normal -0.281323 -0.959613 0.000000
    outer loop
      vertex 50.0498 38.0226 0.0000
      vertex 50.1169 38.0030 2.4000
      vertex 50.0498 38.0226 2.4000
    endloop
  endfacet
  facet normal -0.412278 -0.911058 0.000000
    outer loop
      vertex 50.1169 38.0030 0.0000
      vertex 50.1805 37.9742 0.0000
      vertex 50.1805 37.9742 2.4000
    endloop
  endfacet
  facet normal -0.412278 -0.911058 0.000000
    outer loop
      vertex 50.1169 38.0030 0.0000
      vertex 50.1805 37.9742 2.4000
      vertex 50.1169 38.0030 2.4000
    endloop
  endfacet
  facet normal -0.535191 -0.844731 0.000000
    outer loop
      vertex 50.1805 37.9742 0.0000
      vertex 50.2395 37.9368 0.0000
      vertex 50.2395 37.9368 2.4000
    endloop
  endfacet
  facet normal -0.535191 -0.844731 0.000000
    outer loop
      vertex 50.1805 37.9742 0.0000
      vertex 50.2395 37.9368 2.4000
      vertex 50.1805 37.9742 2.4000
    endloop
  endfacet
  facet normal -0.647665 -0.761925 0.000000
    outer loop
      vertex 50.2395 37.9368 0.0000
      vertex 50.2927 37.8916 0.0000
      vertex 50.2927 37.8916 2.4000
    endloop
  endfacet
  facet normal -0.647665 -0.761925 0.000000
    outer loop
      vertex 50.2395 37.9368 0.0000
      vertex 50.2927 37.8916 2.4000
      vertex 50.2395 37.9368 2.4000
    endloop
  endfacet
  facet normal -0.747504 -0.664257 0.000000
    outer loop
      vertex 50.2927 37.8916 0.0000
      vertex 50.3391 37.8394 0.0000
      vertex 50.3391 37.8394 2.4000
    endloop
  endfacet
  facet normal -0.747504 -0.664257 0.000000
    outer loop
      vertex 50.2927 37.8916 0.0000
      vertex 50.3391 37.8394 2.4000
      vertex 50.2927 37.8916 2.4000
    endloop
  endfacet
  facet normal -0.792067 -0.610434 0.000000
    outer loop
      vertex 50.3391 37.8394 0.0000
      vertex 50.5919 37.5113 0.0000
      vertex 50.5919 37.5113 2.4000
    endloop
  endfacet
  facet normal -0.792067 -0.610434 0.000000
    outer loop
      vertex 50.3391 37.8394 0.0000
      vertex 50.5919 37.5113 2.4000
      vertex 50.3391 37.8394 2.4000
    endloop
  endfacet
  facet normal -0.828705 -0.559686 0.000000
    outer loop
      vertex 50.5919 37.5113 0.0000
      vertex 50.6269 37.4594 0.0000
      vertex 50.6269 37.4594 2.4000
    endloop
  endfacet
  facet normal -0.828705 -0.559686 0.000000
    outer loop
      vertex 50.5919 37.5113 0.0000
      vertex 50.6269 37.4594 2.4000
      vertex 50.5919 37.5113 2.4000
    endloop
  endfacet
  facet normal -0.892110 -0.451819 0.000000
    outer loop
      vertex 50.6269 37.4594 0.0000
      vertex 50.6552 37.4036 0.0000
      vertex 50.6552 37.4036 2.4000
    endloop
  endfacet
  facet normal -0.892110 -0.451819 0.000000
    outer loop
      vertex 50.6269 37.4594 0.0000
      vertex 50.6552 37.4036 2.4000
      vertex 50.6269 37.4594 2.4000
    endloop
  endfacet
  facet normal -0.941548 -0.336878 0.000000
    outer loop
      vertex 50.6552 37.4036 0.0000
      vertex 50.6763 37.3447 0.0000
      vertex 50.6763 37.3447 2.4000
    endloop
  endfacet
  facet normal -0.941548 -0.336878 0.000000
    outer loop
      vertex 50.6552 37.4036 0.0000
      vertex 50.6763 37.3447 2.4000
      vertex 50.6552 37.4036 2.4000
    endloop
  endfacet
  facet normal -0.976246 -0.216664 0.000000
    outer loop
      vertex 50.6763 37.3447 0.0000
      vertex 50.6898 37.2836 0.0000
      vertex 50.6898 37.2836 2.4000
    endloop
  endfacet
  facet normal -0.976246 -0.216664 0.000000
    outer loop
      vertex 50.6763 37.3447 0.0000
      vertex 50.6898 37.2836 2.4000
      vertex 50.6763 37.3447 2.4000
    endloop
  endfacet
  facet normal -0.995661 -0.093057 0.000000
    outer loop
      vertex 50.6898 37.2836 0.0000
      vertex 50.6956 37.2214 0.0000
      vertex 50.6956 37.2214 2.4000
    endloop
  endfacet
  facet normal -0.995661 -0.093057 0.000000
    outer loop
      vertex 50.6898 37.2836 0.0000
      vertex 50.6956 37.2214 2.4000
      vertex 50.6898 37.2836 2.4000
    endloop
  endfacet
  facet normal -0.999488 0.032006 0.000000
    outer loop
      vertex 50.6956 37.2214 0.0000
      vertex 50.6936 37.1588 0.0000
      vertex 50.6936 37.1588 2.4000
    endloop
  endfacet
  facet normal -0.999488 0.032006 0.000000
    outer loop
      vertex 50.6956 37.2214 0.0000
      vertex 50.6936 37.1588 2.4000
      vertex 50.6956 37.2214 2.4000
    endloop
  endfacet
  facet normal -0.987667 0.156569 0.000000
    outer loop
      vertex 50.6936 37.1588 0.0000
      vertex 50.6839 37.0970 0.0000
      vertex 50.6839 37.0970 2.4000
    endloop
  endfacet
  facet normal -0.987667 0.156569 0.000000
    outer loop
      vertex 50.6936 37.1588 0.0000
      vertex 50.6839 37.0970 2.4000
      vertex 50.6936 37.1588 2.4000
    endloop
  endfacet
  facet normal -0.960384 0.278680 0.000000
    outer loop
      vertex 50.6839 37.0970 0.0000
      vertex 50.6664 37.0370 0.0000
      vertex 50.6664 37.0370 2.4000
    endloop
  endfacet
  facet normal -0.960384 0.278680 0.000000
    outer loop
      vertex 50.6839 37.0970 0.0000
      vertex 50.6664 37.0370 2.4000
      vertex 50.6839 37.0970 2.4000
    endloop
  endfacet
  facet normal -0.941068 0.338217 0.000000
    outer loop
      vertex 50.6664 37.0370 0.0000
      vertex 50.3091 36.0426 0.0000
      vertex 50.3091 36.0426 2.4000
    endloop
  endfacet
  facet normal -0.941068 0.338217 0.000000
    outer loop
      vertex 50.6664 37.0370 0.0000
      vertex 50.3091 36.0426 2.4000
      vertex 50.6664 37.0370 2.4000
    endloop
  endfacet
  facet normal -0.935674 0.352865 0.000000
    outer loop
      vertex 50.3091 36.0426 0.0000
      vertex 50.3036 36.0280 0.0000
      vertex 50.3036 36.0280 2.4000
    endloop
  endfacet
  facet normal -0.935674 0.352865 0.000000
    outer loop
      vertex 50.3091 36.0426 0.0000
      vertex 50.3036 36.0280 2.4000
      vertex 50.3091 36.0426 2.4000
    endloop
  endfacet
  facet normal -0.930052 0.367428 0.000000
    outer loop
      vertex 50.3036 36.0280 0.0000
      vertex 49.7339 34.5860 0.0000
      vertex 49.7339 34.5860 2.4000
    endloop
  endfacet
  facet normal -0.930052 0.367428 0.000000
    outer loop
      vertex 50.3036 36.0280 0.0000
      vertex 49.7339 34.5860 2.4000
      vertex 50.3036 36.0280 2.4000
    endloop
  endfacet
  facet normal -0.941077 0.338191 0.000000
    outer loop
      vertex 49.7339 34.5860 0.0000
      vertex 49.7311 34.5782 0.0000
      vertex 49.7311 34.5782 2.4000
    endloop
  endfacet
  facet normal -0.941077 0.338191 0.000000
    outer loop
      vertex 49.7339 34.5860 0.0000
      vertex 49.7311 34.5782 2.4000
      vertex 49.7339 34.5860 2.4000
    endloop
  endfacet
  facet normal -0.968602 0.248616 0.000000
    outer loop
      vertex 49.7311 34.5782 0.0000
      vertex 49.7265 34.5606 0.0000
      vertex 49.7265 34.5606 2.4000
    endloop
  endfacet
  facet normal -0.968602 0.248616 0.000000
    outer loop
      vertex 49.7311 34.5782 0.0000
      vertex 49.7265 34.5606 2.4000
      vertex 49.7311 34.5782 2.4000
    endloop
  endfacet
  facet normal -0.992040 0.125926 0.000000
    outer loop
      vertex 49.7265 34.5606 0.0000
      vertex 49.7250 34.5483 0.0000
      vertex 49.7250 34.5483 2.4000
    endloop
  endfacet
  facet normal -0.992040 0.125926 0.000000
    outer loop
      vertex 49.7265 34.5606 0.0000
      vertex 49.7250 34.5483 2.4000
      vertex 49.7265 34.5606 2.4000
    endloop
  endfacet
  facet normal -0.999999 0.001271 0.000000
    outer loop
      vertex 49.7250 34.5483 0.0000
      vertex 49.7250 34.5359 0.0000
      vertex 49.7250 34.5359 2.4000
    endloop
  endfacet
  facet normal -0.999999 0.001271 0.000000
    outer loop
      vertex 49.7250 34.5483 0.0000
      vertex 49.7250 34.5359 2.4000
      vertex 49.7250 34.5483 2.4000
    endloop
  endfacet
  facet normal -0.992356 -0.123404 0.000000
    outer loop
      vertex 49.7250 34.5359 0.0000
      vertex 49.7272 34.5179 0.0000
      vertex 49.7272 34.5179 2.4000
    endloop
  endfacet
  facet normal -0.992356 -0.123404 0.000000
    outer loop
      vertex 49.7250 34.5359 0.0000
      vertex 49.7272 34.5179 2.4000
      vertex 49.7250 34.5359 2.4000
    endloop
  endfacet
  facet normal -0.976448 -0.215752 0.000000
    outer loop
      vertex 49.7272 34.5179 0.0000
      vertex 49.7290 34.5098 0.0000
      vertex 49.7290 34.5098 2.4000
    endloop
  endfacet
  facet normal -0.976448 -0.215752 0.000000
    outer loop
      vertex 49.7272 34.5179 0.0000
      vertex 49.7290 34.5098 2.4000
      vertex 49.7272 34.5179 2.4000
    endloop
  endfacet
  facet normal -0.969231 -0.246154 0.000000
    outer loop
      vertex 49.7290 34.5098 0.0000
      vertex 50.0132 33.3908 0.0000
      vertex 50.0132 33.3908 2.4000
    endloop
  endfacet
  facet normal -0.969231 -0.246154 0.000000
    outer loop
      vertex 49.7290 34.5098 0.0000
      vertex 50.0132 33.3908 2.4000
      vertex 49.7290 34.5098 2.4000
    endloop
  endfacet
  facet normal -0.961291 -0.275535 0.000000
    outer loop
      vertex 50.0132 33.3908 0.0000
      vertex 50.0154 33.3830 0.0000
      vertex 50.0154 33.3830 2.4000
    endloop
  endfacet
  facet normal -0.961291 -0.275535 0.000000
    outer loop
      vertex 50.0132 33.3908 0.0000
      vertex 50.0154 33.3830 2.4000
      vertex 50.0132 33.3908 2.4000
    endloop
  endfacet
  facet normal -0.932162 -0.362040 0.000000
    outer loop
      vertex 50.0154 33.3830 0.0000
      vertex 50.0218 33.3665 0.0000
      vertex 50.0218 33.3665 2.4000
    endloop
  endfacet
  facet normal -0.932162 -0.362040 0.000000
    outer loop
      vertex 50.0154 33.3830 0.0000
      vertex 50.0218 33.3665 2.4000
      vertex 50.0154 33.3830 2.4000
    endloop
  endfacet
  facet normal -0.881295 -0.472567 0.000000
    outer loop
      vertex 50.0218 33.3665 0.0000
      vertex 50.0275 33.3559 0.0000
      vertex 50.0275 33.3559 2.4000
    endloop
  endfacet
  facet normal -0.881295 -0.472567 0.000000
    outer loop
      vertex 50.0218 33.3665 0.0000
      vertex 50.0275 33.3559 2.4000
      vertex 50.0218 33.3665 2.4000
    endloop
  endfacet
  facet normal -0.817381 -0.576098 0.000000
    outer loop
      vertex 50.0275 33.3559 0.0000
      vertex 50.0345 33.3460 0.0000
      vertex 50.0345 33.3460 2.4000
    endloop
  endfacet
  facet normal -0.817381 -0.576098 0.000000
    outer loop
      vertex 50.0275 33.3559 0.0000
      vertex 50.0345 33.3460 2.4000
      vertex 50.0275 33.3559 2.4000
    endloop
  endfacet
  facet normal -0.741366 -0.671101 0.000000
    outer loop
      vertex 50.0345 33.3460 0.0000
      vertex 50.0464 33.3329 0.0000
      vertex 50.0464 33.3329 2.4000
    endloop
  endfacet
  facet normal -0.741366 -0.671101 0.000000
    outer loop
      vertex 50.0345 33.3460 0.0000
      vertex 50.0464 33.3329 2.4000
      vertex 50.0345 33.3460 2.4000
    endloop
  endfacet
  facet normal -0.677085 -0.735905 0.000000
    outer loop
      vertex 50.0464 33.3329 0.0000
      vertex 50.0523 33.3274 0.0000
      vertex 50.0523 33.3274 2.4000
    endloop
  endfacet
  facet normal -0.677085 -0.735905 0.000000
    outer loop
      vertex 50.0464 33.3329 0.0000
      vertex 50.0523 33.3274 2.4000
      vertex 50.0464 33.3329 2.4000
    endloop
  endfacet
  facet normal -0.654377 -0.756169 0.000000
    outer loop
      vertex 50.0523 33.3274 0.0000
      vertex 50.9767 32.5275 0.0000
      vertex 50.9767 32.5275 2.4000
    endloop
  endfacet
  facet normal -0.654377 -0.756169 0.000000
    outer loop
      vertex 50.0523 33.3274 0.0000
      vertex 50.9767 32.5275 2.4000
      vertex 50.0523 33.3274 2.4000
    endloop
  endfacet
  facet normal -0.630625 -0.776088 0.000000
    outer loop
      vertex 50.9767 32.5275 0.0000
      vertex 50.9831 32.5223 0.0000
      vertex 50.9831 32.5223 2.4000
    endloop
  endfacet
  facet normal -0.630625 -0.776088 0.000000
    outer loop
      vertex 50.9767 32.5275 0.0000
      vertex 50.9831 32.5223 2.4000
      vertex 50.9767 32.5275 2.4000
    endloop
  endfacet
  facet normal -0.555827 -0.831298 0.000000
    outer loop
      vertex 50.9831 32.5223 0.0000
      vertex 50.9981 32.5123 0.0000
      vertex 50.9981 32.5123 2.4000
    endloop
  endfacet
  facet normal -0.555827 -0.831298 0.000000
    outer loop
      vertex 50.9831 32.5223 0.0000
      vertex 50.9981 32.5123 2.4000
      vertex 50.9831 32.5223 2.4000
    endloop
  endfacet
  facet normal -0.448742 -0.893662 0.000000
    outer loop
      vertex 50.9981 32.5123 0.0000
      vertex 51.0141 32.5042 0.0000
      vertex 51.0141 32.5042 2.4000
    endloop
  endfacet
  facet normal -0.448742 -0.893662 0.000000
    outer loop
      vertex 50.9981 32.5123 0.0000
      vertex 51.0141 32.5042 2.4000
      vertex 50.9981 32.5123 2.4000
    endloop
  endfacet
  facet normal -0.363811 -0.931473 0.000000
    outer loop
      vertex 51.0141 32.5042 0.0000
      vertex 51.0218 32.5012 0.0000
      vertex 51.0218 32.5012 2.4000
    endloop
  endfacet
  facet normal -0.363811 -0.931473 0.000000
    outer loop
      vertex 51.0141 32.5042 0.0000
      vertex 51.0218 32.5012 2.4000
      vertex 51.0141 32.5042 2.4000
    endloop
  endfacet
  facet normal -0.334765 -0.942302 0.000000
    outer loop
      vertex 51.0218 32.5012 0.0000
      vertex 52.3755 32.0203 0.0000
      vertex 52.3755 32.0203 2.4000
    endloop
  endfacet
  facet normal -0.334765 -0.942302 0.000000
    outer loop
      vertex 51.0218 32.5012 0.0000
      vertex 52.3755 32.0203 2.4000
      vertex 51.0218 32.5012 2.4000
    endloop
  endfacet
  facet normal -0.306417 -0.951898 0.000000
    outer loop
      vertex 52.3755 32.0203 0.0000
      vertex 52.3831 32.0178 0.0000
      vertex 52.3831 32.0178 2.4000
    endloop
  endfacet
  facet normal -0.306417 -0.951898 0.000000
    outer loop
      vertex 52.3755 32.0203 0.0000
      vertex 52.3831 32.0178 2.4000
      vertex 52.3755 32.0203 2.4000
    endloop
  endfacet
  facet normal -0.219827 -0.975539 0.000000
    outer loop
      vertex 52.3831 32.0178 0.0000
      vertex 52.4054 32.0128 0.0000
      vertex 52.4054 32.0128 2.4000
    endloop
  endfacet
  facet normal -0.219827 -0.975539 0.000000
    outer loop
      vertex 52.3831 32.0178 0.0000
      vertex 52.4054 32.0128 2.4000
      vertex 52.3831 32.0178 2.4000
    endloop
  endfacet
  facet normal -0.131466 -0.991321 0.000000
    outer loop
      vertex 52.4054 32.0128 0.0000
      vertex 52.4133 32.0118 0.0000
      vertex 52.4133 32.0118 2.4000
    endloop
  endfacet
  facet normal -0.131466 -0.991321 0.000000
    outer loop
      vertex 52.4054 32.0128 0.0000
      vertex 52.4133 32.0118 2.4000
      vertex 52.4054 32.0128 2.4000
    endloop
  endfacet
  facet normal -0.101742 -0.994811 0.000000
    outer loop
      vertex 52.4133 32.0118 0.0000
      vertex 53.9835 31.8512 0.0000
      vertex 53.9835 31.8512 2.4000
    endloop
  endfacet
  facet normal -0.101742 -0.994811 0.000000
    outer loop
      vertex 52.4133 32.0118 0.0000
      vertex 53.9835 31.8512 2.4000
      vertex 52.4133 32.0118 2.4000
    endloop
  endfacet
  facet normal -0.076364 -0.997080 0.000000
    outer loop
      vertex 53.9835 31.8512 0.0000
      vertex 53.9903 31.8506 0.0000
      vertex 53.9903 31.8506 2.4000
    endloop
  endfacet
  facet normal -0.076364 -0.997080 0.000000
    outer loop
      vertex 53.9835 31.8512 0.0000
      vertex 53.9903 31.8506 2.4000
      vertex 53.9835 31.8512 2.4000
    endloop
  endfacet
  facet normal 0.000000 -1.000000 0.000000
    outer loop
      vertex 53.9903 31.8506 0.0000
      vertex 54.0097 31.8506 0.0000
      vertex 54.0097 31.8506 2.4000
    endloop
  endfacet
  facet normal 0.000000 -1.000000 0.000000
    outer loop
      vertex 53.9903 31.8506 0.0000
      vertex 54.0097 31.8506 2.4000
      vertex 53.9903 31.8506 2.4000
    endloop
  endfacet
  facet normal 0.076364 -0.997080 0.000000
    outer loop
      vertex 54.0097 31.8506 0.0000
      vertex 54.0165 31.8512 0.0000
      vertex 54.0165 31.8512 2.4000
    endloop
  endfacet
  facet normal 0.076364 -0.997080 0.000000
    outer loop
      vertex 54.0097 31.8506 0.0000
      vertex 54.0165 31.8512 2.4000
      vertex 54.0097 31.8506 2.4000
    endloop
  endfacet
  facet normal 0.101742 -0.994811 0.000000
    outer loop
      vertex 54.0165 31.8512 0.0000
      vertex 55.5867 32.0118 0.0000
      vertex 55.5867 32.0118 2.4000
    endloop
  endfacet
  facet normal 0.101742 -0.994811 0.000000
    outer loop
      vertex 54.0165 31.8512 0.0000
      vertex 55.5867 32.0118 2.4000
      vertex 54.0165 31.8512 2.4000
    endloop
  endfacet
  facet normal 0.131466 -0.991321 0.000000
    outer loop
      vertex 55.5867 32.0118 0.0000
      vertex 55.5946 32.0128 0.0000
      vertex 55.5946 32.0128 2.4000
    endloop
  endfacet
  facet normal 0.131466 -0.991321 0.000000
    outer loop
      vertex 55.5867 32.0118 0.0000
      vertex 55.5946 32.0128 2.4000
      vertex 55.5867 32.0118 2.4000
    endloop
  endfacet
  facet normal 0.219827 -0.975539 0.000000
    outer loop
      vertex 55.5946 32.0128 0.0000
      vertex 55.6169 32.0178 0.0000
      vertex 55.6169 32.0178 2.4000
    endloop
  endfacet
  facet normal 0.219827 -0.975539 0.000000
    outer loop
      vertex 55.5946 32.0128 0.0000
      vertex 55.6169 32.0178 2.4000
      vertex 55.5946 32.0128 2.4000
    endloop
  endfacet
  facet normal 0.306417 -0.951898 0.000000
    outer loop
      vertex 55.6169 32.0178 0.0000
      vertex 55.6245 32.0203 0.0000
      vertex 55.6245 32.0203 2.4000
    endloop
  endfacet
  facet normal 0.306417 -0.951898 0.000000
    outer loop
      vertex 55.6169 32.0178 0.0000
      vertex 55.6245 32.0203 2.4000
      vertex 55.6169 32.0178 2.4000
    endloop
  endfacet
  facet normal 0.334765 -0.942302 0.000000
    outer loop
      vertex 55.6245 32.0203 0.0000
      vertex 56.9782 32.5012 0.0000
      vertex 56.9782 32.5012 2.4000
    endloop
  endfacet
  facet normal 0.334765 -0.942302 0.000000
    outer loop
      vertex 55.6245 32.0203 0.0000
      vertex 56.9782 32.5012 2.4000
      vertex 55.6245 32.0203 2.4000
    endloop
  endfacet
  facet normal 0.363811 -0.931473 0.000000
    outer loop
      vertex 56.9782 32.5012 0.0000
      vertex 56.9859 32.5042 0.0000
      vertex 56.9859 32.5042 2.4000
    endloop
  endfacet
  facet normal 0.363811 -0.931473 0.000000
    outer loop
      vertex 56.9782 32.5012 0.0000
      vertex 56.9859 32.5042 2.4000
      vertex 56.9782 32.5012 2.4000
    endloop
  endfacet
  facet normal 0.448742 -0.893662 0.000000
    outer loop
      vertex 56.9859 32.5042 0.0000
      vertex 57.0019 32.5123 0.0000
      vertex 57.0019 32.5123 2.4000
    endloop
  endfacet
  facet normal 0.448742 -0.893662 0.000000
    outer loop
      vertex 56.9859 32.5042 0.0000
      vertex 57.0019 32.5123 2.4000
      vertex 56.9859 32.5042 2.4000
    endloop
  endfacet
  facet normal 0.555827 -0.831298 0.000000
    outer loop
      vertex 57.0019 32.5123 0.0000
      vertex 57.0169 32.5223 0.0000
      vertex 57.0169 32.5223 2.4000
    endloop
  endfacet
  facet normal 0.555827 -0.831298 0.000000
    outer loop
      vertex 57.0019 32.5123 0.0000
      vertex 57.0169 32.5223 2.4000
      vertex 57.0019 32.5123 2.4000
    endloop
  endfacet
  facet normal 0.630625 -0.776088 0.000000
    outer loop
      vertex 57.0169 32.5223 0.0000
      vertex 57.0233 32.5275 0.0000
      vertex 57.0233 32.5275 2.4000
    endloop
  endfacet
  facet normal 0.630625 -0.776088 0.000000
    outer loop
      vertex 57.0169 32.5223 0.0000
      vertex 57.0233 32.5275 2.4000
      vertex 57.0169 32.5223 2.4000
    endloop
  endfacet
  facet normal 0.654377 -0.756169 0.000000
    outer loop
      vertex 57.0233 32.5275 0.0000
      vertex 57.9477 33.3274 0.0000
      vertex 57.9477 33.3274 2.4000
    endloop
  endfacet
  facet normal 0.654377 -0.756169 0.000000
    outer loop
      vertex 57.0233 32.5275 0.0000
      vertex 57.9477 33.3274 2.4000
      vertex 57.0233 32.5275 2.4000
    endloop
  endfacet
  facet normal 0.677085 -0.735905 0.000000
    outer loop
      vertex 57.9477 33.3274 0.0000
      vertex 57.9536 33.3329 0.0000
      vertex 57.9536 33.3329 2.4000
    endloop
  endfacet
  facet normal 0.677085 -0.735905 0.000000
    outer loop
      vertex 57.9477 33.3274 0.0000
      vertex 57.9536 33.3329 2.4000
      vertex 57.9477 33.3274 2.4000
    endloop
  endfacet
  facet normal 0.741366 -0.671101 0.000000
    outer loop
      vertex 57.9536 33.3329 0.0000
      vertex 57.9655 33.3460 0.0000
      vertex 57.9655 33.3460 2.4000
    endloop
  endfacet
  facet normal 0.741366 -0.671101 0.000000
    outer loop
      vertex 57.9536 33.3329 0.0000
      vertex 57.9655 33.3460 2.4000
      vertex 57.9536 33.3329 2.4000
    endloop
  endfacet
  facet normal 0.817381 -0.576098 0.000000
    outer loop
      vertex 57.9655 33.3460 0.0000
      vertex 57.9725 33.3559 0.0000
      vertex 57.9725 33.3559 2.4000
    endloop
  endfacet
  facet normal 0.817381 -0.576098 0.000000
    outer loop
      vertex 57.9655 33.3460 0.0000
      vertex 57.9725 33.3559 2.4000
      vertex 57.9655 33.3460 2.4000
    endloop
  endfacet
  facet normal 0.881295 -0.472567 0.000000
    outer loop
      vertex 57.9725 33.3559 0.0000
      vertex 57.9782 33.3665 0.0000
      vertex 57.9782 33.3665 2.4000
    endloop
  endfacet
  facet normal 0.881295 -0.472567 0.000000
    outer loop
      vertex 57.9725 33.3559 0.0000
      vertex 57.9782 33.3665 2.4000
      vertex 57.9725 33.3559 2.4000
    endloop
  endfacet
  facet normal 0.932162 -0.362040 0.000000
    outer loop
      vertex 57.9782 33.3665 0.0000
      vertex 57.9846 33.3830 0.0000
      vertex 57.9846 33.3830 2.4000
    endloop
  endfacet
  facet normal 0.932162 -0.362040 0.000000
    outer loop
      vertex 57.9782 33.3665 0.0000
      vertex 57.9846 33.3830 2.4000
      vertex 57.9782 33.3665 2.4000
    endloop
  endfacet
  facet normal 0.961291 -0.275535 0.000000
    outer loop
      vertex 57.9846 33.3830 0.0000
      vertex 57.9868 33.3908 0.0000
      vertex 57.9868 33.3908 2.4000
    endloop
  endfacet
  facet normal 0.961291 -0.275535 0.000000
    outer loop
      vertex 57.9846 33.3830 0.0000
      vertex 57.9868 33.3908 2.4000
      vertex 57.9846 33.3830 2.4000
    endloop
  endfacet
  facet normal 0.969231 -0.246154 0.000000
    outer loop
      vertex 57.9868 33.3908 0.0000
      vertex 58.2710 34.5098 0.0000
      vertex 58.2710 34.5098 2.4000
    endloop
  endfacet
  facet normal 0.969231 -0.246154 0.000000
    outer loop
      vertex 57.9868 33.3908 0.0000
      vertex 58.2710 34.5098 2.4000
      vertex 57.9868 33.3908 2.4000
    endloop
  endfacet
  facet normal 0.976448 -0.215752 0.000000
    outer loop
      vertex 58.2710 34.5098 0.0000
      vertex 58.2728 34.5179 0.0000
      vertex 58.2728 34.5179 2.4000
    endloop
  endfacet
  facet normal 0.976448 -0.215752 0.000000
    outer loop
      vertex 58.2710 34.5098 0.0000
      vertex 58.2728 34.5179 2.4000
      vertex 58.2710 34.5098 2.4000
    endloop
  endfacet
  facet normal 0.992356 -0.123404 0.000000
    outer loop
      vertex 58.2728 34.5179 0.0000
      vertex 58.2750 34.5359 0.0000
      vertex 58.2750 34.5359 2.4000
    endloop
  endfacet
  facet normal 0.992356 -0.123404 0.000000
    outer loop
      vertex 58.2728 34.5179 0.0000
      vertex 58.2750 34.5359 2.4000
      vertex 58.2728 34.5179 2.4000
    endloop
  endfacet
  facet normal 0.999999 0.001271 0.000000
    outer loop
      vertex 58.2750 34.5359 0.0000
      vertex 58.2750 34.5483 0.0000
      vertex 58.2750 34.5483 2.4000
    endloop
  endfacet
  facet normal 0.999999 0.001271 -0.000000
    outer loop
      vertex 58.2750 34.5359 0.0000
      vertex 58.2750 34.5483 2.4000
      vertex 58.2750 34.5359 2.4000
    endloop
  endfacet
  facet normal 0.992040 0.125926 0.000000
    outer loop
      vertex 58.2750 34.5483 0.0000
      vertex 58.2735 34.5606 0.0000
      vertex 58.2735 34.5606 2.4000
    endloop
  endfacet
  facet normal 0.992040 0.125926 -0.000000
    outer loop
      vertex 58.2750 34.5483 0.0000
      vertex 58.2735 34.5606 2.4000
      vertex 58.2750 34.5483 2.4000
    endloop
  endfacet
  facet normal 0.968602 0.248616 0.000000
    outer loop
      vertex 58.2735 34.5606 0.0000
      vertex 58.2689 34.5782 0.0000
      vertex 58.2689 34.5782 2.4000
    endloop
  endfacet
  facet normal 0.968602 0.248616 -0.000000
    outer loop
      vertex 58.2735 34.5606 0.0000
      vertex 58.2689 34.5782 2.4000
      vertex 58.2735 34.5606 2.4000
    endloop
  endfacet
  facet normal 0.941077 0.338191 0.000000
    outer loop
      vertex 58.2689 34.5782 0.0000
      vertex 58.2661 34.5860 0.0000
      vertex 58.2661 34.5860 2.4000
    endloop
  endfacet
  facet normal 0.941077 0.338191 -0.000000
    outer loop
      vertex 58.2689 34.5782 0.0000
      vertex 58.2661 34.5860 2.4000
      vertex 58.2689 34.5782 2.4000
    endloop
  endfacet
  facet normal 0.930052 0.367428 0.000000
    outer loop
      vertex 58.2661 34.5860 0.0000
      vertex 57.6964 36.0280 0.0000
      vertex 57.6964 36.0280 2.4000
    endloop
  endfacet
  facet normal 0.930052 0.367428 -0.000000
    outer loop
      vertex 58.2661 34.5860 0.0000
      vertex 57.6964 36.0280 2.4000
      vertex 58.2661 34.5860 2.4000
    endloop
  endfacet
  facet normal 0.935674 0.352865 0.000000
    outer loop
      vertex 57.6964 36.0280 0.0000
      vertex 57.6909 36.0426 0.0000
      vertex 57.6909 36.0426 2.4000
    endloop
  endfacet
  facet normal 0.935674 0.352865 -0.000000
    outer loop
      vertex 57.6964 36.0280 0.0000
      vertex 57.6909 36.0426 2.4000
      vertex 57.6964 36.0280 2.4000
    endloop
  endfacet
  facet normal 0.941068 0.338217 0.000000
    outer loop
      vertex 57.6909 36.0426 0.0000
      vertex 57.3336 37.0370 0.0000
      vertex 57.3336 37.0370 2.4000
    endloop
  endfacet
  facet normal 0.941068 0.338217 -0.000000
    outer loop
      vertex 57.6909 36.0426 0.0000
      vertex 57.3336 37.0370 2.4000
      vertex 57.6909 36.0426 2.4000
    endloop
  endfacet
  facet normal 0.960384 0.278680 0.000000
    outer loop
      vertex 57.3336 37.0370 0.0000
      vertex 57.3161 37.0970 0.0000
      vertex 57.3161 37.0970 2.4000
    endloop
  endfacet
  facet normal 0.960384 0.278680 -0.000000
    outer loop
      vertex 57.3336 37.0370 0.0000
      vertex 57.3161 37.0970 2.4000
      vertex 57.3336 37.0370 2.4000
    endloop
  endfacet
  facet normal 0.987667 0.156569 0.000000
    outer loop
      vertex 57.3161 37.0970 0.0000
      vertex 57.3064 37.1588 0.0000
      vertex 57.3064 37.1588 2.4000
    endloop
  endfacet
  facet normal 0.987667 0.156569 -0.000000
    outer loop
      vertex 57.3161 37.0970 0.0000
      vertex 57.3064 37.1588 2.4000
      vertex 57.3161 37.0970 2.4000
    endloop
  endfacet
  facet normal 0.999488 0.032006 0.000000
    outer loop
      vertex 57.3064 37.1588 0.0000
      vertex 57.3044 37.2214 0.0000
      vertex 57.3044 37.2214 2.4000
    endloop
  endfacet
  facet normal 0.999488 0.032006 -0.000000
    outer loop
      vertex 57.3064 37.1588 0.0000
      vertex 57.3044 37.2214 2.4000
      vertex 57.3064 37.1588 2.4000
    endloop
  endfacet
  facet normal 0.995661 -0.093057 0.000000
    outer loop
      vertex 57.3044 37.2214 0.0000
      vertex 57.3102 37.2836 0.0000
      vertex 57.3102 37.2836 2.4000
    endloop
  endfacet
  facet normal 0.995661 -0.093057 0.000000
    outer loop
      vertex 57.3044 37.2214 0.0000
      vertex 57.3102 37.2836 2.4000
      vertex 57.3044 37.2214 2.4000
    endloop
  endfacet
  facet normal 0.976246 -0.216664 0.000000
    outer loop
      vertex 57.3102 37.2836 0.0000
      vertex 57.3237 37.3447 0.0000
      vertex 57.3237 37.3447 2.4000
    endloop
  endfacet
  facet normal 0.976246 -0.216664 0.000000
    outer loop
      vertex 57.3102 37.2836 0.0000
      vertex 57.3237 37.3447 2.4000
      vertex 57.3102 37.2836 2.4000
    endloop
  endfacet
  facet normal 0.941548 -0.336878 0.000000
    outer loop
      vertex 57.3237 37.3447 0.0000
      vertex 57.3448 37.4036 0.0000
      vertex 57.3448 37.4036 2.4000
    endloop
  endfacet
  facet normal 0.941548 -0.336878 0.000000
    outer loop
      vertex 57.3237 37.3447 0.0000
      vertex 57.3448 37.4036 2.4000
      vertex 57.3237 37.3447 2.4000
    endloop
  endfacet
  facet normal 0.892110 -0.451819 0.000000
    outer loop
      vertex 57.3448 37.4036 0.0000
      vertex 57.3731 37.4594 0.0000
      vertex 57.3731 37.4594 2.4000
    endloop
  endfacet
  facet normal 0.892110 -0.451819 0.000000
    outer loop
      vertex 57.3448 37.4036 0.0000
      vertex 57.3731 37.4594 2.4000
      vertex 57.3448 37.4036 2.4000
    endloop
  endfacet
  facet normal 0.828705 -0.559686 0.000000
    outer loop
      vertex 57.3731 37.4594 0.0000
      vertex 57.4081 37.5113 0.0000
      vertex 57.4081 37.5113 2.4000
    endloop
  endfacet
  facet normal 0.828705 -0.559686 0.000000
    outer loop
      vertex 57.3731 37.4594 0.0000
      vertex 57.4081 37.5113 2.4000
      vertex 57.3731 37.4594 2.4000
    endloop
  endfacet
  facet normal 0.792067 -0.610434 0.000000
    outer loop
      vertex 57.4081 37.5113 0.0000
      vertex 57.6609 37.8394 0.0000
      vertex 57.6609 37.8394 2.4000
    endloop
  endfacet
  facet normal 0.792067 -0.610434 0.000000
    outer loop
      vertex 57.4081 37.5113 0.0000
      vertex 57.6609 37.8394 2.4000
      vertex 57.4081 37.5113 2.4000
    endloop
  endfacet
  facet normal 0.747504 -0.664257 0.000000
    outer loop
      vertex 57.6609 37.8394 0.0000
      vertex 57.7073 37.8916 0.0000
      vertex 57.7073 37.8916 2.4000
    endloop
  endfacet
  facet normal 0.747504 -0.664257 0.000000
    outer loop
      vertex 57.6609 37.8394 0.0000
      vertex 57.7073 37.8916 2.4000
      vertex 57.6609 37.8394 2.4000
    endloop
  endfacet
  facet normal 0.647665 -0.761925 0.000000
    outer loop
      vertex 57.7073 37.8916 0.0000
      vertex 57.7605 37.9368 0.0000
      vertex 57.7605 37.9368 2.4000
    endloop
  endfacet
  facet normal 0.647665 -0.761925 0.000000
    outer loop
      vertex 57.7073 37.8916 0.0000
      vertex 57.7605 37.9368 2.4000
      vertex 57.7073 37.8916 2.4000
    endloop
  endfacet
  facet normal 0.535191 -0.844731 0.000000
    outer loop
      vertex 57.7605 37.9368 0.0000
      vertex 57.8195 37.9742 0.0000
      vertex 57.8195 37.9742 2.4000
    endloop
  endfacet
  facet normal 0.535191 -0.844731 0.000000
    outer loop
      vertex 57.7605 37.9368 0.0000
      vertex 57.8195 37.9742 2.4000
      vertex 57.7605 37.9368 2.4000
    endloop
  endfacet
  facet normal 0.412278 -0.911058 0.000000
    outer loop
      vertex 57.8195 37.9742 0.0000
      vertex 57.8831 38.0030 0.0000
      vertex 57.8831 38.0030 2.4000
    endloop
  endfacet
  facet normal 0.412278 -0.911058 0.000000
    outer loop
      vertex 57.8195 37.9742 0.0000
      vertex 57.8831 38.0030 2.4000
      vertex 57.8195 37.9742 2.4000
    endloop
  endfacet
  facet normal 0.281323 -0.959613 0.000000
    outer loop
      vertex 57.8831 38.0030 0.0000
      vertex 57.9502 38.0226 0.0000
      vertex 57.9502 38.0226 2.4000
    endloop
  endfacet
  facet normal 0.281323 -0.959613 0.000000
    outer loop
      vertex 57.8831 38.0030 0.0000
      vertex 57.9502 38.0226 2.4000
      vertex 57.8831 38.0030 2.4000
    endloop
  endfacet
  facet normal 0.213622 -0.976916 0.000000
    outer loop
      vertex 57.9502 38.0226 0.0000
      vertex 59.0736 38.2683 0.0000
      vertex 59.0736 38.2683 2.4000
    endloop
  endfacet
  facet normal 0.213622 -0.976916 0.000000
    outer loop
      vertex 57.9502 38.0226 0.0000
      vertex 59.0736 38.2683 2.4000
      vertex 57.9502 38.0226 2.4000
    endloop
  endfacet
  facet normal 0.154735 -0.987956 0.000000
    outer loop
      vertex 59.0736 38.2683 0.0000
      vertex 59.1327 38.2775 0.0000
      vertex 59.1327 38.2775 2.4000
    endloop
  endfacet
  facet normal 0.154735 -0.987956 0.000000
    outer loop
      vertex 59.0736 38.2683 0.0000
      vertex 59.1327 38.2775 2.4000
      vertex 59.0736 38.2683 2.4000
    endloop
  endfacet
  facet normal 0.035507 -0.999369 0.000000
    outer loop
      vertex 59.1327 38.2775 0.0000
      vertex 59.1926 38.2797 0.0000
      vertex 59.1926 38.2797 2.4000
    endloop
  endfacet
  facet normal 0.035507 -0.999369 0.000000
    outer loop
      vertex 59.1327 38.2775 0.0000
      vertex 59.1926 38.2797 2.4000
      vertex 59.1327 38.2775 2.4000
    endloop
  endfacet
  facet normal -0.024405 -0.999702 0.000000
    outer loop
      vertex 59.1926 38.2797 0.0000
      vertex 61.0792 38.2336 0.0000
      vertex 61.0792 38.2336 2.4000
    endloop
  endfacet
  facet normal -0.024405 -0.999702 0.000000
    outer loop
      vertex 59.1926 38.2797 0.0000
      vertex 61.0792 38.2336 2.4000
      vertex 59.1926 38.2797 2.4000
    endloop
  endfacet
  facet normal -0.077619 -0.996983 0.000000
    outer loop
      vertex 61.0792 38.2336 0.0000
      vertex 61.1323 38.2295 0.0000
      vertex 61.1323 38.2295 2.4000
    endloop
  endfacet
  facet normal -0.077619 -0.996983 0.000000
    outer loop
      vertex 61.0792 38.2336 0.0000
      vertex 61.1323 38.2295 2.4000
      vertex 61.0792 38.2336 2.4000
    endloop
  endfacet
  facet normal -0.130613 -0.991433 0.000000
    outer loop
      vertex 61.1323 38.2295 0.0000
      vertex 63.4194 37.9282 0.0000
      vertex 63.4194 37.9282 2.4000
    endloop
  endfacet
  facet normal -0.130613 -0.991433 0.000000
    outer loop
      vertex 61.1323 38.2295 0.0000
      vertex 63.4194 37.9282 2.4000
      vertex 61.1323 38.2295 2.4000
    endloop
  endfacet
  facet normal -0.159746 -0.987158 0.000000
    outer loop
      vertex 63.4194 37.9282 0.0000
      vertex 63.4485 37.9235 0.0000
      vertex 63.4485 37.9235 2.4000
    endloop
  endfacet
  facet normal -0.159746 -0.987158 0.000000
    outer loop
      vertex 63.4194 37.9282 0.0000
      vertex 63.4485 37.9235 2.4000
      vertex 63.4194 37.9282 2.4000
    endloop
  endfacet
  facet normal -0.188740 -0.982027 0.000000
    outer loop
      vertex 63.4485 37.9235 0.0000
      vertex 65.8646 37.4591 0.0000
      vertex 65.8646 37.4591 2.4000
    endloop
  endfacet
  facet normal -0.188740 -0.982027 0.000000
    outer loop
      vertex 63.4485 37.9235 0.0000
      vertex 65.8646 37.4591 2.4000
      vertex 63.4485 37.9235 2.4000
    endloop
  endfacet
  facet normal -0.206918 -0.978358 0.000000
    outer loop
      vertex 65.8646 37.4591 0.0000
      vertex 65.8827 37.4553 0.0000
      vertex 65.8827 37.4553 2.4000
    endloop
  endfacet
  facet normal -0.206918 -0.978358 0.000000
    outer loop
      vertex 65.8646 37.4591 0.0000
      vertex 65.8827 37.4553 2.4000
      vertex 65.8646 37.4591 2.4000
    endloop
  endfacet
  facet normal -0.225026 -0.974353 0.000000
    outer loop
      vertex 65.8827 37.4553 0.0000
      vertex 68.1793 36.9249 0.0000
      vertex 68.1793 36.9249 2.4000
    endloop
  endfacet
  facet normal -0.225026 -0.974353 0.000000
    outer loop
      vertex 65.8827 37.4553 0.0000
      vertex 68.1793 36.9249 2.4000
      vertex 65.8827 37.4553 2.4000
    endloop
  endfacet
  facet normal -0.237376 -0.971418 0.000000
    outer loop
      vertex 68.1793 36.9249 0.0000
      vertex 68.1916 36.9219 0.0000
      vertex 68.1916 36.9219 2.4000
    endloop
  endfacet
  facet normal -0.237376 -0.971418 0.000000
    outer loop
      vertex 68.1793 36.9249 0.0000
      vertex 68.1916 36.9219 2.4000
      vertex 68.1793 36.9249 2.4000
    endloop
  endfacet
  facet normal -0.249689 -0.968326 0.000000
    outer loop
      vertex 68.1916 36.9219 0.0000
      vertex 70.1265 36.4229 0.0000
      vertex 70.1265 36.4229 2.4000
    endloop
  endfacet
  facet normal -0.249689 -0.968326 0.000000
    outer loop
      vertex 68.1916 36.9219 0.0000
      vertex 70.1265 36.4229 2.4000
      vertex 68.1916 36.9219 2.4000
    endloop
  endfacet
  facet normal -0.258544 -0.966000 0.000000
    outer loop
      vertex 70.1265 36.4229 0.0000
      vertex 70.1354 36.4206 0.0000
      vertex 70.1354 36.4206 2.4000
    endloop
  endfacet
  facet normal -0.258544 -0.966000 0.000000
    outer loop
      vertex 70.1265 36.4229 0.0000
      vertex 70.1354 36.4206 2.4000
      vertex 70.1265 36.4229 2.4000
    endloop
  endfacet
  facet normal -0.267377 -0.963592 0.000000
    outer loop
      vertex 70.1354 36.4206 0.0000
      vertex 71.4691 36.0505 0.0000
      vertex 71.4691 36.0505 2.4000
    endloop
  endfacet
  facet normal -0.267377 -0.963592 0.000000
    outer loop
      vertex 70.1354 36.4206 0.0000
      vertex 71.4691 36.0505 2.4000
      vertex 70.1354 36.4206 2.4000
    endloop
  endfacet
  facet normal -0.273562 -0.961854 0.000000
    outer loop
      vertex 71.4691 36.0505 0.0000
      vertex 71.4753 36.0487 0.0000
      vertex 71.4753 36.0487 2.4000
    endloop
  endfacet
  facet normal -0.273562 -0.961854 0.000000
    outer loop
      vertex 71.4691 36.0505 0.0000
      vertex 71.4753 36.0487 2.4000
      vertex 71.4691 36.0505 2.4000
    endloop
  endfacet
  facet normal -0.279735 -0.960077 0.000000
    outer loop
      vertex 71.4753 36.0487 0.0000
      vertex 71.5399 36.0299 0.0000
      vertex 71.5399 36.0299 2.4000
    endloop
  endfacet
  facet normal -0.279735 -0.960077 0.000000
    outer loop
      vertex 71.4753 36.0487 0.0000
      vertex 71.5399 36.0299 2.4000
      vertex 71.4753 36.0487 2.4000
    endloop
  endfacet
  facet normal -0.340907 -0.940097 0.000000
    outer loop
      vertex 71.5399 36.0299 0.0000
      vertex 71.6003 36.0080 0.0000
      vertex 71.6003 36.0080 2.4000
    endloop
  endfacet
  facet normal -0.340907 -0.940097 0.000000
    outer loop
      vertex 71.5399 36.0299 0.0000
      vertex 71.6003 36.0080 2.4000
      vertex 71.5399 36.0299 2.4000
    endloop
  endfacet
  facet normal -0.458769 -0.888555 0.000000
    outer loop
      vertex 71.6003 36.0080 0.0000
      vertex 71.6575 35.9785 0.0000
      vertex 71.6575 35.9785 2.4000
    endloop
  endfacet
  facet normal -0.458769 -0.888555 0.000000
    outer loop
      vertex 71.6003 36.0080 0.0000
      vertex 71.6575 35.9785 2.4000
      vertex 71.6003 36.0080 2.4000
    endloop
  endfacet
  facet normal -0.569040 -0.822310 0.000000
    outer loop
      vertex 71.6575 35.9785 0.0000
      vertex 71.7104 35.9419 0.0000
      vertex 71.7104 35.9419 2.4000
    endloop
  endfacet
  facet normal -0.569040 -0.822310 0.000000
    outer loop
      vertex 71.6575 35.9785 0.0000
      vertex 71.7104 35.9419 2.4000
      vertex 71.6575 35.9785 2.4000
    endloop
  endfacet
  facet normal -0.669893 -0.742457 0.000000
    outer loop
      vertex 71.7104 35.9419 0.0000
      vertex 71.7581 35.8988 0.0000
      vertex 71.7581 35.8988 2.4000
    endloop
  endfacet
  facet normal -0.669893 -0.742457 0.000000
    outer loop
      vertex 71.7104 35.9419 0.0000
      vertex 71.7581 35.8988 2.4000
      vertex 71.7104 35.9419 2.4000
    endloop
  endfacet
  facet normal -0.759662 -0.650318 0.000000
    outer loop
      vertex 71.7581 35.8988 0.0000
      vertex 71.8000 35.8499 0.0000
      vertex 71.8000 35.8499 2.4000
    endloop
  endfacet
  facet normal -0.759662 -0.650318 0.000000
    outer loop
      vertex 71.7581 35.8988 0.0000
      vertex 71.8000 35.8499 2.4000
      vertex 71.7581 35.8988 2.4000
    endloop
  endfacet
  facet normal -0.836860 -0.547418 0.000000
    outer loop
      vertex 71.8000 35.8499 0.0000
      vertex 71.8352 35.7961 0.0000
      vertex 71.8352 35.7961 2.4000
    endloop
  endfacet
  facet normal -0.836860 -0.547418 0.000000
    outer loop
      vertex 71.8000 35.8499 0.0000
      vertex 71.8352 35.7961 2.4000
      vertex 71.8000 35.8499 2.4000
    endloop
  endfacet
  facet normal -0.900209 -0.435458 0.000000
    outer loop
      vertex 71.8352 35.7961 0.0000
      vertex 71.8632 35.7382 0.0000
      vertex 71.8632 35.7382 2.4000
    endloop
  endfacet
  facet normal -0.900209 -0.435458 0.000000
    outer loop
      vertex 71.8352 35.7961 0.0000
      vertex 71.8632 35.7382 2.4000
      vertex 71.8352 35.7961 2.4000
    endloop
  endfacet
  facet normal -0.948661 -0.316293 0.000000
    outer loop
      vertex 71.8632 35.7382 0.0000
      vertex 71.8835 35.6772 0.0000
      vertex 71.8835 35.6772 2.4000
    endloop
  endfacet
  facet normal -0.948661 -0.316293 0.000000
    outer loop
      vertex 71.8632 35.7382 0.0000
      vertex 71.8835 35.6772 2.4000
      vertex 71.8632 35.7382 2.4000
    endloop
  endfacet
  facet normal -0.981416 -0.191894 0.000000
    outer loop
      vertex 71.8835 35.6772 0.0000
      vertex 71.8959 35.6141 0.0000
      vertex 71.8959 35.6141 2.4000
    endloop
  endfacet
  facet normal -0.981416 -0.191894 0.000000
    outer loop
      vertex 71.8835 35.6772 0.0000
      vertex 71.8959 35.6141 2.4000
      vertex 71.8835 35.6772 2.4000
    endloop
  endfacet
  facet normal -0.997929 -0.064319 0.000000
    outer loop
      vertex 71.8959 35.6141 0.0000
      vertex 71.9000 35.5499 0.0000
      vertex 71.9000 35.5499 2.4000
    endloop
  endfacet
  facet normal -0.997929 -0.064319 0.000000
    outer loop
      vertex 71.8959 35.6141 0.0000
      vertex 71.9000 35.5499 2.4000
      vertex 71.8959 35.6141 2.4000
    endloop
  endfacet
  facet normal -1.000000 0.000000 0.000000
    outer loop
      vertex 71.9000 35.5499 0.0000
      vertex 71.9000 0.6000 0.0000
      vertex 71.9000 0.6000 2.4000
    endloop
  endfacet
  facet normal -1.000000 0.000000 0.000000
    outer loop
      vertex 71.9000 35.5499 0.0000
      vertex 71.9000 0.6000 2.4000
      vertex 71.9000 35.5499 2.4000
    endloop
  endfacet
  facet normal -0.997859 0.065403 0.000000
    outer loop
      vertex 71.9000 0.6000 0.0000
      vertex 71.8957 0.5347 0.0000
      vertex 71.8957 0.5347 2.4000
    endloop
  endfacet
  facet normal -0.997859 0.065403 0.000000
    outer loop
      vertex 71.9000 0.6000 0.0000
      vertex 71.8957 0.5347 2.4000
      vertex 71.9000 0.6000 2.4000
    endloop
  endfacet
  facet normal -0.980785 0.195090 0.000000
    outer loop
      vertex 71.8957 0.5347 0.0000
      vertex 71.8830 0.4706 0.0000
      vertex 71.8830 0.4706 2.4000
    endloop
  endfacet
  facet normal -0.980785 0.195090 0.000000
    outer loop
      vertex 71.8957 0.5347 0.0000
      vertex 71.8830 0.4706 2.4000
      vertex 71.8957 0.5347 2.4000
    endloop
  endfacet
  facet normal -0.946930 0.321439 0.000000
    outer loop
      vertex 71.8830 0.4706 0.0000
      vertex 71.8619 0.4087 0.0000
      vertex 71.8619 0.4087 2.4000
    endloop
  endfacet
  facet normal -0.946930 0.321439 0.000000
    outer loop
      vertex 71.8830 0.4706 0.0000
      vertex 71.8619 0.4087 2.4000
      vertex 71.8830 0.4706 2.4000
    endloop
  endfacet
  facet normal -0.896873 0.442289 0.000000
    outer loop
      vertex 71.8619 0.4087 0.0000
      vertex 71.8330 0.3500 0.0000
      vertex 71.8330 0.3500 2.4000
    endloop
  endfacet
  facet normal -0.896873 0.442289 0.000000
    outer loop
      vertex 71.8619 0.4087 0.0000
      vertex 71.8330 0.3500 2.4000
      vertex 71.8619 0.4087 2.4000
    endloop
  endfacet
  facet normal -0.831470 0.555570 0.000000
    outer loop
      vertex 71.8330 0.3500 0.0000
      vertex 71.7967 0.2956 0.0000
      vertex 71.7967 0.2956 2.4000
    endloop
  endfacet
  facet normal -0.831470 0.555570 0.000000
    outer loop
      vertex 71.8330 0.3500 0.0000
      vertex 71.7967 0.2956 2.4000
      vertex 71.8330 0.3500 2.4000
    endloop
  endfacet
  facet normal -0.751840 0.659346 0.000000
    outer loop
      vertex 71.7967 0.2956 0.0000
      vertex 71.7536 0.2464 0.0000
      vertex 71.7536 0.2464 2.4000
    endloop
  endfacet
  facet normal -0.751840 0.659346 0.000000
    outer loop
      vertex 71.7967 0.2956 0.0000
      vertex 71.7536 0.2464 2.4000
      vertex 71.7967 0.2956 2.4000
    endloop
  endfacet
  facet normal -0.659346 0.751840 0.000000
    outer loop
      vertex 71.7536 0.2464 0.0000
      vertex 71.7044 0.2033 0.0000
      vertex 71.7044 0.2033 2.4000
    endloop
  endfacet
  facet normal -0.659346 0.751840 0.000000
    outer loop
      vertex 71.7536 0.2464 0.0000
      vertex 71.7044 0.2033 2.4000
      vertex 71.7536 0.2464 2.4000
    endloop
  endfacet
  facet normal -0.555570 0.831470 0.000000
    outer loop
      vertex 71.7044 0.2033 0.0000
      vertex 71.6500 0.1670 0.0000
      vertex 71.6500 0.1670 2.4000
    endloop
  endfacet
  facet normal -0.555570 0.831470 0.000000
    outer loop
      vertex 71.7044 0.2033 0.0000
      vertex 71.6500 0.1670 2.4000
      vertex 71.7044 0.2033 2.4000
    endloop
  endfacet
  facet normal -0.442289 0.896873 0.000000
    outer loop
      vertex 71.6500 0.1670 0.0000
      vertex 71.5913 0.1381 0.0000
      vertex 71.5913 0.1381 2.4000
    endloop
  endfacet
  facet normal -0.442289 0.896873 0.000000
    outer loop
      vertex 71.6500 0.1670 0.0000
      vertex 71.5913 0.1381 2.4000
      vertex 71.6500 0.1670 2.4000
    endloop
  endfacet
  facet normal -0.321439 0.946930 0.000000
    outer loop
      vertex 71.5913 0.1381 0.0000
      vertex 71.5294 0.1170 0.0000
      vertex 71.5294 0.1170 2.4000
    endloop
  endfacet
  facet normal -0.321439 0.946930 0.000000
    outer loop
      vertex 71.5913 0.1381 0.0000
      vertex 71.5294 0.1170 2.4000
      vertex 71.5913 0.1381 2.4000
    endloop
  endfacet
  facet normal -0.195090 0.980785 0.000000
    outer loop
      vertex 71.5294 0.1170 0.0000
      vertex 71.4653 0.1043 0.0000
      vertex 71.4653 0.1043 2.4000
    endloop
  endfacet
  facet normal -0.195090 0.980785 0.000000
    outer loop
      vertex 71.5294 0.1170 0.0000
      vertex 71.4653 0.1043 2.4000
      vertex 71.5294 0.1170 2.4000
    endloop
  endfacet
  facet normal -0.065403 0.997859 0.000000
    outer loop
      vertex 71.4653 0.1043 0.0000
      vertex 71.4000 0.1000 0.0000
      vertex 71.4000 0.1000 2.4000
    endloop
  endfacet
  facet normal -0.065403 0.997859 0.000000
    outer loop
      vertex 71.4653 0.1043 0.0000
      vertex 71.4000 0.1000 2.4000
      vertex 71.4653 0.1043 2.4000
    endloop
  endfacet
  facet normal 0.000000 1.000000 0.000000
    outer loop
      vertex 71.4000 0.1000 0.0000
      vertex 36.4501 0.1000 0.0000
      vertex 36.4501 0.1000 2.4000
    endloop
  endfacet
  facet normal 0.000000 1.000000 -0.000000
    outer loop
      vertex 71.4000 0.1000 0.0000
      vertex 36.4501 0.1000 2.4000
      vertex 71.4000 0.1000 2.4000
    endloop
  endfacet
  facet normal 0.000000 0.000000 -1.000000
    outer loop
      vertex 59.6000 38.0000 4.4000
      vertex 60.0000 38.0000 4.4000
      vertex 59.8000 37.8000 4.4000
    endloop
  endfacet
  facet normal 0.000000 -0.000000 1.000000
    outer loop
      vertex 59.8000 37.8000 2.3200
      vertex 60.0000 38.0000 2.3200
      vertex 59.6000 38.0000 2.3200
    endloop
  endfacet
  facet normal 0.000000 -0.000000 -1.000000
    outer loop
      vertex 60.2000 38.2000 4.4000
      vertex 60.4000 38.2000 4.4000
      vertex 60.0000 38.0000 4.4000
    endloop
  endfacet
  facet normal 0.000000 0.000000 1.000000
    outer loop
      vertex 60.0000 38.0000 2.3200
      vertex 60.4000 38.2000 2.3200
      vertex 60.2000 38.2000 2.3200
    endloop
  endfacet
  facet normal 0.000000 -0.000000 -1.000000
    outer loop
      vertex 60.4000 38.2000 4.4000
      vertex 60.6000 37.8000 4.4000
      vertex 60.0000 38.0000 4.4000
    endloop
  endfacet
  facet normal -0.000000 0.000000 1.000000
    outer loop
      vertex 60.0000 38.0000 2.3200
      vertex 60.6000 37.8000 2.3200
      vertex 60.4000 38.2000 2.3200
    endloop
  endfacet
  facet normal 0.000000 0.000000 -1.000000
    outer loop
      vertex 60.4000 38.2000 4.4000
      vertex 60.6000 38.0000 4.4000
      vertex 60.6000 37.8000 4.4000
    endloop
  endfacet
  facet normal 0.000000 -0.000000 1.000000
    outer loop
      vertex 60.6000 37.8000 2.3200
      vertex 60.6000 38.0000 2.3200
      vertex 60.4000 38.2000 2.3200
    endloop
  endfacet
  facet normal 0.000000 0.000000 -1.000000
    outer loop
      vertex 62.8000 38.0098 4.4000
      vertex 63.4194 37.9282 4.4000
      vertex 62.8000 37.8000 4.4000
    endloop
  endfacet
  facet normal 0.000000 0.000000 1.000000
    outer loop
      vertex 62.8000 37.8000 2.3200
      vertex 63.4194 37.9282 2.3200
      vertex 62.8000 38.0098 2.3200
    endloop
  endfacet
  facet normal 0.000000 0.000000 -1.000000
    outer loop
      vertex 63.4194 37.9282 4.4000
      vertex 63.4000 37.4000 4.4000
      vertex 62.8000 37.8000 4.4000
    endloop
  endfacet
  facet normal -0.000000 0.000000 1.000000
    outer loop
      vertex 62.8000 37.8000 2.3200
      vertex 63.4000 37.4000 2.3200
      vertex 63.4194 37.9282 2.3200
    endloop
  endfacet
  facet normal 0.000000 -0.000000 -1.000000
    outer loop
      vertex 63.4194 37.9282 4.4000
      vertex 63.6000 37.6000 4.4000
      vertex 63.4000 37.4000 4.4000
    endloop
  endfacet
  facet normal 0.000000 0.000000 1.000000
    outer loop
      vertex 63.4000 37.4000 2.3200
      vertex 63.6000 37.6000 2.3200
      vertex 63.4194 37.9282 2.3200
    endloop
  endfacet
  facet normal 0.000000 0.000000 -1.000000
    outer loop
      vertex 63.4194 37.9282 4.4000
      vertex 63.4485 37.9235 4.4000
      vertex 63.6000 37.6000 4.4000
    endloop
  endfacet
  facet normal 0.000000 0.000000 1.000000
    outer loop
      vertex 63.6000 37.6000 2.3200
      vertex 63.4485 37.9235 2.3200
      vertex 63.4194 37.9282 2.3200
    endloop
  endfacet
  facet normal 0.000000 0.000000 -1.000000
    outer loop
      vertex 63.4485 37.9235 4.4000
      vertex 63.6000 37.8943 4.4000
      vertex 63.6000 37.6000 4.4000
    endloop
  endfacet
  facet normal 0.000000 -0.000000 1.000000
    outer loop
      vertex 63.6000 37.6000 2.3200
      vertex 63.6000 37.8943 2.3200
      vertex 63.4485 37.9235 2.3200
    endloop
  endfacet
  facet normal 0.000000 0.000000 -1.000000
    outer loop
      vertex 63.0000 36.8000 4.4000
      vertex 62.8000 37.8000 4.4000
      vertex 63.4000 37.2000 4.4000
    endloop
  endfacet
  facet normal 0.000000 0.000000 1.000000
    outer loop
      vertex 63.4000 37.2000 2.3200
      vertex 62.8000 37.8000 2.3200
      vertex 63.0000 36.8000 2.3200
    endloop
  endfacet
  facet normal 0.000000 0.000000 -1.000000
    outer loop
      vertex 63.0000 36.8000 4.4000
      vertex 62.6000 36.8000 4.4000
      vertex 62.8000 37.8000 4.4000
    endloop
  endfacet
  facet normal 0.000000 0.000000 1.000000
    outer loop
      vertex 62.8000 37.8000 2.3200
      vertex 62.6000 36.8000 2.3200
      vertex 63.0000 36.8000 2.3200
    endloop
  endfacet
  facet normal 0.000000 0.000000 -1.000000
    outer loop
      vertex 62.4000 36.6000 4.4000
      vertex 62.2000 37.2000 4.4000
      vertex 62.6000 36.8000 4.4000
    endloop
  endfacet
  facet normal 0.000000 0.000000 1.000000
    outer loop
      vertex 62.6000 36.8000 2.3200
      vertex 62.2000 37.2000 2.3200
      vertex 62.4000 36.6000 2.3200
    endloop
  endfacet
  facet normal 0.000000 0.000000 -1.000000
    outer loop
      vertex 62.4000 36.6000 4.4000
      vertex 61.0000 36.6000 4.4000
      vertex 62.2000 37.2000 4.4000
    endloop
  endfacet
  facet normal 0.000000 0.000000 1.000000
    outer loop
      vertex 62.2000 37.2000 2.3200
      vertex 61.0000 36.6000 2.3200
      vertex 62.4000 36.6000 2.3200
    endloop
  endfacet
  facet normal 0.000000 0.000000 -1.000000
    outer loop
      vertex 61.0000 36.6000 4.4000
      vertex 61.2000 37.2000 4.4000
      vertex 62.2000 37.2000 4.4000
    endloop
  endfacet
  facet normal 0.000000 0.000000 1.000000
    outer loop
      vertex 62.2000 37.2000 2.3200
      vertex 61.2000 37.2000 2.3200
      vertex 61.0000 36.6000 2.3200
    endloop
  endfacet
  facet normal 0.000000 0.000000 -1.000000
    outer loop
      vertex 61.0000 36.6000 4.4000
      vertex 60.8000 36.8000 4.4000
      vertex 61.2000 37.2000 4.4000
    endloop
  endfacet
  facet normal 0.000000 0.000000 1.000000
    outer loop
      vertex 61.2000 37.2000 2.3200
      vertex 60.8000 36.8000 2.3200
      vertex 61.0000 36.6000 2.3200
    endloop
  endfacet
  facet normal 0.000000 0.000000 -1.000000
    outer loop
      vertex 60.4000 36.8000 4.4000
      vertex 60.6000 37.8000 4.4000
      vertex 60.8000 36.8000 4.4000
    endloop
  endfacet
  facet normal 0.000000 0.000000 1.000000
    outer loop
      vertex 60.8000 36.8000 2.3200
      vertex 60.6000 37.8000 2.3200
      vertex 60.4000 36.8000 2.3200
    endloop
  endfacet
  facet normal 0.000000 0.000000 -1.000000
    outer loop
      vertex 60.4000 36.8000 4.4000
      vertex 59.8000 37.4000 4.4000
      vertex 60.6000 37.8000 4.4000
    endloop
  endfacet
  facet normal 0.000000 0.000000 1.000000
    outer loop
      vertex 60.6000 37.8000 2.3200
      vertex 59.8000 37.4000 2.3200
      vertex 60.4000 36.8000 2.3200
    endloop
  endfacet
  facet normal 0.000000 0.000000 -1.000000
    outer loop
      vertex 59.8000 37.4000 4.4000
      vertex 60.0000 38.0000 4.4000
      vertex 60.6000 37.8000 4.4000
    endloop
  endfacet
  facet normal 0.000000 0.000000 1.000000
    outer loop
      vertex 60.6000 37.8000 2.3200
      vertex 60.0000 38.0000 2.3200
      vertex 59.8000 37.4000 2.3200
    endloop
  endfacet
  facet normal 0.000000 0.000000 -1.000000
    outer loop
      vertex 59.8000 37.4000 4.4000
      vertex 59.8000 37.8000 4.4000
      vertex 60.0000 38.0000 4.4000
    endloop
  endfacet
  facet normal 0.000000 0.000000 1.000000
    outer loop
      vertex 60.0000 38.0000 2.3200
      vertex 59.8000 37.8000 2.3200
      vertex 59.8000 37.4000 2.3200
    endloop
  endfacet
  facet normal 0.000000 0.000000 -1.000000
    outer loop
      vertex 60.6000 37.8000 4.4000
      vertex 61.2000 37.2000 4.4000
      vertex 60.8000 36.8000 4.4000
    endloop
  endfacet
  facet normal 0.000000 -0.000000 1.000000
    outer loop
      vertex 60.8000 36.8000 2.3200
      vertex 61.2000 37.2000 2.3200
      vertex 60.6000 37.8000 2.3200
    endloop
  endfacet
  facet normal 0.000000 0.000000 -1.000000
    outer loop
      vertex 62.2000 37.2000 4.4000
      vertex 62.8000 37.8000 4.4000
      vertex 62.6000 36.8000 4.4000
    endloop
  endfacet
  facet normal 0.000000 -0.000000 1.000000
    outer loop
      vertex 62.6000 36.8000 2.3200
      vertex 62.8000 37.8000 2.3200
      vertex 62.2000 37.2000 2.3200
    endloop
  endfacet
  facet normal 0.000000 0.000000 -1.000000
    outer loop
      vertex 62.8000 37.8000 4.4000
      vertex 63.4000 37.4000 4.4000
      vertex 63.4000 37.2000 4.4000
    endloop
  endfacet
  facet normal 0.000000 -0.000000 1.000000
    outer loop
      vertex 63.4000 37.2000 2.3200
      vertex 63.4000 37.4000 2.3200
      vertex 62.8000 37.8000 2.3200
    endloop
  endfacet
  facet normal -0.707107 0.707107 0.000000
    outer loop
      vertex 63.6000 37.6000 2.3200
      vertex 63.4000 37.4000 2.3200
      vertex 63.4000 37.4000 4.4000
    endloop
  endfacet
  facet normal -0.707107 0.707107 0.000000
    outer loop
      vertex 63.6000 37.6000 2.3200
      vertex 63.4000 37.4000 4.4000
      vertex 63.6000 37.6000 4.4000
    endloop
  endfacet
  facet normal -1.000000 0.000000 0.000000
    outer loop
      vertex 63.4000 37.4000 2.3200
      vertex 63.4000 37.2000 2.3200
      vertex 63.4000 37.2000 4.4000
    endloop
  endfacet
  facet normal -1.000000 0.000000 0.000000
    outer loop
      vertex 63.4000 37.4000 2.3200
      vertex 63.4000 37.2000 4.4000
      vertex 63.4000 37.4000 4.4000
    endloop
  endfacet
  facet normal -0.707107 0.707107 0.000000
    outer loop
      vertex 63.4000 37.2000 2.3200
      vertex 63.0000 36.8000 2.3200
      vertex 63.0000 36.8000 4.4000
    endloop
  endfacet
  facet normal -0.707107 0.707107 0.000000
    outer loop
      vertex 63.4000 37.2000 2.3200
      vertex 63.0000 36.8000 4.4000
      vertex 63.4000 37.2000 4.4000
    endloop
  endfacet
  facet normal 0.000000 1.000000 0.000000
    outer loop
      vertex 63.0000 36.8000 2.3200
      vertex 62.6000 36.8000 2.3200
      vertex 62.6000 36.8000 4.4000
    endloop
  endfacet
  facet normal 0.000000 1.000000 -0.000000
    outer loop
      vertex 63.0000 36.8000 2.3200
      vertex 62.6000 36.8000 4.4000
      vertex 63.0000 36.8000 4.4000
    endloop
  endfacet
  facet normal -0.707107 0.707107 0.000000
    outer loop
      vertex 62.6000 36.8000 2.3200
      vertex 62.4000 36.6000 2.3200
      vertex 62.4000 36.6000 4.4000
    endloop
  endfacet
  facet normal -0.707107 0.707107 0.000000
    outer loop
      vertex 62.6000 36.8000 2.3200
      vertex 62.4000 36.6000 4.4000
      vertex 62.6000 36.8000 4.4000
    endloop
  endfacet
  facet normal 0.000000 1.000000 0.000000
    outer loop
      vertex 62.4000 36.6000 2.3200
      vertex 61.0000 36.6000 2.3200
      vertex 61.0000 36.6000 4.4000
    endloop
  endfacet
  facet normal 0.000000 1.000000 -0.000000
    outer loop
      vertex 62.4000 36.6000 2.3200
      vertex 61.0000 36.6000 4.4000
      vertex 62.4000 36.6000 4.4000
    endloop
  endfacet
  facet normal 0.707107 0.707107 0.000000
    outer loop
      vertex 61.0000 36.6000 2.3200
      vertex 60.8000 36.8000 2.3200
      vertex 60.8000 36.8000 4.4000
    endloop
  endfacet
  facet normal 0.707107 0.707107 -0.000000
    outer loop
      vertex 61.0000 36.6000 2.3200
      vertex 60.8000 36.8000 4.4000
      vertex 61.0000 36.6000 4.4000
    endloop
  endfacet
  facet normal 0.000000 1.000000 0.000000
    outer loop
      vertex 60.8000 36.8000 2.3200
      vertex 60.4000 36.8000 2.3200
      vertex 60.4000 36.8000 4.4000
    endloop
  endfacet
  facet normal 0.000000 1.000000 -0.000000
    outer loop
      vertex 60.8000 36.8000 2.3200
      vertex 60.4000 36.8000 4.4000
      vertex 60.8000 36.8000 4.4000
    endloop
  endfacet
  facet normal 0.707107 0.707107 0.000000
    outer loop
      vertex 60.4000 36.8000 2.3200
      vertex 59.8000 37.4000 2.3200
      vertex 59.8000 37.4000 4.4000
    endloop
  endfacet
  facet normal 0.707107 0.707107 -0.000000
    outer loop
      vertex 60.4000 36.8000 2.3200
      vertex 59.8000 37.4000 4.4000
      vertex 60.4000 36.8000 4.4000
    endloop
  endfacet
  facet normal 1.000000 0.000000 0.000000
    outer loop
      vertex 59.8000 37.4000 2.3200
      vertex 59.8000 37.8000 2.3200
      vertex 59.8000 37.8000 4.4000
    endloop
  endfacet
  facet normal 1.000000 0.000000 0.000000
    outer loop
      vertex 59.8000 37.4000 2.3200
      vertex 59.8000 37.8000 4.4000
      vertex 59.8000 37.4000 4.4000
    endloop
  endfacet
  facet normal 0.707107 0.707107 0.000000
    outer loop
      vertex 59.8000 37.8000 2.3200
      vertex 59.6000 38.0000 2.3200
      vertex 59.6000 38.0000 4.4000
    endloop
  endfacet
  facet normal 0.707107 0.707107 -0.000000
    outer loop
      vertex 59.8000 37.8000 2.3200
      vertex 59.6000 38.0000 4.4000
      vertex 59.8000 37.8000 4.4000
    endloop
  endfacet
  facet normal 0.000000 -1.000000 0.000000
    outer loop
      vertex 59.6000 38.0000 2.3200
      vertex 60.0000 38.0000 2.3200
      vertex 60.0000 38.0000 4.4000
    endloop
  endfacet
  facet normal 0.000000 -1.000000 0.000000
    outer loop
      vertex 59.6000 38.0000 2.3200
      vertex 60.0000 38.0000 4.4000
      vertex 59.6000 38.0000 4.4000
    endloop
  endfacet
  facet normal 0.707107 -0.707107 0.000000
    outer loop
      vertex 60.0000 38.0000 2.3200
      vertex 60.2000 38.2000 2.3200
      vertex 60.2000 38.2000 4.4000
    endloop
  endfacet
  facet normal 0.707107 -0.707107 0.000000
    outer loop
      vertex 60.0000 38.0000 2.3200
      vertex 60.2000 38.2000 4.4000
      vertex 60.0000 38.0000 4.4000
    endloop
  endfacet
  facet normal 0.000000 -1.000000 0.000000
    outer loop
      vertex 60.2000 38.2000 2.3200
      vertex 60.4000 38.2000 2.3200
      vertex 60.4000 38.2000 4.4000
    endloop
  endfacet
  facet normal 0.000000 -1.000000 0.000000
    outer loop
      vertex 60.2000 38.2000 2.3200
      vertex 60.4000 38.2000 4.4000
      vertex 60.2000 38.2000 4.4000
    endloop
  endfacet
  facet normal -0.707107 -0.707107 0.000000
    outer loop
      vertex 60.4000 38.2000 2.3200
      vertex 60.6000 38.0000 2.3200
      vertex 60.6000 38.0000 4.4000
    endloop
  endfacet
  facet normal -0.707107 -0.707107 0.000000
    outer loop
      vertex 60.4000 38.2000 2.3200
      vertex 60.6000 38.0000 4.4000
      vertex 60.4000 38.2000 4.4000
    endloop
  endfacet
  facet normal -1.000000 0.000000 0.000000
    outer loop
      vertex 60.6000 38.0000 2.3200
      vertex 60.6000 37.8000 2.3200
      vertex 60.6000 37.8000 4.4000
    endloop
  endfacet
  facet normal -1.000000 0.000000 0.000000
    outer loop
      vertex 60.6000 38.0000 2.3200
      vertex 60.6000 37.8000 4.4000
      vertex 60.6000 38.0000 4.4000
    endloop
  endfacet
  facet normal -0.707107 -0.707107 0.000000
    outer loop
      vertex 60.6000 37.8000 2.3200
      vertex 61.2000 37.2000 2.3200
      vertex 61.2000 37.2000 4.4000
    endloop
  endfacet
  facet normal -0.707107 -0.707107 0.000000
    outer loop
      vertex 60.6000 37.8000 2.3200
      vertex 61.2000 37.2000 4.4000
      vertex 60.6000 37.8000 4.4000
    endloop
  endfacet
  facet normal 0.000000 -1.000000 0.000000
    outer loop
      vertex 61.2000 37.2000 2.3200
      vertex 62.2000 37.2000 2.3200
      vertex 62.2000 37.2000 4.4000
    endloop
  endfacet
  facet normal 0.000000 -1.000000 0.000000
    outer loop
      vertex 61.2000 37.2000 2.3200
      vertex 62.2000 37.2000 4.4000
      vertex 61.2000 37.2000 4.4000
    endloop
  endfacet
  facet normal 0.707107 -0.707107 0.000000
    outer loop
      vertex 62.2000 37.2000 2.3200
      vertex 62.8000 37.8000 2.3200
      vertex 62.8000 37.8000 4.4000
    endloop
  endfacet
  facet normal 0.707107 -0.707107 0.000000
    outer loop
      vertex 62.2000 37.2000 2.3200
      vertex 62.8000 37.8000 4.4000
      vertex 62.2000 37.2000 4.4000
    endloop
  endfacet
  facet normal 1.000000 0.000000 0.000000
    outer loop
      vertex 62.8000 37.8000 2.3200
      vertex 62.8000 38.0098 2.3200
      vertex 62.8000 38.0098 4.4000
    endloop
  endfacet
  facet normal 1.000000 0.000000 0.000000
    outer loop
      vertex 62.8000 37.8000 2.3200
      vertex 62.8000 38.0098 4.4000
      vertex 62.8000 37.8000 4.4000
    endloop
  endfacet
  facet normal -0.130613 -0.991433 0.000000
    outer loop
      vertex 62.8000 38.0098 2.3200
      vertex 63.4194 37.9282 2.3200
      vertex 63.4194 37.9282 4.4000
    endloop
  endfacet
  facet normal -0.130613 -0.991433 0.000000
    outer loop
      vertex 62.8000 38.0098 2.3200
      vertex 63.4194 37.9282 4.4000
      vertex 62.8000 38.0098 4.4000
    endloop
  endfacet
  facet normal -0.159746 -0.987158 0.000000
    outer loop
      vertex 63.4194 37.9282 2.3200
      vertex 63.4485 37.9235 2.3200
      vertex 63.4485 37.9235 4.4000
    endloop
  endfacet
  facet normal -0.159746 -0.987158 0.000000
    outer loop
      vertex 63.4194 37.9282 2.3200
      vertex 63.4485 37.9235 4.4000
      vertex 63.4194 37.9282 4.4000
    endloop
  endfacet
  facet normal -0.188740 -0.982027 0.000000
    outer loop
      vertex 63.4485 37.9235 2.3200
      vertex 63.6000 37.8943 2.3200
      vertex 63.6000 37.8943 4.4000
    endloop
  endfacet
  facet normal -0.188740 -0.982027 0.000000
    outer loop
      vertex 63.4485 37.9235 2.3200
      vertex 63.6000 37.8943 4.4000
      vertex 63.4485 37.9235 4.4000
    endloop
  endfacet
  facet normal -1.000000 0.000000 0.000000
    outer loop
      vertex 63.6000 37.8943 2.3200
      vertex 63.6000 37.6000 2.3200
      vertex 63.6000 37.6000 4.4000
    endloop
  endfacet
  facet normal -1.000000 0.000000 0.000000
    outer loop
      vertex 63.6000 37.8943 2.3200
      vertex 63.6000 37.6000 4.4000
      vertex 63.6000 37.8943 4.4000
    endloop
  endfacet
  facet normal 0.000000 0.000000 -1.000000
    outer loop
      vertex 57.7073 37.8916 4.4000
      vertex 57.6000 37.6000 4.4000
      vertex 57.6609 37.8394 4.4000
    endloop
  endfacet
  facet normal -0.000000 0.000000 1.000000
    outer loop
      vertex 57.6609 37.8394 2.3200
      vertex 57.6000 37.6000 2.3200
      vertex 57.7073 37.8916 2.3200
    endloop
  endfacet
  facet normal 0.000000 -0.000000 -1.000000
    outer loop
      vertex 57.7073 37.8916 4.4000
      vertex 57.7605 37.9368 4.4000
      vertex 57.6000 37.6000 4.4000
    endloop
  endfacet
  facet normal 0.000000 0.000000 1.000000
    outer loop
      vertex 57.6000 37.6000 2.3200
      vertex 57.7605 37.9368 2.3200
      vertex 57.7073 37.8916 2.3200
    endloop
  endfacet
  facet normal 0.000000 -0.000000 -1.000000
    outer loop
      vertex 57.7605 37.9368 4.4000
      vertex 57.8195 37.9742 4.4000
      vertex 57.6000 37.6000 4.4000
    endloop
  endfacet
  facet normal 0.000000 0.000000 1.000000
    outer loop
      vertex 57.6000 37.6000 2.3200
      vertex 57.8195 37.9742 2.3200
      vertex 57.7605 37.9368 2.3200
    endloop
  endfacet
  facet normal 0.000000 -0.000000 -1.000000
    outer loop
      vertex 57.8195 37.9742 4.4000
      vertex 58.4000 37.4000 4.4000
      vertex 57.6000 37.6000 4.4000
    endloop
  endfacet
  facet normal -0.000000 0.000000 1.000000
    outer loop
      vertex 57.6000 37.6000 2.3200
      vertex 58.4000 37.4000 2.3200
      vertex 57.8195 37.9742 2.3200
    endloop
  endfacet
  facet normal 0.000000 0.000000 -1.000000
    outer loop
      vertex 57.8195 37.9742 4.4000
      vertex 57.8831 38.0030 4.4000
      vertex 58.4000 37.4000 4.4000
    endloop
  endfacet
  facet normal 0.000000 0.000000 1.000000
    outer loop
      vertex 58.4000 37.4000 2.3200
      vertex 57.8831 38.0030 2.3200
      vertex 57.8195 37.9742 2.3200
    endloop
  endfacet
  facet normal 0.000000 0.000000 -1.000000
    outer loop
      vertex 57.8831 38.0030 4.4000
      vertex 57.9502 38.0226 4.4000
      vertex 58.4000 37.4000 4.4000
    endloop
  endfacet
  facet normal 0.000000 0.000000 1.000000
    outer loop
      vertex 58.4000 37.4000 2.3200
      vertex 57.9502 38.0226 2.3200
      vertex 57.8831 38.0030 2.3200
    endloop
  endfacet
  facet normal 0.000000 0.000000 -1.000000
    outer loop
      vertex 57.9502 38.0226 4.4000
      vertex 58.6000 37.6000 4.4000
      vertex 58.4000 37.4000 4.4000
    endloop
  endfacet
  facet normal 0.000000 -0.000000 1.000000
    outer loop
      vertex 58.4000 37.4000 2.3200
      vertex 58.6000 37.6000 2.3200
      vertex 57.9502 38.0226 2.3200
    endloop
  endfacet
  facet normal 0.000000 0.000000 -1.000000
    outer loop
      vertex 57.9502 38.0226 4.4000
      vertex 58.6000 38.1647 4.4000
      vertex 58.6000 37.6000 4.4000
    endloop
  endfacet
  facet normal 0.000000 -0.000000 1.000000
    outer loop
      vertex 58.6000 37.6000 2.3200
      vertex 58.6000 38.1647 2.3200
      vertex 57.9502 38.0226 2.3200
    endloop
  endfacet
  facet normal 0.000000 0.000000 -1.000000
    outer loop
      vertex 58.2000 37.0000 4.4000
      vertex 58.0000 37.0000 4.4000
      vertex 58.4000 37.2000 4.4000
    endloop
  endfacet
  facet normal 0.000000 0.000000 1.000000
    outer loop
      vertex 58.4000 37.2000 2.3200
      vertex 58.0000 37.0000 2.3200
      vertex 58.2000 37.0000 2.3200
    endloop
  endfacet
  facet normal 0.000000 0.000000 -1.000000
    outer loop
      vertex 57.8000 36.8000 4.4000
      vertex 57.6000 36.8000 4.4000
      vertex 58.0000 37.0000 4.4000
    endloop
  endfacet
  facet normal 0.000000 0.000000 1.000000
    outer loop
      vertex 58.0000 37.0000 2.3200
      vertex 57.6000 36.8000 2.3200
      vertex 57.8000 36.8000 2.3200
    endloop
  endfacet
  facet normal 0.000000 0.000000 -1.000000
    outer loop
      vertex 57.4667 36.6667 4.4000
      vertex 57.3336 37.0370 4.4000
      vertex 57.6000 36.8000 4.4000
    endloop
  endfacet
  facet normal 0.000000 0.000000 1.000000
    outer loop
      vertex 57.6000 36.8000 2.3200
      vertex 57.3336 37.0370 2.3200
      vertex 57.4667 36.6667 2.3200
    endloop
  endfacet
  facet normal 0.000000 0.000000 -1.000000
    outer loop
      vertex 57.3336 37.0370 4.4000
      vertex 58.0000 37.0000 4.4000
      vertex 57.6000 36.8000 4.4000
    endloop
  endfacet
  facet normal 0.000000 -0.000000 1.000000
    outer loop
      vertex 57.6000 36.8000 2.3200
      vertex 58.0000 37.0000 2.3200
      vertex 57.3336 37.0370 2.3200
    endloop
  endfacet
  facet normal 0.000000 0.000000 -1.000000
    outer loop
      vertex 57.3336 37.0370 4.4000
      vertex 57.3161 37.0970 4.4000
      vertex 58.0000 37.0000 4.4000
    endloop
  endfacet
  facet normal 0.000000 0.000000 1.000000
    outer loop
      vertex 58.0000 37.0000 2.3200
      vertex 57.3161 37.0970 2.3200
      vertex 57.3336 37.0370 2.3200
    endloop
  endfacet
  facet normal 0.000000 0.000000 -1.000000
    outer loop
      vertex 57.3161 37.0970 4.4000
      vertex 57.3064 37.1588 4.4000
      vertex 58.0000 37.0000 4.4000
    endloop
  endfacet
  facet normal 0.000000 0.000000 1.000000
    outer loop
      vertex 58.0000 37.0000 2.3200
      vertex 57.3064 37.1588 2.3200
      vertex 57.3161 37.0970 2.3200
    endloop
  endfacet
  facet normal 0.000000 0.000000 -1.000000
    outer loop
      vertex 57.3064 37.1588 4.4000
      vertex 57.3044 37.2214 4.4000
      vertex 58.0000 37.0000 4.4000
    endloop
  endfacet
  facet normal 0.000000 0.000000 1.000000
    outer loop
      vertex 58.0000 37.0000 2.3200
      vertex 57.3044 37.2214 2.3200
      vertex 57.3064 37.1588 2.3200
    endloop
  endfacet
  facet normal 0.000000 0.000000 -1.000000
    outer loop
      vertex 57.3044 37.2214 4.4000
      vertex 57.3102 37.2836 4.4000
      vertex 58.0000 37.0000 4.4000
    endloop
  endfacet
  facet normal 0.000000 0.000000 1.000000
    outer loop
      vertex 58.0000 37.0000 2.3200
      vertex 57.3102 37.2836 2.3200
      vertex 57.3044 37.2214 2.3200
    endloop
  endfacet
  facet normal 0.000000 0.000000 -1.000000
    outer loop
      vertex 57.3102 37.2836 4.4000
      vertex 57.3177 37.3177 4.4000
      vertex 58.0000 37.0000 4.4000
    endloop
  endfacet
  facet normal 0.000000 0.000000 1.000000
    outer loop
      vertex 58.0000 37.0000 2.3200
      vertex 57.3177 37.3177 2.3200
      vertex 57.3102 37.2836 2.3200
    endloop
  endfacet
  facet normal 0.000000 0.000000 -1.000000
    outer loop
      vertex 57.3177 37.3177 4.4000
      vertex 57.6000 37.6000 4.4000
      vertex 58.0000 37.0000 4.4000
    endloop
  endfacet
  facet normal 0.000000 0.000000 1.000000
    outer loop
      vertex 58.0000 37.0000 2.3200
      vertex 57.6000 37.6000 2.3200
      vertex 57.3177 37.3177 2.3200
    endloop
  endfacet
  facet normal 0.000000 0.000000 -1.000000
    outer loop
      vertex 57.6000 37.7603 4.4000
      vertex 57.6609 37.8394 4.4000
      vertex 57.6000 37.6000 4.4000
    endloop
  endfacet
  facet normal 0.000000 0.000000 1.000000
    outer loop
      vertex 57.6000 37.6000 2.3200
      vertex 57.6609 37.8394 2.3200
      vertex 57.6000 37.7603 2.3200
    endloop
  endfacet
  facet normal 0.000000 0.000000 -1.000000
    outer loop
      vertex 57.6000 37.6000 4.4000
      vertex 58.4000 37.4000 4.4000
      vertex 58.0000 37.0000 4.4000
    endloop
  endfacet
  facet normal 0.000000 -0.000000 1.000000
    outer loop
      vertex 58.0000 37.0000 2.3200
      vertex 58.4000 37.4000 2.3200
      vertex 57.6000 37.6000 2.3200
    endloop
  endfacet
  facet normal 0.000000 -0.000000 -1.000000
    outer loop
      vertex 58.4000 37.4000 4.4000
      vertex 58.4000 37.2000 4.4000
      vertex 58.0000 37.0000 4.4000
    endloop
  endfacet
  facet normal 0.000000 0.000000 1.000000
    outer loop
      vertex 58.0000 37.0000 2.3200
      vertex 58.4000 37.2000 2.3200
      vertex 58.4000 37.4000 2.3200
    endloop
  endfacet
  facet normal -0.707107 0.707107 0.000000
    outer loop
      vertex 58.6000 37.6000 2.3200
      vertex 58.4000 37.4000 2.3200
      vertex 58.4000 37.4000 4.4000
    endloop
  endfacet
  facet normal -0.707107 0.707107 0.000000
    outer loop
      vertex 58.6000 37.6000 2.3200
      vertex 58.4000 37.4000 4.4000
      vertex 58.6000 37.6000 4.4000
    endloop
  endfacet
  facet normal -1.000000 0.000000 0.000000
    outer loop
      vertex 58.4000 37.4000 2.3200
      vertex 58.4000 37.2000 2.3200
      vertex 58.4000 37.2000 4.4000
    endloop
  endfacet
  facet normal -1.000000 0.000000 0.000000
    outer loop
      vertex 58.4000 37.4000 2.3200
      vertex 58.4000 37.2000 4.4000
      vertex 58.4000 37.4000 4.4000
    endloop
  endfacet
  facet normal -0.707107 0.707107 0.000000
    outer loop
      vertex 58.4000 37.2000 2.3200
      vertex 58.2000 37.0000 2.3200
      vertex 58.2000 37.0000 4.4000
    endloop
  endfacet
  facet normal -0.707107 0.707107 0.000000
    outer loop
      vertex 58.4000 37.2000 2.3200
      vertex 58.2000 37.0000 4.4000
      vertex 58.4000 37.2000 4.4000
    endloop
  endfacet
  facet normal 0.000000 1.000000 0.000000
    outer loop
      vertex 58.2000 37.0000 2.3200
      vertex 58.0000 37.0000 2.3200
      vertex 58.0000 37.0000 4.4000
    endloop
  endfacet
  facet normal 0.000000 1.000000 -0.000000
    outer loop
      vertex 58.2000 37.0000 2.3200
      vertex 58.0000 37.0000 4.4000
      vertex 58.2000 37.0000 4.4000
    endloop
  endfacet
  facet normal -0.707107 0.707107 0.000000
    outer loop
      vertex 58.0000 37.0000 2.3200
      vertex 57.8000 36.8000 2.3200
      vertex 57.8000 36.8000 4.4000
    endloop
  endfacet
  facet normal -0.707107 0.707107 0.000000
    outer loop
      vertex 58.0000 37.0000 2.3200
      vertex 57.8000 36.8000 4.4000
      vertex 58.0000 37.0000 4.4000
    endloop
  endfacet
  facet normal 0.000000 1.000000 0.000000
    outer loop
      vertex 57.8000 36.8000 2.3200
      vertex 57.6000 36.8000 2.3200
      vertex 57.6000 36.8000 4.4000
    endloop
  endfacet
  facet normal 0.000000 1.000000 -0.000000
    outer loop
      vertex 57.8000 36.8000 2.3200
      vertex 57.6000 36.8000 4.4000
      vertex 57.8000 36.8000 4.4000
    endloop
  endfacet
  facet normal -0.707107 0.707107 0.000000
    outer loop
      vertex 57.6000 36.8000 2.3200
      vertex 57.4667 36.6667 2.3200
      vertex 57.4667 36.6667 4.4000
    endloop
  endfacet
  facet normal -0.707107 0.707107 0.000000
    outer loop
      vertex 57.6000 36.8000 2.3200
      vertex 57.4667 36.6667 4.4000
      vertex 57.6000 36.8000 4.4000
    endloop
  endfacet
  facet normal 0.941068 0.338217 0.000000
    outer loop
      vertex 57.4667 36.6667 2.3200
      vertex 57.3336 37.0370 2.3200
      vertex 57.3336 37.0370 4.4000
    endloop
  endfacet
  facet normal 0.941068 0.338217 -0.000000
    outer loop
      vertex 57.4667 36.6667 2.3200
      vertex 57.3336 37.0370 4.4000
      vertex 57.4667 36.6667 4.4000
    endloop
  endfacet
  facet normal 0.960384 0.278680 0.000000
    outer loop
      vertex 57.3336 37.0370 2.3200
      vertex 57.3161 37.0970 2.3200
      vertex 57.3161 37.0970 4.4000
    endloop
  endfacet
  facet normal 0.960384 0.278680 -0.000000
    outer loop
      vertex 57.3336 37.0370 2.3200
      vertex 57.3161 37.0970 4.4000
      vertex 57.3336 37.0370 4.4000
    endloop
  endfacet
  facet normal 0.987667 0.156569 0.000000
    outer loop
      vertex 57.3161 37.0970 2.3200
      vertex 57.3064 37.1588 2.3200
      vertex 57.3064 37.1588 4.4000
    endloop
  endfacet
  facet normal 0.987667 0.156569 -0.000000
    outer loop
      vertex 57.3161 37.0970 2.3200
      vertex 57.3064 37.1588 4.4000
      vertex 57.3161 37.0970 4.4000
    endloop
  endfacet
  facet normal 0.999488 0.032006 0.000000
    outer loop
      vertex 57.3064 37.1588 2.3200
      vertex 57.3044 37.2214 2.3200
      vertex 57.3044 37.2214 4.4000
    endloop
  endfacet
  facet normal 0.999488 0.032006 -0.000000
    outer loop
      vertex 57.3064 37.1588 2.3200
      vertex 57.3044 37.2214 4.4000
      vertex 57.3064 37.1588 4.4000
    endloop
  endfacet
  facet normal 0.995661 -0.093057 0.000000
    outer loop
      vertex 57.3044 37.2214 2.3200
      vertex 57.3102 37.2836 2.3200
      vertex 57.3102 37.2836 4.4000
    endloop
  endfacet
  facet normal 0.995661 -0.093057 0.000000
    outer loop
      vertex 57.3044 37.2214 2.3200
      vertex 57.3102 37.2836 4.4000
      vertex 57.3044 37.2214 4.4000
    endloop
  endfacet
  facet normal 0.976246 -0.216664 0.000000
    outer loop
      vertex 57.3102 37.2836 2.3200
      vertex 57.3177 37.3177 2.3200
      vertex 57.3177 37.3177 4.4000
    endloop
  endfacet
  facet normal 0.976246 -0.216664 0.000000
    outer loop
      vertex 57.3102 37.2836 2.3200
      vertex 57.3177 37.3177 4.4000
      vertex 57.3102 37.2836 4.4000
    endloop
  endfacet
  facet normal 0.707107 -0.707107 0.000000
    outer loop
      vertex 57.3177 37.3177 2.3200
      vertex 57.6000 37.6000 2.3200
      vertex 57.6000 37.6000 4.4000
    endloop
  endfacet
  facet normal 0.707107 -0.707107 0.000000
    outer loop
      vertex 57.3177 37.3177 2.3200
      vertex 57.6000 37.6000 4.4000
      vertex 57.3177 37.3177 4.4000
    endloop
  endfacet
  facet normal 1.000000 0.000000 0.000000
    outer loop
      vertex 57.6000 37.6000 2.3200
      vertex 57.6000 37.7603 2.3200
      vertex 57.6000 37.7603 4.4000
    endloop
  endfacet
  facet normal 1.000000 0.000000 0.000000
    outer loop
      vertex 57.6000 37.6000 2.3200
      vertex 57.6000 37.7603 4.4000
      vertex 57.6000 37.6000 4.4000
    endloop
  endfacet
  facet normal 0.792067 -0.610434 0.000000
    outer loop
      vertex 57.6000 37.7603 2.3200
      vertex 57.6609 37.8394 2.3200
      vertex 57.6609 37.8394 4.4000
    endloop
  endfacet
  facet normal 0.792067 -0.610434 0.000000
    outer loop
      vertex 57.6000 37.7603 2.3200
      vertex 57.6609 37.8394 4.4000
      vertex 57.6000 37.7603 4.4000
    endloop
  endfacet
  facet normal 0.747504 -0.664257 0.000000
    outer loop
      vertex 57.6609 37.8394 2.3200
      vertex 57.7073 37.8916 2.3200
      vertex 57.7073 37.8916 4.4000
    endloop
  endfacet
  facet normal 0.747504 -0.664257 0.000000
    outer loop
      vertex 57.6609 37.8394 2.3200
      vertex 57.7073 37.8916 4.4000
      vertex 57.6609 37.8394 4.4000
    endloop
  endfacet
  facet normal 0.647665 -0.761925 0.000000
    outer loop
      vertex 57.7073 37.8916 2.3200
      vertex 57.7605 37.9368 2.3200
      vertex 57.7605 37.9368 4.4000
    endloop
  endfacet
  facet normal 0.647665 -0.761925 0.000000
    outer loop
      vertex 57.7073 37.8916 2.3200
      vertex 57.7605 37.9368 4.4000
      vertex 57.7073 37.8916 4.4000
    endloop
  endfacet
  facet normal 0.535191 -0.844731 0.000000
    outer loop
      vertex 57.7605 37.9368 2.3200
      vertex 57.8195 37.9742 2.3200
      vertex 57.8195 37.9742 4.4000
    endloop
  endfacet
  facet normal 0.535191 -0.844731 0.000000
    outer loop
      vertex 57.7605 37.9368 2.3200
      vertex 57.8195 37.9742 4.4000
      vertex 57.7605 37.9368 4.4000
    endloop
  endfacet
  facet normal 0.412278 -0.911058 0.000000
    outer loop
      vertex 57.8195 37.9742 2.3200
      vertex 57.8831 38.0030 2.3200
      vertex 57.8831 38.0030 4.4000
    endloop
  endfacet
  facet normal 0.412278 -0.911058 0.000000
    outer loop
      vertex 57.8195 37.9742 2.3200
      vertex 57.8831 38.0030 4.4000
      vertex 57.8195 37.9742 4.4000
    endloop
  endfacet
  facet normal 0.281323 -0.959613 0.000000
    outer loop
      vertex 57.8831 38.0030 2.3200
      vertex 57.9502 38.0226 2.3200
      vertex 57.9502 38.0226 4.4000
    endloop
  endfacet
  facet normal 0.281323 -0.959613 0.000000
    outer loop
      vertex 57.8831 38.0030 2.3200
      vertex 57.9502 38.0226 4.4000
      vertex 57.8831 38.0030 4.4000
    endloop
  endfacet
  facet normal 0.213622 -0.976916 0.000000
    outer loop
      vertex 57.9502 38.0226 2.3200
      vertex 58.6000 38.1647 2.3200
      vertex 58.6000 38.1647 4.4000
    endloop
  endfacet
  facet normal 0.213622 -0.976916 0.000000
    outer loop
      vertex 57.9502 38.0226 2.3200
      vertex 58.6000 38.1647 4.4000
      vertex 57.9502 38.0226 4.4000
    endloop
  endfacet
  facet normal -1.000000 0.000000 0.000000
    outer loop
      vertex 58.6000 38.1647 2.3200
      vertex 58.6000 37.6000 2.3200
      vertex 58.6000 37.6000 4.4000
    endloop
  endfacet
  facet normal -1.000000 0.000000 0.000000
    outer loop
      vertex 58.6000 38.1647 2.3200
      vertex 58.6000 37.6000 4.4000
      vertex 58.6000 38.1647 4.4000
    endloop
  endfacet
  facet normal 0.000000 0.000000 -1.000000
    outer loop
      vertex 50.0000 38.0335 4.4000
      vertex 50.3391 37.8394 4.4000
      vertex 50.0000 36.6000 4.4000
    endloop
  endfacet
  facet normal 0.000000 0.000000 1.000000
    outer loop
      vertex 50.0000 36.6000 2.3200
      vertex 50.3391 37.8394 2.3200
      vertex 50.0000 38.0335 2.3200
    endloop
  endfacet
  facet normal 0.000000 0.000000 -1.000000
    outer loop
      vertex 50.0000 38.0335 4.4000
      vertex 50.0498 38.0226 4.4000
      vertex 50.3391 37.8394 4.4000
    endloop
  endfacet
  facet normal 0.000000 0.000000 1.000000
    outer loop
      vertex 50.3391 37.8394 2.3200
      vertex 50.0498 38.0226 2.3200
      vertex 50.0000 38.0335 2.3200
    endloop
  endfacet
  facet normal 0.000000 0.000000 -1.000000
    outer loop
      vertex 50.0498 38.0226 4.4000
      vertex 50.2395 37.9368 4.4000
      vertex 50.3391 37.8394 4.4000
    endloop
  endfacet
  facet normal 0.000000 0.000000 1.000000
    outer loop
      vertex 50.3391 37.8394 2.3200
      vertex 50.2395 37.9368 2.3200
      vertex 50.0498 38.0226 2.3200
    endloop
  endfacet
  facet normal 0.000000 0.000000 -1.000000
    outer loop
      vertex 50.0498 38.0226 4.4000
      vertex 50.1169 38.0030 4.4000
      vertex 50.2395 37.9368 4.4000
    endloop
  endfacet
  facet normal 0.000000 0.000000 1.000000
    outer loop
      vertex 50.2395 37.9368 2.3200
      vertex 50.1169 38.0030 2.3200
      vertex 50.0498 38.0226 2.3200
    endloop
  endfacet
  facet normal 0.000000 0.000000 -1.000000
    outer loop
      vertex 50.1169 38.0030 4.4000
      vertex 50.1805 37.9742 4.4000
      vertex 50.2395 37.9368 4.4000
    endloop
  endfacet
  facet normal 0.000000 0.000000 1.000000
    outer loop
      vertex 50.2395 37.9368 2.3200
      vertex 50.1805 37.9742 2.3200
      vertex 50.1169 38.0030 2.3200
    endloop
  endfacet
  facet normal 0.000000 0.000000 -1.000000
    outer loop
      vertex 50.2395 37.9368 4.4000
      vertex 50.2927 37.8916 4.4000
      vertex 50.3391 37.8394 4.4000
    endloop
  endfacet
  facet normal 0.000000 0.000000 1.000000
    outer loop
      vertex 50.3391 37.8394 2.3200
      vertex 50.2927 37.8916 2.3200
      vertex 50.2395 37.9368 2.3200
    endloop
  endfacet
  facet normal 0.000000 -0.000000 -1.000000
    outer loop
      vertex 50.3391 37.8394 4.4000
      vertex 50.5919 37.5113 4.4000
      vertex 50.0000 36.6000 4.4000
    endloop
  endfacet
  facet normal 0.000000 0.000000 1.000000
    outer loop
      vertex 50.0000 36.6000 2.3200
      vertex 50.5919 37.5113 2.3200
      vertex 50.3391 37.8394 2.3200
    endloop
  endfacet
  facet normal 0.000000 -0.000000 -1.000000
    outer loop
      vertex 50.5919 37.5113 4.4000
      vertex 50.6664 37.0370 4.4000
      vertex 50.0000 36.6000 4.4000
    endloop
  endfacet
  facet normal 0.000000 0.000000 1.000000
    outer loop
      vertex 50.0000 36.6000 2.3200
      vertex 50.6664 37.0370 2.3200
      vertex 50.5919 37.5113 2.3200
    endloop
  endfacet
  facet normal 0.000000 0.000000 -1.000000
    outer loop
      vertex 50.5919 37.5113 4.4000
      vertex 50.6269 37.4594 4.4000
      vertex 50.6664 37.0370 4.4000
    endloop
  endfacet
  facet normal 0.000000 0.000000 1.000000
    outer loop
      vertex 50.6664 37.0370 2.3200
      vertex 50.6269 37.4594 2.3200
      vertex 50.5919 37.5113 2.3200
    endloop
  endfacet
  facet normal 0.000000 0.000000 -1.000000
    outer loop
      vertex 50.6269 37.4594 4.4000
      vertex 50.6898 37.2836 4.4000
      vertex 50.6664 37.0370 4.4000
    endloop
  endfacet
  facet normal 0.000000 -0.000000 1.000000
    outer loop
      vertex 50.6664 37.0370 2.3200
      vertex 50.6898 37.2836 2.3200
      vertex 50.6269 37.4594 2.3200
    endloop
  endfacet
  facet normal 0.000000 0.000000 -1.000000
    outer loop
      vertex 50.6269 37.4594 4.4000
      vertex 50.6552 37.4036 4.4000
      vertex 50.6898 37.2836 4.4000
    endloop
  endfacet
  facet normal 0.000000 0.000000 1.000000
    outer loop
      vertex 50.6898 37.2836 2.3200
      vertex 50.6552 37.4036 2.3200
      vertex 50.6269 37.4594 2.3200
    endloop
  endfacet
  facet normal 0.000000 0.000000 -1.000000
    outer loop
      vertex 50.6552 37.4036 4.4000
      vertex 50.6763 37.3447 4.4000
      vertex 50.6898 37.2836 4.4000
    endloop
  endfacet
  facet normal 0.000000 0.000000 1.000000
    outer loop
      vertex 50.6898 37.2836 2.3200
      vertex 50.6763 37.3447 2.3200
      vertex 50.6552 37.4036 2.3200
    endloop
  endfacet
  facet normal 0.000000 0.000000 -1.000000
    outer loop
      vertex 50.6898 37.2836 4.4000
      vertex 50.6839 37.0970 4.4000
      vertex 50.6664 37.0370 4.4000
    endloop
  endfacet
  facet normal 0.000000 0.000000 1.000000
    outer loop
      vertex 50.6664 37.0370 2.3200
      vertex 50.6839 37.0970 2.3200
      vertex 50.6898 37.2836 2.3200
    endloop
  endfacet
  facet normal 0.000000 -0.000000 -1.000000
    outer loop
      vertex 50.6898 37.2836 4.4000
      vertex 50.6956 37.2214 4.4000
      vertex 50.6839 37.0970 4.4000
    endloop
  endfacet
  facet normal 0.000000 0.000000 1.000000
    outer loop
      vertex 50.6839 37.0970 2.3200
      vertex 50.6956 37.2214 2.3200
      vertex 50.6898 37.2836 2.3200
    endloop
  endfacet
  facet normal 0.000000 0.000000 -1.000000
    outer loop
      vertex 50.6956 37.2214 4.4000
      vertex 50.6936 37.1588 4.4000
      vertex 50.6839 37.0970 4.4000
    endloop
  endfacet
  facet normal 0.000000 0.000000 1.000000
    outer loop
      vertex 50.6839 37.0970 2.3200
      vertex 50.6936 37.1588 2.3200
      vertex 50.6956 37.2214 2.3200
    endloop
  endfacet
  facet normal 0.000000 0.000000 -1.000000
    outer loop
      vertex 50.5094 36.6000 4.4000
      vertex 50.0000 36.6000 4.4000
      vertex 50.6664 37.0370 4.4000
    endloop
  endfacet
  facet normal 0.000000 0.000000 1.000000
    outer loop
      vertex 50.6664 37.0370 2.3200
      vertex 50.0000 36.6000 2.3200
      vertex 50.5094 36.6000 2.3200
    endloop
  endfacet
  facet normal 1.000000 0.000000 0.000000
    outer loop
      vertex 50.0000 36.6000 2.3200
      vertex 50.0000 38.0335 2.3200
      vertex 50.0000 38.0335 4.4000
    endloop
  endfacet
  facet normal 1.000000 0.000000 0.000000
    outer loop
      vertex 50.0000 36.6000 2.3200
      vertex 50.0000 38.0335 4.4000
      vertex 50.0000 36.6000 4.4000
    endloop
  endfacet
  facet normal -0.213622 -0.976916 0.000000
    outer loop
      vertex 50.0000 38.0335 2.3200
      vertex 50.0498 38.0226 2.3200
      vertex 50.0498 38.0226 4.4000
    endloop
  endfacet
  facet normal -0.213622 -0.976916 0.000000
    outer loop
      vertex 50.0000 38.0335 2.3200
      vertex 50.0498 38.0226 4.4000
      vertex 50.0000 38.0335 4.4000
    endloop
  endfacet
  facet normal -0.281323 -0.959613 0.000000
    outer loop
      vertex 50.0498 38.0226 2.3200
      vertex 50.1169 38.0030 2.3200
      vertex 50.1169 38.0030 4.4000
    endloop
  endfacet
  facet normal -0.281323 -0.959613 0.000000
    outer loop
      vertex 50.0498 38.0226 2.3200
      vertex 50.1169 38.0030 4.4000
      vertex 50.0498 38.0226 4.4000
    endloop
  endfacet
  facet normal -0.412278 -0.911058 0.000000
    outer loop
      vertex 50.1169 38.0030 2.3200
      vertex 50.1805 37.9742 2.3200
      vertex 50.1805 37.9742 4.4000
    endloop
  endfacet
  facet normal -0.412278 -0.911058 0.000000
    outer loop
      vertex 50.1169 38.0030 2.3200
      vertex 50.1805 37.9742 4.4000
      vertex 50.1169 38.0030 4.4000
    endloop
  endfacet
  facet normal -0.535191 -0.844731 0.000000
    outer loop
      vertex 50.1805 37.9742 2.3200
      vertex 50.2395 37.9368 2.3200
      vertex 50.2395 37.9368 4.4000
    endloop
  endfacet
  facet normal -0.535191 -0.844731 0.000000
    outer loop
      vertex 50.1805 37.9742 2.3200
      vertex 50.2395 37.9368 4.4000
      vertex 50.1805 37.9742 4.4000
    endloop
  endfacet
  facet normal -0.647665 -0.761925 0.000000
    outer loop
      vertex 50.2395 37.9368 2.3200
      vertex 50.2927 37.8916 2.3200
      vertex 50.2927 37.8916 4.4000
    endloop
  endfacet
  facet normal -0.647665 -0.761925 0.000000
    outer loop
      vertex 50.2395 37.9368 2.3200
      vertex 50.2927 37.8916 4.4000
      vertex 50.2395 37.9368 4.4000
    endloop
  endfacet
  facet normal -0.747504 -0.664257 0.000000
    outer loop
      vertex 50.2927 37.8916 2.3200
      vertex 50.3391 37.8394 2.3200
      vertex 50.3391 37.8394 4.4000
    endloop
  endfacet
  facet normal -0.747504 -0.664257 0.000000
    outer loop
      vertex 50.2927 37.8916 2.3200
      vertex 50.3391 37.8394 4.4000
      vertex 50.2927 37.8916 4.4000
    endloop
  endfacet
  facet normal -0.792067 -0.610434 0.000000
    outer loop
      vertex 50.3391 37.8394 2.3200
      vertex 50.5919 37.5113 2.3200
      vertex 50.5919 37.5113 4.4000
    endloop
  endfacet
  facet normal -0.792067 -0.610434 0.000000
    outer loop
      vertex 50.3391 37.8394 2.3200
      vertex 50.5919 37.5113 4.4000
      vertex 50.3391 37.8394 4.4000
    endloop
  endfacet
  facet normal -0.828705 -0.559686 0.000000
    outer loop
      vertex 50.5919 37.5113 2.3200
      vertex 50.6269 37.4594 2.3200
      vertex 50.6269 37.4594 4.4000
    endloop
  endfacet
  facet normal -0.828705 -0.559686 0.000000
    outer loop
      vertex 50.5919 37.5113 2.3200
      vertex 50.6269 37.4594 4.4000
      vertex 50.5919 37.5113 4.4000
    endloop
  endfacet
  facet normal -0.892110 -0.451819 0.000000
    outer loop
      vertex 50.6269 37.4594 2.3200
      vertex 50.6552 37.4036 2.3200
      vertex 50.6552 37.4036 4.4000
    endloop
  endfacet
  facet normal -0.892110 -0.451819 0.000000
    outer loop
      vertex 50.6269 37.4594 2.3200
      vertex 50.6552 37.4036 4.4000
      vertex 50.6269 37.4594 4.4000
    endloop
  endfacet
  facet normal -0.941548 -0.336878 0.000000
    outer loop
      vertex 50.6552 37.4036 2.3200
      vertex 50.6763 37.3447 2.3200
      vertex 50.6763 37.3447 4.4000
    endloop
  endfacet
  facet normal -0.941548 -0.336878 0.000000
    outer loop
      vertex 50.6552 37.4036 2.3200
      vertex 50.6763 37.3447 4.4000
      vertex 50.6552 37.4036 4.4000
    endloop
  endfacet
  facet normal -0.976246 -0.216664 0.000000
    outer loop
      vertex 50.6763 37.3447 2.3200
      vertex 50.6898 37.2836 2.3200
      vertex 50.6898 37.2836 4.4000
    endloop
  endfacet
  facet normal -0.976246 -0.216664 0.000000
    outer loop
      vertex 50.6763 37.3447 2.3200
      vertex 50.6898 37.2836 4.4000
      vertex 50.6763 37.3447 4.4000
    endloop
  endfacet
  facet normal -0.995661 -0.093057 0.000000
    outer loop
      vertex 50.6898 37.2836 2.3200
      vertex 50.6956 37.2214 2.3200
      vertex 50.6956 37.2214 4.4000
    endloop
  endfacet
  facet normal -0.995661 -0.093057 0.000000
    outer loop
      vertex 50.6898 37.2836 2.3200
      vertex 50.6956 37.2214 4.4000
      vertex 50.6898 37.2836 4.4000
    endloop
  endfacet
  facet normal -0.999488 0.032006 0.000000
    outer loop
      vertex 50.6956 37.2214 2.3200
      vertex 50.6936 37.1588 2.3200
      vertex 50.6936 37.1588 4.4000
    endloop
  endfacet
  facet normal -0.999488 0.032006 0.000000
    outer loop
      vertex 50.6956 37.2214 2.3200
      vertex 50.6936 37.1588 4.4000
      vertex 50.6956 37.2214 4.4000
    endloop
  endfacet
  facet normal -0.987667 0.156569 0.000000
    outer loop
      vertex 50.6936 37.1588 2.3200
      vertex 50.6839 37.0970 2.3200
      vertex 50.6839 37.0970 4.4000
    endloop
  endfacet
  facet normal -0.987667 0.156569 0.000000
    outer loop
      vertex 50.6936 37.1588 2.3200
      vertex 50.6839 37.0970 4.4000
      vertex 50.6936 37.1588 4.4000
    endloop
  endfacet
  facet normal -0.960384 0.278680 0.000000
    outer loop
      vertex 50.6839 37.0970 2.3200
      vertex 50.6664 37.0370 2.3200
      vertex 50.6664 37.0370 4.4000
    endloop
  endfacet
  facet normal -0.960384 0.278680 0.000000
    outer loop
      vertex 50.6839 37.0970 2.3200
      vertex 50.6664 37.0370 4.4000
      vertex 50.6839 37.0970 4.4000
    endloop
  endfacet
  facet normal -0.941068 0.338217 0.000000
    outer loop
      vertex 50.6664 37.0370 2.3200
      vertex 50.5094 36.6000 2.3200
      vertex 50.5094 36.6000 4.4000
    endloop
  endfacet
  facet normal -0.941068 0.338217 0.000000
    outer loop
      vertex 50.6664 37.0370 2.3200
      vertex 50.5094 36.6000 4.4000
      vertex 50.6664 37.0370 4.4000
    endloop
  endfacet
  facet normal 0.000000 1.000000 0.000000
    outer loop
      vertex 50.5094 36.6000 2.3200
      vertex 50.0000 36.6000 2.3200
      vertex 50.0000 36.6000 4.4000
    endloop
  endfacet
  facet normal 0.000000 1.000000 -0.000000
    outer loop
      vertex 50.5094 36.6000 2.3200
      vertex 50.0000 36.6000 4.4000
      vertex 50.5094 36.6000 4.4000
    endloop
  endfacet
  facet normal 0.000000 0.000000 -1.000000
    outer loop
      vertex 44.3209 37.8791 4.4000
      vertex 44.5515 37.9235 4.4000
      vertex 44.4000 37.8000 4.4000
    endloop
  endfacet
  facet normal 0.000000 -0.000000 1.000000
    outer loop
      vertex 44.4000 37.8000 2.3200
      vertex 44.5515 37.9235 2.3200
      vertex 44.3209 37.8791 2.3200
    endloop
  endfacet
  facet normal 0.000000 -0.000000 -1.000000
    outer loop
      vertex 44.5515 37.9235 4.4000
      vertex 44.5806 37.9282 4.4000
      vertex 44.4000 37.8000 4.4000
    endloop
  endfacet
  facet normal 0.000000 0.000000 1.000000
    outer loop
      vertex 44.4000 37.8000 2.3200
      vertex 44.5806 37.9282 2.3200
      vertex 44.5515 37.9235 2.3200
    endloop
  endfacet
  facet normal 0.000000 0.000000 -1.000000
    outer loop
      vertex 44.5806 37.9282 4.4000
      vertex 44.4000 37.6000 4.4000
      vertex 44.4000 37.8000 4.4000
    endloop
  endfacet
  facet normal -0.000000 0.000000 1.000000
    outer loop
      vertex 44.4000 37.8000 2.3200
      vertex 44.4000 37.6000 2.3200
      vertex 44.5806 37.9282 2.3200
    endloop
  endfacet
  facet normal 0.000000 -0.000000 -1.000000
    outer loop
      vertex 44.5806 37.9282 4.4000
      vertex 45.0000 37.0000 4.4000
      vertex 44.4000 37.6000 4.4000
    endloop
  endfacet
  facet normal -0.000000 0.000000 1.000000
    outer loop
      vertex 44.4000 37.6000 2.3200
      vertex 45.0000 37.0000 2.3200
      vertex 44.5806 37.9282 2.3200
    endloop
  endfacet
  facet normal 0.000000 0.000000 -1.000000
    outer loop
      vertex 44.5806 37.9282 4.4000
      vertex 45.2000 38.0000 4.4000
      vertex 45.0000 37.0000 4.4000
    endloop
  endfacet
  facet normal 0.000000 -0.000000 1.000000
    outer loop
      vertex 45.0000 37.0000 2.3200
      vertex 45.2000 38.0000 2.3200
      vertex 44.5806 37.9282 2.3200
    endloop
  endfacet
  facet normal 0.000000 0.000000 -1.000000
    outer loop
      vertex 44.5806 37.9282 4.4000
      vertex 45.2000 38.0098 4.4000
      vertex 45.2000 38.0000 4.4000
    endloop
  endfacet
  facet normal 0.000000 -0.000000 1.000000
    outer loop
      vertex 45.2000 38.0000 2.3200
      vertex 45.2000 38.0098 2.3200
      vertex 44.5806 37.9282 2.3200
    endloop
  endfacet
  facet normal 0.000000 0.000000 -1.000000
    outer loop
      vertex 47.8565 38.2565 4.4000
      vertex 47.8000 38.0000 4.4000
      vertex 47.8000 38.2000 4.4000
    endloop
  endfacet
  facet normal -0.000000 0.000000 1.000000
    outer loop
      vertex 47.8000 38.2000 2.3200
      vertex 47.8000 38.0000 2.3200
      vertex 47.8565 38.2565 2.3200
    endloop
  endfacet
  facet normal 0.000000 -0.000000 -1.000000
    outer loop
      vertex 47.8565 38.2565 4.4000
      vertex 48.6000 37.8000 4.4000
      vertex 47.8000 38.0000 4.4000
    endloop
  endfacet
  facet normal -0.000000 0.000000 1.000000
    outer loop
      vertex 47.8000 38.0000 2.3200
      vertex 48.6000 37.8000 2.3200
      vertex 47.8565 38.2565 2.3200
    endloop
  endfacet
  facet normal 0.000000 0.000000 -1.000000
    outer loop
      vertex 47.8565 38.2565 4.4000
      vertex 48.8000 38.2795 4.4000
      vertex 48.6000 37.8000 4.4000
    endloop
  endfacet
  facet normal 0.000000 -0.000000 1.000000
    outer loop
      vertex 48.6000 37.8000 2.3200
      vertex 48.8000 38.2795 2.3200
      vertex 47.8565 38.2565 2.3200
    endloop
  endfacet
  facet normal 0.000000 -0.000000 -1.000000
    outer loop
      vertex 48.8000 38.2795 4.4000
      vertex 48.8000 38.0000 4.4000
      vertex 48.6000 37.8000 4.4000
    endloop
  endfacet
  facet normal 0.000000 0.000000 1.000000
    outer loop
      vertex 48.6000 37.8000 2.3200
      vertex 48.8000 38.0000 2.3200
      vertex 48.8000 38.2795 2.3200
    endloop
  endfacet
  facet normal 0.000000 0.000000 -1.000000
    outer loop
      vertex 48.0000 37.0000 4.4000
      vertex 47.8000 38.0000 4.4000
      vertex 48.6000 37.6000 4.4000
    endloop
  endfacet
  facet normal 0.000000 0.000000 1.000000
    outer loop
      vertex 48.6000 37.6000 2.3200
      vertex 47.8000 38.0000 2.3200
      vertex 48.0000 37.0000 2.3200
    endloop
  endfacet
  facet normal 0.000000 0.000000 -1.000000
    outer loop
      vertex 48.0000 37.0000 4.4000
      vertex 47.8000 37.0000 4.4000
      vertex 47.8000 38.0000 4.4000
    endloop
  endfacet
  facet normal 0.000000 0.000000 1.000000
    outer loop
      vertex 47.8000 38.0000 2.3200
      vertex 47.8000 37.0000 2.3200
      vertex 48.0000 37.0000 2.3200
    endloop
  endfacet
  facet normal 0.000000 0.000000 -1.000000
    outer loop
      vertex 47.6000 36.8000 4.4000
      vertex 47.4000 36.8000 4.4000
      vertex 47.8000 37.0000 4.4000
    endloop
  endfacet
  facet normal 0.000000 0.000000 1.000000
    outer loop
      vertex 47.8000 37.0000 2.3200
      vertex 47.4000 36.8000 2.3200
      vertex 47.6000 36.8000 2.3200
    endloop
  endfacet
  facet normal 0.000000 0.000000 -1.000000
    outer loop
      vertex 47.2000 36.6000 4.4000
      vertex 47.0000 37.2000 4.4000
      vertex 47.4000 36.8000 4.4000
    endloop
  endfacet
  facet normal 0.000000 0.000000 1.000000
    outer loop
      vertex 47.4000 36.8000 2.3200
      vertex 47.0000 37.2000 2.3200
      vertex 47.2000 36.6000 2.3200
    endloop
  endfacet
  facet normal 0.000000 0.000000 -1.000000
    outer loop
      vertex 47.2000 36.6000 4.4000
      vertex 45.8000 36.6000 4.4000
      vertex 47.0000 37.2000 4.4000
    endloop
  endfacet
  facet normal 0.000000 0.000000 1.000000
    outer loop
      vertex 47.0000 37.2000 2.3200
      vertex 45.8000 36.6000 2.3200
      vertex 47.2000 36.6000 2.3200
    endloop
  endfacet
  facet normal 0.000000 0.000000 -1.000000
    outer loop
      vertex 45.8000 36.6000 4.4000
      vertex 46.0000 37.2000 4.4000
      vertex 47.0000 37.2000 4.4000
    endloop
  endfacet
  facet normal 0.000000 0.000000 1.000000
    outer loop
      vertex 47.0000 37.2000 2.3200
      vertex 46.0000 37.2000 2.3200
      vertex 45.8000 36.6000 2.3200
    endloop
  endfacet
  facet normal 0.000000 0.000000 -1.000000
    outer loop
      vertex 45.8000 36.6000 4.4000
      vertex 45.6000 36.8000 4.4000
      vertex 46.0000 37.2000 4.4000
    endloop
  endfacet
  facet normal 0.000000 0.000000 1.000000
    outer loop
      vertex 46.0000 37.2000 2.3200
      vertex 45.6000 36.8000 2.3200
      vertex 45.8000 36.6000 2.3200
    endloop
  endfacet
  facet normal 0.000000 0.000000 -1.000000
    outer loop
      vertex 45.4000 36.8000 4.4000
      vertex 45.2000 37.0000 4.4000
      vertex 45.6000 36.8000 4.4000
    endloop
  endfacet
  facet normal 0.000000 0.000000 1.000000
    outer loop
      vertex 45.6000 36.8000 2.3200
      vertex 45.2000 37.0000 2.3200
      vertex 45.4000 36.8000 2.3200
    endloop
  endfacet
  facet normal 0.000000 0.000000 -1.000000
    outer loop
      vertex 45.0000 37.0000 4.4000
      vertex 45.2000 38.0000 4.4000
      vertex 45.2000 37.0000 4.4000
    endloop
  endfacet
  facet normal 0.000000 -0.000000 1.000000
    outer loop
      vertex 45.2000 37.0000 2.3200
      vertex 45.2000 38.0000 2.3200
      vertex 45.0000 37.0000 2.3200
    endloop
  endfacet
  facet normal 0.000000 0.000000 -1.000000
    outer loop
      vertex 45.2000 38.0000 4.4000
      vertex 46.0000 37.2000 4.4000
      vertex 45.2000 37.0000 4.4000
    endloop
  endfacet
  facet normal 0.000000 0.000000 1.000000
    outer loop
      vertex 45.2000 37.0000 2.3200
      vertex 46.0000 37.2000 2.3200
      vertex 45.2000 38.0000 2.3200
    endloop
  endfacet
  facet normal 0.000000 0.000000 -1.000000
    outer loop
      vertex 46.0000 37.2000 4.4000
      vertex 45.6000 36.8000 4.4000
      vertex 45.2000 37.0000 4.4000
    endloop
  endfacet
  facet normal -0.000000 0.000000 1.000000
    outer loop
      vertex 45.2000 37.0000 2.3200
      vertex 45.6000 36.8000 2.3200
      vertex 46.0000 37.2000 2.3200
    endloop
  endfacet
  facet normal 0.000000 -0.000000 -1.000000
    outer loop
      vertex 47.8000 38.0000 4.4000
      vertex 47.8000 37.0000 4.4000
      vertex 47.0000 37.2000 4.4000
    endloop
  endfacet
  facet normal -0.000000 0.000000 1.000000
    outer loop
      vertex 47.0000 37.2000 2.3200
      vertex 47.8000 37.0000 2.3200
      vertex 47.8000 38.0000 2.3200
    endloop
  endfacet
  facet normal -0.000000 0.000000 -1.000000
    outer loop
      vertex 47.8000 37.0000 4.4000
      vertex 47.4000 36.8000 4.4000
      vertex 47.0000 37.2000 4.4000
    endloop
  endfacet
  facet normal 0.000000 0.000000 1.000000
    outer loop
      vertex 47.0000 37.2000 2.3200
      vertex 47.4000 36.8000 2.3200
      vertex 47.8000 37.0000 2.3200
    endloop
  endfacet
  facet normal 0.000000 0.000000 -1.000000
    outer loop
      vertex 47.8000 38.0000 4.4000
      vertex 48.6000 37.8000 4.4000
      vertex 48.6000 37.6000 4.4000
    endloop
  endfacet
  facet normal 0.000000 -0.000000 1.000000
    outer loop
      vertex 48.6000 37.6000 2.3200
      vertex 48.6000 37.8000 2.3200
      vertex 47.8000 38.0000 2.3200
    endloop
  endfacet
  facet normal -0.707107 0.707107 0.000000
    outer loop
      vertex 48.8000 38.0000 2.3200
      vertex 48.6000 37.8000 2.3200
      vertex 48.6000 37.8000 4.4000
    endloop
  endfacet
  facet normal -0.707107 0.707107 0.000000
    outer loop
      vertex 48.8000 38.0000 2.3200
      vertex 48.6000 37.8000 4.4000
      vertex 48.8000 38.0000 4.4000
    endloop
  endfacet
  facet normal -1.000000 0.000000 0.000000
    outer loop
      vertex 48.6000 37.8000 2.3200
      vertex 48.6000 37.6000 2.3200
      vertex 48.6000 37.6000 4.4000
    endloop
  endfacet
  facet normal -1.000000 0.000000 0.000000
    outer loop
      vertex 48.6000 37.8000 2.3200
      vertex 48.6000 37.6000 4.4000
      vertex 48.6000 37.8000 4.4000
    endloop
  endfacet
  facet normal -0.707107 0.707107 0.000000
    outer loop
      vertex 48.6000 37.6000 2.3200
      vertex 48.0000 37.0000 2.3200
      vertex 48.0000 37.0000 4.4000
    endloop
  endfacet
  facet normal -0.707107 0.707107 0.000000
    outer loop
      vertex 48.6000 37.6000 2.3200
      vertex 48.0000 37.0000 4.4000
      vertex 48.6000 37.6000 4.4000
    endloop
  endfacet
  facet normal 0.000000 1.000000 0.000000
    outer loop
      vertex 48.0000 37.0000 2.3200
      vertex 47.8000 37.0000 2.3200
      vertex 47.8000 37.0000 4.4000
    endloop
  endfacet
  facet normal 0.000000 1.000000 -0.000000
    outer loop
      vertex 48.0000 37.0000 2.3200
      vertex 47.8000 37.0000 4.4000
      vertex 48.0000 37.0000 4.4000
    endloop
  endfacet
  facet normal -0.707107 0.707107 0.000000
    outer loop
      vertex 47.8000 37.0000 2.3200
      vertex 47.6000 36.8000 2.3200
      vertex 47.6000 36.8000 4.4000
    endloop
  endfacet
  facet normal -0.707107 0.707107 0.000000
    outer loop
      vertex 47.8000 37.0000 2.3200
      vertex 47.6000 36.8000 4.4000
      vertex 47.8000 37.0000 4.4000
    endloop
  endfacet
  facet normal 0.000000 1.000000 0.000000
    outer loop
      vertex 47.6000 36.8000 2.3200
      vertex 47.4000 36.8000 2.3200
      vertex 47.4000 36.8000 4.4000
    endloop
  endfacet
  facet normal 0.000000 1.000000 -0.000000
    outer loop
      vertex 47.6000 36.8000 2.3200
      vertex 47.4000 36.8000 4.4000
      vertex 47.6000 36.8000 4.4000
    endloop
  endfacet
  facet normal -0.707107 0.707107 0.000000
    outer loop
      vertex 47.4000 36.8000 2.3200
      vertex 47.2000 36.6000 2.3200
      vertex 47.2000 36.6000 4.4000
    endloop
  endfacet
  facet normal -0.707107 0.707107 0.000000
    outer loop
      vertex 47.4000 36.8000 2.3200
      vertex 47.2000 36.6000 4.4000
      vertex 47.4000 36.8000 4.4000
    endloop
  endfacet
  facet normal 0.000000 1.000000 0.000000
    outer loop
      vertex 47.2000 36.6000 2.3200
      vertex 45.8000 36.6000 2.3200
      vertex 45.8000 36.6000 4.4000
    endloop
  endfacet
  facet normal 0.000000 1.000000 -0.000000
    outer loop
      vertex 47.2000 36.6000 2.3200
      vertex 45.8000 36.6000 4.4000
      vertex 47.2000 36.6000 4.4000
    endloop
  endfacet
  facet normal 0.707107 0.707107 0.000000
    outer loop
      vertex 45.8000 36.6000 2.3200
      vertex 45.6000 36.8000 2.3200
      vertex 45.6000 36.8000 4.4000
    endloop
  endfacet
  facet normal 0.707107 0.707107 -0.000000
    outer loop
      vertex 45.8000 36.6000 2.3200
      vertex 45.6000 36.8000 4.4000
      vertex 45.8000 36.6000 4.4000
    endloop
  endfacet
  facet normal 0.000000 1.000000 0.000000
    outer loop
      vertex 45.6000 36.8000 2.3200
      vertex 45.4000 36.8000 2.3200
      vertex 45.4000 36.8000 4.4000
    endloop
  endfacet
  facet normal 0.000000 1.000000 -0.000000
    outer loop
      vertex 45.6000 36.8000 2.3200
      vertex 45.4000 36.8000 4.4000
      vertex 45.6000 36.8000 4.4000
    endloop
  endfacet
  facet normal 0.707107 0.707107 0.000000
    outer loop
      vertex 45.4000 36.8000 2.3200
      vertex 45.2000 37.0000 2.3200
      vertex 45.2000 37.0000 4.4000
    endloop
  endfacet
  facet normal 0.707107 0.707107 -0.000000
    outer loop
      vertex 45.4000 36.8000 2.3200
      vertex 45.2000 37.0000 4.4000
      vertex 45.4000 36.8000 4.4000
    endloop
  endfacet
  facet normal 0.000000 1.000000 0.000000
    outer loop
      vertex 45.2000 37.0000 2.3200
      vertex 45.0000 37.0000 2.3200
      vertex 45.0000 37.0000 4.4000
    endloop
  endfacet
  facet normal 0.000000 1.000000 -0.000000
    outer loop
      vertex 45.2000 37.0000 2.3200
      vertex 45.0000 37.0000 4.4000
      vertex 45.2000 37.0000 4.4000
    endloop
  endfacet
  facet normal 0.707107 0.707107 0.000000
    outer loop
      vertex 45.0000 37.0000 2.3200
      vertex 44.4000 37.6000 2.3200
      vertex 44.4000 37.6000 4.4000
    endloop
  endfacet
  facet normal 0.707107 0.707107 -0.000000
    outer loop
      vertex 45.0000 37.0000 2.3200
      vertex 44.4000 37.6000 4.4000
      vertex 45.0000 37.0000 4.4000
    endloop
  endfacet
  facet normal 1.000000 0.000000 0.000000
    outer loop
      vertex 44.4000 37.6000 2.3200
      vertex 44.4000 37.8000 2.3200
      vertex 44.4000 37.8000 4.4000
    endloop
  endfacet
  facet normal 1.000000 0.000000 0.000000
    outer loop
      vertex 44.4000 37.6000 2.3200
      vertex 44.4000 37.8000 4.4000
      vertex 44.4000 37.6000 4.4000
    endloop
  endfacet
  facet normal 0.707107 0.707107 0.000000
    outer loop
      vertex 44.4000 37.8000 2.3200
      vertex 44.3209 37.8791 2.3200
      vertex 44.3209 37.8791 4.4000
    endloop
  endfacet
  facet normal 0.707107 0.707107 -0.000000
    outer loop
      vertex 44.4000 37.8000 2.3200
      vertex 44.3209 37.8791 4.4000
      vertex 44.4000 37.8000 4.4000
    endloop
  endfacet
  facet normal 0.188740 -0.982027 0.000000
    outer loop
      vertex 44.3209 37.8791 2.3200
      vertex 44.5515 37.9235 2.3200
      vertex 44.5515 37.9235 4.4000
    endloop
  endfacet
  facet normal 0.188740 -0.982027 0.000000
    outer loop
      vertex 44.3209 37.8791 2.3200
      vertex 44.5515 37.9235 4.4000
      vertex 44.3209 37.8791 4.4000
    endloop
  endfacet
  facet normal 0.159746 -0.987158 0.000000
    outer loop
      vertex 44.5515 37.9235 2.3200
      vertex 44.5806 37.9282 2.3200
      vertex 44.5806 37.9282 4.4000
    endloop
  endfacet
  facet normal 0.159746 -0.987158 0.000000
    outer loop
      vertex 44.5515 37.9235 2.3200
      vertex 44.5806 37.9282 4.4000
      vertex 44.5515 37.9235 4.4000
    endloop
  endfacet
  facet normal 0.130613 -0.991433 0.000000
    outer loop
      vertex 44.5806 37.9282 2.3200
      vertex 45.2000 38.0098 2.3200
      vertex 45.2000 38.0098 4.4000
    endloop
  endfacet
  facet normal 0.130613 -0.991433 0.000000
    outer loop
      vertex 44.5806 37.9282 2.3200
      vertex 45.2000 38.0098 4.4000
      vertex 44.5806 37.9282 4.4000
    endloop
  endfacet
  facet normal -1.000000 0.000000 0.000000
    outer loop
      vertex 45.2000 38.0098 2.3200
      vertex 45.2000 38.0000 2.3200
      vertex 45.2000 38.0000 4.4000
    endloop
  endfacet
  facet normal -1.000000 0.000000 0.000000
    outer loop
      vertex 45.2000 38.0098 2.3200
      vertex 45.2000 38.0000 4.4000
      vertex 45.2000 38.0098 4.4000
    endloop
  endfacet
  facet normal -0.707107 -0.707107 0.000000
    outer loop
      vertex 45.2000 38.0000 2.3200
      vertex 46.0000 37.2000 2.3200
      vertex 46.0000 37.2000 4.4000
    endloop
  endfacet
  facet normal -0.707107 -0.707107 0.000000
    outer loop
      vertex 45.2000 38.0000 2.3200
      vertex 46.0000 37.2000 4.4000
      vertex 45.2000 38.0000 4.4000
    endloop
  endfacet
  facet normal 0.000000 -1.000000 0.000000
    outer loop
      vertex 46.0000 37.2000 2.3200
      vertex 47.0000 37.2000 2.3200
      vertex 47.0000 37.2000 4.4000
    endloop
  endfacet
  facet normal 0.000000 -1.000000 0.000000
    outer loop
      vertex 46.0000 37.2000 2.3200
      vertex 47.0000 37.2000 4.4000
      vertex 46.0000 37.2000 4.4000
    endloop
  endfacet
  facet normal 0.707107 -0.707107 0.000000
    outer loop
      vertex 47.0000 37.2000 2.3200
      vertex 47.8000 38.0000 2.3200
      vertex 47.8000 38.0000 4.4000
    endloop
  endfacet
  facet normal 0.707107 -0.707107 0.000000
    outer loop
      vertex 47.0000 37.2000 2.3200
      vertex 47.8000 38.0000 4.4000
      vertex 47.0000 37.2000 4.4000
    endloop
  endfacet
  facet normal 1.000000 0.000000 0.000000
    outer loop
      vertex 47.8000 38.0000 2.3200
      vertex 47.8000 38.2000 2.3200
      vertex 47.8000 38.2000 4.4000
    endloop
  endfacet
  facet normal 1.000000 0.000000 0.000000
    outer loop
      vertex 47.8000 38.0000 2.3200
      vertex 47.8000 38.2000 4.4000
      vertex 47.8000 38.0000 4.4000
    endloop
  endfacet
  facet normal 0.707107 -0.707107 0.000000
    outer loop
      vertex 47.8000 38.2000 2.3200
      vertex 47.8565 38.2565 2.3200
      vertex 47.8565 38.2565 4.4000
    endloop
  endfacet
  facet normal 0.707107 -0.707107 0.000000
    outer loop
      vertex 47.8000 38.2000 2.3200
      vertex 47.8565 38.2565 4.4000
      vertex 47.8000 38.2000 4.4000
    endloop
  endfacet
  facet normal 0.024405 -0.999702 0.000000
    outer loop
      vertex 47.8565 38.2565 2.3200
      vertex 48.8000 38.2795 2.3200
      vertex 48.8000 38.2795 4.4000
    endloop
  endfacet
  facet normal 0.024405 -0.999702 0.000000
    outer loop
      vertex 47.8565 38.2565 2.3200
      vertex 48.8000 38.2795 4.4000
      vertex 47.8565 38.2565 4.4000
    endloop
  endfacet
  facet normal -1.000000 0.000000 0.000000
    outer loop
      vertex 48.8000 38.2795 2.3200
      vertex 48.8000 38.0000 2.3200
      vertex 48.8000 38.0000 4.4000
    endloop
  endfacet
  facet normal -1.000000 0.000000 0.000000
    outer loop
      vertex 48.8000 38.2795 2.3200
      vertex 48.8000 38.0000 4.4000
      vertex 48.8000 38.2795 4.4000
    endloop
  endfacet
  facet normal 0.000000 0.000000 -1.000000
    outer loop
      vertex 39.0000 36.7134 4.4000
      vertex 39.8084 36.9219 4.4000
      vertex 39.0000 36.6000 4.4000
    endloop
  endfacet
  facet normal 0.000000 0.000000 1.000000
    outer loop
      vertex 39.0000 36.6000 2.3200
      vertex 39.8084 36.9219 2.3200
      vertex 39.0000 36.7134 2.3200
    endloop
  endfacet
  facet normal 0.000000 -0.000000 -1.000000
    outer loop
      vertex 39.8084 36.9219 4.4000
      vertex 40.0000 36.6000 4.4000
      vertex 39.0000 36.6000 4.4000
    endloop
  endfacet
  facet normal 0.000000 0.000000 1.000000
    outer loop
      vertex 39.0000 36.6000 2.3200
      vertex 40.0000 36.6000 2.3200
      vertex 39.8084 36.9219 2.3200
    endloop
  endfacet
  facet normal 0.000000 0.000000 -1.000000
    outer loop
      vertex 39.8084 36.9219 4.4000
      vertex 39.8207 36.9249 4.4000
      vertex 40.0000 36.6000 4.4000
    endloop
  endfacet
  facet normal 0.000000 0.000000 1.000000
    outer loop
      vertex 40.0000 36.6000 2.3200
      vertex 39.8207 36.9249 2.3200
      vertex 39.8084 36.9219 2.3200
    endloop
  endfacet
  facet normal 0.000000 0.000000 -1.000000
    outer loop
      vertex 39.8207 36.9249 4.4000
      vertex 40.0000 36.9663 4.4000
      vertex 40.0000 36.6000 4.4000
    endloop
  endfacet
  facet normal 0.000000 -0.000000 1.000000
    outer loop
      vertex 40.0000 36.6000 2.3200
      vertex 40.0000 36.9663 2.3200
      vertex 39.8207 36.9249 2.3200
    endloop
  endfacet
  facet normal 0.000000 1.000000 0.000000
    outer loop
      vertex 40.0000 36.6000 2.3200
      vertex 39.0000 36.6000 2.3200
      vertex 39.0000 36.6000 4.4000
    endloop
  endfacet
  facet normal 0.000000 1.000000 -0.000000
    outer loop
      vertex 40.0000 36.6000 2.3200
      vertex 39.0000 36.6000 4.4000
      vertex 40.0000 36.6000 4.4000
    endloop
  endfacet
  facet normal 1.000000 0.000000 0.000000
    outer loop
      vertex 39.0000 36.6000 2.3200
      vertex 39.0000 36.7134 2.3200
      vertex 39.0000 36.7134 4.4000
    endloop
  endfacet
  facet normal 1.000000 0.000000 0.000000
    outer loop
      vertex 39.0000 36.6000 2.3200
      vertex 39.0000 36.7134 4.4000
      vertex 39.0000 36.6000 4.4000
    endloop
  endfacet
  facet normal 0.249689 -0.968326 0.000000
    outer loop
      vertex 39.0000 36.7134 2.3200
      vertex 39.8084 36.9219 2.3200
      vertex 39.8084 36.9219 4.4000
    endloop
  endfacet
  facet normal 0.249689 -0.968326 0.000000
    outer loop
      vertex 39.0000 36.7134 2.3200
      vertex 39.8084 36.9219 4.4000
      vertex 39.0000 36.7134 4.4000
    endloop
  endfacet
  facet normal 0.237376 -0.971418 0.000000
    outer loop
      vertex 39.8084 36.9219 2.3200
      vertex 39.8207 36.9249 2.3200
      vertex 39.8207 36.9249 4.4000
    endloop
  endfacet
  facet normal 0.237376 -0.971418 0.000000
    outer loop
      vertex 39.8084 36.9219 2.3200
      vertex 39.8207 36.9249 4.4000
      vertex 39.8084 36.9219 4.4000
    endloop
  endfacet
  facet normal 0.225026 -0.974353 0.000000
    outer loop
      vertex 39.8207 36.9249 2.3200
      vertex 40.0000 36.9663 2.3200
      vertex 40.0000 36.9663 4.4000
    endloop
  endfacet
  facet normal 0.225026 -0.974353 0.000000
    outer loop
      vertex 39.8207 36.9249 2.3200
      vertex 40.0000 36.9663 4.4000
      vertex 39.8207 36.9249 4.4000
    endloop
  endfacet
  facet normal -1.000000 0.000000 0.000000
    outer loop
      vertex 40.0000 36.9663 2.3200
      vertex 40.0000 36.6000 2.3200
      vertex 40.0000 36.6000 4.4000
    endloop
  endfacet
  facet normal -1.000000 0.000000 0.000000
    outer loop
      vertex 40.0000 36.9663 2.3200
      vertex 40.0000 36.6000 4.4000
      vertex 40.0000 36.9663 4.4000
    endloop
  endfacet
endsolid piece_02
