solid project_opus_text
  facet normal 0.000000 0.000000 -1.000000
    outer loop
      vertex 52.0000 11.2500 3.2000
      vertex 52.2500 11.2500 3.2000
      vertex 52.0000 11.0000 3.2000
    endloop
  endfacet
  facet normal 0.000000 0.000000 1.000000
    outer loop
      vertex 52.0000 11.0000 2.4000
      vertex 52.2500 11.2500 2.4000
      vertex 52.0000 11.2500 2.4000
    endloop
  endfacet
  facet normal 0.000000 -0.000000 -1.000000
    outer loop
      vertex 52.5000 11.5000 3.2000
      vertex 52.5000 9.5000 3.2000
      vertex 52.2500 11.2500 3.2000
    endloop
  endfacet
  facet normal -0.000000 0.000000 1.000000
    outer loop
      vertex 52.2500 11.2500 2.4000
      vertex 52.5000 9.5000 2.4000
      vertex 52.5000 11.5000 2.4000
    endloop
  endfacet
  facet normal 0.000000 0.000000 -1.000000
    outer loop
      vertex 52.5000 11.5000 3.2000
      vertex 59.7500 9.5000 3.2000
      vertex 52.5000 9.5000 3.2000
    endloop
  endfacet
  facet normal 0.000000 0.000000 1.000000
    outer loop
      vertex 52.5000 9.5000 2.4000
      vertex 59.7500 9.5000 2.4000
      vertex 52.5000 11.5000 2.4000
    endloop
  endfacet
  facet normal 0.000000 0.000000 -1.000000
    outer loop
      vertex 52.5000 11.5000 3.2000
      vertex 59.7500 11.5000 3.2000
      vertex 59.7500 9.5000 3.2000
    endloop
  endfacet
  facet normal 0.000000 -0.000000 1.000000
    outer loop
      vertex 59.7500 9.5000 2.4000
      vertex 59.7500 11.5000 2.4000
      vertex 52.5000 11.5000 2.4000
    endloop
  endfacet
  facet normal 0.000000 0.000000 -1.000000
    outer loop
      vertex 59.7500 11.5000 3.2000
      vertex 60.0000 9.7500 3.2000
      vertex 59.7500 9.5000 3.2000
    endloop
  endfacet
  facet normal 0.000000 0.000000 1.000000
    outer loop
      vertex 59.7500 9.5000 2.4000
      vertex 60.0000 9.7500 2.4000
      vertex 59.7500 11.5000 2.4000
    endloop
  endfacet
  facet normal 0.000000 0.000000 -1.000000
    outer loop
      vertex 59.7500 11.5000 3.2000
      vertex 60.0000 11.2500 3.2000
      vertex 60.0000 9.7500 3.2000
    endloop
  endfacet
  facet normal 0.000000 -0.000000 1.000000
    outer loop
      vertex 60.0000 9.7500 2.4000
      vertex 60.0000 11.2500 2.4000
      vertex 59.7500 11.5000 2.4000
    endloop
  endfacet
  facet normal -0.000000 -0.000000 -1.000000
    outer loop
      vertex 60.2500 11.2500 3.2000
      vertex 60.2500 11.0000 3.2000
      vertex 60.0000 11.2500 3.2000
    endloop
  endfacet
  facet normal -0.000000 0.000000 1.000000
    outer loop
      vertex 60.0000 11.2500 2.4000
      vertex 60.2500 11.0000 2.4000
      vertex 60.2500 11.2500 2.4000
    endloop
  endfacet
  facet normal -0.000000 -0.000000 -1.000000
    outer loop
      vertex 60.5000 10.7500 3.2000
      vertex 60.5000 10.2500 3.2000
      vertex 60.2500 11.0000 3.2000
    endloop
  endfacet
  facet normal 0.000000 0.000000 1.000000
    outer loop
      vertex 60.2500 11.0000 2.4000
      vertex 60.5000 10.2500 2.4000
      vertex 60.5000 10.7500 2.4000
    endloop
  endfacet
  facet normal 0.000000 0.000000 -1.000000
    outer loop
      vertex 60.2500 9.7500 3.2000
      vertex 60.0000 9.7500 3.2000
      vertex 60.2500 10.0000 3.2000
    endloop
  endfacet
  facet normal 0.000000 0.000000 1.000000
    outer loop
      vertex 60.2500 10.0000 2.4000
      vertex 60.0000 9.7500 2.4000
      vertex 60.2500 9.7500 2.4000
    endloop
  endfacet
  facet normal 0.000000 0.000000 -1.000000
    outer loop
      vertex 60.0000 9.7500 3.2000
      vertex 60.0000 11.2500 3.2000
      vertex 60.2500 10.0000 3.2000
    endloop
  endfacet
  facet normal 0.000000 0.000000 1.000000
    outer loop
      vertex 60.2500 10.0000 2.4000
      vertex 60.0000 11.2500 2.4000
      vertex 60.0000 9.7500 2.4000
    endloop
  endfacet
  facet normal 0.000000 0.000000 -1.000000
    outer loop
      vertex 60.0000 11.2500 3.2000
      vertex 60.2500 11.0000 3.2000
      vertex 60.2500 10.0000 3.2000
    endloop
  endfacet
  facet normal 0.000000 -0.000000 1.000000
    outer loop
      vertex 60.2500 10.0000 2.4000
      vertex 60.2500 11.0000 2.4000
      vertex 60.0000 11.2500 2.4000
    endloop
  endfacet
  facet normal 0.000000 0.000000 -1.000000
    outer loop
      vertex 60.2500 11.0000 3.2000
      vertex 60.5000 10.2500 3.2000
      vertex 60.2500 10.0000 3.2000
    endloop
  endfacet
  facet normal 0.000000 0.000000 1.000000
    outer loop
      vertex 60.2500 10.0000 2.4000
      vertex 60.5000 10.2500 2.4000
      vertex 60.2500 11.0000 2.4000
    endloop
  endfacet
  facet normal 0.000000 0.000000 -1.000000
    outer loop
      vertex 52.5000 9.5000 3.2000
      vertex 52.2500 9.7500 3.2000
      vertex 52.2500 11.2500 3.2000
    endloop
  endfacet
  facet normal 0.000000 0.000000 1.000000
    outer loop
      vertex 52.2500 11.2500 2.4000
      vertex 52.2500 9.7500 2.4000
      vertex 52.5000 9.5000 2.4000
    endloop
  endfacet
  facet normal 0.000000 0.000000 -1.000000
    outer loop
      vertex 52.0000 9.7500 3.2000
      vertex 52.0000 10.0000 3.2000
      vertex 52.2500 9.7500 3.2000
    endloop
  endfacet
  facet normal 0.000000 0.000000 1.000000
    outer loop
      vertex 52.2500 9.7500 2.4000
      vertex 52.0000 10.0000 2.4000
      vertex 52.0000 9.7500 2.4000
    endloop
  endfacet
  facet normal 0.000000 0.000000 -1.000000
    outer loop
      vertex 51.7500 10.2500 3.2000
      vertex 51.7500 10.7500 3.2000
      vertex 52.0000 10.0000 3.2000
    endloop
  endfacet
  facet normal 0.000000 0.000000 1.000000
    outer loop
      vertex 52.0000 10.0000 2.4000
      vertex 51.7500 10.7500 2.4000
      vertex 51.7500 10.2500 2.4000
    endloop
  endfacet
  facet normal 0.000000 0.000000 -1.000000
    outer loop
      vertex 51.7500 10.7500 3.2000
      vertex 52.0000 11.0000 3.2000
      vertex 52.0000 10.0000 3.2000
    endloop
  endfacet
  facet normal 0.000000 -0.000000 1.000000
    outer loop
      vertex 52.0000 10.0000 2.4000
      vertex 52.0000 11.0000 2.4000
      vertex 51.7500 10.7500 2.4000
    endloop
  endfacet
  facet normal 0.000000 0.000000 -1.000000
    outer loop
      vertex 52.0000 11.0000 3.2000
      vertex 52.2500 9.7500 3.2000
      vertex 52.0000 10.0000 3.2000
    endloop
  endfacet
  facet normal -0.000000 0.000000 1.000000
    outer loop
      vertex 52.0000 10.0000 2.4000
      vertex 52.2500 9.7500 2.4000
      vertex 52.0000 11.0000 2.4000
    endloop
  endfacet
  facet normal 0.000000 0.000000 -1.000000
    outer loop
      vertex 52.0000 11.0000 3.2000
      vertex 52.2500 11.2500 3.2000
      vertex 52.2500 9.7500 3.2000
    endloop
  endfacet
  facet normal 0.000000 -0.000000 1.000000
    outer loop
      vertex 52.2500 9.7500 2.4000
      vertex 52.2500 11.2500 2.4000
      vertex 52.0000 11.0000 2.4000
    endloop
  endfacet
  facet normal -0.707107 0.707107 0.000000
    outer loop
      vertex 52.5000 11.5000 2.4000
      vertex 52.2500 11.2500 2.4000
      vertex 52.2500 11.2500 3.2000
    endloop
  endfacet
  facet normal -0.707107 0.707107 0.000000
    outer loop
      vertex 52.5000 11.5000 2.4000
      vertex 52.2500 11.2500 3.2000
      vertex 52.5000 11.5000 3.2000
    endloop
  endfacet
  facet normal 0.000000 1.000000 0.000000
    outer loop
      vertex 52.2500 11.2500 2.4000
      vertex 52.0000 11.2500 2.4000
      vertex 52.0000 11.2500 3.2000
    endloop
  endfacet
  facet normal 0.000000 1.000000 -0.000000
    outer loop
      vertex 52.2500 11.2500 2.4000
      vertex 52.0000 11.2500 3.2000
      vertex 52.2500 11.2500 3.2000
    endloop
  endfacet
  facet normal -1.000000 0.000000 0.000000
    outer loop
      vertex 52.0000 11.2500 2.4000
      vertex 52.0000 11.0000 2.4000
      vertex 52.0000 11.0000 3.2000
    endloop
  endfacet
  facet normal -1.000000 0.000000 0.000000
    outer loop
      vertex 52.0000 11.2500 2.4000
      vertex 52.0000 11.0000 3.2000
      vertex 52.0000 11.2500 3.2000
    endloop
  endfacet
  facet normal -0.707107 0.707107 0.000000
    outer loop
      vertex 52.0000 11.0000 2.4000
      vertex 51.7500 10.7500 2.4000
      vertex 51.7500 10.7500 3.2000
    endloop
  endfacet
  facet normal -0.707107 0.707107 0.000000
    outer loop
      vertex 52.0000 11.0000 2.4000
      vertex 51.7500 10.7500 3.2000
      vertex 52.0000 11.0000 3.2000
    endloop
  endfacet
  facet normal -1.000000 0.000000 0.000000
    outer loop
      vertex 51.7500 10.7500 2.4000
      vertex 51.7500 10.2500 2.4000
      vertex 51.7500 10.2500 3.2000
    endloop
  endfacet
  facet normal -1.000000 0.000000 0.000000
    outer loop
      vertex 51.7500 10.7500 2.4000
      vertex 51.7500 10.2500 3.2000
      vertex 51.7500 10.7500 3.2000
    endloop
  endfacet
  facet normal -0.707107 -0.707107 0.000000
    outer loop
      vertex 51.7500 10.2500 2.4000
      vertex 52.0000 10.0000 2.4000
      vertex 52.0000 10.0000 3.2000
    endloop
  endfacet
  facet normal -0.707107 -0.707107 0.000000
    outer loop
      vertex 51.7500 10.2500 2.4000
      vertex 52.0000 10.0000 3.2000
      vertex 51.7500 10.2500 3.2000
    endloop
  endfacet
  facet normal -1.000000 0.000000 0.000000
    outer loop
      vertex 52.0000 10.0000 2.4000
      vertex 52.0000 9.7500 2.4000
      vertex 52.0000 9.7500 3.2000
    endloop
  endfacet
  facet normal -1.000000 0.000000 0.000000
    outer loop
      vertex 52.0000 10.0000 2.4000
      vertex 52.0000 9.7500 3.2000
      vertex 52.0000 10.0000 3.2000
    endloop
  endfacet
  facet normal 0.000000 -1.000000 0.000000
    outer loop
      vertex 52.0000 9.7500 2.4000
      vertex 52.2500 9.7500 2.4000
      vertex 52.2500 9.7500 3.2000
    endloop
  endfacet
  facet normal 0.000000 -1.000000 0.000000
    outer loop
      vertex 52.0000 9.7500 2.4000
      vertex 52.2500 9.7500 3.2000
      vertex 52.0000 9.7500 3.2000
    endloop
  endfacet
  facet normal -0.707107 -0.707107 0.000000
    outer loop
      vertex 52.2500 9.7500 2.4000
      vertex 52.5000 9.5000 2.4000
      vertex 52.5000 9.5000 3.2000
    endloop
  endfacet
  facet normal -0.707107 -0.707107 0.000000
    outer loop
      vertex 52.2500 9.7500 2.4000
      vertex 52.5000 9.5000 3.2000
      vertex 52.2500 9.7500 3.2000
    endloop
  endfacet
  facet normal 0.000000 -1.000000 0.000000
    outer loop
      vertex 52.5000 9.5000 2.4000
      vertex 59.7500 9.5000 2.4000
      vertex 59.7500 9.5000 3.2000
    endloop
  endfacet
  facet normal 0.000000 -1.000000 0.000000
    outer loop
      vertex 52.5000 9.5000 2.4000
      vertex 59.7500 9.5000 3.2000
      vertex 52.5000 9.5000 3.2000
    endloop
  endfacet
  facet normal 0.707107 -0.707107 0.000000
    outer loop
      vertex 59.7500 9.5000 2.4000
      vertex 60.0000 9.7500 2.4000
      vertex 60.0000 9.7500 3.2000
    endloop
  endfacet
  facet normal 0.707107 -0.707107 0.000000
    outer loop
      vertex 59.7500 9.5000 2.4000
      vertex 60.0000 9.7500 3.2000
      vertex 59.7500 9.5000 3.2000
    endloop
  endfacet
  facet normal 0.000000 -1.000000 0.000000
    outer loop
      vertex 60.0000 9.7500 2.4000
      vertex 60.2500 9.7500 2.4000
      vertex 60.2500 9.7500 3.2000
    endloop
  endfacet
  facet normal 0.000000 -1.000000 0.000000
    outer loop
      vertex 60.0000 9.7500 2.4000
      vertex 60.2500 9.7500 3.2000
      vertex 60.0000 9.7500 3.2000
    endloop
  endfacet
  facet normal 1.000000 0.000000 0.000000
    outer loop
      vertex 60.2500 9.7500 2.4000
      vertex 60.2500 10.0000 2.4000
      vertex 60.2500 10.0000 3.2000
    endloop
  endfacet
  facet normal 1.000000 0.000000 0.000000
    outer loop
      vertex 60.2500 9.7500 2.4000
      vertex 60.2500 10.0000 3.2000
      vertex 60.2500 9.7500 3.2000
    endloop
  endfacet
  facet normal 0.707107 -0.707107 0.000000
    outer loop
      vertex 60.2500 10.0000 2.4000
      vertex 60.5000 10.2500 2.4000
      vertex 60.5000 10.2500 3.2000
    endloop
  endfacet
  facet normal 0.707107 -0.707107 0.000000
    outer loop
      vertex 60.2500 10.0000 2.4000
      vertex 60.5000 10.2500 3.2000
      vertex 60.2500 10.0000 3.2000
    endloop
  endfacet
  facet normal 1.000000 0.000000 0.000000
    outer loop
      vertex 60.5000 10.2500 2.4000
      vertex 60.5000 10.7500 2.4000
      vertex 60.5000 10.7500 3.2000
    endloop
  endfacet
  facet normal 1.000000 0.000000 0.000000
    outer loop
      vertex 60.5000 10.2500 2.4000
      vertex 60.5000 10.7500 3.2000
      vertex 60.5000 10.2500 3.2000
    endloop
  endfacet
  facet normal 0.707107 0.707107 0.000000
    outer loop
      vertex 60.5000 10.7500 2.4000
      vertex 60.2500 11.0000 2.4000
      vertex 60.2500 11.0000 3.2000
    endloop
  endfacet
  facet normal 0.707107 0.707107 -0.000000
    outer loop
      vertex 60.5000 10.7500 2.4000
      vertex 60.2500 11.0000 3.2000
      vertex 60.5000 10.7500 3.2000
    endloop
  endfacet
  facet normal 1.000000 0.000000 0.000000
    outer loop
      vertex 60.2500 11.0000 2.4000
      vertex 60.2500 11.2500 2.4000
      vertex 60.2500 11.2500 3.2000
    endloop
  endfacet
  facet normal 1.000000 0.000000 0.000000
    outer loop
      vertex 60.2500 11.0000 2.4000
      vertex 60.2500 11.2500 3.2000
      vertex 60.2500 11.0000 3.2000
    endloop
  endfacet
  facet normal 0.000000 1.000000 0.000000
    outer loop
      vertex 60.2500 11.2500 2.4000
      vertex 60.0000 11.2500 2.4000
      vertex 60.0000 11.2500 3.2000
    endloop
  endfacet
  facet normal 0.000000 1.000000 -0.000000
    outer loop
      vertex 60.2500 11.2500 2.4000
      vertex 60.0000 11.2500 3.2000
      vertex 60.2500 11.2500 3.2000
    endloop
  endfacet
  facet normal 0.707107 0.707107 0.000000
    outer loop
      vertex 60.0000 11.2500 2.4000
      vertex 59.7500 11.5000 2.4000
      vertex 59.7500 11.5000 3.2000
    endloop
  endfacet
  facet normal 0.707107 0.707107 -0.000000
    outer loop
      vertex 60.0000 11.2500 2.4000
      vertex 59.7500 11.5000 3.2000
      vertex 60.0000 11.2500 3.2000
    endloop
  endfacet
  facet normal 0.000000 1.000000 0.000000
    outer loop
      vertex 59.7500 11.5000 2.4000
      vertex 52.5000 11.5000 2.4000
      vertex 52.5000 11.5000 3.2000
    endloop
  endfacet
  facet normal 0.000000 1.000000 -0.000000
    outer loop
      vertex 59.7500 11.5000 2.4000
      vertex 52.5000 11.5000 3.2000
      vertex 59.7500 11.5000 3.2000
    endloop
  endfacet
  facet normal 0.000000 0.000000 -1.000000
    outer loop
      vertex 41.2500 11.2500 3.2000
      vertex 41.5000 11.2500 3.2000
      vertex 41.2500 11.0000 3.2000
    endloop
  endfacet
  facet normal 0.000000 0.000000 1.000000
    outer loop
      vertex 41.2500 11.0000 2.4000
      vertex 41.5000 11.2500 2.4000
      vertex 41.2500 11.2500 2.4000
    endloop
  endfacet
  facet normal 0.000000 -0.000000 -1.000000
    outer loop
      vertex 41.7500 11.5000 3.2000
      vertex 41.7500 9.5000 3.2000
      vertex 41.5000 11.2500 3.2000
    endloop
  endfacet
  facet normal -0.000000 0.000000 1.000000
    outer loop
      vertex 41.5000 11.2500 2.4000
      vertex 41.7500 9.5000 2.4000
      vertex 41.7500 11.5000 2.4000
    endloop
  endfacet
  facet normal 0.000000 0.000000 -1.000000
    outer loop
      vertex 41.7500 11.5000 3.2000
      vertex 49.0000 9.5000 3.2000
      vertex 41.7500 9.5000 3.2000
    endloop
  endfacet
  facet normal 0.000000 0.000000 1.000000
    outer loop
      vertex 41.7500 9.5000 2.4000
      vertex 49.0000 9.5000 2.4000
      vertex 41.7500 11.5000 2.4000
    endloop
  endfacet
  facet normal 0.000000 0.000000 -1.000000
    outer loop
      vertex 41.7500 11.5000 3.2000
      vertex 49.0000 11.5000 3.2000
      vertex 49.0000 9.5000 3.2000
    endloop
  endfacet
  facet normal 0.000000 -0.000000 1.000000
    outer loop
      vertex 49.0000 9.5000 2.4000
      vertex 49.0000 11.5000 2.4000
      vertex 41.7500 11.5000 2.4000
    endloop
  endfacet
  facet normal 0.000000 0.000000 -1.000000
    outer loop
      vertex 49.0000 11.5000 3.2000
      vertex 49.2500 9.7500 3.2000
      vertex 49.0000 9.5000 3.2000
    endloop
  endfacet
  facet normal 0.000000 0.000000 1.000000
    outer loop
      vertex 49.0000 9.5000 2.4000
      vertex 49.2500 9.7500 2.4000
      vertex 49.0000 11.5000 2.4000
    endloop
  endfacet
  facet normal 0.000000 0.000000 -1.000000
    outer loop
      vertex 49.0000 11.5000 3.2000
      vertex 49.2500 11.2500 3.2000
      vertex 49.2500 9.7500 3.2000
    endloop
  endfacet
  facet normal 0.000000 -0.000000 1.000000
    outer loop
      vertex 49.2500 9.7500 2.4000
      vertex 49.2500 11.2500 2.4000
      vertex 49.0000 11.5000 2.4000
    endloop
  endfacet
  facet normal -0.000000 -0.000000 -1.000000
    outer loop
      vertex 49.5000 11.2500 3.2000
      vertex 49.5000 11.0000 3.2000
      vertex 49.2500 11.2500 3.2000
    endloop
  endfacet
  facet normal -0.000000 0.000000 1.000000
    outer loop
      vertex 49.2500 11.2500 2.4000
      vertex 49.5000 11.0000 2.4000
      vertex 49.5000 11.2500 2.4000
    endloop
  endfacet
  facet normal -0.000000 -0.000000 -1.000000
    outer loop
      vertex 49.7500 10.7500 3.2000
      vertex 49.7500 10.2500 3.2000
      vertex 49.5000 11.0000 3.2000
    endloop
  endfacet
  facet normal 0.000000 0.000000 1.000000
    outer loop
      vertex 49.5000 11.0000 2.4000
      vertex 49.7500 10.2500 2.4000
      vertex 49.7500 10.7500 2.4000
    endloop
  endfacet
  facet normal 0.000000 0.000000 -1.000000
    outer loop
      vertex 49.5000 9.7500 3.2000
      vertex 49.2500 9.7500 3.2000
      vertex 49.5000 10.0000 3.2000
    endloop
  endfacet
  facet normal 0.000000 0.000000 1.000000
    outer loop
      vertex 49.5000 10.0000 2.4000
      vertex 49.2500 9.7500 2.4000
      vertex 49.5000 9.7500 2.4000
    endloop
  endfacet
  facet normal 0.000000 0.000000 -1.000000
    outer loop
      vertex 49.2500 9.7500 3.2000
      vertex 49.2500 11.2500 3.2000
      vertex 49.5000 10.0000 3.2000
    endloop
  endfacet
  facet normal 0.000000 0.000000 1.000000
    outer loop
      vertex 49.5000 10.0000 2.4000
      vertex 49.2500 11.2500 2.4000
      vertex 49.2500 9.7500 2.4000
    endloop
  endfacet
  facet normal 0.000000 0.000000 -1.000000
    outer loop
      vertex 49.2500 11.2500 3.2000
      vertex 49.5000 11.0000 3.2000
      vertex 49.5000 10.0000 3.2000
    endloop
  endfacet
  facet normal 0.000000 -0.000000 1.000000
    outer loop
      vertex 49.5000 10.0000 2.4000
      vertex 49.5000 11.0000 2.4000
      vertex 49.2500 11.2500 2.4000
    endloop
  endfacet
  facet normal 0.000000 0.000000 -1.000000
    outer loop
      vertex 49.5000 11.0000 3.2000
      vertex 49.7500 10.2500 3.2000
      vertex 49.5000 10.0000 3.2000
    endloop
  endfacet
  facet normal 0.000000 0.000000 1.000000
    outer loop
      vertex 49.5000 10.0000 2.4000
      vertex 49.7500 10.2500 2.4000
      vertex 49.5000 11.0000 2.4000
    endloop
  endfacet
  facet normal 0.000000 0.000000 -1.000000
    outer loop
      vertex 41.7500 9.5000 3.2000
      vertex 41.5000 9.7500 3.2000
      vertex 41.5000 11.2500 3.2000
    endloop
  endfacet
  facet normal 0.000000 0.000000 1.000000
    outer loop
      vertex 41.5000 11.2500 2.4000
      vertex 41.5000 9.7500 2.4000
      vertex 41.7500 9.5000 2.4000
    endloop
  endfacet
  facet normal 0.000000 0.000000 -1.000000
    outer loop
      vertex 41.2500 9.7500 3.2000
      vertex 41.2500 10.0000 3.2000
      vertex 41.5000 9.7500 3.2000
    endloop
  endfacet
  facet normal 0.000000 0.000000 1.000000
    outer loop
      vertex 41.5000 9.7500 2.4000
      vertex 41.2500 10.0000 2.4000
      vertex 41.2500 9.7500 2.4000
    endloop
  endfacet
  facet normal 0.000000 0.000000 -1.000000
    outer loop
      vertex 41.0000 10.2500 3.2000
      vertex 41.0000 10.7500 3.2000
      vertex 41.2500 10.0000 3.2000
    endloop
  endfacet
  facet normal 0.000000 0.000000 1.000000
    outer loop
      vertex 41.2500 10.0000 2.4000
      vertex 41.0000 10.7500 2.4000
      vertex 41.0000 10.2500 2.4000
    endloop
  endfacet
  facet normal 0.000000 0.000000 -1.000000
    outer loop
      vertex 41.0000 10.7500 3.2000
      vertex 41.2500 11.0000 3.2000
      vertex 41.2500 10.0000 3.2000
    endloop
  endfacet
  facet normal 0.000000 -0.000000 1.000000
    outer loop
      vertex 41.2500 10.0000 2.4000
      vertex 41.2500 11.0000 2.4000
      vertex 41.0000 10.7500 2.4000
    endloop
  endfacet
  facet normal 0.000000 0.000000 -1.000000
    outer loop
      vertex 41.2500 11.0000 3.2000
      vertex 41.5000 9.7500 3.2000
      vertex 41.2500 10.0000 3.2000
    endloop
  endfacet
  facet normal -0.000000 0.000000 1.000000
    outer loop
      vertex 41.2500 10.0000 2.4000
      vertex 41.5000 9.7500 2.4000
      vertex 41.2500 11.0000 2.4000
    endloop
  endfacet
  facet normal 0.000000 0.000000 -1.000000
    outer loop
      vertex 41.2500 11.0000 3.2000
      vertex 41.5000 11.2500 3.2000
      vertex 41.5000 9.7500 3.2000
    endloop
  endfacet
  facet normal 0.000000 -0.000000 1.000000
    outer loop
      vertex 41.5000 9.7500 2.4000
      vertex 41.5000 11.2500 2.4000
      vertex 41.2500 11.0000 2.4000
    endloop
  endfacet
  facet normal -0.707107 0.707107 0.000000
    outer loop
      vertex 41.7500 11.5000 2.4000
      vertex 41.5000 11.2500 2.4000
      vertex 41.5000 11.2500 3.2000
    endloop
  endfacet
  facet normal -0.707107 0.707107 0.000000
    outer loop
      vertex 41.7500 11.5000 2.4000
      vertex 41.5000 11.2500 3.2000
      vertex 41.7500 11.5000 3.2000
    endloop
  endfacet
  facet normal 0.000000 1.000000 0.000000
    outer loop
      vertex 41.5000 11.2500 2.4000
      vertex 41.2500 11.2500 2.4000
      vertex 41.2500 11.2500 3.2000
    endloop
  endfacet
  facet normal 0.000000 1.000000 -0.000000
    outer loop
      vertex 41.5000 11.2500 2.4000
      vertex 41.2500 11.2500 3.2000
      vertex 41.5000 11.2500 3.2000
    endloop
  endfacet
  facet normal -1.000000 0.000000 0.000000
    outer loop
      vertex 41.2500 11.2500 2.4000
      vertex 41.2500 11.0000 2.4000
      vertex 41.2500 11.0000 3.2000
    endloop
  endfacet
  facet normal -1.000000 0.000000 0.000000
    outer loop
      vertex 41.2500 11.2500 2.4000
      vertex 41.2500 11.0000 3.2000
      vertex 41.2500 11.2500 3.2000
    endloop
  endfacet
  facet normal -0.707107 0.707107 0.000000
    outer loop
      vertex 41.2500 11.0000 2.4000
      vertex 41.0000 10.7500 2.4000
      vertex 41.0000 10.7500 3.2000
    endloop
  endfacet
  facet normal -0.707107 0.707107 0.000000
    outer loop
      vertex 41.2500 11.0000 2.4000
      vertex 41.0000 10.7500 3.2000
      vertex 41.2500 11.0000 3.2000
    endloop
  endfacet
  facet normal -1.000000 0.000000 0.000000
    outer loop
      vertex 41.0000 10.7500 2.4000
      vertex 41.0000 10.2500 2.4000
      vertex 41.0000 10.2500 3.2000
    endloop
  endfacet
  facet normal -1.000000 0.000000 0.000000
    outer loop
      vertex 41.0000 10.7500 2.4000
      vertex 41.0000 10.2500 3.2000
      vertex 41.0000 10.7500 3.2000
    endloop
  endfacet
  facet normal -0.707107 -0.707107 0.000000
    outer loop
      vertex 41.0000 10.2500 2.4000
      vertex 41.2500 10.0000 2.4000
      vertex 41.2500 10.0000 3.2000
    endloop
  endfacet
  facet normal -0.707107 -0.707107 0.000000
    outer loop
      vertex 41.0000 10.2500 2.4000
      vertex 41.2500 10.0000 3.2000
      vertex 41.0000 10.2500 3.2000
    endloop
  endfacet
  facet normal -1.000000 0.000000 0.000000
    outer loop
      vertex 41.2500 10.0000 2.4000
      vertex 41.2500 9.7500 2.4000
      vertex 41.2500 9.7500 3.2000
    endloop
  endfacet
  facet normal -1.000000 0.000000 0.000000
    outer loop
      vertex 41.2500 10.0000 2.4000
      vertex 41.2500 9.7500 3.2000
      vertex 41.2500 10.0000 3.2000
    endloop
  endfacet
  facet normal 0.000000 -1.000000 0.000000
    outer loop
      vertex 41.2500 9.7500 2.4000
      vertex 41.5000 9.7500 2.4000
      vertex 41.5000 9.7500 3.2000
    endloop
  endfacet
  facet normal 0.000000 -1.000000 0.000000
    outer loop
      vertex 41.2500 9.7500 2.4000
      vertex 41.5000 9.7500 3.2000
      vertex 41.2500 9.7500 3.2000
    endloop
  endfacet
  facet normal -0.707107 -0.707107 0.000000
    outer loop
      vertex 41.5000 9.7500 2.4000
      vertex 41.7500 9.5000 2.4000
      vertex 41.7500 9.5000 3.2000
    endloop
  endfacet
  facet normal -0.707107 -0.707107 0.000000
    outer loop
      vertex 41.5000 9.7500 2.4000
      vertex 41.7500 9.5000 3.2000
      vertex 41.5000 9.7500 3.2000
    endloop
  endfacet
  facet normal 0.000000 -1.000000 0.000000
    outer loop
      vertex 41.7500 9.5000 2.4000
      vertex 49.0000 9.5000 2.4000
      vertex 49.0000 9.5000 3.2000
    endloop
  endfacet
  facet normal 0.000000 -1.000000 0.000000
    outer loop
      vertex 41.7500 9.5000 2.4000
      vertex 49.0000 9.5000 3.2000
      vertex 41.7500 9.5000 3.2000
    endloop
  endfacet
  facet normal 0.707107 -0.707107 0.000000
    outer loop
      vertex 49.0000 9.5000 2.4000
      vertex 49.2500 9.7500 2.4000
      vertex 49.2500 9.7500 3.2000
    endloop
  endfacet
  facet normal 0.707107 -0.707107 0.000000
    outer loop
      vertex 49.0000 9.5000 2.4000
      vertex 49.2500 9.7500 3.2000
      vertex 49.0000 9.5000 3.2000
    endloop
  endfacet
  facet normal 0.000000 -1.000000 0.000000
    outer loop
      vertex 49.2500 9.7500 2.4000
      vertex 49.5000 9.7500 2.4000
      vertex 49.5000 9.7500 3.2000
    endloop
  endfacet
  facet normal 0.000000 -1.000000 0.000000
    outer loop
      vertex 49.2500 9.7500 2.4000
      vertex 49.5000 9.7500 3.2000
      vertex 49.2500 9.7500 3.2000
    endloop
  endfacet
  facet normal 1.000000 0.000000 0.000000
    outer loop
      vertex 49.5000 9.7500 2.4000
      vertex 49.5000 10.0000 2.4000
      vertex 49.5000 10.0000 3.2000
    endloop
  endfacet
  facet normal 1.000000 0.000000 0.000000
    outer loop
      vertex 49.5000 9.7500 2.4000
      vertex 49.5000 10.0000 3.2000
      vertex 49.5000 9.7500 3.2000
    endloop
  endfacet
  facet normal 0.707107 -0.707107 0.000000
    outer loop
      vertex 49.5000 10.0000 2.4000
      vertex 49.7500 10.2500 2.4000
      vertex 49.7500 10.2500 3.2000
    endloop
  endfacet
  facet normal 0.707107 -0.707107 0.000000
    outer loop
      vertex 49.5000 10.0000 2.4000
      vertex 49.7500 10.2500 3.2000
      vertex 49.5000 10.0000 3.2000
    endloop
  endfacet
  facet normal 1.000000 0.000000 0.000000
    outer loop
      vertex 49.7500 10.2500 2.4000
      vertex 49.7500 10.7500 2.4000
      vertex 49.7500 10.7500 3.2000
    endloop
  endfacet
  facet normal 1.000000 0.000000 0.000000
    outer loop
      vertex 49.7500 10.2500 2.4000
      vertex 49.7500 10.7500 3.2000
      vertex 49.7500 10.2500 3.2000
    endloop
  endfacet
  facet normal 0.707107 0.707107 0.000000
    outer loop
      vertex 49.7500 10.7500 2.4000
      vertex 49.5000 11.0000 2.4000
      vertex 49.5000 11.0000 3.2000
    endloop
  endfacet
  facet normal 0.707107 0.707107 -0.000000
    outer loop
      vertex 49.7500 10.7500 2.4000
      vertex 49.5000 11.0000 3.2000
      vertex 49.7500 10.7500 3.2000
    endloop
  endfacet
  facet normal 1.000000 0.000000 0.000000
    outer loop
      vertex 49.5000 11.0000 2.4000
      vertex 49.5000 11.2500 2.4000
      vertex 49.5000 11.2500 3.2000
    endloop
  endfacet
  facet normal 1.000000 0.000000 0.000000
    outer loop
      vertex 49.5000 11.0000 2.4000
      vertex 49.5000 11.2500 3.2000
      vertex 49.5000 11.0000 3.2000
    endloop
  endfacet
  facet normal 0.000000 1.000000 0.000000
    outer loop
      vertex 49.5000 11.2500 2.4000
      vertex 49.2500 11.2500 2.4000
      vertex 49.2500 11.2500 3.2000
    endloop
  endfacet
  facet normal 0.000000 1.000000 -0.000000
    outer loop
      vertex 49.5000 11.2500 2.4000
      vertex 49.2500 11.2500 3.2000
      vertex 49.5000 11.2500 3.2000
    endloop
  endfacet
  facet normal 0.707107 0.707107 0.000000
    outer loop
      vertex 49.2500 11.2500 2.4000
      vertex 49.0000 11.5000 2.4000
      vertex 49.0000 11.5000 3.2000
    endloop
  endfacet
  facet normal 0.707107 0.707107 -0.000000
    outer loop
      vertex 49.2500 11.2500 2.4000
      vertex 49.0000 11.5000 3.2000
      vertex 49.2500 11.2500 3.2000
    endloop
  endfacet
  facet normal 0.000000 1.000000 0.000000
    outer loop
      vertex 49.0000 11.5000 2.4000
      vertex 41.7500 11.5000 2.4000
      vertex 41.7500 11.5000 3.2000
    endloop
  endfacet
  facet normal 0.000000 1.000000 -0.000000
    outer loop
      vertex 49.0000 11.5000 2.4000
      vertex 41.7500 11.5000 3.2000
      vertex 49.0000 11.5000 3.2000
    endloop
  endfacet
  facet normal 0.000000 0.000000 -1.000000
    outer loop
      vertex 30.5000 11.2500 3.2000
      vertex 30.7500 11.2500 3.2000
      vertex 30.5000 11.0000 3.2000
    endloop
  endfacet
  facet normal 0.000000 0.000000 1.000000
    outer loop
      vertex 30.5000 11.0000 2.4000
      vertex 30.7500 11.2500 2.4000
      vertex 30.5000 11.2500 2.4000
    endloop
  endfacet
  facet normal 0.000000 -0.000000 -1.000000
    outer loop
      vertex 31.0000 11.5000 3.2000
      vertex 31.0000 9.5000 3.2000
      vertex 30.7500 11.2500 3.2000
    endloop
  endfacet
  facet normal -0.000000 0.000000 1.000000
    outer loop
      vertex 30.7500 11.2500 2.4000
      vertex 31.0000 9.5000 2.4000
      vertex 31.0000 11.5000 2.4000
    endloop
  endfacet
  facet normal 0.000000 0.000000 -1.000000
    outer loop
      vertex 31.0000 11.5000 3.2000
      vertex 38.2500 9.5000 3.2000
      vertex 31.0000 9.5000 3.2000
    endloop
  endfacet
  facet normal 0.000000 0.000000 1.000000
    outer loop
      vertex 31.0000 9.5000 2.4000
      vertex 38.2500 9.5000 2.4000
      vertex 31.0000 11.5000 2.4000
    endloop
  endfacet
  facet normal 0.000000 0.000000 -1.000000
    outer loop
      vertex 31.0000 11.5000 3.2000
      vertex 38.2500 11.5000 3.2000
      vertex 38.2500 9.5000 3.2000
    endloop
  endfacet
  facet normal 0.000000 -0.000000 1.000000
    outer loop
      vertex 38.2500 9.5000 2.4000
      vertex 38.2500 11.5000 2.4000
      vertex 31.0000 11.5000 2.4000
    endloop
  endfacet
  facet normal 0.000000 0.000000 -1.000000
    outer loop
      vertex 38.2500 11.5000 3.2000
      vertex 38.5000 9.7500 3.2000
      vertex 38.2500 9.5000 3.2000
    endloop
  endfacet
  facet normal 0.000000 0.000000 1.000000
    outer loop
      vertex 38.2500 9.5000 2.4000
      vertex 38.5000 9.7500 2.4000
      vertex 38.2500 11.5000 2.4000
    endloop
  endfacet
  facet normal 0.000000 0.000000 -1.000000
    outer loop
      vertex 38.2500 11.5000 3.2000
      vertex 38.5000 11.2500 3.2000
      vertex 38.5000 9.7500 3.2000
    endloop
  endfacet
  facet normal 0.000000 -0.000000 1.000000
    outer loop
      vertex 38.5000 9.7500 2.4000
      vertex 38.5000 11.2500 2.4000
      vertex 38.2500 11.5000 2.4000
    endloop
  endfacet
  facet normal -0.000000 -0.000000 -1.000000
    outer loop
      vertex 38.7500 11.2500 3.2000
      vertex 38.7500 11.0000 3.2000
      vertex 38.5000 11.2500 3.2000
    endloop
  endfacet
  facet normal -0.000000 0.000000 1.000000
    outer loop
      vertex 38.5000 11.2500 2.4000
      vertex 38.7500 11.0000 2.4000
      vertex 38.7500 11.2500 2.4000
    endloop
  endfacet
  facet normal -0.000000 -0.000000 -1.000000
    outer loop
      vertex 39.0000 10.7500 3.2000
      vertex 39.0000 10.2500 3.2000
      vertex 38.7500 11.0000 3.2000
    endloop
  endfacet
  facet normal 0.000000 0.000000 1.000000
    outer loop
      vertex 38.7500 11.0000 2.4000
      vertex 39.0000 10.2500 2.4000
      vertex 39.0000 10.7500 2.4000
    endloop
  endfacet
  facet normal 0.000000 0.000000 -1.000000
    outer loop
      vertex 38.7500 9.7500 3.2000
      vertex 38.5000 9.7500 3.2000
      vertex 38.7500 10.0000 3.2000
    endloop
  endfacet
  facet normal 0.000000 0.000000 1.000000
    outer loop
      vertex 38.7500 10.0000 2.4000
      vertex 38.5000 9.7500 2.4000
      vertex 38.7500 9.7500 2.4000
    endloop
  endfacet
  facet normal 0.000000 0.000000 -1.000000
    outer loop
      vertex 38.5000 9.7500 3.2000
      vertex 38.5000 11.2500 3.2000
      vertex 38.7500 10.0000 3.2000
    endloop
  endfacet
  facet normal 0.000000 0.000000 1.000000
    outer loop
      vertex 38.7500 10.0000 2.4000
      vertex 38.5000 11.2500 2.4000
      vertex 38.5000 9.7500 2.4000
    endloop
  endfacet
  facet normal 0.000000 0.000000 -1.000000
    outer loop
      vertex 38.5000 11.2500 3.2000
      vertex 38.7500 11.0000 3.2000
      vertex 38.7500 10.0000 3.2000
    endloop
  endfacet
  facet normal 0.000000 -0.000000 1.000000
    outer loop
      vertex 38.7500 10.0000 2.4000
      vertex 38.7500 11.0000 2.4000
      vertex 38.5000 11.2500 2.4000
    endloop
  endfacet
  facet normal 0.000000 0.000000 -1.000000
    outer loop
      vertex 38.7500 11.0000 3.2000
      vertex 39.0000 10.2500 3.2000
      vertex 38.7500 10.0000 3.2000
    endloop
  endfacet
  facet normal 0.000000 0.000000 1.000000
    outer loop
      vertex 38.7500 10.0000 2.4000
      vertex 39.0000 10.2500 2.4000
      vertex 38.7500 11.0000 2.4000
    endloop
  endfacet
  facet normal 0.000000 0.000000 -1.000000
    outer loop
      vertex 31.0000 9.5000 3.2000
      vertex 30.7500 9.7500 3.2000
      vertex 30.7500 11.2500 3.2000
    endloop
  endfacet
  facet normal 0.000000 0.000000 1.000000
    outer loop
      vertex 30.7500 11.2500 2.4000
      vertex 30.7500 9.7500 2.4000
      vertex 31.0000 9.5000 2.4000
    endloop
  endfacet
  facet normal 0.000000 0.000000 -1.000000
    outer loop
      vertex 30.5000 9.7500 3.2000
      vertex 30.5000 10.0000 3.2000
      vertex 30.7500 9.7500 3.2000
    endloop
  endfacet
  facet normal 0.000000 0.000000 1.000000
    outer loop
      vertex 30.7500 9.7500 2.4000
      vertex 30.5000 10.0000 2.4000
      vertex 30.5000 9.7500 2.4000
    endloop
  endfacet
  facet normal 0.000000 0.000000 -1.000000
    outer loop
      vertex 30.2500 10.2500 3.2000
      vertex 30.2500 10.7500 3.2000
      vertex 30.5000 10.0000 3.2000
    endloop
  endfacet
  facet normal 0.000000 0.000000 1.000000
    outer loop
      vertex 30.5000 10.0000 2.4000
      vertex 30.2500 10.7500 2.4000
      vertex 30.2500 10.2500 2.4000
    endloop
  endfacet
  facet normal 0.000000 0.000000 -1.000000
    outer loop
      vertex 30.2500 10.7500 3.2000
      vertex 30.5000 11.0000 3.2000
      vertex 30.5000 10.0000 3.2000
    endloop
  endfacet
  facet normal 0.000000 -0.000000 1.000000
    outer loop
      vertex 30.5000 10.0000 2.4000
      vertex 30.5000 11.0000 2.4000
      vertex 30.2500 10.7500 2.4000
    endloop
  endfacet
  facet normal 0.000000 0.000000 -1.000000
    outer loop
      vertex 30.5000 11.0000 3.2000
      vertex 30.7500 9.7500 3.2000
      vertex 30.5000 10.0000 3.2000
    endloop
  endfacet
  facet normal -0.000000 0.000000 1.000000
    outer loop
      vertex 30.5000 10.0000 2.4000
      vertex 30.7500 9.7500 2.4000
      vertex 30.5000 11.0000 2.4000
    endloop
  endfacet
  facet normal 0.000000 0.000000 -1.000000
    outer loop
      vertex 30.5000 11.0000 3.2000
      vertex 30.7500 11.2500 3.2000
      vertex 30.7500 9.7500 3.2000
    endloop
  endfacet
  facet normal 0.000000 -0.000000 1.000000
    outer loop
      vertex 30.7500 9.7500 2.4000
      vertex 30.7500 11.2500 2.4000
      vertex 30.5000 11.0000 2.4000
    endloop
  endfacet
  facet normal -0.707107 0.707107 0.000000
    outer loop
      vertex 31.0000 11.5000 2.4000
      vertex 30.7500 11.2500 2.4000
      vertex 30.7500 11.2500 3.2000
    endloop
  endfacet
  facet normal -0.707107 0.707107 0.000000
    outer loop
      vertex 31.0000 11.5000 2.4000
      vertex 30.7500 11.2500 3.2000
      vertex 31.0000 11.5000 3.2000
    endloop
  endfacet
  facet normal 0.000000 1.000000 0.000000
    outer loop
      vertex 30.7500 11.2500 2.4000
      vertex 30.5000 11.2500 2.4000
      vertex 30.5000 11.2500 3.2000
    endloop
  endfacet
  facet normal 0.000000 1.000000 -0.000000
    outer loop
      vertex 30.7500 11.2500 2.4000
      vertex 30.5000 11.2500 3.2000
      vertex 30.7500 11.2500 3.2000
    endloop
  endfacet
  facet normal -1.000000 0.000000 0.000000
    outer loop
      vertex 30.5000 11.2500 2.4000
      vertex 30.5000 11.0000 2.4000
      vertex 30.5000 11.0000 3.2000
    endloop
  endfacet
  facet normal -1.000000 0.000000 0.000000
    outer loop
      vertex 30.5000 11.2500 2.4000
      vertex 30.5000 11.0000 3.2000
      vertex 30.5000 11.2500 3.2000
    endloop
  endfacet
  facet normal -0.707107 0.707107 0.000000
    outer loop
      vertex 30.5000 11.0000 2.4000
      vertex 30.2500 10.7500 2.4000
      vertex 30.2500 10.7500 3.2000
    endloop
  endfacet
  facet normal -0.707107 0.707107 0.000000
    outer loop
      vertex 30.5000 11.0000 2.4000
      vertex 30.2500 10.7500 3.2000
      vertex 30.5000 11.0000 3.2000
    endloop
  endfacet
  facet normal -1.000000 0.000000 0.000000
    outer loop
      vertex 30.2500 10.7500 2.4000
      vertex 30.2500 10.2500 2.4000
      vertex 30.2500 10.2500 3.2000
    endloop
  endfacet
  facet normal -1.000000 0.000000 0.000000
    outer loop
      vertex 30.2500 10.7500 2.4000
      vertex 30.2500 10.2500 3.2000
      vertex 30.2500 10.7500 3.2000
    endloop
  endfacet
  facet normal -0.707107 -0.707107 0.000000
    outer loop
      vertex 30.2500 10.2500 2.4000
      vertex 30.5000 10.0000 2.4000
      vertex 30.5000 10.0000 3.2000
    endloop
  endfacet
  facet normal -0.707107 -0.707107 0.000000
    outer loop
      vertex 30.2500 10.2500 2.4000
      vertex 30.5000 10.0000 3.2000
      vertex 30.2500 10.2500 3.2000
    endloop
  endfacet
  facet normal -1.000000 0.000000 0.000000
    outer loop
      vertex 30.5000 10.0000 2.4000
      vertex 30.5000 9.7500 2.4000
      vertex 30.5000 9.7500 3.2000
    endloop
  endfacet
  facet normal -1.000000 0.000000 0.000000
    outer loop
      vertex 30.5000 10.0000 2.4000
      vertex 30.5000 9.7500 3.2000
      vertex 30.5000 10.0000 3.2000
    endloop
  endfacet
  facet normal 0.000000 -1.000000 0.000000
    outer loop
      vertex 30.5000 9.7500 2.4000
      vertex 30.7500 9.7500 2.4000
      vertex 30.7500 9.7500 3.2000
    endloop
  endfacet
  facet normal 0.000000 -1.000000 0.000000
    outer loop
      vertex 30.5000 9.7500 2.4000
      vertex 30.7500 9.7500 3.2000
      vertex 30.5000 9.7500 3.2000
    endloop
  endfacet
  facet normal -0.707107 -0.707107 0.000000
    outer loop
      vertex 30.7500 9.7500 2.4000
      vertex 31.0000 9.5000 2.4000
      vertex 31.0000 9.5000 3.2000
    endloop
  endfacet
  facet normal -0.707107 -0.707107 0.000000
    outer loop
      vertex 30.7500 9.7500 2.4000
      vertex 31.0000 9.5000 3.2000
      vertex 30.7500 9.7500 3.2000
    endloop
  endfacet
  facet normal 0.000000 -1.000000 0.000000
    outer loop
      vertex 31.0000 9.5000 2.4000
      vertex 38.2500 9.5000 2.4000
      vertex 38.2500 9.5000 3.2000
    endloop
  endfacet
  facet normal 0.000000 -1.000000 0.000000
    outer loop
      vertex 31.0000 9.5000 2.4000
      vertex 38.2500 9.5000 3.2000
      vertex 31.0000 9.5000 3.2000
    endloop
  endfacet
  facet normal 0.707107 -0.707107 0.000000
    outer loop
      vertex 38.2500 9.5000 2.4000
      vertex 38.5000 9.7500 2.4000
      vertex 38.5000 9.7500 3.2000
    endloop
  endfacet
  facet normal 0.707107 -0.707107 0.000000
    outer loop
      vertex 38.2500 9.5000 2.4000
      vertex 38.5000 9.7500 3.2000
      vertex 38.2500 9.5000 3.2000
    endloop
  endfacet
  facet normal 0.000000 -1.000000 0.000000
    outer loop
      vertex 38.5000 9.7500 2.4000
      vertex 38.7500 9.7500 2.4000
      vertex 38.7500 9.7500 3.2000
    endloop
  endfacet
  facet normal 0.000000 -1.000000 0.000000
    outer loop
      vertex 38.5000 9.7500 2.4000
      vertex 38.7500 9.7500 3.2000
      vertex 38.5000 9.7500 3.2000
    endloop
  endfacet
  facet normal 1.000000 0.000000 0.000000
    outer loop
      vertex 38.7500 9.7500 2.4000
      vertex 38.7500 10.0000 2.4000
      vertex 38.7500 10.0000 3.2000
    endloop
  endfacet
  facet normal 1.000000 0.000000 0.000000
    outer loop
      vertex 38.7500 9.7500 2.4000
      vertex 38.7500 10.0000 3.2000
      vertex 38.7500 9.7500 3.2000
    endloop
  endfacet
  facet normal 0.707107 -0.707107 0.000000
    outer loop
      vertex 38.7500 10.0000 2.4000
      vertex 39.0000 10.2500 2.4000
      vertex 39.0000 10.2500 3.2000
    endloop
  endfacet
  facet normal 0.707107 -0.707107 0.000000
    outer loop
      vertex 38.7500 10.0000 2.4000
      vertex 39.0000 10.2500 3.2000
      vertex 38.7500 10.0000 3.2000
    endloop
  endfacet
  facet normal 1.000000 0.000000 0.000000
    outer loop
      vertex 39.0000 10.2500 2.4000
      vertex 39.0000 10.7500 2.4000
      vertex 39.0000 10.7500 3.2000
    endloop
  endfacet
  facet normal 1.000000 0.000000 0.000000
    outer loop
      vertex 39.0000 10.2500 2.4000
      vertex 39.0000 10.7500 3.2000
      vertex 39.0000 10.2500 3.2000
    endloop
  endfacet
  facet normal 0.707107 0.707107 0.000000
    outer loop
      vertex 39.0000 10.7500 2.4000
      vertex 38.7500 11.0000 2.4000
      vertex 38.7500 11.0000 3.2000
    endloop
  endfacet
  facet normal 0.707107 0.707107 -0.000000
    outer loop
      vertex 39.0000 10.7500 2.4000
      vertex 38.7500 11.0000 3.2000
      vertex 39.0000 10.7500 3.2000
    endloop
  endfacet
  facet normal 1.000000 0.000000 0.000000
    outer loop
      vertex 38.7500 11.0000 2.4000
      vertex 38.7500 11.2500 2.4000
      vertex 38.7500 11.2500 3.2000
    endloop
  endfacet
  facet normal 1.000000 0.000000 0.000000
    outer loop
      vertex 38.7500 11.0000 2.4000
      vertex 38.7500 11.2500 3.2000
      vertex 38.7500 11.0000 3.2000
    endloop
  endfacet
  facet normal 0.000000 1.000000 0.000000
    outer loop
      vertex 38.7500 11.2500 2.4000
      vertex 38.5000 11.2500 2.4000
      vertex 38.5000 11.2500 3.2000
    endloop
  endfacet
  facet normal 0.000000 1.000000 -0.000000
    outer loop
      vertex 38.7500 11.2500 2.4000
      vertex 38.5000 11.2500 3.2000
      vertex 38.7500 11.2500 3.2000
    endloop
  endfacet
  facet normal 0.707107 0.707107 0.000000
    outer loop
      vertex 38.5000 11.2500 2.4000
      vertex 38.2500 11.5000 2.4000
      vertex 38.2500 11.5000 3.2000
    endloop
  endfacet
  facet normal 0.707107 0.707107 -0.000000
    outer loop
      vertex 38.5000 11.2500 2.4000
      vertex 38.2500 11.5000 3.2000
      vertex 38.5000 11.2500 3.2000
    endloop
  endfacet
  facet normal 0.000000 1.000000 0.000000
    outer loop
      vertex 38.2500 11.5000 2.4000
      vertex 31.0000 11.5000 2.4000
      vertex 31.0000 11.5000 3.2000
    endloop
  endfacet
  facet normal 0.000000 1.000000 -0.000000
    outer loop
      vertex 38.2500 11.5000 2.4000
      vertex 31.0000 11.5000 3.2000
      vertex 38.2500 11.5000 3.2000
    endloop
  endfacet
  facet normal 0.000000 0.000000 -1.000000
    outer loop
      vertex 19.7500 11.2500 3.2000
      vertex 20.0000 11.2500 3.2000
      vertex 19.7500 11.0000 3.2000
    endloop
  endfacet
  facet normal 0.000000 0.000000 1.000000
    outer loop
      vertex 19.7500 11.0000 2.4000
      vertex 20.0000 11.2500 2.4000
      vertex 19.7500 11.2500 2.4000
    endloop
  endfacet
  facet normal 0.000000 -0.000000 -1.000000
    outer loop
      vertex 20.2500 11.5000 3.2000
      vertex 20.2500 9.5000 3.2000
      vertex 20.0000 11.2500 3.2000
    endloop
  endfacet
  facet normal -0.000000 0.000000 1.000000
    outer loop
      vertex 20.0000 11.2500 2.4000
      vertex 20.2500 9.5000 2.4000
      vertex 20.2500 11.5000 2.4000
    endloop
  endfacet
  facet normal 0.000000 0.000000 -1.000000
    outer loop
      vertex 20.2500 11.5000 3.2000
      vertex 27.5000 9.5000 3.2000
      vertex 20.2500 9.5000 3.2000
    endloop
  endfacet
  facet normal 0.000000 0.000000 1.000000
    outer loop
      vertex 20.2500 9.5000 2.4000
      vertex 27.5000 9.5000 2.4000
      vertex 20.2500 11.5000 2.4000
    endloop
  endfacet
  facet normal 0.000000 0.000000 -1.000000
    outer loop
      vertex 20.2500 11.5000 3.2000
      vertex 27.5000 11.5000 3.2000
      vertex 27.5000 9.5000 3.2000
    endloop
  endfacet
  facet normal 0.000000 -0.000000 1.000000
    outer loop
      vertex 27.5000 9.5000 2.4000
      vertex 27.5000 11.5000 2.4000
      vertex 20.2500 11.5000 2.4000
    endloop
  endfacet
  facet normal 0.000000 0.000000 -1.000000
    outer loop
      vertex 27.5000 11.5000 3.2000
      vertex 27.7500 9.7500 3.2000
      vertex 27.5000 9.5000 3.2000
    endloop
  endfacet
  facet normal 0.000000 0.000000 1.000000
    outer loop
      vertex 27.5000 9.5000 2.4000
      vertex 27.7500 9.7500 2.4000
      vertex 27.5000 11.5000 2.4000
    endloop
  endfacet
  facet normal 0.000000 0.000000 -1.000000
    outer loop
      vertex 27.5000 11.5000 3.2000
      vertex 27.7500 11.2500 3.2000
      vertex 27.7500 9.7500 3.2000
    endloop
  endfacet
  facet normal 0.000000 -0.000000 1.000000
    outer loop
      vertex 27.7500 9.7500 2.4000
      vertex 27.7500 11.2500 2.4000
      vertex 27.5000 11.5000 2.4000
    endloop
  endfacet
  facet normal -0.000000 -0.000000 -1.000000
    outer loop
      vertex 28.0000 11.2500 3.2000
      vertex 28.0000 11.0000 3.2000
      vertex 27.7500 11.2500 3.2000
    endloop
  endfacet
  facet normal -0.000000 0.000000 1.000000
    outer loop
      vertex 27.7500 11.2500 2.4000
      vertex 28.0000 11.0000 2.4000
      vertex 28.0000 11.2500 2.4000
    endloop
  endfacet
  facet normal -0.000000 -0.000000 -1.000000
    outer loop
      vertex 28.2500 10.7500 3.2000
      vertex 28.2500 10.2500 3.2000
      vertex 28.0000 11.0000 3.2000
    endloop
  endfacet
  facet normal 0.000000 0.000000 1.000000
    outer loop
      vertex 28.0000 11.0000 2.4000
      vertex 28.2500 10.2500 2.4000
      vertex 28.2500 10.7500 2.4000
    endloop
  endfacet
  facet normal 0.000000 0.000000 -1.000000
    outer loop
      vertex 28.0000 9.7500 3.2000
      vertex 27.7500 9.7500 3.2000
      vertex 28.0000 10.0000 3.2000
    endloop
  endfacet
  facet normal 0.000000 0.000000 1.000000
    outer loop
      vertex 28.0000 10.0000 2.4000
      vertex 27.7500 9.7500 2.4000
      vertex 28.0000 9.7500 2.4000
    endloop
  endfacet
  facet normal 0.000000 0.000000 -1.000000
    outer loop
      vertex 27.7500 9.7500 3.2000
      vertex 27.7500 11.2500 3.2000
      vertex 28.0000 10.0000 3.2000
    endloop
  endfacet
  facet normal 0.000000 0.000000 1.000000
    outer loop
      vertex 28.0000 10.0000 2.4000
      vertex 27.7500 11.2500 2.4000
      vertex 27.7500 9.7500 2.4000
    endloop
  endfacet
  facet normal 0.000000 0.000000 -1.000000
    outer loop
      vertex 27.7500 11.2500 3.2000
      vertex 28.0000 11.0000 3.2000
      vertex 28.0000 10.0000 3.2000
    endloop
  endfacet
  facet normal 0.000000 -0.000000 1.000000
    outer loop
      vertex 28.0000 10.0000 2.4000
      vertex 28.0000 11.0000 2.4000
      vertex 27.7500 11.2500 2.4000
    endloop
  endfacet
  facet normal 0.000000 0.000000 -1.000000
    outer loop
      vertex 28.0000 11.0000 3.2000
      vertex 28.2500 10.2500 3.2000
      vertex 28.0000 10.0000 3.2000
    endloop
  endfacet
  facet normal 0.000000 0.000000 1.000000
    outer loop
      vertex 28.0000 10.0000 2.4000
      vertex 28.2500 10.2500 2.4000
      vertex 28.0000 11.0000 2.4000
    endloop
  endfacet
  facet normal 0.000000 0.000000 -1.000000
    outer loop
      vertex 20.2500 9.5000 3.2000
      vertex 20.0000 9.7500 3.2000
      vertex 20.0000 11.2500 3.2000
    endloop
  endfacet
  facet normal 0.000000 0.000000 1.000000
    outer loop
      vertex 20.0000 11.2500 2.4000
      vertex 20.0000 9.7500 2.4000
      vertex 20.2500 9.5000 2.4000
    endloop
  endfacet
  facet normal 0.000000 0.000000 -1.000000
    outer loop
      vertex 19.7500 9.7500 3.2000
      vertex 19.7500 10.0000 3.2000
      vertex 20.0000 9.7500 3.2000
    endloop
  endfacet
  facet normal 0.000000 0.000000 1.000000
    outer loop
      vertex 20.0000 9.7500 2.4000
      vertex 19.7500 10.0000 2.4000
      vertex 19.7500 9.7500 2.4000
    endloop
  endfacet
  facet normal 0.000000 0.000000 -1.000000
    outer loop
      vertex 19.5000 10.2500 3.2000
      vertex 19.5000 10.7500 3.2000
      vertex 19.7500 10.0000 3.2000
    endloop
  endfacet
  facet normal 0.000000 0.000000 1.000000
    outer loop
      vertex 19.7500 10.0000 2.4000
      vertex 19.5000 10.7500 2.4000
      vertex 19.5000 10.2500 2.4000
    endloop
  endfacet
  facet normal 0.000000 0.000000 -1.000000
    outer loop
      vertex 19.5000 10.7500 3.2000
      vertex 19.7500 11.0000 3.2000
      vertex 19.7500 10.0000 3.2000
    endloop
  endfacet
  facet normal 0.000000 -0.000000 1.000000
    outer loop
      vertex 19.7500 10.0000 2.4000
      vertex 19.7500 11.0000 2.4000
      vertex 19.5000 10.7500 2.4000
    endloop
  endfacet
  facet normal 0.000000 0.000000 -1.000000
    outer loop
      vertex 19.7500 11.0000 3.2000
      vertex 20.0000 9.7500 3.2000
      vertex 19.7500 10.0000 3.2000
    endloop
  endfacet
  facet normal -0.000000 0.000000 1.000000
    outer loop
      vertex 19.7500 10.0000 2.4000
      vertex 20.0000 9.7500 2.4000
      vertex 19.7500 11.0000 2.4000
    endloop
  endfacet
  facet normal 0.000000 0.000000 -1.000000
    outer loop
      vertex 19.7500 11.0000 3.2000
      vertex 20.0000 11.2500 3.2000
      vertex 20.0000 9.7500 3.2000
    endloop
  endfacet
  facet normal 0.000000 -0.000000 1.000000
    outer loop
      vertex 20.0000 9.7500 2.4000
      vertex 20.0000 11.2500 2.4000
      vertex 19.7500 11.0000 2.4000
    endloop
  endfacet
  facet normal -0.707107 0.707107 0.000000
    outer loop
      vertex 20.2500 11.5000 2.4000
      vertex 20.0000 11.2500 2.4000
      vertex 20.0000 11.2500 3.2000
    endloop
  endfacet
  facet normal -0.707107 0.707107 0.000000
    outer loop
      vertex 20.2500 11.5000 2.4000
      vertex 20.0000 11.2500 3.2000
      vertex 20.2500 11.5000 3.2000
    endloop
  endfacet
  facet normal 0.000000 1.000000 0.000000
    outer loop
      vertex 20.0000 11.2500 2.4000
      vertex 19.7500 11.2500 2.4000
      vertex 19.7500 11.2500 3.2000
    endloop
  endfacet
  facet normal 0.000000 1.000000 -0.000000
    outer loop
      vertex 20.0000 11.2500 2.4000
      vertex 19.7500 11.2500 3.2000
      vertex 20.0000 11.2500 3.2000
    endloop
  endfacet
  facet normal -1.000000 0.000000 0.000000
    outer loop
      vertex 19.7500 11.2500 2.4000
      vertex 19.7500 11.0000 2.4000
      vertex 19.7500 11.0000 3.2000
    endloop
  endfacet
  facet normal -1.000000 0.000000 0.000000
    outer loop
      vertex 19.7500 11.2500 2.4000
      vertex 19.7500 11.0000 3.2000
      vertex 19.7500 11.2500 3.2000
    endloop
  endfacet
  facet normal -0.707107 0.707107 0.000000
    outer loop
      vertex 19.7500 11.0000 2.4000
      vertex 19.5000 10.7500 2.4000
      vertex 19.5000 10.7500 3.2000
    endloop
  endfacet
  facet normal -0.707107 0.707107 0.000000
    outer loop
      vertex 19.7500 11.0000 2.4000
      vertex 19.5000 10.7500 3.2000
      vertex 19.7500 11.0000 3.2000
    endloop
  endfacet
  facet normal -1.000000 0.000000 0.000000
    outer loop
      vertex 19.5000 10.7500 2.4000
      vertex 19.5000 10.2500 2.4000
      vertex 19.5000 10.2500 3.2000
    endloop
  endfacet
  facet normal -1.000000 0.000000 0.000000
    outer loop
      vertex 19.5000 10.7500 2.4000
      vertex 19.5000 10.2500 3.2000
      vertex 19.5000 10.7500 3.2000
    endloop
  endfacet
  facet normal -0.707107 -0.707107 0.000000
    outer loop
      vertex 19.5000 10.2500 2.4000
      vertex 19.7500 10.0000 2.4000
      vertex 19.7500 10.0000 3.2000
    endloop
  endfacet
  facet normal -0.707107 -0.707107 0.000000
    outer loop
      vertex 19.5000 10.2500 2.4000
      vertex 19.7500 10.0000 3.2000
      vertex 19.5000 10.2500 3.2000
    endloop
  endfacet
  facet normal -1.000000 0.000000 0.000000
    outer loop
      vertex 19.7500 10.0000 2.4000
      vertex 19.7500 9.7500 2.4000
      vertex 19.7500 9.7500 3.2000
    endloop
  endfacet
  facet normal -1.000000 0.000000 0.000000
    outer loop
      vertex 19.7500 10.0000 2.4000
      vertex 19.7500 9.7500 3.2000
      vertex 19.7500 10.0000 3.2000
    endloop
  endfacet
  facet normal 0.000000 -1.000000 0.000000
    outer loop
      vertex 19.7500 9.7500 2.4000
      vertex 20.0000 9.7500 2.4000
      vertex 20.0000 9.7500 3.2000
    endloop
  endfacet
  facet normal 0.000000 -1.000000 0.000000
    outer loop
      vertex 19.7500 9.7500 2.4000
      vertex 20.0000 9.7500 3.2000
      vertex 19.7500 9.7500 3.2000
    endloop
  endfacet
  facet normal -0.707107 -0.707107 0.000000
    outer loop
      vertex 20.0000 9.7500 2.4000
      vertex 20.2500 9.5000 2.4000
      vertex 20.2500 9.5000 3.2000
    endloop
  endfacet
  facet normal -0.707107 -0.707107 0.000000
    outer loop
      vertex 20.0000 9.7500 2.4000
      vertex 20.2500 9.5000 3.2000
      vertex 20.0000 9.7500 3.2000
    endloop
  endfacet
  facet normal 0.000000 -1.000000 0.000000
    outer loop
      vertex 20.2500 9.5000 2.4000
      vertex 27.5000 9.5000 2.4000
      vertex 27.5000 9.5000 3.2000
    endloop
  endfacet
  facet normal 0.000000 -1.000000 0.000000
    outer loop
      vertex 20.2500 9.5000 2.4000
      vertex 27.5000 9.5000 3.2000
      vertex 20.2500 9.5000 3.2000
    endloop
  endfacet
  facet normal 0.707107 -0.707107 0.000000
    outer loop
      vertex 27.5000 9.5000 2.4000
      vertex 27.7500 9.7500 2.4000
      vertex 27.7500 9.7500 3.2000
    endloop
  endfacet
  facet normal 0.707107 -0.707107 0.000000
    outer loop
      vertex 27.5000 9.5000 2.4000
      vertex 27.7500 9.7500 3.2000
      vertex 27.5000 9.5000 3.2000
    endloop
  endfacet
  facet normal 0.000000 -1.000000 0.000000
    outer loop
      vertex 27.7500 9.7500 2.4000
      vertex 28.0000 9.7500 2.4000
      vertex 28.0000 9.7500 3.2000
    endloop
  endfacet
  facet normal 0.000000 -1.000000 0.000000
    outer loop
      vertex 27.7500 9.7500 2.4000
      vertex 28.0000 9.7500 3.2000
      vertex 27.7500 9.7500 3.2000
    endloop
  endfacet
  facet normal 1.000000 0.000000 0.000000
    outer loop
      vertex 28.0000 9.7500 2.4000
      vertex 28.0000 10.0000 2.4000
      vertex 28.0000 10.0000 3.2000
    endloop
  endfacet
  facet normal 1.000000 0.000000 0.000000
    outer loop
      vertex 28.0000 9.7500 2.4000
      vertex 28.0000 10.0000 3.2000
      vertex 28.0000 9.7500 3.2000
    endloop
  endfacet
  facet normal 0.707107 -0.707107 0.000000
    outer loop
      vertex 28.0000 10.0000 2.4000
      vertex 28.2500 10.2500 2.4000
      vertex 28.2500 10.2500 3.2000
    endloop
  endfacet
  facet normal 0.707107 -0.707107 0.000000
    outer loop
      vertex 28.0000 10.0000 2.4000
      vertex 28.2500 10.2500 3.2000
      vertex 28.0000 10.0000 3.2000
    endloop
  endfacet
  facet normal 1.000000 0.000000 0.000000
    outer loop
      vertex 28.2500 10.2500 2.4000
      vertex 28.2500 10.7500 2.4000
      vertex 28.2500 10.7500 3.2000
    endloop
  endfacet
  facet normal 1.000000 0.000000 0.000000
    outer loop
      vertex 28.2500 10.2500 2.4000
      vertex 28.2500 10.7500 3.2000
      vertex 28.2500 10.2500 3.2000
    endloop
  endfacet
  facet normal 0.707107 0.707107 0.000000
    outer loop
      vertex 28.2500 10.7500 2.4000
      vertex 28.0000 11.0000 2.4000
      vertex 28.0000 11.0000 3.2000
    endloop
  endfacet
  facet normal 0.707107 0.707107 -0.000000
    outer loop
      vertex 28.2500 10.7500 2.4000
      vertex 28.0000 11.0000 3.2000
      vertex 28.2500 10.7500 3.2000
    endloop
  endfacet
  facet normal 1.000000 0.000000 0.000000
    outer loop
      vertex 28.0000 11.0000 2.4000
      vertex 28.0000 11.2500 2.4000
      vertex 28.0000 11.2500 3.2000
    endloop
  endfacet
  facet normal 1.000000 0.000000 0.000000
    outer loop
      vertex 28.0000 11.0000 2.4000
      vertex 28.0000 11.2500 3.2000
      vertex 28.0000 11.0000 3.2000
    endloop
  endfacet
  facet normal 0.000000 1.000000 0.000000
    outer loop
      vertex 28.0000 11.2500 2.4000
      vertex 27.7500 11.2500 2.4000
      vertex 27.7500 11.2500 3.2000
    endloop
  endfacet
  facet normal 0.000000 1.000000 -0.000000
    outer loop
      vertex 28.0000 11.2500 2.4000
      vertex 27.7500 11.2500 3.2000
      vertex 28.0000 11.2500 3.2000
    endloop
  endfacet
  facet normal 0.707107 0.707107 0.000000
    outer loop
      vertex 27.7500 11.2500 2.4000
      vertex 27.5000 11.5000 2.4000
      vertex 27.5000 11.5000 3.2000
    endloop
  endfacet
  facet normal 0.707107 0.707107 -0.000000
    outer loop
      vertex 27.7500 11.2500 2.4000
      vertex 27.5000 11.5000 3.2000
      vertex 27.7500 11.2500 3.2000
    endloop
  endfacet
  facet normal 0.000000 1.000000 0.000000
    outer loop
      vertex 27.5000 11.5000 2.4000
      vertex 20.2500 11.5000 2.4000
      vertex 20.2500 11.5000 3.2000
    endloop
  endfacet
  facet normal 0.000000 1.000000 -0.000000
    outer loop
      vertex 27.5000 11.5000 2.4000
      vertex 20.2500 11.5000 3.2000
      vertex 27.5000 11.5000 3.2000
    endloop
  endfacet
  facet normal 0.000000 0.000000 -1.000000
    outer loop
      vertex 75.2500 16.0000 3.2000
      vertex 75.7500 15.7500 3.2000
      vertex 75.2500 15.0000 3.2000
    endloop
  endfacet
  facet normal 0.000000 0.000000 1.000000
    outer loop
      vertex 75.2500 15.0000 2.4000
      vertex 75.7500 15.7500 2.4000
      vertex 75.2500 16.0000 2.4000
    endloop
  endfacet
  facet normal 0.000000 0.000000 -1.000000
    outer loop
      vertex 75.2500 16.0000 3.2000
      vertex 75.7500 16.5000 3.2000
      vertex 75.7500 15.7500 3.2000
    endloop
  endfacet
  facet normal 0.000000 -0.000000 1.000000
    outer loop
      vertex 75.7500 15.7500 2.4000
      vertex 75.7500 16.5000 2.4000
      vertex 75.2500 16.0000 2.4000
    endloop
  endfacet
  facet normal 0.000000 0.000000 -1.000000
    outer loop
      vertex 75.7500 16.5000 3.2000
      vertex 76.0000 16.5000 3.2000
      vertex 75.7500 15.7500 3.2000
    endloop
  endfacet
  facet normal 0.000000 0.000000 1.000000
    outer loop
      vertex 75.7500 15.7500 2.4000
      vertex 76.0000 16.5000 2.4000
      vertex 75.7500 16.5000 2.4000
    endloop
  endfacet
  facet normal 0.000000 -0.000000 -1.000000
    outer loop
      vertex 76.2500 16.7500 3.2000
      vertex 76.2500 16.2500 3.2000
      vertex 76.0000 16.5000 3.2000
    endloop
  endfacet
  facet normal -0.000000 0.000000 1.000000
    outer loop
      vertex 76.0000 16.5000 2.4000
      vertex 76.2500 16.2500 2.4000
      vertex 76.2500 16.7500 2.4000
    endloop
  endfacet
  facet normal 0.000000 0.000000 -1.000000
    outer loop
      vertex 76.2500 16.7500 3.2000
      vertex 77.2500 16.2500 3.2000
      vertex 76.2500 16.2500 3.2000
    endloop
  endfacet
  facet normal 0.000000 0.000000 1.000000
    outer loop
      vertex 76.2500 16.2500 2.4000
      vertex 77.2500 16.2500 2.4000
      vertex 76.2500 16.7500 2.4000
    endloop
  endfacet
  facet normal 0.000000 0.000000 -1.000000
    outer loop
      vertex 76.2500 16.7500 3.2000
      vertex 77.5000 16.7500 3.2000
      vertex 77.2500 16.2500 3.2000
    endloop
  endfacet
  facet normal 0.000000 -0.000000 1.000000
    outer loop
      vertex 77.2500 16.2500 2.4000
      vertex 77.5000 16.7500 2.4000
      vertex 76.2500 16.7500 2.4000
    endloop
  endfacet
  facet normal 0.000000 -0.000000 -1.000000
    outer loop
      vertex 77.5000 16.7500 3.2000
      vertex 77.7500 16.5000 3.2000
      vertex 77.2500 16.2500 3.2000
    endloop
  endfacet
  facet normal 0.000000 0.000000 1.000000
    outer loop
      vertex 77.2500 16.2500 2.4000
      vertex 77.7500 16.5000 2.4000
      vertex 77.5000 16.7500 2.4000
    endloop
  endfacet
  facet normal -0.000000 0.000000 -1.000000
    outer loop
      vertex 78.0000 16.5000 3.2000
      vertex 77.7500 15.7500 3.2000
      vertex 77.7500 16.5000 3.2000
    endloop
  endfacet
  facet normal -0.000000 0.000000 1.000000
    outer loop
      vertex 77.7500 16.5000 2.4000
      vertex 77.7500 15.7500 2.4000
      vertex 78.0000 16.5000 2.4000
    endloop
  endfacet
  facet normal 0.000000 -0.000000 -1.000000
    outer loop
      vertex 78.0000 16.5000 3.2000
      vertex 78.2500 16.2500 3.2000
      vertex 77.7500 15.7500 3.2000
    endloop
  endfacet
  facet normal 0.000000 0.000000 1.000000
    outer loop
      vertex 77.7500 15.7500 2.4000
      vertex 78.2500 16.2500 2.4000
      vertex 78.0000 16.5000 2.4000
    endloop
  endfacet
  facet normal 0.000000 -0.000000 -1.000000
    outer loop
      vertex 78.2500 16.2500 3.2000
      vertex 78.2500 15.7500 3.2000
      vertex 77.7500 15.7500 3.2000
    endloop
  endfacet
  facet normal 0.000000 0.000000 1.000000
    outer loop
      vertex 77.7500 15.7500 2.4000
      vertex 78.2500 15.7500 2.4000
      vertex 78.2500 16.2500 2.4000
    endloop
  endfacet
  facet normal -0.000000 0.000000 -1.000000
    outer loop
      vertex 78.5000 14.0000 3.2000
      vertex 77.7500 13.7500 3.2000
      vertex 77.7500 14.7500 3.2000
    endloop
  endfacet
  facet normal 0.000000 0.000000 1.000000
    outer loop
      vertex 77.7500 14.7500 2.4000
      vertex 77.7500 13.7500 2.4000
      vertex 78.5000 14.0000 2.4000
    endloop
  endfacet
  facet normal 0.000000 -0.000000 -1.000000
    outer loop
      vertex 78.5000 14.0000 3.2000
      vertex 78.5000 13.2500 3.2000
      vertex 77.7500 13.7500 3.2000
    endloop
  endfacet
  facet normal -0.000000 0.000000 1.000000
    outer loop
      vertex 77.7500 13.7500 2.4000
      vertex 78.5000 13.2500 2.4000
      vertex 78.5000 14.0000 2.4000
    endloop
  endfacet
  facet normal 0.000000 0.000000 -1.000000
    outer loop
      vertex 78.0000 12.5000 3.2000
      vertex 77.7500 13.2500 3.2000
      vertex 78.2500 12.7500 3.2000
    endloop
  endfacet
  facet normal 0.000000 0.000000 1.000000
    outer loop
      vertex 78.2500 12.7500 2.4000
      vertex 77.7500 13.2500 2.4000
      vertex 78.0000 12.5000 2.4000
    endloop
  endfacet
  facet normal 0.000000 0.000000 -1.000000
    outer loop
      vertex 78.0000 12.5000 3.2000
      vertex 77.7500 12.5000 3.2000
      vertex 77.7500 13.2500 3.2000
    endloop
  endfacet
  facet normal 0.000000 0.000000 1.000000
    outer loop
      vertex 77.7500 13.2500 2.4000
      vertex 77.7500 12.5000 2.4000
      vertex 78.0000 12.5000 2.4000
    endloop
  endfacet
  facet normal 0.000000 0.000000 -1.000000
    outer loop
      vertex 77.5000 12.2500 3.2000
      vertex 77.2500 12.7500 3.2000
      vertex 77.7500 12.5000 3.2000
    endloop
  endfacet
  facet normal 0.000000 0.000000 1.000000
    outer loop
      vertex 77.7500 12.5000 2.4000
      vertex 77.2500 12.7500 2.4000
      vertex 77.5000 12.2500 2.4000
    endloop
  endfacet
  facet normal 0.000000 0.000000 -1.000000
    outer loop
      vertex 77.5000 12.2500 3.2000
      vertex 76.2500 12.2500 3.2000
      vertex 77.2500 12.7500 3.2000
    endloop
  endfacet
  facet normal 0.000000 0.000000 1.000000
    outer loop
      vertex 77.2500 12.7500 2.4000
      vertex 76.2500 12.2500 2.4000
      vertex 77.5000 12.2500 2.4000
    endloop
  endfacet
  facet normal 0.000000 0.000000 -1.000000
    outer loop
      vertex 76.2500 12.2500 3.2000
      vertex 76.2500 12.7500 3.2000
      vertex 77.2500 12.7500 3.2000
    endloop
  endfacet
  facet normal 0.000000 0.000000 1.000000
    outer loop
      vertex 77.2500 12.7500 2.4000
      vertex 76.2500 12.7500 2.4000
      vertex 76.2500 12.2500 2.4000
    endloop
  endfacet
  facet normal 0.000000 0.000000 -1.000000
    outer loop
      vertex 76.2500 12.2500 3.2000
      vertex 76.0000 12.5000 3.2000
      vertex 76.2500 12.7500 3.2000
    endloop
  endfacet
  facet normal 0.000000 0.000000 1.000000
    outer loop
      vertex 76.2500 12.7500 2.4000
      vertex 76.0000 12.5000 2.4000
      vertex 76.2500 12.2500 2.4000
    endloop
  endfacet
  facet normal 0.000000 0.000000 -1.000000
    outer loop
      vertex 75.5000 12.5000 3.2000
      vertex 75.7500 13.2500 3.2000
      vertex 76.0000 12.5000 3.2000
    endloop
  endfacet
  facet normal 0.000000 0.000000 1.000000
    outer loop
      vertex 76.0000 12.5000 2.4000
      vertex 75.7500 13.2500 2.4000
      vertex 75.5000 12.5000 2.4000
    endloop
  endfacet
  facet normal 0.000000 0.000000 -1.000000
    outer loop
      vertex 75.5000 12.5000 3.2000
      vertex 75.2500 13.0000 3.2000
      vertex 75.7500 13.2500 3.2000
    endloop
  endfacet
  facet normal 0.000000 0.000000 1.000000
    outer loop
      vertex 75.7500 13.2500 2.4000
      vertex 75.2500 13.0000 2.4000
      vertex 75.5000 12.5000 2.4000
    endloop
  endfacet
  facet normal 0.000000 0.000000 -1.000000
    outer loop
      vertex 75.5000 12.5000 3.2000
      vertex 75.2500 12.7500 3.2000
      vertex 75.2500 13.0000 3.2000
    endloop
  endfacet
  facet normal 0.000000 0.000000 1.000000
    outer loop
      vertex 75.2500 13.0000 2.4000
      vertex 75.2500 12.7500 2.4000
      vertex 75.5000 12.5000 2.4000
    endloop
  endfacet
  facet normal 0.000000 0.000000 -1.000000
    outer loop
      vertex 75.0000 13.2500 3.2000
      vertex 75.0000 13.5000 3.2000
      vertex 75.2500 13.0000 3.2000
    endloop
  endfacet
  facet normal 0.000000 0.000000 1.000000
    outer loop
      vertex 75.2500 13.0000 2.4000
      vertex 75.0000 13.5000 2.4000
      vertex 75.0000 13.2500 2.4000
    endloop
  endfacet
  facet normal 0.000000 0.000000 -1.000000
    outer loop
      vertex 75.0000 13.5000 3.2000
      vertex 75.7500 13.2500 3.2000
      vertex 75.2500 13.0000 3.2000
    endloop
  endfacet
  facet normal 0.000000 -0.000000 1.000000
    outer loop
      vertex 75.2500 13.0000 2.4000
      vertex 75.7500 13.2500 2.4000
      vertex 75.0000 13.5000 2.4000
    endloop
  endfacet
  facet normal 0.000000 0.000000 -1.000000
    outer loop
      vertex 75.0000 13.5000 3.2000
      vertex 75.7500 13.5000 3.2000
      vertex 75.7500 13.2500 3.2000
    endloop
  endfacet
  facet normal 0.000000 -0.000000 1.000000
    outer loop
      vertex 75.7500 13.2500 2.4000
      vertex 75.7500 13.5000 2.4000
      vertex 75.0000 13.5000 2.4000
    endloop
  endfacet
  facet normal 0.000000 0.000000 -1.000000
    outer loop
      vertex 75.2500 15.0000 3.2000
      vertex 76.2500 15.2500 3.2000
      vertex 75.7500 14.5000 3.2000
    endloop
  endfacet
  facet normal 0.000000 -0.000000 1.000000
    outer loop
      vertex 75.7500 14.5000 2.4000
      vertex 76.2500 15.2500 2.4000
      vertex 75.2500 15.0000 2.4000
    endloop
  endfacet
  facet normal 0.000000 0.000000 -1.000000
    outer loop
      vertex 75.2500 15.0000 3.2000
      vertex 75.7500 15.7500 3.2000
      vertex 76.2500 15.2500 3.2000
    endloop
  endfacet
  facet normal 0.000000 0.000000 1.000000
    outer loop
      vertex 76.2500 15.2500 2.4000
      vertex 75.7500 15.7500 2.4000
      vertex 75.2500 15.0000 2.4000
    endloop
  endfacet
  facet normal 0.000000 0.000000 -1.000000
    outer loop
      vertex 75.7500 15.7500 3.2000
      vertex 76.0000 16.5000 3.2000
      vertex 76.2500 16.2500 3.2000
    endloop
  endfacet
  facet normal 0.000000 0.000000 1.000000
    outer loop
      vertex 76.2500 16.2500 2.4000
      vertex 76.0000 16.5000 2.4000
      vertex 75.7500 15.7500 2.4000
    endloop
  endfacet
  facet normal 0.000000 0.000000 -1.000000
    outer loop
      vertex 77.2500 16.2500 3.2000
      vertex 77.7500 16.5000 3.2000
      vertex 77.7500 15.7500 3.2000
    endloop
  endfacet
  facet normal 0.000000 -0.000000 1.000000
    outer loop
      vertex 77.7500 15.7500 2.4000
      vertex 77.7500 16.5000 2.4000
      vertex 77.2500 16.2500 2.4000
    endloop
  endfacet
  facet normal -0.000000 0.000000 -1.000000
    outer loop
      vertex 77.7500 14.7500 3.2000
      vertex 77.5000 14.0000 3.2000
      vertex 77.2500 14.7500 3.2000
    endloop
  endfacet
  facet normal -0.000000 0.000000 1.000000
    outer loop
      vertex 77.2500 14.7500 2.4000
      vertex 77.5000 14.0000 2.4000
      vertex 77.7500 14.7500 2.4000
    endloop
  endfacet
  facet normal 0.000000 -0.000000 -1.000000
    outer loop
      vertex 77.7500 14.7500 3.2000
      vertex 77.7500 13.7500 3.2000
      vertex 77.5000 14.0000 3.2000
    endloop
  endfacet
  facet normal -0.000000 0.000000 1.000000
    outer loop
      vertex 77.5000 14.0000 2.4000
      vertex 77.7500 13.7500 2.4000
      vertex 77.7500 14.7500 2.4000
    endloop
  endfacet
  facet normal 0.000000 0.000000 -1.000000
    outer loop
      vertex 77.7500 13.7500 3.2000
      vertex 78.5000 13.2500 3.2000
      vertex 77.7500 13.2500 3.2000
    endloop
  endfacet
  facet normal 0.000000 0.000000 1.000000
    outer loop
      vertex 77.7500 13.2500 2.4000
      vertex 78.5000 13.2500 2.4000
      vertex 77.7500 13.7500 2.4000
    endloop
  endfacet
  facet normal -0.000000 0.000000 -1.000000
    outer loop
      vertex 78.5000 13.2500 3.2000
      vertex 78.2500 13.0000 3.2000
      vertex 77.7500 13.2500 3.2000
    endloop
  endfacet
  facet normal -0.000000 0.000000 1.000000
    outer loop
      vertex 77.7500 13.2500 2.4000
      vertex 78.2500 13.0000 2.4000
      vertex 78.5000 13.2500 2.4000
    endloop
  endfacet
  facet normal 0.000000 0.000000 -1.000000
    outer loop
      vertex 78.2500 12.7500 3.2000
      vertex 77.7500 13.2500 3.2000
      vertex 78.2500 13.0000 3.2000
    endloop
  endfacet
  facet normal 0.000000 0.000000 1.000000
    outer loop
      vertex 78.2500 13.0000 2.4000
      vertex 77.7500 13.2500 2.4000
      vertex 78.2500 12.7500 2.4000
    endloop
  endfacet
  facet normal 0.000000 -0.000000 -1.000000
    outer loop
      vertex 77.7500 13.2500 3.2000
      vertex 77.7500 12.5000 3.2000
      vertex 77.2500 12.7500 3.2000
    endloop
  endfacet
  facet normal -0.000000 0.000000 1.000000
    outer loop
      vertex 77.2500 12.7500 2.4000
      vertex 77.7500 12.5000 2.4000
      vertex 77.7500 13.2500 2.4000
    endloop
  endfacet
  facet normal -0.000000 0.000000 -1.000000
    outer loop
      vertex 76.2500 12.7500 3.2000
      vertex 76.0000 12.5000 3.2000
      vertex 75.7500 13.2500 3.2000
    endloop
  endfacet
  facet normal 0.000000 0.000000 1.000000
    outer loop
      vertex 75.7500 13.2500 2.4000
      vertex 76.0000 12.5000 2.4000
      vertex 76.2500 12.7500 2.4000
    endloop
  endfacet
  facet normal 0.000000 0.000000 -1.000000
    outer loop
      vertex 75.7500 14.5000 3.2000
      vertex 76.2500 15.2500 3.2000
      vertex 76.2500 14.5000 3.2000
    endloop
  endfacet
  facet normal 0.000000 -0.000000 1.000000
    outer loop
      vertex 76.2500 14.5000 2.4000
      vertex 76.2500 15.2500 2.4000
      vertex 75.7500 14.5000 2.4000
    endloop
  endfacet
  facet normal 0.000000 0.000000 -1.000000
    outer loop
      vertex 76.2500 15.2500 3.2000
      vertex 76.7500 15.0000 3.2000
      vertex 76.2500 14.5000 3.2000
    endloop
  endfacet
  facet normal 0.000000 0.000000 1.000000
    outer loop
      vertex 76.2500 14.5000 2.4000
      vertex 76.7500 15.0000 2.4000
      vertex 76.2500 15.2500 2.4000
    endloop
  endfacet
  facet normal 0.000000 0.000000 -1.000000
    outer loop
      vertex 76.2500 15.2500 3.2000
      vertex 76.5000 15.2500 3.2000
      vertex 76.7500 15.0000 3.2000
    endloop
  endfacet
  facet normal 0.000000 0.000000 1.000000
    outer loop
      vertex 76.7500 15.0000 2.4000
      vertex 76.5000 15.2500 2.4000
      vertex 76.2500 15.2500 2.4000
    endloop
  endfacet
  facet normal -0.000000 -0.000000 -1.000000
    outer loop
      vertex 77.0000 15.0000 3.2000
      vertex 77.2500 14.7500 3.2000
      vertex 76.7500 15.0000 3.2000
    endloop
  endfacet
  facet normal -0.000000 0.000000 1.000000
    outer loop
      vertex 76.7500 15.0000 2.4000
      vertex 77.2500 14.7500 2.4000
      vertex 77.0000 15.0000 2.4000
    endloop
  endfacet
  facet normal -0.000000 0.000000 -1.000000
    outer loop
      vertex 77.2500 14.7500 3.2000
      vertex 77.0000 14.2500 3.2000
      vertex 76.7500 15.0000 3.2000
    endloop
  endfacet
  facet normal 0.000000 0.000000 1.000000
    outer loop
      vertex 76.7500 15.0000 2.4000
      vertex 77.0000 14.2500 2.4000
      vertex 77.2500 14.7500 2.4000
    endloop
  endfacet
  facet normal 0.000000 -0.000000 -1.000000
    outer loop
      vertex 77.2500 14.7500 3.2000
      vertex 77.2500 14.0000 3.2000
      vertex 77.0000 14.2500 3.2000
    endloop
  endfacet
  facet normal -0.000000 0.000000 1.000000
    outer loop
      vertex 77.0000 14.2500 2.4000
      vertex 77.2500 14.0000 2.4000
      vertex 77.2500 14.7500 2.4000
    endloop
  endfacet
  facet normal 0.000000 0.000000 -1.000000
    outer loop
      vertex 77.2500 14.7500 3.2000
      vertex 77.5000 14.0000 3.2000
      vertex 77.2500 14.0000 3.2000
    endloop
  endfacet
  facet normal 0.000000 0.000000 1.000000
    outer loop
      vertex 77.2500 14.0000 2.4000
      vertex 77.5000 14.0000 2.4000
      vertex 77.2500 14.7500 2.4000
    endloop
  endfacet
  facet normal 0.000000 0.000000 -1.000000
    outer loop
      vertex 76.5000 14.2500 3.2000
      vertex 76.7500 15.0000 3.2000
      vertex 77.0000 14.2500 3.2000
    endloop
  endfacet
  facet normal 0.000000 0.000000 1.000000
    outer loop
      vertex 77.0000 14.2500 2.4000
      vertex 76.7500 15.0000 2.4000
      vertex 76.5000 14.2500 2.4000
    endloop
  endfacet
  facet normal 0.000000 0.000000 -1.000000
    outer loop
      vertex 76.5000 14.2500 3.2000
      vertex 76.2500 14.5000 3.2000
      vertex 76.7500 15.0000 3.2000
    endloop
  endfacet
  facet normal 0.000000 0.000000 1.000000
    outer loop
      vertex 76.7500 15.0000 2.4000
      vertex 76.2500 14.5000 2.4000
      vertex 76.5000 14.2500 2.4000
    endloop
  endfacet
  facet normal -0.707107 0.707107 0.000000
    outer loop
      vertex 76.2500 16.7500 2.4000
      vertex 76.0000 16.5000 2.4000
      vertex 76.0000 16.5000 3.2000
    endloop
  endfacet
  facet normal -0.707107 0.707107 0.000000
    outer loop
      vertex 76.2500 16.7500 2.4000
      vertex 76.0000 16.5000 3.2000
      vertex 76.2500 16.7500 3.2000
    endloop
  endfacet
  facet normal 0.000000 1.000000 0.000000
    outer loop
      vertex 76.0000 16.5000 2.4000
      vertex 75.7500 16.5000 2.4000
      vertex 75.7500 16.5000 3.2000
    endloop
  endfacet
  facet normal 0.000000 1.000000 -0.000000
    outer loop
      vertex 76.0000 16.5000 2.4000
      vertex 75.7500 16.5000 3.2000
      vertex 76.0000 16.5000 3.2000
    endloop
  endfacet
  facet normal -0.707107 0.707107 0.000000
    outer loop
      vertex 75.7500 16.5000 2.4000
      vertex 75.2500 16.0000 2.4000
      vertex 75.2500 16.0000 3.2000
    endloop
  endfacet
  facet normal -0.707107 0.707107 0.000000
    outer loop
      vertex 75.7500 16.5000 2.4000
      vertex 75.2500 16.0000 3.2000
      vertex 75.7500 16.5000 3.2000
    endloop
  endfacet
  facet normal -1.000000 0.000000 0.000000
    outer loop
      vertex 75.2500 16.0000 2.4000
      vertex 75.2500 15.0000 2.4000
      vertex 75.2500 15.0000 3.2000
    endloop
  endfacet
  facet normal -1.000000 0.000000 0.000000
    outer loop
      vertex 75.2500 16.0000 2.4000
      vertex 75.2500 15.0000 3.2000
      vertex 75.2500 16.0000 3.2000
    endloop
  endfacet
  facet normal -0.707107 -0.707107 0.000000
    outer loop
      vertex 75.2500 15.0000 2.4000
      vertex 75.7500 14.5000 2.4000
      vertex 75.7500 14.5000 3.2000
    endloop
  endfacet
  facet normal -0.707107 -0.707107 0.000000
    outer loop
      vertex 75.2500 15.0000 2.4000
      vertex 75.7500 14.5000 3.2000
      vertex 75.2500 15.0000 3.2000
    endloop
  endfacet
  facet normal 0.000000 -1.000000 0.000000
    outer loop
      vertex 75.7500 14.5000 2.4000
      vertex 76.2500 14.5000 2.4000
      vertex 76.2500 14.5000 3.2000
    endloop
  endfacet
  facet normal 0.000000 -1.000000 0.000000
    outer loop
      vertex 75.7500 14.5000 2.4000
      vertex 76.2500 14.5000 3.2000
      vertex 75.7500 14.5000 3.2000
    endloop
  endfacet
  facet normal -0.707107 -0.707107 0.000000
    outer loop
      vertex 76.2500 14.5000 2.4000
      vertex 76.5000 14.2500 2.4000
      vertex 76.5000 14.2500 3.2000
    endloop
  endfacet
  facet normal -0.707107 -0.707107 0.000000
    outer loop
      vertex 76.2500 14.5000 2.4000
      vertex 76.5000 14.2500 3.2000
      vertex 76.2500 14.5000 3.2000
    endloop
  endfacet
  facet normal 0.000000 -1.000000 0.000000
    outer loop
      vertex 76.5000 14.2500 2.4000
      vertex 77.0000 14.2500 2.4000
      vertex 77.0000 14.2500 3.2000
    endloop
  endfacet
  facet normal 0.000000 -1.000000 0.000000
    outer loop
      vertex 76.5000 14.2500 2.4000
      vertex 77.0000 14.2500 3.2000
      vertex 76.5000 14.2500 3.2000
    endloop
  endfacet
  facet normal -0.707107 -0.707107 0.000000
    outer loop
      vertex 77.0000 14.2500 2.4000
      vertex 77.2500 14.0000 2.4000
      vertex 77.2500 14.0000 3.2000
    endloop
  endfacet
  facet normal -0.707107 -0.707107 0.000000
    outer loop
      vertex 77.0000 14.2500 2.4000
      vertex 77.2500 14.0000 3.2000
      vertex 77.0000 14.2500 3.2000
    endloop
  endfacet
  facet normal 0.000000 -1.000000 0.000000
    outer loop
      vertex 77.2500 14.0000 2.4000
      vertex 77.5000 14.0000 2.4000
      vertex 77.5000 14.0000 3.2000
    endloop
  endfacet
  facet normal 0.000000 -1.000000 0.000000
    outer loop
      vertex 77.2500 14.0000 2.4000
      vertex 77.5000 14.0000 3.2000
      vertex 77.2500 14.0000 3.2000
    endloop
  endfacet
  facet normal -0.707107 -0.707107 0.000000
    outer loop
      vertex 77.5000 14.0000 2.4000
      vertex 77.7500 13.7500 2.4000
      vertex 77.7500 13.7500 3.2000
    endloop
  endfacet
  facet normal -0.707107 -0.707107 0.000000
    outer loop
      vertex 77.5000 14.0000 2.4000
      vertex 77.7500 13.7500 3.2000
      vertex 77.5000 14.0000 3.2000
    endloop
  endfacet
  facet normal -1.000000 0.000000 0.000000
    outer loop
      vertex 77.7500 13.7500 2.4000
      vertex 77.7500 13.2500 2.4000
      vertex 77.7500 13.2500 3.2000
    endloop
  endfacet
  facet normal -1.000000 0.000000 0.000000
    outer loop
      vertex 77.7500 13.7500 2.4000
      vertex 77.7500 13.2500 3.2000
      vertex 77.7500 13.7500 3.2000
    endloop
  endfacet
  facet normal -0.707107 0.707107 0.000000
    outer loop
      vertex 77.7500 13.2500 2.4000
      vertex 77.2500 12.7500 2.4000
      vertex 77.2500 12.7500 3.2000
    endloop
  endfacet
  facet normal -0.707107 0.707107 0.000000
    outer loop
      vertex 77.7500 13.2500 2.4000
      vertex 77.2500 12.7500 3.2000
      vertex 77.7500 13.2500 3.2000
    endloop
  endfacet
  facet normal 0.000000 1.000000 0.000000
    outer loop
      vertex 77.2500 12.7500 2.4000
      vertex 76.2500 12.7500 2.4000
      vertex 76.2500 12.7500 3.2000
    endloop
  endfacet
  facet normal 0.000000 1.000000 -0.000000
    outer loop
      vertex 77.2500 12.7500 2.4000
      vertex 76.2500 12.7500 3.2000
      vertex 77.2500 12.7500 3.2000
    endloop
  endfacet
  facet normal 0.707107 0.707107 0.000000
    outer loop
      vertex 76.2500 12.7500 2.4000
      vertex 75.7500 13.2500 2.4000
      vertex 75.7500 13.2500 3.2000
    endloop
  endfacet
  facet normal 0.707107 0.707107 -0.000000
    outer loop
      vertex 76.2500 12.7500 2.4000
      vertex 75.7500 13.2500 3.2000
      vertex 76.2500 12.7500 3.2000
    endloop
  endfacet
  facet normal 1.000000 0.000000 0.000000
    outer loop
      vertex 75.7500 13.2500 2.4000
      vertex 75.7500 13.5000 2.4000
      vertex 75.7500 13.5000 3.2000
    endloop
  endfacet
  facet normal 1.000000 0.000000 0.000000
    outer loop
      vertex 75.7500 13.2500 2.4000
      vertex 75.7500 13.5000 3.2000
      vertex 75.7500 13.2500 3.2000
    endloop
  endfacet
  facet normal 0.000000 1.000000 0.000000
    outer loop
      vertex 75.7500 13.5000 2.4000
      vertex 75.0000 13.5000 2.4000
      vertex 75.0000 13.5000 3.2000
    endloop
  endfacet
  facet normal 0.000000 1.000000 -0.000000
    outer loop
      vertex 75.7500 13.5000 2.4000
      vertex 75.0000 13.5000 3.2000
      vertex 75.7500 13.5000 3.2000
    endloop
  endfacet
  facet normal -1.000000 0.000000 0.000000
    outer loop
      vertex 75.0000 13.5000 2.4000
      vertex 75.0000 13.2500 2.4000
      vertex 75.0000 13.2500 3.2000
    endloop
  endfacet
  facet normal -1.000000 0.000000 0.000000
    outer loop
      vertex 75.0000 13.5000 2.4000
      vertex 75.0000 13.2500 3.2000
      vertex 75.0000 13.5000 3.2000
    endloop
  endfacet
  facet normal -0.707107 -0.707107 0.000000
    outer loop
      vertex 75.0000 13.2500 2.4000
      vertex 75.2500 13.0000 2.4000
      vertex 75.2500 13.0000 3.2000
    endloop
  endfacet
  facet normal -0.707107 -0.707107 0.000000
    outer loop
      vertex 75.0000 13.2500 2.4000
      vertex 75.2500 13.0000 3.2000
      vertex 75.0000 13.2500 3.2000
    endloop
  endfacet
  facet normal -1.000000 0.000000 0.000000
    outer loop
      vertex 75.2500 13.0000 2.4000
      vertex 75.2500 12.7500 2.4000
      vertex 75.2500 12.7500 3.2000
    endloop
  endfacet
  facet normal -1.000000 0.000000 0.000000
    outer loop
      vertex 75.2500 13.0000 2.4000
      vertex 75.2500 12.7500 3.2000
      vertex 75.2500 13.0000 3.2000
    endloop
  endfacet
  facet normal -0.707107 -0.707107 0.000000
    outer loop
      vertex 75.2500 12.7500 2.4000
      vertex 75.5000 12.5000 2.4000
      vertex 75.5000 12.5000 3.2000
    endloop
  endfacet
  facet normal -0.707107 -0.707107 0.000000
    outer loop
      vertex 75.2500 12.7500 2.4000
      vertex 75.5000 12.5000 3.2000
      vertex 75.2500 12.7500 3.2000
    endloop
  endfacet
  facet normal 0.000000 -1.000000 0.000000
    outer loop
      vertex 75.5000 12.5000 2.4000
      vertex 76.0000 12.5000 2.4000
      vertex 76.0000 12.5000 3.2000
    endloop
  endfacet
  facet normal 0.000000 -1.000000 0.000000
    outer loop
      vertex 75.5000 12.5000 2.4000
      vertex 76.0000 12.5000 3.2000
      vertex 75.5000 12.5000 3.2000
    endloop
  endfacet
  facet normal -0.707107 -0.707107 0.000000
    outer loop
      vertex 76.0000 12.5000 2.4000
      vertex 76.2500 12.2500 2.4000
      vertex 76.2500 12.2500 3.2000
    endloop
  endfacet
  facet normal -0.707107 -0.707107 0.000000
    outer loop
      vertex 76.0000 12.5000 2.4000
      vertex 76.2500 12.2500 3.2000
      vertex 76.0000 12.5000 3.2000
    endloop
  endfacet
  facet normal 0.000000 -1.000000 0.000000
    outer loop
      vertex 76.2500 12.2500 2.4000
      vertex 77.5000 12.2500 2.4000
      vertex 77.5000 12.2500 3.2000
    endloop
  endfacet
  facet normal 0.000000 -1.000000 0.000000
    outer loop
      vertex 76.2500 12.2500 2.4000
      vertex 77.5000 12.2500 3.2000
      vertex 76.2500 12.2500 3.2000
    endloop
  endfacet
  facet normal 0.707107 -0.707107 0.000000
    outer loop
      vertex 77.5000 12.2500 2.4000
      vertex 77.7500 12.5000 2.4000
      vertex 77.7500 12.5000 3.2000
    endloop
  endfacet
  facet normal 0.707107 -0.707107 0.000000
    outer loop
      vertex 77.5000 12.2500 2.4000
      vertex 77.7500 12.5000 3.2000
      vertex 77.5000 12.2500 3.2000
    endloop
  endfacet
  facet normal 0.000000 -1.000000 0.000000
    outer loop
      vertex 77.7500 12.5000 2.4000
      vertex 78.0000 12.5000 2.4000
      vertex 78.0000 12.5000 3.2000
    endloop
  endfacet
  facet normal 0.000000 -1.000000 0.000000
    outer loop
      vertex 77.7500 12.5000 2.4000
      vertex 78.0000 12.5000 3.2000
      vertex 77.7500 12.5000 3.2000
    endloop
  endfacet
  facet normal 0.707107 -0.707107 0.000000
    outer loop
      vertex 78.0000 12.5000 2.4000
      vertex 78.2500 12.7500 2.4000
      vertex 78.2500 12.7500 3.2000
    endloop
  endfacet
  facet normal 0.707107 -0.707107 0.000000
    outer loop
      vertex 78.0000 12.5000 2.4000
      vertex 78.2500 12.7500 3.2000
      vertex 78.0000 12.5000 3.2000
    endloop
  endfacet
  facet normal 1.000000 0.000000 0.000000
    outer loop
      vertex 78.2500 12.7500 2.4000
      vertex 78.2500 13.0000 2.4000
      vertex 78.2500 13.0000 3.2000
    endloop
  endfacet
  facet normal 1.000000 0.000000 0.000000
    outer loop
      vertex 78.2500 12.7500 2.4000
      vertex 78.2500 13.0000 3.2000
      vertex 78.2500 12.7500 3.2000
    endloop
  endfacet
  facet normal 0.707107 -0.707107 0.000000
    outer loop
      vertex 78.2500 13.0000 2.4000
      vertex 78.5000 13.2500 2.4000
      vertex 78.5000 13.2500 3.2000
    endloop
  endfacet
  facet normal 0.707107 -0.707107 0.000000
    outer loop
      vertex 78.2500 13.0000 2.4000
      vertex 78.5000 13.2500 3.2000
      vertex 78.2500 13.0000 3.2000
    endloop
  endfacet
  facet normal 1.000000 0.000000 0.000000
    outer loop
      vertex 78.5000 13.2500 2.4000
      vertex 78.5000 14.0000 2.4000
      vertex 78.5000 14.0000 3.2000
    endloop
  endfacet
  facet normal 1.000000 0.000000 0.000000
    outer loop
      vertex 78.5000 13.2500 2.4000
      vertex 78.5000 14.0000 3.2000
      vertex 78.5000 13.2500 3.2000
    endloop
  endfacet
  facet normal 0.707107 0.707107 0.000000
    outer loop
      vertex 78.5000 14.0000 2.4000
      vertex 77.7500 14.7500 2.4000
      vertex 77.7500 14.7500 3.2000
    endloop
  endfacet
  facet normal 0.707107 0.707107 -0.000000
    outer loop
      vertex 78.5000 14.0000 2.4000
      vertex 77.7500 14.7500 3.2000
      vertex 78.5000 14.0000 3.2000
    endloop
  endfacet
  facet normal 0.000000 1.000000 0.000000
    outer loop
      vertex 77.7500 14.7500 2.4000
      vertex 77.2500 14.7500 2.4000
      vertex 77.2500 14.7500 3.2000
    endloop
  endfacet
  facet normal 0.000000 1.000000 -0.000000
    outer loop
      vertex 77.7500 14.7500 2.4000
      vertex 77.2500 14.7500 3.2000
      vertex 77.7500 14.7500 3.2000
    endloop
  endfacet
  facet normal 0.707107 0.707107 0.000000
    outer loop
      vertex 77.2500 14.7500 2.4000
      vertex 77.0000 15.0000 2.4000
      vertex 77.0000 15.0000 3.2000
    endloop
  endfacet
  facet normal 0.707107 0.707107 -0.000000
    outer loop
      vertex 77.2500 14.7500 2.4000
      vertex 77.0000 15.0000 3.2000
      vertex 77.2500 14.7500 3.2000
    endloop
  endfacet
  facet normal 0.000000 1.000000 0.000000
    outer loop
      vertex 77.0000 15.0000 2.4000
      vertex 76.7500 15.0000 2.4000
      vertex 76.7500 15.0000 3.2000
    endloop
  endfacet
  facet normal 0.000000 1.000000 -0.000000
    outer loop
      vertex 77.0000 15.0000 2.4000
      vertex 76.7500 15.0000 3.2000
      vertex 77.0000 15.0000 3.2000
    endloop
  endfacet
  facet normal 0.707107 0.707107 0.000000
    outer loop
      vertex 76.7500 15.0000 2.4000
      vertex 76.5000 15.2500 2.4000
      vertex 76.5000 15.2500 3.2000
    endloop
  endfacet
  facet normal 0.707107 0.707107 -0.000000
    outer loop
      vertex 76.7500 15.0000 2.4000
      vertex 76.5000 15.2500 3.2000
      vertex 76.7500 15.0000 3.2000
    endloop
  endfacet
  facet normal 0.000000 1.000000 0.000000
    outer loop
      vertex 76.5000 15.2500 2.4000
      vertex 76.2500 15.2500 2.4000
      vertex 76.2500 15.2500 3.2000
    endloop
  endfacet
  facet normal 0.000000 1.000000 -0.000000
    outer loop
      vertex 76.5000 15.2500 2.4000
      vertex 76.2500 15.2500 3.2000
      vertex 76.5000 15.2500 3.2000
    endloop
  endfacet
  facet normal 0.707107 0.707107 0.000000
    outer loop
      vertex 76.2500 15.2500 2.4000
      vertex 75.7500 15.7500 2.4000
      vertex 75.7500 15.7500 3.2000
    endloop
  endfacet
  facet normal 0.707107 0.707107 -0.000000
    outer loop
      vertex 76.2500 15.2500 2.4000
      vertex 75.7500 15.7500 3.2000
      vertex 76.2500 15.2500 3.2000
    endloop
  endfacet
  facet normal 0.707107 -0.707107 0.000000
    outer loop
      vertex 75.7500 15.7500 2.4000
      vertex 76.2500 16.2500 2.4000
      vertex 76.2500 16.2500 3.2000
    endloop
  endfacet
  facet normal 0.707107 -0.707107 0.000000
    outer loop
      vertex 75.7500 15.7500 2.4000
      vertex 76.2500 16.2500 3.2000
      vertex 75.7500 15.7500 3.2000
    endloop
  endfacet
  facet normal 0.000000 -1.000000 0.000000
    outer loop
      vertex 76.2500 16.2500 2.4000
      vertex 77.2500 16.2500 2.4000
      vertex 77.2500 16.2500 3.2000
    endloop
  endfacet
  facet normal 0.000000 -1.000000 0.000000
    outer loop
      vertex 76.2500 16.2500 2.4000
      vertex 77.2500 16.2500 3.2000
      vertex 76.2500 16.2500 3.2000
    endloop
  endfacet
  facet normal -0.707107 -0.707107 0.000000
    outer loop
      vertex 77.2500 16.2500 2.4000
      vertex 77.7500 15.7500 2.4000
      vertex 77.7500 15.7500 3.2000
    endloop
  endfacet
  facet normal -0.707107 -0.707107 0.000000
    outer loop
      vertex 77.2500 16.2500 2.4000
      vertex 77.7500 15.7500 3.2000
      vertex 77.2500 16.2500 3.2000
    endloop
  endfacet
  facet normal 0.000000 -1.000000 0.000000
    outer loop
      vertex 77.7500 15.7500 2.4000
      vertex 78.2500 15.7500 2.4000
      vertex 78.2500 15.7500 3.2000
    endloop
  endfacet
  facet normal 0.000000 -1.000000 0.000000
    outer loop
      vertex 77.7500 15.7500 2.4000
      vertex 78.2500 15.7500 3.2000
      vertex 77.7500 15.7500 3.2000
    endloop
  endfacet
  facet normal 1.000000 0.000000 0.000000
    outer loop
      vertex 78.2500 15.7500 2.4000
      vertex 78.2500 16.2500 2.4000
      vertex 78.2500 16.2500 3.2000
    endloop
  endfacet
  facet normal 1.000000 0.000000 0.000000
    outer loop
      vertex 78.2500 15.7500 2.4000
      vertex 78.2500 16.2500 3.2000
      vertex 78.2500 15.7500 3.2000
    endloop
  endfacet
  facet normal 0.707107 0.707107 0.000000
    outer loop
      vertex 78.2500 16.2500 2.4000
      vertex 78.0000 16.5000 2.4000
      vertex 78.0000 16.5000 3.2000
    endloop
  endfacet
  facet normal 0.707107 0.707107 -0.000000
    outer loop
      vertex 78.2500 16.2500 2.4000
      vertex 78.0000 16.5000 3.2000
      vertex 78.2500 16.2500 3.2000
    endloop
  endfacet
  facet normal 0.000000 1.000000 0.000000
    outer loop
      vertex 78.0000 16.5000 2.4000
      vertex 77.7500 16.5000 2.4000
      vertex 77.7500 16.5000 3.2000
    endloop
  endfacet
  facet normal 0.000000 1.000000 -0.000000
    outer loop
      vertex 78.0000 16.5000 2.4000
      vertex 77.7500 16.5000 3.2000
      vertex 78.0000 16.5000 3.2000
    endloop
  endfacet
  facet normal 0.707107 0.707107 0.000000
    outer loop
      vertex 77.7500 16.5000 2.4000
      vertex 77.5000 16.7500 2.4000
      vertex 77.5000 16.7500 3.2000
    endloop
  endfacet
  facet normal 0.707107 0.707107 -0.000000
    outer loop
      vertex 77.7500 16.5000 2.4000
      vertex 77.5000 16.7500 3.2000
      vertex 77.7500 16.5000 3.2000
    endloop
  endfacet
  facet normal 0.000000 1.000000 0.000000
    outer loop
      vertex 77.5000 16.7500 2.4000
      vertex 76.2500 16.7500 2.4000
      vertex 76.2500 16.7500 3.2000
    endloop
  endfacet
  facet normal 0.000000 1.000000 -0.000000
    outer loop
      vertex 77.5000 16.7500 2.4000
      vertex 76.2500 16.7500 3.2000
      vertex 77.5000 16.7500 3.2000
    endloop
  endfacet
  facet normal 0.000000 0.000000 -1.000000
    outer loop
      vertex 71.0000 16.7500 3.2000
      vertex 72.0000 16.0000 3.2000
      vertex 71.0000 16.0000 3.2000
    endloop
  endfacet
  facet normal 0.000000 0.000000 1.000000
    outer loop
      vertex 71.0000 16.0000 2.4000
      vertex 72.0000 16.0000 2.4000
      vertex 71.0000 16.7500 2.4000
    endloop
  endfacet
  facet normal 0.000000 0.000000 -1.000000
    outer loop
      vertex 71.0000 16.7500 3.2000
      vertex 73.2500 16.0000 3.2000
      vertex 72.0000 16.0000 3.2000
    endloop
  endfacet
  facet normal 0.000000 -0.000000 1.000000
    outer loop
      vertex 72.0000 16.0000 2.4000
      vertex 73.2500 16.0000 2.4000
      vertex 71.0000 16.7500 2.4000
    endloop
  endfacet
  facet normal 0.000000 0.000000 -1.000000
    outer loop
      vertex 71.0000 16.7500 3.2000
      vertex 74.2500 16.7500 3.2000
      vertex 73.2500 16.0000 3.2000
    endloop
  endfacet
  facet normal 0.000000 -0.000000 1.000000
    outer loop
      vertex 73.2500 16.0000 2.4000
      vertex 74.2500 16.7500 2.4000
      vertex 71.0000 16.7500 2.4000
    endloop
  endfacet
  facet normal 0.000000 -0.000000 -1.000000
    outer loop
      vertex 74.2500 16.7500 3.2000
      vertex 74.2500 16.0000 3.2000
      vertex 73.2500 16.0000 3.2000
    endloop
  endfacet
  facet normal 0.000000 0.000000 1.000000
    outer loop
      vertex 73.2500 16.0000 2.4000
      vertex 74.2500 16.0000 2.4000
      vertex 74.2500 16.7500 2.4000
    endloop
  endfacet
  facet normal 0.000000 0.000000 -1.000000
    outer loop
      vertex 73.0000 12.2500 3.2000
      vertex 72.2500 15.7500 3.2000
      vertex 73.0000 15.7500 3.2000
    endloop
  endfacet
  facet normal 0.000000 0.000000 1.000000
    outer loop
      vertex 73.0000 15.7500 2.4000
      vertex 72.2500 15.7500 2.4000
      vertex 73.0000 12.2500 2.4000
    endloop
  endfacet
  facet normal 0.000000 0.000000 -1.000000
    outer loop
      vertex 73.0000 12.2500 3.2000
      vertex 72.2500 12.2500 3.2000
      vertex 72.2500 15.7500 3.2000
    endloop
  endfacet
  facet normal 0.000000 0.000000 1.000000
    outer loop
      vertex 72.2500 15.7500 2.4000
      vertex 72.2500 12.2500 2.4000
      vertex 73.0000 12.2500 2.4000
    endloop
  endfacet
  facet normal 0.000000 0.000000 -1.000000
    outer loop
      vertex 72.0000 16.0000 3.2000
      vertex 73.0000 15.7500 3.2000
      vertex 72.2500 15.7500 3.2000
    endloop
  endfacet
  facet normal 0.000000 -0.000000 1.000000
    outer loop
      vertex 72.2500 15.7500 2.4000
      vertex 73.0000 15.7500 2.4000
      vertex 72.0000 16.0000 2.4000
    endloop
  endfacet
  facet normal 0.000000 0.000000 -1.000000
    outer loop
      vertex 72.0000 16.0000 3.2000
      vertex 73.2500 16.0000 3.2000
      vertex 73.0000 15.7500 3.2000
    endloop
  endfacet
  facet normal 0.000000 -0.000000 1.000000
    outer loop
      vertex 73.0000 15.7500 2.4000
      vertex 73.2500 16.0000 2.4000
      vertex 72.0000 16.0000 2.4000
    endloop
  endfacet
  facet normal -1.000000 0.000000 0.000000
    outer loop
      vertex 71.0000 16.7500 2.4000
      vertex 71.0000 16.0000 2.4000
      vertex 71.0000 16.0000 3.2000
    endloop
  endfacet
  facet normal -1.000000 0.000000 0.000000
    outer loop
      vertex 71.0000 16.7500 2.4000
      vertex 71.0000 16.0000 3.2000
      vertex 71.0000 16.7500 3.2000
    endloop
  endfacet
  facet normal 0.000000 -1.000000 0.000000
    outer loop
      vertex 71.0000 16.0000 2.4000
      vertex 72.0000 16.0000 2.4000
      vertex 72.0000 16.0000 3.2000
    endloop
  endfacet
  facet normal 0.000000 -1.000000 0.000000
    outer loop
      vertex 71.0000 16.0000 2.4000
      vertex 72.0000 16.0000 3.2000
      vertex 71.0000 16.0000 3.2000
    endloop
  endfacet
  facet normal -0.707107 -0.707107 0.000000
    outer loop
      vertex 72.0000 16.0000 2.4000
      vertex 72.2500 15.7500 2.4000
      vertex 72.2500 15.7500 3.2000
    endloop
  endfacet
  facet normal -0.707107 -0.707107 0.000000
    outer loop
      vertex 72.0000 16.0000 2.4000
      vertex 72.2500 15.7500 3.2000
      vertex 72.0000 16.0000 3.2000
    endloop
  endfacet
  facet normal -1.000000 0.000000 0.000000
    outer loop
      vertex 72.2500 15.7500 2.4000
      vertex 72.2500 12.2500 2.4000
      vertex 72.2500 12.2500 3.2000
    endloop
  endfacet
  facet normal -1.000000 0.000000 0.000000
    outer loop
      vertex 72.2500 15.7500 2.4000
      vertex 72.2500 12.2500 3.2000
      vertex 72.2500 15.7500 3.2000
    endloop
  endfacet
  facet normal 0.000000 -1.000000 0.000000
    outer loop
      vertex 72.2500 12.2500 2.4000
      vertex 73.0000 12.2500 2.4000
      vertex 73.0000 12.2500 3.2000
    endloop
  endfacet
  facet normal 0.000000 -1.000000 0.000000
    outer loop
      vertex 72.2500 12.2500 2.4000
      vertex 73.0000 12.2500 3.2000
      vertex 72.2500 12.2500 3.2000
    endloop
  endfacet
  facet normal 1.000000 0.000000 0.000000
    outer loop
      vertex 73.0000 12.2500 2.4000
      vertex 73.0000 15.7500 2.4000
      vertex 73.0000 15.7500 3.2000
    endloop
  endfacet
  facet normal 1.000000 0.000000 0.000000
    outer loop
      vertex 73.0000 12.2500 2.4000
      vertex 73.0000 15.7500 3.2000
      vertex 73.0000 12.2500 3.2000
    endloop
  endfacet
  facet normal 0.707107 -0.707107 0.000000
    outer loop
      vertex 73.0000 15.7500 2.4000
      vertex 73.2500 16.0000 2.4000
      vertex 73.2500 16.0000 3.2000
    endloop
  endfacet
  facet normal 0.707107 -0.707107 0.000000
    outer loop
      vertex 73.0000 15.7500 2.4000
      vertex 73.2500 16.0000 3.2000
      vertex 73.0000 15.7500 3.2000
    endloop
  endfacet
  facet normal 0.000000 -1.000000 0.000000
    outer loop
      vertex 73.2500 16.0000 2.4000
      vertex 74.2500 16.0000 2.4000
      vertex 74.2500 16.0000 3.2000
    endloop
  endfacet
  facet normal 0.000000 -1.000000 0.000000
    outer loop
      vertex 73.2500 16.0000 2.4000
      vertex 74.2500 16.0000 3.2000
      vertex 73.2500 16.0000 3.2000
    endloop
  endfacet
  facet normal 1.000000 0.000000 0.000000
    outer loop
      vertex 74.2500 16.0000 2.4000
      vertex 74.2500 16.7500 2.4000
      vertex 74.2500 16.7500 3.2000
    endloop
  endfacet
  facet normal 1.000000 0.000000 0.000000
    outer loop
      vertex 74.2500 16.0000 2.4000
      vertex 74.2500 16.7500 3.2000
      vertex 74.2500 16.0000 3.2000
    endloop
  endfacet
  facet normal 0.000000 1.000000 0.000000
    outer loop
      vertex 74.2500 16.7500 2.4000
      vertex 71.0000 16.7500 2.4000
      vertex 71.0000 16.7500 3.2000
    endloop
  endfacet
  facet normal 0.000000 1.000000 -0.000000
    outer loop
      vertex 74.2500 16.7500 2.4000
      vertex 71.0000 16.7500 3.2000
      vertex 74.2500 16.7500 3.2000
    endloop
  endfacet
  facet normal 0.000000 0.000000 -1.000000
    outer loop
      vertex 66.5000 16.7500 3.2000
      vertex 67.0000 14.7500 3.2000
      vertex 66.5000 12.2500 3.2000
    endloop
  endfacet
  facet normal 0.000000 0.000000 1.000000
    outer loop
      vertex 66.5000 12.2500 2.4000
      vertex 67.0000 14.7500 2.4000
      vertex 66.5000 16.7500 2.4000
    endloop
  endfacet
  facet normal 0.000000 0.000000 -1.000000
    outer loop
      vertex 66.5000 16.7500 3.2000
      vertex 67.2500 15.0000 3.2000
      vertex 67.0000 14.7500 3.2000
    endloop
  endfacet
  facet normal 0.000000 -0.000000 1.000000
    outer loop
      vertex 67.0000 14.7500 2.4000
      vertex 67.2500 15.0000 2.4000
      vertex 66.5000 16.7500 2.4000
    endloop
  endfacet
  facet normal 0.000000 0.000000 -1.000000
    outer loop
      vertex 66.5000 16.7500 3.2000
      vertex 67.2500 16.5000 3.2000
      vertex 67.2500 15.0000 3.2000
    endloop
  endfacet
  facet normal 0.000000 -0.000000 1.000000
    outer loop
      vertex 67.2500 15.0000 2.4000
      vertex 67.2500 16.5000 2.4000
      vertex 66.5000 16.7500 2.4000
    endloop
  endfacet
  facet normal 0.000000 0.000000 -1.000000
    outer loop
      vertex 66.5000 16.7500 3.2000
      vertex 67.2500 16.7500 3.2000
      vertex 67.2500 16.5000 3.2000
    endloop
  endfacet
  facet normal 0.000000 -0.000000 1.000000
    outer loop
      vertex 67.2500 16.5000 2.4000
      vertex 67.2500 16.7500 2.4000
      vertex 66.5000 16.7500 2.4000
    endloop
  endfacet
  facet normal 0.000000 0.000000 -1.000000
    outer loop
      vertex 69.2500 16.7500 3.2000
      vertex 70.0000 16.7500 3.2000
      vertex 69.2500 14.2500 3.2000
    endloop
  endfacet
  facet normal 0.000000 0.000000 1.000000
    outer loop
      vertex 69.2500 14.2500 2.4000
      vertex 70.0000 16.7500 2.4000
      vertex 69.2500 16.7500 2.4000
    endloop
  endfacet
  facet normal 0.000000 -0.000000 -1.000000
    outer loop
      vertex 70.0000 16.7500 3.2000
      vertex 70.0000 12.2500 3.2000
      vertex 69.2500 14.2500 3.2000
    endloop
  endfacet
  facet normal -0.000000 0.000000 1.000000
    outer loop
      vertex 69.2500 14.2500 2.4000
      vertex 70.0000 12.2500 2.4000
      vertex 70.0000 16.7500 2.4000
    endloop
  endfacet
  facet normal 0.000000 0.000000 -1.000000
    outer loop
      vertex 70.0000 12.2500 3.2000
      vertex 69.0000 14.0000 3.2000
      vertex 69.2500 14.2500 3.2000
    endloop
  endfacet
  facet normal 0.000000 0.000000 1.000000
    outer loop
      vertex 69.2500 14.2500 2.4000
      vertex 69.0000 14.0000 2.4000
      vertex 70.0000 12.2500 2.4000
    endloop
  endfacet
  facet normal 0.000000 0.000000 -1.000000
    outer loop
      vertex 70.0000 12.2500 3.2000
      vertex 68.7500 13.0000 3.2000
      vertex 69.0000 14.0000 3.2000
    endloop
  endfacet
  facet normal 0.000000 0.000000 1.000000
    outer loop
      vertex 69.0000 14.0000 2.4000
      vertex 68.7500 13.0000 2.4000
      vertex 70.0000 12.2500 2.4000
    endloop
  endfacet
  facet normal 0.000000 0.000000 -1.000000
    outer loop
      vertex 70.0000 12.2500 3.2000
      vertex 69.2500 12.2500 3.2000
      vertex 68.7500 13.0000 3.2000
    endloop
  endfacet
  facet normal 0.000000 0.000000 1.000000
    outer loop
      vertex 68.7500 13.0000 2.4000
      vertex 69.2500 12.2500 2.4000
      vertex 70.0000 12.2500 2.4000
    endloop
  endfacet
  facet normal 0.000000 0.000000 -1.000000
    outer loop
      vertex 69.2500 12.2500 3.2000
      vertex 68.7500 12.7500 3.2000
      vertex 68.7500 13.0000 3.2000
    endloop
  endfacet
  facet normal 0.000000 0.000000 1.000000
    outer loop
      vertex 68.7500 13.0000 2.4000
      vertex 68.7500 12.7500 2.4000
      vertex 69.2500 12.2500 2.4000
    endloop
  endfacet
  facet normal 0.000000 0.000000 -1.000000
    outer loop
      vertex 67.0000 12.2500 3.2000
      vertex 66.5000 12.2500 3.2000
      vertex 67.0000 14.7500 3.2000
    endloop
  endfacet
  facet normal 0.000000 0.000000 1.000000
    outer loop
      vertex 67.0000 14.7500 2.4000
      vertex 66.5000 12.2500 2.4000
      vertex 67.0000 12.2500 2.4000
    endloop
  endfacet
  facet normal 0.000000 0.000000 -1.000000
    outer loop
      vertex 67.2500 15.0000 3.2000
      vertex 68.2500 15.0000 3.2000
      vertex 68.0000 14.2500 3.2000
    endloop
  endfacet
  facet normal 0.000000 -0.000000 1.000000
    outer loop
      vertex 68.0000 14.2500 2.4000
      vertex 68.2500 15.0000 2.4000
      vertex 67.2500 15.0000 2.4000
    endloop
  endfacet
  facet normal 0.000000 0.000000 -1.000000
    outer loop
      vertex 67.2500 15.0000 3.2000
      vertex 68.2500 15.2500 3.2000
      vertex 68.2500 15.0000 3.2000
    endloop
  endfacet
  facet normal 0.000000 -0.000000 1.000000
    outer loop
      vertex 68.2500 15.0000 2.4000
      vertex 68.2500 15.2500 2.4000
      vertex 67.2500 15.0000 2.4000
    endloop
  endfacet
  facet normal 0.000000 0.000000 -1.000000
    outer loop
      vertex 67.2500 15.0000 3.2000
      vertex 67.7500 15.7500 3.2000
      vertex 68.2500 15.2500 3.2000
    endloop
  endfacet
  facet normal 0.000000 0.000000 1.000000
    outer loop
      vertex 68.2500 15.2500 2.4000
      vertex 67.7500 15.7500 2.4000
      vertex 67.2500 15.0000 2.4000
    endloop
  endfacet
  facet normal 0.000000 0.000000 -1.000000
    outer loop
      vertex 67.2500 15.0000 3.2000
      vertex 67.2500 16.5000 3.2000
      vertex 67.7500 15.7500 3.2000
    endloop
  endfacet
  facet normal 0.000000 0.000000 1.000000
    outer loop
      vertex 67.7500 15.7500 2.4000
      vertex 67.2500 16.5000 2.4000
      vertex 67.2500 15.0000 2.4000
    endloop
  endfacet
  facet normal 0.000000 0.000000 -1.000000
    outer loop
      vertex 67.2500 16.5000 3.2000
      vertex 67.7500 16.0000 3.2000
      vertex 67.7500 15.7500 3.2000
    endloop
  endfacet
  facet normal 0.000000 -0.000000 1.000000
    outer loop
      vertex 67.7500 15.7500 2.4000
      vertex 67.7500 16.0000 2.4000
      vertex 67.2500 16.5000 2.4000
    endloop
  endfacet
  facet normal -0.000000 0.000000 -1.000000
    outer loop
      vertex 68.5000 14.7500 3.2000
      vertex 68.0000 14.2500 3.2000
      vertex 68.2500 15.0000 3.2000
    endloop
  endfacet
  facet normal 0.000000 0.000000 1.000000
    outer loop
      vertex 68.2500 15.0000 2.4000
      vertex 68.0000 14.2500 2.4000
      vertex 68.5000 14.7500 2.4000
    endloop
  endfacet
  facet normal 0.000000 -0.000000 -1.000000
    outer loop
      vertex 68.5000 14.7500 3.2000
      vertex 68.5000 14.5000 3.2000
      vertex 68.0000 14.2500 3.2000
    endloop
  endfacet
  facet normal 0.000000 0.000000 1.000000
    outer loop
      vertex 68.0000 14.2500 2.4000
      vertex 68.5000 14.5000 2.4000
      vertex 68.5000 14.7500 2.4000
    endloop
  endfacet
  facet normal -0.000000 0.000000 -1.000000
    outer loop
      vertex 69.0000 14.0000 3.2000
      vertex 68.5000 13.5000 3.2000
      vertex 68.5000 14.5000 3.2000
    endloop
  endfacet
  facet normal 0.000000 0.000000 1.000000
    outer loop
      vertex 68.5000 14.5000 2.4000
      vertex 68.5000 13.5000 2.4000
      vertex 69.0000 14.0000 2.4000
    endloop
  endfacet
  facet normal 0.000000 0.000000 -1.000000
    outer loop
      vertex 69.0000 14.0000 3.2000
      vertex 68.7500 13.0000 3.2000
      vertex 68.5000 13.5000 3.2000
    endloop
  endfacet
  facet normal -0.000000 0.000000 1.000000
    outer loop
      vertex 68.5000 13.5000 2.4000
      vertex 68.7500 13.0000 2.4000
      vertex 69.0000 14.0000 2.4000
    endloop
  endfacet
  facet normal 0.000000 0.000000 -1.000000
    outer loop
      vertex 68.7500 13.0000 3.2000
      vertex 68.5000 13.2500 3.2000
      vertex 68.5000 13.5000 3.2000
    endloop
  endfacet
  facet normal 0.000000 0.000000 1.000000
    outer loop
      vertex 68.5000 13.5000 2.4000
      vertex 68.5000 13.2500 2.4000
      vertex 68.7500 13.0000 2.4000
    endloop
  endfacet
  facet normal 0.000000 0.000000 -1.000000
    outer loop
      vertex 68.0000 14.0000 3.2000
      vertex 68.5000 14.5000 3.2000
      vertex 68.5000 13.5000 3.2000
    endloop
  endfacet
  facet normal 0.000000 -0.000000 1.000000
    outer loop
      vertex 68.5000 13.5000 2.4000
      vertex 68.5000 14.5000 2.4000
      vertex 68.0000 14.0000 2.4000
    endloop
  endfacet
  facet normal 0.000000 0.000000 -1.000000
    outer loop
      vertex 68.0000 14.0000 3.2000
      vertex 68.0000 14.2500 3.2000
      vertex 68.5000 14.5000 3.2000
    endloop
  endfacet
  facet normal 0.000000 0.000000 1.000000
    outer loop
      vertex 68.5000 14.5000 2.4000
      vertex 68.0000 14.2500 2.4000
      vertex 68.0000 14.0000 2.4000
    endloop
  endfacet
  facet normal -1.000000 0.000000 0.000000
    outer loop
      vertex 66.5000 16.7500 2.4000
      vertex 66.5000 12.2500 2.4000
      vertex 66.5000 12.2500 3.2000
    endloop
  endfacet
  facet normal -1.000000 0.000000 0.000000
    outer loop
      vertex 66.5000 16.7500 2.4000
      vertex 66.5000 12.2500 3.2000
      vertex 66.5000 16.7500 3.2000
    endloop
  endfacet
  facet normal 0.000000 -1.000000 0.000000
    outer loop
      vertex 66.5000 12.2500 2.4000
      vertex 67.0000 12.2500 2.4000
      vertex 67.0000 12.2500 3.2000
    endloop
  endfacet
  facet normal 0.000000 -1.000000 0.000000
    outer loop
      vertex 66.5000 12.2500 2.4000
      vertex 67.0000 12.2500 3.2000
      vertex 66.5000 12.2500 3.2000
    endloop
  endfacet
  facet normal 1.000000 0.000000 0.000000
    outer loop
      vertex 67.0000 12.2500 2.4000
      vertex 67.0000 14.7500 2.4000
      vertex 67.0000 14.7500 3.2000
    endloop
  endfacet
  facet normal 1.000000 0.000000 0.000000
    outer loop
      vertex 67.0000 12.2500 2.4000
      vertex 67.0000 14.7500 3.2000
      vertex 67.0000 12.2500 3.2000
    endloop
  endfacet
  facet normal 0.707107 -0.707107 0.000000
    outer loop
      vertex 67.0000 14.7500 2.4000
      vertex 67.2500 15.0000 2.4000
      vertex 67.2500 15.0000 3.2000
    endloop
  endfacet
  facet normal 0.707107 -0.707107 0.000000
    outer loop
      vertex 67.0000 14.7500 2.4000
      vertex 67.2500 15.0000 3.2000
      vertex 67.0000 14.7500 3.2000
    endloop
  endfacet
  facet normal -0.707107 -0.707107 0.000000
    outer loop
      vertex 67.2500 15.0000 2.4000
      vertex 68.0000 14.2500 2.4000
      vertex 68.0000 14.2500 3.2000
    endloop
  endfacet
  facet normal -0.707107 -0.707107 0.000000
    outer loop
      vertex 67.2500 15.0000 2.4000
      vertex 68.0000 14.2500 3.2000
      vertex 67.2500 15.0000 3.2000
    endloop
  endfacet
  facet normal -1.000000 0.000000 0.000000
    outer loop
      vertex 68.0000 14.2500 2.4000
      vertex 68.0000 14.0000 2.4000
      vertex 68.0000 14.0000 3.2000
    endloop
  endfacet
  facet normal -1.000000 0.000000 0.000000
    outer loop
      vertex 68.0000 14.2500 2.4000
      vertex 68.0000 14.0000 3.2000
      vertex 68.0000 14.2500 3.2000
    endloop
  endfacet
  facet normal -0.707107 -0.707107 0.000000
    outer loop
      vertex 68.0000 14.0000 2.4000
      vertex 68.5000 13.5000 2.4000
      vertex 68.5000 13.5000 3.2000
    endloop
  endfacet
  facet normal -0.707107 -0.707107 0.000000
    outer loop
      vertex 68.0000 14.0000 2.4000
      vertex 68.5000 13.5000 3.2000
      vertex 68.0000 14.0000 3.2000
    endloop
  endfacet
  facet normal -1.000000 0.000000 0.000000
    outer loop
      vertex 68.5000 13.5000 2.4000
      vertex 68.5000 13.2500 2.4000
      vertex 68.5000 13.2500 3.2000
    endloop
  endfacet
  facet normal -1.000000 0.000000 0.000000
    outer loop
      vertex 68.5000 13.5000 2.4000
      vertex 68.5000 13.2500 3.2000
      vertex 68.5000 13.5000 3.2000
    endloop
  endfacet
  facet normal -0.707107 -0.707107 0.000000
    outer loop
      vertex 68.5000 13.2500 2.4000
      vertex 68.7500 13.0000 2.4000
      vertex 68.7500 13.0000 3.2000
    endloop
  endfacet
  facet normal -0.707107 -0.707107 0.000000
    outer loop
      vertex 68.5000 13.2500 2.4000
      vertex 68.7500 13.0000 3.2000
      vertex 68.5000 13.2500 3.2000
    endloop
  endfacet
  facet normal -1.000000 0.000000 0.000000
    outer loop
      vertex 68.7500 13.0000 2.4000
      vertex 68.7500 12.7500 2.4000
      vertex 68.7500 12.7500 3.2000
    endloop
  endfacet
  facet normal -1.000000 0.000000 0.000000
    outer loop
      vertex 68.7500 13.0000 2.4000
      vertex 68.7500 12.7500 3.2000
      vertex 68.7500 13.0000 3.2000
    endloop
  endfacet
  facet normal -0.707107 -0.707107 0.000000
    outer loop
      vertex 68.7500 12.7500 2.4000
      vertex 69.2500 12.2500 2.4000
      vertex 69.2500 12.2500 3.2000
    endloop
  endfacet
  facet normal -0.707107 -0.707107 0.000000
    outer loop
      vertex 68.7500 12.7500 2.4000
      vertex 69.2500 12.2500 3.2000
      vertex 68.7500 12.7500 3.2000
    endloop
  endfacet
  facet normal 0.000000 -1.000000 0.000000
    outer loop
      vertex 69.2500 12.2500 2.4000
      vertex 70.0000 12.2500 2.4000
      vertex 70.0000 12.2500 3.2000
    endloop
  endfacet
  facet normal 0.000000 -1.000000 0.000000
    outer loop
      vertex 69.2500 12.2500 2.4000
      vertex 70.0000 12.2500 3.2000
      vertex 69.2500 12.2500 3.2000
    endloop
  endfacet
  facet normal 1.000000 0.000000 0.000000
    outer loop
      vertex 70.0000 12.2500 2.4000
      vertex 70.0000 16.7500 2.4000
      vertex 70.0000 16.7500 3.2000
    endloop
  endfacet
  facet normal 1.000000 0.000000 0.000000
    outer loop
      vertex 70.0000 12.2500 2.4000
      vertex 70.0000 16.7500 3.2000
      vertex 70.0000 12.2500 3.2000
    endloop
  endfacet
  facet normal 0.000000 1.000000 0.000000
    outer loop
      vertex 70.0000 16.7500 2.4000
      vertex 69.2500 16.7500 2.4000
      vertex 69.2500 16.7500 3.2000
    endloop
  endfacet
  facet normal 0.000000 1.000000 -0.000000
    outer loop
      vertex 70.0000 16.7500 2.4000
      vertex 69.2500 16.7500 3.2000
      vertex 70.0000 16.7500 3.2000
    endloop
  endfacet
  facet normal -1.000000 0.000000 0.000000
    outer loop
      vertex 69.2500 16.7500 2.4000
      vertex 69.2500 14.2500 2.4000
      vertex 69.2500 14.2500 3.2000
    endloop
  endfacet
  facet normal -1.000000 0.000000 0.000000
    outer loop
      vertex 69.2500 16.7500 2.4000
      vertex 69.2500 14.2500 3.2000
      vertex 69.2500 16.7500 3.2000
    endloop
  endfacet
  facet normal -0.707107 0.707107 0.000000
    outer loop
      vertex 69.2500 14.2500 2.4000
      vertex 69.0000 14.0000 2.4000
      vertex 69.0000 14.0000 3.2000
    endloop
  endfacet
  facet normal -0.707107 0.707107 0.000000
    outer loop
      vertex 69.2500 14.2500 2.4000
      vertex 69.0000 14.0000 3.2000
      vertex 69.2500 14.2500 3.2000
    endloop
  endfacet
  facet normal 0.707107 0.707107 0.000000
    outer loop
      vertex 69.0000 14.0000 2.4000
      vertex 68.5000 14.5000 2.4000
      vertex 68.5000 14.5000 3.2000
    endloop
  endfacet
  facet normal 0.707107 0.707107 -0.000000
    outer loop
      vertex 69.0000 14.0000 2.4000
      vertex 68.5000 14.5000 3.2000
      vertex 69.0000 14.0000 3.2000
    endloop
  endfacet
  facet normal 1.000000 0.000000 0.000000
    outer loop
      vertex 68.5000 14.5000 2.4000
      vertex 68.5000 14.7500 2.4000
      vertex 68.5000 14.7500 3.2000
    endloop
  endfacet
  facet normal 1.000000 0.000000 0.000000
    outer loop
      vertex 68.5000 14.5000 2.4000
      vertex 68.5000 14.7500 3.2000
      vertex 68.5000 14.5000 3.2000
    endloop
  endfacet
  facet normal 0.707107 0.707107 0.000000
    outer loop
      vertex 68.5000 14.7500 2.4000
      vertex 68.2500 15.0000 2.4000
      vertex 68.2500 15.0000 3.2000
    endloop
  endfacet
  facet normal 0.707107 0.707107 -0.000000
    outer loop
      vertex 68.5000 14.7500 2.4000
      vertex 68.2500 15.0000 3.2000
      vertex 68.5000 14.7500 3.2000
    endloop
  endfacet
  facet normal 1.000000 0.000000 0.000000
    outer loop
      vertex 68.2500 15.0000 2.4000
      vertex 68.2500 15.2500 2.4000
      vertex 68.2500 15.2500 3.2000
    endloop
  endfacet
  facet normal 1.000000 0.000000 0.000000
    outer loop
      vertex 68.2500 15.0000 2.4000
      vertex 68.2500 15.2500 3.2000
      vertex 68.2500 15.0000 3.2000
    endloop
  endfacet
  facet normal 0.707107 0.707107 0.000000
    outer loop
      vertex 68.2500 15.2500 2.4000
      vertex 67.7500 15.7500 2.4000
      vertex 67.7500 15.7500 3.2000
    endloop
  endfacet
  facet normal 0.707107 0.707107 -0.000000
    outer loop
      vertex 68.2500 15.2500 2.4000
      vertex 67.7500 15.7500 3.2000
      vertex 68.2500 15.2500 3.2000
    endloop
  endfacet
  facet normal 1.000000 0.000000 0.000000
    outer loop
      vertex 67.7500 15.7500 2.4000
      vertex 67.7500 16.0000 2.4000
      vertex 67.7500 16.0000 3.2000
    endloop
  endfacet
  facet normal 1.000000 0.000000 0.000000
    outer loop
      vertex 67.7500 15.7500 2.4000
      vertex 67.7500 16.0000 3.2000
      vertex 67.7500 15.7500 3.2000
    endloop
  endfacet
  facet normal 0.707107 0.707107 0.000000
    outer loop
      vertex 67.7500 16.0000 2.4000
      vertex 67.2500 16.5000 2.4000
      vertex 67.2500 16.5000 3.2000
    endloop
  endfacet
  facet normal 0.707107 0.707107 -0.000000
    outer loop
      vertex 67.7500 16.0000 2.4000
      vertex 67.2500 16.5000 3.2000
      vertex 67.7500 16.0000 3.2000
    endloop
  endfacet
  facet normal 1.000000 0.000000 0.000000
    outer loop
      vertex 67.2500 16.5000 2.4000
      vertex 67.2500 16.7500 2.4000
      vertex 67.2500 16.7500 3.2000
    endloop
  endfacet
  facet normal 1.000000 0.000000 0.000000
    outer loop
      vertex 67.2500 16.5000 2.4000
      vertex 67.2500 16.7500 3.2000
      vertex 67.2500 16.5000 3.2000
    endloop
  endfacet
  facet normal 0.000000 1.000000 0.000000
    outer loop
      vertex 67.2500 16.7500 2.4000
      vertex 66.5000 16.7500 2.4000
      vertex 66.5000 16.7500 3.2000
    endloop
  endfacet
  facet normal 0.000000 1.000000 -0.000000
    outer loop
      vertex 67.2500 16.7500 2.4000
      vertex 66.5000 16.7500 3.2000
      vertex 67.2500 16.7500 3.2000
    endloop
  endfacet
  facet normal 0.000000 0.000000 -1.000000
    outer loop
      vertex 64.7500 16.7500 3.2000
      vertex 65.2500 12.2500 3.2000
      vertex 64.7500 12.2500 3.2000
    endloop
  endfacet
  facet normal 0.000000 0.000000 1.000000
    outer loop
      vertex 64.7500 12.2500 2.4000
      vertex 65.2500 12.2500 2.4000
      vertex 64.7500 16.7500 2.4000
    endloop
  endfacet
  facet normal 0.000000 0.000000 -1.000000
    outer loop
      vertex 64.7500 16.7500 3.2000
      vertex 65.2500 16.7500 3.2000
      vertex 65.2500 12.2500 3.2000
    endloop
  endfacet
  facet normal 0.000000 -0.000000 1.000000
    outer loop
      vertex 65.2500 12.2500 2.4000
      vertex 65.2500 16.7500 2.4000
      vertex 64.7500 16.7500 2.4000
    endloop
  endfacet
  facet normal -1.000000 0.000000 0.000000
    outer loop
      vertex 64.7500 16.7500 2.4000
      vertex 64.7500 12.2500 2.4000
      vertex 64.7500 12.2500 3.2000
    endloop
  endfacet
  facet normal -1.000000 0.000000 0.000000
    outer loop
      vertex 64.7500 16.7500 2.4000
      vertex 64.7500 12.2500 3.2000
      vertex 64.7500 16.7500 3.2000
    endloop
  endfacet
  facet normal 0.000000 -1.000000 0.000000
    outer loop
      vertex 64.7500 12.2500 2.4000
      vertex 65.2500 12.2500 2.4000
      vertex 65.2500 12.2500 3.2000
    endloop
  endfacet
  facet normal 0.000000 -1.000000 0.000000
    outer loop
      vertex 64.7500 12.2500 2.4000
      vertex 65.2500 12.2500 3.2000
      vertex 64.7500 12.2500 3.2000
    endloop
  endfacet
  facet normal 1.000000 0.000000 0.000000
    outer loop
      vertex 65.2500 12.2500 2.4000
      vertex 65.2500 16.7500 2.4000
      vertex 65.2500 16.7500 3.2000
    endloop
  endfacet
  facet normal 1.000000 0.000000 0.000000
    outer loop
      vertex 65.2500 12.2500 2.4000
      vertex 65.2500 16.7500 3.2000
      vertex 65.2500 12.2500 3.2000
    endloop
  endfacet
  facet normal 0.000000 1.000000 0.000000
    outer loop
      vertex 65.2500 16.7500 2.4000
      vertex 64.7500 16.7500 2.4000
      vertex 64.7500 16.7500 3.2000
    endloop
  endfacet
  facet normal 0.000000 1.000000 -0.000000
    outer loop
      vertex 65.2500 16.7500 2.4000
      vertex 64.7500 16.7500 3.2000
      vertex 65.2500 16.7500 3.2000
    endloop
  endfacet
  facet normal 0.000000 0.000000 -1.000000
    outer loop
      vertex 60.0000 16.7500 3.2000
      vertex 60.7500 15.0000 3.2000
      vertex 60.0000 12.2500 3.2000
    endloop
  endfacet
  facet normal 0.000000 0.000000 1.000000
    outer loop
      vertex 60.0000 12.2500 2.4000
      vertex 60.7500 15.0000 2.4000
      vertex 60.0000 16.7500 2.4000
    endloop
  endfacet
  facet normal 0.000000 0.000000 -1.000000
    outer loop
      vertex 60.0000 16.7500 3.2000
      vertex 60.7500 15.7500 3.2000
      vertex 60.7500 15.0000 3.2000
    endloop
  endfacet
  facet normal 0.000000 -0.000000 1.000000
    outer loop
      vertex 60.7500 15.0000 2.4000
      vertex 60.7500 15.7500 2.4000
      vertex 60.0000 16.7500 2.4000
    endloop
  endfacet
  facet normal 0.000000 0.000000 -1.000000
    outer loop
      vertex 60.0000 16.7500 3.2000
      vertex 61.0000 16.0000 3.2000
      vertex 60.7500 15.7500 3.2000
    endloop
  endfacet
  facet normal 0.000000 -0.000000 1.000000
    outer loop
      vertex 60.7500 15.7500 2.4000
      vertex 61.0000 16.0000 2.4000
      vertex 60.0000 16.7500 2.4000
    endloop
  endfacet
  facet normal 0.000000 0.000000 -1.000000
    outer loop
      vertex 60.0000 16.7500 3.2000
      vertex 62.7500 16.7500 3.2000
      vertex 61.0000 16.0000 3.2000
    endloop
  endfacet
  facet normal 0.000000 -0.000000 1.000000
    outer loop
      vertex 61.0000 16.0000 2.4000
      vertex 62.7500 16.7500 2.4000
      vertex 60.0000 16.7500 2.4000
    endloop
  endfacet
  facet normal 0.000000 0.000000 -1.000000
    outer loop
      vertex 62.7500 16.7500 3.2000
      vertex 62.5000 16.0000 3.2000
      vertex 61.0000 16.0000 3.2000
    endloop
  endfacet
  facet normal 0.000000 0.000000 1.000000
    outer loop
      vertex 61.0000 16.0000 2.4000
      vertex 62.5000 16.0000 2.4000
      vertex 62.7500 16.7500 2.4000
    endloop
  endfacet
  facet normal 0.000000 -0.000000 -1.000000
    outer loop
      vertex 62.7500 16.7500 3.2000
      vertex 62.7500 15.7500 3.2000
      vertex 62.5000 16.0000 3.2000
    endloop
  endfacet
  facet normal -0.000000 0.000000 1.000000
    outer loop
      vertex 62.5000 16.0000 2.4000
      vertex 62.7500 15.7500 2.4000
      vertex 62.7500 16.7500 2.4000
    endloop
  endfacet
  facet normal 0.000000 0.000000 -1.000000
    outer loop
      vertex 62.7500 16.7500 3.2000
      vertex 63.5000 16.0000 3.2000
      vertex 62.7500 15.7500 3.2000
    endloop
  endfacet
  facet normal 0.000000 0.000000 1.000000
    outer loop
      vertex 62.7500 15.7500 2.4000
      vertex 63.5000 16.0000 2.4000
      vertex 62.7500 16.7500 2.4000
    endloop
  endfacet
  facet normal 0.000000 -0.000000 -1.000000
    outer loop
      vertex 63.5000 16.0000 3.2000
      vertex 63.5000 15.0000 3.2000
      vertex 62.7500 15.7500 3.2000
    endloop
  endfacet
  facet normal -0.000000 0.000000 1.000000
    outer loop
      vertex 62.7500 15.7500 2.4000
      vertex 63.5000 15.0000 2.4000
      vertex 63.5000 16.0000 2.4000
    endloop
  endfacet
  facet normal 0.000000 0.000000 -1.000000
    outer loop
      vertex 63.7500 12.5000 3.2000
      vertex 62.7500 12.7500 3.2000
      vertex 63.0000 13.2500 3.2000
    endloop
  endfacet
  facet normal 0.000000 0.000000 1.000000
    outer loop
      vertex 63.0000 13.2500 2.4000
      vertex 62.7500 12.7500 2.4000
      vertex 63.7500 12.5000 2.4000
    endloop
  endfacet
  facet normal -0.000000 0.000000 -1.000000
    outer loop
      vertex 63.7500 12.5000 3.2000
      vertex 63.0000 12.2500 3.2000
      vertex 62.7500 12.7500 3.2000
    endloop
  endfacet
  facet normal 0.000000 0.000000 1.000000
    outer loop
      vertex 62.7500 12.7500 2.4000
      vertex 63.0000 12.2500 2.4000
      vertex 63.7500 12.5000 2.4000
    endloop
  endfacet
  facet normal 0.000000 -0.000000 -1.000000
    outer loop
      vertex 63.7500 12.5000 3.2000
      vertex 63.7500 12.2500 3.2000
      vertex 63.0000 12.2500 3.2000
    endloop
  endfacet
  facet normal 0.000000 0.000000 1.000000
    outer loop
      vertex 63.0000 12.2500 2.4000
      vertex 63.7500 12.2500 2.4000
      vertex 63.7500 12.5000 2.4000
    endloop
  endfacet
  facet normal 0.000000 0.000000 -1.000000
    outer loop
      vertex 63.0000 12.2500 3.2000
      vertex 62.7500 12.5000 3.2000
      vertex 62.7500 12.7500 3.2000
    endloop
  endfacet
  facet normal 0.000000 0.000000 1.000000
    outer loop
      vertex 62.7500 12.7500 2.4000
      vertex 62.7500 12.5000 2.4000
      vertex 63.0000 12.2500 2.4000
    endloop
  endfacet
  facet normal 0.000000 0.000000 -1.000000
    outer loop
      vertex 60.7500 12.2500 3.2000
      vertex 60.0000 12.2500 3.2000
      vertex 60.7500 13.7500 3.2000
    endloop
  endfacet
  facet normal 0.000000 0.000000 1.000000
    outer loop
      vertex 60.7500 13.7500 2.4000
      vertex 60.0000 12.2500 2.4000
      vertex 60.7500 12.2500 2.4000
    endloop
  endfacet
  facet normal 0.000000 0.000000 -1.000000
    outer loop
      vertex 60.0000 12.2500 3.2000
      vertex 60.7500 15.0000 3.2000
      vertex 60.7500 13.7500 3.2000
    endloop
  endfacet
  facet normal 0.000000 -0.000000 1.000000
    outer loop
      vertex 60.7500 13.7500 2.4000
      vertex 60.7500 15.0000 2.4000
      vertex 60.0000 12.2500 2.4000
    endloop
  endfacet
  facet normal 0.000000 0.000000 -1.000000
    outer loop
      vertex 60.7500 15.0000 3.2000
      vertex 61.0000 14.0000 3.2000
      vertex 60.7500 13.7500 3.2000
    endloop
  endfacet
  facet normal 0.000000 0.000000 1.000000
    outer loop
      vertex 60.7500 13.7500 2.4000
      vertex 61.0000 14.0000 2.4000
      vertex 60.7500 15.0000 2.4000
    endloop
  endfacet
  facet normal 0.000000 0.000000 -1.000000
    outer loop
      vertex 60.7500 15.0000 3.2000
      vertex 61.0000 14.7500 3.2000
      vertex 61.0000 14.0000 3.2000
    endloop
  endfacet
  facet normal 0.000000 -0.000000 1.000000
    outer loop
      vertex 61.0000 14.0000 2.4000
      vertex 61.0000 14.7500 2.4000
      vertex 60.7500 15.0000 2.4000
    endloop
  endfacet
  facet normal 0.000000 0.000000 -1.000000
    outer loop
      vertex 62.7500 15.7500 3.2000
      vertex 63.5000 15.0000 3.2000
      vertex 62.7500 15.0000 3.2000
    endloop
  endfacet
  facet normal 0.000000 0.000000 1.000000
    outer loop
      vertex 62.7500 15.0000 2.4000
      vertex 63.5000 15.0000 2.4000
      vertex 62.7500 15.7500 2.4000
    endloop
  endfacet
  facet normal -0.000000 0.000000 -1.000000
    outer loop
      vertex 63.5000 15.0000 3.2000
      vertex 63.2500 14.7500 3.2000
      vertex 62.7500 15.0000 3.2000
    endloop
  endfacet
  facet normal -0.000000 0.000000 1.000000
    outer loop
      vertex 62.7500 15.0000 2.4000
      vertex 63.2500 14.7500 2.4000
      vertex 63.5000 15.0000 2.4000
    endloop
  endfacet
  facet normal 0.000000 0.000000 -1.000000
    outer loop
      vertex 63.2500 14.5000 3.2000
      vertex 62.5000 14.7500 3.2000
      vertex 63.2500 14.7500 3.2000
    endloop
  endfacet
  facet normal 0.000000 0.000000 1.000000
    outer loop
      vertex 63.2500 14.7500 2.4000
      vertex 62.5000 14.7500 2.4000
      vertex 63.2500 14.5000 2.4000
    endloop
  endfacet
  facet normal -0.000000 0.000000 -1.000000
    outer loop
      vertex 63.2500 14.5000 3.2000
      vertex 62.7500 14.2500 3.2000
      vertex 62.5000 14.7500 3.2000
    endloop
  endfacet
  facet normal 0.000000 0.000000 1.000000
    outer loop
      vertex 62.5000 14.7500 2.4000
      vertex 62.7500 14.2500 2.4000
      vertex 63.2500 14.5000 2.4000
    endloop
  endfacet
  facet normal 0.000000 0.000000 -1.000000
    outer loop
      vertex 63.2500 14.5000 3.2000
      vertex 63.0000 14.2500 3.2000
      vertex 62.7500 14.2500 3.2000
    endloop
  endfacet
  facet normal 0.000000 0.000000 1.000000
    outer loop
      vertex 62.7500 14.2500 2.4000
      vertex 63.0000 14.2500 2.4000
      vertex 63.2500 14.5000 2.4000
    endloop
  endfacet
  facet normal -0.000000 -0.000000 -1.000000
    outer loop
      vertex 63.0000 13.5000 3.2000
      vertex 63.0000 13.2500 3.2000
      vertex 62.5000 14.0000 3.2000
    endloop
  endfacet
  facet normal 0.000000 0.000000 1.000000
    outer loop
      vertex 62.5000 14.0000 2.4000
      vertex 63.0000 13.2500 2.4000
      vertex 63.0000 13.5000 2.4000
    endloop
  endfacet
  facet normal -0.000000 0.000000 -1.000000
    outer loop
      vertex 63.0000 13.2500 3.2000
      vertex 62.7500 12.7500 3.2000
      vertex 62.5000 14.0000 3.2000
    endloop
  endfacet
  facet normal 0.000000 0.000000 1.000000
    outer loop
      vertex 62.5000 14.0000 2.4000
      vertex 62.7500 12.7500 2.4000
      vertex 63.0000 13.2500 2.4000
    endloop
  endfacet
  facet normal 0.000000 0.000000 -1.000000
    outer loop
      vertex 62.7500 12.7500 3.2000
      vertex 61.5000 14.0000 3.2000
      vertex 62.5000 14.0000 3.2000
    endloop
  endfacet
  facet normal 0.000000 0.000000 1.000000
    outer loop
      vertex 62.5000 14.0000 2.4000
      vertex 61.5000 14.0000 2.4000
      vertex 62.7500 12.7500 2.4000
    endloop
  endfacet
  facet normal 0.000000 0.000000 -1.000000
    outer loop
      vertex 61.5000 14.0000 3.2000
      vertex 62.5000 14.7500 3.2000
      vertex 62.5000 14.0000 3.2000
    endloop
  endfacet
  facet normal 0.000000 -0.000000 1.000000
    outer loop
      vertex 62.5000 14.0000 2.4000
      vertex 62.5000 14.7500 2.4000
      vertex 61.5000 14.0000 2.4000
    endloop
  endfacet
  facet normal 0.000000 0.000000 -1.000000
    outer loop
      vertex 61.5000 14.0000 3.2000
      vertex 61.0000 14.7500 3.2000
      vertex 62.5000 14.7500 3.2000
    endloop
  endfacet
  facet normal 0.000000 0.000000 1.000000
    outer loop
      vertex 62.5000 14.7500 2.4000
      vertex 61.0000 14.7500 2.4000
      vertex 61.5000 14.0000 2.4000
    endloop
  endfacet
  facet normal 0.000000 0.000000 -1.000000
    outer loop
      vertex 61.5000 14.0000 3.2000
      vertex 61.0000 14.0000 3.2000
      vertex 61.0000 14.7500 3.2000
    endloop
  endfacet
  facet normal 0.000000 0.000000 1.000000
    outer loop
      vertex 61.0000 14.7500 2.4000
      vertex 61.0000 14.0000 2.4000
      vertex 61.5000 14.0000 2.4000
    endloop
  endfacet
  facet normal 0.000000 0.000000 -1.000000
    outer loop
      vertex 62.5000 14.7500 3.2000
      vertex 62.7500 14.2500 3.2000
      vertex 62.5000 14.0000 3.2000
    endloop
  endfacet
  facet normal 0.000000 0.000000 1.000000
    outer loop
      vertex 62.5000 14.0000 2.4000
      vertex 62.7500 14.2500 2.4000
      vertex 62.5000 14.7500 2.4000
    endloop
  endfacet
  facet normal 0.000000 0.000000 -1.000000
    outer loop
      vertex 62.5000 14.7500 3.2000
      vertex 62.7500 15.0000 3.2000
      vertex 63.2500 14.7500 3.2000
    endloop
  endfacet
  facet normal 0.000000 0.000000 1.000000
    outer loop
      vertex 63.2500 14.7500 2.4000
      vertex 62.7500 15.0000 2.4000
      vertex 62.5000 14.7500 2.4000
    endloop
  endfacet
  facet normal -1.000000 0.000000 0.000000
    outer loop
      vertex 60.0000 16.7500 2.4000
      vertex 60.0000 12.2500 2.4000
      vertex 60.0000 12.2500 3.2000
    endloop
  endfacet
  facet normal -1.000000 0.000000 0.000000
    outer loop
      vertex 60.0000 16.7500 2.4000
      vertex 60.0000 12.2500 3.2000
      vertex 60.0000 16.7500 3.2000
    endloop
  endfacet
  facet normal 0.000000 -1.000000 0.000000
    outer loop
      vertex 60.0000 12.2500 2.4000
      vertex 60.7500 12.2500 2.4000
      vertex 60.7500 12.2500 3.2000
    endloop
  endfacet
  facet normal 0.000000 -1.000000 0.000000
    outer loop
      vertex 60.0000 12.2500 2.4000
      vertex 60.7500 12.2500 3.2000
      vertex 60.0000 12.2500 3.2000
    endloop
  endfacet
  facet normal 1.000000 0.000000 0.000000
    outer loop
      vertex 60.7500 12.2500 2.4000
      vertex 60.7500 13.7500 2.4000
      vertex 60.7500 13.7500 3.2000
    endloop
  endfacet
  facet normal 1.000000 0.000000 0.000000
    outer loop
      vertex 60.7500 12.2500 2.4000
      vertex 60.7500 13.7500 3.2000
      vertex 60.7500 12.2500 3.2000
    endloop
  endfacet
  facet normal 0.707107 -0.707107 0.000000
    outer loop
      vertex 60.7500 13.7500 2.4000
      vertex 61.0000 14.0000 2.4000
      vertex 61.0000 14.0000 3.2000
    endloop
  endfacet
  facet normal 0.707107 -0.707107 0.000000
    outer loop
      vertex 60.7500 13.7500 2.4000
      vertex 61.0000 14.0000 3.2000
      vertex 60.7500 13.7500 3.2000
    endloop
  endfacet
  facet normal 0.000000 -1.000000 0.000000
    outer loop
      vertex 61.0000 14.0000 2.4000
      vertex 61.5000 14.0000 2.4000
      vertex 61.5000 14.0000 3.2000
    endloop
  endfacet
  facet normal 0.000000 -1.000000 0.000000
    outer loop
      vertex 61.0000 14.0000 2.4000
      vertex 61.5000 14.0000 3.2000
      vertex 61.0000 14.0000 3.2000
    endloop
  endfacet
  facet normal -0.707107 -0.707107 0.000000
    outer loop
      vertex 61.5000 14.0000 2.4000
      vertex 62.7500 12.7500 2.4000
      vertex 62.7500 12.7500 3.2000
    endloop
  endfacet
  facet normal -0.707107 -0.707107 0.000000
    outer loop
      vertex 61.5000 14.0000 2.4000
      vertex 62.7500 12.7500 3.2000
      vertex 61.5000 14.0000 3.2000
    endloop
  endfacet
  facet normal -1.000000 0.000000 0.000000
    outer loop
      vertex 62.7500 12.7500 2.4000
      vertex 62.7500 12.5000 2.4000
      vertex 62.7500 12.5000 3.2000
    endloop
  endfacet
  facet normal -1.000000 0.000000 0.000000
    outer loop
      vertex 62.7500 12.7500 2.4000
      vertex 62.7500 12.5000 3.2000
      vertex 62.7500 12.7500 3.2000
    endloop
  endfacet
  facet normal -0.707107 -0.707107 0.000000
    outer loop
      vertex 62.7500 12.5000 2.4000
      vertex 63.0000 12.2500 2.4000
      vertex 63.0000 12.2500 3.2000
    endloop
  endfacet
  facet normal -0.707107 -0.707107 0.000000
    outer loop
      vertex 62.7500 12.5000 2.4000
      vertex 63.0000 12.2500 3.2000
      vertex 62.7500 12.5000 3.2000
    endloop
  endfacet
  facet normal 0.000000 -1.000000 0.000000
    outer loop
      vertex 63.0000 12.2500 2.4000
      vertex 63.7500 12.2500 2.4000
      vertex 63.7500 12.2500 3.2000
    endloop
  endfacet
  facet normal 0.000000 -1.000000 0.000000
    outer loop
      vertex 63.0000 12.2500 2.4000
      vertex 63.7500 12.2500 3.2000
      vertex 63.0000 12.2500 3.2000
    endloop
  endfacet
  facet normal 1.000000 0.000000 0.000000
    outer loop
      vertex 63.7500 12.2500 2.4000
      vertex 63.7500 12.5000 2.4000
      vertex 63.7500 12.5000 3.2000
    endloop
  endfacet
  facet normal 1.000000 0.000000 0.000000
    outer loop
      vertex 63.7500 12.2500 2.4000
      vertex 63.7500 12.5000 3.2000
      vertex 63.7500 12.2500 3.2000
    endloop
  endfacet
  facet normal 0.707107 0.707107 0.000000
    outer loop
      vertex 63.7500 12.5000 2.4000
      vertex 63.0000 13.2500 2.4000
      vertex 63.0000 13.2500 3.2000
    endloop
  endfacet
  facet normal 0.707107 0.707107 -0.000000
    outer loop
      vertex 63.7500 12.5000 2.4000
      vertex 63.0000 13.2500 3.2000
      vertex 63.7500 12.5000 3.2000
    endloop
  endfacet
  facet normal 1.000000 0.000000 0.000000
    outer loop
      vertex 63.0000 13.2500 2.4000
      vertex 63.0000 13.5000 2.4000
      vertex 63.0000 13.5000 3.2000
    endloop
  endfacet
  facet normal 1.000000 0.000000 0.000000
    outer loop
      vertex 63.0000 13.2500 2.4000
      vertex 63.0000 13.5000 3.2000
      vertex 63.0000 13.2500 3.2000
    endloop
  endfacet
  facet normal 0.707107 0.707107 0.000000
    outer loop
      vertex 63.0000 13.5000 2.4000
      vertex 62.5000 14.0000 2.4000
      vertex 62.5000 14.0000 3.2000
    endloop
  endfacet
  facet normal 0.707107 0.707107 -0.000000
    outer loop
      vertex 63.0000 13.5000 2.4000
      vertex 62.5000 14.0000 3.2000
      vertex 63.0000 13.5000 3.2000
    endloop
  endfacet
  facet normal 0.707107 -0.707107 0.000000
    outer loop
      vertex 62.5000 14.0000 2.4000
      vertex 62.7500 14.2500 2.4000
      vertex 62.7500 14.2500 3.2000
    endloop
  endfacet
  facet normal 0.707107 -0.707107 0.000000
    outer loop
      vertex 62.5000 14.0000 2.4000
      vertex 62.7500 14.2500 3.2000
      vertex 62.5000 14.0000 3.2000
    endloop
  endfacet
  facet normal 0.000000 -1.000000 0.000000
    outer loop
      vertex 62.7500 14.2500 2.4000
      vertex 63.0000 14.2500 2.4000
      vertex 63.0000 14.2500 3.2000
    endloop
  endfacet
  facet normal 0.000000 -1.000000 0.000000
    outer loop
      vertex 62.7500 14.2500 2.4000
      vertex 63.0000 14.2500 3.2000
      vertex 62.7500 14.2500 3.2000
    endloop
  endfacet
  facet normal 0.707107 -0.707107 0.000000
    outer loop
      vertex 63.0000 14.2500 2.4000
      vertex 63.2500 14.5000 2.4000
      vertex 63.2500 14.5000 3.2000
    endloop
  endfacet
  facet normal 0.707107 -0.707107 0.000000
    outer loop
      vertex 63.0000 14.2500 2.4000
      vertex 63.2500 14.5000 3.2000
      vertex 63.0000 14.2500 3.2000
    endloop
  endfacet
  facet normal 1.000000 0.000000 0.000000
    outer loop
      vertex 63.2500 14.5000 2.4000
      vertex 63.2500 14.7500 2.4000
      vertex 63.2500 14.7500 3.2000
    endloop
  endfacet
  facet normal 1.000000 0.000000 0.000000
    outer loop
      vertex 63.2500 14.5000 2.4000
      vertex 63.2500 14.7500 3.2000
      vertex 63.2500 14.5000 3.2000
    endloop
  endfacet
  facet normal 0.707107 -0.707107 0.000000
    outer loop
      vertex 63.2500 14.7500 2.4000
      vertex 63.5000 15.0000 2.4000
      vertex 63.5000 15.0000 3.2000
    endloop
  endfacet
  facet normal 0.707107 -0.707107 0.000000
    outer loop
      vertex 63.2500 14.7500 2.4000
      vertex 63.5000 15.0000 3.2000
      vertex 63.2500 14.7500 3.2000
    endloop
  endfacet
  facet normal 1.000000 0.000000 0.000000
    outer loop
      vertex 63.5000 15.0000 2.4000
      vertex 63.5000 16.0000 2.4000
      vertex 63.5000 16.0000 3.2000
    endloop
  endfacet
  facet normal 1.000000 0.000000 0.000000
    outer loop
      vertex 63.5000 15.0000 2.4000
      vertex 63.5000 16.0000 3.2000
      vertex 63.5000 15.0000 3.2000
    endloop
  endfacet
  facet normal 0.707107 0.707107 0.000000
    outer loop
      vertex 63.5000 16.0000 2.4000
      vertex 62.7500 16.7500 2.4000
      vertex 62.7500 16.7500 3.2000
    endloop
  endfacet
  facet normal 0.707107 0.707107 -0.000000
    outer loop
      vertex 63.5000 16.0000 2.4000
      vertex 62.7500 16.7500 3.2000
      vertex 63.5000 16.0000 3.2000
    endloop
  endfacet
  facet normal 0.000000 1.000000 0.000000
    outer loop
      vertex 62.7500 16.7500 2.4000
      vertex 60.0000 16.7500 2.4000
      vertex 60.0000 16.7500 3.2000
    endloop
  endfacet
  facet normal 0.000000 1.000000 -0.000000
    outer loop
      vertex 62.7500 16.7500 2.4000
      vertex 60.0000 16.7500 3.2000
      vertex 62.7500 16.7500 3.2000
    endloop
  endfacet
  facet normal 0.707107 -0.707107 0.000000
    outer loop
      vertex 60.7500 15.7500 2.4000
      vertex 61.0000 16.0000 2.4000
      vertex 61.0000 16.0000 3.2000
    endloop
  endfacet
  facet normal 0.707107 -0.707107 0.000000
    outer loop
      vertex 60.7500 15.7500 2.4000
      vertex 61.0000 16.0000 3.2000
      vertex 60.7500 15.7500 3.2000
    endloop
  endfacet
  facet normal 0.000000 -1.000000 0.000000
    outer loop
      vertex 61.0000 16.0000 2.4000
      vertex 62.5000 16.0000 2.4000
      vertex 62.5000 16.0000 3.2000
    endloop
  endfacet
  facet normal 0.000000 -1.000000 0.000000
    outer loop
      vertex 61.0000 16.0000 2.4000
      vertex 62.5000 16.0000 3.2000
      vertex 61.0000 16.0000 3.2000
    endloop
  endfacet
  facet normal -0.707107 -0.707107 0.000000
    outer loop
      vertex 62.5000 16.0000 2.4000
      vertex 62.7500 15.7500 2.4000
      vertex 62.7500 15.7500 3.2000
    endloop
  endfacet
  facet normal -0.707107 -0.707107 0.000000
    outer loop
      vertex 62.5000 16.0000 2.4000
      vertex 62.7500 15.7500 3.2000
      vertex 62.5000 16.0000 3.2000
    endloop
  endfacet
  facet normal -1.000000 0.000000 0.000000
    outer loop
      vertex 62.7500 15.7500 2.4000
      vertex 62.7500 15.0000 2.4000
      vertex 62.7500 15.0000 3.2000
    endloop
  endfacet
  facet normal -1.000000 0.000000 0.000000
    outer loop
      vertex 62.7500 15.7500 2.4000
      vertex 62.7500 15.0000 3.2000
      vertex 62.7500 15.7500 3.2000
    endloop
  endfacet
  facet normal -0.707107 0.707107 0.000000
    outer loop
      vertex 62.7500 15.0000 2.4000
      vertex 62.5000 14.7500 2.4000
      vertex 62.5000 14.7500 3.2000
    endloop
  endfacet
  facet normal -0.707107 0.707107 0.000000
    outer loop
      vertex 62.7500 15.0000 2.4000
      vertex 62.5000 14.7500 3.2000
      vertex 62.7500 15.0000 3.2000
    endloop
  endfacet
  facet normal 0.000000 1.000000 0.000000
    outer loop
      vertex 62.5000 14.7500 2.4000
      vertex 61.0000 14.7500 2.4000
      vertex 61.0000 14.7500 3.2000
    endloop
  endfacet
  facet normal 0.000000 1.000000 -0.000000
    outer loop
      vertex 62.5000 14.7500 2.4000
      vertex 61.0000 14.7500 3.2000
      vertex 62.5000 14.7500 3.2000
    endloop
  endfacet
  facet normal 0.707107 0.707107 0.000000
    outer loop
      vertex 61.0000 14.7500 2.4000
      vertex 60.7500 15.0000 2.4000
      vertex 60.7500 15.0000 3.2000
    endloop
  endfacet
  facet normal 0.707107 0.707107 -0.000000
    outer loop
      vertex 61.0000 14.7500 2.4000
      vertex 60.7500 15.0000 3.2000
      vertex 61.0000 14.7500 3.2000
    endloop
  endfacet
  facet normal 1.000000 0.000000 0.000000
    outer loop
      vertex 60.7500 15.0000 2.4000
      vertex 60.7500 15.7500 2.4000
      vertex 60.7500 15.7500 3.2000
    endloop
  endfacet
  facet normal 1.000000 0.000000 0.000000
    outer loop
      vertex 60.7500 15.0000 2.4000
      vertex 60.7500 15.7500 3.2000
      vertex 60.7500 15.0000 3.2000
    endloop
  endfacet
  facet normal 0.000000 0.000000 -1.000000
    outer loop
      vertex 55.7500 16.7500 3.2000
      vertex 56.5000 15.0000 3.2000
      vertex 55.7500 12.2500 3.2000
    endloop
  endfacet
  facet normal 0.000000 0.000000 1.000000
    outer loop
      vertex 55.7500 12.2500 2.4000
      vertex 56.5000 15.0000 2.4000
      vertex 55.7500 16.7500 2.4000
    endloop
  endfacet
  facet normal 0.000000 0.000000 -1.000000
    outer loop
      vertex 55.7500 16.7500 3.2000
      vertex 56.5000 15.7500 3.2000
      vertex 56.5000 15.0000 3.2000
    endloop
  endfacet
  facet normal 0.000000 -0.000000 1.000000
    outer loop
      vertex 56.5000 15.0000 2.4000
      vertex 56.5000 15.7500 2.4000
      vertex 55.7500 16.7500 2.4000
    endloop
  endfacet
  facet normal 0.000000 0.000000 -1.000000
    outer loop
      vertex 55.7500 16.7500 3.2000
      vertex 56.7500 16.0000 3.2000
      vertex 56.5000 15.7500 3.2000
    endloop
  endfacet
  facet normal 0.000000 -0.000000 1.000000
    outer loop
      vertex 56.5000 15.7500 2.4000
      vertex 56.7500 16.0000 2.4000
      vertex 55.7500 16.7500 2.4000
    endloop
  endfacet
  facet normal 0.000000 0.000000 -1.000000
    outer loop
      vertex 55.7500 16.7500 3.2000
      vertex 58.2500 16.7500 3.2000
      vertex 56.7500 16.0000 3.2000
    endloop
  endfacet
  facet normal 0.000000 -0.000000 1.000000
    outer loop
      vertex 56.7500 16.0000 2.4000
      vertex 58.2500 16.7500 2.4000
      vertex 55.7500 16.7500 2.4000
    endloop
  endfacet
  facet normal 0.000000 0.000000 -1.000000
    outer loop
      vertex 58.2500 16.7500 3.2000
      vertex 57.7500 16.0000 3.2000
      vertex 56.7500 16.0000 3.2000
    endloop
  endfacet
  facet normal 0.000000 0.000000 1.000000
    outer loop
      vertex 56.7500 16.0000 2.4000
      vertex 57.7500 16.0000 2.4000
      vertex 58.2500 16.7500 2.4000
    endloop
  endfacet
  facet normal 0.000000 -0.000000 -1.000000
    outer loop
      vertex 58.2500 16.7500 3.2000
      vertex 58.2500 15.5000 3.2000
      vertex 57.7500 16.0000 3.2000
    endloop
  endfacet
  facet normal -0.000000 0.000000 1.000000
    outer loop
      vertex 57.7500 16.0000 2.4000
      vertex 58.2500 15.5000 2.4000
      vertex 58.2500 16.7500 2.4000
    endloop
  endfacet
  facet normal 0.000000 0.000000 -1.000000
    outer loop
      vertex 58.2500 16.7500 3.2000
      vertex 59.0000 16.0000 3.2000
      vertex 58.2500 15.5000 3.2000
    endloop
  endfacet
  facet normal 0.000000 0.000000 1.000000
    outer loop
      vertex 58.2500 15.5000 2.4000
      vertex 59.0000 16.0000 2.4000
      vertex 58.2500 16.7500 2.4000
    endloop
  endfacet
  facet normal 0.000000 -0.000000 -1.000000
    outer loop
      vertex 59.0000 16.0000 3.2000
      vertex 59.0000 14.7500 3.2000
      vertex 58.2500 15.5000 3.2000
    endloop
  endfacet
  facet normal -0.000000 0.000000 1.000000
    outer loop
      vertex 58.2500 15.5000 2.4000
      vertex 59.0000 14.7500 2.4000
      vertex 59.0000 16.0000 2.4000
    endloop
  endfacet
  facet normal 0.000000 0.000000 -1.000000
    outer loop
      vertex 56.5000 12.2500 3.2000
      vertex 55.7500 12.2500 3.2000
      vertex 56.5000 13.7500 3.2000
    endloop
  endfacet
  facet normal 0.000000 0.000000 1.000000
    outer loop
      vertex 56.5000 13.7500 2.4000
      vertex 55.7500 12.2500 2.4000
      vertex 56.5000 12.2500 2.4000
    endloop
  endfacet
  facet normal 0.000000 0.000000 -1.000000
    outer loop
      vertex 55.7500 12.2500 3.2000
      vertex 56.5000 15.0000 3.2000
      vertex 56.5000 13.7500 3.2000
    endloop
  endfacet
  facet normal 0.000000 -0.000000 1.000000
    outer loop
      vertex 56.5000 13.7500 2.4000
      vertex 56.5000 15.0000 2.4000
      vertex 55.7500 12.2500 2.4000
    endloop
  endfacet
  facet normal 0.000000 0.000000 -1.000000
    outer loop
      vertex 56.5000 15.0000 3.2000
      vertex 56.7500 14.0000 3.2000
      vertex 56.5000 13.7500 3.2000
    endloop
  endfacet
  facet normal 0.000000 0.000000 1.000000
    outer loop
      vertex 56.5000 13.7500 2.4000
      vertex 56.7500 14.0000 2.4000
      vertex 56.5000 15.0000 2.4000
    endloop
  endfacet
  facet normal 0.000000 0.000000 -1.000000
    outer loop
      vertex 56.5000 15.0000 3.2000
      vertex 56.7500 14.7500 3.2000
      vertex 56.7500 14.0000 3.2000
    endloop
  endfacet
  facet normal 0.000000 -0.000000 1.000000
    outer loop
      vertex 56.7500 14.0000 2.4000
      vertex 56.7500 14.7500 2.4000
      vertex 56.5000 15.0000 2.4000
    endloop
  endfacet
  facet normal 0.000000 0.000000 -1.000000
    outer loop
      vertex 58.2500 15.5000 3.2000
      vertex 59.0000 14.7500 3.2000
      vertex 58.2500 15.2500 3.2000
    endloop
  endfacet
  facet normal -0.000000 0.000000 1.000000
    outer loop
      vertex 58.2500 15.2500 2.4000
      vertex 59.0000 14.7500 2.4000
      vertex 58.2500 15.5000 2.4000
    endloop
  endfacet
  facet normal -0.000000 0.000000 -1.000000
    outer loop
      vertex 59.0000 14.7500 3.2000
      vertex 58.5000 14.2500 3.2000
      vertex 58.2500 15.2500 3.2000
    endloop
  endfacet
  facet normal 0.000000 0.000000 1.000000
    outer loop
      vertex 58.2500 15.2500 2.4000
      vertex 58.5000 14.2500 2.4000
      vertex 59.0000 14.7500 2.4000
    endloop
  endfacet
  facet normal 0.000000 0.000000 -1.000000
    outer loop
      vertex 58.5000 14.2500 3.2000
      vertex 58.2500 14.2500 3.2000
      vertex 58.2500 15.2500 3.2000
    endloop
  endfacet
  facet normal 0.000000 0.000000 1.000000
    outer loop
      vertex 58.2500 15.2500 2.4000
      vertex 58.2500 14.2500 2.4000
      vertex 58.5000 14.2500 2.4000
    endloop
  endfacet
  facet normal 0.000000 0.000000 -1.000000
    outer loop
      vertex 58.0000 14.0000 3.2000
      vertex 57.7500 14.7500 3.2000
      vertex 58.2500 14.2500 3.2000
    endloop
  endfacet
  facet normal 0.000000 0.000000 1.000000
    outer loop
      vertex 58.2500 14.2500 2.4000
      vertex 57.7500 14.7500 2.4000
      vertex 58.0000 14.0000 2.4000
    endloop
  endfacet
  facet normal 0.000000 0.000000 -1.000000
    outer loop
      vertex 58.0000 14.0000 3.2000
      vertex 56.7500 14.0000 3.2000
      vertex 57.7500 14.7500 3.2000
    endloop
  endfacet
  facet normal 0.000000 0.000000 1.000000
    outer loop
      vertex 57.7500 14.7500 2.4000
      vertex 56.7500 14.0000 2.4000
      vertex 58.0000 14.0000 2.4000
    endloop
  endfacet
  facet normal 0.000000 0.000000 -1.000000
    outer loop
      vertex 56.7500 14.0000 3.2000
      vertex 56.7500 14.7500 3.2000
      vertex 57.7500 14.7500 3.2000
    endloop
  endfacet
  facet normal 0.000000 0.000000 1.000000
    outer loop
      vertex 57.7500 14.7500 2.4000
      vertex 56.7500 14.7500 2.4000
      vertex 56.7500 14.0000 2.4000
    endloop
  endfacet
  facet normal 0.000000 0.000000 -1.000000
    outer loop
      vertex 57.7500 14.7500 3.2000
      vertex 58.2500 15.2500 3.2000
      vertex 58.2500 14.2500 3.2000
    endloop
  endfacet
  facet normal 0.000000 -0.000000 1.000000
    outer loop
      vertex 58.2500 14.2500 2.4000
      vertex 58.2500 15.2500 2.4000
      vertex 57.7500 14.7500 2.4000
    endloop
  endfacet
  facet normal -1.000000 0.000000 0.000000
    outer loop
      vertex 55.7500 16.7500 2.4000
      vertex 55.7500 12.2500 2.4000
      vertex 55.7500 12.2500 3.2000
    endloop
  endfacet
  facet normal -1.000000 0.000000 0.000000
    outer loop
      vertex 55.7500 16.7500 2.4000
      vertex 55.7500 12.2500 3.2000
      vertex 55.7500 16.7500 3.2000
    endloop
  endfacet
  facet normal 0.000000 -1.000000 0.000000
    outer loop
      vertex 55.7500 12.2500 2.4000
      vertex 56.5000 12.2500 2.4000
      vertex 56.5000 12.2500 3.2000
    endloop
  endfacet
  facet normal 0.000000 -1.000000 0.000000
    outer loop
      vertex 55.7500 12.2500 2.4000
      vertex 56.5000 12.2500 3.2000
      vertex 55.7500 12.2500 3.2000
    endloop
  endfacet
  facet normal 1.000000 0.000000 0.000000
    outer loop
      vertex 56.5000 12.2500 2.4000
      vertex 56.5000 13.7500 2.4000
      vertex 56.5000 13.7500 3.2000
    endloop
  endfacet
  facet normal 1.000000 0.000000 0.000000
    outer loop
      vertex 56.5000 12.2500 2.4000
      vertex 56.5000 13.7500 3.2000
      vertex 56.5000 12.2500 3.2000
    endloop
  endfacet
  facet normal 0.707107 -0.707107 0.000000
    outer loop
      vertex 56.5000 13.7500 2.4000
      vertex 56.7500 14.0000 2.4000
      vertex 56.7500 14.0000 3.2000
    endloop
  endfacet
  facet normal 0.707107 -0.707107 0.000000
    outer loop
      vertex 56.5000 13.7500 2.4000
      vertex 56.7500 14.0000 3.2000
      vertex 56.5000 13.7500 3.2000
    endloop
  endfacet
  facet normal 0.000000 -1.000000 0.000000
    outer loop
      vertex 56.7500 14.0000 2.4000
      vertex 58.0000 14.0000 2.4000
      vertex 58.0000 14.0000 3.2000
    endloop
  endfacet
  facet normal 0.000000 -1.000000 0.000000
    outer loop
      vertex 56.7500 14.0000 2.4000
      vertex 58.0000 14.0000 3.2000
      vertex 56.7500 14.0000 3.2000
    endloop
  endfacet
  facet normal 0.707107 -0.707107 0.000000
    outer loop
      vertex 58.0000 14.0000 2.4000
      vertex 58.2500 14.2500 2.4000
      vertex 58.2500 14.2500 3.2000
    endloop
  endfacet
  facet normal 0.707107 -0.707107 0.000000
    outer loop
      vertex 58.0000 14.0000 2.4000
      vertex 58.2500 14.2500 3.2000
      vertex 58.0000 14.0000 3.2000
    endloop
  endfacet
  facet normal 0.000000 -1.000000 0.000000
    outer loop
      vertex 58.2500 14.2500 2.4000
      vertex 58.5000 14.2500 2.4000
      vertex 58.5000 14.2500 3.2000
    endloop
  endfacet
  facet normal 0.000000 -1.000000 0.000000
    outer loop
      vertex 58.2500 14.2500 2.4000
      vertex 58.5000 14.2500 3.2000
      vertex 58.2500 14.2500 3.2000
    endloop
  endfacet
  facet normal 0.707107 -0.707107 0.000000
    outer loop
      vertex 58.5000 14.2500 2.4000
      vertex 59.0000 14.7500 2.4000
      vertex 59.0000 14.7500 3.2000
    endloop
  endfacet
  facet normal 0.707107 -0.707107 0.000000
    outer loop
      vertex 58.5000 14.2500 2.4000
      vertex 59.0000 14.7500 3.2000
      vertex 58.5000 14.2500 3.2000
    endloop
  endfacet
  facet normal 1.000000 0.000000 0.000000
    outer loop
      vertex 59.0000 14.7500 2.4000
      vertex 59.0000 16.0000 2.4000
      vertex 59.0000 16.0000 3.2000
    endloop
  endfacet
  facet normal 1.000000 0.000000 0.000000
    outer loop
      vertex 59.0000 14.7500 2.4000
      vertex 59.0000 16.0000 3.2000
      vertex 59.0000 14.7500 3.2000
    endloop
  endfacet
  facet normal 0.707107 0.707107 0.000000
    outer loop
      vertex 59.0000 16.0000 2.4000
      vertex 58.2500 16.7500 2.4000
      vertex 58.2500 16.7500 3.2000
    endloop
  endfacet
  facet normal 0.707107 0.707107 -0.000000
    outer loop
      vertex 59.0000 16.0000 2.4000
      vertex 58.2500 16.7500 3.2000
      vertex 59.0000 16.0000 3.2000
    endloop
  endfacet
  facet normal 0.000000 1.000000 0.000000
    outer loop
      vertex 58.2500 16.7500 2.4000
      vertex 55.7500 16.7500 2.4000
      vertex 55.7500 16.7500 3.2000
    endloop
  endfacet
  facet normal 0.000000 1.000000 -0.000000
    outer loop
      vertex 58.2500 16.7500 2.4000
      vertex 55.7500 16.7500 3.2000
      vertex 58.2500 16.7500 3.2000
    endloop
  endfacet
  facet normal 0.707107 -0.707107 0.000000
    outer loop
      vertex 56.5000 15.7500 2.4000
      vertex 56.7500 16.0000 2.4000
      vertex 56.7500 16.0000 3.2000
    endloop
  endfacet
  facet normal 0.707107 -0.707107 0.000000
    outer loop
      vertex 56.5000 15.7500 2.4000
      vertex 56.7500 16.0000 3.2000
      vertex 56.5000 15.7500 3.2000
    endloop
  endfacet
  facet normal 0.000000 -1.000000 0.000000
    outer loop
      vertex 56.7500 16.0000 2.4000
      vertex 57.7500 16.0000 2.4000
      vertex 57.7500 16.0000 3.2000
    endloop
  endfacet
  facet normal 0.000000 -1.000000 0.000000
    outer loop
      vertex 56.7500 16.0000 2.4000
      vertex 57.7500 16.0000 3.2000
      vertex 56.7500 16.0000 3.2000
    endloop
  endfacet
  facet normal -0.707107 -0.707107 0.000000
    outer loop
      vertex 57.7500 16.0000 2.4000
      vertex 58.2500 15.5000 2.4000
      vertex 58.2500 15.5000 3.2000
    endloop
  endfacet
  facet normal -0.707107 -0.707107 0.000000
    outer loop
      vertex 57.7500 16.0000 2.4000
      vertex 58.2500 15.5000 3.2000
      vertex 57.7500 16.0000 3.2000
    endloop
  endfacet
  facet normal -1.000000 0.000000 0.000000
    outer loop
      vertex 58.2500 15.5000 2.4000
      vertex 58.2500 15.2500 2.4000
      vertex 58.2500 15.2500 3.2000
    endloop
  endfacet
  facet normal -1.000000 0.000000 0.000000
    outer loop
      vertex 58.2500 15.5000 2.4000
      vertex 58.2500 15.2500 3.2000
      vertex 58.2500 15.5000 3.2000
    endloop
  endfacet
  facet normal -0.707107 0.707107 0.000000
    outer loop
      vertex 58.2500 15.2500 2.4000
      vertex 57.7500 14.7500 2.4000
      vertex 57.7500 14.7500 3.2000
    endloop
  endfacet
  facet normal -0.707107 0.707107 0.000000
    outer loop
      vertex 58.2500 15.2500 2.4000
      vertex 57.7500 14.7500 3.2000
      vertex 58.2500 15.2500 3.2000
    endloop
  endfacet
  facet normal 0.000000 1.000000 0.000000
    outer loop
      vertex 57.7500 14.7500 2.4000
      vertex 56.7500 14.7500 2.4000
      vertex 56.7500 14.7500 3.2000
    endloop
  endfacet
  facet normal 0.000000 1.000000 -0.000000
    outer loop
      vertex 57.7500 14.7500 2.4000
      vertex 56.7500 14.7500 3.2000
      vertex 57.7500 14.7500 3.2000
    endloop
  endfacet
  facet normal 0.707107 0.707107 0.000000
    outer loop
      vertex 56.7500 14.7500 2.4000
      vertex 56.5000 15.0000 2.4000
      vertex 56.5000 15.0000 3.2000
    endloop
  endfacet
  facet normal 0.707107 0.707107 -0.000000
    outer loop
      vertex 56.7500 14.7500 2.4000
      vertex 56.5000 15.0000 3.2000
      vertex 56.7500 14.7500 3.2000
    endloop
  endfacet
  facet normal 1.000000 0.000000 0.000000
    outer loop
      vertex 56.5000 15.0000 2.4000
      vertex 56.5000 15.7500 2.4000
      vertex 56.5000 15.7500 3.2000
    endloop
  endfacet
  facet normal 1.000000 0.000000 0.000000
    outer loop
      vertex 56.5000 15.0000 2.4000
      vertex 56.5000 15.7500 3.2000
      vertex 56.5000 15.0000 3.2000
    endloop
  endfacet
  facet normal 0.000000 0.000000 -1.000000
    outer loop
      vertex 49.2500 16.7500 3.2000
      vertex 50.2500 16.7500 3.2000
      vertex 49.7500 16.2500 3.2000
    endloop
  endfacet
  facet normal 0.000000 -0.000000 1.000000
    outer loop
      vertex 49.7500 16.2500 2.4000
      vertex 50.2500 16.7500 2.4000
      vertex 49.2500 16.7500 2.4000
    endloop
  endfacet
  facet normal 0.000000 -0.000000 -1.000000
    outer loop
      vertex 50.2500 16.7500 3.2000
      vertex 50.2500 16.5000 3.2000
      vertex 49.7500 16.2500 3.2000
    endloop
  endfacet
  facet normal 0.000000 0.000000 1.000000
    outer loop
      vertex 49.7500 16.2500 2.4000
      vertex 50.2500 16.5000 2.4000
      vertex 50.2500 16.7500 2.4000
    endloop
  endfacet
  facet normal 0.000000 0.000000 -1.000000
    outer loop
      vertex 52.5000 16.7500 3.2000
      vertex 52.2500 16.2500 3.2000
      vertex 52.2500 16.5000 3.2000
    endloop
  endfacet
  facet normal -0.000000 0.000000 1.000000
    outer loop
      vertex 52.2500 16.5000 2.4000
      vertex 52.2500 16.2500 2.4000
      vertex 52.5000 16.7500 2.4000
    endloop
  endfacet
  facet normal 0.000000 -0.000000 -1.000000
    outer loop
      vertex 52.5000 16.7500 3.2000
      vertex 53.0000 16.2500 3.2000
      vertex 52.2500 16.2500 3.2000
    endloop
  endfacet
  facet normal 0.000000 0.000000 1.000000
    outer loop
      vertex 52.2500 16.2500 2.4000
      vertex 53.0000 16.2500 2.4000
      vertex 52.5000 16.7500 2.4000
    endloop
  endfacet
  facet normal 0.000000 0.000000 -1.000000
    outer loop
      vertex 52.5000 16.7500 3.2000
      vertex 53.0000 16.5000 3.2000
      vertex 53.0000 16.2500 3.2000
    endloop
  endfacet
  facet normal 0.000000 -0.000000 1.000000
    outer loop
      vertex 53.0000 16.2500 2.4000
      vertex 53.0000 16.5000 2.4000
      vertex 52.5000 16.7500 2.4000
    endloop
  endfacet
  facet normal 0.000000 0.000000 -1.000000
    outer loop
      vertex 52.5000 16.7500 3.2000
      vertex 53.2500 16.7500 3.2000
      vertex 53.0000 16.5000 3.2000
    endloop
  endfacet
  facet normal 0.000000 -0.000000 1.000000
    outer loop
      vertex 53.0000 16.5000 2.4000
      vertex 53.2500 16.7500 2.4000
      vertex 52.5000 16.7500 2.4000
    endloop
  endfacet
  facet normal 0.000000 0.000000 -1.000000
    outer loop
      vertex 51.5000 12.2500 3.2000
      vertex 51.0000 12.2500 3.2000
      vertex 51.5000 14.0000 3.2000
    endloop
  endfacet
  facet normal 0.000000 0.000000 1.000000
    outer loop
      vertex 51.5000 14.0000 2.4000
      vertex 51.0000 12.2500 2.4000
      vertex 51.5000 12.2500 2.4000
    endloop
  endfacet
  facet normal 0.000000 0.000000 -1.000000
    outer loop
      vertex 51.0000 12.2500 3.2000
      vertex 51.0000 14.2500 3.2000
      vertex 51.5000 14.0000 3.2000
    endloop
  endfacet
  facet normal 0.000000 0.000000 1.000000
    outer loop
      vertex 51.5000 14.0000 2.4000
      vertex 51.0000 14.2500 2.4000
      vertex 51.0000 12.2500 2.4000
    endloop
  endfacet
  facet normal 0.000000 0.000000 -1.000000
    outer loop
      vertex 50.0000 15.5000 3.2000
      vertex 50.7500 15.5000 3.2000
      vertex 50.5000 15.0000 3.2000
    endloop
  endfacet
  facet normal 0.000000 -0.000000 1.000000
    outer loop
      vertex 50.5000 15.0000 2.4000
      vertex 50.7500 15.5000 2.4000
      vertex 50.0000 15.5000 2.4000
    endloop
  endfacet
  facet normal 0.000000 0.000000 -1.000000
    outer loop
      vertex 50.0000 15.5000 3.2000
      vertex 50.5000 16.0000 3.2000
      vertex 50.7500 15.5000 3.2000
    endloop
  endfacet
  facet normal 0.000000 0.000000 1.000000
    outer loop
      vertex 50.7500 15.5000 2.4000
      vertex 50.5000 16.0000 2.4000
      vertex 50.0000 15.5000 2.4000
    endloop
  endfacet
  facet normal 0.000000 0.000000 -1.000000
    outer loop
      vertex 50.0000 15.5000 3.2000
      vertex 50.0000 15.7500 3.2000
      vertex 50.5000 16.0000 3.2000
    endloop
  endfacet
  facet normal 0.000000 0.000000 1.000000
    outer loop
      vertex 50.5000 16.0000 2.4000
      vertex 50.0000 15.7500 2.4000
      vertex 50.0000 15.5000 2.4000
    endloop
  endfacet
  facet normal 0.000000 0.000000 -1.000000
    outer loop
      vertex 49.7500 16.0000 3.2000
      vertex 49.7500 16.2500 3.2000
      vertex 50.0000 15.7500 3.2000
    endloop
  endfacet
  facet normal 0.000000 0.000000 1.000000
    outer loop
      vertex 50.0000 15.7500 2.4000
      vertex 49.7500 16.2500 2.4000
      vertex 49.7500 16.0000 2.4000
    endloop
  endfacet
  facet normal 0.000000 0.000000 -1.000000
    outer loop
      vertex 49.7500 16.2500 3.2000
      vertex 50.2500 16.5000 3.2000
      vertex 50.0000 15.7500 3.2000
    endloop
  endfacet
  facet normal 0.000000 -0.000000 1.000000
    outer loop
      vertex 50.0000 15.7500 2.4000
      vertex 50.2500 16.5000 2.4000
      vertex 49.7500 16.2500 2.4000
    endloop
  endfacet
  facet normal 0.000000 -0.000000 -1.000000
    outer loop
      vertex 50.2500 16.5000 3.2000
      vertex 50.5000 16.0000 3.2000
      vertex 50.0000 15.7500 3.2000
    endloop
  endfacet
  facet normal 0.000000 0.000000 1.000000
    outer loop
      vertex 50.0000 15.7500 2.4000
      vertex 50.5000 16.0000 2.4000
      vertex 50.2500 16.5000 2.4000
    endloop
  endfacet
  facet normal 0.000000 0.000000 -1.000000
    outer loop
      vertex 50.2500 16.5000 3.2000
      vertex 50.5000 16.2500 3.2000
      vertex 50.5000 16.0000 3.2000
    endloop
  endfacet
  facet normal 0.000000 -0.000000 1.000000
    outer loop
      vertex 50.5000 16.0000 2.4000
      vertex 50.5000 16.2500 2.4000
      vertex 50.2500 16.5000 2.4000
    endloop
  endfacet
  facet normal 0.000000 -0.000000 -1.000000
    outer loop
      vertex 52.2500 16.2500 3.2000
      vertex 52.5000 15.7500 3.2000
      vertex 52.0000 16.0000 3.2000
    endloop
  endfacet
  facet normal -0.000000 0.000000 1.000000
    outer loop
      vertex 52.0000 16.0000 2.4000
      vertex 52.5000 15.7500 2.4000
      vertex 52.2500 16.2500 2.4000
    endloop
  endfacet
  facet normal 0.000000 0.000000 -1.000000
    outer loop
      vertex 52.2500 16.2500 3.2000
      vertex 53.0000 16.2500 3.2000
      vertex 52.5000 15.7500 3.2000
    endloop
  endfacet
  facet normal 0.000000 -0.000000 1.000000
    outer loop
      vertex 52.5000 15.7500 2.4000
      vertex 53.0000 16.2500 2.4000
      vertex 52.2500 16.2500 2.4000
    endloop
  endfacet
  facet normal 0.000000 0.000000 -1.000000
    outer loop
      vertex 52.2500 15.0000 3.2000
      vertex 51.2500 15.0000 3.2000
      vertex 52.2500 15.2500 3.2000
    endloop
  endfacet
  facet normal 0.000000 0.000000 1.000000
    outer loop
      vertex 52.2500 15.2500 2.4000
      vertex 51.2500 15.0000 2.4000
      vertex 52.2500 15.0000 2.4000
    endloop
  endfacet
  facet normal -0.000000 0.000000 -1.000000
    outer loop
      vertex 52.2500 15.0000 3.2000
      vertex 51.7500 14.5000 3.2000
      vertex 51.2500 15.0000 3.2000
    endloop
  endfacet
  facet normal -0.000000 0.000000 1.000000
    outer loop
      vertex 51.2500 15.0000 2.4000
      vertex 51.7500 14.5000 2.4000
      vertex 52.2500 15.0000 2.4000
    endloop
  endfacet
  facet normal -0.000000 0.000000 -1.000000
    outer loop
      vertex 51.7500 14.2500 3.2000
      vertex 51.5000 14.0000 3.2000
      vertex 51.7500 14.5000 3.2000
    endloop
  endfacet
  facet normal 0.000000 0.000000 1.000000
    outer loop
      vertex 51.7500 14.5000 2.4000
      vertex 51.5000 14.0000 2.4000
      vertex 51.7500 14.2500 2.4000
    endloop
  endfacet
  facet normal 0.000000 0.000000 -1.000000
    outer loop
      vertex 51.5000 14.0000 3.2000
      vertex 51.0000 14.2500 3.2000
      vertex 51.7500 14.5000 3.2000
    endloop
  endfacet
  facet normal 0.000000 0.000000 1.000000
    outer loop
      vertex 51.7500 14.5000 2.4000
      vertex 51.0000 14.2500 2.4000
      vertex 51.5000 14.0000 2.4000
    endloop
  endfacet
  facet normal 0.000000 0.000000 -1.000000
    outer loop
      vertex 51.0000 14.2500 3.2000
      vertex 51.2500 15.0000 3.2000
      vertex 51.7500 14.5000 3.2000
    endloop
  endfacet
  facet normal 0.000000 0.000000 1.000000
    outer loop
      vertex 51.7500 14.5000 2.4000
      vertex 51.2500 15.0000 2.4000
      vertex 51.0000 14.2500 2.4000
    endloop
  endfacet
  facet normal 0.000000 0.000000 -1.000000
    outer loop
      vertex 51.0000 14.2500 3.2000
      vertex 50.5000 14.7500 3.2000
      vertex 51.2500 15.0000 3.2000
    endloop
  endfacet
  facet normal 0.000000 0.000000 1.000000
    outer loop
      vertex 51.2500 15.0000 2.4000
      vertex 50.5000 14.7500 2.4000
      vertex 51.0000 14.2500 2.4000
    endloop
  endfacet
  facet normal 0.000000 0.000000 -1.000000
    outer loop
      vertex 50.5000 14.7500 3.2000
      vertex 50.5000 15.0000 3.2000
      vertex 51.2500 15.0000 3.2000
    endloop
  endfacet
  facet normal 0.000000 0.000000 1.000000
    outer loop
      vertex 51.2500 15.0000 2.4000
      vertex 50.5000 15.0000 2.4000
      vertex 50.5000 14.7500 2.4000
    endloop
  endfacet
  facet normal 0.000000 0.000000 -1.000000
    outer loop
      vertex 50.5000 15.0000 3.2000
      vertex 50.7500 15.5000 3.2000
      vertex 51.2500 15.0000 3.2000
    endloop
  endfacet
  facet normal 0.000000 0.000000 1.000000
    outer loop
      vertex 51.2500 15.0000 2.4000
      vertex 50.7500 15.5000 2.4000
      vertex 50.5000 15.0000 2.4000
    endloop
  endfacet
  facet normal 0.000000 0.000000 -1.000000
    outer loop
      vertex 50.7500 15.5000 3.2000
      vertex 50.5000 16.0000 3.2000
      vertex 50.7500 15.7500 3.2000
    endloop
  endfacet
  facet normal 0.000000 0.000000 1.000000
    outer loop
      vertex 50.7500 15.7500 2.4000
      vertex 50.5000 16.0000 2.4000
      vertex 50.7500 15.5000 2.4000
    endloop
  endfacet
  facet normal 0.000000 0.000000 -1.000000
    outer loop
      vertex 52.0000 16.0000 3.2000
      vertex 52.5000 15.7500 3.2000
      vertex 52.0000 15.7500 3.2000
    endloop
  endfacet
  facet normal 0.000000 0.000000 1.000000
    outer loop
      vertex 52.0000 15.7500 2.4000
      vertex 52.5000 15.7500 2.4000
      vertex 52.0000 16.0000 2.4000
    endloop
  endfacet
  facet normal -0.000000 -0.000000 -1.000000
    outer loop
      vertex 52.5000 15.7500 3.2000
      vertex 52.5000 15.5000 3.2000
      vertex 52.0000 15.7500 3.2000
    endloop
  endfacet
  facet normal -0.000000 0.000000 1.000000
    outer loop
      vertex 52.0000 15.7500 2.4000
      vertex 52.5000 15.5000 2.4000
      vertex 52.5000 15.7500 2.4000
    endloop
  endfacet
  facet normal -0.000000 0.000000 -1.000000
    outer loop
      vertex 52.5000 15.5000 3.2000
      vertex 52.2500 15.2500 3.2000
      vertex 52.0000 15.7500 3.2000
    endloop
  endfacet
  facet normal 0.000000 0.000000 1.000000
    outer loop
      vertex 52.0000 15.7500 2.4000
      vertex 52.2500 15.2500 2.4000
      vertex 52.5000 15.5000 2.4000
    endloop
  endfacet
  facet normal -0.000000 0.000000 -1.000000
    outer loop
      vertex 52.2500 15.2500 3.2000
      vertex 51.2500 15.0000 3.2000
      vertex 52.0000 15.7500 3.2000
    endloop
  endfacet
  facet normal 0.000000 0.000000 1.000000
    outer loop
      vertex 52.0000 15.7500 2.4000
      vertex 51.2500 15.0000 2.4000
      vertex 52.2500 15.2500 2.4000
    endloop
  endfacet
  facet normal -0.707107 -0.707107 0.000000
    outer loop
      vertex 49.2500 16.7500 2.4000
      vertex 49.7500 16.2500 2.4000
      vertex 49.7500 16.2500 3.2000
    endloop
  endfacet
  facet normal -0.707107 -0.707107 0.000000
    outer loop
      vertex 49.2500 16.7500 2.4000
      vertex 49.7500 16.2500 3.2000
      vertex 49.2500 16.7500 3.2000
    endloop
  endfacet
  facet normal -1.000000 0.000000 0.000000
    outer loop
      vertex 49.7500 16.2500 2.4000
      vertex 49.7500 16.0000 2.4000
      vertex 49.7500 16.0000 3.2000
    endloop
  endfacet
  facet normal -1.000000 0.000000 0.000000
    outer loop
      vertex 49.7500 16.2500 2.4000
      vertex 49.7500 16.0000 3.2000
      vertex 49.7500 16.2500 3.2000
    endloop
  endfacet
  facet normal -0.707107 -0.707107 0.000000
    outer loop
      vertex 49.7500 16.0000 2.4000
      vertex 50.0000 15.7500 2.4000
      vertex 50.0000 15.7500 3.2000
    endloop
  endfacet
  facet normal -0.707107 -0.707107 0.000000
    outer loop
      vertex 49.7500 16.0000 2.4000
      vertex 50.0000 15.7500 3.2000
      vertex 49.7500 16.0000 3.2000
    endloop
  endfacet
  facet normal -1.000000 0.000000 0.000000
    outer loop
      vertex 50.0000 15.7500 2.4000
      vertex 50.0000 15.5000 2.4000
      vertex 50.0000 15.5000 3.2000
    endloop
  endfacet
  facet normal -1.000000 0.000000 0.000000
    outer loop
      vertex 50.0000 15.7500 2.4000
      vertex 50.0000 15.5000 3.2000
      vertex 50.0000 15.7500 3.2000
    endloop
  endfacet
  facet normal -0.707107 -0.707107 0.000000
    outer loop
      vertex 50.0000 15.5000 2.4000
      vertex 50.5000 15.0000 2.4000
      vertex 50.5000 15.0000 3.2000
    endloop
  endfacet
  facet normal -0.707107 -0.707107 0.000000
    outer loop
      vertex 50.0000 15.5000 2.4000
      vertex 50.5000 15.0000 3.2000
      vertex 50.0000 15.5000 3.2000
    endloop
  endfacet
  facet normal -1.000000 0.000000 0.000000
    outer loop
      vertex 50.5000 15.0000 2.4000
      vertex 50.5000 14.7500 2.4000
      vertex 50.5000 14.7500 3.2000
    endloop
  endfacet
  facet normal -1.000000 0.000000 0.000000
    outer loop
      vertex 50.5000 15.0000 2.4000
      vertex 50.5000 14.7500 3.2000
      vertex 50.5000 15.0000 3.2000
    endloop
  endfacet
  facet normal -0.707107 -0.707107 0.000000
    outer loop
      vertex 50.5000 14.7500 2.4000
      vertex 51.0000 14.2500 2.4000
      vertex 51.0000 14.2500 3.2000
    endloop
  endfacet
  facet normal -0.707107 -0.707107 0.000000
    outer loop
      vertex 50.5000 14.7500 2.4000
      vertex 51.0000 14.2500 3.2000
      vertex 50.5000 14.7500 3.2000
    endloop
  endfacet
  facet normal -1.000000 0.000000 0.000000
    outer loop
      vertex 51.0000 14.2500 2.4000
      vertex 51.0000 12.2500 2.4000
      vertex 51.0000 12.2500 3.2000
    endloop
  endfacet
  facet normal -1.000000 0.000000 0.000000
    outer loop
      vertex 51.0000 14.2500 2.4000
      vertex 51.0000 12.2500 3.2000
      vertex 51.0000 14.2500 3.2000
    endloop
  endfacet
  facet normal 0.000000 -1.000000 0.000000
    outer loop
      vertex 51.0000 12.2500 2.4000
      vertex 51.5000 12.2500 2.4000
      vertex 51.5000 12.2500 3.2000
    endloop
  endfacet
  facet normal 0.000000 -1.000000 0.000000
    outer loop
      vertex 51.0000 12.2500 2.4000
      vertex 51.5000 12.2500 3.2000
      vertex 51.0000 12.2500 3.2000
    endloop
  endfacet
  facet normal 1.000000 0.000000 0.000000
    outer loop
      vertex 51.5000 12.2500 2.4000
      vertex 51.5000 14.0000 2.4000
      vertex 51.5000 14.0000 3.2000
    endloop
  endfacet
  facet normal 1.000000 0.000000 0.000000
    outer loop
      vertex 51.5000 12.2500 2.4000
      vertex 51.5000 14.0000 3.2000
      vertex 51.5000 12.2500 3.2000
    endloop
  endfacet
  facet normal 0.707107 -0.707107 0.000000
    outer loop
      vertex 51.5000 14.0000 2.4000
      vertex 51.7500 14.2500 2.4000
      vertex 51.7500 14.2500 3.2000
    endloop
  endfacet
  facet normal 0.707107 -0.707107 0.000000
    outer loop
      vertex 51.5000 14.0000 2.4000
      vertex 51.7500 14.2500 3.2000
      vertex 51.5000 14.0000 3.2000
    endloop
  endfacet
  facet normal 1.000000 0.000000 0.000000
    outer loop
      vertex 51.7500 14.2500 2.4000
      vertex 51.7500 14.5000 2.4000
      vertex 51.7500 14.5000 3.2000
    endloop
  endfacet
  facet normal 1.000000 0.000000 0.000000
    outer loop
      vertex 51.7500 14.2500 2.4000
      vertex 51.7500 14.5000 3.2000
      vertex 51.7500 14.2500 3.2000
    endloop
  endfacet
  facet normal 0.707107 -0.707107 0.000000
    outer loop
      vertex 51.7500 14.5000 2.4000
      vertex 52.2500 15.0000 2.4000
      vertex 52.2500 15.0000 3.2000
    endloop
  endfacet
  facet normal 0.707107 -0.707107 0.000000
    outer loop
      vertex 51.7500 14.5000 2.4000
      vertex 52.2500 15.0000 3.2000
      vertex 51.7500 14.5000 3.2000
    endloop
  endfacet
  facet normal 1.000000 0.000000 0.000000
    outer loop
      vertex 52.2500 15.0000 2.4000
      vertex 52.2500 15.2500 2.4000
      vertex 52.2500 15.2500 3.2000
    endloop
  endfacet
  facet normal 1.000000 0.000000 0.000000
    outer loop
      vertex 52.2500 15.0000 2.4000
      vertex 52.2500 15.2500 3.2000
      vertex 52.2500 15.0000 3.2000
    endloop
  endfacet
  facet normal 0.707107 -0.707107 0.000000
    outer loop
      vertex 52.2500 15.2500 2.4000
      vertex 52.5000 15.5000 2.4000
      vertex 52.5000 15.5000 3.2000
    endloop
  endfacet
  facet normal 0.707107 -0.707107 0.000000
    outer loop
      vertex 52.2500 15.2500 2.4000
      vertex 52.5000 15.5000 3.2000
      vertex 52.2500 15.2500 3.2000
    endloop
  endfacet
  facet normal 1.000000 0.000000 0.000000
    outer loop
      vertex 52.5000 15.5000 2.4000
      vertex 52.5000 15.7500 2.4000
      vertex 52.5000 15.7500 3.2000
    endloop
  endfacet
  facet normal 1.000000 0.000000 0.000000
    outer loop
      vertex 52.5000 15.5000 2.4000
      vertex 52.5000 15.7500 3.2000
      vertex 52.5000 15.5000 3.2000
    endloop
  endfacet
  facet normal 0.707107 -0.707107 0.000000
    outer loop
      vertex 52.5000 15.7500 2.4000
      vertex 53.0000 16.2500 2.4000
      vertex 53.0000 16.2500 3.2000
    endloop
  endfacet
  facet normal 0.707107 -0.707107 0.000000
    outer loop
      vertex 52.5000 15.7500 2.4000
      vertex 53.0000 16.2500 3.2000
      vertex 52.5000 15.7500 3.2000
    endloop
  endfacet
  facet normal 1.000000 0.000000 0.000000
    outer loop
      vertex 53.0000 16.2500 2.4000
      vertex 53.0000 16.5000 2.4000
      vertex 53.0000 16.5000 3.2000
    endloop
  endfacet
  facet normal 1.000000 0.000000 0.000000
    outer loop
      vertex 53.0000 16.2500 2.4000
      vertex 53.0000 16.5000 3.2000
      vertex 53.0000 16.2500 3.2000
    endloop
  endfacet
  facet normal 0.707107 -0.707107 0.000000
    outer loop
      vertex 53.0000 16.5000 2.4000
      vertex 53.2500 16.7500 2.4000
      vertex 53.2500 16.7500 3.2000
    endloop
  endfacet
  facet normal 0.707107 -0.707107 0.000000
    outer loop
      vertex 53.0000 16.5000 2.4000
      vertex 53.2500 16.7500 3.2000
      vertex 53.0000 16.5000 3.2000
    endloop
  endfacet
  facet normal 0.000000 1.000000 0.000000
    outer loop
      vertex 53.2500 16.7500 2.4000
      vertex 52.5000 16.7500 2.4000
      vertex 52.5000 16.7500 3.2000
    endloop
  endfacet
  facet normal 0.000000 1.000000 -0.000000
    outer loop
      vertex 53.2500 16.7500 2.4000
      vertex 52.5000 16.7500 3.2000
      vertex 53.2500 16.7500 3.2000
    endloop
  endfacet
  facet normal -0.707107 0.707107 0.000000
    outer loop
      vertex 52.5000 16.7500 2.4000
      vertex 52.2500 16.5000 2.4000
      vertex 52.2500 16.5000 3.2000
    endloop
  endfacet
  facet normal -0.707107 0.707107 0.000000
    outer loop
      vertex 52.5000 16.7500 2.4000
      vertex 52.2500 16.5000 3.2000
      vertex 52.5000 16.7500 3.2000
    endloop
  endfacet
  facet normal -1.000000 0.000000 0.000000
    outer loop
      vertex 52.2500 16.5000 2.4000
      vertex 52.2500 16.2500 2.4000
      vertex 52.2500 16.2500 3.2000
    endloop
  endfacet
  facet normal -1.000000 0.000000 0.000000
    outer loop
      vertex 52.2500 16.5000 2.4000
      vertex 52.2500 16.2500 3.2000
      vertex 52.2500 16.5000 3.2000
    endloop
  endfacet
  facet normal -0.707107 0.707107 0.000000
    outer loop
      vertex 52.2500 16.2500 2.4000
      vertex 52.0000 16.0000 2.4000
      vertex 52.0000 16.0000 3.2000
    endloop
  endfacet
  facet normal -0.707107 0.707107 0.000000
    outer loop
      vertex 52.2500 16.2500 2.4000
      vertex 52.0000 16.0000 3.2000
      vertex 52.2500 16.2500 3.2000
    endloop
  endfacet
  facet normal -1.000000 0.000000 0.000000
    outer loop
      vertex 52.0000 16.0000 2.4000
      vertex 52.0000 15.7500 2.4000
      vertex 52.0000 15.7500 3.2000
    endloop
  endfacet
  facet normal -1.000000 0.000000 0.000000
    outer loop
      vertex 52.0000 16.0000 2.4000
      vertex 52.0000 15.7500 3.2000
      vertex 52.0000 16.0000 3.2000
    endloop
  endfacet
  facet normal -0.707107 0.707107 0.000000
    outer loop
      vertex 52.0000 15.7500 2.4000
      vertex 51.2500 15.0000 2.4000
      vertex 51.2500 15.0000 3.2000
    endloop
  endfacet
  facet normal -0.707107 0.707107 0.000000
    outer loop
      vertex 52.0000 15.7500 2.4000
      vertex 51.2500 15.0000 3.2000
      vertex 52.0000 15.7500 3.2000
    endloop
  endfacet
  facet normal 0.707107 0.707107 0.000000
    outer loop
      vertex 51.2500 15.0000 2.4000
      vertex 50.7500 15.5000 2.4000
      vertex 50.7500 15.5000 3.2000
    endloop
  endfacet
  facet normal 0.707107 0.707107 -0.000000
    outer loop
      vertex 51.2500 15.0000 2.4000
      vertex 50.7500 15.5000 3.2000
      vertex 51.2500 15.0000 3.2000
    endloop
  endfacet
  facet normal 1.000000 0.000000 0.000000
    outer loop
      vertex 50.7500 15.5000 2.4000
      vertex 50.7500 15.7500 2.4000
      vertex 50.7500 15.7500 3.2000
    endloop
  endfacet
  facet normal 1.000000 0.000000 0.000000
    outer loop
      vertex 50.7500 15.5000 2.4000
      vertex 50.7500 15.7500 3.2000
      vertex 50.7500 15.5000 3.2000
    endloop
  endfacet
  facet normal 0.707107 0.707107 0.000000
    outer loop
      vertex 50.7500 15.7500 2.4000
      vertex 50.5000 16.0000 2.4000
      vertex 50.5000 16.0000 3.2000
    endloop
  endfacet
  facet normal 0.707107 0.707107 -0.000000
    outer loop
      vertex 50.7500 15.7500 2.4000
      vertex 50.5000 16.0000 3.2000
      vertex 50.7500 15.7500 3.2000
    endloop
  endfacet
  facet normal 1.000000 0.000000 0.000000
    outer loop
      vertex 50.5000 16.0000 2.4000
      vertex 50.5000 16.2500 2.4000
      vertex 50.5000 16.2500 3.2000
    endloop
  endfacet
  facet normal 1.000000 0.000000 0.000000
    outer loop
      vertex 50.5000 16.0000 2.4000
      vertex 50.5000 16.2500 3.2000
      vertex 50.5000 16.0000 3.2000
    endloop
  endfacet
  facet normal 0.707107 0.707107 0.000000
    outer loop
      vertex 50.5000 16.2500 2.4000
      vertex 50.2500 16.5000 2.4000
      vertex 50.2500 16.5000 3.2000
    endloop
  endfacet
  facet normal 0.707107 0.707107 -0.000000
    outer loop
      vertex 50.5000 16.2500 2.4000
      vertex 50.2500 16.5000 3.2000
      vertex 50.5000 16.2500 3.2000
    endloop
  endfacet
  facet normal 1.000000 0.000000 0.000000
    outer loop
      vertex 50.2500 16.5000 2.4000
      vertex 50.2500 16.7500 2.4000
      vertex 50.2500 16.7500 3.2000
    endloop
  endfacet
  facet normal 1.000000 0.000000 0.000000
    outer loop
      vertex 50.2500 16.5000 2.4000
      vertex 50.2500 16.7500 3.2000
      vertex 50.2500 16.5000 3.2000
    endloop
  endfacet
  facet normal 0.000000 1.000000 0.000000
    outer loop
      vertex 50.2500 16.7500 2.4000
      vertex 49.2500 16.7500 2.4000
      vertex 49.2500 16.7500 3.2000
    endloop
  endfacet
  facet normal 0.000000 1.000000 -0.000000
    outer loop
      vertex 50.2500 16.7500 2.4000
      vertex 49.2500 16.7500 3.2000
      vertex 50.2500 16.7500 3.2000
    endloop
  endfacet
  facet normal 0.000000 0.000000 -1.000000
    outer loop
      vertex 45.0000 16.7500 3.2000
      vertex 45.7500 15.0000 3.2000
      vertex 45.0000 12.2500 3.2000
    endloop
  endfacet
  facet normal 0.000000 0.000000 1.000000
    outer loop
      vertex 45.0000 12.2500 2.4000
      vertex 45.7500 15.0000 2.4000
      vertex 45.0000 16.7500 2.4000
    endloop
  endfacet
  facet normal 0.000000 0.000000 -1.000000
    outer loop
      vertex 45.0000 16.7500 3.2000
      vertex 45.7500 15.7500 3.2000
      vertex 45.7500 15.0000 3.2000
    endloop
  endfacet
  facet normal 0.000000 -0.000000 1.000000
    outer loop
      vertex 45.7500 15.0000 2.4000
      vertex 45.7500 15.7500 2.4000
      vertex 45.0000 16.7500 2.4000
    endloop
  endfacet
  facet normal 0.000000 0.000000 -1.000000
    outer loop
      vertex 45.0000 16.7500 3.2000
      vertex 46.0000 16.0000 3.2000
      vertex 45.7500 15.7500 3.2000
    endloop
  endfacet
  facet normal 0.000000 -0.000000 1.000000
    outer loop
      vertex 45.7500 15.7500 2.4000
      vertex 46.0000 16.0000 2.4000
      vertex 45.0000 16.7500 2.4000
    endloop
  endfacet
  facet normal 0.000000 0.000000 -1.000000
    outer loop
      vertex 45.0000 16.7500 3.2000
      vertex 47.7500 16.7500 3.2000
      vertex 46.0000 16.0000 3.2000
    endloop
  endfacet
  facet normal 0.000000 -0.000000 1.000000
    outer loop
      vertex 46.0000 16.0000 2.4000
      vertex 47.7500 16.7500 2.4000
      vertex 45.0000 16.7500 2.4000
    endloop
  endfacet
  facet normal 0.000000 0.000000 -1.000000
    outer loop
      vertex 47.7500 16.7500 3.2000
      vertex 47.5000 16.0000 3.2000
      vertex 46.0000 16.0000 3.2000
    endloop
  endfacet
  facet normal 0.000000 0.000000 1.000000
    outer loop
      vertex 46.0000 16.0000 2.4000
      vertex 47.5000 16.0000 2.4000
      vertex 47.7500 16.7500 2.4000
    endloop
  endfacet
  facet normal 0.000000 -0.000000 -1.000000
    outer loop
      vertex 47.7500 16.7500 3.2000
      vertex 47.7500 15.7500 3.2000
      vertex 47.5000 16.0000 3.2000
    endloop
  endfacet
  facet normal -0.000000 0.000000 1.000000
    outer loop
      vertex 47.5000 16.0000 2.4000
      vertex 47.7500 15.7500 2.4000
      vertex 47.7500 16.7500 2.4000
    endloop
  endfacet
  facet normal 0.000000 0.000000 -1.000000
    outer loop
      vertex 47.7500 16.7500 3.2000
      vertex 48.5000 16.0000 3.2000
      vertex 47.7500 15.7500 3.2000
    endloop
  endfacet
  facet normal 0.000000 0.000000 1.000000
    outer loop
      vertex 47.7500 15.7500 2.4000
      vertex 48.5000 16.0000 2.4000
      vertex 47.7500 16.7500 2.4000
    endloop
  endfacet
  facet normal 0.000000 -0.000000 -1.000000
    outer loop
      vertex 48.5000 16.0000 3.2000
      vertex 48.5000 15.0000 3.2000
      vertex 47.7500 15.7500 3.2000
    endloop
  endfacet
  facet normal -0.000000 0.000000 1.000000
    outer loop
      vertex 47.7500 15.7500 2.4000
      vertex 48.5000 15.0000 2.4000
      vertex 48.5000 16.0000 2.4000
    endloop
  endfacet
  facet normal 0.000000 0.000000 -1.000000
    outer loop
      vertex 48.7500 12.5000 3.2000
      vertex 47.7500 12.7500 3.2000
      vertex 48.0000 13.2500 3.2000
    endloop
  endfacet
  facet normal 0.000000 0.000000 1.000000
    outer loop
      vertex 48.0000 13.2500 2.4000
      vertex 47.7500 12.7500 2.4000
      vertex 48.7500 12.5000 2.4000
    endloop
  endfacet
  facet normal -0.000000 0.000000 -1.000000
    outer loop
      vertex 48.7500 12.5000 3.2000
      vertex 48.0000 12.2500 3.2000
      vertex 47.7500 12.7500 3.2000
    endloop
  endfacet
  facet normal 0.000000 0.000000 1.000000
    outer loop
      vertex 47.7500 12.7500 2.4000
      vertex 48.0000 12.2500 2.4000
      vertex 48.7500 12.5000 2.4000
    endloop
  endfacet
  facet normal 0.000000 -0.000000 -1.000000
    outer loop
      vertex 48.7500 12.5000 3.2000
      vertex 48.7500 12.2500 3.2000
      vertex 48.0000 12.2500 3.2000
    endloop
  endfacet
  facet normal 0.000000 0.000000 1.000000
    outer loop
      vertex 48.0000 12.2500 2.4000
      vertex 48.7500 12.2500 2.4000
      vertex 48.7500 12.5000 2.4000
    endloop
  endfacet
  facet normal 0.000000 0.000000 -1.000000
    outer loop
      vertex 48.0000 12.2500 3.2000
      vertex 47.7500 12.5000 3.2000
      vertex 47.7500 12.7500 3.2000
    endloop
  endfacet
  facet normal 0.000000 0.000000 1.000000
    outer loop
      vertex 47.7500 12.7500 2.4000
      vertex 47.7500 12.5000 2.4000
      vertex 48.0000 12.2500 2.4000
    endloop
  endfacet
  facet normal 0.000000 0.000000 -1.000000
    outer loop
      vertex 45.7500 12.2500 3.2000
      vertex 45.0000 12.2500 3.2000
      vertex 45.7500 13.7500 3.2000
    endloop
  endfacet
  facet normal 0.000000 0.000000 1.000000
    outer loop
      vertex 45.7500 13.7500 2.4000
      vertex 45.0000 12.2500 2.4000
      vertex 45.7500 12.2500 2.4000
    endloop
  endfacet
  facet normal 0.000000 0.000000 -1.000000
    outer loop
      vertex 45.0000 12.2500 3.2000
      vertex 45.7500 15.0000 3.2000
      vertex 45.7500 13.7500 3.2000
    endloop
  endfacet
  facet normal 0.000000 -0.000000 1.000000
    outer loop
      vertex 45.7500 13.7500 2.4000
      vertex 45.7500 15.0000 2.4000
      vertex 45.0000 12.2500 2.4000
    endloop
  endfacet
  facet normal 0.000000 0.000000 -1.000000
    outer loop
      vertex 45.7500 15.0000 3.2000
      vertex 46.0000 14.0000 3.2000
      vertex 45.7500 13.7500 3.2000
    endloop
  endfacet
  facet normal 0.000000 0.000000 1.000000
    outer loop
      vertex 45.7500 13.7500 2.4000
      vertex 46.0000 14.0000 2.4000
      vertex 45.7500 15.0000 2.4000
    endloop
  endfacet
  facet normal 0.000000 0.000000 -1.000000
    outer loop
      vertex 45.7500 15.0000 3.2000
      vertex 46.0000 14.7500 3.2000
      vertex 46.0000 14.0000 3.2000
    endloop
  endfacet
  facet normal 0.000000 -0.000000 1.000000
    outer loop
      vertex 46.0000 14.0000 2.4000
      vertex 46.0000 14.7500 2.4000
      vertex 45.7500 15.0000 2.4000
    endloop
  endfacet
  facet normal 0.000000 0.000000 -1.000000
    outer loop
      vertex 47.7500 15.7500 3.2000
      vertex 48.5000 15.0000 3.2000
      vertex 47.7500 15.0000 3.2000
    endloop
  endfacet
  facet normal 0.000000 0.000000 1.000000
    outer loop
      vertex 47.7500 15.0000 2.4000
      vertex 48.5000 15.0000 2.4000
      vertex 47.7500 15.7500 2.4000
    endloop
  endfacet
  facet normal -0.000000 0.000000 -1.000000
    outer loop
      vertex 48.5000 15.0000 3.2000
      vertex 48.2500 14.7500 3.2000
      vertex 47.7500 15.0000 3.2000
    endloop
  endfacet
  facet normal -0.000000 0.000000 1.000000
    outer loop
      vertex 47.7500 15.0000 2.4000
      vertex 48.2500 14.7500 2.4000
      vertex 48.5000 15.0000 2.4000
    endloop
  endfacet
  facet normal 0.000000 0.000000 -1.000000
    outer loop
      vertex 48.2500 14.5000 3.2000
      vertex 47.5000 14.7500 3.2000
      vertex 48.2500 14.7500 3.2000
    endloop
  endfacet
  facet normal 0.000000 0.000000 1.000000
    outer loop
      vertex 48.2500 14.7500 2.4000
      vertex 47.5000 14.7500 2.4000
      vertex 48.2500 14.5000 2.4000
    endloop
  endfacet
  facet normal -0.000000 0.000000 -1.000000
    outer loop
      vertex 48.2500 14.5000 3.2000
      vertex 47.7500 14.2500 3.2000
      vertex 47.5000 14.7500 3.2000
    endloop
  endfacet
  facet normal 0.000000 0.000000 1.000000
    outer loop
      vertex 47.5000 14.7500 2.4000
      vertex 47.7500 14.2500 2.4000
      vertex 48.2500 14.5000 2.4000
    endloop
  endfacet
  facet normal 0.000000 0.000000 -1.000000
    outer loop
      vertex 48.2500 14.5000 3.2000
      vertex 48.0000 14.2500 3.2000
      vertex 47.7500 14.2500 3.2000
    endloop
  endfacet
  facet normal 0.000000 0.000000 1.000000
    outer loop
      vertex 47.7500 14.2500 2.4000
      vertex 48.0000 14.2500 2.4000
      vertex 48.2500 14.5000 2.4000
    endloop
  endfacet
  facet normal -0.000000 -0.000000 -1.000000
    outer loop
      vertex 48.0000 13.5000 3.2000
      vertex 48.0000 13.2500 3.2000
      vertex 47.5000 14.0000 3.2000
    endloop
  endfacet
  facet normal 0.000000 0.000000 1.000000
    outer loop
      vertex 47.5000 14.0000 2.4000
      vertex 48.0000 13.2500 2.4000
      vertex 48.0000 13.5000 2.4000
    endloop
  endfacet
  facet normal -0.000000 0.000000 -1.000000
    outer loop
      vertex 48.0000 13.2500 3.2000
      vertex 47.7500 12.7500 3.2000
      vertex 47.5000 14.0000 3.2000
    endloop
  endfacet
  facet normal 0.000000 0.000000 1.000000
    outer loop
      vertex 47.5000 14.0000 2.4000
      vertex 47.7500 12.7500 2.4000
      vertex 48.0000 13.2500 2.4000
    endloop
  endfacet
  facet normal 0.000000 0.000000 -1.000000
    outer loop
      vertex 47.7500 12.7500 3.2000
      vertex 46.5000 14.0000 3.2000
      vertex 47.5000 14.0000 3.2000
    endloop
  endfacet
  facet normal 0.000000 0.000000 1.000000
    outer loop
      vertex 47.5000 14.0000 2.4000
      vertex 46.5000 14.0000 2.4000
      vertex 47.7500 12.7500 2.4000
    endloop
  endfacet
  facet normal 0.000000 0.000000 -1.000000
    outer loop
      vertex 46.5000 14.0000 3.2000
      vertex 47.5000 14.7500 3.2000
      vertex 47.5000 14.0000 3.2000
    endloop
  endfacet
  facet normal 0.000000 -0.000000 1.000000
    outer loop
      vertex 47.5000 14.0000 2.4000
      vertex 47.5000 14.7500 2.4000
      vertex 46.5000 14.0000 2.4000
    endloop
  endfacet
  facet normal 0.000000 0.000000 -1.000000
    outer loop
      vertex 46.5000 14.0000 3.2000
      vertex 46.0000 14.7500 3.2000
      vertex 47.5000 14.7500 3.2000
    endloop
  endfacet
  facet normal 0.000000 0.000000 1.000000
    outer loop
      vertex 47.5000 14.7500 2.4000
      vertex 46.0000 14.7500 2.4000
      vertex 46.5000 14.0000 2.4000
    endloop
  endfacet
  facet normal 0.000000 0.000000 -1.000000
    outer loop
      vertex 46.5000 14.0000 3.2000
      vertex 46.0000 14.0000 3.2000
      vertex 46.0000 14.7500 3.2000
    endloop
  endfacet
  facet normal 0.000000 0.000000 1.000000
    outer loop
      vertex 46.0000 14.7500 2.4000
      vertex 46.0000 14.0000 2.4000
      vertex 46.5000 14.0000 2.4000
    endloop
  endfacet
  facet normal 0.000000 0.000000 -1.000000
    outer loop
      vertex 47.5000 14.7500 3.2000
      vertex 47.7500 14.2500 3.2000
      vertex 47.5000 14.0000 3.2000
    endloop
  endfacet
  facet normal 0.000000 0.000000 1.000000
    outer loop
      vertex 47.5000 14.0000 2.4000
      vertex 47.7500 14.2500 2.4000
      vertex 47.5000 14.7500 2.4000
    endloop
  endfacet
  facet normal 0.000000 0.000000 -1.000000
    outer loop
      vertex 47.5000 14.7500 3.2000
      vertex 47.7500 15.0000 3.2000
      vertex 48.2500 14.7500 3.2000
    endloop
  endfacet
  facet normal 0.000000 0.000000 1.000000
    outer loop
      vertex 48.2500 14.7500 2.4000
      vertex 47.7500 15.0000 2.4000
      vertex 47.5000 14.7500 2.4000
    endloop
  endfacet
  facet normal -1.000000 0.000000 0.000000
    outer loop
      vertex 45.0000 16.7500 2.4000
      vertex 45.0000 12.2500 2.4000
      vertex 45.0000 12.2500 3.2000
    endloop
  endfacet
  facet normal -1.000000 0.000000 0.000000
    outer loop
      vertex 45.0000 16.7500 2.4000
      vertex 45.0000 12.2500 3.2000
      vertex 45.0000 16.7500 3.2000
    endloop
  endfacet
  facet normal 0.000000 -1.000000 0.000000
    outer loop
      vertex 45.0000 12.2500 2.4000
      vertex 45.7500 12.2500 2.4000
      vertex 45.7500 12.2500 3.2000
    endloop
  endfacet
  facet normal 0.000000 -1.000000 0.000000
    outer loop
      vertex 45.0000 12.2500 2.4000
      vertex 45.7500 12.2500 3.2000
      vertex 45.0000 12.2500 3.2000
    endloop
  endfacet
  facet normal 1.000000 0.000000 0.000000
    outer loop
      vertex 45.7500 12.2500 2.4000
      vertex 45.7500 13.7500 2.4000
      vertex 45.7500 13.7500 3.2000
    endloop
  endfacet
  facet normal 1.000000 0.000000 0.000000
    outer loop
      vertex 45.7500 12.2500 2.4000
      vertex 45.7500 13.7500 3.2000
      vertex 45.7500 12.2500 3.2000
    endloop
  endfacet
  facet normal 0.707107 -0.707107 0.000000
    outer loop
      vertex 45.7500 13.7500 2.4000
      vertex 46.0000 14.0000 2.4000
      vertex 46.0000 14.0000 3.2000
    endloop
  endfacet
  facet normal 0.707107 -0.707107 0.000000
    outer loop
      vertex 45.7500 13.7500 2.4000
      vertex 46.0000 14.0000 3.2000
      vertex 45.7500 13.7500 3.2000
    endloop
  endfacet
  facet normal 0.000000 -1.000000 0.000000
    outer loop
      vertex 46.0000 14.0000 2.4000
      vertex 46.5000 14.0000 2.4000
      vertex 46.5000 14.0000 3.2000
    endloop
  endfacet
  facet normal 0.000000 -1.000000 0.000000
    outer loop
      vertex 46.0000 14.0000 2.4000
      vertex 46.5000 14.0000 3.2000
      vertex 46.0000 14.0000 3.2000
    endloop
  endfacet
  facet normal -0.707107 -0.707107 0.000000
    outer loop
      vertex 46.5000 14.0000 2.4000
      vertex 47.7500 12.7500 2.4000
      vertex 47.7500 12.7500 3.2000
    endloop
  endfacet
  facet normal -0.707107 -0.707107 0.000000
    outer loop
      vertex 46.5000 14.0000 2.4000
      vertex 47.7500 12.7500 3.2000
      vertex 46.5000 14.0000 3.2000
    endloop
  endfacet
  facet normal -1.000000 0.000000 0.000000
    outer loop
      vertex 47.7500 12.7500 2.4000
      vertex 47.7500 12.5000 2.4000
      vertex 47.7500 12.5000 3.2000
    endloop
  endfacet
  facet normal -1.000000 0.000000 0.000000
    outer loop
      vertex 47.7500 12.7500 2.4000
      vertex 47.7500 12.5000 3.2000
      vertex 47.7500 12.7500 3.2000
    endloop
  endfacet
  facet normal -0.707107 -0.707107 0.000000
    outer loop
      vertex 47.7500 12.5000 2.4000
      vertex 48.0000 12.2500 2.4000
      vertex 48.0000 12.2500 3.2000
    endloop
  endfacet
  facet normal -0.707107 -0.707107 0.000000
    outer loop
      vertex 47.7500 12.5000 2.4000
      vertex 48.0000 12.2500 3.2000
      vertex 47.7500 12.5000 3.2000
    endloop
  endfacet
  facet normal 0.000000 -1.000000 0.000000
    outer loop
      vertex 48.0000 12.2500 2.4000
      vertex 48.7500 12.2500 2.4000
      vertex 48.7500 12.2500 3.2000
    endloop
  endfacet
  facet normal 0.000000 -1.000000 0.000000
    outer loop
      vertex 48.0000 12.2500 2.4000
      vertex 48.7500 12.2500 3.2000
      vertex 48.0000 12.2500 3.2000
    endloop
  endfacet
  facet normal 1.000000 0.000000 0.000000
    outer loop
      vertex 48.7500 12.2500 2.4000
      vertex 48.7500 12.5000 2.4000
      vertex 48.7500 12.5000 3.2000
    endloop
  endfacet
  facet normal 1.000000 0.000000 0.000000
    outer loop
      vertex 48.7500 12.2500 2.4000
      vertex 48.7500 12.5000 3.2000
      vertex 48.7500 12.2500 3.2000
    endloop
  endfacet
  facet normal 0.707107 0.707107 0.000000
    outer loop
      vertex 48.7500 12.5000 2.4000
      vertex 48.0000 13.2500 2.4000
      vertex 48.0000 13.2500 3.2000
    endloop
  endfacet
  facet normal 0.707107 0.707107 -0.000000
    outer loop
      vertex 48.7500 12.5000 2.4000
      vertex 48.0000 13.2500 3.2000
      vertex 48.7500 12.5000 3.2000
    endloop
  endfacet
  facet normal 1.000000 0.000000 0.000000
    outer loop
      vertex 48.0000 13.2500 2.4000
      vertex 48.0000 13.5000 2.4000
      vertex 48.0000 13.5000 3.2000
    endloop
  endfacet
  facet normal 1.000000 0.000000 0.000000
    outer loop
      vertex 48.0000 13.2500 2.4000
      vertex 48.0000 13.5000 3.2000
      vertex 48.0000 13.2500 3.2000
    endloop
  endfacet
  facet normal 0.707107 0.707107 0.000000
    outer loop
      vertex 48.0000 13.5000 2.4000
      vertex 47.5000 14.0000 2.4000
      vertex 47.5000 14.0000 3.2000
    endloop
  endfacet
  facet normal 0.707107 0.707107 -0.000000
    outer loop
      vertex 48.0000 13.5000 2.4000
      vertex 47.5000 14.0000 3.2000
      vertex 48.0000 13.5000 3.2000
    endloop
  endfacet
  facet normal 0.707107 -0.707107 0.000000
    outer loop
      vertex 47.5000 14.0000 2.4000
      vertex 47.7500 14.2500 2.4000
      vertex 47.7500 14.2500 3.2000
    endloop
  endfacet
  facet normal 0.707107 -0.707107 0.000000
    outer loop
      vertex 47.5000 14.0000 2.4000
      vertex 47.7500 14.2500 3.2000
      vertex 47.5000 14.0000 3.2000
    endloop
  endfacet
  facet normal 0.000000 -1.000000 0.000000
    outer loop
      vertex 47.7500 14.2500 2.4000
      vertex 48.0000 14.2500 2.4000
      vertex 48.0000 14.2500 3.2000
    endloop
  endfacet
  facet normal 0.000000 -1.000000 0.000000
    outer loop
      vertex 47.7500 14.2500 2.4000
      vertex 48.0000 14.2500 3.2000
      vertex 47.7500 14.2500 3.2000
    endloop
  endfacet
  facet normal 0.707107 -0.707107 0.000000
    outer loop
      vertex 48.0000 14.2500 2.4000
      vertex 48.2500 14.5000 2.4000
      vertex 48.2500 14.5000 3.2000
    endloop
  endfacet
  facet normal 0.707107 -0.707107 0.000000
    outer loop
      vertex 48.0000 14.2500 2.4000
      vertex 48.2500 14.5000 3.2000
      vertex 48.0000 14.2500 3.2000
    endloop
  endfacet
  facet normal 1.000000 0.000000 0.000000
    outer loop
      vertex 48.2500 14.5000 2.4000
      vertex 48.2500 14.7500 2.4000
      vertex 48.2500 14.7500 3.2000
    endloop
  endfacet
  facet normal 1.000000 0.000000 0.000000
    outer loop
      vertex 48.2500 14.5000 2.4000
      vertex 48.2500 14.7500 3.2000
      vertex 48.2500 14.5000 3.2000
    endloop
  endfacet
  facet normal 0.707107 -0.707107 0.000000
    outer loop
      vertex 48.2500 14.7500 2.4000
      vertex 48.5000 15.0000 2.4000
      vertex 48.5000 15.0000 3.2000
    endloop
  endfacet
  facet normal 0.707107 -0.707107 0.000000
    outer loop
      vertex 48.2500 14.7500 2.4000
      vertex 48.5000 15.0000 3.2000
      vertex 48.2500 14.7500 3.2000
    endloop
  endfacet
  facet normal 1.000000 0.000000 0.000000
    outer loop
      vertex 48.5000 15.0000 2.4000
      vertex 48.5000 16.0000 2.4000
      vertex 48.5000 16.0000 3.2000
    endloop
  endfacet
  facet normal 1.000000 0.000000 0.000000
    outer loop
      vertex 48.5000 15.0000 2.4000
      vertex 48.5000 16.0000 3.2000
      vertex 48.5000 15.0000 3.2000
    endloop
  endfacet
  facet normal 0.707107 0.707107 0.000000
    outer loop
      vertex 48.5000 16.0000 2.4000
      vertex 47.7500 16.7500 2.4000
      vertex 47.7500 16.7500 3.2000
    endloop
  endfacet
  facet normal 0.707107 0.707107 -0.000000
    outer loop
      vertex 48.5000 16.0000 2.4000
      vertex 47.7500 16.7500 3.2000
      vertex 48.5000 16.0000 3.2000
    endloop
  endfacet
  facet normal 0.000000 1.000000 0.000000
    outer loop
      vertex 47.7500 16.7500 2.4000
      vertex 45.0000 16.7500 2.4000
      vertex 45.0000 16.7500 3.2000
    endloop
  endfacet
  facet normal 0.000000 1.000000 -0.000000
    outer loop
      vertex 47.7500 16.7500 2.4000
      vertex 45.0000 16.7500 3.2000
      vertex 47.7500 16.7500 3.2000
    endloop
  endfacet
  facet normal 0.707107 -0.707107 0.000000
    outer loop
      vertex 45.7500 15.7500 2.4000
      vertex 46.0000 16.0000 2.4000
      vertex 46.0000 16.0000 3.2000
    endloop
  endfacet
  facet normal 0.707107 -0.707107 0.000000
    outer loop
      vertex 45.7500 15.7500 2.4000
      vertex 46.0000 16.0000 3.2000
      vertex 45.7500 15.7500 3.2000
    endloop
  endfacet
  facet normal 0.000000 -1.000000 0.000000
    outer loop
      vertex 46.0000 16.0000 2.4000
      vertex 47.5000 16.0000 2.4000
      vertex 47.5000 16.0000 3.2000
    endloop
  endfacet
  facet normal 0.000000 -1.000000 0.000000
    outer loop
      vertex 46.0000 16.0000 2.4000
      vertex 47.5000 16.0000 3.2000
      vertex 46.0000 16.0000 3.2000
    endloop
  endfacet
  facet normal -0.707107 -0.707107 0.000000
    outer loop
      vertex 47.5000 16.0000 2.4000
      vertex 47.7500 15.7500 2.4000
      vertex 47.7500 15.7500 3.2000
    endloop
  endfacet
  facet normal -0.707107 -0.707107 0.000000
    outer loop
      vertex 47.5000 16.0000 2.4000
      vertex 47.7500 15.7500 3.2000
      vertex 47.5000 16.0000 3.2000
    endloop
  endfacet
  facet normal -1.000000 0.000000 0.000000
    outer loop
      vertex 47.7500 15.7500 2.4000
      vertex 47.7500 15.0000 2.4000
      vertex 47.7500 15.0000 3.2000
    endloop
  endfacet
  facet normal -1.000000 0.000000 0.000000
    outer loop
      vertex 47.7500 15.7500 2.4000
      vertex 47.7500 15.0000 3.2000
      vertex 47.7500 15.7500 3.2000
    endloop
  endfacet
  facet normal -0.707107 0.707107 0.000000
    outer loop
      vertex 47.7500 15.0000 2.4000
      vertex 47.5000 14.7500 2.4000
      vertex 47.5000 14.7500 3.2000
    endloop
  endfacet
  facet normal -0.707107 0.707107 0.000000
    outer loop
      vertex 47.7500 15.0000 2.4000
      vertex 47.5000 14.7500 3.2000
      vertex 47.7500 15.0000 3.2000
    endloop
  endfacet
  facet normal 0.000000 1.000000 0.000000
    outer loop
      vertex 47.5000 14.7500 2.4000
      vertex 46.0000 14.7500 2.4000
      vertex 46.0000 14.7500 3.2000
    endloop
  endfacet
  facet normal 0.000000 1.000000 -0.000000
    outer loop
      vertex 47.5000 14.7500 2.4000
      vertex 46.0000 14.7500 3.2000
      vertex 47.5000 14.7500 3.2000
    endloop
  endfacet
  facet normal 0.707107 0.707107 0.000000
    outer loop
      vertex 46.0000 14.7500 2.4000
      vertex 45.7500 15.0000 2.4000
      vertex 45.7500 15.0000 3.2000
    endloop
  endfacet
  facet normal 0.707107 0.707107 -0.000000
    outer loop
      vertex 46.0000 14.7500 2.4000
      vertex 45.7500 15.0000 3.2000
      vertex 46.0000 14.7500 3.2000
    endloop
  endfacet
  facet normal 1.000000 0.000000 0.000000
    outer loop
      vertex 45.7500 15.0000 2.4000
      vertex 45.7500 15.7500 2.4000
      vertex 45.7500 15.7500 3.2000
    endloop
  endfacet
  facet normal 1.000000 0.000000 0.000000
    outer loop
      vertex 45.7500 15.0000 2.4000
      vertex 45.7500 15.7500 3.2000
      vertex 45.7500 15.0000 3.2000
    endloop
  endfacet
  facet normal 0.000000 0.000000 -1.000000
    outer loop
      vertex 40.7500 16.7500 3.2000
      vertex 41.5000 14.0000 3.2000
      vertex 40.7500 12.2500 3.2000
    endloop
  endfacet
  facet normal 0.000000 0.000000 1.000000
    outer loop
      vertex 40.7500 12.2500 2.4000
      vertex 41.5000 14.0000 2.4000
      vertex 40.7500 16.7500 2.4000
    endloop
  endfacet
  facet normal 0.000000 0.000000 -1.000000
    outer loop
      vertex 40.7500 16.7500 3.2000
      vertex 41.5000 15.2500 3.2000
      vertex 41.5000 14.0000 3.2000
    endloop
  endfacet
  facet normal 0.000000 -0.000000 1.000000
    outer loop
      vertex 41.5000 14.0000 2.4000
      vertex 41.5000 15.2500 2.4000
      vertex 40.7500 16.7500 2.4000
    endloop
  endfacet
  facet normal 0.000000 0.000000 -1.000000
    outer loop
      vertex 40.7500 16.7500 3.2000
      vertex 41.5000 15.7500 3.2000
      vertex 41.5000 15.2500 3.2000
    endloop
  endfacet
  facet normal 0.000000 -0.000000 1.000000
    outer loop
      vertex 41.5000 15.2500 2.4000
      vertex 41.5000 15.7500 2.4000
      vertex 40.7500 16.7500 2.4000
    endloop
  endfacet
  facet normal 0.000000 0.000000 -1.000000
    outer loop
      vertex 40.7500 16.7500 3.2000
      vertex 41.7500 16.0000 3.2000
      vertex 41.5000 15.7500 3.2000
    endloop
  endfacet
  facet normal 0.000000 -0.000000 1.000000
    outer loop
      vertex 41.5000 15.7500 2.4000
      vertex 41.7500 16.0000 2.4000
      vertex 40.7500 16.7500 2.4000
    endloop
  endfacet
  facet normal 0.000000 0.000000 -1.000000
    outer loop
      vertex 40.7500 16.7500 3.2000
      vertex 44.0000 16.7500 3.2000
      vertex 41.7500 16.0000 3.2000
    endloop
  endfacet
  facet normal 0.000000 -0.000000 1.000000
    outer loop
      vertex 41.7500 16.0000 2.4000
      vertex 44.0000 16.7500 2.4000
      vertex 40.7500 16.7500 2.4000
    endloop
  endfacet
  facet normal 0.000000 -0.000000 -1.000000
    outer loop
      vertex 44.0000 16.7500 3.2000
      vertex 44.0000 16.0000 3.2000
      vertex 41.7500 16.0000 3.2000
    endloop
  endfacet
  facet normal 0.000000 0.000000 1.000000
    outer loop
      vertex 41.7500 16.0000 2.4000
      vertex 44.0000 16.0000 2.4000
      vertex 44.0000 16.7500 2.4000
    endloop
  endfacet
  facet normal 0.000000 0.000000 -1.000000
    outer loop
      vertex 44.0000 12.2500 3.2000
      vertex 41.7500 13.0000 3.2000
      vertex 44.0000 13.0000 3.2000
    endloop
  endfacet
  facet normal 0.000000 0.000000 1.000000
    outer loop
      vertex 44.0000 13.0000 2.4000
      vertex 41.7500 13.0000 2.4000
      vertex 44.0000 12.2500 2.4000
    endloop
  endfacet
  facet normal 0.000000 0.000000 -1.000000
    outer loop
      vertex 44.0000 12.2500 3.2000
      vertex 40.7500 12.2500 3.2000
      vertex 41.7500 13.0000 3.2000
    endloop
  endfacet
  facet normal 0.000000 0.000000 1.000000
    outer loop
      vertex 41.7500 13.0000 2.4000
      vertex 40.7500 12.2500 2.4000
      vertex 44.0000 12.2500 2.4000
    endloop
  endfacet
  facet normal 0.000000 0.000000 -1.000000
    outer loop
      vertex 40.7500 12.2500 3.2000
      vertex 41.5000 13.2500 3.2000
      vertex 41.7500 13.0000 3.2000
    endloop
  endfacet
  facet normal 0.000000 0.000000 1.000000
    outer loop
      vertex 41.7500 13.0000 2.4000
      vertex 41.5000 13.2500 2.4000
      vertex 40.7500 12.2500 2.4000
    endloop
  endfacet
  facet normal 0.000000 0.000000 -1.000000
    outer loop
      vertex 40.7500 12.2500 3.2000
      vertex 41.5000 14.0000 3.2000
      vertex 41.5000 13.2500 3.2000
    endloop
  endfacet
  facet normal 0.000000 -0.000000 1.000000
    outer loop
      vertex 41.5000 13.2500 2.4000
      vertex 41.5000 14.0000 2.4000
      vertex 40.7500 12.2500 2.4000
    endloop
  endfacet
  facet normal 0.000000 0.000000 -1.000000
    outer loop
      vertex 41.5000 14.0000 3.2000
      vertex 41.7500 15.0000 3.2000
      vertex 41.7500 14.2500 3.2000
    endloop
  endfacet
  facet normal 0.000000 -0.000000 1.000000
    outer loop
      vertex 41.7500 14.2500 2.4000
      vertex 41.7500 15.0000 2.4000
      vertex 41.5000 14.0000 2.4000
    endloop
  endfacet
  facet normal 0.000000 0.000000 -1.000000
    outer loop
      vertex 41.5000 14.0000 3.2000
      vertex 41.5000 15.2500 3.2000
      vertex 41.7500 15.0000 3.2000
    endloop
  endfacet
  facet normal 0.000000 0.000000 1.000000
    outer loop
      vertex 41.7500 15.0000 2.4000
      vertex 41.5000 15.2500 2.4000
      vertex 41.5000 14.0000 2.4000
    endloop
  endfacet
  facet normal 0.000000 0.000000 -1.000000
    outer loop
      vertex 41.7500 14.2500 3.2000
      vertex 41.7500 15.0000 3.2000
      vertex 43.7500 14.2500 3.2000
    endloop
  endfacet
  facet normal 0.000000 0.000000 1.000000
    outer loop
      vertex 43.7500 14.2500 2.4000
      vertex 41.7500 15.0000 2.4000
      vertex 41.7500 14.2500 2.4000
    endloop
  endfacet
  facet normal 0.000000 0.000000 -1.000000
    outer loop
      vertex 41.7500 15.0000 3.2000
      vertex 43.7500 15.0000 3.2000
      vertex 43.7500 14.2500 3.2000
    endloop
  endfacet
  facet normal 0.000000 -0.000000 1.000000
    outer loop
      vertex 43.7500 14.2500 2.4000
      vertex 43.7500 15.0000 2.4000
      vertex 41.7500 15.0000 2.4000
    endloop
  endfacet
  facet normal -1.000000 0.000000 0.000000
    outer loop
      vertex 40.7500 16.7500 2.4000
      vertex 40.7500 12.2500 2.4000
      vertex 40.7500 12.2500 3.2000
    endloop
  endfacet
  facet normal -1.000000 0.000000 0.000000
    outer loop
      vertex 40.7500 16.7500 2.4000
      vertex 40.7500 12.2500 3.2000
      vertex 40.7500 16.7500 3.2000
    endloop
  endfacet
  facet normal 0.000000 -1.000000 0.000000
    outer loop
      vertex 40.7500 12.2500 2.4000
      vertex 44.0000 12.2500 2.4000
      vertex 44.0000 12.2500 3.2000
    endloop
  endfacet
  facet normal 0.000000 -1.000000 0.000000
    outer loop
      vertex 40.7500 12.2500 2.4000
      vertex 44.0000 12.2500 3.2000
      vertex 40.7500 12.2500 3.2000
    endloop
  endfacet
  facet normal 1.000000 0.000000 0.000000
    outer loop
      vertex 44.0000 12.2500 2.4000
      vertex 44.0000 13.0000 2.4000
      vertex 44.0000 13.0000 3.2000
    endloop
  endfacet
  facet normal 1.000000 0.000000 0.000000
    outer loop
      vertex 44.0000 12.2500 2.4000
      vertex 44.0000 13.0000 3.2000
      vertex 44.0000 12.2500 3.2000
    endloop
  endfacet
  facet normal 0.000000 1.000000 0.000000
    outer loop
      vertex 44.0000 13.0000 2.4000
      vertex 41.7500 13.0000 2.4000
      vertex 41.7500 13.0000 3.2000
    endloop
  endfacet
  facet normal 0.000000 1.000000 -0.000000
    outer loop
      vertex 44.0000 13.0000 2.4000
      vertex 41.7500 13.0000 3.2000
      vertex 44.0000 13.0000 3.2000
    endloop
  endfacet
  facet normal 0.707107 0.707107 0.000000
    outer loop
      vertex 41.7500 13.0000 2.4000
      vertex 41.5000 13.2500 2.4000
      vertex 41.5000 13.2500 3.2000
    endloop
  endfacet
  facet normal 0.707107 0.707107 -0.000000
    outer loop
      vertex 41.7500 13.0000 2.4000
      vertex 41.5000 13.2500 3.2000
      vertex 41.7500 13.0000 3.2000
    endloop
  endfacet
  facet normal 1.000000 0.000000 0.000000
    outer loop
      vertex 41.5000 13.2500 2.4000
      vertex 41.5000 14.0000 2.4000
      vertex 41.5000 14.0000 3.2000
    endloop
  endfacet
  facet normal 1.000000 0.000000 0.000000
    outer loop
      vertex 41.5000 13.2500 2.4000
      vertex 41.5000 14.0000 3.2000
      vertex 41.5000 13.2500 3.2000
    endloop
  endfacet
  facet normal 0.707107 -0.707107 0.000000
    outer loop
      vertex 41.5000 14.0000 2.4000
      vertex 41.7500 14.2500 2.4000
      vertex 41.7500 14.2500 3.2000
    endloop
  endfacet
  facet normal 0.707107 -0.707107 0.000000
    outer loop
      vertex 41.5000 14.0000 2.4000
      vertex 41.7500 14.2500 3.2000
      vertex 41.5000 14.0000 3.2000
    endloop
  endfacet
  facet normal 0.000000 -1.000000 0.000000
    outer loop
      vertex 41.7500 14.2500 2.4000
      vertex 43.7500 14.2500 2.4000
      vertex 43.7500 14.2500 3.2000
    endloop
  endfacet
  facet normal 0.000000 -1.000000 0.000000
    outer loop
      vertex 41.7500 14.2500 2.4000
      vertex 43.7500 14.2500 3.2000
      vertex 41.7500 14.2500 3.2000
    endloop
  endfacet
  facet normal 1.000000 0.000000 0.000000
    outer loop
      vertex 43.7500 14.2500 2.4000
      vertex 43.7500 15.0000 2.4000
      vertex 43.7500 15.0000 3.2000
    endloop
  endfacet
  facet normal 1.000000 0.000000 0.000000
    outer loop
      vertex 43.7500 14.2500 2.4000
      vertex 43.7500 15.0000 3.2000
      vertex 43.7500 14.2500 3.2000
    endloop
  endfacet
  facet normal 0.000000 1.000000 0.000000
    outer loop
      vertex 43.7500 15.0000 2.4000
      vertex 41.7500 15.0000 2.4000
      vertex 41.7500 15.0000 3.2000
    endloop
  endfacet
  facet normal 0.000000 1.000000 -0.000000
    outer loop
      vertex 43.7500 15.0000 2.4000
      vertex 41.7500 15.0000 3.2000
      vertex 43.7500 15.0000 3.2000
    endloop
  endfacet
  facet normal 0.707107 0.707107 0.000000
    outer loop
      vertex 41.7500 15.0000 2.4000
      vertex 41.5000 15.2500 2.4000
      vertex 41.5000 15.2500 3.2000
    endloop
  endfacet
  facet normal 0.707107 0.707107 -0.000000
    outer loop
      vertex 41.7500 15.0000 2.4000
      vertex 41.5000 15.2500 3.2000
      vertex 41.7500 15.0000 3.2000
    endloop
  endfacet
  facet normal 1.000000 0.000000 0.000000
    outer loop
      vertex 41.5000 15.2500 2.4000
      vertex 41.5000 15.7500 2.4000
      vertex 41.5000 15.7500 3.2000
    endloop
  endfacet
  facet normal 1.000000 0.000000 0.000000
    outer loop
      vertex 41.5000 15.2500 2.4000
      vertex 41.5000 15.7500 3.2000
      vertex 41.5000 15.2500 3.2000
    endloop
  endfacet
  facet normal 0.707107 -0.707107 0.000000
    outer loop
      vertex 41.5000 15.7500 2.4000
      vertex 41.7500 16.0000 2.4000
      vertex 41.7500 16.0000 3.2000
    endloop
  endfacet
  facet normal 0.707107 -0.707107 0.000000
    outer loop
      vertex 41.5000 15.7500 2.4000
      vertex 41.7500 16.0000 3.2000
      vertex 41.5000 15.7500 3.2000
    endloop
  endfacet
  facet normal 0.000000 -1.000000 0.000000
    outer loop
      vertex 41.7500 16.0000 2.4000
      vertex 44.0000 16.0000 2.4000
      vertex 44.0000 16.0000 3.2000
    endloop
  endfacet
  facet normal 0.000000 -1.000000 0.000000
    outer loop
      vertex 41.7500 16.0000 2.4000
      vertex 44.0000 16.0000 3.2000
      vertex 41.7500 16.0000 3.2000
    endloop
  endfacet
  facet normal 1.000000 0.000000 0.000000
    outer loop
      vertex 44.0000 16.0000 2.4000
      vertex 44.0000 16.7500 2.4000
      vertex 44.0000 16.7500 3.2000
    endloop
  endfacet
  facet normal 1.000000 0.000000 0.000000
    outer loop
      vertex 44.0000 16.0000 2.4000
      vertex 44.0000 16.7500 3.2000
      vertex 44.0000 16.0000 3.2000
    endloop
  endfacet
  facet normal 0.000000 1.000000 0.000000
    outer loop
      vertex 44.0000 16.7500 2.4000
      vertex 40.7500 16.7500 2.4000
      vertex 40.7500 16.7500 3.2000
    endloop
  endfacet
  facet normal 0.000000 1.000000 -0.000000
    outer loop
      vertex 44.0000 16.7500 2.4000
      vertex 40.7500 16.7500 3.2000
      vertex 44.0000 16.7500 3.2000
    endloop
  endfacet
  facet normal 0.000000 0.000000 -1.000000
    outer loop
      vertex 36.5000 16.7500 3.2000
      vertex 37.5000 16.0000 3.2000
      vertex 36.5000 16.0000 3.2000
    endloop
  endfacet
  facet normal 0.000000 0.000000 1.000000
    outer loop
      vertex 36.5000 16.0000 2.4000
      vertex 37.5000 16.0000 2.4000
      vertex 36.5000 16.7500 2.4000
    endloop
  endfacet
  facet normal 0.000000 0.000000 -1.000000
    outer loop
      vertex 36.5000 16.7500 3.2000
      vertex 38.7500 16.0000 3.2000
      vertex 37.5000 16.0000 3.2000
    endloop
  endfacet
  facet normal 0.000000 -0.000000 1.000000
    outer loop
      vertex 37.5000 16.0000 2.4000
      vertex 38.7500 16.0000 2.4000
      vertex 36.5000 16.7500 2.4000
    endloop
  endfacet
  facet normal 0.000000 0.000000 -1.000000
    outer loop
      vertex 36.5000 16.7500 3.2000
      vertex 39.7500 16.7500 3.2000
      vertex 38.7500 16.0000 3.2000
    endloop
  endfacet
  facet normal 0.000000 -0.000000 1.000000
    outer loop
      vertex 38.7500 16.0000 2.4000
      vertex 39.7500 16.7500 2.4000
      vertex 36.5000 16.7500 2.4000
    endloop
  endfacet
  facet normal 0.000000 -0.000000 -1.000000
    outer loop
      vertex 39.7500 16.7500 3.2000
      vertex 39.7500 16.0000 3.2000
      vertex 38.7500 16.0000 3.2000
    endloop
  endfacet
  facet normal 0.000000 0.000000 1.000000
    outer loop
      vertex 38.7500 16.0000 2.4000
      vertex 39.7500 16.0000 2.4000
      vertex 39.7500 16.7500 2.4000
    endloop
  endfacet
  facet normal 0.000000 0.000000 -1.000000
    outer loop
      vertex 38.5000 12.2500 3.2000
      vertex 37.7500 15.7500 3.2000
      vertex 38.5000 15.7500 3.2000
    endloop
  endfacet
  facet normal 0.000000 0.000000 1.000000
    outer loop
      vertex 38.5000 15.7500 2.4000
      vertex 37.7500 15.7500 2.4000
      vertex 38.5000 12.2500 2.4000
    endloop
  endfacet
  facet normal 0.000000 0.000000 -1.000000
    outer loop
      vertex 38.5000 12.2500 3.2000
      vertex 37.7500 12.2500 3.2000
      vertex 37.7500 15.7500 3.2000
    endloop
  endfacet
  facet normal 0.000000 0.000000 1.000000
    outer loop
      vertex 37.7500 15.7500 2.4000
      vertex 37.7500 12.2500 2.4000
      vertex 38.5000 12.2500 2.4000
    endloop
  endfacet
  facet normal 0.000000 0.000000 -1.000000
    outer loop
      vertex 37.5000 16.0000 3.2000
      vertex 38.5000 15.7500 3.2000
      vertex 37.7500 15.7500 3.2000
    endloop
  endfacet
  facet normal 0.000000 -0.000000 1.000000
    outer loop
      vertex 37.7500 15.7500 2.4000
      vertex 38.5000 15.7500 2.4000
      vertex 37.5000 16.0000 2.4000
    endloop
  endfacet
  facet normal 0.000000 0.000000 -1.000000
    outer loop
      vertex 37.5000 16.0000 3.2000
      vertex 38.7500 16.0000 3.2000
      vertex 38.5000 15.7500 3.2000
    endloop
  endfacet
  facet normal 0.000000 -0.000000 1.000000
    outer loop
      vertex 38.5000 15.7500 2.4000
      vertex 38.7500 16.0000 2.4000
      vertex 37.5000 16.0000 2.4000
    endloop
  endfacet
  facet normal -1.000000 0.000000 0.000000
    outer loop
      vertex 36.5000 16.7500 2.4000
      vertex 36.5000 16.0000 2.4000
      vertex 36.5000 16.0000 3.2000
    endloop
  endfacet
  facet normal -1.000000 0.000000 0.000000
    outer loop
      vertex 36.5000 16.7500 2.4000
      vertex 36.5000 16.0000 3.2000
      vertex 36.5000 16.7500 3.2000
    endloop
  endfacet
  facet normal 0.000000 -1.000000 0.000000
    outer loop
      vertex 36.5000 16.0000 2.4000
      vertex 37.5000 16.0000 2.4000
      vertex 37.5000 16.0000 3.2000
    endloop
  endfacet
  facet normal 0.000000 -1.000000 0.000000
    outer loop
      vertex 36.5000 16.0000 2.4000
      vertex 37.5000 16.0000 3.2000
      vertex 36.5000 16.0000 3.2000
    endloop
  endfacet
  facet normal -0.707107 -0.707107 0.000000
    outer loop
      vertex 37.5000 16.0000 2.4000
      vertex 37.7500 15.7500 2.4000
      vertex 37.7500 15.7500 3.2000
    endloop
  endfacet
  facet normal -0.707107 -0.707107 0.000000
    outer loop
      vertex 37.5000 16.0000 2.4000
      vertex 37.7500 15.7500 3.2000
      vertex 37.5000 16.0000 3.2000
    endloop
  endfacet
  facet normal -1.000000 0.000000 0.000000
    outer loop
      vertex 37.7500 15.7500 2.4000
      vertex 37.7500 12.2500 2.4000
      vertex 37.7500 12.2500 3.2000
    endloop
  endfacet
  facet normal -1.000000 0.000000 0.000000
    outer loop
      vertex 37.7500 15.7500 2.4000
      vertex 37.7500 12.2500 3.2000
      vertex 37.7500 15.7500 3.2000
    endloop
  endfacet
  facet normal 0.000000 -1.000000 0.000000
    outer loop
      vertex 37.7500 12.2500 2.4000
      vertex 38.5000 12.2500 2.4000
      vertex 38.5000 12.2500 3.2000
    endloop
  endfacet
  facet normal 0.000000 -1.000000 0.000000
    outer loop
      vertex 37.7500 12.2500 2.4000
      vertex 38.5000 12.2500 3.2000
      vertex 37.7500 12.2500 3.2000
    endloop
  endfacet
  facet normal 1.000000 0.000000 0.000000
    outer loop
      vertex 38.5000 12.2500 2.4000
      vertex 38.5000 15.7500 2.4000
      vertex 38.5000 15.7500 3.2000
    endloop
  endfacet
  facet normal 1.000000 0.000000 0.000000
    outer loop
      vertex 38.5000 12.2500 2.4000
      vertex 38.5000 15.7500 3.2000
      vertex 38.5000 12.2500 3.2000
    endloop
  endfacet
  facet normal 0.707107 -0.707107 0.000000
    outer loop
      vertex 38.5000 15.7500 2.4000
      vertex 38.7500 16.0000 2.4000
      vertex 38.7500 16.0000 3.2000
    endloop
  endfacet
  facet normal 0.707107 -0.707107 0.000000
    outer loop
      vertex 38.5000 15.7500 2.4000
      vertex 38.7500 16.0000 3.2000
      vertex 38.5000 15.7500 3.2000
    endloop
  endfacet
  facet normal 0.000000 -1.000000 0.000000
    outer loop
      vertex 38.7500 16.0000 2.4000
      vertex 39.7500 16.0000 2.4000
      vertex 39.7500 16.0000 3.2000
    endloop
  endfacet
  facet normal 0.000000 -1.000000 0.000000
    outer loop
      vertex 38.7500 16.0000 2.4000
      vertex 39.7500 16.0000 3.2000
      vertex 38.7500 16.0000 3.2000
    endloop
  endfacet
  facet normal 1.000000 0.000000 0.000000
    outer loop
      vertex 39.7500 16.0000 2.4000
      vertex 39.7500 16.7500 2.4000
      vertex 39.7500 16.7500 3.2000
    endloop
  endfacet
  facet normal 1.000000 0.000000 0.000000
    outer loop
      vertex 39.7500 16.0000 2.4000
      vertex 39.7500 16.7500 3.2000
      vertex 39.7500 16.0000 3.2000
    endloop
  endfacet
  facet normal 0.000000 1.000000 0.000000
    outer loop
      vertex 39.7500 16.7500 2.4000
      vertex 36.5000 16.7500 2.4000
      vertex 36.5000 16.7500 3.2000
    endloop
  endfacet
  facet normal 0.000000 1.000000 -0.000000
    outer loop
      vertex 39.7500 16.7500 2.4000
      vertex 36.5000 16.7500 3.2000
      vertex 39.7500 16.7500 3.2000
    endloop
  endfacet
  facet normal 0.000000 0.000000 -1.000000
    outer loop
      vertex 32.5000 16.0000 3.2000
      vertex 33.0000 15.7500 3.2000
      vertex 32.5000 15.0000 3.2000
    endloop
  endfacet
  facet normal 0.000000 0.000000 1.000000
    outer loop
      vertex 32.5000 15.0000 2.4000
      vertex 33.0000 15.7500 2.4000
      vertex 32.5000 16.0000 2.4000
    endloop
  endfacet
  facet normal 0.000000 0.000000 -1.000000
    outer loop
      vertex 32.5000 16.0000 3.2000
      vertex 33.0000 16.5000 3.2000
      vertex 33.0000 15.7500 3.2000
    endloop
  endfacet
  facet normal 0.000000 -0.000000 1.000000
    outer loop
      vertex 33.0000 15.7500 2.4000
      vertex 33.0000 16.5000 2.4000
      vertex 32.5000 16.0000 2.4000
    endloop
  endfacet
  facet normal 0.000000 0.000000 -1.000000
    outer loop
      vertex 33.0000 16.5000 3.2000
      vertex 33.2500 16.5000 3.2000
      vertex 33.0000 15.7500 3.2000
    endloop
  endfacet
  facet normal 0.000000 0.000000 1.000000
    outer loop
      vertex 33.0000 15.7500 2.4000
      vertex 33.2500 16.5000 2.4000
      vertex 33.0000 16.5000 2.4000
    endloop
  endfacet
  facet normal 0.000000 -0.000000 -1.000000
    outer loop
      vertex 33.5000 16.7500 3.2000
      vertex 33.5000 16.2500 3.2000
      vertex 33.2500 16.5000 3.2000
    endloop
  endfacet
  facet normal -0.000000 0.000000 1.000000
    outer loop
      vertex 33.2500 16.5000 2.4000
      vertex 33.5000 16.2500 2.4000
      vertex 33.5000 16.7500 2.4000
    endloop
  endfacet
  facet normal 0.000000 0.000000 -1.000000
    outer loop
      vertex 33.5000 16.7500 3.2000
      vertex 34.5000 16.2500 3.2000
      vertex 33.5000 16.2500 3.2000
    endloop
  endfacet
  facet normal 0.000000 0.000000 1.000000
    outer loop
      vertex 33.5000 16.2500 2.4000
      vertex 34.5000 16.2500 2.4000
      vertex 33.5000 16.7500 2.4000
    endloop
  endfacet
  facet normal 0.000000 0.000000 -1.000000
    outer loop
      vertex 33.5000 16.7500 3.2000
      vertex 34.7500 16.7500 3.2000
      vertex 34.5000 16.2500 3.2000
    endloop
  endfacet
  facet normal 0.000000 -0.000000 1.000000
    outer loop
      vertex 34.5000 16.2500 2.4000
      vertex 34.7500 16.7500 2.4000
      vertex 33.5000 16.7500 2.4000
    endloop
  endfacet
  facet normal 0.000000 -0.000000 -1.000000
    outer loop
      vertex 34.7500 16.7500 3.2000
      vertex 35.0000 16.5000 3.2000
      vertex 34.5000 16.2500 3.2000
    endloop
  endfacet
  facet normal 0.000000 0.000000 1.000000
    outer loop
      vertex 34.5000 16.2500 2.4000
      vertex 35.0000 16.5000 2.4000
      vertex 34.7500 16.7500 2.4000
    endloop
  endfacet
  facet normal -0.000000 0.000000 -1.000000
    outer loop
      vertex 35.2500 16.5000 3.2000
      vertex 35.0000 15.7500 3.2000
      vertex 35.0000 16.5000 3.2000
    endloop
  endfacet
  facet normal -0.000000 0.000000 1.000000
    outer loop
      vertex 35.0000 16.5000 2.4000
      vertex 35.0000 15.7500 2.4000
      vertex 35.2500 16.5000 2.4000
    endloop
  endfacet
  facet normal 0.000000 -0.000000 -1.000000
    outer loop
      vertex 35.2500 16.5000 3.2000
      vertex 35.5000 16.2500 3.2000
      vertex 35.0000 15.7500 3.2000
    endloop
  endfacet
  facet normal 0.000000 0.000000 1.000000
    outer loop
      vertex 35.0000 15.7500 2.4000
      vertex 35.5000 16.2500 2.4000
      vertex 35.2500 16.5000 2.4000
    endloop
  endfacet
  facet normal 0.000000 -0.000000 -1.000000
    outer loop
      vertex 35.5000 16.2500 3.2000
      vertex 35.5000 15.7500 3.2000
      vertex 35.0000 15.7500 3.2000
    endloop
  endfacet
  facet normal 0.000000 0.000000 1.000000
    outer loop
      vertex 35.0000 15.7500 2.4000
      vertex 35.5000 15.7500 2.4000
      vertex 35.5000 16.2500 2.4000
    endloop
  endfacet
  facet normal -0.000000 0.000000 -1.000000
    outer loop
      vertex 35.7500 14.0000 3.2000
      vertex 35.0000 13.7500 3.2000
      vertex 35.0000 14.7500 3.2000
    endloop
  endfacet
  facet normal 0.000000 0.000000 1.000000
    outer loop
      vertex 35.0000 14.7500 2.4000
      vertex 35.0000 13.7500 2.4000
      vertex 35.7500 14.0000 2.4000
    endloop
  endfacet
  facet normal 0.000000 -0.000000 -1.000000
    outer loop
      vertex 35.7500 14.0000 3.2000
      vertex 35.7500 13.2500 3.2000
      vertex 35.0000 13.7500 3.2000
    endloop
  endfacet
  facet normal -0.000000 0.000000 1.000000
    outer loop
      vertex 35.0000 13.7500 2.4000
      vertex 35.7500 13.2500 2.4000
      vertex 35.7500 14.0000 2.4000
    endloop
  endfacet
  facet normal 0.000000 0.000000 -1.000000
    outer loop
      vertex 35.2500 12.5000 3.2000
      vertex 35.0000 13.2500 3.2000
      vertex 35.5000 12.7500 3.2000
    endloop
  endfacet
  facet normal 0.000000 0.000000 1.000000
    outer loop
      vertex 35.5000 12.7500 2.4000
      vertex 35.0000 13.2500 2.4000
      vertex 35.2500 12.5000 2.4000
    endloop
  endfacet
  facet normal 0.000000 0.000000 -1.000000
    outer loop
      vertex 35.2500 12.5000 3.2000
      vertex 35.0000 12.5000 3.2000
      vertex 35.0000 13.2500 3.2000
    endloop
  endfacet
  facet normal 0.000000 0.000000 1.000000
    outer loop
      vertex 35.0000 13.2500 2.4000
      vertex 35.0000 12.5000 2.4000
      vertex 35.2500 12.5000 2.4000
    endloop
  endfacet
  facet normal 0.000000 0.000000 -1.000000
    outer loop
      vertex 34.7500 12.2500 3.2000
      vertex 34.5000 12.7500 3.2000
      vertex 35.0000 12.5000 3.2000
    endloop
  endfacet
  facet normal 0.000000 0.000000 1.000000
    outer loop
      vertex 35.0000 12.5000 2.4000
      vertex 34.5000 12.7500 2.4000
      vertex 34.7500 12.2500 2.4000
    endloop
  endfacet
  facet normal 0.000000 0.000000 -1.000000
    outer loop
      vertex 34.7500 12.2500 3.2000
      vertex 33.5000 12.2500 3.2000
      vertex 34.5000 12.7500 3.2000
    endloop
  endfacet
  facet normal 0.000000 0.000000 1.000000
    outer loop
      vertex 34.5000 12.7500 2.4000
      vertex 33.5000 12.2500 2.4000
      vertex 34.7500 12.2500 2.4000
    endloop
  endfacet
  facet normal 0.000000 0.000000 -1.000000
    outer loop
      vertex 33.5000 12.2500 3.2000
      vertex 33.5000 12.7500 3.2000
      vertex 34.5000 12.7500 3.2000
    endloop
  endfacet
  facet normal 0.000000 0.000000 1.000000
    outer loop
      vertex 34.5000 12.7500 2.4000
      vertex 33.5000 12.7500 2.4000
      vertex 33.5000 12.2500 2.4000
    endloop
  endfacet
  facet normal 0.000000 0.000000 -1.000000
    outer loop
      vertex 33.5000 12.2500 3.2000
      vertex 33.2500 12.5000 3.2000
      vertex 33.5000 12.7500 3.2000
    endloop
  endfacet
  facet normal 0.000000 0.000000 1.000000
    outer loop
      vertex 33.5000 12.7500 2.4000
      vertex 33.2500 12.5000 2.4000
      vertex 33.5000 12.2500 2.4000
    endloop
  endfacet
  facet normal 0.000000 0.000000 -1.000000
    outer loop
      vertex 32.7500 12.5000 3.2000
      vertex 33.0000 13.2500 3.2000
      vertex 33.2500 12.5000 3.2000
    endloop
  endfacet
  facet normal 0.000000 0.000000 1.000000
    outer loop
      vertex 33.2500 12.5000 2.4000
      vertex 33.0000 13.2500 2.4000
      vertex 32.7500 12.5000 2.4000
    endloop
  endfacet
  facet normal 0.000000 0.000000 -1.000000
    outer loop
      vertex 32.7500 12.5000 3.2000
      vertex 32.5000 13.0000 3.2000
      vertex 33.0000 13.2500 3.2000
    endloop
  endfacet
  facet normal 0.000000 0.000000 1.000000
    outer loop
      vertex 33.0000 13.2500 2.4000
      vertex 32.5000 13.0000 2.4000
      vertex 32.7500 12.5000 2.4000
    endloop
  endfacet
  facet normal 0.000000 0.000000 -1.000000
    outer loop
      vertex 32.7500 12.5000 3.2000
      vertex 32.5000 12.7500 3.2000
      vertex 32.5000 13.0000 3.2000
    endloop
  endfacet
  facet normal 0.000000 0.000000 1.000000
    outer loop
      vertex 32.5000 13.0000 2.4000
      vertex 32.5000 12.7500 2.4000
      vertex 32.7500 12.5000 2.4000
    endloop
  endfacet
  facet normal 0.000000 0.000000 -1.000000
    outer loop
      vertex 32.2500 13.2500 3.2000
      vertex 32.2500 13.5000 3.2000
      vertex 32.5000 13.0000 3.2000
    endloop
  endfacet
  facet normal 0.000000 0.000000 1.000000
    outer loop
      vertex 32.5000 13.0000 2.4000
      vertex 32.2500 13.5000 2.4000
      vertex 32.2500 13.2500 2.4000
    endloop
  endfacet
  facet normal 0.000000 0.000000 -1.000000
    outer loop
      vertex 32.2500 13.5000 3.2000
      vertex 33.0000 13.2500 3.2000
      vertex 32.5000 13.0000 3.2000
    endloop
  endfacet
  facet normal 0.000000 -0.000000 1.000000
    outer loop
      vertex 32.5000 13.0000 2.4000
      vertex 33.0000 13.2500 2.4000
      vertex 32.2500 13.5000 2.4000
    endloop
  endfacet
  facet normal 0.000000 0.000000 -1.000000
    outer loop
      vertex 32.2500 13.5000 3.2000
      vertex 33.0000 13.5000 3.2000
      vertex 33.0000 13.2500 3.2000
    endloop
  endfacet
  facet normal 0.000000 -0.000000 1.000000
    outer loop
      vertex 33.0000 13.2500 2.4000
      vertex 33.0000 13.5000 2.4000
      vertex 32.2500 13.5000 2.4000
    endloop
  endfacet
  facet normal 0.000000 0.000000 -1.000000
    outer loop
      vertex 32.5000 15.0000 3.2000
      vertex 33.5000 15.2500 3.2000
      vertex 33.0000 14.5000 3.2000
    endloop
  endfacet
  facet normal 0.000000 -0.000000 1.000000
    outer loop
      vertex 33.0000 14.5000 2.4000
      vertex 33.5000 15.2500 2.4000
      vertex 32.5000 15.0000 2.4000
    endloop
  endfacet
  facet normal 0.000000 0.000000 -1.000000
    outer loop
      vertex 32.5000 15.0000 3.2000
      vertex 33.0000 15.7500 3.2000
      vertex 33.5000 15.2500 3.2000
    endloop
  endfacet
  facet normal 0.000000 0.000000 1.000000
    outer loop
      vertex 33.5000 15.2500 2.4000
      vertex 33.0000 15.7500 2.4000
      vertex 32.5000 15.0000 2.4000
    endloop
  endfacet
  facet normal 0.000000 0.000000 -1.000000
    outer loop
      vertex 33.0000 15.7500 3.2000
      vertex 33.2500 16.5000 3.2000
      vertex 33.5000 16.2500 3.2000
    endloop
  endfacet
  facet normal 0.000000 0.000000 1.000000
    outer loop
      vertex 33.5000 16.2500 2.4000
      vertex 33.2500 16.5000 2.4000
      vertex 33.0000 15.7500 2.4000
    endloop
  endfacet
  facet normal 0.000000 0.000000 -1.000000
    outer loop
      vertex 34.5000 16.2500 3.2000
      vertex 35.0000 16.5000 3.2000
      vertex 35.0000 15.7500 3.2000
    endloop
  endfacet
  facet normal 0.000000 -0.000000 1.000000
    outer loop
      vertex 35.0000 15.7500 2.4000
      vertex 35.0000 16.5000 2.4000
      vertex 34.5000 16.2500 2.4000
    endloop
  endfacet
  facet normal -0.000000 0.000000 -1.000000
    outer loop
      vertex 35.0000 14.7500 3.2000
      vertex 34.7500 14.0000 3.2000
      vertex 34.5000 14.7500 3.2000
    endloop
  endfacet
  facet normal -0.000000 0.000000 1.000000
    outer loop
      vertex 34.5000 14.7500 2.4000
      vertex 34.7500 14.0000 2.4000
      vertex 35.0000 14.7500 2.4000
    endloop
  endfacet
  facet normal 0.000000 -0.000000 -1.000000
    outer loop
      vertex 35.0000 14.7500 3.2000
      vertex 35.0000 13.7500 3.2000
      vertex 34.7500 14.0000 3.2000
    endloop
  endfacet
  facet normal -0.000000 0.000000 1.000000
    outer loop
      vertex 34.7500 14.0000 2.4000
      vertex 35.0000 13.7500 2.4000
      vertex 35.0000 14.7500 2.4000
    endloop
  endfacet
  facet normal 0.000000 0.000000 -1.000000
    outer loop
      vertex 35.0000 13.7500 3.2000
      vertex 35.7500 13.2500 3.2000
      vertex 35.0000 13.2500 3.2000
    endloop
  endfacet
  facet normal 0.000000 0.000000 1.000000
    outer loop
      vertex 35.0000 13.2500 2.4000
      vertex 35.7500 13.2500 2.4000
      vertex 35.0000 13.7500 2.4000
    endloop
  endfacet
  facet normal -0.000000 0.000000 -1.000000
    outer loop
      vertex 35.7500 13.2500 3.2000
      vertex 35.5000 13.0000 3.2000
      vertex 35.0000 13.2500 3.2000
    endloop
  endfacet
  facet normal -0.000000 0.000000 1.000000
    outer loop
      vertex 35.0000 13.2500 2.4000
      vertex 35.5000 13.0000 2.4000
      vertex 35.7500 13.2500 2.4000
    endloop
  endfacet
  facet normal 0.000000 0.000000 -1.000000
    outer loop
      vertex 35.5000 12.7500 3.2000
      vertex 35.0000 13.2500 3.2000
      vertex 35.5000 13.0000 3.2000
    endloop
  endfacet
  facet normal 0.000000 0.000000 1.000000
    outer loop
      vertex 35.5000 13.0000 2.4000
      vertex 35.0000 13.2500 2.4000
      vertex 35.5000 12.7500 2.4000
    endloop
  endfacet
  facet normal 0.000000 -0.000000 -1.000000
    outer loop
      vertex 35.0000 13.2500 3.2000
      vertex 35.0000 12.5000 3.2000
      vertex 34.5000 12.7500 3.2000
    endloop
  endfacet
  facet normal -0.000000 0.000000 1.000000
    outer loop
      vertex 34.5000 12.7500 2.4000
      vertex 35.0000 12.5000 2.4000
      vertex 35.0000 13.2500 2.4000
    endloop
  endfacet
  facet normal -0.000000 0.000000 -1.000000
    outer loop
      vertex 33.5000 12.7500 3.2000
      vertex 33.2500 12.5000 3.2000
      vertex 33.0000 13.2500 3.2000
    endloop
  endfacet
  facet normal 0.000000 0.000000 1.000000
    outer loop
      vertex 33.0000 13.2500 2.4000
      vertex 33.2500 12.5000 2.4000
      vertex 33.5000 12.7500 2.4000
    endloop
  endfacet
  facet normal 0.000000 0.000000 -1.000000
    outer loop
      vertex 33.0000 14.5000 3.2000
      vertex 33.5000 15.2500 3.2000
      vertex 33.5000 14.5000 3.2000
    endloop
  endfacet
  facet normal 0.000000 -0.000000 1.000000
    outer loop
      vertex 33.5000 14.5000 2.4000
      vertex 33.5000 15.2500 2.4000
      vertex 33.0000 14.5000 2.4000
    endloop
  endfacet
  facet normal 0.000000 0.000000 -1.000000
    outer loop
      vertex 33.5000 15.2500 3.2000
      vertex 34.0000 15.0000 3.2000
      vertex 33.5000 14.5000 3.2000
    endloop
  endfacet
  facet normal 0.000000 0.000000 1.000000
    outer loop
      vertex 33.5000 14.5000 2.4000
      vertex 34.0000 15.0000 2.4000
      vertex 33.5000 15.2500 2.4000
    endloop
  endfacet
  facet normal 0.000000 0.000000 -1.000000
    outer loop
      vertex 33.5000 15.2500 3.2000
      vertex 33.7500 15.2500 3.2000
      vertex 34.0000 15.0000 3.2000
    endloop
  endfacet
  facet normal 0.000000 0.000000 1.000000
    outer loop
      vertex 34.0000 15.0000 2.4000
      vertex 33.7500 15.2500 2.4000
      vertex 33.5000 15.2500 2.4000
    endloop
  endfacet
  facet normal -0.000000 -0.000000 -1.000000
    outer loop
      vertex 34.2500 15.0000 3.2000
      vertex 34.5000 14.7500 3.2000
      vertex 34.0000 15.0000 3.2000
    endloop
  endfacet
  facet normal -0.000000 0.000000 1.000000
    outer loop
      vertex 34.0000 15.0000 2.4000
      vertex 34.5000 14.7500 2.4000
      vertex 34.2500 15.0000 2.4000
    endloop
  endfacet
  facet normal -0.000000 0.000000 -1.000000
    outer loop
      vertex 34.5000 14.7500 3.2000
      vertex 34.2500 14.2500 3.2000
      vertex 34.0000 15.0000 3.2000
    endloop
  endfacet
  facet normal 0.000000 0.000000 1.000000
    outer loop
      vertex 34.0000 15.0000 2.4000
      vertex 34.2500 14.2500 2.4000
      vertex 34.5000 14.7500 2.4000
    endloop
  endfacet
  facet normal 0.000000 -0.000000 -1.000000
    outer loop
      vertex 34.5000 14.7500 3.2000
      vertex 34.5000 14.0000 3.2000
      vertex 34.2500 14.2500 3.2000
    endloop
  endfacet
  facet normal -0.000000 0.000000 1.000000
    outer loop
      vertex 34.2500 14.2500 2.4000
      vertex 34.5000 14.0000 2.4000
      vertex 34.5000 14.7500 2.4000
    endloop
  endfacet
  facet normal 0.000000 0.000000 -1.000000
    outer loop
      vertex 34.5000 14.7500 3.2000
      vertex 34.7500 14.0000 3.2000
      vertex 34.5000 14.0000 3.2000
    endloop
  endfacet
  facet normal 0.000000 0.000000 1.000000
    outer loop
      vertex 34.5000 14.0000 2.4000
      vertex 34.7500 14.0000 2.4000
      vertex 34.5000 14.7500 2.4000
    endloop
  endfacet
  facet normal 0.000000 0.000000 -1.000000
    outer loop
      vertex 33.7500 14.2500 3.2000
      vertex 34.0000 15.0000 3.2000
      vertex 34.2500 14.2500 3.2000
    endloop
  endfacet
  facet normal 0.000000 0.000000 1.000000
    outer loop
      vertex 34.2500 14.2500 2.4000
      vertex 34.0000 15.0000 2.4000
      vertex 33.7500 14.2500 2.4000
    endloop
  endfacet
  facet normal 0.000000 0.000000 -1.000000
    outer loop
      vertex 33.7500 14.2500 3.2000
      vertex 33.5000 14.5000 3.2000
      vertex 34.0000 15.0000 3.2000
    endloop
  endfacet
  facet normal 0.000000 0.000000 1.000000
    outer loop
      vertex 34.0000 15.0000 2.4000
      vertex 33.5000 14.5000 2.4000
      vertex 33.7500 14.2500 2.4000
    endloop
  endfacet
  facet normal -0.707107 0.707107 0.000000
    outer loop
      vertex 33.5000 16.7500 2.4000
      vertex 33.2500 16.5000 2.4000
      vertex 33.2500 16.5000 3.2000
    endloop
  endfacet
  facet normal -0.707107 0.707107 0.000000
    outer loop
      vertex 33.5000 16.7500 2.4000
      vertex 33.2500 16.5000 3.2000
      vertex 33.5000 16.7500 3.2000
    endloop
  endfacet
  facet normal 0.000000 1.000000 0.000000
    outer loop
      vertex 33.2500 16.5000 2.4000
      vertex 33.0000 16.5000 2.4000
      vertex 33.0000 16.5000 3.2000
    endloop
  endfacet
  facet normal 0.000000 1.000000 -0.000000
    outer loop
      vertex 33.2500 16.5000 2.4000
      vertex 33.0000 16.5000 3.2000
      vertex 33.2500 16.5000 3.2000
    endloop
  endfacet
  facet normal -0.707107 0.707107 0.000000
    outer loop
      vertex 33.0000 16.5000 2.4000
      vertex 32.5000 16.0000 2.4000
      vertex 32.5000 16.0000 3.2000
    endloop
  endfacet
  facet normal -0.707107 0.707107 0.000000
    outer loop
      vertex 33.0000 16.5000 2.4000
      vertex 32.5000 16.0000 3.2000
      vertex 33.0000 16.5000 3.2000
    endloop
  endfacet
  facet normal -1.000000 0.000000 0.000000
    outer loop
      vertex 32.5000 16.0000 2.4000
      vertex 32.5000 15.0000 2.4000
      vertex 32.5000 15.0000 3.2000
    endloop
  endfacet
  facet normal -1.000000 0.000000 0.000000
    outer loop
      vertex 32.5000 16.0000 2.4000
      vertex 32.5000 15.0000 3.2000
      vertex 32.5000 16.0000 3.2000
    endloop
  endfacet
  facet normal -0.707107 -0.707107 0.000000
    outer loop
      vertex 32.5000 15.0000 2.4000
      vertex 33.0000 14.5000 2.4000
      vertex 33.0000 14.5000 3.2000
    endloop
  endfacet
  facet normal -0.707107 -0.707107 0.000000
    outer loop
      vertex 32.5000 15.0000 2.4000
      vertex 33.0000 14.5000 3.2000
      vertex 32.5000 15.0000 3.2000
    endloop
  endfacet
  facet normal 0.000000 -1.000000 0.000000
    outer loop
      vertex 33.0000 14.5000 2.4000
      vertex 33.5000 14.5000 2.4000
      vertex 33.5000 14.5000 3.2000
    endloop
  endfacet
  facet normal 0.000000 -1.000000 0.000000
    outer loop
      vertex 33.0000 14.5000 2.4000
      vertex 33.5000 14.5000 3.2000
      vertex 33.0000 14.5000 3.2000
    endloop
  endfacet
  facet normal -0.707107 -0.707107 0.000000
    outer loop
      vertex 33.5000 14.5000 2.4000
      vertex 33.7500 14.2500 2.4000
      vertex 33.7500 14.2500 3.2000
    endloop
  endfacet
  facet normal -0.707107 -0.707107 0.000000
    outer loop
      vertex 33.5000 14.5000 2.4000
      vertex 33.7500 14.2500 3.2000
      vertex 33.5000 14.5000 3.2000
    endloop
  endfacet
  facet normal 0.000000 -1.000000 0.000000
    outer loop
      vertex 33.7500 14.2500 2.4000
      vertex 34.2500 14.2500 2.4000
      vertex 34.2500 14.2500 3.2000
    endloop
  endfacet
  facet normal 0.000000 -1.000000 0.000000
    outer loop
      vertex 33.7500 14.2500 2.4000
      vertex 34.2500 14.2500 3.2000
      vertex 33.7500 14.2500 3.2000
    endloop
  endfacet
  facet normal -0.707107 -0.707107 0.000000
    outer loop
      vertex 34.2500 14.2500 2.4000
      vertex 34.5000 14.0000 2.4000
      vertex 34.5000 14.0000 3.2000
    endloop
  endfacet
  facet normal -0.707107 -0.707107 0.000000
    outer loop
      vertex 34.2500 14.2500 2.4000
      vertex 34.5000 14.0000 3.2000
      vertex 34.2500 14.2500 3.2000
    endloop
  endfacet
  facet normal 0.000000 -1.000000 0.000000
    outer loop
      vertex 34.5000 14.0000 2.4000
      vertex 34.7500 14.0000 2.4000
      vertex 34.7500 14.0000 3.2000
    endloop
  endfacet
  facet normal 0.000000 -1.000000 0.000000
    outer loop
      vertex 34.5000 14.0000 2.4000
      vertex 34.7500 14.0000 3.2000
      vertex 34.5000 14.0000 3.2000
    endloop
  endfacet
  facet normal -0.707107 -0.707107 0.000000
    outer loop
      vertex 34.7500 14.0000 2.4000
      vertex 35.0000 13.7500 2.4000
      vertex 35.0000 13.7500 3.2000
    endloop
  endfacet
  facet normal -0.707107 -0.707107 0.000000
    outer loop
      vertex 34.7500 14.0000 2.4000
      vertex 35.0000 13.7500 3.2000
      vertex 34.7500 14.0000 3.2000
    endloop
  endfacet
  facet normal -1.000000 0.000000 0.000000
    outer loop
      vertex 35.0000 13.7500 2.4000
      vertex 35.0000 13.2500 2.4000
      vertex 35.0000 13.2500 3.2000
    endloop
  endfacet
  facet normal -1.000000 0.000000 0.000000
    outer loop
      vertex 35.0000 13.7500 2.4000
      vertex 35.0000 13.2500 3.2000
      vertex 35.0000 13.7500 3.2000
    endloop
  endfacet
  facet normal -0.707107 0.707107 0.000000
    outer loop
      vertex 35.0000 13.2500 2.4000
      vertex 34.5000 12.7500 2.4000
      vertex 34.5000 12.7500 3.2000
    endloop
  endfacet
  facet normal -0.707107 0.707107 0.000000
    outer loop
      vertex 35.0000 13.2500 2.4000
      vertex 34.5000 12.7500 3.2000
      vertex 35.0000 13.2500 3.2000
    endloop
  endfacet
  facet normal 0.000000 1.000000 0.000000
    outer loop
      vertex 34.5000 12.7500 2.4000
      vertex 33.5000 12.7500 2.4000
      vertex 33.5000 12.7500 3.2000
    endloop
  endfacet
  facet normal 0.000000 1.000000 -0.000000
    outer loop
      vertex 34.5000 12.7500 2.4000
      vertex 33.5000 12.7500 3.2000
      vertex 34.5000 12.7500 3.2000
    endloop
  endfacet
  facet normal 0.707107 0.707107 0.000000
    outer loop
      vertex 33.5000 12.7500 2.4000
      vertex 33.0000 13.2500 2.4000
      vertex 33.0000 13.2500 3.2000
    endloop
  endfacet
  facet normal 0.707107 0.707107 -0.000000
    outer loop
      vertex 33.5000 12.7500 2.4000
      vertex 33.0000 13.2500 3.2000
      vertex 33.5000 12.7500 3.2000
    endloop
  endfacet
  facet normal 1.000000 0.000000 0.000000
    outer loop
      vertex 33.0000 13.2500 2.4000
      vertex 33.0000 13.5000 2.4000
      vertex 33.0000 13.5000 3.2000
    endloop
  endfacet
  facet normal 1.000000 0.000000 0.000000
    outer loop
      vertex 33.0000 13.2500 2.4000
      vertex 33.0000 13.5000 3.2000
      vertex 33.0000 13.2500 3.2000
    endloop
  endfacet
  facet normal 0.000000 1.000000 0.000000
    outer loop
      vertex 33.0000 13.5000 2.4000
      vertex 32.2500 13.5000 2.4000
      vertex 32.2500 13.5000 3.2000
    endloop
  endfacet
  facet normal 0.000000 1.000000 -0.000000
    outer loop
      vertex 33.0000 13.5000 2.4000
      vertex 32.2500 13.5000 3.2000
      vertex 33.0000 13.5000 3.2000
    endloop
  endfacet
  facet normal -1.000000 0.000000 0.000000
    outer loop
      vertex 32.2500 13.5000 2.4000
      vertex 32.2500 13.2500 2.4000
      vertex 32.2500 13.2500 3.2000
    endloop
  endfacet
  facet normal -1.000000 0.000000 0.000000
    outer loop
      vertex 32.2500 13.5000 2.4000
      vertex 32.2500 13.2500 3.2000
      vertex 32.2500 13.5000 3.2000
    endloop
  endfacet
  facet normal -0.707107 -0.707107 0.000000
    outer loop
      vertex 32.2500 13.2500 2.4000
      vertex 32.5000 13.0000 2.4000
      vertex 32.5000 13.0000 3.2000
    endloop
  endfacet
  facet normal -0.707107 -0.707107 0.000000
    outer loop
      vertex 32.2500 13.2500 2.4000
      vertex 32.5000 13.0000 3.2000
      vertex 32.2500 13.2500 3.2000
    endloop
  endfacet
  facet normal -1.000000 0.000000 0.000000
    outer loop
      vertex 32.5000 13.0000 2.4000
      vertex 32.5000 12.7500 2.4000
      vertex 32.5000 12.7500 3.2000
    endloop
  endfacet
  facet normal -1.000000 0.000000 0.000000
    outer loop
      vertex 32.5000 13.0000 2.4000
      vertex 32.5000 12.7500 3.2000
      vertex 32.5000 13.0000 3.2000
    endloop
  endfacet
  facet normal -0.707107 -0.707107 0.000000
    outer loop
      vertex 32.5000 12.7500 2.4000
      vertex 32.7500 12.5000 2.4000
      vertex 32.7500 12.5000 3.2000
    endloop
  endfacet
  facet normal -0.707107 -0.707107 0.000000
    outer loop
      vertex 32.5000 12.7500 2.4000
      vertex 32.7500 12.5000 3.2000
      vertex 32.5000 12.7500 3.2000
    endloop
  endfacet
  facet normal 0.000000 -1.000000 0.000000
    outer loop
      vertex 32.7500 12.5000 2.4000
      vertex 33.2500 12.5000 2.4000
      vertex 33.2500 12.5000 3.2000
    endloop
  endfacet
  facet normal 0.000000 -1.000000 0.000000
    outer loop
      vertex 32.7500 12.5000 2.4000
      vertex 33.2500 12.5000 3.2000
      vertex 32.7500 12.5000 3.2000
    endloop
  endfacet
  facet normal -0.707107 -0.707107 0.000000
    outer loop
      vertex 33.2500 12.5000 2.4000
      vertex 33.5000 12.2500 2.4000
      vertex 33.5000 12.2500 3.2000
    endloop
  endfacet
  facet normal -0.707107 -0.707107 0.000000
    outer loop
      vertex 33.2500 12.5000 2.4000
      vertex 33.5000 12.2500 3.2000
      vertex 33.2500 12.5000 3.2000
    endloop
  endfacet
  facet normal 0.000000 -1.000000 0.000000
    outer loop
      vertex 33.5000 12.2500 2.4000
      vertex 34.7500 12.2500 2.4000
      vertex 34.7500 12.2500 3.2000
    endloop
  endfacet
  facet normal 0.000000 -1.000000 0.000000
    outer loop
      vertex 33.5000 12.2500 2.4000
      vertex 34.7500 12.2500 3.2000
      vertex 33.5000 12.2500 3.2000
    endloop
  endfacet
  facet normal 0.707107 -0.707107 0.000000
    outer loop
      vertex 34.7500 12.2500 2.4000
      vertex 35.0000 12.5000 2.4000
      vertex 35.0000 12.5000 3.2000
    endloop
  endfacet
  facet normal 0.707107 -0.707107 0.000000
    outer loop
      vertex 34.7500 12.2500 2.4000
      vertex 35.0000 12.5000 3.2000
      vertex 34.7500 12.2500 3.2000
    endloop
  endfacet
  facet normal 0.000000 -1.000000 0.000000
    outer loop
      vertex 35.0000 12.5000 2.4000
      vertex 35.2500 12.5000 2.4000
      vertex 35.2500 12.5000 3.2000
    endloop
  endfacet
  facet normal 0.000000 -1.000000 0.000000
    outer loop
      vertex 35.0000 12.5000 2.4000
      vertex 35.2500 12.5000 3.2000
      vertex 35.0000 12.5000 3.2000
    endloop
  endfacet
  facet normal 0.707107 -0.707107 0.000000
    outer loop
      vertex 35.2500 12.5000 2.4000
      vertex 35.5000 12.7500 2.4000
      vertex 35.5000 12.7500 3.2000
    endloop
  endfacet
  facet normal 0.707107 -0.707107 0.000000
    outer loop
      vertex 35.2500 12.5000 2.4000
      vertex 35.5000 12.7500 3.2000
      vertex 35.2500 12.5000 3.2000
    endloop
  endfacet
  facet normal 1.000000 0.000000 0.000000
    outer loop
      vertex 35.5000 12.7500 2.4000
      vertex 35.5000 13.0000 2.4000
      vertex 35.5000 13.0000 3.2000
    endloop
  endfacet
  facet normal 1.000000 0.000000 0.000000
    outer loop
      vertex 35.5000 12.7500 2.4000
      vertex 35.5000 13.0000 3.2000
      vertex 35.5000 12.7500 3.2000
    endloop
  endfacet
  facet normal 0.707107 -0.707107 0.000000
    outer loop
      vertex 35.5000 13.0000 2.4000
      vertex 35.7500 13.2500 2.4000
      vertex 35.7500 13.2500 3.2000
    endloop
  endfacet
  facet normal 0.707107 -0.707107 0.000000
    outer loop
      vertex 35.5000 13.0000 2.4000
      vertex 35.7500 13.2500 3.2000
      vertex 35.5000 13.0000 3.2000
    endloop
  endfacet
  facet normal 1.000000 0.000000 0.000000
    outer loop
      vertex 35.7500 13.2500 2.4000
      vertex 35.7500 14.0000 2.4000
      vertex 35.7500 14.0000 3.2000
    endloop
  endfacet
  facet normal 1.000000 0.000000 0.000000
    outer loop
      vertex 35.7500 13.2500 2.4000
      vertex 35.7500 14.0000 3.2000
      vertex 35.7500 13.2500 3.2000
    endloop
  endfacet
  facet normal 0.707107 0.707107 0.000000
    outer loop
      vertex 35.7500 14.0000 2.4000
      vertex 35.0000 14.7500 2.4000
      vertex 35.0000 14.7500 3.2000
    endloop
  endfacet
  facet normal 0.707107 0.707107 -0.000000
    outer loop
      vertex 35.7500 14.0000 2.4000
      vertex 35.0000 14.7500 3.2000
      vertex 35.7500 14.0000 3.2000
    endloop
  endfacet
  facet normal 0.000000 1.000000 0.000000
    outer loop
      vertex 35.0000 14.7500 2.4000
      vertex 34.5000 14.7500 2.4000
      vertex 34.5000 14.7500 3.2000
    endloop
  endfacet
  facet normal 0.000000 1.000000 -0.000000
    outer loop
      vertex 35.0000 14.7500 2.4000
      vertex 34.5000 14.7500 3.2000
      vertex 35.0000 14.7500 3.2000
    endloop
  endfacet
  facet normal 0.707107 0.707107 0.000000
    outer loop
      vertex 34.5000 14.7500 2.4000
      vertex 34.2500 15.0000 2.4000
      vertex 34.2500 15.0000 3.2000
    endloop
  endfacet
  facet normal 0.707107 0.707107 -0.000000
    outer loop
      vertex 34.5000 14.7500 2.4000
      vertex 34.2500 15.0000 3.2000
      vertex 34.5000 14.7500 3.2000
    endloop
  endfacet
  facet normal 0.000000 1.000000 0.000000
    outer loop
      vertex 34.2500 15.0000 2.4000
      vertex 34.0000 15.0000 2.4000
      vertex 34.0000 15.0000 3.2000
    endloop
  endfacet
  facet normal 0.000000 1.000000 -0.000000
    outer loop
      vertex 34.2500 15.0000 2.4000
      vertex 34.0000 15.0000 3.2000
      vertex 34.2500 15.0000 3.2000
    endloop
  endfacet
  facet normal 0.707107 0.707107 0.000000
    outer loop
      vertex 34.0000 15.0000 2.4000
      vertex 33.7500 15.2500 2.4000
      vertex 33.7500 15.2500 3.2000
    endloop
  endfacet
  facet normal 0.707107 0.707107 -0.000000
    outer loop
      vertex 34.0000 15.0000 2.4000
      vertex 33.7500 15.2500 3.2000
      vertex 34.0000 15.0000 3.2000
    endloop
  endfacet
  facet normal 0.000000 1.000000 0.000000
    outer loop
      vertex 33.7500 15.2500 2.4000
      vertex 33.5000 15.2500 2.4000
      vertex 33.5000 15.2500 3.2000
    endloop
  endfacet
  facet normal 0.000000 1.000000 -0.000000
    outer loop
      vertex 33.7500 15.2500 2.4000
      vertex 33.5000 15.2500 3.2000
      vertex 33.7500 15.2500 3.2000
    endloop
  endfacet
  facet normal 0.707107 0.707107 0.000000
    outer loop
      vertex 33.5000 15.2500 2.4000
      vertex 33.0000 15.7500 2.4000
      vertex 33.0000 15.7500 3.2000
    endloop
  endfacet
  facet normal 0.707107 0.707107 -0.000000
    outer loop
      vertex 33.5000 15.2500 2.4000
      vertex 33.0000 15.7500 3.2000
      vertex 33.5000 15.2500 3.2000
    endloop
  endfacet
  facet normal 0.707107 -0.707107 0.000000
    outer loop
      vertex 33.0000 15.7500 2.4000
      vertex 33.5000 16.2500 2.4000
      vertex 33.5000 16.2500 3.2000
    endloop
  endfacet
  facet normal 0.707107 -0.707107 0.000000
    outer loop
      vertex 33.0000 15.7500 2.4000
      vertex 33.5000 16.2500 3.2000
      vertex 33.0000 15.7500 3.2000
    endloop
  endfacet
  facet normal 0.000000 -1.000000 0.000000
    outer loop
      vertex 33.5000 16.2500 2.4000
      vertex 34.5000 16.2500 2.4000
      vertex 34.5000 16.2500 3.2000
    endloop
  endfacet
  facet normal 0.000000 -1.000000 0.000000
    outer loop
      vertex 33.5000 16.2500 2.4000
      vertex 34.5000 16.2500 3.2000
      vertex 33.5000 16.2500 3.2000
    endloop
  endfacet
  facet normal -0.707107 -0.707107 0.000000
    outer loop
      vertex 34.5000 16.2500 2.4000
      vertex 35.0000 15.7500 2.4000
      vertex 35.0000 15.7500 3.2000
    endloop
  endfacet
  facet normal -0.707107 -0.707107 0.000000
    outer loop
      vertex 34.5000 16.2500 2.4000
      vertex 35.0000 15.7500 3.2000
      vertex 34.5000 16.2500 3.2000
    endloop
  endfacet
  facet normal 0.000000 -1.000000 0.000000
    outer loop
      vertex 35.0000 15.7500 2.4000
      vertex 35.5000 15.7500 2.4000
      vertex 35.5000 15.7500 3.2000
    endloop
  endfacet
  facet normal 0.000000 -1.000000 0.000000
    outer loop
      vertex 35.0000 15.7500 2.4000
      vertex 35.5000 15.7500 3.2000
      vertex 35.0000 15.7500 3.2000
    endloop
  endfacet
  facet normal 1.000000 0.000000 0.000000
    outer loop
      vertex 35.5000 15.7500 2.4000
      vertex 35.5000 16.2500 2.4000
      vertex 35.5000 16.2500 3.2000
    endloop
  endfacet
  facet normal 1.000000 0.000000 0.000000
    outer loop
      vertex 35.5000 15.7500 2.4000
      vertex 35.5000 16.2500 3.2000
      vertex 35.5000 15.7500 3.2000
    endloop
  endfacet
  facet normal 0.707107 0.707107 0.000000
    outer loop
      vertex 35.5000 16.2500 2.4000
      vertex 35.2500 16.5000 2.4000
      vertex 35.2500 16.5000 3.2000
    endloop
  endfacet
  facet normal 0.707107 0.707107 -0.000000
    outer loop
      vertex 35.5000 16.2500 2.4000
      vertex 35.2500 16.5000 3.2000
      vertex 35.5000 16.2500 3.2000
    endloop
  endfacet
  facet normal 0.000000 1.000000 0.000000
    outer loop
      vertex 35.2500 16.5000 2.4000
      vertex 35.0000 16.5000 2.4000
      vertex 35.0000 16.5000 3.2000
    endloop
  endfacet
  facet normal 0.000000 1.000000 -0.000000
    outer loop
      vertex 35.2500 16.5000 2.4000
      vertex 35.0000 16.5000 3.2000
      vertex 35.2500 16.5000 3.2000
    endloop
  endfacet
  facet normal 0.707107 0.707107 0.000000
    outer loop
      vertex 35.0000 16.5000 2.4000
      vertex 34.7500 16.7500 2.4000
      vertex 34.7500 16.7500 3.2000
    endloop
  endfacet
  facet normal 0.707107 0.707107 -0.000000
    outer loop
      vertex 35.0000 16.5000 2.4000
      vertex 34.7500 16.7500 3.2000
      vertex 35.0000 16.5000 3.2000
    endloop
  endfacet
  facet normal 0.000000 1.000000 0.000000
    outer loop
      vertex 34.7500 16.7500 2.4000
      vertex 33.5000 16.7500 2.4000
      vertex 33.5000 16.7500 3.2000
    endloop
  endfacet
  facet normal 0.000000 1.000000 -0.000000
    outer loop
      vertex 34.7500 16.7500 2.4000
      vertex 33.5000 16.7500 3.2000
      vertex 34.7500 16.7500 3.2000
    endloop
  endfacet
  facet normal 0.000000 0.000000 -1.000000
    outer loop
      vertex 27.7500 16.7500 3.2000
      vertex 28.7500 16.7500 3.2000
      vertex 28.2500 16.2500 3.2000
    endloop
  endfacet
  facet normal 0.000000 -0.000000 1.000000
    outer loop
      vertex 28.2500 16.2500 2.4000
      vertex 28.7500 16.7500 2.4000
      vertex 27.7500 16.7500 2.4000
    endloop
  endfacet
  facet normal 0.000000 -0.000000 -1.000000
    outer loop
      vertex 28.7500 16.7500 3.2000
      vertex 28.7500 16.5000 3.2000
      vertex 28.2500 16.2500 3.2000
    endloop
  endfacet
  facet normal 0.000000 0.000000 1.000000
    outer loop
      vertex 28.2500 16.2500 2.4000
      vertex 28.7500 16.5000 2.4000
      vertex 28.7500 16.7500 2.4000
    endloop
  endfacet
  facet normal 0.000000 0.000000 -1.000000
    outer loop
      vertex 31.0000 16.7500 3.2000
      vertex 30.7500 16.2500 3.2000
      vertex 30.7500 16.5000 3.2000
    endloop
  endfacet
  facet normal -0.000000 0.000000 1.000000
    outer loop
      vertex 30.7500 16.5000 2.4000
      vertex 30.7500 16.2500 2.4000
      vertex 31.0000 16.7500 2.4000
    endloop
  endfacet
  facet normal 0.000000 -0.000000 -1.000000
    outer loop
      vertex 31.0000 16.7500 3.2000
      vertex 31.5000 16.2500 3.2000
      vertex 30.7500 16.2500 3.2000
    endloop
  endfacet
  facet normal 0.000000 0.000000 1.000000
    outer loop
      vertex 30.7500 16.2500 2.4000
      vertex 31.5000 16.2500 2.4000
      vertex 31.0000 16.7500 2.4000
    endloop
  endfacet
  facet normal 0.000000 0.000000 -1.000000
    outer loop
      vertex 31.0000 16.7500 3.2000
      vertex 31.5000 16.5000 3.2000
      vertex 31.5000 16.2500 3.2000
    endloop
  endfacet
  facet normal 0.000000 -0.000000 1.000000
    outer loop
      vertex 31.5000 16.2500 2.4000
      vertex 31.5000 16.5000 2.4000
      vertex 31.0000 16.7500 2.4000
    endloop
  endfacet
  facet normal 0.000000 0.000000 -1.000000
    outer loop
      vertex 31.0000 16.7500 3.2000
      vertex 31.7500 16.7500 3.2000
      vertex 31.5000 16.5000 3.2000
    endloop
  endfacet
  facet normal 0.000000 -0.000000 1.000000
    outer loop
      vertex 31.5000 16.5000 2.4000
      vertex 31.7500 16.7500 2.4000
      vertex 31.0000 16.7500 2.4000
    endloop
  endfacet
  facet normal 0.000000 0.000000 -1.000000
    outer loop
      vertex 30.0000 12.2500 3.2000
      vertex 29.5000 12.2500 3.2000
      vertex 30.0000 14.0000 3.2000
    endloop
  endfacet
  facet normal 0.000000 0.000000 1.000000
    outer loop
      vertex 30.0000 14.0000 2.4000
      vertex 29.5000 12.2500 2.4000
      vertex 30.0000 12.2500 2.4000
    endloop
  endfacet
  facet normal 0.000000 0.000000 -1.000000
    outer loop
      vertex 29.5000 12.2500 3.2000
      vertex 29.5000 14.2500 3.2000
      vertex 30.0000 14.0000 3.2000
    endloop
  endfacet
  facet normal 0.000000 0.000000 1.000000
    outer loop
      vertex 30.0000 14.0000 2.4000
      vertex 29.5000 14.2500 2.4000
      vertex 29.5000 12.2500 2.4000
    endloop
  endfacet
  facet normal 0.000000 0.000000 -1.000000
    outer loop
      vertex 28.5000 15.5000 3.2000
      vertex 29.2500 15.5000 3.2000
      vertex 29.0000 15.0000 3.2000
    endloop
  endfacet
  facet normal 0.000000 -0.000000 1.000000
    outer loop
      vertex 29.0000 15.0000 2.4000
      vertex 29.2500 15.5000 2.4000
      vertex 28.5000 15.5000 2.4000
    endloop
  endfacet
  facet normal 0.000000 0.000000 -1.000000
    outer loop
      vertex 28.5000 15.5000 3.2000
      vertex 29.0000 16.0000 3.2000
      vertex 29.2500 15.5000 3.2000
    endloop
  endfacet
  facet normal 0.000000 0.000000 1.000000
    outer loop
      vertex 29.2500 15.5000 2.4000
      vertex 29.0000 16.0000 2.4000
      vertex 28.5000 15.5000 2.4000
    endloop
  endfacet
  facet normal 0.000000 0.000000 -1.000000
    outer loop
      vertex 28.5000 15.5000 3.2000
      vertex 28.5000 15.7500 3.2000
      vertex 29.0000 16.0000 3.2000
    endloop
  endfacet
  facet normal 0.000000 0.000000 1.000000
    outer loop
      vertex 29.0000 16.0000 2.4000
      vertex 28.5000 15.7500 2.4000
      vertex 28.5000 15.5000 2.4000
    endloop
  endfacet
  facet normal 0.000000 0.000000 -1.000000
    outer loop
      vertex 28.2500 16.0000 3.2000
      vertex 28.2500 16.2500 3.2000
      vertex 28.5000 15.7500 3.2000
    endloop
  endfacet
  facet normal 0.000000 0.000000 1.000000
    outer loop
      vertex 28.5000 15.7500 2.4000
      vertex 28.2500 16.2500 2.4000
      vertex 28.2500 16.0000 2.4000
    endloop
  endfacet
  facet normal 0.000000 0.000000 -1.000000
    outer loop
      vertex 28.2500 16.2500 3.2000
      vertex 28.7500 16.5000 3.2000
      vertex 28.5000 15.7500 3.2000
    endloop
  endfacet
  facet normal 0.000000 -0.000000 1.000000
    outer loop
      vertex 28.5000 15.7500 2.4000
      vertex 28.7500 16.5000 2.4000
      vertex 28.2500 16.2500 2.4000
    endloop
  endfacet
  facet normal 0.000000 -0.000000 -1.000000
    outer loop
      vertex 28.7500 16.5000 3.2000
      vertex 29.0000 16.0000 3.2000
      vertex 28.5000 15.7500 3.2000
    endloop
  endfacet
  facet normal 0.000000 0.000000 1.000000
    outer loop
      vertex 28.5000 15.7500 2.4000
      vertex 29.0000 16.0000 2.4000
      vertex 28.7500 16.5000 2.4000
    endloop
  endfacet
  facet normal 0.000000 0.000000 -1.000000
    outer loop
      vertex 28.7500 16.5000 3.2000
      vertex 29.0000 16.2500 3.2000
      vertex 29.0000 16.0000 3.2000
    endloop
  endfacet
  facet normal 0.000000 -0.000000 1.000000
    outer loop
      vertex 29.0000 16.0000 2.4000
      vertex 29.0000 16.2500 2.4000
      vertex 28.7500 16.5000 2.4000
    endloop
  endfacet
  facet normal 0.000000 -0.000000 -1.000000
    outer loop
      vertex 30.7500 16.2500 3.2000
      vertex 31.0000 15.7500 3.2000
      vertex 30.5000 16.0000 3.2000
    endloop
  endfacet
  facet normal -0.000000 0.000000 1.000000
    outer loop
      vertex 30.5000 16.0000 2.4000
      vertex 31.0000 15.7500 2.4000
      vertex 30.7500 16.2500 2.4000
    endloop
  endfacet
  facet normal 0.000000 0.000000 -1.000000
    outer loop
      vertex 30.7500 16.2500 3.2000
      vertex 31.5000 16.2500 3.2000
      vertex 31.0000 15.7500 3.2000
    endloop
  endfacet
  facet normal 0.000000 -0.000000 1.000000
    outer loop
      vertex 31.0000 15.7500 2.4000
      vertex 31.5000 16.2500 2.4000
      vertex 30.7500 16.2500 2.4000
    endloop
  endfacet
  facet normal 0.000000 0.000000 -1.000000
    outer loop
      vertex 30.7500 15.0000 3.2000
      vertex 29.7500 15.0000 3.2000
      vertex 30.7500 15.2500 3.2000
    endloop
  endfacet
  facet normal 0.000000 0.000000 1.000000
    outer loop
      vertex 30.7500 15.2500 2.4000
      vertex 29.7500 15.0000 2.4000
      vertex 30.7500 15.0000 2.4000
    endloop
  endfacet
  facet normal -0.000000 0.000000 -1.000000
    outer loop
      vertex 30.7500 15.0000 3.2000
      vertex 30.2500 14.5000 3.2000
      vertex 29.7500 15.0000 3.2000
    endloop
  endfacet
  facet normal -0.000000 0.000000 1.000000
    outer loop
      vertex 29.7500 15.0000 2.4000
      vertex 30.2500 14.5000 2.4000
      vertex 30.7500 15.0000 2.4000
    endloop
  endfacet
  facet normal -0.000000 0.000000 -1.000000
    outer loop
      vertex 30.2500 14.2500 3.2000
      vertex 30.0000 14.0000 3.2000
      vertex 30.2500 14.5000 3.2000
    endloop
  endfacet
  facet normal 0.000000 0.000000 1.000000
    outer loop
      vertex 30.2500 14.5000 2.4000
      vertex 30.0000 14.0000 2.4000
      vertex 30.2500 14.2500 2.4000
    endloop
  endfacet
  facet normal 0.000000 0.000000 -1.000000
    outer loop
      vertex 30.0000 14.0000 3.2000
      vertex 29.5000 14.2500 3.2000
      vertex 30.2500 14.5000 3.2000
    endloop
  endfacet
  facet normal 0.000000 0.000000 1.000000
    outer loop
      vertex 30.2500 14.5000 2.4000
      vertex 29.5000 14.2500 2.4000
      vertex 30.0000 14.0000 2.4000
    endloop
  endfacet
  facet normal 0.000000 0.000000 -1.000000
    outer loop
      vertex 29.5000 14.2500 3.2000
      vertex 29.7500 15.0000 3.2000
      vertex 30.2500 14.5000 3.2000
    endloop
  endfacet
  facet normal 0.000000 0.000000 1.000000
    outer loop
      vertex 30.2500 14.5000 2.4000
      vertex 29.7500 15.0000 2.4000
      vertex 29.5000 14.2500 2.4000
    endloop
  endfacet
  facet normal 0.000000 0.000000 -1.000000
    outer loop
      vertex 29.5000 14.2500 3.2000
      vertex 29.0000 14.7500 3.2000
      vertex 29.7500 15.0000 3.2000
    endloop
  endfacet
  facet normal 0.000000 0.000000 1.000000
    outer loop
      vertex 29.7500 15.0000 2.4000
      vertex 29.0000 14.7500 2.4000
      vertex 29.5000 14.2500 2.4000
    endloop
  endfacet
  facet normal 0.000000 0.000000 -1.000000
    outer loop
      vertex 29.0000 14.7500 3.2000
      vertex 29.0000 15.0000 3.2000
      vertex 29.7500 15.0000 3.2000
    endloop
  endfacet
  facet normal 0.000000 0.000000 1.000000
    outer loop
      vertex 29.7500 15.0000 2.4000
      vertex 29.0000 15.0000 2.4000
      vertex 29.0000 14.7500 2.4000
    endloop
  endfacet
  facet normal 0.000000 0.000000 -1.000000
    outer loop
      vertex 29.0000 15.0000 3.2000
      vertex 29.2500 15.5000 3.2000
      vertex 29.7500 15.0000 3.2000
    endloop
  endfacet
  facet normal 0.000000 0.000000 1.000000
    outer loop
      vertex 29.7500 15.0000 2.4000
      vertex 29.2500 15.5000 2.4000
      vertex 29.0000 15.0000 2.4000
    endloop
  endfacet
  facet normal 0.000000 0.000000 -1.000000
    outer loop
      vertex 29.2500 15.5000 3.2000
      vertex 29.0000 16.0000 3.2000
      vertex 29.2500 15.7500 3.2000
    endloop
  endfacet
  facet normal 0.000000 0.000000 1.000000
    outer loop
      vertex 29.2500 15.7500 2.4000
      vertex 29.0000 16.0000 2.4000
      vertex 29.2500 15.5000 2.4000
    endloop
  endfacet
  facet normal 0.000000 0.000000 -1.000000
    outer loop
      vertex 30.5000 16.0000 3.2000
      vertex 31.0000 15.7500 3.2000
      vertex 30.5000 15.7500 3.2000
    endloop
  endfacet
  facet normal 0.000000 0.000000 1.000000
    outer loop
      vertex 30.5000 15.7500 2.4000
      vertex 31.0000 15.7500 2.4000
      vertex 30.5000 16.0000 2.4000
    endloop
  endfacet
  facet normal -0.000000 -0.000000 -1.000000
    outer loop
      vertex 31.0000 15.7500 3.2000
      vertex 31.0000 15.5000 3.2000
      vertex 30.5000 15.7500 3.2000
    endloop
  endfacet
  facet normal -0.000000 0.000000 1.000000
    outer loop
      vertex 30.5000 15.7500 2.4000
      vertex 31.0000 15.5000 2.4000
      vertex 31.0000 15.7500 2.4000
    endloop
  endfacet
  facet normal -0.000000 0.000000 -1.000000
    outer loop
      vertex 31.0000 15.5000 3.2000
      vertex 30.7500 15.2500 3.2000
      vertex 30.5000 15.7500 3.2000
    endloop
  endfacet
  facet normal 0.000000 0.000000 1.000000
    outer loop
      vertex 30.5000 15.7500 2.4000
      vertex 30.7500 15.2500 2.4000
      vertex 31.0000 15.5000 2.4000
    endloop
  endfacet
  facet normal -0.000000 0.000000 -1.000000
    outer loop
      vertex 30.7500 15.2500 3.2000
      vertex 29.7500 15.0000 3.2000
      vertex 30.5000 15.7500 3.2000
    endloop
  endfacet
  facet normal 0.000000 0.000000 1.000000
    outer loop
      vertex 30.5000 15.7500 2.4000
      vertex 29.7500 15.0000 2.4000
      vertex 30.7500 15.2500 2.4000
    endloop
  endfacet
  facet normal -0.707107 -0.707107 0.000000
    outer loop
      vertex 27.7500 16.7500 2.4000
      vertex 28.2500 16.2500 2.4000
      vertex 28.2500 16.2500 3.2000
    endloop
  endfacet
  facet normal -0.707107 -0.707107 0.000000
    outer loop
      vertex 27.7500 16.7500 2.4000
      vertex 28.2500 16.2500 3.2000
      vertex 27.7500 16.7500 3.2000
    endloop
  endfacet
  facet normal -1.000000 0.000000 0.000000
    outer loop
      vertex 28.2500 16.2500 2.4000
      vertex 28.2500 16.0000 2.4000
      vertex 28.2500 16.0000 3.2000
    endloop
  endfacet
  facet normal -1.000000 0.000000 0.000000
    outer loop
      vertex 28.2500 16.2500 2.4000
      vertex 28.2500 16.0000 3.2000
      vertex 28.2500 16.2500 3.2000
    endloop
  endfacet
  facet normal -0.707107 -0.707107 0.000000
    outer loop
      vertex 28.2500 16.0000 2.4000
      vertex 28.5000 15.7500 2.4000
      vertex 28.5000 15.7500 3.2000
    endloop
  endfacet
  facet normal -0.707107 -0.707107 0.000000
    outer loop
      vertex 28.2500 16.0000 2.4000
      vertex 28.5000 15.7500 3.2000
      vertex 28.2500 16.0000 3.2000
    endloop
  endfacet
  facet normal -1.000000 0.000000 0.000000
    outer loop
      vertex 28.5000 15.7500 2.4000
      vertex 28.5000 15.5000 2.4000
      vertex 28.5000 15.5000 3.2000
    endloop
  endfacet
  facet normal -1.000000 0.000000 0.000000
    outer loop
      vertex 28.5000 15.7500 2.4000
      vertex 28.5000 15.5000 3.2000
      vertex 28.5000 15.7500 3.2000
    endloop
  endfacet
  facet normal -0.707107 -0.707107 0.000000
    outer loop
      vertex 28.5000 15.5000 2.4000
      vertex 29.0000 15.0000 2.4000
      vertex 29.0000 15.0000 3.2000
    endloop
  endfacet
  facet normal -0.707107 -0.707107 0.000000
    outer loop
      vertex 28.5000 15.5000 2.4000
      vertex 29.0000 15.0000 3.2000
      vertex 28.5000 15.5000 3.2000
    endloop
  endfacet
  facet normal -1.000000 0.000000 0.000000
    outer loop
      vertex 29.0000 15.0000 2.4000
      vertex 29.0000 14.7500 2.4000
      vertex 29.0000 14.7500 3.2000
    endloop
  endfacet
  facet normal -1.000000 0.000000 0.000000
    outer loop
      vertex 29.0000 15.0000 2.4000
      vertex 29.0000 14.7500 3.2000
      vertex 29.0000 15.0000 3.2000
    endloop
  endfacet
  facet normal -0.707107 -0.707107 0.000000
    outer loop
      vertex 29.0000 14.7500 2.4000
      vertex 29.5000 14.2500 2.4000
      vertex 29.5000 14.2500 3.2000
    endloop
  endfacet
  facet normal -0.707107 -0.707107 0.000000
    outer loop
      vertex 29.0000 14.7500 2.4000
      vertex 29.5000 14.2500 3.2000
      vertex 29.0000 14.7500 3.2000
    endloop
  endfacet
  facet normal -1.000000 0.000000 0.000000
    outer loop
      vertex 29.5000 14.2500 2.4000
      vertex 29.5000 12.2500 2.4000
      vertex 29.5000 12.2500 3.2000
    endloop
  endfacet
  facet normal -1.000000 0.000000 0.000000
    outer loop
      vertex 29.5000 14.2500 2.4000
      vertex 29.5000 12.2500 3.2000
      vertex 29.5000 14.2500 3.2000
    endloop
  endfacet
  facet normal 0.000000 -1.000000 0.000000
    outer loop
      vertex 29.5000 12.2500 2.4000
      vertex 30.0000 12.2500 2.4000
      vertex 30.0000 12.2500 3.2000
    endloop
  endfacet
  facet normal 0.000000 -1.000000 0.000000
    outer loop
      vertex 29.5000 12.2500 2.4000
      vertex 30.0000 12.2500 3.2000
      vertex 29.5000 12.2500 3.2000
    endloop
  endfacet
  facet normal 1.000000 0.000000 0.000000
    outer loop
      vertex 30.0000 12.2500 2.4000
      vertex 30.0000 14.0000 2.4000
      vertex 30.0000 14.0000 3.2000
    endloop
  endfacet
  facet normal 1.000000 0.000000 0.000000
    outer loop
      vertex 30.0000 12.2500 2.4000
      vertex 30.0000 14.0000 3.2000
      vertex 30.0000 12.2500 3.2000
    endloop
  endfacet
  facet normal 0.707107 -0.707107 0.000000
    outer loop
      vertex 30.0000 14.0000 2.4000
      vertex 30.2500 14.2500 2.4000
      vertex 30.2500 14.2500 3.2000
    endloop
  endfacet
  facet normal 0.707107 -0.707107 0.000000
    outer loop
      vertex 30.0000 14.0000 2.4000
      vertex 30.2500 14.2500 3.2000
      vertex 30.0000 14.0000 3.2000
    endloop
  endfacet
  facet normal 1.000000 0.000000 0.000000
    outer loop
      vertex 30.2500 14.2500 2.4000
      vertex 30.2500 14.5000 2.4000
      vertex 30.2500 14.5000 3.2000
    endloop
  endfacet
  facet normal 1.000000 0.000000 0.000000
    outer loop
      vertex 30.2500 14.2500 2.4000
      vertex 30.2500 14.5000 3.2000
      vertex 30.2500 14.2500 3.2000
    endloop
  endfacet
  facet normal 0.707107 -0.707107 0.000000
    outer loop
      vertex 30.2500 14.5000 2.4000
      vertex 30.7500 15.0000 2.4000
      vertex 30.7500 15.0000 3.2000
    endloop
  endfacet
  facet normal 0.707107 -0.707107 0.000000
    outer loop
      vertex 30.2500 14.5000 2.4000
      vertex 30.7500 15.0000 3.2000
      vertex 30.2500 14.5000 3.2000
    endloop
  endfacet
  facet normal 1.000000 0.000000 0.000000
    outer loop
      vertex 30.7500 15.0000 2.4000
      vertex 30.7500 15.2500 2.4000
      vertex 30.7500 15.2500 3.2000
    endloop
  endfacet
  facet normal 1.000000 0.000000 0.000000
    outer loop
      vertex 30.7500 15.0000 2.4000
      vertex 30.7500 15.2500 3.2000
      vertex 30.7500 15.0000 3.2000
    endloop
  endfacet
  facet normal 0.707107 -0.707107 0.000000
    outer loop
      vertex 30.7500 15.2500 2.4000
      vertex 31.0000 15.5000 2.4000
      vertex 31.0000 15.5000 3.2000
    endloop
  endfacet
  facet normal 0.707107 -0.707107 0.000000
    outer loop
      vertex 30.7500 15.2500 2.4000
      vertex 31.0000 15.5000 3.2000
      vertex 30.7500 15.2500 3.2000
    endloop
  endfacet
  facet normal 1.000000 0.000000 0.000000
    outer loop
      vertex 31.0000 15.5000 2.4000
      vertex 31.0000 15.7500 2.4000
      vertex 31.0000 15.7500 3.2000
    endloop
  endfacet
  facet normal 1.000000 0.000000 0.000000
    outer loop
      vertex 31.0000 15.5000 2.4000
      vertex 31.0000 15.7500 3.2000
      vertex 31.0000 15.5000 3.2000
    endloop
  endfacet
  facet normal 0.707107 -0.707107 0.000000
    outer loop
      vertex 31.0000 15.7500 2.4000
      vertex 31.5000 16.2500 2.4000
      vertex 31.5000 16.2500 3.2000
    endloop
  endfacet
  facet normal 0.707107 -0.707107 0.000000
    outer loop
      vertex 31.0000 15.7500 2.4000
      vertex 31.5000 16.2500 3.2000
      vertex 31.0000 15.7500 3.2000
    endloop
  endfacet
  facet normal 1.000000 0.000000 0.000000
    outer loop
      vertex 31.5000 16.2500 2.4000
      vertex 31.5000 16.5000 2.4000
      vertex 31.5000 16.5000 3.2000
    endloop
  endfacet
  facet normal 1.000000 0.000000 0.000000
    outer loop
      vertex 31.5000 16.2500 2.4000
      vertex 31.5000 16.5000 3.2000
      vertex 31.5000 16.2500 3.2000
    endloop
  endfacet
  facet normal 0.707107 -0.707107 0.000000
    outer loop
      vertex 31.5000 16.5000 2.4000
      vertex 31.7500 16.7500 2.4000
      vertex 31.7500 16.7500 3.2000
    endloop
  endfacet
  facet normal 0.707107 -0.707107 0.000000
    outer loop
      vertex 31.5000 16.5000 2.4000
      vertex 31.7500 16.7500 3.2000
      vertex 31.5000 16.5000 3.2000
    endloop
  endfacet
  facet normal 0.000000 1.000000 0.000000
    outer loop
      vertex 31.7500 16.7500 2.4000
      vertex 31.0000 16.7500 2.4000
      vertex 31.0000 16.7500 3.2000
    endloop
  endfacet
  facet normal 0.000000 1.000000 -0.000000
    outer loop
      vertex 31.7500 16.7500 2.4000
      vertex 31.0000 16.7500 3.2000
      vertex 31.7500 16.7500 3.2000
    endloop
  endfacet
  facet normal -0.707107 0.707107 0.000000
    outer loop
      vertex 31.0000 16.7500 2.4000
      vertex 30.7500 16.5000 2.4000
      vertex 30.7500 16.5000 3.2000
    endloop
  endfacet
  facet normal -0.707107 0.707107 0.000000
    outer loop
      vertex 31.0000 16.7500 2.4000
      vertex 30.7500 16.5000 3.2000
      vertex 31.0000 16.7500 3.2000
    endloop
  endfacet
  facet normal -1.000000 0.000000 0.000000
    outer loop
      vertex 30.7500 16.5000 2.4000
      vertex 30.7500 16.2500 2.4000
      vertex 30.7500 16.2500 3.2000
    endloop
  endfacet
  facet normal -1.000000 0.000000 0.000000
    outer loop
      vertex 30.7500 16.5000 2.4000
      vertex 30.7500 16.2500 3.2000
      vertex 30.7500 16.5000 3.2000
    endloop
  endfacet
  facet normal -0.707107 0.707107 0.000000
    outer loop
      vertex 30.7500 16.2500 2.4000
      vertex 30.5000 16.0000 2.4000
      vertex 30.5000 16.0000 3.2000
    endloop
  endfacet
  facet normal -0.707107 0.707107 0.000000
    outer loop
      vertex 30.7500 16.2500 2.4000
      vertex 30.5000 16.0000 3.2000
      vertex 30.7500 16.2500 3.2000
    endloop
  endfacet
  facet normal -1.000000 0.000000 0.000000
    outer loop
      vertex 30.5000 16.0000 2.4000
      vertex 30.5000 15.7500 2.4000
      vertex 30.5000 15.7500 3.2000
    endloop
  endfacet
  facet normal -1.000000 0.000000 0.000000
    outer loop
      vertex 30.5000 16.0000 2.4000
      vertex 30.5000 15.7500 3.2000
      vertex 30.5000 16.0000 3.2000
    endloop
  endfacet
  facet normal -0.707107 0.707107 0.000000
    outer loop
      vertex 30.5000 15.7500 2.4000
      vertex 29.7500 15.0000 2.4000
      vertex 29.7500 15.0000 3.2000
    endloop
  endfacet
  facet normal -0.707107 0.707107 0.000000
    outer loop
      vertex 30.5000 15.7500 2.4000
      vertex 29.7500 15.0000 3.2000
      vertex 30.5000 15.7500 3.2000
    endloop
  endfacet
  facet normal 0.707107 0.707107 0.000000
    outer loop
      vertex 29.7500 15.0000 2.4000
      vertex 29.2500 15.5000 2.4000
      vertex 29.2500 15.5000 3.2000
    endloop
  endfacet
  facet normal 0.707107 0.707107 -0.000000
    outer loop
      vertex 29.7500 15.0000 2.4000
      vertex 29.2500 15.5000 3.2000
      vertex 29.7500 15.0000 3.2000
    endloop
  endfacet
  facet normal 1.000000 0.000000 0.000000
    outer loop
      vertex 29.2500 15.5000 2.4000
      vertex 29.2500 15.7500 2.4000
      vertex 29.2500 15.7500 3.2000
    endloop
  endfacet
  facet normal 1.000000 0.000000 0.000000
    outer loop
      vertex 29.2500 15.5000 2.4000
      vertex 29.2500 15.7500 3.2000
      vertex 29.2500 15.5000 3.2000
    endloop
  endfacet
  facet normal 0.707107 0.707107 0.000000
    outer loop
      vertex 29.2500 15.7500 2.4000
      vertex 29.0000 16.0000 2.4000
      vertex 29.0000 16.0000 3.2000
    endloop
  endfacet
  facet normal 0.707107 0.707107 -0.000000
    outer loop
      vertex 29.2500 15.7500 2.4000
      vertex 29.0000 16.0000 3.2000
      vertex 29.2500 15.7500 3.2000
    endloop
  endfacet
  facet normal 1.000000 0.000000 0.000000
    outer loop
      vertex 29.0000 16.0000 2.4000
      vertex 29.0000 16.2500 2.4000
      vertex 29.0000 16.2500 3.2000
    endloop
  endfacet
  facet normal 1.000000 0.000000 0.000000
    outer loop
      vertex 29.0000 16.0000 2.4000
      vertex 29.0000 16.2500 3.2000
      vertex 29.0000 16.0000 3.2000
    endloop
  endfacet
  facet normal 0.707107 0.707107 0.000000
    outer loop
      vertex 29.0000 16.2500 2.4000
      vertex 28.7500 16.5000 2.4000
      vertex 28.7500 16.5000 3.2000
    endloop
  endfacet
  facet normal 0.707107 0.707107 -0.000000
    outer loop
      vertex 29.0000 16.2500 2.4000
      vertex 28.7500 16.5000 3.2000
      vertex 29.0000 16.2500 3.2000
    endloop
  endfacet
  facet normal 1.000000 0.000000 0.000000
    outer loop
      vertex 28.7500 16.5000 2.4000
      vertex 28.7500 16.7500 2.4000
      vertex 28.7500 16.7500 3.2000
    endloop
  endfacet
  facet normal 1.000000 0.000000 0.000000
    outer loop
      vertex 28.7500 16.5000 2.4000
      vertex 28.7500 16.7500 3.2000
      vertex 28.7500 16.5000 3.2000
    endloop
  endfacet
  facet normal 0.000000 1.000000 0.000000
    outer loop
      vertex 28.7500 16.7500 2.4000
      vertex 27.7500 16.7500 2.4000
      vertex 27.7500 16.7500 3.2000
    endloop
  endfacet
  facet normal 0.000000 1.000000 -0.000000
    outer loop
      vertex 28.7500 16.7500 2.4000
      vertex 27.7500 16.7500 3.2000
      vertex 28.7500 16.7500 3.2000
    endloop
  endfacet
  facet normal 0.000000 0.000000 -1.000000
    outer loop
      vertex 22.7500 16.7500 3.2000
      vertex 23.2500 15.2500 3.2000
      vertex 22.7500 12.2500 3.2000
    endloop
  endfacet
  facet normal 0.000000 0.000000 1.000000
    outer loop
      vertex 22.7500 12.2500 2.4000
      vertex 23.2500 15.2500 2.4000
      vertex 22.7500 16.7500 2.4000
    endloop
  endfacet
  facet normal 0.000000 0.000000 -1.000000
    outer loop
      vertex 22.7500 16.7500 3.2000
      vertex 23.5000 15.5000 3.2000
      vertex 23.2500 15.2500 3.2000
    endloop
  endfacet
  facet normal 0.000000 -0.000000 1.000000
    outer loop
      vertex 23.2500 15.2500 2.4000
      vertex 23.5000 15.5000 2.4000
      vertex 22.7500 16.7500 2.4000
    endloop
  endfacet
  facet normal 0.000000 0.000000 -1.000000
    outer loop
      vertex 22.7500 16.7500 3.2000
      vertex 23.7500 16.7500 3.2000
      vertex 23.5000 15.5000 3.2000
    endloop
  endfacet
  facet normal 0.000000 -0.000000 1.000000
    outer loop
      vertex 23.5000 15.5000 2.4000
      vertex 23.7500 16.7500 2.4000
      vertex 22.7500 16.7500 2.4000
    endloop
  endfacet
  facet normal 0.000000 -0.000000 -1.000000
    outer loop
      vertex 23.7500 16.7500 3.2000
      vertex 24.0000 16.0000 3.2000
      vertex 23.5000 15.5000 3.2000
    endloop
  endfacet
  facet normal 0.000000 0.000000 1.000000
    outer loop
      vertex 23.5000 15.5000 2.4000
      vertex 24.0000 16.0000 2.4000
      vertex 23.7500 16.7500 2.4000
    endloop
  endfacet
  facet normal 0.000000 0.000000 -1.000000
    outer loop
      vertex 23.7500 16.7500 3.2000
      vertex 24.0000 16.5000 3.2000
      vertex 24.0000 16.0000 3.2000
    endloop
  endfacet
  facet normal 0.000000 -0.000000 1.000000
    outer loop
      vertex 24.0000 16.0000 2.4000
      vertex 24.0000 16.5000 2.4000
      vertex 23.7500 16.7500 2.4000
    endloop
  endfacet
  facet normal 0.000000 0.000000 -1.000000
    outer loop
      vertex 25.7500 16.7500 3.2000
      vertex 27.0000 16.7500 3.2000
      vertex 25.7500 16.2500 3.2000
    endloop
  endfacet
  facet normal 0.000000 0.000000 1.000000
    outer loop
      vertex 25.7500 16.2500 2.4000
      vertex 27.0000 16.7500 2.4000
      vertex 25.7500 16.7500 2.4000
    endloop
  endfacet
  facet normal 0.000000 0.000000 -1.000000
    outer loop
      vertex 27.0000 16.7500 3.2000
      vertex 26.0000 15.2500 3.2000
      vertex 25.7500 16.2500 3.2000
    endloop
  endfacet
  facet normal -0.000000 0.000000 1.000000
    outer loop
      vertex 25.7500 16.2500 2.4000
      vertex 26.0000 15.2500 2.4000
      vertex 27.0000 16.7500 2.4000
    endloop
  endfacet
  facet normal 0.000000 0.000000 -1.000000
    outer loop
      vertex 27.0000 16.7500 3.2000
      vertex 26.2500 15.0000 3.2000
      vertex 26.0000 15.2500 3.2000
    endloop
  endfacet
  facet normal -0.000000 0.000000 1.000000
    outer loop
      vertex 26.0000 15.2500 2.4000
      vertex 26.2500 15.0000 2.4000
      vertex 27.0000 16.7500 2.4000
    endloop
  endfacet
  facet normal 0.000000 -0.000000 -1.000000
    outer loop
      vertex 27.0000 16.7500 3.2000
      vertex 27.0000 12.2500 3.2000
      vertex 26.2500 15.0000 3.2000
    endloop
  endfacet
  facet normal -0.000000 0.000000 1.000000
    outer loop
      vertex 26.2500 15.0000 2.4000
      vertex 27.0000 12.2500 2.4000
      vertex 27.0000 16.7500 2.4000
    endloop
  endfacet
  facet normal 0.000000 0.000000 -1.000000
    outer loop
      vertex 25.2500 12.2500 3.2000
      vertex 24.5000 12.7500 3.2000
      vertex 25.2500 13.0000 3.2000
    endloop
  endfacet
  facet normal 0.000000 0.000000 1.000000
    outer loop
      vertex 25.2500 13.0000 2.4000
      vertex 24.5000 12.7500 2.4000
      vertex 25.2500 12.2500 2.4000
    endloop
  endfacet
  facet normal 0.000000 0.000000 -1.000000
    outer loop
      vertex 25.2500 12.2500 3.2000
      vertex 24.5000 12.2500 3.2000
      vertex 24.5000 12.7500 3.2000
    endloop
  endfacet
  facet normal 0.000000 0.000000 1.000000
    outer loop
      vertex 24.5000 12.7500 2.4000
      vertex 24.5000 12.2500 2.4000
      vertex 25.2500 12.2500 2.4000
    endloop
  endfacet
  facet normal 0.000000 0.000000 -1.000000
    outer loop
      vertex 23.5000 15.5000 3.2000
      vertex 24.0000 16.0000 3.2000
      vertex 23.7500 15.2500 3.2000
    endloop
  endfacet
  facet normal 0.000000 -0.000000 1.000000
    outer loop
      vertex 23.7500 15.2500 2.4000
      vertex 24.0000 16.0000 2.4000
      vertex 23.5000 15.5000 2.4000
    endloop
  endfacet
  facet normal 0.000000 -0.000000 -1.000000
    outer loop
      vertex 24.0000 16.0000 3.2000
      vertex 24.2500 15.7500 3.2000
      vertex 23.7500 15.2500 3.2000
    endloop
  endfacet
  facet normal 0.000000 0.000000 1.000000
    outer loop
      vertex 23.7500 15.2500 2.4000
      vertex 24.2500 15.7500 2.4000
      vertex 24.0000 16.0000 2.4000
    endloop
  endfacet
  facet normal 0.000000 0.000000 -1.000000
    outer loop
      vertex 25.5000 16.0000 3.2000
      vertex 26.0000 15.2500 3.2000
      vertex 25.5000 15.2500 3.2000
    endloop
  endfacet
  facet normal 0.000000 0.000000 1.000000
    outer loop
      vertex 25.5000 15.2500 2.4000
      vertex 26.0000 15.2500 2.4000
      vertex 25.5000 16.0000 2.4000
    endloop
  endfacet
  facet normal 0.000000 0.000000 -1.000000
    outer loop
      vertex 25.5000 16.0000 3.2000
      vertex 25.7500 16.2500 3.2000
      vertex 26.0000 15.2500 3.2000
    endloop
  endfacet
  facet normal 0.000000 0.000000 1.000000
    outer loop
      vertex 26.0000 15.2500 2.4000
      vertex 25.7500 16.2500 2.4000
      vertex 25.5000 16.0000 2.4000
    endloop
  endfacet
  facet normal -0.000000 0.000000 -1.000000
    outer loop
      vertex 26.0000 15.2500 3.2000
      vertex 25.7500 15.0000 3.2000
      vertex 25.5000 15.2500 3.2000
    endloop
  endfacet
  facet normal -0.000000 0.000000 1.000000
    outer loop
      vertex 25.5000 15.2500 2.4000
      vertex 25.7500 15.0000 2.4000
      vertex 26.0000 15.2500 2.4000
    endloop
  endfacet
  facet normal 0.000000 0.000000 -1.000000
    outer loop
      vertex 25.7500 14.2500 3.2000
      vertex 25.2500 15.0000 3.2000
      vertex 25.7500 15.0000 3.2000
    endloop
  endfacet
  facet normal 0.000000 0.000000 1.000000
    outer loop
      vertex 25.7500 15.0000 2.4000
      vertex 25.2500 15.0000 2.4000
      vertex 25.7500 14.2500 2.4000
    endloop
  endfacet
  facet normal 0.000000 0.000000 -1.000000
    outer loop
      vertex 25.7500 14.2500 3.2000
      vertex 25.2500 14.2500 3.2000
      vertex 25.2500 15.0000 3.2000
    endloop
  endfacet
  facet normal 0.000000 0.000000 1.000000
    outer loop
      vertex 25.2500 15.0000 2.4000
      vertex 25.2500 14.2500 2.4000
      vertex 25.7500 14.2500 2.4000
    endloop
  endfacet
  facet normal -0.000000 0.000000 -1.000000
    outer loop
      vertex 25.7500 14.2500 3.2000
      vertex 25.5000 14.0000 3.2000
      vertex 25.2500 14.2500 3.2000
    endloop
  endfacet
  facet normal -0.000000 0.000000 1.000000
    outer loop
      vertex 25.2500 14.2500 2.4000
      vertex 25.5000 14.0000 2.4000
      vertex 25.7500 14.2500 2.4000
    endloop
  endfacet
  facet normal 0.000000 0.000000 -1.000000
    outer loop
      vertex 25.5000 13.2500 3.2000
      vertex 24.7500 13.7500 3.2000
      vertex 25.5000 14.0000 3.2000
    endloop
  endfacet
  facet normal 0.000000 0.000000 1.000000
    outer loop
      vertex 25.5000 14.0000 2.4000
      vertex 24.7500 13.7500 2.4000
      vertex 25.5000 13.2500 2.4000
    endloop
  endfacet
  facet normal -0.000000 0.000000 -1.000000
    outer loop
      vertex 25.5000 13.2500 3.2000
      vertex 25.2500 13.0000 3.2000
      vertex 24.7500 13.7500 3.2000
    endloop
  endfacet
  facet normal 0.000000 0.000000 1.000000
    outer loop
      vertex 24.7500 13.7500 2.4000
      vertex 25.2500 13.0000 2.4000
      vertex 25.5000 13.2500 2.4000
    endloop
  endfacet
  facet normal -0.000000 0.000000 -1.000000
    outer loop
      vertex 25.2500 13.0000 3.2000
      vertex 24.5000 12.7500 3.2000
      vertex 24.7500 13.7500 3.2000
    endloop
  endfacet
  facet normal 0.000000 0.000000 1.000000
    outer loop
      vertex 24.7500 13.7500 2.4000
      vertex 24.5000 12.7500 2.4000
      vertex 25.2500 13.0000 2.4000
    endloop
  endfacet
  facet normal 0.000000 0.000000 -1.000000
    outer loop
      vertex 24.5000 12.7500 3.2000
      vertex 24.2500 13.0000 3.2000
      vertex 24.7500 13.7500 3.2000
    endloop
  endfacet
  facet normal 0.000000 0.000000 1.000000
    outer loop
      vertex 24.7500 13.7500 2.4000
      vertex 24.2500 13.0000 2.4000
      vertex 24.5000 12.7500 2.4000
    endloop
  endfacet
  facet normal 0.000000 0.000000 -1.000000
    outer loop
      vertex 24.2500 13.0000 3.2000
      vertex 24.2500 13.7500 3.2000
      vertex 24.7500 13.7500 3.2000
    endloop
  endfacet
  facet normal 0.000000 0.000000 1.000000
    outer loop
      vertex 24.7500 13.7500 2.4000
      vertex 24.2500 13.7500 2.4000
      vertex 24.2500 13.0000 2.4000
    endloop
  endfacet
  facet normal 0.000000 0.000000 -1.000000
    outer loop
      vertex 24.0000 14.0000 3.2000
      vertex 24.5000 14.0000 3.2000
      vertex 24.2500 13.7500 3.2000
    endloop
  endfacet
  facet normal 0.000000 -0.000000 1.000000
    outer loop
      vertex 24.2500 13.7500 2.4000
      vertex 24.5000 14.0000 2.4000
      vertex 24.0000 14.0000 2.4000
    endloop
  endfacet
  facet normal 0.000000 0.000000 -1.000000
    outer loop
      vertex 24.0000 14.0000 3.2000
      vertex 24.0000 14.7500 3.2000
      vertex 24.5000 14.0000 3.2000
    endloop
  endfacet
  facet normal 0.000000 0.000000 1.000000
    outer loop
      vertex 24.5000 14.0000 2.4000
      vertex 24.0000 14.7500 2.4000
      vertex 24.0000 14.0000 2.4000
    endloop
  endfacet
  facet normal 0.000000 0.000000 -1.000000
    outer loop
      vertex 23.7500 15.0000 3.2000
      vertex 24.2500 15.0000 3.2000
      vertex 24.0000 14.7500 3.2000
    endloop
  endfacet
  facet normal 0.000000 -0.000000 1.000000
    outer loop
      vertex 24.0000 14.7500 2.4000
      vertex 24.2500 15.0000 2.4000
      vertex 23.7500 15.0000 2.4000
    endloop
  endfacet
  facet normal 0.000000 0.000000 -1.000000
    outer loop
      vertex 23.7500 15.0000 3.2000
      vertex 23.7500 15.2500 3.2000
      vertex 24.2500 15.0000 3.2000
    endloop
  endfacet
  facet normal 0.000000 0.000000 1.000000
    outer loop
      vertex 24.2500 15.0000 2.4000
      vertex 23.7500 15.2500 2.4000
      vertex 23.7500 15.0000 2.4000
    endloop
  endfacet
  facet normal 0.000000 0.000000 -1.000000
    outer loop
      vertex 23.7500 15.2500 3.2000
      vertex 24.2500 15.7500 3.2000
      vertex 24.2500 15.0000 3.2000
    endloop
  endfacet
  facet normal 0.000000 -0.000000 1.000000
    outer loop
      vertex 24.2500 15.0000 2.4000
      vertex 24.2500 15.7500 2.4000
      vertex 23.7500 15.2500 2.4000
    endloop
  endfacet
  facet normal 0.000000 -0.000000 -1.000000
    outer loop
      vertex 25.5000 15.2500 3.2000
      vertex 25.7500 15.0000 3.2000
      vertex 25.2500 15.0000 3.2000
    endloop
  endfacet
  facet normal 0.000000 0.000000 1.000000
    outer loop
      vertex 25.2500 15.0000 2.4000
      vertex 25.7500 15.0000 2.4000
      vertex 25.5000 15.2500 2.4000
    endloop
  endfacet
  facet normal 0.000000 -0.000000 -1.000000
    outer loop
      vertex 25.2500 14.2500 3.2000
      vertex 25.5000 14.0000 3.2000
      vertex 24.7500 13.7500 3.2000
    endloop
  endfacet
  facet normal 0.000000 0.000000 1.000000
    outer loop
      vertex 24.7500 13.7500 2.4000
      vertex 25.5000 14.0000 2.4000
      vertex 25.2500 14.2500 2.4000
    endloop
  endfacet
  facet normal 0.000000 0.000000 -1.000000
    outer loop
      vertex 24.7500 13.7500 3.2000
      vertex 24.2500 13.7500 3.2000
      vertex 24.5000 14.0000 3.2000
    endloop
  endfacet
  facet normal 0.000000 0.000000 1.000000
    outer loop
      vertex 24.5000 14.0000 2.4000
      vertex 24.2500 13.7500 2.4000
      vertex 24.7500 13.7500 2.4000
    endloop
  endfacet
  facet normal 0.000000 0.000000 -1.000000
    outer loop
      vertex 24.5000 14.0000 3.2000
      vertex 24.0000 14.7500 3.2000
      vertex 24.5000 14.7500 3.2000
    endloop
  endfacet
  facet normal 0.000000 0.000000 1.000000
    outer loop
      vertex 24.5000 14.7500 2.4000
      vertex 24.0000 14.7500 2.4000
      vertex 24.5000 14.0000 2.4000
    endloop
  endfacet
  facet normal 0.000000 0.000000 -1.000000
    outer loop
      vertex 24.0000 14.7500 3.2000
      vertex 24.2500 15.0000 3.2000
      vertex 24.5000 14.7500 3.2000
    endloop
  endfacet
  facet normal 0.000000 0.000000 1.000000
    outer loop
      vertex 24.5000 14.7500 2.4000
      vertex 24.2500 15.0000 2.4000
      vertex 24.0000 14.7500 2.4000
    endloop
  endfacet
  facet normal -1.000000 0.000000 0.000000
    outer loop
      vertex 22.7500 16.7500 2.4000
      vertex 22.7500 12.2500 2.4000
      vertex 22.7500 12.2500 3.2000
    endloop
  endfacet
  facet normal -1.000000 0.000000 0.000000
    outer loop
      vertex 22.7500 16.7500 2.4000
      vertex 22.7500 12.2500 3.2000
      vertex 22.7500 16.7500 3.2000
    endloop
  endfacet
  facet normal 0.000000 -1.000000 0.000000
    outer loop
      vertex 22.7500 12.2500 2.4000
      vertex 23.2500 12.2500 2.4000
      vertex 23.2500 12.2500 3.2000
    endloop
  endfacet
  facet normal 0.000000 -1.000000 0.000000
    outer loop
      vertex 22.7500 12.2500 2.4000
      vertex 23.2500 12.2500 3.2000
      vertex 22.7500 12.2500 3.2000
    endloop
  endfacet
  facet normal 1.000000 0.000000 0.000000
    outer loop
      vertex 23.2500 12.2500 2.4000
      vertex 23.2500 15.2500 2.4000
      vertex 23.2500 15.2500 3.2000
    endloop
  endfacet
  facet normal 1.000000 0.000000 0.000000
    outer loop
      vertex 23.2500 12.2500 2.4000
      vertex 23.2500 15.2500 3.2000
      vertex 23.2500 12.2500 3.2000
    endloop
  endfacet
  facet normal 0.707107 -0.707107 0.000000
    outer loop
      vertex 23.2500 15.2500 2.4000
      vertex 23.5000 15.5000 2.4000
      vertex 23.5000 15.5000 3.2000
    endloop
  endfacet
  facet normal 0.707107 -0.707107 0.000000
    outer loop
      vertex 23.2500 15.2500 2.4000
      vertex 23.5000 15.5000 3.2000
      vertex 23.2500 15.2500 3.2000
    endloop
  endfacet
  facet normal -0.707107 -0.707107 0.000000
    outer loop
      vertex 23.5000 15.5000 2.4000
      vertex 23.7500 15.2500 2.4000
      vertex 23.7500 15.2500 3.2000
    endloop
  endfacet
  facet normal -0.707107 -0.707107 0.000000
    outer loop
      vertex 23.5000 15.5000 2.4000
      vertex 23.7500 15.2500 3.2000
      vertex 23.5000 15.5000 3.2000
    endloop
  endfacet
  facet normal -1.000000 0.000000 0.000000
    outer loop
      vertex 23.7500 15.2500 2.4000
      vertex 23.7500 15.0000 2.4000
      vertex 23.7500 15.0000 3.2000
    endloop
  endfacet
  facet normal -1.000000 0.000000 0.000000
    outer loop
      vertex 23.7500 15.2500 2.4000
      vertex 23.7500 15.0000 3.2000
      vertex 23.7500 15.2500 3.2000
    endloop
  endfacet
  facet normal -0.707107 -0.707107 0.000000
    outer loop
      vertex 23.7500 15.0000 2.4000
      vertex 24.0000 14.7500 2.4000
      vertex 24.0000 14.7500 3.2000
    endloop
  endfacet
  facet normal -0.707107 -0.707107 0.000000
    outer loop
      vertex 23.7500 15.0000 2.4000
      vertex 24.0000 14.7500 3.2000
      vertex 23.7500 15.0000 3.2000
    endloop
  endfacet
  facet normal -1.000000 0.000000 0.000000
    outer loop
      vertex 24.0000 14.7500 2.4000
      vertex 24.0000 14.0000 2.4000
      vertex 24.0000 14.0000 3.2000
    endloop
  endfacet
  facet normal -1.000000 0.000000 0.000000
    outer loop
      vertex 24.0000 14.7500 2.4000
      vertex 24.0000 14.0000 3.2000
      vertex 24.0000 14.7500 3.2000
    endloop
  endfacet
  facet normal -0.707107 -0.707107 0.000000
    outer loop
      vertex 24.0000 14.0000 2.4000
      vertex 24.2500 13.7500 2.4000
      vertex 24.2500 13.7500 3.2000
    endloop
  endfacet
  facet normal -0.707107 -0.707107 0.000000
    outer loop
      vertex 24.0000 14.0000 2.4000
      vertex 24.2500 13.7500 3.2000
      vertex 24.0000 14.0000 3.2000
    endloop
  endfacet
  facet normal -1.000000 0.000000 0.000000
    outer loop
      vertex 24.2500 13.7500 2.4000
      vertex 24.2500 13.0000 2.4000
      vertex 24.2500 13.0000 3.2000
    endloop
  endfacet
  facet normal -1.000000 0.000000 0.000000
    outer loop
      vertex 24.2500 13.7500 2.4000
      vertex 24.2500 13.0000 3.2000
      vertex 24.2500 13.7500 3.2000
    endloop
  endfacet
  facet normal -0.707107 -0.707107 0.000000
    outer loop
      vertex 24.2500 13.0000 2.4000
      vertex 24.5000 12.7500 2.4000
      vertex 24.5000 12.7500 3.2000
    endloop
  endfacet
  facet normal -0.707107 -0.707107 0.000000
    outer loop
      vertex 24.2500 13.0000 2.4000
      vertex 24.5000 12.7500 3.2000
      vertex 24.2500 13.0000 3.2000
    endloop
  endfacet
  facet normal -1.000000 0.000000 0.000000
    outer loop
      vertex 24.5000 12.7500 2.4000
      vertex 24.5000 12.2500 2.4000
      vertex 24.5000 12.2500 3.2000
    endloop
  endfacet
  facet normal -1.000000 0.000000 0.000000
    outer loop
      vertex 24.5000 12.7500 2.4000
      vertex 24.5000 12.2500 3.2000
      vertex 24.5000 12.7500 3.2000
    endloop
  endfacet
  facet normal 0.000000 -1.000000 0.000000
    outer loop
      vertex 24.5000 12.2500 2.4000
      vertex 25.2500 12.2500 2.4000
      vertex 25.2500 12.2500 3.2000
    endloop
  endfacet
  facet normal 0.000000 -1.000000 0.000000
    outer loop
      vertex 24.5000 12.2500 2.4000
      vertex 25.2500 12.2500 3.2000
      vertex 24.5000 12.2500 3.2000
    endloop
  endfacet
  facet normal 1.000000 0.000000 0.000000
    outer loop
      vertex 25.2500 12.2500 2.4000
      vertex 25.2500 13.0000 2.4000
      vertex 25.2500 13.0000 3.2000
    endloop
  endfacet
  facet normal 1.000000 0.000000 0.000000
    outer loop
      vertex 25.2500 12.2500 2.4000
      vertex 25.2500 13.0000 3.2000
      vertex 25.2500 12.2500 3.2000
    endloop
  endfacet
  facet normal 0.707107 -0.707107 0.000000
    outer loop
      vertex 25.2500 13.0000 2.4000
      vertex 25.5000 13.2500 2.4000
      vertex 25.5000 13.2500 3.2000
    endloop
  endfacet
  facet normal 0.707107 -0.707107 0.000000
    outer loop
      vertex 25.2500 13.0000 2.4000
      vertex 25.5000 13.2500 3.2000
      vertex 25.2500 13.0000 3.2000
    endloop
  endfacet
  facet normal 1.000000 0.000000 0.000000
    outer loop
      vertex 25.5000 13.2500 2.4000
      vertex 25.5000 14.0000 2.4000
      vertex 25.5000 14.0000 3.2000
    endloop
  endfacet
  facet normal 1.000000 0.000000 0.000000
    outer loop
      vertex 25.5000 13.2500 2.4000
      vertex 25.5000 14.0000 3.2000
      vertex 25.5000 13.2500 3.2000
    endloop
  endfacet
  facet normal 0.707107 -0.707107 0.000000
    outer loop
      vertex 25.5000 14.0000 2.4000
      vertex 25.7500 14.2500 2.4000
      vertex 25.7500 14.2500 3.2000
    endloop
  endfacet
  facet normal 0.707107 -0.707107 0.000000
    outer loop
      vertex 25.5000 14.0000 2.4000
      vertex 25.7500 14.2500 3.2000
      vertex 25.5000 14.0000 3.2000
    endloop
  endfacet
  facet normal 1.000000 0.000000 0.000000
    outer loop
      vertex 25.7500 14.2500 2.4000
      vertex 25.7500 15.0000 2.4000
      vertex 25.7500 15.0000 3.2000
    endloop
  endfacet
  facet normal 1.000000 0.000000 0.000000
    outer loop
      vertex 25.7500 14.2500 2.4000
      vertex 25.7500 15.0000 3.2000
      vertex 25.7500 14.2500 3.2000
    endloop
  endfacet
  facet normal 0.707107 -0.707107 0.000000
    outer loop
      vertex 25.7500 15.0000 2.4000
      vertex 26.0000 15.2500 2.4000
      vertex 26.0000 15.2500 3.2000
    endloop
  endfacet
  facet normal 0.707107 -0.707107 0.000000
    outer loop
      vertex 25.7500 15.0000 2.4000
      vertex 26.0000 15.2500 3.2000
      vertex 25.7500 15.0000 3.2000
    endloop
  endfacet
  facet normal -0.707107 -0.707107 0.000000
    outer loop
      vertex 26.0000 15.2500 2.4000
      vertex 26.2500 15.0000 2.4000
      vertex 26.2500 15.0000 3.2000
    endloop
  endfacet
  facet normal -0.707107 -0.707107 0.000000
    outer loop
      vertex 26.0000 15.2500 2.4000
      vertex 26.2500 15.0000 3.2000
      vertex 26.0000 15.2500 3.2000
    endloop
  endfacet
  facet normal -1.000000 0.000000 0.000000
    outer loop
      vertex 26.2500 15.0000 2.4000
      vertex 26.2500 12.2500 2.4000
      vertex 26.2500 12.2500 3.2000
    endloop
  endfacet
  facet normal -1.000000 0.000000 0.000000
    outer loop
      vertex 26.2500 15.0000 2.4000
      vertex 26.2500 12.2500 3.2000
      vertex 26.2500 15.0000 3.2000
    endloop
  endfacet
  facet normal 0.000000 -1.000000 0.000000
    outer loop
      vertex 26.2500 12.2500 2.4000
      vertex 27.0000 12.2500 2.4000
      vertex 27.0000 12.2500 3.2000
    endloop
  endfacet
  facet normal 0.000000 -1.000000 0.000000
    outer loop
      vertex 26.2500 12.2500 2.4000
      vertex 27.0000 12.2500 3.2000
      vertex 26.2500 12.2500 3.2000
    endloop
  endfacet
  facet normal 1.000000 0.000000 0.000000
    outer loop
      vertex 27.0000 12.2500 2.4000
      vertex 27.0000 16.7500 2.4000
      vertex 27.0000 16.7500 3.2000
    endloop
  endfacet
  facet normal 1.000000 0.000000 0.000000
    outer loop
      vertex 27.0000 12.2500 2.4000
      vertex 27.0000 16.7500 3.2000
      vertex 27.0000 12.2500 3.2000
    endloop
  endfacet
  facet normal 0.000000 1.000000 0.000000
    outer loop
      vertex 27.0000 16.7500 2.4000
      vertex 25.7500 16.7500 2.4000
      vertex 25.7500 16.7500 3.2000
    endloop
  endfacet
  facet normal 0.000000 1.000000 -0.000000
    outer loop
      vertex 27.0000 16.7500 2.4000
      vertex 25.7500 16.7500 3.2000
      vertex 27.0000 16.7500 3.2000
    endloop
  endfacet
  facet normal -1.000000 0.000000 0.000000
    outer loop
      vertex 25.7500 16.7500 2.4000
      vertex 25.7500 16.2500 2.4000
      vertex 25.7500 16.2500 3.2000
    endloop
  endfacet
  facet normal -1.000000 0.000000 0.000000
    outer loop
      vertex 25.7500 16.7500 2.4000
      vertex 25.7500 16.2500 3.2000
      vertex 25.7500 16.7500 3.2000
    endloop
  endfacet
  facet normal -0.707107 0.707107 0.000000
    outer loop
      vertex 25.7500 16.2500 2.4000
      vertex 25.5000 16.0000 2.4000
      vertex 25.5000 16.0000 3.2000
    endloop
  endfacet
  facet normal -0.707107 0.707107 0.000000
    outer loop
      vertex 25.7500 16.2500 2.4000
      vertex 25.5000 16.0000 3.2000
      vertex 25.7500 16.2500 3.2000
    endloop
  endfacet
  facet normal -1.000000 0.000000 0.000000
    outer loop
      vertex 25.5000 16.0000 2.4000
      vertex 25.5000 15.2500 2.4000
      vertex 25.5000 15.2500 3.2000
    endloop
  endfacet
  facet normal -1.000000 0.000000 0.000000
    outer loop
      vertex 25.5000 16.0000 2.4000
      vertex 25.5000 15.2500 3.2000
      vertex 25.5000 16.0000 3.2000
    endloop
  endfacet
  facet normal -0.707107 0.707107 0.000000
    outer loop
      vertex 25.5000 15.2500 2.4000
      vertex 25.2500 15.0000 2.4000
      vertex 25.2500 15.0000 3.2000
    endloop
  endfacet
  facet normal -0.707107 0.707107 0.000000
    outer loop
      vertex 25.5000 15.2500 2.4000
      vertex 25.2500 15.0000 3.2000
      vertex 25.5000 15.2500 3.2000
    endloop
  endfacet
  facet normal -1.000000 0.000000 0.000000
    outer loop
      vertex 25.2500 15.0000 2.4000
      vertex 25.2500 14.2500 2.4000
      vertex 25.2500 14.2500 3.2000
    endloop
  endfacet
  facet normal -1.000000 0.000000 0.000000
    outer loop
      vertex 25.2500 15.0000 2.4000
      vertex 25.2500 14.2500 3.2000
      vertex 25.2500 15.0000 3.2000
    endloop
  endfacet
  facet normal -0.707107 0.707107 0.000000
    outer loop
      vertex 25.2500 14.2500 2.4000
      vertex 24.7500 13.7500 2.4000
      vertex 24.7500 13.7500 3.2000
    endloop
  endfacet
  facet normal -0.707107 0.707107 0.000000
    outer loop
      vertex 25.2500 14.2500 2.4000
      vertex 24.7500 13.7500 3.2000
      vertex 25.2500 14.2500 3.2000
    endloop
  endfacet
  facet normal 0.707107 0.707107 0.000000
    outer loop
      vertex 24.7500 13.7500 2.4000
      vertex 24.5000 14.0000 2.4000
      vertex 24.5000 14.0000 3.2000
    endloop
  endfacet
  facet normal 0.707107 0.707107 -0.000000
    outer loop
      vertex 24.7500 13.7500 2.4000
      vertex 24.5000 14.0000 3.2000
      vertex 24.7500 13.7500 3.2000
    endloop
  endfacet
  facet normal 1.000000 0.000000 0.000000
    outer loop
      vertex 24.5000 14.0000 2.4000
      vertex 24.5000 14.7500 2.4000
      vertex 24.5000 14.7500 3.2000
    endloop
  endfacet
  facet normal 1.000000 0.000000 0.000000
    outer loop
      vertex 24.5000 14.0000 2.4000
      vertex 24.5000 14.7500 3.2000
      vertex 24.5000 14.0000 3.2000
    endloop
  endfacet
  facet normal 0.707107 0.707107 0.000000
    outer loop
      vertex 24.5000 14.7500 2.4000
      vertex 24.2500 15.0000 2.4000
      vertex 24.2500 15.0000 3.2000
    endloop
  endfacet
  facet normal 0.707107 0.707107 -0.000000
    outer loop
      vertex 24.5000 14.7500 2.4000
      vertex 24.2500 15.0000 3.2000
      vertex 24.5000 14.7500 3.2000
    endloop
  endfacet
  facet normal 1.000000 0.000000 0.000000
    outer loop
      vertex 24.2500 15.0000 2.4000
      vertex 24.2500 15.7500 2.4000
      vertex 24.2500 15.7500 3.2000
    endloop
  endfacet
  facet normal 1.000000 0.000000 0.000000
    outer loop
      vertex 24.2500 15.0000 2.4000
      vertex 24.2500 15.7500 3.2000
      vertex 24.2500 15.0000 3.2000
    endloop
  endfacet
  facet normal 0.707107 0.707107 0.000000
    outer loop
      vertex 24.2500 15.7500 2.4000
      vertex 24.0000 16.0000 2.4000
      vertex 24.0000 16.0000 3.2000
    endloop
  endfacet
  facet normal 0.707107 0.707107 -0.000000
    outer loop
      vertex 24.2500 15.7500 2.4000
      vertex 24.0000 16.0000 3.2000
      vertex 24.2500 15.7500 3.2000
    endloop
  endfacet
  facet normal 1.000000 0.000000 0.000000
    outer loop
      vertex 24.0000 16.0000 2.4000
      vertex 24.0000 16.5000 2.4000
      vertex 24.0000 16.5000 3.2000
    endloop
  endfacet
  facet normal 1.000000 0.000000 0.000000
    outer loop
      vertex 24.0000 16.0000 2.4000
      vertex 24.0000 16.5000 3.2000
      vertex 24.0000 16.0000 3.2000
    endloop
  endfacet
  facet normal 0.707107 0.707107 0.000000
    outer loop
      vertex 24.0000 16.5000 2.4000
      vertex 23.7500 16.7500 2.4000
      vertex 23.7500 16.7500 3.2000
    endloop
  endfacet
  facet normal 0.707107 0.707107 -0.000000
    outer loop
      vertex 24.0000 16.5000 2.4000
      vertex 23.7500 16.7500 3.2000
      vertex 24.0000 16.5000 3.2000
    endloop
  endfacet
  facet normal 0.000000 1.000000 0.000000
    outer loop
      vertex 23.7500 16.7500 2.4000
      vertex 22.7500 16.7500 2.4000
      vertex 22.7500 16.7500 3.2000
    endloop
  endfacet
  facet normal 0.000000 1.000000 -0.000000
    outer loop
      vertex 23.7500 16.7500 2.4000
      vertex 22.7500 16.7500 3.2000
      vertex 23.7500 16.7500 3.2000
    endloop
  endfacet
  facet normal 0.000000 0.000000 -1.000000
    outer loop
      vertex 16.2500 16.7500 3.2000
      vertex 17.2500 16.7500 3.2000
      vertex 16.7500 16.2500 3.2000
    endloop
  endfacet
  facet normal 0.000000 -0.000000 1.000000
    outer loop
      vertex 16.7500 16.2500 2.4000
      vertex 17.2500 16.7500 2.4000
      vertex 16.2500 16.7500 2.4000
    endloop
  endfacet
  facet normal 0.000000 -0.000000 -1.000000
    outer loop
      vertex 17.2500 16.7500 3.2000
      vertex 17.2500 16.5000 3.2000
      vertex 16.7500 16.2500 3.2000
    endloop
  endfacet
  facet normal 0.000000 0.000000 1.000000
    outer loop
      vertex 16.7500 16.2500 2.4000
      vertex 17.2500 16.5000 2.4000
      vertex 17.2500 16.7500 2.4000
    endloop
  endfacet
  facet normal 0.000000 0.000000 -1.000000
    outer loop
      vertex 19.5000 16.7500 3.2000
      vertex 19.2500 16.2500 3.2000
      vertex 19.2500 16.5000 3.2000
    endloop
  endfacet
  facet normal -0.000000 0.000000 1.000000
    outer loop
      vertex 19.2500 16.5000 2.4000
      vertex 19.2500 16.2500 2.4000
      vertex 19.5000 16.7500 2.4000
    endloop
  endfacet
  facet normal 0.000000 -0.000000 -1.000000
    outer loop
      vertex 19.5000 16.7500 3.2000
      vertex 20.0000 16.2500 3.2000
      vertex 19.2500 16.2500 3.2000
    endloop
  endfacet
  facet normal 0.000000 0.000000 1.000000
    outer loop
      vertex 19.2500 16.2500 2.4000
      vertex 20.0000 16.2500 2.4000
      vertex 19.5000 16.7500 2.4000
    endloop
  endfacet
  facet normal 0.000000 0.000000 -1.000000
    outer loop
      vertex 19.5000 16.7500 3.2000
      vertex 20.0000 16.5000 3.2000
      vertex 20.0000 16.2500 3.2000
    endloop
  endfacet
  facet normal 0.000000 -0.000000 1.000000
    outer loop
      vertex 20.0000 16.2500 2.4000
      vertex 20.0000 16.5000 2.4000
      vertex 19.5000 16.7500 2.4000
    endloop
  endfacet
  facet normal 0.000000 0.000000 -1.000000
    outer loop
      vertex 19.5000 16.7500 3.2000
      vertex 20.2500 16.7500 3.2000
      vertex 20.0000 16.5000 3.2000
    endloop
  endfacet
  facet normal 0.000000 -0.000000 1.000000
    outer loop
      vertex 20.0000 16.5000 2.4000
      vertex 20.2500 16.7500 2.4000
      vertex 19.5000 16.7500 2.4000
    endloop
  endfacet
  facet normal 0.000000 0.000000 -1.000000
    outer loop
      vertex 18.5000 12.2500 3.2000
      vertex 18.0000 12.2500 3.2000
      vertex 18.5000 14.0000 3.2000
    endloop
  endfacet
  facet normal 0.000000 0.000000 1.000000
    outer loop
      vertex 18.5000 14.0000 2.4000
      vertex 18.0000 12.2500 2.4000
      vertex 18.5000 12.2500 2.4000
    endloop
  endfacet
  facet normal 0.000000 0.000000 -1.000000
    outer loop
      vertex 18.0000 12.2500 3.2000
      vertex 18.0000 14.2500 3.2000
      vertex 18.5000 14.0000 3.2000
    endloop
  endfacet
  facet normal 0.000000 0.000000 1.000000
    outer loop
      vertex 18.5000 14.0000 2.4000
      vertex 18.0000 14.2500 2.4000
      vertex 18.0000 12.2500 2.4000
    endloop
  endfacet
  facet normal 0.000000 0.000000 -1.000000
    outer loop
      vertex 17.0000 15.5000 3.2000
      vertex 17.7500 15.5000 3.2000
      vertex 17.5000 15.0000 3.2000
    endloop
  endfacet
  facet normal 0.000000 -0.000000 1.000000
    outer loop
      vertex 17.5000 15.0000 2.4000
      vertex 17.7500 15.5000 2.4000
      vertex 17.0000 15.5000 2.4000
    endloop
  endfacet
  facet normal 0.000000 0.000000 -1.000000
    outer loop
      vertex 17.0000 15.5000 3.2000
      vertex 17.5000 16.0000 3.2000
      vertex 17.7500 15.5000 3.2000
    endloop
  endfacet
  facet normal 0.000000 0.000000 1.000000
    outer loop
      vertex 17.7500 15.5000 2.4000
      vertex 17.5000 16.0000 2.4000
      vertex 17.0000 15.5000 2.4000
    endloop
  endfacet
  facet normal 0.000000 0.000000 -1.000000
    outer loop
      vertex 17.0000 15.5000 3.2000
      vertex 17.0000 15.7500 3.2000
      vertex 17.5000 16.0000 3.2000
    endloop
  endfacet
  facet normal 0.000000 0.000000 1.000000
    outer loop
      vertex 17.5000 16.0000 2.4000
      vertex 17.0000 15.7500 2.4000
      vertex 17.0000 15.5000 2.4000
    endloop
  endfacet
  facet normal 0.000000 0.000000 -1.000000
    outer loop
      vertex 16.7500 16.0000 3.2000
      vertex 16.7500 16.2500 3.2000
      vertex 17.0000 15.7500 3.2000
    endloop
  endfacet
  facet normal 0.000000 0.000000 1.000000
    outer loop
      vertex 17.0000 15.7500 2.4000
      vertex 16.7500 16.2500 2.4000
      vertex 16.7500 16.0000 2.4000
    endloop
  endfacet
  facet normal 0.000000 0.000000 -1.000000
    outer loop
      vertex 16.7500 16.2500 3.2000
      vertex 17.2500 16.5000 3.2000
      vertex 17.0000 15.7500 3.2000
    endloop
  endfacet
  facet normal 0.000000 -0.000000 1.000000
    outer loop
      vertex 17.0000 15.7500 2.4000
      vertex 17.2500 16.5000 2.4000
      vertex 16.7500 16.2500 2.4000
    endloop
  endfacet
  facet normal 0.000000 -0.000000 -1.000000
    outer loop
      vertex 17.2500 16.5000 3.2000
      vertex 17.5000 16.0000 3.2000
      vertex 17.0000 15.7500 3.2000
    endloop
  endfacet
  facet normal 0.000000 0.000000 1.000000
    outer loop
      vertex 17.0000 15.7500 2.4000
      vertex 17.5000 16.0000 2.4000
      vertex 17.2500 16.5000 2.4000
    endloop
  endfacet
  facet normal 0.000000 0.000000 -1.000000
    outer loop
      vertex 17.2500 16.5000 3.2000
      vertex 17.5000 16.2500 3.2000
      vertex 17.5000 16.0000 3.2000
    endloop
  endfacet
  facet normal 0.000000 -0.000000 1.000000
    outer loop
      vertex 17.5000 16.0000 2.4000
      vertex 17.5000 16.2500 2.4000
      vertex 17.2500 16.5000 2.4000
    endloop
  endfacet
  facet normal 0.000000 -0.000000 -1.000000
    outer loop
      vertex 19.2500 16.2500 3.2000
      vertex 19.5000 15.7500 3.2000
      vertex 19.0000 16.0000 3.2000
    endloop
  endfacet
  facet normal -0.000000 0.000000 1.000000
    outer loop
      vertex 19.0000 16.0000 2.4000
      vertex 19.5000 15.7500 2.4000
      vertex 19.2500 16.2500 2.4000
    endloop
  endfacet
  facet normal 0.000000 0.000000 -1.000000
    outer loop
      vertex 19.2500 16.2500 3.2000
      vertex 20.0000 16.2500 3.2000
      vertex 19.5000 15.7500 3.2000
    endloop
  endfacet
  facet normal 0.000000 -0.000000 1.000000
    outer loop
      vertex 19.5000 15.7500 2.4000
      vertex 20.0000 16.2500 2.4000
      vertex 19.2500 16.2500 2.4000
    endloop
  endfacet
  facet normal 0.000000 0.000000 -1.000000
    outer loop
      vertex 19.2500 15.0000 3.2000
      vertex 18.2500 15.0000 3.2000
      vertex 19.2500 15.2500 3.2000
    endloop
  endfacet
  facet normal 0.000000 0.000000 1.000000
    outer loop
      vertex 19.2500 15.2500 2.4000
      vertex 18.2500 15.0000 2.4000
      vertex 19.2500 15.0000 2.4000
    endloop
  endfacet
  facet normal -0.000000 0.000000 -1.000000
    outer loop
      vertex 19.2500 15.0000 3.2000
      vertex 18.7500 14.5000 3.2000
      vertex 18.2500 15.0000 3.2000
    endloop
  endfacet
  facet normal -0.000000 0.000000 1.000000
    outer loop
      vertex 18.2500 15.0000 2.4000
      vertex 18.7500 14.5000 2.4000
      vertex 19.2500 15.0000 2.4000
    endloop
  endfacet
  facet normal -0.000000 0.000000 -1.000000
    outer loop
      vertex 18.7500 14.2500 3.2000
      vertex 18.5000 14.0000 3.2000
      vertex 18.7500 14.5000 3.2000
    endloop
  endfacet
  facet normal 0.000000 0.000000 1.000000
    outer loop
      vertex 18.7500 14.5000 2.4000
      vertex 18.5000 14.0000 2.4000
      vertex 18.7500 14.2500 2.4000
    endloop
  endfacet
  facet normal 0.000000 0.000000 -1.000000
    outer loop
      vertex 18.5000 14.0000 3.2000
      vertex 18.0000 14.2500 3.2000
      vertex 18.7500 14.5000 3.2000
    endloop
  endfacet
  facet normal 0.000000 0.000000 1.000000
    outer loop
      vertex 18.7500 14.5000 2.4000
      vertex 18.0000 14.2500 2.4000
      vertex 18.5000 14.0000 2.4000
    endloop
  endfacet
  facet normal 0.000000 0.000000 -1.000000
    outer loop
      vertex 18.0000 14.2500 3.2000
      vertex 18.2500 15.0000 3.2000
      vertex 18.7500 14.5000 3.2000
    endloop
  endfacet
  facet normal 0.000000 0.000000 1.000000
    outer loop
      vertex 18.7500 14.5000 2.4000
      vertex 18.2500 15.0000 2.4000
      vertex 18.0000 14.2500 2.4000
    endloop
  endfacet
  facet normal 0.000000 0.000000 -1.000000
    outer loop
      vertex 18.0000 14.2500 3.2000
      vertex 17.5000 14.7500 3.2000
      vertex 18.2500 15.0000 3.2000
    endloop
  endfacet
  facet normal 0.000000 0.000000 1.000000
    outer loop
      vertex 18.2500 15.0000 2.4000
      vertex 17.5000 14.7500 2.4000
      vertex 18.0000 14.2500 2.4000
    endloop
  endfacet
  facet normal 0.000000 0.000000 -1.000000
    outer loop
      vertex 17.5000 14.7500 3.2000
      vertex 17.5000 15.0000 3.2000
      vertex 18.2500 15.0000 3.2000
    endloop
  endfacet
  facet normal 0.000000 0.000000 1.000000
    outer loop
      vertex 18.2500 15.0000 2.4000
      vertex 17.5000 15.0000 2.4000
      vertex 17.5000 14.7500 2.4000
    endloop
  endfacet
  facet normal 0.000000 0.000000 -1.000000
    outer loop
      vertex 17.5000 15.0000 3.2000
      vertex 17.7500 15.5000 3.2000
      vertex 18.2500 15.0000 3.2000
    endloop
  endfacet
  facet normal 0.000000 0.000000 1.000000
    outer loop
      vertex 18.2500 15.0000 2.4000
      vertex 17.7500 15.5000 2.4000
      vertex 17.5000 15.0000 2.4000
    endloop
  endfacet
  facet normal 0.000000 0.000000 -1.000000
    outer loop
      vertex 17.7500 15.5000 3.2000
      vertex 17.5000 16.0000 3.2000
      vertex 17.7500 15.7500 3.2000
    endloop
  endfacet
  facet normal 0.000000 0.000000 1.000000
    outer loop
      vertex 17.7500 15.7500 2.4000
      vertex 17.5000 16.0000 2.4000
      vertex 17.7500 15.5000 2.4000
    endloop
  endfacet
  facet normal 0.000000 0.000000 -1.000000
    outer loop
      vertex 19.0000 16.0000 3.2000
      vertex 19.5000 15.7500 3.2000
      vertex 19.0000 15.7500 3.2000
    endloop
  endfacet
  facet normal 0.000000 0.000000 1.000000
    outer loop
      vertex 19.0000 15.7500 2.4000
      vertex 19.5000 15.7500 2.4000
      vertex 19.0000 16.0000 2.4000
    endloop
  endfacet
  facet normal -0.000000 -0.000000 -1.000000
    outer loop
      vertex 19.5000 15.7500 3.2000
      vertex 19.5000 15.5000 3.2000
      vertex 19.0000 15.7500 3.2000
    endloop
  endfacet
  facet normal -0.000000 0.000000 1.000000
    outer loop
      vertex 19.0000 15.7500 2.4000
      vertex 19.5000 15.5000 2.4000
      vertex 19.5000 15.7500 2.4000
    endloop
  endfacet
  facet normal -0.000000 0.000000 -1.000000
    outer loop
      vertex 19.5000 15.5000 3.2000
      vertex 19.2500 15.2500 3.2000
      vertex 19.0000 15.7500 3.2000
    endloop
  endfacet
  facet normal 0.000000 0.000000 1.000000
    outer loop
      vertex 19.0000 15.7500 2.4000
      vertex 19.2500 15.2500 2.4000
      vertex 19.5000 15.5000 2.4000
    endloop
  endfacet
  facet normal -0.000000 0.000000 -1.000000
    outer loop
      vertex 19.2500 15.2500 3.2000
      vertex 18.2500 15.0000 3.2000
      vertex 19.0000 15.7500 3.2000
    endloop
  endfacet
  facet normal 0.000000 0.000000 1.000000
    outer loop
      vertex 19.0000 15.7500 2.4000
      vertex 18.2500 15.0000 2.4000
      vertex 19.2500 15.2500 2.4000
    endloop
  endfacet
  facet normal -0.707107 -0.707107 0.000000
    outer loop
      vertex 16.2500 16.7500 2.4000
      vertex 16.7500 16.2500 2.4000
      vertex 16.7500 16.2500 3.2000
    endloop
  endfacet
  facet normal -0.707107 -0.707107 0.000000
    outer loop
      vertex 16.2500 16.7500 2.4000
      vertex 16.7500 16.2500 3.2000
      vertex 16.2500 16.7500 3.2000
    endloop
  endfacet
  facet normal -1.000000 0.000000 0.000000
    outer loop
      vertex 16.7500 16.2500 2.4000
      vertex 16.7500 16.0000 2.4000
      vertex 16.7500 16.0000 3.2000
    endloop
  endfacet
  facet normal -1.000000 0.000000 0.000000
    outer loop
      vertex 16.7500 16.2500 2.4000
      vertex 16.7500 16.0000 3.2000
      vertex 16.7500 16.2500 3.2000
    endloop
  endfacet
  facet normal -0.707107 -0.707107 0.000000
    outer loop
      vertex 16.7500 16.0000 2.4000
      vertex 17.0000 15.7500 2.4000
      vertex 17.0000 15.7500 3.2000
    endloop
  endfacet
  facet normal -0.707107 -0.707107 0.000000
    outer loop
      vertex 16.7500 16.0000 2.4000
      vertex 17.0000 15.7500 3.2000
      vertex 16.7500 16.0000 3.2000
    endloop
  endfacet
  facet normal -1.000000 0.000000 0.000000
    outer loop
      vertex 17.0000 15.7500 2.4000
      vertex 17.0000 15.5000 2.4000
      vertex 17.0000 15.5000 3.2000
    endloop
  endfacet
  facet normal -1.000000 0.000000 0.000000
    outer loop
      vertex 17.0000 15.7500 2.4000
      vertex 17.0000 15.5000 3.2000
      vertex 17.0000 15.7500 3.2000
    endloop
  endfacet
  facet normal -0.707107 -0.707107 0.000000
    outer loop
      vertex 17.0000 15.5000 2.4000
      vertex 17.5000 15.0000 2.4000
      vertex 17.5000 15.0000 3.2000
    endloop
  endfacet
  facet normal -0.707107 -0.707107 0.000000
    outer loop
      vertex 17.0000 15.5000 2.4000
      vertex 17.5000 15.0000 3.2000
      vertex 17.0000 15.5000 3.2000
    endloop
  endfacet
  facet normal -1.000000 0.000000 0.000000
    outer loop
      vertex 17.5000 15.0000 2.4000
      vertex 17.5000 14.7500 2.4000
      vertex 17.5000 14.7500 3.2000
    endloop
  endfacet
  facet normal -1.000000 0.000000 0.000000
    outer loop
      vertex 17.5000 15.0000 2.4000
      vertex 17.5000 14.7500 3.2000
      vertex 17.5000 15.0000 3.2000
    endloop
  endfacet
  facet normal -0.707107 -0.707107 0.000000
    outer loop
      vertex 17.5000 14.7500 2.4000
      vertex 18.0000 14.2500 2.4000
      vertex 18.0000 14.2500 3.2000
    endloop
  endfacet
  facet normal -0.707107 -0.707107 0.000000
    outer loop
      vertex 17.5000 14.7500 2.4000
      vertex 18.0000 14.2500 3.2000
      vertex 17.5000 14.7500 3.2000
    endloop
  endfacet
  facet normal -1.000000 0.000000 0.000000
    outer loop
      vertex 18.0000 14.2500 2.4000
      vertex 18.0000 12.2500 2.4000
      vertex 18.0000 12.2500 3.2000
    endloop
  endfacet
  facet normal -1.000000 0.000000 0.000000
    outer loop
      vertex 18.0000 14.2500 2.4000
      vertex 18.0000 12.2500 3.2000
      vertex 18.0000 14.2500 3.2000
    endloop
  endfacet
  facet normal 0.000000 -1.000000 0.000000
    outer loop
      vertex 18.0000 12.2500 2.4000
      vertex 18.5000 12.2500 2.4000
      vertex 18.5000 12.2500 3.2000
    endloop
  endfacet
  facet normal 0.000000 -1.000000 0.000000
    outer loop
      vertex 18.0000 12.2500 2.4000
      vertex 18.5000 12.2500 3.2000
      vertex 18.0000 12.2500 3.2000
    endloop
  endfacet
  facet normal 1.000000 0.000000 0.000000
    outer loop
      vertex 18.5000 12.2500 2.4000
      vertex 18.5000 14.0000 2.4000
      vertex 18.5000 14.0000 3.2000
    endloop
  endfacet
  facet normal 1.000000 0.000000 0.000000
    outer loop
      vertex 18.5000 12.2500 2.4000
      vertex 18.5000 14.0000 3.2000
      vertex 18.5000 12.2500 3.2000
    endloop
  endfacet
  facet normal 0.707107 -0.707107 0.000000
    outer loop
      vertex 18.5000 14.0000 2.4000
      vertex 18.7500 14.2500 2.4000
      vertex 18.7500 14.2500 3.2000
    endloop
  endfacet
  facet normal 0.707107 -0.707107 0.000000
    outer loop
      vertex 18.5000 14.0000 2.4000
      vertex 18.7500 14.2500 3.2000
      vertex 18.5000 14.0000 3.2000
    endloop
  endfacet
  facet normal 1.000000 0.000000 0.000000
    outer loop
      vertex 18.7500 14.2500 2.4000
      vertex 18.7500 14.5000 2.4000
      vertex 18.7500 14.5000 3.2000
    endloop
  endfacet
  facet normal 1.000000 0.000000 0.000000
    outer loop
      vertex 18.7500 14.2500 2.4000
      vertex 18.7500 14.5000 3.2000
      vertex 18.7500 14.2500 3.2000
    endloop
  endfacet
  facet normal 0.707107 -0.707107 0.000000
    outer loop
      vertex 18.7500 14.5000 2.4000
      vertex 19.2500 15.0000 2.4000
      vertex 19.2500 15.0000 3.2000
    endloop
  endfacet
  facet normal 0.707107 -0.707107 0.000000
    outer loop
      vertex 18.7500 14.5000 2.4000
      vertex 19.2500 15.0000 3.2000
      vertex 18.7500 14.5000 3.2000
    endloop
  endfacet
  facet normal 1.000000 0.000000 0.000000
    outer loop
      vertex 19.2500 15.0000 2.4000
      vertex 19.2500 15.2500 2.4000
      vertex 19.2500 15.2500 3.2000
    endloop
  endfacet
  facet normal 1.000000 0.000000 0.000000
    outer loop
      vertex 19.2500 15.0000 2.4000
      vertex 19.2500 15.2500 3.2000
      vertex 19.2500 15.0000 3.2000
    endloop
  endfacet
  facet normal 0.707107 -0.707107 0.000000
    outer loop
      vertex 19.2500 15.2500 2.4000
      vertex 19.5000 15.5000 2.4000
      vertex 19.5000 15.5000 3.2000
    endloop
  endfacet
  facet normal 0.707107 -0.707107 0.000000
    outer loop
      vertex 19.2500 15.2500 2.4000
      vertex 19.5000 15.5000 3.2000
      vertex 19.2500 15.2500 3.2000
    endloop
  endfacet
  facet normal 1.000000 0.000000 0.000000
    outer loop
      vertex 19.5000 15.5000 2.4000
      vertex 19.5000 15.7500 2.4000
      vertex 19.5000 15.7500 3.2000
    endloop
  endfacet
  facet normal 1.000000 0.000000 0.000000
    outer loop
      vertex 19.5000 15.5000 2.4000
      vertex 19.5000 15.7500 3.2000
      vertex 19.5000 15.5000 3.2000
    endloop
  endfacet
  facet normal 0.707107 -0.707107 0.000000
    outer loop
      vertex 19.5000 15.7500 2.4000
      vertex 20.0000 16.2500 2.4000
      vertex 20.0000 16.2500 3.2000
    endloop
  endfacet
  facet normal 0.707107 -0.707107 0.000000
    outer loop
      vertex 19.5000 15.7500 2.4000
      vertex 20.0000 16.2500 3.2000
      vertex 19.5000 15.7500 3.2000
    endloop
  endfacet
  facet normal 1.000000 0.000000 0.000000
    outer loop
      vertex 20.0000 16.2500 2.4000
      vertex 20.0000 16.5000 2.4000
      vertex 20.0000 16.5000 3.2000
    endloop
  endfacet
  facet normal 1.000000 0.000000 0.000000
    outer loop
      vertex 20.0000 16.2500 2.4000
      vertex 20.0000 16.5000 3.2000
      vertex 20.0000 16.2500 3.2000
    endloop
  endfacet
  facet normal 0.707107 -0.707107 0.000000
    outer loop
      vertex 20.0000 16.5000 2.4000
      vertex 20.2500 16.7500 2.4000
      vertex 20.2500 16.7500 3.2000
    endloop
  endfacet
  facet normal 0.707107 -0.707107 0.000000
    outer loop
      vertex 20.0000 16.5000 2.4000
      vertex 20.2500 16.7500 3.2000
      vertex 20.0000 16.5000 3.2000
    endloop
  endfacet
  facet normal 0.000000 1.000000 0.000000
    outer loop
      vertex 20.2500 16.7500 2.4000
      vertex 19.5000 16.7500 2.4000
      vertex 19.5000 16.7500 3.2000
    endloop
  endfacet
  facet normal 0.000000 1.000000 -0.000000
    outer loop
      vertex 20.2500 16.7500 2.4000
      vertex 19.5000 16.7500 3.2000
      vertex 20.2500 16.7500 3.2000
    endloop
  endfacet
  facet normal -0.707107 0.707107 0.000000
    outer loop
      vertex 19.5000 16.7500 2.4000
      vertex 19.2500 16.5000 2.4000
      vertex 19.2500 16.5000 3.2000
    endloop
  endfacet
  facet normal -0.707107 0.707107 0.000000
    outer loop
      vertex 19.5000 16.7500 2.4000
      vertex 19.2500 16.5000 3.2000
      vertex 19.5000 16.7500 3.2000
    endloop
  endfacet
  facet normal -1.000000 0.000000 0.000000
    outer loop
      vertex 19.2500 16.5000 2.4000
      vertex 19.2500 16.2500 2.4000
      vertex 19.2500 16.2500 3.2000
    endloop
  endfacet
  facet normal -1.000000 0.000000 0.000000
    outer loop
      vertex 19.2500 16.5000 2.4000
      vertex 19.2500 16.2500 3.2000
      vertex 19.2500 16.5000 3.2000
    endloop
  endfacet
  facet normal -0.707107 0.707107 0.000000
    outer loop
      vertex 19.2500 16.2500 2.4000
      vertex 19.0000 16.0000 2.4000
      vertex 19.0000 16.0000 3.2000
    endloop
  endfacet
  facet normal -0.707107 0.707107 0.000000
    outer loop
      vertex 19.2500 16.2500 2.4000
      vertex 19.0000 16.0000 3.2000
      vertex 19.2500 16.2500 3.2000
    endloop
  endfacet
  facet normal -1.000000 0.000000 0.000000
    outer loop
      vertex 19.0000 16.0000 2.4000
      vertex 19.0000 15.7500 2.4000
      vertex 19.0000 15.7500 3.2000
    endloop
  endfacet
  facet normal -1.000000 0.000000 0.000000
    outer loop
      vertex 19.0000 16.0000 2.4000
      vertex 19.0000 15.7500 3.2000
      vertex 19.0000 16.0000 3.2000
    endloop
  endfacet
  facet normal -0.707107 0.707107 0.000000
    outer loop
      vertex 19.0000 15.7500 2.4000
      vertex 18.2500 15.0000 2.4000
      vertex 18.2500 15.0000 3.2000
    endloop
  endfacet
  facet normal -0.707107 0.707107 0.000000
    outer loop
      vertex 19.0000 15.7500 2.4000
      vertex 18.2500 15.0000 3.2000
      vertex 19.0000 15.7500 3.2000
    endloop
  endfacet
  facet normal 0.707107 0.707107 0.000000
    outer loop
      vertex 18.2500 15.0000 2.4000
      vertex 17.7500 15.5000 2.4000
      vertex 17.7500 15.5000 3.2000
    endloop
  endfacet
  facet normal 0.707107 0.707107 -0.000000
    outer loop
      vertex 18.2500 15.0000 2.4000
      vertex 17.7500 15.5000 3.2000
      vertex 18.2500 15.0000 3.2000
    endloop
  endfacet
  facet normal 1.000000 0.000000 0.000000
    outer loop
      vertex 17.7500 15.5000 2.4000
      vertex 17.7500 15.7500 2.4000
      vertex 17.7500 15.7500 3.2000
    endloop
  endfacet
  facet normal 1.000000 0.000000 0.000000
    outer loop
      vertex 17.7500 15.5000 2.4000
      vertex 17.7500 15.7500 3.2000
      vertex 17.7500 15.5000 3.2000
    endloop
  endfacet
  facet normal 0.707107 0.707107 0.000000
    outer loop
      vertex 17.7500 15.7500 2.4000
      vertex 17.5000 16.0000 2.4000
      vertex 17.5000 16.0000 3.2000
    endloop
  endfacet
  facet normal 0.707107 0.707107 -0.000000
    outer loop
      vertex 17.7500 15.7500 2.4000
      vertex 17.5000 16.0000 3.2000
      vertex 17.7500 15.7500 3.2000
    endloop
  endfacet
  facet normal 1.000000 0.000000 0.000000
    outer loop
      vertex 17.5000 16.0000 2.4000
      vertex 17.5000 16.2500 2.4000
      vertex 17.5000 16.2500 3.2000
    endloop
  endfacet
  facet normal 1.000000 0.000000 0.000000
    outer loop
      vertex 17.5000 16.0000 2.4000
      vertex 17.5000 16.2500 3.2000
      vertex 17.5000 16.0000 3.2000
    endloop
  endfacet
  facet normal 0.707107 0.707107 0.000000
    outer loop
      vertex 17.5000 16.2500 2.4000
      vertex 17.2500 16.5000 2.4000
      vertex 17.2500 16.5000 3.2000
    endloop
  endfacet
  facet normal 0.707107 0.707107 -0.000000
    outer loop
      vertex 17.5000 16.2500 2.4000
      vertex 17.2500 16.5000 3.2000
      vertex 17.5000 16.2500 3.2000
    endloop
  endfacet
  facet normal 1.000000 0.000000 0.000000
    outer loop
      vertex 17.2500 16.5000 2.4000
      vertex 17.2500 16.7500 2.4000
      vertex 17.2500 16.7500 3.2000
    endloop
  endfacet
  facet normal 1.000000 0.000000 0.000000
    outer loop
      vertex 17.2500 16.5000 2.4000
      vertex 17.2500 16.7500 3.2000
      vertex 17.2500 16.5000 3.2000
    endloop
  endfacet
  facet normal 0.000000 1.000000 0.000000
    outer loop
      vertex 17.2500 16.7500 2.4000
      vertex 16.2500 16.7500 2.4000
      vertex 16.2500 16.7500 3.2000
    endloop
  endfacet
  facet normal 0.000000 1.000000 -0.000000
    outer loop
      vertex 17.2500 16.7500 2.4000
      vertex 16.2500 16.7500 3.2000
      vertex 17.2500 16.7500 3.2000
    endloop
  endfacet
  facet normal 0.000000 0.000000 -1.000000
    outer loop
      vertex 12.7500 16.7500 3.2000
      vertex 13.5000 13.2500 3.2000
      vertex 12.7500 12.2500 3.2000
    endloop
  endfacet
  facet normal 0.000000 0.000000 1.000000
    outer loop
      vertex 12.7500 12.2500 2.4000
      vertex 13.5000 13.2500 2.4000
      vertex 12.7500 16.7500 2.4000
    endloop
  endfacet
  facet normal 0.000000 0.000000 -1.000000
    outer loop
      vertex 12.7500 16.7500 3.2000
      vertex 13.5000 16.7500 3.2000
      vertex 13.5000 13.2500 3.2000
    endloop
  endfacet
  facet normal 0.000000 -0.000000 1.000000
    outer loop
      vertex 13.5000 13.2500 2.4000
      vertex 13.5000 16.7500 2.4000
      vertex 12.7500 16.7500 2.4000
    endloop
  endfacet
  facet normal -0.000000 -0.000000 -1.000000
    outer loop
      vertex 15.7500 13.0000 3.2000
      vertex 15.7500 12.2500 3.2000
      vertex 13.7500 13.0000 3.2000
    endloop
  endfacet
  facet normal -0.000000 0.000000 1.000000
    outer loop
      vertex 13.7500 13.0000 2.4000
      vertex 15.7500 12.2500 2.4000
      vertex 15.7500 13.0000 2.4000
    endloop
  endfacet
  facet normal 0.000000 0.000000 -1.000000
    outer loop
      vertex 15.7500 12.2500 3.2000
      vertex 12.7500 12.2500 3.2000
      vertex 13.7500 13.0000 3.2000
    endloop
  endfacet
  facet normal 0.000000 0.000000 1.000000
    outer loop
      vertex 13.7500 13.0000 2.4000
      vertex 12.7500 12.2500 2.4000
      vertex 15.7500 12.2500 2.4000
    endloop
  endfacet
  facet normal 0.000000 0.000000 -1.000000
    outer loop
      vertex 12.7500 12.2500 3.2000
      vertex 13.5000 13.2500 3.2000
      vertex 13.7500 13.0000 3.2000
    endloop
  endfacet
  facet normal 0.000000 0.000000 1.000000
    outer loop
      vertex 13.7500 13.0000 2.4000
      vertex 13.5000 13.2500 2.4000
      vertex 12.7500 12.2500 2.4000
    endloop
  endfacet
  facet normal -1.000000 0.000000 0.000000
    outer loop
      vertex 12.7500 16.7500 2.4000
      vertex 12.7500 12.2500 2.4000
      vertex 12.7500 12.2500 3.2000
    endloop
  endfacet
  facet normal -1.000000 0.000000 0.000000
    outer loop
      vertex 12.7500 16.7500 2.4000
      vertex 12.7500 12.2500 3.2000
      vertex 12.7500 16.7500 3.2000
    endloop
  endfacet
  facet normal 0.000000 -1.000000 0.000000
    outer loop
      vertex 12.7500 12.2500 2.4000
      vertex 15.7500 12.2500 2.4000
      vertex 15.7500 12.2500 3.2000
    endloop
  endfacet
  facet normal 0.000000 -1.000000 0.000000
    outer loop
      vertex 12.7500 12.2500 2.4000
      vertex 15.7500 12.2500 3.2000
      vertex 12.7500 12.2500 3.2000
    endloop
  endfacet
  facet normal 1.000000 0.000000 0.000000
    outer loop
      vertex 15.7500 12.2500 2.4000
      vertex 15.7500 13.0000 2.4000
      vertex 15.7500 13.0000 3.2000
    endloop
  endfacet
  facet normal 1.000000 0.000000 0.000000
    outer loop
      vertex 15.7500 12.2500 2.4000
      vertex 15.7500 13.0000 3.2000
      vertex 15.7500 12.2500 3.2000
    endloop
  endfacet
  facet normal 0.000000 1.000000 0.000000
    outer loop
      vertex 15.7500 13.0000 2.4000
      vertex 13.7500 13.0000 2.4000
      vertex 13.7500 13.0000 3.2000
    endloop
  endfacet
  facet normal 0.000000 1.000000 -0.000000
    outer loop
      vertex 15.7500 13.0000 2.4000
      vertex 13.7500 13.0000 3.2000
      vertex 15.7500 13.0000 3.2000
    endloop
  endfacet
  facet normal 0.707107 0.707107 0.000000
    outer loop
      vertex 13.7500 13.0000 2.4000
      vertex 13.5000 13.2500 2.4000
      vertex 13.5000 13.2500 3.2000
    endloop
  endfacet
  facet normal 0.707107 0.707107 -0.000000
    outer loop
      vertex 13.7500 13.0000 2.4000
      vertex 13.5000 13.2500 3.2000
      vertex 13.7500 13.0000 3.2000
    endloop
  endfacet
  facet normal 1.000000 0.000000 0.000000
    outer loop
      vertex 13.5000 13.2500 2.4000
      vertex 13.5000 16.7500 2.4000
      vertex 13.5000 16.7500 3.2000
    endloop
  endfacet
  facet normal 1.000000 0.000000 0.000000
    outer loop
      vertex 13.5000 13.2500 2.4000
      vertex 13.5000 16.7500 3.2000
      vertex 13.5000 13.2500 3.2000
    endloop
  endfacet
  facet normal 0.000000 1.000000 0.000000
    outer loop
      vertex 13.5000 16.7500 2.4000
      vertex 12.7500 16.7500 2.4000
      vertex 12.7500 16.7500 3.2000
    endloop
  endfacet
  facet normal 0.000000 1.000000 -0.000000
    outer loop
      vertex 13.5000 16.7500 2.4000
      vertex 12.7500 16.7500 3.2000
      vertex 13.5000 16.7500 3.2000
    endloop
  endfacet
  facet normal 0.000000 0.000000 -1.000000
    outer loop
      vertex 11.0000 16.7500 3.2000
      vertex 11.5000 12.2500 3.2000
      vertex 11.0000 12.2500 3.2000
    endloop
  endfacet
  facet normal 0.000000 0.000000 1.000000
    outer loop
      vertex 11.0000 12.2500 2.4000
      vertex 11.5000 12.2500 2.4000
      vertex 11.0000 16.7500 2.4000
    endloop
  endfacet
  facet normal 0.000000 0.000000 -1.000000
    outer loop
      vertex 11.0000 16.7500 3.2000
      vertex 11.5000 16.7500 3.2000
      vertex 11.5000 12.2500 3.2000
    endloop
  endfacet
  facet normal 0.000000 -0.000000 1.000000
    outer loop
      vertex 11.5000 12.2500 2.4000
      vertex 11.5000 16.7500 2.4000
      vertex 11.0000 16.7500 2.4000
    endloop
  endfacet
  facet normal -1.000000 0.000000 0.000000
    outer loop
      vertex 11.0000 16.7500 2.4000
      vertex 11.0000 12.2500 2.4000
      vertex 11.0000 12.2500 3.2000
    endloop
  endfacet
  facet normal -1.000000 0.000000 0.000000
    outer loop
      vertex 11.0000 16.7500 2.4000
      vertex 11.0000 12.2500 3.2000
      vertex 11.0000 16.7500 3.2000
    endloop
  endfacet
  facet normal 0.000000 -1.000000 0.000000
    outer loop
      vertex 11.0000 12.2500 2.4000
      vertex 11.5000 12.2500 2.4000
      vertex 11.5000 12.2500 3.2000
    endloop
  endfacet
  facet normal 0.000000 -1.000000 0.000000
    outer loop
      vertex 11.0000 12.2500 2.4000
      vertex 11.5000 12.2500 3.2000
      vertex 11.0000 12.2500 3.2000
    endloop
  endfacet
  facet normal 1.000000 0.000000 0.000000
    outer loop
      vertex 11.5000 12.2500 2.4000
      vertex 11.5000 16.7500 2.4000
      vertex 11.5000 16.7500 3.2000
    endloop
  endfacet
  facet normal 1.000000 0.000000 0.000000
    outer loop
      vertex 11.5000 12.2500 2.4000
      vertex 11.5000 16.7500 3.2000
      vertex 11.5000 12.2500 3.2000
    endloop
  endfacet
  facet normal 0.000000 1.000000 0.000000
    outer loop
      vertex 11.5000 16.7500 2.4000
      vertex 11.0000 16.7500 2.4000
      vertex 11.0000 16.7500 3.2000
    endloop
  endfacet
  facet normal 0.000000 1.000000 -0.000000
    outer loop
      vertex 11.5000 16.7500 2.4000
      vertex 11.0000 16.7500 3.2000
      vertex 11.5000 16.7500 3.2000
    endloop
  endfacet
  facet normal 0.000000 0.000000 -1.000000
    outer loop
      vertex 7.5000 16.7500 3.2000
      vertex 8.2500 16.7500 3.2000
      vertex 7.5000 16.5000 3.2000
    endloop
  endfacet
  facet normal 0.000000 0.000000 1.000000
    outer loop
      vertex 7.5000 16.5000 2.4000
      vertex 8.2500 16.7500 2.4000
      vertex 7.5000 16.7500 2.4000
    endloop
  endfacet
  facet normal 0.000000 0.000000 -1.000000
    outer loop
      vertex 8.2500 16.7500 3.2000
      vertex 8.0000 15.7500 3.2000
      vertex 7.5000 16.5000 3.2000
    endloop
  endfacet
  facet normal -0.000000 0.000000 1.000000
    outer loop
      vertex 7.5000 16.5000 2.4000
      vertex 8.0000 15.7500 2.4000
      vertex 8.2500 16.7500 2.4000
    endloop
  endfacet
  facet normal 0.000000 -0.000000 -1.000000
    outer loop
      vertex 8.2500 16.7500 3.2000
      vertex 8.5000 16.5000 3.2000
      vertex 8.0000 15.7500 3.2000
    endloop
  endfacet
  facet normal 0.000000 0.000000 1.000000
    outer loop
      vertex 8.0000 15.7500 2.4000
      vertex 8.5000 16.5000 2.4000
      vertex 8.2500 16.7500 2.4000
    endloop
  endfacet
  facet normal 0.000000 -0.000000 -1.000000
    outer loop
      vertex 8.5000 16.5000 3.2000
      vertex 8.5000 16.0000 3.2000
      vertex 8.0000 15.7500 3.2000
    endloop
  endfacet
  facet normal 0.000000 0.000000 1.000000
    outer loop
      vertex 8.0000 15.7500 2.4000
      vertex 8.5000 16.0000 2.4000
      vertex 8.5000 16.5000 2.4000
    endloop
  endfacet
  facet normal 0.000000 0.000000 -1.000000
    outer loop
      vertex 9.5000 14.0000 3.2000
      vertex 8.7500 14.0000 3.2000
      vertex 9.2500 14.2500 3.2000
    endloop
  endfacet
  facet normal 0.000000 0.000000 1.000000
    outer loop
      vertex 9.2500 14.2500 2.4000
      vertex 8.7500 14.0000 2.4000
      vertex 9.5000 14.0000 2.4000
    endloop
  endfacet
  facet normal -0.000000 -0.000000 -1.000000
    outer loop
      vertex 9.5000 14.0000 3.2000
      vertex 9.5000 13.5000 3.2000
      vertex 8.7500 14.0000 3.2000
    endloop
  endfacet
  facet normal -0.000000 0.000000 1.000000
    outer loop
      vertex 8.7500 14.0000 2.4000
      vertex 9.5000 13.5000 2.4000
      vertex 9.5000 14.0000 2.4000
    endloop
  endfacet
  facet normal 0.000000 0.000000 -1.000000
    outer loop
      vertex 10.0000 12.7500 3.2000
      vertex 9.2500 12.7500 3.2000
      vertex 9.7500 13.0000 3.2000
    endloop
  endfacet
  facet normal 0.000000 0.000000 1.000000
    outer loop
      vertex 9.7500 13.0000 2.4000
      vertex 9.2500 12.7500 2.4000
      vertex 10.0000 12.7500 2.4000
    endloop
  endfacet
  facet normal -0.000000 -0.000000 -1.000000
    outer loop
      vertex 10.0000 12.7500 3.2000
      vertex 10.0000 12.2500 3.2000
      vertex 9.2500 12.7500 3.2000
    endloop
  endfacet
  facet normal -0.000000 0.000000 1.000000
    outer loop
      vertex 9.2500 12.7500 2.4000
      vertex 10.0000 12.2500 2.4000
      vertex 10.0000 12.7500 2.4000
    endloop
  endfacet
  facet normal 0.000000 0.000000 -1.000000
    outer loop
      vertex 10.0000 12.2500 3.2000
      vertex 9.2500 12.2500 3.2000
      vertex 9.2500 12.7500 3.2000
    endloop
  endfacet
  facet normal 0.000000 0.000000 1.000000
    outer loop
      vertex 9.2500 12.7500 2.4000
      vertex 9.2500 12.2500 2.4000
      vertex 10.0000 12.2500 2.4000
    endloop
  endfacet
  facet normal 0.000000 0.000000 -1.000000
    outer loop
      vertex 6.5000 12.2500 3.2000
      vertex 6.0000 12.5000 3.2000
      vertex 6.5000 12.5000 3.2000
    endloop
  endfacet
  facet normal 0.000000 0.000000 1.000000
    outer loop
      vertex 6.5000 12.5000 2.4000
      vertex 6.0000 12.5000 2.4000
      vertex 6.5000 12.2500 2.4000
    endloop
  endfacet
  facet normal 0.000000 0.000000 -1.000000
    outer loop
      vertex 6.5000 12.2500 3.2000
      vertex 5.7500 12.2500 3.2000
      vertex 6.0000 12.5000 3.2000
    endloop
  endfacet
  facet normal 0.000000 0.000000 1.000000
    outer loop
      vertex 6.0000 12.5000 2.4000
      vertex 5.7500 12.2500 2.4000
      vertex 6.5000 12.2500 2.4000
    endloop
  endfacet
  facet normal 0.000000 0.000000 -1.000000
    outer loop
      vertex 6.0000 13.0000 3.2000
      vertex 6.5000 12.5000 3.2000
      vertex 6.0000 12.5000 3.2000
    endloop
  endfacet
  facet normal 0.000000 0.000000 1.000000
    outer loop
      vertex 6.0000 12.5000 2.4000
      vertex 6.5000 12.5000 2.4000
      vertex 6.0000 13.0000 2.4000
    endloop
  endfacet
  facet normal 0.000000 0.000000 -1.000000
    outer loop
      vertex 6.0000 13.0000 3.2000
      vertex 6.2500 13.2500 3.2000
      vertex 6.5000 12.5000 3.2000
    endloop
  endfacet
  facet normal 0.000000 0.000000 1.000000
    outer loop
      vertex 6.5000 12.5000 2.4000
      vertex 6.2500 13.2500 2.4000
      vertex 6.0000 13.0000 2.4000
    endloop
  endfacet
  facet normal 0.000000 0.000000 -1.000000
    outer loop
      vertex 6.7500 15.0000 3.2000
      vertex 7.2500 14.5000 3.2000
      vertex 6.7500 14.5000 3.2000
    endloop
  endfacet
  facet normal 0.000000 0.000000 1.000000
    outer loop
      vertex 6.7500 14.5000 2.4000
      vertex 7.2500 14.5000 2.4000
      vertex 6.7500 15.0000 2.4000
    endloop
  endfacet
  facet normal 0.000000 0.000000 -1.000000
    outer loop
      vertex 6.7500 15.0000 3.2000
      vertex 7.5000 14.7500 3.2000
      vertex 7.2500 14.5000 3.2000
    endloop
  endfacet
  facet normal 0.000000 -0.000000 1.000000
    outer loop
      vertex 7.2500 14.5000 2.4000
      vertex 7.5000 14.7500 2.4000
      vertex 6.7500 15.0000 2.4000
    endloop
  endfacet
  facet normal 0.000000 0.000000 -1.000000
    outer loop
      vertex 6.7500 15.0000 3.2000
      vertex 7.0000 15.2500 3.2000
      vertex 7.5000 14.7500 3.2000
    endloop
  endfacet
  facet normal 0.000000 0.000000 1.000000
    outer loop
      vertex 7.5000 14.7500 2.4000
      vertex 7.0000 15.2500 2.4000
      vertex 6.7500 15.0000 2.4000
    endloop
  endfacet
  facet normal 0.000000 0.000000 -1.000000
    outer loop
      vertex 7.2500 16.2500 3.2000
      vertex 8.0000 15.7500 3.2000
      vertex 7.2500 15.7500 3.2000
    endloop
  endfacet
  facet normal 0.000000 0.000000 1.000000
    outer loop
      vertex 7.2500 15.7500 2.4000
      vertex 8.0000 15.7500 2.4000
      vertex 7.2500 16.2500 2.4000
    endloop
  endfacet
  facet normal 0.000000 0.000000 -1.000000
    outer loop
      vertex 7.2500 16.2500 3.2000
      vertex 7.5000 16.5000 3.2000
      vertex 8.0000 15.7500 3.2000
    endloop
  endfacet
  facet normal 0.000000 0.000000 1.000000
    outer loop
      vertex 8.0000 15.7500 2.4000
      vertex 7.5000 16.5000 2.4000
      vertex 7.2500 16.2500 2.4000
    endloop
  endfacet
  facet normal -0.000000 0.000000 -1.000000
    outer loop
      vertex 8.0000 15.7500 3.2000
      vertex 7.5000 15.2500 3.2000
      vertex 7.2500 15.7500 3.2000
    endloop
  endfacet
  facet normal -0.000000 0.000000 1.000000
    outer loop
      vertex 7.2500 15.7500 2.4000
      vertex 7.5000 15.2500 2.4000
      vertex 8.0000 15.7500 2.4000
    endloop
  endfacet
  facet normal 0.000000 0.000000 -1.000000
    outer loop
      vertex 8.0000 15.7500 3.2000
      vertex 8.5000 16.0000 3.2000
      vertex 8.2500 15.5000 3.2000
    endloop
  endfacet
  facet normal 0.000000 -0.000000 1.000000
    outer loop
      vertex 8.2500 15.5000 2.4000
      vertex 8.5000 16.0000 2.4000
      vertex 8.0000 15.7500 2.4000
    endloop
  endfacet
  facet normal 0.000000 -0.000000 -1.000000
    outer loop
      vertex 8.5000 16.0000 3.2000
      vertex 8.7500 15.7500 3.2000
      vertex 8.2500 15.5000 3.2000
    endloop
  endfacet
  facet normal 0.000000 0.000000 1.000000
    outer loop
      vertex 8.2500 15.5000 2.4000
      vertex 8.7500 15.7500 2.4000
      vertex 8.5000 16.0000 2.4000
    endloop
  endfacet
  facet normal 0.000000 -0.000000 -1.000000
    outer loop
      vertex 8.7500 15.7500 3.2000
      vertex 8.7500 15.5000 3.2000
      vertex 8.2500 15.5000 3.2000
    endloop
  endfacet
  facet normal 0.000000 0.000000 1.000000
    outer loop
      vertex 8.2500 15.5000 2.4000
      vertex 8.7500 15.5000 2.4000
      vertex 8.7500 15.7500 2.4000
    endloop
  endfacet
  facet normal -0.000000 0.000000 -1.000000
    outer loop
      vertex 9.0000 15.2500 3.2000
      vertex 8.5000 14.7500 3.2000
      vertex 8.7500 15.5000 3.2000
    endloop
  endfacet
  facet normal 0.000000 0.000000 1.000000
    outer loop
      vertex 8.7500 15.5000 2.4000
      vertex 8.5000 14.7500 2.4000
      vertex 9.0000 15.2500 2.4000
    endloop
  endfacet
  facet normal 0.000000 -0.000000 -1.000000
    outer loop
      vertex 9.0000 15.2500 3.2000
      vertex 9.0000 14.7500 3.2000
      vertex 8.5000 14.7500 3.2000
    endloop
  endfacet
  facet normal 0.000000 0.000000 1.000000
    outer loop
      vertex 8.5000 14.7500 2.4000
      vertex 9.0000 14.7500 2.4000
      vertex 9.0000 15.2500 2.4000
    endloop
  endfacet
  facet normal -0.000000 0.000000 -1.000000
    outer loop
      vertex 9.2500 14.5000 3.2000
      vertex 8.7500 14.0000 3.2000
      vertex 9.0000 14.7500 3.2000
    endloop
  endfacet
  facet normal 0.000000 0.000000 1.000000
    outer loop
      vertex 9.0000 14.7500 2.4000
      vertex 8.7500 14.0000 2.4000
      vertex 9.2500 14.5000 2.4000
    endloop
  endfacet
  facet normal 0.000000 -0.000000 -1.000000
    outer loop
      vertex 9.2500 14.5000 3.2000
      vertex 9.2500 14.2500 3.2000
      vertex 8.7500 14.0000 3.2000
    endloop
  endfacet
  facet normal 0.000000 0.000000 1.000000
    outer loop
      vertex 8.7500 14.0000 2.4000
      vertex 9.2500 14.2500 2.4000
      vertex 9.2500 14.5000 2.4000
    endloop
  endfacet
  facet normal 0.000000 0.000000 -1.000000
    outer loop
      vertex 8.7500 14.0000 3.2000
      vertex 8.5000 14.2500 3.2000
      vertex 9.0000 14.7500 3.2000
    endloop
  endfacet
  facet normal 0.000000 0.000000 1.000000
    outer loop
      vertex 9.0000 14.7500 2.4000
      vertex 8.5000 14.2500 2.4000
      vertex 8.7500 14.0000 2.4000
    endloop
  endfacet
  facet normal 0.000000 -0.000000 -1.000000
    outer loop
      vertex 8.7500 14.0000 3.2000
      vertex 8.7500 13.2500 3.2000
      vertex 8.5000 13.7500 3.2000
    endloop
  endfacet
  facet normal -0.000000 0.000000 1.000000
    outer loop
      vertex 8.5000 13.7500 2.4000
      vertex 8.7500 13.2500 2.4000
      vertex 8.7500 14.0000 2.4000
    endloop
  endfacet
  facet normal 0.000000 0.000000 -1.000000
    outer loop
      vertex 8.7500 14.0000 3.2000
      vertex 9.5000 13.5000 3.2000
      vertex 8.7500 13.2500 3.2000
    endloop
  endfacet
  facet normal 0.000000 0.000000 1.000000
    outer loop
      vertex 8.7500 13.2500 2.4000
      vertex 9.5000 13.5000 2.4000
      vertex 8.7500 14.0000 2.4000
    endloop
  endfacet
  facet normal 0.000000 0.000000 -1.000000
    outer loop
      vertex 9.5000 13.5000 3.2000
      vertex 9.2500 12.7500 3.2000
      vertex 8.7500 13.2500 3.2000
    endloop
  endfacet
  facet normal -0.000000 0.000000 1.000000
    outer loop
      vertex 8.7500 13.2500 2.4000
      vertex 9.2500 12.7500 2.4000
      vertex 9.5000 13.5000 2.4000
    endloop
  endfacet
  facet normal 0.000000 -0.000000 -1.000000
    outer loop
      vertex 9.5000 13.5000 3.2000
      vertex 9.7500 13.0000 3.2000
      vertex 9.2500 12.7500 3.2000
    endloop
  endfacet
  facet normal 0.000000 0.000000 1.000000
    outer loop
      vertex 9.2500 12.7500 2.4000
      vertex 9.7500 13.0000 2.4000
      vertex 9.5000 13.5000 2.4000
    endloop
  endfacet
  facet normal 0.000000 0.000000 -1.000000
    outer loop
      vertex 9.5000 13.5000 3.2000
      vertex 9.7500 13.2500 3.2000
      vertex 9.7500 13.0000 3.2000
    endloop
  endfacet
  facet normal 0.000000 -0.000000 1.000000
    outer loop
      vertex 9.7500 13.0000 2.4000
      vertex 9.7500 13.2500 2.4000
      vertex 9.5000 13.5000 2.4000
    endloop
  endfacet
  facet normal 0.000000 0.000000 -1.000000
    outer loop
      vertex 8.7500 13.2500 3.2000
      vertex 7.5000 13.7500 3.2000
      vertex 8.5000 13.7500 3.2000
    endloop
  endfacet
  facet normal 0.000000 0.000000 1.000000
    outer loop
      vertex 8.5000 13.7500 2.4000
      vertex 7.5000 13.7500 2.4000
      vertex 8.7500 13.2500 2.4000
    endloop
  endfacet
  facet normal 0.000000 0.000000 -1.000000
    outer loop
      vertex 8.7500 13.2500 3.2000
      vertex 7.0000 13.2500 3.2000
      vertex 7.5000 13.7500 3.2000
    endloop
  endfacet
  facet normal 0.000000 0.000000 1.000000
    outer loop
      vertex 7.5000 13.7500 2.4000
      vertex 7.0000 13.2500 2.4000
      vertex 8.7500 13.2500 2.4000
    endloop
  endfacet
  facet normal 0.000000 0.000000 -1.000000
    outer loop
      vertex 6.7500 12.7500 3.2000
      vertex 6.2500 13.2500 3.2000
      vertex 6.7500 13.0000 3.2000
    endloop
  endfacet
  facet normal 0.000000 0.000000 1.000000
    outer loop
      vertex 6.7500 13.0000 2.4000
      vertex 6.2500 13.2500 2.4000
      vertex 6.7500 12.7500 2.4000
    endloop
  endfacet
  facet normal -0.000000 0.000000 -1.000000
    outer loop
      vertex 6.7500 12.7500 3.2000
      vertex 6.5000 12.5000 3.2000
      vertex 6.2500 13.2500 3.2000
    endloop
  endfacet
  facet normal 0.000000 0.000000 1.000000
    outer loop
      vertex 6.2500 13.2500 2.4000
      vertex 6.5000 12.5000 2.4000
      vertex 6.7500 12.7500 2.4000
    endloop
  endfacet
  facet normal 0.000000 0.000000 -1.000000
    outer loop
      vertex 6.2500 13.2500 3.2000
      vertex 6.2500 13.5000 3.2000
      vertex 6.7500 13.0000 3.2000
    endloop
  endfacet
  facet normal 0.000000 0.000000 1.000000
    outer loop
      vertex 6.7500 13.0000 2.4000
      vertex 6.2500 13.5000 2.4000
      vertex 6.2500 13.2500 2.4000
    endloop
  endfacet
  facet normal 0.000000 0.000000 -1.000000
    outer loop
      vertex 6.2500 13.5000 3.2000
      vertex 7.0000 13.2500 3.2000
      vertex 6.7500 13.0000 3.2000
    endloop
  endfacet
  facet normal 0.000000 -0.000000 1.000000
    outer loop
      vertex 6.7500 13.0000 2.4000
      vertex 7.0000 13.2500 2.4000
      vertex 6.2500 13.5000 2.4000
    endloop
  endfacet
  facet normal 0.000000 0.000000 -1.000000
    outer loop
      vertex 6.2500 13.5000 3.2000
      vertex 6.5000 13.7500 3.2000
      vertex 7.0000 13.2500 3.2000
    endloop
  endfacet
  facet normal 0.000000 0.000000 1.000000
    outer loop
      vertex 7.0000 13.2500 2.4000
      vertex 6.5000 13.7500 2.4000
      vertex 6.2500 13.5000 2.4000
    endloop
  endfacet
  facet normal 0.000000 0.000000 -1.000000
    outer loop
      vertex 6.5000 14.2500 3.2000
      vertex 7.2500 14.0000 3.2000
      vertex 6.5000 13.7500 3.2000
    endloop
  endfacet
  facet normal 0.000000 0.000000 1.000000
    outer loop
      vertex 6.5000 13.7500 2.4000
      vertex 7.2500 14.0000 2.4000
      vertex 6.5000 14.2500 2.4000
    endloop
  endfacet
  facet normal 0.000000 0.000000 -1.000000
    outer loop
      vertex 6.5000 14.2500 3.2000
      vertex 6.7500 14.5000 3.2000
      vertex 7.2500 14.0000 3.2000
    endloop
  endfacet
  facet normal 0.000000 0.000000 1.000000
    outer loop
      vertex 7.2500 14.0000 2.4000
      vertex 6.7500 14.5000 2.4000
      vertex 6.5000 14.2500 2.4000
    endloop
  endfacet
  facet normal 0.000000 0.000000 -1.000000
    outer loop
      vertex 6.7500 14.5000 3.2000
      vertex 7.2500 14.5000 3.2000
      vertex 7.2500 14.0000 3.2000
    endloop
  endfacet
  facet normal 0.000000 -0.000000 1.000000
    outer loop
      vertex 7.2500 14.0000 2.4000
      vertex 7.2500 14.5000 2.4000
      vertex 6.7500 14.5000 2.4000
    endloop
  endfacet
  facet normal 0.000000 0.000000 -1.000000
    outer loop
      vertex 7.5000 14.7500 3.2000
      vertex 7.0000 15.2500 3.2000
      vertex 7.5000 15.2500 3.2000
    endloop
  endfacet
  facet normal 0.000000 0.000000 1.000000
    outer loop
      vertex 7.5000 15.2500 2.4000
      vertex 7.0000 15.2500 2.4000
      vertex 7.5000 14.7500 2.4000
    endloop
  endfacet
  facet normal 0.000000 0.000000 -1.000000
    outer loop
      vertex 7.0000 15.2500 3.2000
      vertex 7.0000 15.5000 3.2000
      vertex 7.5000 15.2500 3.2000
    endloop
  endfacet
  facet normal 0.000000 0.000000 1.000000
    outer loop
      vertex 7.5000 15.2500 2.4000
      vertex 7.0000 15.5000 2.4000
      vertex 7.0000 15.2500 2.4000
    endloop
  endfacet
  facet normal 0.000000 0.000000 -1.000000
    outer loop
      vertex 7.0000 15.5000 3.2000
      vertex 7.2500 15.7500 3.2000
      vertex 7.5000 15.2500 3.2000
    endloop
  endfacet
  facet normal 0.000000 0.000000 1.000000
    outer loop
      vertex 7.5000 15.2500 2.4000
      vertex 7.2500 15.7500 2.4000
      vertex 7.0000 15.5000 2.4000
    endloop
  endfacet
  facet normal 0.000000 0.000000 -1.000000
    outer loop
      vertex 8.2500 15.5000 3.2000
      vertex 8.7500 15.5000 3.2000
      vertex 8.2500 15.0000 3.2000
    endloop
  endfacet
  facet normal 0.000000 0.000000 1.000000
    outer loop
      vertex 8.2500 15.0000 2.4000
      vertex 8.7500 15.5000 2.4000
      vertex 8.2500 15.5000 2.4000
    endloop
  endfacet
  facet normal 0.000000 0.000000 -1.000000
    outer loop
      vertex 8.7500 15.5000 3.2000
      vertex 8.5000 14.7500 3.2000
      vertex 8.2500 15.0000 3.2000
    endloop
  endfacet
  facet normal -0.000000 0.000000 1.000000
    outer loop
      vertex 8.2500 15.0000 2.4000
      vertex 8.5000 14.7500 2.4000
      vertex 8.7500 15.5000 2.4000
    endloop
  endfacet
  facet normal 0.000000 0.000000 -1.000000
    outer loop
      vertex 8.5000 14.7500 3.2000
      vertex 9.0000 14.7500 3.2000
      vertex 8.5000 14.2500 3.2000
    endloop
  endfacet
  facet normal 0.000000 0.000000 1.000000
    outer loop
      vertex 8.5000 14.2500 2.4000
      vertex 9.0000 14.7500 2.4000
      vertex 8.5000 14.7500 2.4000
    endloop
  endfacet
  facet normal -0.000000 0.000000 -1.000000
    outer loop
      vertex 7.5000 13.7500 3.2000
      vertex 7.0000 13.2500 3.2000
      vertex 7.2500 14.0000 3.2000
    endloop
  endfacet
  facet normal 0.000000 0.000000 1.000000
    outer loop
      vertex 7.2500 14.0000 2.4000
      vertex 7.0000 13.2500 2.4000
      vertex 7.5000 13.7500 2.4000
    endloop
  endfacet
  facet normal 0.000000 0.000000 -1.000000
    outer loop
      vertex 7.0000 13.2500 3.2000
      vertex 6.5000 13.7500 3.2000
      vertex 7.2500 14.0000 3.2000
    endloop
  endfacet
  facet normal 0.000000 0.000000 1.000000
    outer loop
      vertex 7.2500 14.0000 2.4000
      vertex 6.5000 13.7500 2.4000
      vertex 7.0000 13.2500 2.4000
    endloop
  endfacet
  facet normal -1.000000 0.000000 0.000000
    outer loop
      vertex 7.5000 16.7500 2.4000
      vertex 7.5000 16.5000 2.4000
      vertex 7.5000 16.5000 3.2000
    endloop
  endfacet
  facet normal -1.000000 0.000000 0.000000
    outer loop
      vertex 7.5000 16.7500 2.4000
      vertex 7.5000 16.5000 3.2000
      vertex 7.5000 16.7500 3.2000
    endloop
  endfacet
  facet normal -0.707107 0.707107 0.000000
    outer loop
      vertex 7.5000 16.5000 2.4000
      vertex 7.2500 16.2500 2.4000
      vertex 7.2500 16.2500 3.2000
    endloop
  endfacet
  facet normal -0.707107 0.707107 0.000000
    outer loop
      vertex 7.5000 16.5000 2.4000
      vertex 7.2500 16.2500 3.2000
      vertex 7.5000 16.5000 3.2000
    endloop
  endfacet
  facet normal -1.000000 0.000000 0.000000
    outer loop
      vertex 7.2500 16.2500 2.4000
      vertex 7.2500 15.7500 2.4000
      vertex 7.2500 15.7500 3.2000
    endloop
  endfacet
  facet normal -1.000000 0.000000 0.000000
    outer loop
      vertex 7.2500 16.2500 2.4000
      vertex 7.2500 15.7500 3.2000
      vertex 7.2500 16.2500 3.2000
    endloop
  endfacet
  facet normal -0.707107 0.707107 0.000000
    outer loop
      vertex 7.2500 15.7500 2.4000
      vertex 7.0000 15.5000 2.4000
      vertex 7.0000 15.5000 3.2000
    endloop
  endfacet
  facet normal -0.707107 0.707107 0.000000
    outer loop
      vertex 7.2500 15.7500 2.4000
      vertex 7.0000 15.5000 3.2000
      vertex 7.2500 15.7500 3.2000
    endloop
  endfacet
  facet normal -1.000000 0.000000 0.000000
    outer loop
      vertex 7.0000 15.5000 2.4000
      vertex 7.0000 15.2500 2.4000
      vertex 7.0000 15.2500 3.2000
    endloop
  endfacet
  facet normal -1.000000 0.000000 0.000000
    outer loop
      vertex 7.0000 15.5000 2.4000
      vertex 7.0000 15.2500 3.2000
      vertex 7.0000 15.5000 3.2000
    endloop
  endfacet
  facet normal -0.707107 0.707107 0.000000
    outer loop
      vertex 7.0000 15.2500 2.4000
      vertex 6.7500 15.0000 2.4000
      vertex 6.7500 15.0000 3.2000
    endloop
  endfacet
  facet normal -0.707107 0.707107 0.000000
    outer loop
      vertex 7.0000 15.2500 2.4000
      vertex 6.7500 15.0000 3.2000
      vertex 7.0000 15.2500 3.2000
    endloop
  endfacet
  facet normal -1.000000 0.000000 0.000000
    outer loop
      vertex 6.7500 15.0000 2.4000
      vertex 6.7500 14.5000 2.4000
      vertex 6.7500 14.5000 3.2000
    endloop
  endfacet
  facet normal -1.000000 0.000000 0.000000
    outer loop
      vertex 6.7500 15.0000 2.4000
      vertex 6.7500 14.5000 3.2000
      vertex 6.7500 15.0000 3.2000
    endloop
  endfacet
  facet normal -0.707107 0.707107 0.000000
    outer loop
      vertex 6.7500 14.5000 2.4000
      vertex 6.5000 14.2500 2.4000
      vertex 6.5000 14.2500 3.2000
    endloop
  endfacet
  facet normal -0.707107 0.707107 0.000000
    outer loop
      vertex 6.7500 14.5000 2.4000
      vertex 6.5000 14.2500 3.2000
      vertex 6.7500 14.5000 3.2000
    endloop
  endfacet
  facet normal -1.000000 0.000000 0.000000
    outer loop
      vertex 6.5000 14.2500 2.4000
      vertex 6.5000 13.7500 2.4000
      vertex 6.5000 13.7500 3.2000
    endloop
  endfacet
  facet normal -1.000000 0.000000 0.000000
    outer loop
      vertex 6.5000 14.2500 2.4000
      vertex 6.5000 13.7500 3.2000
      vertex 6.5000 14.2500 3.2000
    endloop
  endfacet
  facet normal -0.707107 0.707107 0.000000
    outer loop
      vertex 6.5000 13.7500 2.4000
      vertex 6.2500 13.5000 2.4000
      vertex 6.2500 13.5000 3.2000
    endloop
  endfacet
  facet normal -0.707107 0.707107 0.000000
    outer loop
      vertex 6.5000 13.7500 2.4000
      vertex 6.2500 13.5000 3.2000
      vertex 6.5000 13.7500 3.2000
    endloop
  endfacet
  facet normal -1.000000 0.000000 0.000000
    outer loop
      vertex 6.2500 13.5000 2.4000
      vertex 6.2500 13.2500 2.4000
      vertex 6.2500 13.2500 3.2000
    endloop
  endfacet
  facet normal -1.000000 0.000000 0.000000
    outer loop
      vertex 6.2500 13.5000 2.4000
      vertex 6.2500 13.2500 3.2000
      vertex 6.2500 13.5000 3.2000
    endloop
  endfacet
  facet normal -0.707107 0.707107 0.000000
    outer loop
      vertex 6.2500 13.2500 2.4000
      vertex 6.0000 13.0000 2.4000
      vertex 6.0000 13.0000 3.2000
    endloop
  endfacet
  facet normal -0.707107 0.707107 0.000000
    outer loop
      vertex 6.2500 13.2500 2.4000
      vertex 6.0000 13.0000 3.2000
      vertex 6.2500 13.2500 3.2000
    endloop
  endfacet
  facet normal -1.000000 0.000000 0.000000
    outer loop
      vertex 6.0000 13.0000 2.4000
      vertex 6.0000 12.5000 2.4000
      vertex 6.0000 12.5000 3.2000
    endloop
  endfacet
  facet normal -1.000000 0.000000 0.000000
    outer loop
      vertex 6.0000 13.0000 2.4000
      vertex 6.0000 12.5000 3.2000
      vertex 6.0000 13.0000 3.2000
    endloop
  endfacet
  facet normal -0.707107 0.707107 0.000000
    outer loop
      vertex 6.0000 12.5000 2.4000
      vertex 5.7500 12.2500 2.4000
      vertex 5.7500 12.2500 3.2000
    endloop
  endfacet
  facet normal -0.707107 0.707107 0.000000
    outer loop
      vertex 6.0000 12.5000 2.4000
      vertex 5.7500 12.2500 3.2000
      vertex 6.0000 12.5000 3.2000
    endloop
  endfacet
  facet normal 0.000000 -1.000000 0.000000
    outer loop
      vertex 5.7500 12.2500 2.4000
      vertex 6.5000 12.2500 2.4000
      vertex 6.5000 12.2500 3.2000
    endloop
  endfacet
  facet normal 0.000000 -1.000000 0.000000
    outer loop
      vertex 5.7500 12.2500 2.4000
      vertex 6.5000 12.2500 3.2000
      vertex 5.7500 12.2500 3.2000
    endloop
  endfacet
  facet normal 1.000000 0.000000 0.000000
    outer loop
      vertex 6.5000 12.2500 2.4000
      vertex 6.5000 12.5000 2.4000
      vertex 6.5000 12.5000 3.2000
    endloop
  endfacet
  facet normal 1.000000 0.000000 0.000000
    outer loop
      vertex 6.5000 12.2500 2.4000
      vertex 6.5000 12.5000 3.2000
      vertex 6.5000 12.2500 3.2000
    endloop
  endfacet
  facet normal 0.707107 -0.707107 0.000000
    outer loop
      vertex 6.5000 12.5000 2.4000
      vertex 6.7500 12.7500 2.4000
      vertex 6.7500 12.7500 3.2000
    endloop
  endfacet
  facet normal 0.707107 -0.707107 0.000000
    outer loop
      vertex 6.5000 12.5000 2.4000
      vertex 6.7500 12.7500 3.2000
      vertex 6.5000 12.5000 3.2000
    endloop
  endfacet
  facet normal 1.000000 0.000000 0.000000
    outer loop
      vertex 6.7500 12.7500 2.4000
      vertex 6.7500 13.0000 2.4000
      vertex 6.7500 13.0000 3.2000
    endloop
  endfacet
  facet normal 1.000000 0.000000 0.000000
    outer loop
      vertex 6.7500 12.7500 2.4000
      vertex 6.7500 13.0000 3.2000
      vertex 6.7500 12.7500 3.2000
    endloop
  endfacet
  facet normal 0.707107 -0.707107 0.000000
    outer loop
      vertex 6.7500 13.0000 2.4000
      vertex 7.0000 13.2500 2.4000
      vertex 7.0000 13.2500 3.2000
    endloop
  endfacet
  facet normal 0.707107 -0.707107 0.000000
    outer loop
      vertex 6.7500 13.0000 2.4000
      vertex 7.0000 13.2500 3.2000
      vertex 6.7500 13.0000 3.2000
    endloop
  endfacet
  facet normal 0.000000 -1.000000 0.000000
    outer loop
      vertex 7.0000 13.2500 2.4000
      vertex 8.7500 13.2500 2.4000
      vertex 8.7500 13.2500 3.2000
    endloop
  endfacet
  facet normal 0.000000 -1.000000 0.000000
    outer loop
      vertex 7.0000 13.2500 2.4000
      vertex 8.7500 13.2500 3.2000
      vertex 7.0000 13.2500 3.2000
    endloop
  endfacet
  facet normal -0.707107 -0.707107 0.000000
    outer loop
      vertex 8.7500 13.2500 2.4000
      vertex 9.2500 12.7500 2.4000
      vertex 9.2500 12.7500 3.2000
    endloop
  endfacet
  facet normal -0.707107 -0.707107 0.000000
    outer loop
      vertex 8.7500 13.2500 2.4000
      vertex 9.2500 12.7500 3.2000
      vertex 8.7500 13.2500 3.2000
    endloop
  endfacet
  facet normal -1.000000 0.000000 0.000000
    outer loop
      vertex 9.2500 12.7500 2.4000
      vertex 9.2500 12.2500 2.4000
      vertex 9.2500 12.2500 3.2000
    endloop
  endfacet
  facet normal -1.000000 0.000000 0.000000
    outer loop
      vertex 9.2500 12.7500 2.4000
      vertex 9.2500 12.2500 3.2000
      vertex 9.2500 12.7500 3.2000
    endloop
  endfacet
  facet normal 0.000000 -1.000000 0.000000
    outer loop
      vertex 9.2500 12.2500 2.4000
      vertex 10.0000 12.2500 2.4000
      vertex 10.0000 12.2500 3.2000
    endloop
  endfacet
  facet normal 0.000000 -1.000000 0.000000
    outer loop
      vertex 9.2500 12.2500 2.4000
      vertex 10.0000 12.2500 3.2000
      vertex 9.2500 12.2500 3.2000
    endloop
  endfacet
  facet normal 1.000000 0.000000 0.000000
    outer loop
      vertex 10.0000 12.2500 2.4000
      vertex 10.0000 12.7500 2.4000
      vertex 10.0000 12.7500 3.2000
    endloop
  endfacet
  facet normal 1.000000 0.000000 0.000000
    outer loop
      vertex 10.0000 12.2500 2.4000
      vertex 10.0000 12.7500 3.2000
      vertex 10.0000 12.2500 3.2000
    endloop
  endfacet
  facet normal 0.707107 0.707107 0.000000
    outer loop
      vertex 10.0000 12.7500 2.4000
      vertex 9.7500 13.0000 2.4000
      vertex 9.7500 13.0000 3.2000
    endloop
  endfacet
  facet normal 0.707107 0.707107 -0.000000
    outer loop
      vertex 10.0000 12.7500 2.4000
      vertex 9.7500 13.0000 3.2000
      vertex 10.0000 12.7500 3.2000
    endloop
  endfacet
  facet normal 1.000000 0.000000 0.000000
    outer loop
      vertex 9.7500 13.0000 2.4000
      vertex 9.7500 13.2500 2.4000
      vertex 9.7500 13.2500 3.2000
    endloop
  endfacet
  facet normal 1.000000 0.000000 0.000000
    outer loop
      vertex 9.7500 13.0000 2.4000
      vertex 9.7500 13.2500 3.2000
      vertex 9.7500 13.0000 3.2000
    endloop
  endfacet
  facet normal 0.707107 0.707107 0.000000
    outer loop
      vertex 9.7500 13.2500 2.4000
      vertex 9.5000 13.5000 2.4000
      vertex 9.5000 13.5000 3.2000
    endloop
  endfacet
  facet normal 0.707107 0.707107 -0.000000
    outer loop
      vertex 9.7500 13.2500 2.4000
      vertex 9.5000 13.5000 3.2000
      vertex 9.7500 13.2500 3.2000
    endloop
  endfacet
  facet normal 1.000000 0.000000 0.000000
    outer loop
      vertex 9.5000 13.5000 2.4000
      vertex 9.5000 14.0000 2.4000
      vertex 9.5000 14.0000 3.2000
    endloop
  endfacet
  facet normal 1.000000 0.000000 0.000000
    outer loop
      vertex 9.5000 13.5000 2.4000
      vertex 9.5000 14.0000 3.2000
      vertex 9.5000 13.5000 3.2000
    endloop
  endfacet
  facet normal 0.707107 0.707107 0.000000
    outer loop
      vertex 9.5000 14.0000 2.4000
      vertex 9.2500 14.2500 2.4000
      vertex 9.2500 14.2500 3.2000
    endloop
  endfacet
  facet normal 0.707107 0.707107 -0.000000
    outer loop
      vertex 9.5000 14.0000 2.4000
      vertex 9.2500 14.2500 3.2000
      vertex 9.5000 14.0000 3.2000
    endloop
  endfacet
  facet normal 1.000000 0.000000 0.000000
    outer loop
      vertex 9.2500 14.2500 2.4000
      vertex 9.2500 14.5000 2.4000
      vertex 9.2500 14.5000 3.2000
    endloop
  endfacet
  facet normal 1.000000 0.000000 0.000000
    outer loop
      vertex 9.2500 14.2500 2.4000
      vertex 9.2500 14.5000 3.2000
      vertex 9.2500 14.2500 3.2000
    endloop
  endfacet
  facet normal 0.707107 0.707107 0.000000
    outer loop
      vertex 9.2500 14.5000 2.4000
      vertex 9.0000 14.7500 2.4000
      vertex 9.0000 14.7500 3.2000
    endloop
  endfacet
  facet normal 0.707107 0.707107 -0.000000
    outer loop
      vertex 9.2500 14.5000 2.4000
      vertex 9.0000 14.7500 3.2000
      vertex 9.2500 14.5000 3.2000
    endloop
  endfacet
  facet normal 1.000000 0.000000 0.000000
    outer loop
      vertex 9.0000 14.7500 2.4000
      vertex 9.0000 15.2500 2.4000
      vertex 9.0000 15.2500 3.2000
    endloop
  endfacet
  facet normal 1.000000 0.000000 0.000000
    outer loop
      vertex 9.0000 14.7500 2.4000
      vertex 9.0000 15.2500 3.2000
      vertex 9.0000 14.7500 3.2000
    endloop
  endfacet
  facet normal 0.707107 0.707107 0.000000
    outer loop
      vertex 9.0000 15.2500 2.4000
      vertex 8.7500 15.5000 2.4000
      vertex 8.7500 15.5000 3.2000
    endloop
  endfacet
  facet normal 0.707107 0.707107 -0.000000
    outer loop
      vertex 9.0000 15.2500 2.4000
      vertex 8.7500 15.5000 3.2000
      vertex 9.0000 15.2500 3.2000
    endloop
  endfacet
  facet normal 1.000000 0.000000 0.000000
    outer loop
      vertex 8.7500 15.5000 2.4000
      vertex 8.7500 15.7500 2.4000
      vertex 8.7500 15.7500 3.2000
    endloop
  endfacet
  facet normal 1.000000 0.000000 0.000000
    outer loop
      vertex 8.7500 15.5000 2.4000
      vertex 8.7500 15.7500 3.2000
      vertex 8.7500 15.5000 3.2000
    endloop
  endfacet
  facet normal 0.707107 0.707107 0.000000
    outer loop
      vertex 8.7500 15.7500 2.4000
      vertex 8.5000 16.0000 2.4000
      vertex 8.5000 16.0000 3.2000
    endloop
  endfacet
  facet normal 0.707107 0.707107 -0.000000
    outer loop
      vertex 8.7500 15.7500 2.4000
      vertex 8.5000 16.0000 3.2000
      vertex 8.7500 15.7500 3.2000
    endloop
  endfacet
  facet normal 1.000000 0.000000 0.000000
    outer loop
      vertex 8.5000 16.0000 2.4000
      vertex 8.5000 16.5000 2.4000
      vertex 8.5000 16.5000 3.2000
    endloop
  endfacet
  facet normal 1.000000 0.000000 0.000000
    outer loop
      vertex 8.5000 16.0000 2.4000
      vertex 8.5000 16.5000 3.2000
      vertex 8.5000 16.0000 3.2000
    endloop
  endfacet
  facet normal 0.707107 0.707107 0.000000
    outer loop
      vertex 8.5000 16.5000 2.4000
      vertex 8.2500 16.7500 2.4000
      vertex 8.2500 16.7500 3.2000
    endloop
  endfacet
  facet normal 0.707107 0.707107 -0.000000
    outer loop
      vertex 8.5000 16.5000 2.4000
      vertex 8.2500 16.7500 3.2000
      vertex 8.5000 16.5000 3.2000
    endloop
  endfacet
  facet normal 0.000000 1.000000 0.000000
    outer loop
      vertex 8.2500 16.7500 2.4000
      vertex 7.5000 16.7500 2.4000
      vertex 7.5000 16.7500 3.2000
    endloop
  endfacet
  facet normal 0.000000 1.000000 -0.000000
    outer loop
      vertex 8.2500 16.7500 2.4000
      vertex 7.5000 16.7500 3.2000
      vertex 8.2500 16.7500 3.2000
    endloop
  endfacet
  facet normal -0.707107 -0.707107 0.000000
    outer loop
      vertex 8.0000 15.7500 2.4000
      vertex 8.2500 15.5000 2.4000
      vertex 8.2500 15.5000 3.2000
    endloop
  endfacet
  facet normal -0.707107 -0.707107 0.000000
    outer loop
      vertex 8.0000 15.7500 2.4000
      vertex 8.2500 15.5000 3.2000
      vertex 8.0000 15.7500 3.2000
    endloop
  endfacet
  facet normal -1.000000 0.000000 0.000000
    outer loop
      vertex 8.2500 15.5000 2.4000
      vertex 8.2500 15.0000 2.4000
      vertex 8.2500 15.0000 3.2000
    endloop
  endfacet
  facet normal -1.000000 0.000000 0.000000
    outer loop
      vertex 8.2500 15.5000 2.4000
      vertex 8.2500 15.0000 3.2000
      vertex 8.2500 15.5000 3.2000
    endloop
  endfacet
  facet normal -0.707107 -0.707107 0.000000
    outer loop
      vertex 8.2500 15.0000 2.4000
      vertex 8.5000 14.7500 2.4000
      vertex 8.5000 14.7500 3.2000
    endloop
  endfacet
  facet normal -0.707107 -0.707107 0.000000
    outer loop
      vertex 8.2500 15.0000 2.4000
      vertex 8.5000 14.7500 3.2000
      vertex 8.2500 15.0000 3.2000
    endloop
  endfacet
  facet normal -1.000000 0.000000 0.000000
    outer loop
      vertex 8.5000 14.7500 2.4000
      vertex 8.5000 14.2500 2.4000
      vertex 8.5000 14.2500 3.2000
    endloop
  endfacet
  facet normal -1.000000 0.000000 0.000000
    outer loop
      vertex 8.5000 14.7500 2.4000
      vertex 8.5000 14.2500 3.2000
      vertex 8.5000 14.7500 3.2000
    endloop
  endfacet
  facet normal -0.707107 -0.707107 0.000000
    outer loop
      vertex 8.5000 14.2500 2.4000
      vertex 8.7500 14.0000 2.4000
      vertex 8.7500 14.0000 3.2000
    endloop
  endfacet
  facet normal -0.707107 -0.707107 0.000000
    outer loop
      vertex 8.5000 14.2500 2.4000
      vertex 8.7500 14.0000 3.2000
      vertex 8.5000 14.2500 3.2000
    endloop
  endfacet
  facet normal -0.707107 0.707107 0.000000
    outer loop
      vertex 8.7500 14.0000 2.4000
      vertex 8.5000 13.7500 2.4000
      vertex 8.5000 13.7500 3.2000
    endloop
  endfacet
  facet normal -0.707107 0.707107 0.000000
    outer loop
      vertex 8.7500 14.0000 2.4000
      vertex 8.5000 13.7500 3.2000
      vertex 8.7500 14.0000 3.2000
    endloop
  endfacet
  facet normal 0.000000 1.000000 0.000000
    outer loop
      vertex 8.5000 13.7500 2.4000
      vertex 7.5000 13.7500 2.4000
      vertex 7.5000 13.7500 3.2000
    endloop
  endfacet
  facet normal 0.000000 1.000000 -0.000000
    outer loop
      vertex 8.5000 13.7500 2.4000
      vertex 7.5000 13.7500 3.2000
      vertex 8.5000 13.7500 3.2000
    endloop
  endfacet
  facet normal 0.707107 0.707107 0.000000
    outer loop
      vertex 7.5000 13.7500 2.4000
      vertex 7.2500 14.0000 2.4000
      vertex 7.2500 14.0000 3.2000
    endloop
  endfacet
  facet normal 0.707107 0.707107 -0.000000
    outer loop
      vertex 7.5000 13.7500 2.4000
      vertex 7.2500 14.0000 3.2000
      vertex 7.5000 13.7500 3.2000
    endloop
  endfacet
  facet normal 1.000000 0.000000 0.000000
    outer loop
      vertex 7.2500 14.0000 2.4000
      vertex 7.2500 14.5000 2.4000
      vertex 7.2500 14.5000 3.2000
    endloop
  endfacet
  facet normal 1.000000 0.000000 0.000000
    outer loop
      vertex 7.2500 14.0000 2.4000
      vertex 7.2500 14.5000 3.2000
      vertex 7.2500 14.0000 3.2000
    endloop
  endfacet
  facet normal 0.707107 -0.707107 0.000000
    outer loop
      vertex 7.2500 14.5000 2.4000
      vertex 7.5000 14.7500 2.4000
      vertex 7.5000 14.7500 3.2000
    endloop
  endfacet
  facet normal 0.707107 -0.707107 0.000000
    outer loop
      vertex 7.2500 14.5000 2.4000
      vertex 7.5000 14.7500 3.2000
      vertex 7.2500 14.5000 3.2000
    endloop
  endfacet
  facet normal 1.000000 0.000000 0.000000
    outer loop
      vertex 7.5000 14.7500 2.4000
      vertex 7.5000 15.2500 2.4000
      vertex 7.5000 15.2500 3.2000
    endloop
  endfacet
  facet normal 1.000000 0.000000 0.000000
    outer loop
      vertex 7.5000 14.7500 2.4000
      vertex 7.5000 15.2500 3.2000
      vertex 7.5000 14.7500 3.2000
    endloop
  endfacet
  facet normal 0.707107 -0.707107 0.000000
    outer loop
      vertex 7.5000 15.2500 2.4000
      vertex 8.0000 15.7500 2.4000
      vertex 8.0000 15.7500 3.2000
    endloop
  endfacet
  facet normal 0.707107 -0.707107 0.000000
    outer loop
      vertex 7.5000 15.2500 2.4000
      vertex 8.0000 15.7500 3.2000
      vertex 7.5000 15.2500 3.2000
    endloop
  endfacet
  facet normal 0.000000 0.000000 -1.000000
    outer loop
      vertex 1.5000 16.7500 3.2000
      vertex 2.2500 13.2500 3.2000
      vertex 1.5000 12.2500 3.2000
    endloop
  endfacet
  facet normal 0.000000 0.000000 1.000000
    outer loop
      vertex 1.5000 12.2500 2.4000
      vertex 2.2500 13.2500 2.4000
      vertex 1.5000 16.7500 2.4000
    endloop
  endfacet
  facet normal 0.000000 0.000000 -1.000000
    outer loop
      vertex 1.5000 16.7500 3.2000
      vertex 2.2500 15.7500 3.2000
      vertex 2.2500 13.2500 3.2000
    endloop
  endfacet
  facet normal 0.000000 -0.000000 1.000000
    outer loop
      vertex 2.2500 13.2500 2.4000
      vertex 2.2500 15.7500 2.4000
      vertex 1.5000 16.7500 2.4000
    endloop
  endfacet
  facet normal 0.000000 0.000000 -1.000000
    outer loop
      vertex 1.5000 16.7500 3.2000
      vertex 2.5000 16.0000 3.2000
      vertex 2.2500 15.7500 3.2000
    endloop
  endfacet
  facet normal 0.000000 -0.000000 1.000000
    outer loop
      vertex 2.2500 15.7500 2.4000
      vertex 2.5000 16.0000 2.4000
      vertex 1.5000 16.7500 2.4000
    endloop
  endfacet
  facet normal 0.000000 0.000000 -1.000000
    outer loop
      vertex 1.5000 16.7500 3.2000
      vertex 3.7500 16.7500 3.2000
      vertex 2.5000 16.0000 3.2000
    endloop
  endfacet
  facet normal 0.000000 -0.000000 1.000000
    outer loop
      vertex 2.5000 16.0000 2.4000
      vertex 3.7500 16.7500 2.4000
      vertex 1.5000 16.7500 2.4000
    endloop
  endfacet
  facet normal 0.000000 -0.000000 -1.000000
    outer loop
      vertex 3.7500 16.7500 3.2000
      vertex 3.7500 16.0000 3.2000
      vertex 2.5000 16.0000 3.2000
    endloop
  endfacet
  facet normal 0.000000 0.000000 1.000000
    outer loop
      vertex 2.5000 16.0000 2.4000
      vertex 3.7500 16.0000 2.4000
      vertex 3.7500 16.7500 2.4000
    endloop
  endfacet
  facet normal 0.000000 0.000000 -1.000000
    outer loop
      vertex 3.7500 16.7500 3.2000
      vertex 4.0000 16.5000 3.2000
      vertex 3.7500 16.0000 3.2000
    endloop
  endfacet
  facet normal 0.000000 0.000000 1.000000
    outer loop
      vertex 3.7500 16.0000 2.4000
      vertex 4.0000 16.5000 2.4000
      vertex 3.7500 16.7500 2.4000
    endloop
  endfacet
  facet normal -0.000000 0.000000 -1.000000
    outer loop
      vertex 4.2500 16.5000 3.2000
      vertex 3.7500 16.0000 3.2000
      vertex 4.0000 16.5000 3.2000
    endloop
  endfacet
  facet normal -0.000000 0.000000 1.000000
    outer loop
      vertex 4.0000 16.5000 2.4000
      vertex 3.7500 16.0000 2.4000
      vertex 4.2500 16.5000 2.4000
    endloop
  endfacet
  facet normal 0.000000 -0.000000 -1.000000
    outer loop
      vertex 4.2500 16.5000 3.2000
      vertex 4.2500 15.5000 3.2000
      vertex 3.7500 16.0000 3.2000
    endloop
  endfacet
  facet normal -0.000000 0.000000 1.000000
    outer loop
      vertex 3.7500 16.0000 2.4000
      vertex 4.2500 15.5000 2.4000
      vertex 4.2500 16.5000 2.4000
    endloop
  endfacet
  facet normal 0.000000 0.000000 -1.000000
    outer loop
      vertex 4.2500 16.5000 3.2000
      vertex 4.7500 16.0000 3.2000
      vertex 4.2500 15.5000 3.2000
    endloop
  endfacet
  facet normal 0.000000 0.000000 1.000000
    outer loop
      vertex 4.2500 15.5000 2.4000
      vertex 4.7500 16.0000 2.4000
      vertex 4.2500 16.5000 2.4000
    endloop
  endfacet
  facet normal 0.000000 -0.000000 -1.000000
    outer loop
      vertex 4.7500 16.0000 3.2000
      vertex 4.7500 15.7500 3.2000
      vertex 4.2500 15.5000 3.2000
    endloop
  endfacet
  facet normal 0.000000 0.000000 1.000000
    outer loop
      vertex 4.2500 15.5000 2.4000
      vertex 4.7500 15.7500 2.4000
      vertex 4.7500 16.0000 2.4000
    endloop
  endfacet
  facet normal -0.000000 0.000000 -1.000000
    outer loop
      vertex 5.0000 15.5000 3.2000
      vertex 4.5000 15.0000 3.2000
      vertex 4.7500 15.7500 3.2000
    endloop
  endfacet
  facet normal 0.000000 0.000000 1.000000
    outer loop
      vertex 4.7500 15.7500 2.4000
      vertex 4.5000 15.0000 2.4000
      vertex 5.0000 15.5000 2.4000
    endloop
  endfacet
  facet normal 0.000000 0.000000 -1.000000
    outer loop
      vertex 5.0000 15.5000 3.2000
      vertex 4.5000 14.0000 3.2000
      vertex 4.5000 15.0000 3.2000
    endloop
  endfacet
  facet normal -0.000000 0.000000 1.000000
    outer loop
      vertex 4.5000 15.0000 2.4000
      vertex 4.5000 14.0000 2.4000
      vertex 5.0000 15.5000 2.4000
    endloop
  endfacet
  facet normal 0.000000 -0.000000 -1.000000
    outer loop
      vertex 5.0000 15.5000 3.2000
      vertex 5.0000 13.5000 3.2000
      vertex 4.5000 14.0000 3.2000
    endloop
  endfacet
  facet normal -0.000000 0.000000 1.000000
    outer loop
      vertex 4.5000 14.0000 2.4000
      vertex 5.0000 13.5000 2.4000
      vertex 5.0000 15.5000 2.4000
    endloop
  endfacet
  facet normal 0.000000 0.000000 -1.000000
    outer loop
      vertex 4.2500 12.5000 3.2000
      vertex 4.2500 13.5000 3.2000
      vertex 4.7500 13.0000 3.2000
    endloop
  endfacet
  facet normal 0.000000 0.000000 1.000000
    outer loop
      vertex 4.7500 13.0000 2.4000
      vertex 4.2500 13.5000 2.4000
      vertex 4.2500 12.5000 2.4000
    endloop
  endfacet
  facet normal 0.000000 0.000000 -1.000000
    outer loop
      vertex 4.2500 12.5000 3.2000
      vertex 3.7500 13.0000 3.2000
      vertex 4.2500 13.5000 3.2000
    endloop
  endfacet
  facet normal 0.000000 0.000000 1.000000
    outer loop
      vertex 4.2500 13.5000 2.4000
      vertex 3.7500 13.0000 2.4000
      vertex 4.2500 12.5000 2.4000
    endloop
  endfacet
  facet normal 0.000000 0.000000 -1.000000
    outer loop
      vertex 4.2500 12.5000 3.2000
      vertex 4.0000 12.5000 3.2000
      vertex 3.7500 13.0000 3.2000
    endloop
  endfacet
  facet normal 0.000000 0.000000 1.000000
    outer loop
      vertex 3.7500 13.0000 2.4000
      vertex 4.0000 12.5000 2.4000
      vertex 4.2500 12.5000 2.4000
    endloop
  endfacet
  facet normal 0.000000 0.000000 -1.000000
    outer loop
      vertex 3.7500 12.2500 3.2000
      vertex 3.7500 13.0000 3.2000
      vertex 4.0000 12.5000 3.2000
    endloop
  endfacet
  facet normal 0.000000 0.000000 1.000000
    outer loop
      vertex 4.0000 12.5000 2.4000
      vertex 3.7500 13.0000 2.4000
      vertex 3.7500 12.2500 2.4000
    endloop
  endfacet
  facet normal 0.000000 0.000000 -1.000000
    outer loop
      vertex 3.7500 12.2500 3.2000
      vertex 2.5000 13.0000 3.2000
      vertex 3.7500 13.0000 3.2000
    endloop
  endfacet
  facet normal 0.000000 0.000000 1.000000
    outer loop
      vertex 3.7500 13.0000 2.4000
      vertex 2.5000 13.0000 2.4000
      vertex 3.7500 12.2500 2.4000
    endloop
  endfacet
  facet normal 0.000000 0.000000 -1.000000
    outer loop
      vertex 3.7500 12.2500 3.2000
      vertex 1.5000 12.2500 3.2000
      vertex 2.5000 13.0000 3.2000
    endloop
  endfacet
  facet normal 0.000000 0.000000 1.000000
    outer loop
      vertex 2.5000 13.0000 2.4000
      vertex 1.5000 12.2500 2.4000
      vertex 3.7500 12.2500 2.4000
    endloop
  endfacet
  facet normal 0.000000 0.000000 -1.000000
    outer loop
      vertex 1.5000 12.2500 3.2000
      vertex 2.2500 13.2500 3.2000
      vertex 2.5000 13.0000 3.2000
    endloop
  endfacet
  facet normal 0.000000 0.000000 1.000000
    outer loop
      vertex 2.5000 13.0000 2.4000
      vertex 2.2500 13.2500 2.4000
      vertex 1.5000 12.2500 2.4000
    endloop
  endfacet
  facet normal 0.000000 0.000000 -1.000000
    outer loop
      vertex 4.2500 15.5000 3.2000
      vertex 4.5000 15.0000 3.2000
      vertex 4.2500 15.2500 3.2000
    endloop
  endfacet
  facet normal -0.000000 0.000000 1.000000
    outer loop
      vertex 4.2500 15.2500 2.4000
      vertex 4.5000 15.0000 2.4000
      vertex 4.2500 15.5000 2.4000
    endloop
  endfacet
  facet normal 0.000000 0.000000 -1.000000
    outer loop
      vertex 4.2500 15.5000 3.2000
      vertex 4.7500 15.7500 3.2000
      vertex 4.5000 15.0000 3.2000
    endloop
  endfacet
  facet normal 0.000000 -0.000000 1.000000
    outer loop
      vertex 4.5000 15.0000 2.4000
      vertex 4.7500 15.7500 2.4000
      vertex 4.2500 15.5000 2.4000
    endloop
  endfacet
  facet normal 0.000000 -0.000000 -1.000000
    outer loop
      vertex 4.5000 14.0000 3.2000
      vertex 5.0000 13.5000 3.2000
      vertex 4.2500 13.7500 3.2000
    endloop
  endfacet
  facet normal -0.000000 0.000000 1.000000
    outer loop
      vertex 4.2500 13.7500 2.4000
      vertex 5.0000 13.5000 2.4000
      vertex 4.5000 14.0000 2.4000
    endloop
  endfacet
  facet normal 0.000000 0.000000 -1.000000
    outer loop
      vertex 5.0000 13.5000 3.2000
      vertex 4.2500 13.5000 3.2000
      vertex 4.2500 13.7500 3.2000
    endloop
  endfacet
  facet normal 0.000000 0.000000 1.000000
    outer loop
      vertex 4.2500 13.7500 2.4000
      vertex 4.2500 13.5000 2.4000
      vertex 5.0000 13.5000 2.4000
    endloop
  endfacet
  facet normal -0.000000 0.000000 -1.000000
    outer loop
      vertex 5.0000 13.5000 3.2000
      vertex 4.7500 13.2500 3.2000
      vertex 4.2500 13.5000 3.2000
    endloop
  endfacet
  facet normal -0.000000 0.000000 1.000000
    outer loop
      vertex 4.2500 13.5000 2.4000
      vertex 4.7500 13.2500 2.4000
      vertex 5.0000 13.5000 2.4000
    endloop
  endfacet
  facet normal 0.000000 0.000000 -1.000000
    outer loop
      vertex 4.7500 13.0000 3.2000
      vertex 4.2500 13.5000 3.2000
      vertex 4.7500 13.2500 3.2000
    endloop
  endfacet
  facet normal 0.000000 0.000000 1.000000
    outer loop
      vertex 4.7500 13.2500 2.4000
      vertex 4.2500 13.5000 2.4000
      vertex 4.7500 13.0000 2.4000
    endloop
  endfacet
  facet normal -1.000000 0.000000 0.000000
    outer loop
      vertex 1.5000 16.7500 2.4000
      vertex 1.5000 12.2500 2.4000
      vertex 1.5000 12.2500 3.2000
    endloop
  endfacet
  facet normal -1.000000 0.000000 0.000000
    outer loop
      vertex 1.5000 16.7500 2.4000
      vertex 1.5000 12.2500 3.2000
      vertex 1.5000 16.7500 3.2000
    endloop
  endfacet
  facet normal 0.000000 -1.000000 0.000000
    outer loop
      vertex 1.5000 12.2500 2.4000
      vertex 3.7500 12.2500 2.4000
      vertex 3.7500 12.2500 3.2000
    endloop
  endfacet
  facet normal 0.000000 -1.000000 0.000000
    outer loop
      vertex 1.5000 12.2500 2.4000
      vertex 3.7500 12.2500 3.2000
      vertex 1.5000 12.2500 3.2000
    endloop
  endfacet
  facet normal 0.707107 -0.707107 0.000000
    outer loop
      vertex 3.7500 12.2500 2.4000
      vertex 4.0000 12.5000 2.4000
      vertex 4.0000 12.5000 3.2000
    endloop
  endfacet
  facet normal 0.707107 -0.707107 0.000000
    outer loop
      vertex 3.7500 12.2500 2.4000
      vertex 4.0000 12.5000 3.2000
      vertex 3.7500 12.2500 3.2000
    endloop
  endfacet
  facet normal 0.000000 -1.000000 0.000000
    outer loop
      vertex 4.0000 12.5000 2.4000
      vertex 4.2500 12.5000 2.4000
      vertex 4.2500 12.5000 3.2000
    endloop
  endfacet
  facet normal 0.000000 -1.000000 0.000000
    outer loop
      vertex 4.0000 12.5000 2.4000
      vertex 4.2500 12.5000 3.2000
      vertex 4.0000 12.5000 3.2000
    endloop
  endfacet
  facet normal 0.707107 -0.707107 0.000000
    outer loop
      vertex 4.2500 12.5000 2.4000
      vertex 4.7500 13.0000 2.4000
      vertex 4.7500 13.0000 3.2000
    endloop
  endfacet
  facet normal 0.707107 -0.707107 0.000000
    outer loop
      vertex 4.2500 12.5000 2.4000
      vertex 4.7500 13.0000 3.2000
      vertex 4.2500 12.5000 3.2000
    endloop
  endfacet
  facet normal 1.000000 0.000000 0.000000
    outer loop
      vertex 4.7500 13.0000 2.4000
      vertex 4.7500 13.2500 2.4000
      vertex 4.7500 13.2500 3.2000
    endloop
  endfacet
  facet normal 1.000000 0.000000 0.000000
    outer loop
      vertex 4.7500 13.0000 2.4000
      vertex 4.7500 13.2500 3.2000
      vertex 4.7500 13.0000 3.2000
    endloop
  endfacet
  facet normal 0.707107 -0.707107 0.000000
    outer loop
      vertex 4.7500 13.2500 2.4000
      vertex 5.0000 13.5000 2.4000
      vertex 5.0000 13.5000 3.2000
    endloop
  endfacet
  facet normal 0.707107 -0.707107 0.000000
    outer loop
      vertex 4.7500 13.2500 2.4000
      vertex 5.0000 13.5000 3.2000
      vertex 4.7500 13.2500 3.2000
    endloop
  endfacet
  facet normal 1.000000 0.000000 0.000000
    outer loop
      vertex 5.0000 13.5000 2.4000
      vertex 5.0000 15.5000 2.4000
      vertex 5.0000 15.5000 3.2000
    endloop
  endfacet
  facet normal 1.000000 0.000000 0.000000
    outer loop
      vertex 5.0000 13.5000 2.4000
      vertex 5.0000 15.5000 3.2000
      vertex 5.0000 13.5000 3.2000
    endloop
  endfacet
  facet normal 0.707107 0.707107 0.000000
    outer loop
      vertex 5.0000 15.5000 2.4000
      vertex 4.7500 15.7500 2.4000
      vertex 4.7500 15.7500 3.2000
    endloop
  endfacet
  facet normal 0.707107 0.707107 -0.000000
    outer loop
      vertex 5.0000 15.5000 2.4000
      vertex 4.7500 15.7500 3.2000
      vertex 5.0000 15.5000 3.2000
    endloop
  endfacet
  facet normal 1.000000 0.000000 0.000000
    outer loop
      vertex 4.7500 15.7500 2.4000
      vertex 4.7500 16.0000 2.4000
      vertex 4.7500 16.0000 3.2000
    endloop
  endfacet
  facet normal 1.000000 0.000000 0.000000
    outer loop
      vertex 4.7500 15.7500 2.4000
      vertex 4.7500 16.0000 3.2000
      vertex 4.7500 15.7500 3.2000
    endloop
  endfacet
  facet normal 0.707107 0.707107 0.000000
    outer loop
      vertex 4.7500 16.0000 2.4000
      vertex 4.2500 16.5000 2.4000
      vertex 4.2500 16.5000 3.2000
    endloop
  endfacet
  facet normal 0.707107 0.707107 -0.000000
    outer loop
      vertex 4.7500 16.0000 2.4000
      vertex 4.2500 16.5000 3.2000
      vertex 4.7500 16.0000 3.2000
    endloop
  endfacet
  facet normal 0.000000 1.000000 0.000000
    outer loop
      vertex 4.2500 16.5000 2.4000
      vertex 4.0000 16.5000 2.4000
      vertex 4.0000 16.5000 3.2000
    endloop
  endfacet
  facet normal 0.000000 1.000000 -0.000000
    outer loop
      vertex 4.2500 16.5000 2.4000
      vertex 4.0000 16.5000 3.2000
      vertex 4.2500 16.5000 3.2000
    endloop
  endfacet
  facet normal 0.707107 0.707107 0.000000
    outer loop
      vertex 4.0000 16.5000 2.4000
      vertex 3.7500 16.7500 2.4000
      vertex 3.7500 16.7500 3.2000
    endloop
  endfacet
  facet normal 0.707107 0.707107 -0.000000
    outer loop
      vertex 4.0000 16.5000 2.4000
      vertex 3.7500 16.7500 3.2000
      vertex 4.0000 16.5000 3.2000
    endloop
  endfacet
  facet normal 0.000000 1.000000 0.000000
    outer loop
      vertex 3.7500 16.7500 2.4000
      vertex 1.5000 16.7500 2.4000
      vertex 1.5000 16.7500 3.2000
    endloop
  endfacet
  facet normal 0.000000 1.000000 -0.000000
    outer loop
      vertex 3.7500 16.7500 2.4000
      vertex 1.5000 16.7500 3.2000
      vertex 3.7500 16.7500 3.2000
    endloop
  endfacet
  facet normal 0.707107 -0.707107 0.000000
    outer loop
      vertex 2.2500 15.7500 2.4000
      vertex 2.5000 16.0000 2.4000
      vertex 2.5000 16.0000 3.2000
    endloop
  endfacet
  facet normal 0.707107 -0.707107 0.000000
    outer loop
      vertex 2.2500 15.7500 2.4000
      vertex 2.5000 16.0000 3.2000
      vertex 2.2500 15.7500 3.2000
    endloop
  endfacet
  facet normal 0.000000 -1.000000 0.000000
    outer loop
      vertex 2.5000 16.0000 2.4000
      vertex 3.7500 16.0000 2.4000
      vertex 3.7500 16.0000 3.2000
    endloop
  endfacet
  facet normal 0.000000 -1.000000 0.000000
    outer loop
      vertex 2.5000 16.0000 2.4000
      vertex 3.7500 16.0000 3.2000
      vertex 2.5000 16.0000 3.2000
    endloop
  endfacet
  facet normal -0.707107 -0.707107 0.000000
    outer loop
      vertex 3.7500 16.0000 2.4000
      vertex 4.2500 15.5000 2.4000
      vertex 4.2500 15.5000 3.2000
    endloop
  endfacet
  facet normal -0.707107 -0.707107 0.000000
    outer loop
      vertex 3.7500 16.0000 2.4000
      vertex 4.2500 15.5000 3.2000
      vertex 3.7500 16.0000 3.2000
    endloop
  endfacet
  facet normal -1.000000 0.000000 0.000000
    outer loop
      vertex 4.2500 15.5000 2.4000
      vertex 4.2500 15.2500 2.4000
      vertex 4.2500 15.2500 3.2000
    endloop
  endfacet
  facet normal -1.000000 0.000000 0.000000
    outer loop
      vertex 4.2500 15.5000 2.4000
      vertex 4.2500 15.2500 3.2000
      vertex 4.2500 15.5000 3.2000
    endloop
  endfacet
  facet normal -0.707107 -0.707107 0.000000
    outer loop
      vertex 4.2500 15.2500 2.4000
      vertex 4.5000 15.0000 2.4000
      vertex 4.5000 15.0000 3.2000
    endloop
  endfacet
  facet normal -0.707107 -0.707107 0.000000
    outer loop
      vertex 4.2500 15.2500 2.4000
      vertex 4.5000 15.0000 3.2000
      vertex 4.2500 15.2500 3.2000
    endloop
  endfacet
  facet normal -1.000000 0.000000 0.000000
    outer loop
      vertex 4.5000 15.0000 2.4000
      vertex 4.5000 14.0000 2.4000
      vertex 4.5000 14.0000 3.2000
    endloop
  endfacet
  facet normal -1.000000 0.000000 0.000000
    outer loop
      vertex 4.5000 15.0000 2.4000
      vertex 4.5000 14.0000 3.2000
      vertex 4.5000 15.0000 3.2000
    endloop
  endfacet
  facet normal -0.707107 0.707107 0.000000
    outer loop
      vertex 4.5000 14.0000 2.4000
      vertex 4.2500 13.7500 2.4000
      vertex 4.2500 13.7500 3.2000
    endloop
  endfacet
  facet normal -0.707107 0.707107 0.000000
    outer loop
      vertex 4.5000 14.0000 2.4000
      vertex 4.2500 13.7500 3.2000
      vertex 4.5000 14.0000 3.2000
    endloop
  endfacet
  facet normal -1.000000 0.000000 0.000000
    outer loop
      vertex 4.2500 13.7500 2.4000
      vertex 4.2500 13.5000 2.4000
      vertex 4.2500 13.5000 3.2000
    endloop
  endfacet
  facet normal -1.000000 0.000000 0.000000
    outer loop
      vertex 4.2500 13.7500 2.4000
      vertex 4.2500 13.5000 3.2000
      vertex 4.2500 13.7500 3.2000
    endloop
  endfacet
  facet normal -0.707107 0.707107 0.000000
    outer loop
      vertex 4.2500 13.5000 2.4000
      vertex 3.7500 13.0000 2.4000
      vertex 3.7500 13.0000 3.2000
    endloop
  endfacet
  facet normal -0.707107 0.707107 0.000000
    outer loop
      vertex 4.2500 13.5000 2.4000
      vertex 3.7500 13.0000 3.2000
      vertex 4.2500 13.5000 3.2000
    endloop
  endfacet
  facet normal 0.000000 1.000000 0.000000
    outer loop
      vertex 3.7500 13.0000 2.4000
      vertex 2.5000 13.0000 2.4000
      vertex 2.5000 13.0000 3.2000
    endloop
  endfacet
  facet normal 0.000000 1.000000 -0.000000
    outer loop
      vertex 3.7500 13.0000 2.4000
      vertex 2.5000 13.0000 3.2000
      vertex 3.7500 13.0000 3.2000
    endloop
  endfacet
  facet normal 0.707107 0.707107 0.000000
    outer loop
      vertex 2.5000 13.0000 2.4000
      vertex 2.2500 13.2500 2.4000
      vertex 2.2500 13.2500 3.2000
    endloop
  endfacet
  facet normal 0.707107 0.707107 -0.000000
    outer loop
      vertex 2.5000 13.0000 2.4000
      vertex 2.2500 13.2500 3.2000
      vertex 2.5000 13.0000 3.2000
    endloop
  endfacet
  facet normal 1.000000 0.000000 0.000000
    outer loop
      vertex 2.2500 13.2500 2.4000
      vertex 2.2500 15.7500 2.4000
      vertex 2.2500 15.7500 3.2000
    endloop
  endfacet
  facet normal 1.000000 0.000000 0.000000
    outer loop
      vertex 2.2500 13.2500 2.4000
      vertex 2.2500 15.7500 3.2000
      vertex 2.2500 13.2500 3.2000
    endloop
  endfacet
  facet normal 0.000000 0.000000 -1.000000
    outer loop
      vertex 65.2500 33.7500 3.2000
      vertex 65.5000 34.0000 3.2000
      vertex 65.2500 33.5000 3.2000
    endloop
  endfacet
  facet normal 0.000000 0.000000 1.000000
    outer loop
      vertex 65.2500 33.5000 2.4000
      vertex 65.5000 34.0000 2.4000
      vertex 65.2500 33.7500 2.4000
    endloop
  endfacet
  facet normal 0.000000 -0.000000 -1.000000
    outer loop
      vertex 65.5000 34.0000 3.2000
      vertex 65.7500 34.0000 3.2000
      vertex 65.2500 33.5000 3.2000
    endloop
  endfacet
  facet normal 0.000000 0.000000 1.000000
    outer loop
      vertex 65.2500 33.5000 2.4000
      vertex 65.7500 34.0000 2.4000
      vertex 65.5000 34.0000 2.4000
    endloop
  endfacet
  facet normal 0.000000 -0.000000 -1.000000
    outer loop
      vertex 66.0000 34.2500 3.2000
      vertex 66.2500 33.5000 3.2000
      vertex 65.7500 34.0000 3.2000
    endloop
  endfacet
  facet normal -0.000000 0.000000 1.000000
    outer loop
      vertex 65.7500 34.0000 2.4000
      vertex 66.2500 33.5000 2.4000
      vertex 66.0000 34.2500 2.4000
    endloop
  endfacet
  facet normal 0.000000 0.000000 -1.000000
    outer loop
      vertex 66.0000 34.2500 3.2000
      vertex 67.2500 33.5000 3.2000
      vertex 66.2500 33.5000 3.2000
    endloop
  endfacet
  facet normal 0.000000 -0.000000 1.000000
    outer loop
      vertex 66.2500 33.5000 2.4000
      vertex 67.2500 33.5000 2.4000
      vertex 66.0000 34.2500 2.4000
    endloop
  endfacet
  facet normal 0.000000 0.000000 -1.000000
    outer loop
      vertex 66.0000 34.2500 3.2000
      vertex 67.5000 34.2500 3.2000
      vertex 67.2500 33.5000 3.2000
    endloop
  endfacet
  facet normal 0.000000 -0.000000 1.000000
    outer loop
      vertex 67.2500 33.5000 2.4000
      vertex 67.5000 34.2500 2.4000
      vertex 66.0000 34.2500 2.4000
    endloop
  endfacet
  facet normal 0.000000 -0.000000 -1.000000
    outer loop
      vertex 67.5000 34.2500 3.2000
      vertex 67.7500 34.0000 3.2000
      vertex 67.2500 33.5000 3.2000
    endloop
  endfacet
  facet normal 0.000000 0.000000 1.000000
    outer loop
      vertex 67.2500 33.5000 2.4000
      vertex 67.7500 34.0000 2.4000
      vertex 67.5000 34.2500 2.4000
    endloop
  endfacet
  facet normal -0.000000 -0.000000 -1.000000
    outer loop
      vertex 68.2500 34.0000 3.2000
      vertex 68.5000 33.5000 3.2000
      vertex 67.7500 34.0000 3.2000
    endloop
  endfacet
  facet normal -0.000000 0.000000 1.000000
    outer loop
      vertex 67.7500 34.0000 2.4000
      vertex 68.5000 33.5000 2.4000
      vertex 68.2500 34.0000 2.4000
    endloop
  endfacet
  facet normal 0.000000 0.000000 -1.000000
    outer loop
      vertex 68.2500 34.0000 3.2000
      vertex 68.5000 33.7500 3.2000
      vertex 68.5000 33.5000 3.2000
    endloop
  endfacet
  facet normal 0.000000 -0.000000 1.000000
    outer loop
      vertex 68.5000 33.5000 2.4000
      vertex 68.5000 33.7500 2.4000
      vertex 68.2500 34.0000 2.4000
    endloop
  endfacet
  facet normal -0.000000 -0.000000 -1.000000
    outer loop
      vertex 68.7500 33.2500 3.2000
      vertex 68.7500 33.0000 3.2000
      vertex 68.5000 33.5000 3.2000
    endloop
  endfacet
  facet normal 0.000000 0.000000 1.000000
    outer loop
      vertex 68.5000 33.5000 2.4000
      vertex 68.7500 33.0000 2.4000
      vertex 68.7500 33.2500 2.4000
    endloop
  endfacet
  facet normal -0.000000 0.000000 -1.000000
    outer loop
      vertex 69.0000 30.5000 3.2000
      vertex 68.7500 30.2500 3.2000
      vertex 68.7500 30.7500 3.2000
    endloop
  endfacet
  facet normal 0.000000 0.000000 1.000000
    outer loop
      vertex 68.7500 30.7500 2.4000
      vertex 68.7500 30.2500 2.4000
      vertex 69.0000 30.5000 2.4000
    endloop
  endfacet
  facet normal 0.000000 0.000000 -1.000000
    outer loop
      vertex 68.2500 29.2500 3.2000
      vertex 68.0000 30.2500 3.2000
      vertex 68.7500 29.7500 3.2000
    endloop
  endfacet
  facet normal 0.000000 0.000000 1.000000
    outer loop
      vertex 68.7500 29.7500 2.4000
      vertex 68.0000 30.2500 2.4000
      vertex 68.2500 29.2500 2.4000
    endloop
  endfacet
  facet normal 0.000000 0.000000 -1.000000
    outer loop
      vertex 68.2500 29.2500 3.2000
      vertex 68.0000 29.2500 3.2000
      vertex 68.0000 30.2500 3.2000
    endloop
  endfacet
  facet normal 0.000000 0.000000 1.000000
    outer loop
      vertex 68.0000 30.2500 2.4000
      vertex 68.0000 29.2500 2.4000
      vertex 68.2500 29.2500 2.4000
    endloop
  endfacet
  facet normal 0.000000 0.000000 -1.000000
    outer loop
      vertex 67.7500 29.0000 3.2000
      vertex 67.5000 29.7500 3.2000
      vertex 68.0000 29.2500 3.2000
    endloop
  endfacet
  facet normal 0.000000 0.000000 1.000000
    outer loop
      vertex 68.0000 29.2500 2.4000
      vertex 67.5000 29.7500 2.4000
      vertex 67.7500 29.0000 2.4000
    endloop
  endfacet
  facet normal 0.000000 0.000000 -1.000000
    outer loop
      vertex 67.7500 29.0000 3.2000
      vertex 66.2500 29.7500 3.2000
      vertex 67.5000 29.7500 3.2000
    endloop
  endfacet
  facet normal 0.000000 0.000000 1.000000
    outer loop
      vertex 67.5000 29.7500 2.4000
      vertex 66.2500 29.7500 2.4000
      vertex 67.7500 29.0000 2.4000
    endloop
  endfacet
  facet normal 0.000000 0.000000 -1.000000
    outer loop
      vertex 67.7500 29.0000 3.2000
      vertex 66.0000 29.0000 3.2000
      vertex 66.2500 29.7500 3.2000
    endloop
  endfacet
  facet normal 0.000000 0.000000 1.000000
    outer loop
      vertex 66.2500 29.7500 2.4000
      vertex 66.0000 29.0000 2.4000
      vertex 67.7500 29.0000 2.4000
    endloop
  endfacet
  facet normal 0.000000 0.000000 -1.000000
    outer loop
      vertex 66.0000 29.0000 3.2000
      vertex 65.7500 29.2500 3.2000
      vertex 66.2500 29.7500 3.2000
    endloop
  endfacet
  facet normal 0.000000 0.000000 1.000000
    outer loop
      vertex 66.2500 29.7500 2.4000
      vertex 65.7500 29.2500 2.4000
      vertex 66.0000 29.0000 2.4000
    endloop
  endfacet
  facet normal 0.000000 0.000000 -1.000000
    outer loop
      vertex 65.5000 29.2500 3.2000
      vertex 65.7500 30.2500 3.2000
      vertex 65.7500 29.2500 3.2000
    endloop
  endfacet
  facet normal 0.000000 -0.000000 1.000000
    outer loop
      vertex 65.7500 29.2500 2.4000
      vertex 65.7500 30.2500 2.4000
      vertex 65.5000 29.2500 2.4000
    endloop
  endfacet
  facet normal 0.000000 0.000000 -1.000000
    outer loop
      vertex 65.5000 29.2500 3.2000
      vertex 65.0000 29.7500 3.2000
      vertex 65.7500 30.2500 3.2000
    endloop
  endfacet
  facet normal 0.000000 0.000000 1.000000
    outer loop
      vertex 65.7500 30.2500 2.4000
      vertex 65.0000 29.7500 2.4000
      vertex 65.5000 29.2500 2.4000
    endloop
  endfacet
  facet normal 0.000000 0.000000 -1.000000
    outer loop
      vertex 65.0000 29.7500 3.2000
      vertex 65.0000 30.0000 3.2000
      vertex 65.7500 30.2500 3.2000
    endloop
  endfacet
  facet normal 0.000000 0.000000 1.000000
    outer loop
      vertex 65.7500 30.2500 2.4000
      vertex 65.0000 30.0000 2.4000
      vertex 65.0000 29.7500 2.4000
    endloop
  endfacet
  facet normal 0.000000 0.000000 -1.000000
    outer loop
      vertex 64.7500 30.2500 3.2000
      vertex 64.7500 30.5000 3.2000
      vertex 65.0000 30.0000 3.2000
    endloop
  endfacet
  facet normal 0.000000 0.000000 1.000000
    outer loop
      vertex 65.0000 30.0000 2.4000
      vertex 64.7500 30.5000 2.4000
      vertex 64.7500 30.2500 2.4000
    endloop
  endfacet
  facet normal 0.000000 0.000000 -1.000000
    outer loop
      vertex 64.7500 30.5000 3.2000
      vertex 65.7500 30.5000 3.2000
      vertex 65.0000 30.0000 3.2000
    endloop
  endfacet
  facet normal 0.000000 -0.000000 1.000000
    outer loop
      vertex 65.0000 30.0000 2.4000
      vertex 65.7500 30.5000 2.4000
      vertex 64.7500 30.5000 2.4000
    endloop
  endfacet
  facet normal 0.000000 0.000000 -1.000000
    outer loop
      vertex 65.0000 33.2500 3.2000
      vertex 65.7500 33.0000 3.2000
      vertex 65.0000 32.2500 3.2000
    endloop
  endfacet
  facet normal 0.000000 0.000000 1.000000
    outer loop
      vertex 65.0000 32.2500 2.4000
      vertex 65.7500 33.0000 2.4000
      vertex 65.0000 33.2500 2.4000
    endloop
  endfacet
  facet normal 0.000000 0.000000 -1.000000
    outer loop
      vertex 65.0000 33.2500 3.2000
      vertex 65.2500 33.5000 3.2000
      vertex 65.7500 33.0000 3.2000
    endloop
  endfacet
  facet normal 0.000000 0.000000 1.000000
    outer loop
      vertex 65.7500 33.0000 2.4000
      vertex 65.2500 33.5000 2.4000
      vertex 65.0000 33.2500 2.4000
    endloop
  endfacet
  facet normal 0.000000 0.000000 -1.000000
    outer loop
      vertex 65.2500 33.5000 3.2000
      vertex 65.7500 34.0000 3.2000
      vertex 65.7500 33.0000 3.2000
    endloop
  endfacet
  facet normal 0.000000 -0.000000 1.000000
    outer loop
      vertex 65.7500 33.0000 2.4000
      vertex 65.7500 34.0000 2.4000
      vertex 65.2500 33.5000 2.4000
    endloop
  endfacet
  facet normal 0.000000 0.000000 -1.000000
    outer loop
      vertex 65.7500 34.0000 3.2000
      vertex 66.2500 33.5000 3.2000
      vertex 65.7500 33.0000 3.2000
    endloop
  endfacet
  facet normal 0.000000 0.000000 1.000000
    outer loop
      vertex 65.7500 33.0000 2.4000
      vertex 66.2500 33.5000 2.4000
      vertex 65.7500 34.0000 2.4000
    endloop
  endfacet
  facet normal 0.000000 0.000000 -1.000000
    outer loop
      vertex 67.2500 33.5000 3.2000
      vertex 67.7500 34.0000 3.2000
      vertex 67.7500 33.0000 3.2000
    endloop
  endfacet
  facet normal 0.000000 -0.000000 1.000000
    outer loop
      vertex 67.7500 33.0000 2.4000
      vertex 67.7500 34.0000 2.4000
      vertex 67.2500 33.5000 2.4000
    endloop
  endfacet
  facet normal 0.000000 0.000000 -1.000000
    outer loop
      vertex 67.7500 34.0000 3.2000
      vertex 68.5000 33.5000 3.2000
      vertex 67.7500 33.0000 3.2000
    endloop
  endfacet
  facet normal 0.000000 0.000000 1.000000
    outer loop
      vertex 67.7500 33.0000 2.4000
      vertex 68.5000 33.5000 2.4000
      vertex 67.7500 34.0000 2.4000
    endloop
  endfacet
  facet normal 0.000000 -0.000000 -1.000000
    outer loop
      vertex 68.5000 33.5000 3.2000
      vertex 68.7500 33.0000 3.2000
      vertex 67.7500 33.0000 3.2000
    endloop
  endfacet
  facet normal 0.000000 0.000000 1.000000
    outer loop
      vertex 67.7500 33.0000 2.4000
      vertex 68.7500 33.0000 2.4000
      vertex 68.5000 33.5000 2.4000
    endloop
  endfacet
  facet normal -0.000000 0.000000 -1.000000
    outer loop
      vertex 68.7500 31.2500 3.2000
      vertex 68.0000 30.7500 3.2000
      vertex 68.2500 31.7500 3.2000
    endloop
  endfacet
  facet normal 0.000000 0.000000 1.000000
    outer loop
      vertex 68.2500 31.7500 2.4000
      vertex 68.0000 30.7500 2.4000
      vertex 68.7500 31.2500 2.4000
    endloop
  endfacet
  facet normal 0.000000 -0.000000 -1.000000
    outer loop
      vertex 68.7500 31.2500 3.2000
      vertex 68.7500 30.7500 3.2000
      vertex 68.0000 30.7500 3.2000
    endloop
  endfacet
  facet normal 0.000000 0.000000 1.000000
    outer loop
      vertex 68.0000 30.7500 2.4000
      vertex 68.7500 30.7500 2.4000
      vertex 68.7500 31.2500 2.4000
    endloop
  endfacet
  facet normal -0.000000 -0.000000 -1.000000
    outer loop
      vertex 68.7500 30.7500 3.2000
      vertex 68.7500 30.2500 3.2000
      vertex 68.0000 30.7500 3.2000
    endloop
  endfacet
  facet normal -0.000000 0.000000 1.000000
    outer loop
      vertex 68.0000 30.7500 2.4000
      vertex 68.7500 30.2500 2.4000
      vertex 68.7500 30.7500 2.4000
    endloop
  endfacet
  facet normal 0.000000 0.000000 -1.000000
    outer loop
      vertex 68.7500 30.2500 3.2000
      vertex 68.0000 30.2500 3.2000
      vertex 68.0000 30.7500 3.2000
    endloop
  endfacet
  facet normal 0.000000 0.000000 1.000000
    outer loop
      vertex 68.0000 30.7500 2.4000
      vertex 68.0000 30.2500 2.4000
      vertex 68.7500 30.2500 2.4000
    endloop
  endfacet
  facet normal -0.000000 -0.000000 -1.000000
    outer loop
      vertex 68.7500 30.2500 3.2000
      vertex 68.7500 29.7500 3.2000
      vertex 68.0000 30.2500 3.2000
    endloop
  endfacet
  facet normal -0.000000 0.000000 1.000000
    outer loop
      vertex 68.0000 30.2500 2.4000
      vertex 68.7500 29.7500 2.4000
      vertex 68.7500 30.2500 2.4000
    endloop
  endfacet
  facet normal 0.000000 -0.000000 -1.000000
    outer loop
      vertex 68.0000 30.2500 3.2000
      vertex 68.0000 29.2500 3.2000
      vertex 67.5000 29.7500 3.2000
    endloop
  endfacet
  facet normal -0.000000 0.000000 1.000000
    outer loop
      vertex 67.5000 29.7500 2.4000
      vertex 68.0000 29.2500 2.4000
      vertex 68.0000 30.2500 2.4000
    endloop
  endfacet
  facet normal -0.000000 0.000000 -1.000000
    outer loop
      vertex 66.2500 29.7500 3.2000
      vertex 65.7500 29.2500 3.2000
      vertex 65.7500 30.2500 3.2000
    endloop
  endfacet
  facet normal 0.000000 0.000000 1.000000
    outer loop
      vertex 65.7500 30.2500 2.4000
      vertex 65.7500 29.2500 2.4000
      vertex 66.2500 29.7500 2.4000
    endloop
  endfacet
  facet normal -0.000000 0.000000 -1.000000
    outer loop
      vertex 65.7500 30.2500 3.2000
      vertex 65.0000 30.0000 3.2000
      vertex 65.7500 30.5000 3.2000
    endloop
  endfacet
  facet normal 0.000000 0.000000 1.000000
    outer loop
      vertex 65.7500 30.5000 2.4000
      vertex 65.0000 30.0000 2.4000
      vertex 65.7500 30.2500 2.4000
    endloop
  endfacet
  facet normal 0.000000 0.000000 -1.000000
    outer loop
      vertex 65.5000 31.7500 3.2000
      vertex 65.0000 32.2500 3.2000
      vertex 65.7500 31.7500 3.2000
    endloop
  endfacet
  facet normal 0.000000 0.000000 1.000000
    outer loop
      vertex 65.7500 31.7500 2.4000
      vertex 65.0000 32.2500 2.4000
      vertex 65.5000 31.7500 2.4000
    endloop
  endfacet
  facet normal 0.000000 0.000000 -1.000000
    outer loop
      vertex 65.0000 32.2500 3.2000
      vertex 65.7500 33.0000 3.2000
      vertex 65.7500 31.7500 3.2000
    endloop
  endfacet
  facet normal 0.000000 -0.000000 1.000000
    outer loop
      vertex 65.7500 31.7500 2.4000
      vertex 65.7500 33.0000 2.4000
      vertex 65.0000 32.2500 2.4000
    endloop
  endfacet
  facet normal 0.000000 0.000000 -1.000000
    outer loop
      vertex 65.7500 33.0000 3.2000
      vertex 66.2500 32.5000 3.2000
      vertex 65.7500 31.7500 3.2000
    endloop
  endfacet
  facet normal 0.000000 0.000000 1.000000
    outer loop
      vertex 65.7500 31.7500 2.4000
      vertex 66.2500 32.5000 2.4000
      vertex 65.7500 33.0000 2.4000
    endloop
  endfacet
  facet normal 0.000000 -0.000000 -1.000000
    outer loop
      vertex 66.2500 32.5000 3.2000
      vertex 66.2500 31.5000 3.2000
      vertex 65.7500 31.7500 3.2000
    endloop
  endfacet
  facet normal -0.000000 0.000000 1.000000
    outer loop
      vertex 65.7500 31.7500 2.4000
      vertex 66.2500 31.5000 2.4000
      vertex 66.2500 32.5000 2.4000
    endloop
  endfacet
  facet normal 0.000000 0.000000 -1.000000
    outer loop
      vertex 66.2500 32.5000 3.2000
      vertex 66.7500 32.2500 3.2000
      vertex 66.2500 31.5000 3.2000
    endloop
  endfacet
  facet normal 0.000000 0.000000 1.000000
    outer loop
      vertex 66.2500 31.5000 2.4000
      vertex 66.7500 32.2500 2.4000
      vertex 66.2500 32.5000 2.4000
    endloop
  endfacet
  facet normal 0.000000 0.000000 -1.000000
    outer loop
      vertex 66.2500 32.5000 3.2000
      vertex 66.5000 32.5000 3.2000
      vertex 66.7500 32.2500 3.2000
    endloop
  endfacet
  facet normal 0.000000 0.000000 1.000000
    outer loop
      vertex 66.7500 32.2500 2.4000
      vertex 66.5000 32.5000 2.4000
      vertex 66.2500 32.5000 2.4000
    endloop
  endfacet
  facet normal -0.000000 -0.000000 -1.000000
    outer loop
      vertex 67.0000 32.2500 3.2000
      vertex 67.2500 32.0000 3.2000
      vertex 66.7500 32.2500 3.2000
    endloop
  endfacet
  facet normal -0.000000 0.000000 1.000000
    outer loop
      vertex 66.7500 32.2500 2.4000
      vertex 67.2500 32.0000 2.4000
      vertex 67.0000 32.2500 2.4000
    endloop
  endfacet
  facet normal -0.000000 -0.000000 -1.000000
    outer loop
      vertex 67.7500 32.0000 3.2000
      vertex 67.7500 31.0000 3.2000
      vertex 67.2500 32.0000 3.2000
    endloop
  endfacet
  facet normal -0.000000 0.000000 1.000000
    outer loop
      vertex 67.2500 32.0000 2.4000
      vertex 67.7500 31.0000 2.4000
      vertex 67.7500 32.0000 2.4000
    endloop
  endfacet
  facet normal 0.000000 0.000000 -1.000000
    outer loop
      vertex 67.7500 32.0000 3.2000
      vertex 68.0000 31.7500 3.2000
      vertex 67.7500 31.0000 3.2000
    endloop
  endfacet
  facet normal 0.000000 0.000000 1.000000
    outer loop
      vertex 67.7500 31.0000 2.4000
      vertex 68.0000 31.7500 2.4000
      vertex 67.7500 32.0000 2.4000
    endloop
  endfacet
  facet normal -0.000000 0.000000 -1.000000
    outer loop
      vertex 68.2500 31.7500 3.2000
      vertex 67.7500 31.0000 3.2000
      vertex 68.0000 31.7500 3.2000
    endloop
  endfacet
  facet normal -0.000000 0.000000 1.000000
    outer loop
      vertex 68.0000 31.7500 2.4000
      vertex 67.7500 31.0000 2.4000
      vertex 68.2500 31.7500 2.4000
    endloop
  endfacet
  facet normal 0.000000 0.000000 -1.000000
    outer loop
      vertex 68.2500 31.7500 3.2000
      vertex 68.0000 30.7500 3.2000
      vertex 67.7500 31.0000 3.2000
    endloop
  endfacet
  facet normal -0.000000 0.000000 1.000000
    outer loop
      vertex 67.7500 31.0000 2.4000
      vertex 68.0000 30.7500 2.4000
      vertex 68.2500 31.7500 2.4000
    endloop
  endfacet
  facet normal 0.000000 0.000000 -1.000000
    outer loop
      vertex 67.7500 31.0000 3.2000
      vertex 67.2500 31.0000 3.2000
      vertex 67.2500 32.0000 3.2000
    endloop
  endfacet
  facet normal 0.000000 0.000000 1.000000
    outer loop
      vertex 67.2500 32.0000 2.4000
      vertex 67.2500 31.0000 2.4000
      vertex 67.7500 31.0000 2.4000
    endloop
  endfacet
  facet normal 0.000000 0.000000 -1.000000
    outer loop
      vertex 67.2500 31.0000 3.2000
      vertex 67.0000 31.2500 3.2000
      vertex 67.2500 32.0000 3.2000
    endloop
  endfacet
  facet normal 0.000000 0.000000 1.000000
    outer loop
      vertex 67.2500 32.0000 2.4000
      vertex 67.0000 31.2500 2.4000
      vertex 67.2500 31.0000 2.4000
    endloop
  endfacet
  facet normal 0.000000 0.000000 -1.000000
    outer loop
      vertex 66.5000 31.2500 3.2000
      vertex 66.7500 32.2500 3.2000
      vertex 67.0000 31.2500 3.2000
    endloop
  endfacet
  facet normal 0.000000 0.000000 1.000000
    outer loop
      vertex 67.0000 31.2500 2.4000
      vertex 66.7500 32.2500 2.4000
      vertex 66.5000 31.2500 2.4000
    endloop
  endfacet
  facet normal 0.000000 0.000000 -1.000000
    outer loop
      vertex 66.5000 31.2500 3.2000
      vertex 66.2500 31.5000 3.2000
      vertex 66.7500 32.2500 3.2000
    endloop
  endfacet
  facet normal 0.000000 0.000000 1.000000
    outer loop
      vertex 66.7500 32.2500 2.4000
      vertex 66.2500 31.5000 2.4000
      vertex 66.5000 31.2500 2.4000
    endloop
  endfacet
  facet normal 0.000000 0.000000 -1.000000
    outer loop
      vertex 66.0000 31.5000 3.2000
      vertex 65.7500 31.7500 3.2000
      vertex 66.2500 31.5000 3.2000
    endloop
  endfacet
  facet normal 0.000000 0.000000 1.000000
    outer loop
      vertex 66.2500 31.5000 2.4000
      vertex 65.7500 31.7500 2.4000
      vertex 66.0000 31.5000 2.4000
    endloop
  endfacet
  facet normal 0.000000 0.000000 -1.000000
    outer loop
      vertex 66.7500 32.2500 3.2000
      vertex 67.2500 32.0000 3.2000
      vertex 67.0000 31.2500 3.2000
    endloop
  endfacet
  facet normal 0.000000 -0.000000 1.000000
    outer loop
      vertex 67.0000 31.2500 2.4000
      vertex 67.2500 32.0000 2.4000
      vertex 66.7500 32.2500 2.4000
    endloop
  endfacet
  facet normal -0.707107 0.707107 0.000000
    outer loop
      vertex 66.0000 34.2500 2.4000
      vertex 65.7500 34.0000 2.4000
      vertex 65.7500 34.0000 3.2000
    endloop
  endfacet
  facet normal -0.707107 0.707107 0.000000
    outer loop
      vertex 66.0000 34.2500 2.4000
      vertex 65.7500 34.0000 3.2000
      vertex 66.0000 34.2500 3.2000
    endloop
  endfacet
  facet normal 0.000000 1.000000 0.000000
    outer loop
      vertex 65.7500 34.0000 2.4000
      vertex 65.5000 34.0000 2.4000
      vertex 65.5000 34.0000 3.2000
    endloop
  endfacet
  facet normal 0.000000 1.000000 -0.000000
    outer loop
      vertex 65.7500 34.0000 2.4000
      vertex 65.5000 34.0000 3.2000
      vertex 65.7500 34.0000 3.2000
    endloop
  endfacet
  facet normal -0.707107 0.707107 0.000000
    outer loop
      vertex 65.5000 34.0000 2.4000
      vertex 65.2500 33.7500 2.4000
      vertex 65.2500 33.7500 3.2000
    endloop
  endfacet
  facet normal -0.707107 0.707107 0.000000
    outer loop
      vertex 65.5000 34.0000 2.4000
      vertex 65.2500 33.7500 3.2000
      vertex 65.5000 34.0000 3.2000
    endloop
  endfacet
  facet normal -1.000000 0.000000 0.000000
    outer loop
      vertex 65.2500 33.7500 2.4000
      vertex 65.2500 33.5000 2.4000
      vertex 65.2500 33.5000 3.2000
    endloop
  endfacet
  facet normal -1.000000 0.000000 0.000000
    outer loop
      vertex 65.2500 33.7500 2.4000
      vertex 65.2500 33.5000 3.2000
      vertex 65.2500 33.7500 3.2000
    endloop
  endfacet
  facet normal -0.707107 0.707107 0.000000
    outer loop
      vertex 65.2500 33.5000 2.4000
      vertex 65.0000 33.2500 2.4000
      vertex 65.0000 33.2500 3.2000
    endloop
  endfacet
  facet normal -0.707107 0.707107 0.000000
    outer loop
      vertex 65.2500 33.5000 2.4000
      vertex 65.0000 33.2500 3.2000
      vertex 65.2500 33.5000 3.2000
    endloop
  endfacet
  facet normal -1.000000 0.000000 0.000000
    outer loop
      vertex 65.0000 33.2500 2.4000
      vertex 65.0000 32.2500 2.4000
      vertex 65.0000 32.2500 3.2000
    endloop
  endfacet
  facet normal -1.000000 0.000000 0.000000
    outer loop
      vertex 65.0000 33.2500 2.4000
      vertex 65.0000 32.2500 3.2000
      vertex 65.0000 33.2500 3.2000
    endloop
  endfacet
  facet normal -0.707107 -0.707107 0.000000
    outer loop
      vertex 65.0000 32.2500 2.4000
      vertex 65.5000 31.7500 2.4000
      vertex 65.5000 31.7500 3.2000
    endloop
  endfacet
  facet normal -0.707107 -0.707107 0.000000
    outer loop
      vertex 65.0000 32.2500 2.4000
      vertex 65.5000 31.7500 3.2000
      vertex 65.0000 32.2500 3.2000
    endloop
  endfacet
  facet normal 0.000000 -1.000000 0.000000
    outer loop
      vertex 65.5000 31.7500 2.4000
      vertex 65.7500 31.7500 2.4000
      vertex 65.7500 31.7500 3.2000
    endloop
  endfacet
  facet normal 0.000000 -1.000000 0.000000
    outer loop
      vertex 65.5000 31.7500 2.4000
      vertex 65.7500 31.7500 3.2000
      vertex 65.5000 31.7500 3.2000
    endloop
  endfacet
  facet normal -0.707107 -0.707107 0.000000
    outer loop
      vertex 65.7500 31.7500 2.4000
      vertex 66.0000 31.5000 2.4000
      vertex 66.0000 31.5000 3.2000
    endloop
  endfacet
  facet normal -0.707107 -0.707107 0.000000
    outer loop
      vertex 65.7500 31.7500 2.4000
      vertex 66.0000 31.5000 3.2000
      vertex 65.7500 31.7500 3.2000
    endloop
  endfacet
  facet normal 0.000000 -1.000000 0.000000
    outer loop
      vertex 66.0000 31.5000 2.4000
      vertex 66.2500 31.5000 2.4000
      vertex 66.2500 31.5000 3.2000
    endloop
  endfacet
  facet normal 0.000000 -1.000000 0.000000
    outer loop
      vertex 66.0000 31.5000 2.4000
      vertex 66.2500 31.5000 3.2000
      vertex 66.0000 31.5000 3.2000
    endloop
  endfacet
  facet normal -0.707107 -0.707107 0.000000
    outer loop
      vertex 66.2500 31.5000 2.4000
      vertex 66.5000 31.2500 2.4000
      vertex 66.5000 31.2500 3.2000
    endloop
  endfacet
  facet normal -0.707107 -0.707107 0.000000
    outer loop
      vertex 66.2500 31.5000 2.4000
      vertex 66.5000 31.2500 3.2000
      vertex 66.2500 31.5000 3.2000
    endloop
  endfacet
  facet normal 0.000000 -1.000000 0.000000
    outer loop
      vertex 66.5000 31.2500 2.4000
      vertex 67.0000 31.2500 2.4000
      vertex 67.0000 31.2500 3.2000
    endloop
  endfacet
  facet normal 0.000000 -1.000000 0.000000
    outer loop
      vertex 66.5000 31.2500 2.4000
      vertex 67.0000 31.2500 3.2000
      vertex 66.5000 31.2500 3.2000
    endloop
  endfacet
  facet normal -0.707107 -0.707107 0.000000
    outer loop
      vertex 67.0000 31.2500 2.4000
      vertex 67.2500 31.0000 2.4000
      vertex 67.2500 31.0000 3.2000
    endloop
  endfacet
  facet normal -0.707107 -0.707107 0.000000
    outer loop
      vertex 67.0000 31.2500 2.4000
      vertex 67.2500 31.0000 3.2000
      vertex 67.0000 31.2500 3.2000
    endloop
  endfacet
  facet normal 0.000000 -1.000000 0.000000
    outer loop
      vertex 67.2500 31.0000 2.4000
      vertex 67.7500 31.0000 2.4000
      vertex 67.7500 31.0000 3.2000
    endloop
  endfacet
  facet normal 0.000000 -1.000000 0.000000
    outer loop
      vertex 67.2500 31.0000 2.4000
      vertex 67.7500 31.0000 3.2000
      vertex 67.2500 31.0000 3.2000
    endloop
  endfacet
  facet normal -0.707107 -0.707107 0.000000
    outer loop
      vertex 67.7500 31.0000 2.4000
      vertex 68.0000 30.7500 2.4000
      vertex 68.0000 30.7500 3.2000
    endloop
  endfacet
  facet normal -0.707107 -0.707107 0.000000
    outer loop
      vertex 67.7500 31.0000 2.4000
      vertex 68.0000 30.7500 3.2000
      vertex 67.7500 31.0000 3.2000
    endloop
  endfacet
  facet normal -1.000000 0.000000 0.000000
    outer loop
      vertex 68.0000 30.7500 2.4000
      vertex 68.0000 30.2500 2.4000
      vertex 68.0000 30.2500 3.2000
    endloop
  endfacet
  facet normal -1.000000 0.000000 0.000000
    outer loop
      vertex 68.0000 30.7500 2.4000
      vertex 68.0000 30.2500 3.2000
      vertex 68.0000 30.7500 3.2000
    endloop
  endfacet
  facet normal -0.707107 0.707107 0.000000
    outer loop
      vertex 68.0000 30.2500 2.4000
      vertex 67.5000 29.7500 2.4000
      vertex 67.5000 29.7500 3.2000
    endloop
  endfacet
  facet normal -0.707107 0.707107 0.000000
    outer loop
      vertex 68.0000 30.2500 2.4000
      vertex 67.5000 29.7500 3.2000
      vertex 68.0000 30.2500 3.2000
    endloop
  endfacet
  facet normal 0.000000 1.000000 0.000000
    outer loop
      vertex 67.5000 29.7500 2.4000
      vertex 66.2500 29.7500 2.4000
      vertex 66.2500 29.7500 3.2000
    endloop
  endfacet
  facet normal 0.000000 1.000000 -0.000000
    outer loop
      vertex 67.5000 29.7500 2.4000
      vertex 66.2500 29.7500 3.2000
      vertex 67.5000 29.7500 3.2000
    endloop
  endfacet
  facet normal 0.707107 0.707107 0.000000
    outer loop
      vertex 66.2500 29.7500 2.4000
      vertex 65.7500 30.2500 2.4000
      vertex 65.7500 30.2500 3.2000
    endloop
  endfacet
  facet normal 0.707107 0.707107 -0.000000
    outer loop
      vertex 66.2500 29.7500 2.4000
      vertex 65.7500 30.2500 3.2000
      vertex 66.2500 29.7500 3.2000
    endloop
  endfacet
  facet normal 1.000000 0.000000 0.000000
    outer loop
      vertex 65.7500 30.2500 2.4000
      vertex 65.7500 30.5000 2.4000
      vertex 65.7500 30.5000 3.2000
    endloop
  endfacet
  facet normal 1.000000 0.000000 0.000000
    outer loop
      vertex 65.7500 30.2500 2.4000
      vertex 65.7500 30.5000 3.2000
      vertex 65.7500 30.2500 3.2000
    endloop
  endfacet
  facet normal 0.000000 1.000000 0.000000
    outer loop
      vertex 65.7500 30.5000 2.4000
      vertex 64.7500 30.5000 2.4000
      vertex 64.7500 30.5000 3.2000
    endloop
  endfacet
  facet normal 0.000000 1.000000 -0.000000
    outer loop
      vertex 65.7500 30.5000 2.4000
      vertex 64.7500 30.5000 3.2000
      vertex 65.7500 30.5000 3.2000
    endloop
  endfacet
  facet normal -1.000000 0.000000 0.000000
    outer loop
      vertex 64.7500 30.5000 2.4000
      vertex 64.7500 30.2500 2.4000
      vertex 64.7500 30.2500 3.2000
    endloop
  endfacet
  facet normal -1.000000 0.000000 0.000000
    outer loop
      vertex 64.7500 30.5000 2.4000
      vertex 64.7500 30.2500 3.2000
      vertex 64.7500 30.5000 3.2000
    endloop
  endfacet
  facet normal -0.707107 -0.707107 0.000000
    outer loop
      vertex 64.7500 30.2500 2.4000
      vertex 65.0000 30.0000 2.4000
      vertex 65.0000 30.0000 3.2000
    endloop
  endfacet
  facet normal -0.707107 -0.707107 0.000000
    outer loop
      vertex 64.7500 30.2500 2.4000
      vertex 65.0000 30.0000 3.2000
      vertex 64.7500 30.2500 3.2000
    endloop
  endfacet
  facet normal -1.000000 0.000000 0.000000
    outer loop
      vertex 65.0000 30.0000 2.4000
      vertex 65.0000 29.7500 2.4000
      vertex 65.0000 29.7500 3.2000
    endloop
  endfacet
  facet normal -1.000000 0.000000 0.000000
    outer loop
      vertex 65.0000 30.0000 2.4000
      vertex 65.0000 29.7500 3.2000
      vertex 65.0000 30.0000 3.2000
    endloop
  endfacet
  facet normal -0.707107 -0.707107 0.000000
    outer loop
      vertex 65.0000 29.7500 2.4000
      vertex 65.5000 29.2500 2.4000
      vertex 65.5000 29.2500 3.2000
    endloop
  endfacet
  facet normal -0.707107 -0.707107 0.000000
    outer loop
      vertex 65.0000 29.7500 2.4000
      vertex 65.5000 29.2500 3.2000
      vertex 65.0000 29.7500 3.2000
    endloop
  endfacet
  facet normal 0.000000 -1.000000 0.000000
    outer loop
      vertex 65.5000 29.2500 2.4000
      vertex 65.7500 29.2500 2.4000
      vertex 65.7500 29.2500 3.2000
    endloop
  endfacet
  facet normal 0.000000 -1.000000 0.000000
    outer loop
      vertex 65.5000 29.2500 2.4000
      vertex 65.7500 29.2500 3.2000
      vertex 65.5000 29.2500 3.2000
    endloop
  endfacet
  facet normal -0.707107 -0.707107 0.000000
    outer loop
      vertex 65.7500 29.2500 2.4000
      vertex 66.0000 29.0000 2.4000
      vertex 66.0000 29.0000 3.2000
    endloop
  endfacet
  facet normal -0.707107 -0.707107 0.000000
    outer loop
      vertex 65.7500 29.2500 2.4000
      vertex 66.0000 29.0000 3.2000
      vertex 65.7500 29.2500 3.2000
    endloop
  endfacet
  facet normal 0.000000 -1.000000 0.000000
    outer loop
      vertex 66.0000 29.0000 2.4000
      vertex 67.7500 29.0000 2.4000
      vertex 67.7500 29.0000 3.2000
    endloop
  endfacet
  facet normal 0.000000 -1.000000 0.000000
    outer loop
      vertex 66.0000 29.0000 2.4000
      vertex 67.7500 29.0000 3.2000
      vertex 66.0000 29.0000 3.2000
    endloop
  endfacet
  facet normal 0.707107 -0.707107 0.000000
    outer loop
      vertex 67.7500 29.0000 2.4000
      vertex 68.0000 29.2500 2.4000
      vertex 68.0000 29.2500 3.2000
    endloop
  endfacet
  facet normal 0.707107 -0.707107 0.000000
    outer loop
      vertex 67.7500 29.0000 2.4000
      vertex 68.0000 29.2500 3.2000
      vertex 67.7500 29.0000 3.2000
    endloop
  endfacet
  facet normal 0.000000 -1.000000 0.000000
    outer loop
      vertex 68.0000 29.2500 2.4000
      vertex 68.2500 29.2500 2.4000
      vertex 68.2500 29.2500 3.2000
    endloop
  endfacet
  facet normal 0.000000 -1.000000 0.000000
    outer loop
      vertex 68.0000 29.2500 2.4000
      vertex 68.2500 29.2500 3.2000
      vertex 68.0000 29.2500 3.2000
    endloop
  endfacet
  facet normal 0.707107 -0.707107 0.000000
    outer loop
      vertex 68.2500 29.2500 2.4000
      vertex 68.7500 29.7500 2.4000
      vertex 68.7500 29.7500 3.2000
    endloop
  endfacet
  facet normal 0.707107 -0.707107 0.000000
    outer loop
      vertex 68.2500 29.2500 2.4000
      vertex 68.7500 29.7500 3.2000
      vertex 68.2500 29.2500 3.2000
    endloop
  endfacet
  facet normal 1.000000 0.000000 0.000000
    outer loop
      vertex 68.7500 29.7500 2.4000
      vertex 68.7500 30.2500 2.4000
      vertex 68.7500 30.2500 3.2000
    endloop
  endfacet
  facet normal 1.000000 0.000000 0.000000
    outer loop
      vertex 68.7500 29.7500 2.4000
      vertex 68.7500 30.2500 3.2000
      vertex 68.7500 29.7500 3.2000
    endloop
  endfacet
  facet normal 0.707107 -0.707107 0.000000
    outer loop
      vertex 68.7500 30.2500 2.4000
      vertex 69.0000 30.5000 2.4000
      vertex 69.0000 30.5000 3.2000
    endloop
  endfacet
  facet normal 0.707107 -0.707107 0.000000
    outer loop
      vertex 68.7500 30.2500 2.4000
      vertex 69.0000 30.5000 3.2000
      vertex 68.7500 30.2500 3.2000
    endloop
  endfacet
  facet normal 0.707107 0.707107 0.000000
    outer loop
      vertex 69.0000 30.5000 2.4000
      vertex 68.7500 30.7500 2.4000
      vertex 68.7500 30.7500 3.2000
    endloop
  endfacet
  facet normal 0.707107 0.707107 -0.000000
    outer loop
      vertex 69.0000 30.5000 2.4000
      vertex 68.7500 30.7500 3.2000
      vertex 69.0000 30.5000 3.2000
    endloop
  endfacet
  facet normal 1.000000 0.000000 0.000000
    outer loop
      vertex 68.7500 30.7500 2.4000
      vertex 68.7500 31.2500 2.4000
      vertex 68.7500 31.2500 3.2000
    endloop
  endfacet
  facet normal 1.000000 0.000000 0.000000
    outer loop
      vertex 68.7500 30.7500 2.4000
      vertex 68.7500 31.2500 3.2000
      vertex 68.7500 30.7500 3.2000
    endloop
  endfacet
  facet normal 0.707107 0.707107 0.000000
    outer loop
      vertex 68.7500 31.2500 2.4000
      vertex 68.2500 31.7500 2.4000
      vertex 68.2500 31.7500 3.2000
    endloop
  endfacet
  facet normal 0.707107 0.707107 -0.000000
    outer loop
      vertex 68.7500 31.2500 2.4000
      vertex 68.2500 31.7500 3.2000
      vertex 68.7500 31.2500 3.2000
    endloop
  endfacet
  facet normal 0.000000 1.000000 0.000000
    outer loop
      vertex 68.2500 31.7500 2.4000
      vertex 68.0000 31.7500 2.4000
      vertex 68.0000 31.7500 3.2000
    endloop
  endfacet
  facet normal 0.000000 1.000000 -0.000000
    outer loop
      vertex 68.2500 31.7500 2.4000
      vertex 68.0000 31.7500 3.2000
      vertex 68.2500 31.7500 3.2000
    endloop
  endfacet
  facet normal 0.707107 0.707107 0.000000
    outer loop
      vertex 68.0000 31.7500 2.4000
      vertex 67.7500 32.0000 2.4000
      vertex 67.7500 32.0000 3.2000
    endloop
  endfacet
  facet normal 0.707107 0.707107 -0.000000
    outer loop
      vertex 68.0000 31.7500 2.4000
      vertex 67.7500 32.0000 3.2000
      vertex 68.0000 31.7500 3.2000
    endloop
  endfacet
  facet normal 0.000000 1.000000 0.000000
    outer loop
      vertex 67.7500 32.0000 2.4000
      vertex 67.2500 32.0000 2.4000
      vertex 67.2500 32.0000 3.2000
    endloop
  endfacet
  facet normal 0.000000 1.000000 -0.000000
    outer loop
      vertex 67.7500 32.0000 2.4000
      vertex 67.2500 32.0000 3.2000
      vertex 67.7500 32.0000 3.2000
    endloop
  endfacet
  facet normal 0.707107 0.707107 0.000000
    outer loop
      vertex 67.2500 32.0000 2.4000
      vertex 67.0000 32.2500 2.4000
      vertex 67.0000 32.2500 3.2000
    endloop
  endfacet
  facet normal 0.707107 0.707107 -0.000000
    outer loop
      vertex 67.2500 32.0000 2.4000
      vertex 67.0000 32.2500 3.2000
      vertex 67.2500 32.0000 3.2000
    endloop
  endfacet
  facet normal 0.000000 1.000000 0.000000
    outer loop
      vertex 67.0000 32.2500 2.4000
      vertex 66.7500 32.2500 2.4000
      vertex 66.7500 32.2500 3.2000
    endloop
  endfacet
  facet normal 0.000000 1.000000 -0.000000
    outer loop
      vertex 67.0000 32.2500 2.4000
      vertex 66.7500 32.2500 3.2000
      vertex 67.0000 32.2500 3.2000
    endloop
  endfacet
  facet normal 0.707107 0.707107 0.000000
    outer loop
      vertex 66.7500 32.2500 2.4000
      vertex 66.5000 32.5000 2.4000
      vertex 66.5000 32.5000 3.2000
    endloop
  endfacet
  facet normal 0.707107 0.707107 -0.000000
    outer loop
      vertex 66.7500 32.2500 2.4000
      vertex 66.5000 32.5000 3.2000
      vertex 66.7500 32.2500 3.2000
    endloop
  endfacet
  facet normal 0.000000 1.000000 0.000000
    outer loop
      vertex 66.5000 32.5000 2.4000
      vertex 66.2500 32.5000 2.4000
      vertex 66.2500 32.5000 3.2000
    endloop
  endfacet
  facet normal 0.000000 1.000000 -0.000000
    outer loop
      vertex 66.5000 32.5000 2.4000
      vertex 66.2500 32.5000 3.2000
      vertex 66.5000 32.5000 3.2000
    endloop
  endfacet
  facet normal 0.707107 0.707107 0.000000
    outer loop
      vertex 66.2500 32.5000 2.4000
      vertex 65.7500 33.0000 2.4000
      vertex 65.7500 33.0000 3.2000
    endloop
  endfacet
  facet normal 0.707107 0.707107 -0.000000
    outer loop
      vertex 66.2500 32.5000 2.4000
      vertex 65.7500 33.0000 3.2000
      vertex 66.2500 32.5000 3.2000
    endloop
  endfacet
  facet normal 0.707107 -0.707107 0.000000
    outer loop
      vertex 65.7500 33.0000 2.4000
      vertex 66.2500 33.5000 2.4000
      vertex 66.2500 33.5000 3.2000
    endloop
  endfacet
  facet normal 0.707107 -0.707107 0.000000
    outer loop
      vertex 65.7500 33.0000 2.4000
      vertex 66.2500 33.5000 3.2000
      vertex 65.7500 33.0000 3.2000
    endloop
  endfacet
  facet normal 0.000000 -1.000000 0.000000
    outer loop
      vertex 66.2500 33.5000 2.4000
      vertex 67.2500 33.5000 2.4000
      vertex 67.2500 33.5000 3.2000
    endloop
  endfacet
  facet normal 0.000000 -1.000000 0.000000
    outer loop
      vertex 66.2500 33.5000 2.4000
      vertex 67.2500 33.5000 3.2000
      vertex 66.2500 33.5000 3.2000
    endloop
  endfacet
  facet normal -0.707107 -0.707107 0.000000
    outer loop
      vertex 67.2500 33.5000 2.4000
      vertex 67.7500 33.0000 2.4000
      vertex 67.7500 33.0000 3.2000
    endloop
  endfacet
  facet normal -0.707107 -0.707107 0.000000
    outer loop
      vertex 67.2500 33.5000 2.4000
      vertex 67.7500 33.0000 3.2000
      vertex 67.2500 33.5000 3.2000
    endloop
  endfacet
  facet normal 0.000000 -1.000000 0.000000
    outer loop
      vertex 67.7500 33.0000 2.4000
      vertex 68.7500 33.0000 2.4000
      vertex 68.7500 33.0000 3.2000
    endloop
  endfacet
  facet normal 0.000000 -1.000000 0.000000
    outer loop
      vertex 67.7500 33.0000 2.4000
      vertex 68.7500 33.0000 3.2000
      vertex 67.7500 33.0000 3.2000
    endloop
  endfacet
  facet normal 1.000000 0.000000 0.000000
    outer loop
      vertex 68.7500 33.0000 2.4000
      vertex 68.7500 33.2500 2.4000
      vertex 68.7500 33.2500 3.2000
    endloop
  endfacet
  facet normal 1.000000 0.000000 0.000000
    outer loop
      vertex 68.7500 33.0000 2.4000
      vertex 68.7500 33.2500 3.2000
      vertex 68.7500 33.0000 3.2000
    endloop
  endfacet
  facet normal 0.707107 0.707107 0.000000
    outer loop
      vertex 68.7500 33.2500 2.4000
      vertex 68.5000 33.5000 2.4000
      vertex 68.5000 33.5000 3.2000
    endloop
  endfacet
  facet normal 0.707107 0.707107 -0.000000
    outer loop
      vertex 68.7500 33.2500 2.4000
      vertex 68.5000 33.5000 3.2000
      vertex 68.7500 33.2500 3.2000
    endloop
  endfacet
  facet normal 1.000000 0.000000 0.000000
    outer loop
      vertex 68.5000 33.5000 2.4000
      vertex 68.5000 33.7500 2.4000
      vertex 68.5000 33.7500 3.2000
    endloop
  endfacet
  facet normal 1.000000 0.000000 0.000000
    outer loop
      vertex 68.5000 33.5000 2.4000
      vertex 68.5000 33.7500 3.2000
      vertex 68.5000 33.5000 3.2000
    endloop
  endfacet
  facet normal 0.707107 0.707107 0.000000
    outer loop
      vertex 68.5000 33.7500 2.4000
      vertex 68.2500 34.0000 2.4000
      vertex 68.2500 34.0000 3.2000
    endloop
  endfacet
  facet normal 0.707107 0.707107 -0.000000
    outer loop
      vertex 68.5000 33.7500 2.4000
      vertex 68.2500 34.0000 3.2000
      vertex 68.5000 33.7500 3.2000
    endloop
  endfacet
  facet normal 0.000000 1.000000 0.000000
    outer loop
      vertex 68.2500 34.0000 2.4000
      vertex 67.7500 34.0000 2.4000
      vertex 67.7500 34.0000 3.2000
    endloop
  endfacet
  facet normal 0.000000 1.000000 -0.000000
    outer loop
      vertex 68.2500 34.0000 2.4000
      vertex 67.7500 34.0000 3.2000
      vertex 68.2500 34.0000 3.2000
    endloop
  endfacet
  facet normal 0.707107 0.707107 0.000000
    outer loop
      vertex 67.7500 34.0000 2.4000
      vertex 67.5000 34.2500 2.4000
      vertex 67.5000 34.2500 3.2000
    endloop
  endfacet
  facet normal 0.707107 0.707107 -0.000000
    outer loop
      vertex 67.7500 34.0000 2.4000
      vertex 67.5000 34.2500 3.2000
      vertex 67.7500 34.0000 3.2000
    endloop
  endfacet
  facet normal 0.000000 1.000000 0.000000
    outer loop
      vertex 67.5000 34.2500 2.4000
      vertex 66.0000 34.2500 2.4000
      vertex 66.0000 34.2500 3.2000
    endloop
  endfacet
  facet normal 0.000000 1.000000 -0.000000
    outer loop
      vertex 67.5000 34.2500 2.4000
      vertex 66.0000 34.2500 3.2000
      vertex 67.5000 34.2500 3.2000
    endloop
  endfacet
  facet normal 0.000000 0.000000 -1.000000
    outer loop
      vertex 59.5000 34.2500 3.2000
      vertex 60.2500 31.2500 3.2000
      vertex 59.5000 30.2500 3.2000
    endloop
  endfacet
  facet normal 0.000000 0.000000 1.000000
    outer loop
      vertex 59.5000 30.2500 2.4000
      vertex 60.2500 31.2500 2.4000
      vertex 59.5000 34.2500 2.4000
    endloop
  endfacet
  facet normal 0.000000 0.000000 -1.000000
    outer loop
      vertex 59.5000 34.2500 3.2000
      vertex 60.2500 34.2500 3.2000
      vertex 60.2500 31.2500 3.2000
    endloop
  endfacet
  facet normal 0.000000 -0.000000 1.000000
    outer loop
      vertex 60.2500 31.2500 2.4000
      vertex 60.2500 34.2500 2.4000
      vertex 59.5000 34.2500 2.4000
    endloop
  endfacet
  facet normal 0.000000 0.000000 -1.000000
    outer loop
      vertex 62.7500 34.2500 3.2000
      vertex 63.5000 34.2500 3.2000
      vertex 62.7500 30.5000 3.2000
    endloop
  endfacet
  facet normal 0.000000 0.000000 1.000000
    outer loop
      vertex 62.7500 30.5000 2.4000
      vertex 63.5000 34.2500 2.4000
      vertex 62.7500 34.2500 2.4000
    endloop
  endfacet
  facet normal 0.000000 -0.000000 -1.000000
    outer loop
      vertex 63.5000 34.2500 3.2000
      vertex 63.5000 30.0000 3.2000
      vertex 62.7500 30.5000 3.2000
    endloop
  endfacet
  facet normal -0.000000 0.000000 1.000000
    outer loop
      vertex 62.7500 30.5000 2.4000
      vertex 63.5000 30.0000 2.4000
      vertex 63.5000 34.2500 2.4000
    endloop
  endfacet
  facet normal 0.000000 0.000000 -1.000000
    outer loop
      vertex 63.0000 29.2500 3.2000
      vertex 62.7500 29.2500 3.2000
      vertex 63.2500 29.5000 3.2000
    endloop
  endfacet
  facet normal 0.000000 0.000000 1.000000
    outer loop
      vertex 63.2500 29.5000 2.4000
      vertex 62.7500 29.2500 2.4000
      vertex 63.0000 29.2500 2.4000
    endloop
  endfacet
  facet normal 0.000000 0.000000 -1.000000
    outer loop
      vertex 62.5000 29.0000 3.2000
      vertex 62.0000 29.7500 3.2000
      vertex 62.7500 29.2500 3.2000
    endloop
  endfacet
  facet normal 0.000000 0.000000 1.000000
    outer loop
      vertex 62.7500 29.2500 2.4000
      vertex 62.0000 29.7500 2.4000
      vertex 62.5000 29.0000 2.4000
    endloop
  endfacet
  facet normal 0.000000 0.000000 -1.000000
    outer loop
      vertex 62.5000 29.0000 3.2000
      vertex 60.7500 29.0000 3.2000
      vertex 62.0000 29.7500 3.2000
    endloop
  endfacet
  facet normal 0.000000 0.000000 1.000000
    outer loop
      vertex 62.0000 29.7500 2.4000
      vertex 60.7500 29.0000 2.4000
      vertex 62.5000 29.0000 2.4000
    endloop
  endfacet
  facet normal 0.000000 0.000000 -1.000000
    outer loop
      vertex 60.7500 29.0000 3.2000
      vertex 61.2500 29.7500 3.2000
      vertex 62.0000 29.7500 3.2000
    endloop
  endfacet
  facet normal 0.000000 0.000000 1.000000
    outer loop
      vertex 62.0000 29.7500 2.4000
      vertex 61.2500 29.7500 2.4000
      vertex 60.7500 29.0000 2.4000
    endloop
  endfacet
  facet normal 0.000000 0.000000 -1.000000
    outer loop
      vertex 60.7500 29.0000 3.2000
      vertex 60.5000 29.2500 3.2000
      vertex 61.2500 29.7500 3.2000
    endloop
  endfacet
  facet normal 0.000000 0.000000 1.000000
    outer loop
      vertex 61.2500 29.7500 2.4000
      vertex 60.5000 29.2500 2.4000
      vertex 60.7500 29.0000 2.4000
    endloop
  endfacet
  facet normal 0.000000 0.000000 -1.000000
    outer loop
      vertex 60.2500 29.2500 3.2000
      vertex 60.7500 30.0000 3.2000
      vertex 60.5000 29.2500 3.2000
    endloop
  endfacet
  facet normal 0.000000 -0.000000 1.000000
    outer loop
      vertex 60.5000 29.2500 2.4000
      vertex 60.7500 30.0000 2.4000
      vertex 60.2500 29.2500 2.4000
    endloop
  endfacet
  facet normal 0.000000 0.000000 -1.000000
    outer loop
      vertex 60.2500 29.2500 3.2000
      vertex 60.5000 30.2500 3.2000
      vertex 60.7500 30.0000 3.2000
    endloop
  endfacet
  facet normal 0.000000 0.000000 1.000000
    outer loop
      vertex 60.7500 30.0000 2.4000
      vertex 60.5000 30.2500 2.4000
      vertex 60.2500 29.2500 2.4000
    endloop
  endfacet
  facet normal 0.000000 0.000000 -1.000000
    outer loop
      vertex 60.2500 29.2500 3.2000
      vertex 59.7500 29.7500 3.2000
      vertex 60.5000 30.2500 3.2000
    endloop
  endfacet
  facet normal 0.000000 0.000000 1.000000
    outer loop
      vertex 60.5000 30.2500 2.4000
      vertex 59.7500 29.7500 2.4000
      vertex 60.2500 29.2500 2.4000
    endloop
  endfacet
  facet normal 0.000000 0.000000 -1.000000
    outer loop
      vertex 59.7500 29.7500 3.2000
      vertex 59.7500 30.0000 3.2000
      vertex 60.5000 30.2500 3.2000
    endloop
  endfacet
  facet normal 0.000000 0.000000 1.000000
    outer loop
      vertex 60.5000 30.2500 2.4000
      vertex 59.7500 30.0000 2.4000
      vertex 59.7500 29.7500 2.4000
    endloop
  endfacet
  facet normal 0.000000 0.000000 -1.000000
    outer loop
      vertex 59.5000 30.2500 3.2000
      vertex 60.5000 30.2500 3.2000
      vertex 59.7500 30.0000 3.2000
    endloop
  endfacet
  facet normal 0.000000 -0.000000 1.000000
    outer loop
      vertex 59.7500 30.0000 2.4000
      vertex 60.5000 30.2500 2.4000
      vertex 59.5000 30.2500 2.4000
    endloop
  endfacet
  facet normal 0.000000 0.000000 -1.000000
    outer loop
      vertex 59.5000 30.2500 3.2000
      vertex 60.5000 31.0000 3.2000
      vertex 60.5000 30.2500 3.2000
    endloop
  endfacet
  facet normal 0.000000 -0.000000 1.000000
    outer loop
      vertex 60.5000 30.2500 2.4000
      vertex 60.5000 31.0000 2.4000
      vertex 59.5000 30.2500 2.4000
    endloop
  endfacet
  facet normal 0.000000 0.000000 -1.000000
    outer loop
      vertex 59.5000 30.2500 3.2000
      vertex 60.2500 31.2500 3.2000
      vertex 60.5000 31.0000 3.2000
    endloop
  endfacet
  facet normal 0.000000 0.000000 1.000000
    outer loop
      vertex 60.5000 31.0000 2.4000
      vertex 60.2500 31.2500 2.4000
      vertex 59.5000 30.2500 2.4000
    endloop
  endfacet
  facet normal 0.000000 -0.000000 -1.000000
    outer loop
      vertex 62.7500 30.5000 3.2000
      vertex 62.7500 29.2500 3.2000
      vertex 62.0000 29.7500 3.2000
    endloop
  endfacet
  facet normal -0.000000 0.000000 1.000000
    outer loop
      vertex 62.0000 29.7500 2.4000
      vertex 62.7500 29.2500 2.4000
      vertex 62.7500 30.5000 2.4000
    endloop
  endfacet
  facet normal 0.000000 0.000000 -1.000000
    outer loop
      vertex 62.7500 30.5000 3.2000
      vertex 63.2500 29.7500 3.2000
      vertex 62.7500 29.2500 3.2000
    endloop
  endfacet
  facet normal 0.000000 0.000000 1.000000
    outer loop
      vertex 62.7500 29.2500 2.4000
      vertex 63.2500 29.7500 2.4000
      vertex 62.7500 30.5000 2.4000
    endloop
  endfacet
  facet normal 0.000000 0.000000 -1.000000
    outer loop
      vertex 62.7500 30.5000 3.2000
      vertex 63.5000 30.0000 3.2000
      vertex 63.2500 29.7500 3.2000
    endloop
  endfacet
  facet normal 0.000000 -0.000000 1.000000
    outer loop
      vertex 63.2500 29.7500 2.4000
      vertex 63.5000 30.0000 2.4000
      vertex 62.7500 30.5000 2.4000
    endloop
  endfacet
  facet normal -0.000000 0.000000 -1.000000
    outer loop
      vertex 63.2500 29.5000 3.2000
      vertex 62.7500 29.2500 3.2000
      vertex 63.2500 29.7500 3.2000
    endloop
  endfacet
  facet normal 0.000000 0.000000 1.000000
    outer loop
      vertex 63.2500 29.7500 2.4000
      vertex 62.7500 29.2500 2.4000
      vertex 63.2500 29.5000 2.4000
    endloop
  endfacet
  facet normal 0.000000 0.000000 -1.000000
    outer loop
      vertex 61.2500 29.7500 3.2000
      vertex 60.7500 30.0000 3.2000
      vertex 61.0000 30.0000 3.2000
    endloop
  endfacet
  facet normal 0.000000 0.000000 1.000000
    outer loop
      vertex 61.0000 30.0000 2.4000
      vertex 60.7500 30.0000 2.4000
      vertex 61.2500 29.7500 2.4000
    endloop
  endfacet
  facet normal -0.000000 0.000000 -1.000000
    outer loop
      vertex 61.2500 29.7500 3.2000
      vertex 60.5000 29.2500 3.2000
      vertex 60.7500 30.0000 3.2000
    endloop
  endfacet
  facet normal 0.000000 0.000000 1.000000
    outer loop
      vertex 60.7500 30.0000 2.4000
      vertex 60.5000 29.2500 2.4000
      vertex 61.2500 29.7500 2.4000
    endloop
  endfacet
  facet normal -1.000000 0.000000 0.000000
    outer loop
      vertex 59.5000 34.2500 2.4000
      vertex 59.5000 30.2500 2.4000
      vertex 59.5000 30.2500 3.2000
    endloop
  endfacet
  facet normal -1.000000 0.000000 0.000000
    outer loop
      vertex 59.5000 34.2500 2.4000
      vertex 59.5000 30.2500 3.2000
      vertex 59.5000 34.2500 3.2000
    endloop
  endfacet
  facet normal -0.707107 -0.707107 0.000000
    outer loop
      vertex 59.5000 30.2500 2.4000
      vertex 59.7500 30.0000 2.4000
      vertex 59.7500 30.0000 3.2000
    endloop
  endfacet
  facet normal -0.707107 -0.707107 0.000000
    outer loop
      vertex 59.5000 30.2500 2.4000
      vertex 59.7500 30.0000 3.2000
      vertex 59.5000 30.2500 3.2000
    endloop
  endfacet
  facet normal -1.000000 0.000000 0.000000
    outer loop
      vertex 59.7500 30.0000 2.4000
      vertex 59.7500 29.7500 2.4000
      vertex 59.7500 29.7500 3.2000
    endloop
  endfacet
  facet normal -1.000000 0.000000 0.000000
    outer loop
      vertex 59.7500 30.0000 2.4000
      vertex 59.7500 29.7500 3.2000
      vertex 59.7500 30.0000 3.2000
    endloop
  endfacet
  facet normal -0.707107 -0.707107 0.000000
    outer loop
      vertex 59.7500 29.7500 2.4000
      vertex 60.2500 29.2500 2.4000
      vertex 60.2500 29.2500 3.2000
    endloop
  endfacet
  facet normal -0.707107 -0.707107 0.000000
    outer loop
      vertex 59.7500 29.7500 2.4000
      vertex 60.2500 29.2500 3.2000
      vertex 59.7500 29.7500 3.2000
    endloop
  endfacet
  facet normal 0.000000 -1.000000 0.000000
    outer loop
      vertex 60.2500 29.2500 2.4000
      vertex 60.5000 29.2500 2.4000
      vertex 60.5000 29.2500 3.2000
    endloop
  endfacet
  facet normal 0.000000 -1.000000 0.000000
    outer loop
      vertex 60.2500 29.2500 2.4000
      vertex 60.5000 29.2500 3.2000
      vertex 60.2500 29.2500 3.2000
    endloop
  endfacet
  facet normal -0.707107 -0.707107 0.000000
    outer loop
      vertex 60.5000 29.2500 2.4000
      vertex 60.7500 29.0000 2.4000
      vertex 60.7500 29.0000 3.2000
    endloop
  endfacet
  facet normal -0.707107 -0.707107 0.000000
    outer loop
      vertex 60.5000 29.2500 2.4000
      vertex 60.7500 29.0000 3.2000
      vertex 60.5000 29.2500 3.2000
    endloop
  endfacet
  facet normal 0.000000 -1.000000 0.000000
    outer loop
      vertex 60.7500 29.0000 2.4000
      vertex 62.5000 29.0000 2.4000
      vertex 62.5000 29.0000 3.2000
    endloop
  endfacet
  facet normal 0.000000 -1.000000 0.000000
    outer loop
      vertex 60.7500 29.0000 2.4000
      vertex 62.5000 29.0000 3.2000
      vertex 60.7500 29.0000 3.2000
    endloop
  endfacet
  facet normal 0.707107 -0.707107 0.000000
    outer loop
      vertex 62.5000 29.0000 2.4000
      vertex 62.7500 29.2500 2.4000
      vertex 62.7500 29.2500 3.2000
    endloop
  endfacet
  facet normal 0.707107 -0.707107 0.000000
    outer loop
      vertex 62.5000 29.0000 2.4000
      vertex 62.7500 29.2500 3.2000
      vertex 62.5000 29.0000 3.2000
    endloop
  endfacet
  facet normal 0.000000 -1.000000 0.000000
    outer loop
      vertex 62.7500 29.2500 2.4000
      vertex 63.0000 29.2500 2.4000
      vertex 63.0000 29.2500 3.2000
    endloop
  endfacet
  facet normal 0.000000 -1.000000 0.000000
    outer loop
      vertex 62.7500 29.2500 2.4000
      vertex 63.0000 29.2500 3.2000
      vertex 62.7500 29.2500 3.2000
    endloop
  endfacet
  facet normal 0.707107 -0.707107 0.000000
    outer loop
      vertex 63.0000 29.2500 2.4000
      vertex 63.2500 29.5000 2.4000
      vertex 63.2500 29.5000 3.2000
    endloop
  endfacet
  facet normal 0.707107 -0.707107 0.000000
    outer loop
      vertex 63.0000 29.2500 2.4000
      vertex 63.2500 29.5000 3.2000
      vertex 63.0000 29.2500 3.2000
    endloop
  endfacet
  facet normal 1.000000 0.000000 0.000000
    outer loop
      vertex 63.2500 29.5000 2.4000
      vertex 63.2500 29.7500 2.4000
      vertex 63.2500 29.7500 3.2000
    endloop
  endfacet
  facet normal 1.000000 0.000000 0.000000
    outer loop
      vertex 63.2500 29.5000 2.4000
      vertex 63.2500 29.7500 3.2000
      vertex 63.2500 29.5000 3.2000
    endloop
  endfacet
  facet normal 0.707107 -0.707107 0.000000
    outer loop
      vertex 63.2500 29.7500 2.4000
      vertex 63.5000 30.0000 2.4000
      vertex 63.5000 30.0000 3.2000
    endloop
  endfacet
  facet normal 0.707107 -0.707107 0.000000
    outer loop
      vertex 63.2500 29.7500 2.4000
      vertex 63.5000 30.0000 3.2000
      vertex 63.2500 29.7500 3.2000
    endloop
  endfacet
  facet normal 1.000000 0.000000 0.000000
    outer loop
      vertex 63.5000 30.0000 2.4000
      vertex 63.5000 34.2500 2.4000
      vertex 63.5000 34.2500 3.2000
    endloop
  endfacet
  facet normal 1.000000 0.000000 0.000000
    outer loop
      vertex 63.5000 30.0000 2.4000
      vertex 63.5000 34.2500 3.2000
      vertex 63.5000 30.0000 3.2000
    endloop
  endfacet
  facet normal 0.000000 1.000000 0.000000
    outer loop
      vertex 63.5000 34.2500 2.4000
      vertex 62.7500 34.2500 2.4000
      vertex 62.7500 34.2500 3.2000
    endloop
  endfacet
  facet normal 0.000000 1.000000 -0.000000
    outer loop
      vertex 63.5000 34.2500 2.4000
      vertex 62.7500 34.2500 3.2000
      vertex 63.5000 34.2500 3.2000
    endloop
  endfacet
  facet normal -1.000000 0.000000 0.000000
    outer loop
      vertex 62.7500 34.2500 2.4000
      vertex 62.7500 30.5000 2.4000
      vertex 62.7500 30.5000 3.2000
    endloop
  endfacet
  facet normal -1.000000 0.000000 0.000000
    outer loop
      vertex 62.7500 34.2500 2.4000
      vertex 62.7500 30.5000 3.2000
      vertex 62.7500 34.2500 3.2000
    endloop
  endfacet
  facet normal -0.707107 0.707107 0.000000
    outer loop
      vertex 62.7500 30.5000 2.4000
      vertex 62.0000 29.7500 2.4000
      vertex 62.0000 29.7500 3.2000
    endloop
  endfacet
  facet normal -0.707107 0.707107 0.000000
    outer loop
      vertex 62.7500 30.5000 2.4000
      vertex 62.0000 29.7500 3.2000
      vertex 62.7500 30.5000 3.2000
    endloop
  endfacet
  facet normal 0.000000 1.000000 0.000000
    outer loop
      vertex 62.0000 29.7500 2.4000
      vertex 61.2500 29.7500 2.4000
      vertex 61.2500 29.7500 3.2000
    endloop
  endfacet
  facet normal 0.000000 1.000000 -0.000000
    outer loop
      vertex 62.0000 29.7500 2.4000
      vertex 61.2500 29.7500 3.2000
      vertex 62.0000 29.7500 3.2000
    endloop
  endfacet
  facet normal 0.707107 0.707107 0.000000
    outer loop
      vertex 61.2500 29.7500 2.4000
      vertex 61.0000 30.0000 2.4000
      vertex 61.0000 30.0000 3.2000
    endloop
  endfacet
  facet normal 0.707107 0.707107 -0.000000
    outer loop
      vertex 61.2500 29.7500 2.4000
      vertex 61.0000 30.0000 3.2000
      vertex 61.2500 29.7500 3.2000
    endloop
  endfacet
  facet normal 0.000000 1.000000 0.000000
    outer loop
      vertex 61.0000 30.0000 2.4000
      vertex 60.7500 30.0000 2.4000
      vertex 60.7500 30.0000 3.2000
    endloop
  endfacet
  facet normal 0.000000 1.000000 -0.000000
    outer loop
      vertex 61.0000 30.0000 2.4000
      vertex 60.7500 30.0000 3.2000
      vertex 61.0000 30.0000 3.2000
    endloop
  endfacet
  facet normal 0.707107 0.707107 0.000000
    outer loop
      vertex 60.7500 30.0000 2.4000
      vertex 60.5000 30.2500 2.4000
      vertex 60.5000 30.2500 3.2000
    endloop
  endfacet
  facet normal 0.707107 0.707107 -0.000000
    outer loop
      vertex 60.7500 30.0000 2.4000
      vertex 60.5000 30.2500 3.2000
      vertex 60.7500 30.0000 3.2000
    endloop
  endfacet
  facet normal 1.000000 0.000000 0.000000
    outer loop
      vertex 60.5000 30.2500 2.4000
      vertex 60.5000 31.0000 2.4000
      vertex 60.5000 31.0000 3.2000
    endloop
  endfacet
  facet normal 1.000000 0.000000 0.000000
    outer loop
      vertex 60.5000 30.2500 2.4000
      vertex 60.5000 31.0000 3.2000
      vertex 60.5000 30.2500 3.2000
    endloop
  endfacet
  facet normal 0.707107 0.707107 0.000000
    outer loop
      vertex 60.5000 31.0000 2.4000
      vertex 60.2500 31.2500 2.4000
      vertex 60.2500 31.2500 3.2000
    endloop
  endfacet
  facet normal 0.707107 0.707107 -0.000000
    outer loop
      vertex 60.5000 31.0000 2.4000
      vertex 60.2500 31.2500 3.2000
      vertex 60.5000 31.0000 3.2000
    endloop
  endfacet
  facet normal 1.000000 0.000000 0.000000
    outer loop
      vertex 60.2500 31.2500 2.4000
      vertex 60.2500 34.2500 2.4000
      vertex 60.2500 34.2500 3.2000
    endloop
  endfacet
  facet normal 1.000000 0.000000 0.000000
    outer loop
      vertex 60.2500 31.2500 2.4000
      vertex 60.2500 34.2500 3.2000
      vertex 60.2500 31.2500 3.2000
    endloop
  endfacet
  facet normal 0.000000 1.000000 0.000000
    outer loop
      vertex 60.2500 34.2500 2.4000
      vertex 59.5000 34.2500 2.4000
      vertex 59.5000 34.2500 3.2000
    endloop
  endfacet
  facet normal 0.000000 1.000000 -0.000000
    outer loop
      vertex 60.2500 34.2500 2.4000
      vertex 59.5000 34.2500 3.2000
      vertex 60.2500 34.2500 3.2000
    endloop
  endfacet
  facet normal 0.000000 0.000000 -1.000000
    outer loop
      vertex 54.5000 34.2500 3.2000
      vertex 55.5000 32.0000 3.2000
      vertex 54.5000 29.0000 3.2000
    endloop
  endfacet
  facet normal 0.000000 0.000000 1.000000
    outer loop
      vertex 54.5000 29.0000 2.4000
      vertex 55.5000 32.0000 2.4000
      vertex 54.5000 34.2500 2.4000
    endloop
  endfacet
  facet normal 0.000000 0.000000 -1.000000
    outer loop
      vertex 54.5000 34.2500 3.2000
      vertex 55.5000 33.2500 3.2000
      vertex 55.5000 32.0000 3.2000
    endloop
  endfacet
  facet normal 0.000000 -0.000000 1.000000
    outer loop
      vertex 55.5000 32.0000 2.4000
      vertex 55.5000 33.2500 2.4000
      vertex 54.5000 34.2500 2.4000
    endloop
  endfacet
  facet normal 0.000000 0.000000 -1.000000
    outer loop
      vertex 54.5000 34.2500 3.2000
      vertex 55.7500 33.5000 3.2000
      vertex 55.5000 33.2500 3.2000
    endloop
  endfacet
  facet normal 0.000000 -0.000000 1.000000
    outer loop
      vertex 55.5000 33.2500 2.4000
      vertex 55.7500 33.5000 2.4000
      vertex 54.5000 34.2500 2.4000
    endloop
  endfacet
  facet normal 0.000000 0.000000 -1.000000
    outer loop
      vertex 54.5000 34.2500 3.2000
      vertex 57.5000 34.2500 3.2000
      vertex 55.7500 33.5000 3.2000
    endloop
  endfacet
  facet normal 0.000000 -0.000000 1.000000
    outer loop
      vertex 55.7500 33.5000 2.4000
      vertex 57.5000 34.2500 2.4000
      vertex 54.5000 34.2500 2.4000
    endloop
  endfacet
  facet normal 0.000000 0.000000 -1.000000
    outer loop
      vertex 57.5000 34.2500 3.2000
      vertex 57.0000 33.5000 3.2000
      vertex 55.7500 33.5000 3.2000
    endloop
  endfacet
  facet normal 0.000000 0.000000 1.000000
    outer loop
      vertex 55.7500 33.5000 2.4000
      vertex 57.0000 33.5000 2.4000
      vertex 57.5000 34.2500 2.4000
    endloop
  endfacet
  facet normal 0.000000 -0.000000 -1.000000
    outer loop
      vertex 57.5000 34.2500 3.2000
      vertex 57.5000 33.0000 3.2000
      vertex 57.0000 33.5000 3.2000
    endloop
  endfacet
  facet normal -0.000000 0.000000 1.000000
    outer loop
      vertex 57.0000 33.5000 2.4000
      vertex 57.5000 33.0000 2.4000
      vertex 57.5000 34.2500 2.4000
    endloop
  endfacet
  facet normal 0.000000 0.000000 -1.000000
    outer loop
      vertex 57.5000 34.2500 3.2000
      vertex 58.2500 33.5000 3.2000
      vertex 57.5000 33.0000 3.2000
    endloop
  endfacet
  facet normal 0.000000 0.000000 1.000000
    outer loop
      vertex 57.5000 33.0000 2.4000
      vertex 58.2500 33.5000 2.4000
      vertex 57.5000 34.2500 2.4000
    endloop
  endfacet
  facet normal 0.000000 -0.000000 -1.000000
    outer loop
      vertex 58.2500 33.5000 3.2000
      vertex 58.2500 33.2500 3.2000
      vertex 57.5000 33.0000 3.2000
    endloop
  endfacet
  facet normal 0.000000 0.000000 1.000000
    outer loop
      vertex 57.5000 33.0000 2.4000
      vertex 58.2500 33.2500 2.4000
      vertex 58.2500 33.5000 2.4000
    endloop
  endfacet
  facet normal -0.000000 -0.000000 -1.000000
    outer loop
      vertex 58.5000 33.0000 3.2000
      vertex 58.5000 32.5000 3.2000
      vertex 58.2500 33.2500 3.2000
    endloop
  endfacet
  facet normal 0.000000 0.000000 1.000000
    outer loop
      vertex 58.2500 33.2500 2.4000
      vertex 58.5000 32.5000 2.4000
      vertex 58.5000 33.0000 2.4000
    endloop
  endfacet
  facet normal 0.000000 0.000000 -1.000000
    outer loop
      vertex 55.5000 29.0000 3.2000
      vertex 54.5000 29.0000 3.2000
      vertex 55.5000 30.7500 3.2000
    endloop
  endfacet
  facet normal 0.000000 0.000000 1.000000
    outer loop
      vertex 55.5000 30.7500 2.4000
      vertex 54.5000 29.0000 2.4000
      vertex 55.5000 29.0000 2.4000
    endloop
  endfacet
  facet normal 0.000000 0.000000 -1.000000
    outer loop
      vertex 54.5000 29.0000 3.2000
      vertex 55.5000 32.0000 3.2000
      vertex 55.5000 30.7500 3.2000
    endloop
  endfacet
  facet normal 0.000000 -0.000000 1.000000
    outer loop
      vertex 55.5000 30.7500 2.4000
      vertex 55.5000 32.0000 2.4000
      vertex 54.5000 29.0000 2.4000
    endloop
  endfacet
  facet normal 0.000000 0.000000 -1.000000
    outer loop
      vertex 55.5000 32.0000 3.2000
      vertex 55.7500 31.0000 3.2000
      vertex 55.5000 30.7500 3.2000
    endloop
  endfacet
  facet normal 0.000000 0.000000 1.000000
    outer loop
      vertex 55.5000 30.7500 2.4000
      vertex 55.7500 31.0000 2.4000
      vertex 55.5000 32.0000 2.4000
    endloop
  endfacet
  facet normal 0.000000 0.000000 -1.000000
    outer loop
      vertex 55.5000 32.0000 3.2000
      vertex 55.7500 31.7500 3.2000
      vertex 55.7500 31.0000 3.2000
    endloop
  endfacet
  facet normal 0.000000 -0.000000 1.000000
    outer loop
      vertex 55.7500 31.0000 2.4000
      vertex 55.7500 31.7500 2.4000
      vertex 55.5000 32.0000 2.4000
    endloop
  endfacet
  facet normal 0.000000 0.000000 -1.000000
    outer loop
      vertex 57.5000 33.0000 3.2000
      vertex 58.2500 32.2500 3.2000
      vertex 57.5000 32.2500 3.2000
    endloop
  endfacet
  facet normal 0.000000 0.000000 1.000000
    outer loop
      vertex 57.5000 32.2500 2.4000
      vertex 58.2500 32.2500 2.4000
      vertex 57.5000 33.0000 2.4000
    endloop
  endfacet
  facet normal 0.000000 0.000000 -1.000000
    outer loop
      vertex 57.5000 33.0000 3.2000
      vertex 58.2500 33.2500 3.2000
      vertex 58.2500 32.2500 3.2000
    endloop
  endfacet
  facet normal 0.000000 -0.000000 1.000000
    outer loop
      vertex 58.2500 32.2500 2.4000
      vertex 58.2500 33.2500 2.4000
      vertex 57.5000 33.0000 2.4000
    endloop
  endfacet
  facet normal 0.000000 0.000000 -1.000000
    outer loop
      vertex 58.2500 33.2500 3.2000
      vertex 58.5000 32.5000 3.2000
      vertex 58.2500 32.2500 3.2000
    endloop
  endfacet
  facet normal 0.000000 0.000000 1.000000
    outer loop
      vertex 58.2500 32.2500 2.4000
      vertex 58.5000 32.5000 2.4000
      vertex 58.2500 33.2500 2.4000
    endloop
  endfacet
  facet normal 0.000000 0.000000 -1.000000
    outer loop
      vertex 58.2500 31.7500 3.2000
      vertex 57.5000 32.2500 3.2000
      vertex 58.2500 32.2500 3.2000
    endloop
  endfacet
  facet normal 0.000000 0.000000 1.000000
    outer loop
      vertex 58.2500 32.2500 2.4000
      vertex 57.5000 32.2500 2.4000
      vertex 58.2500 31.7500 2.4000
    endloop
  endfacet
  facet normal -0.000000 0.000000 -1.000000
    outer loop
      vertex 58.2500 31.7500 3.2000
      vertex 57.7500 31.2500 3.2000
      vertex 57.5000 32.2500 3.2000
    endloop
  endfacet
  facet normal 0.000000 0.000000 1.000000
    outer loop
      vertex 57.5000 32.2500 2.4000
      vertex 57.7500 31.2500 2.4000
      vertex 58.2500 31.7500 2.4000
    endloop
  endfacet
  facet normal 0.000000 0.000000 -1.000000
    outer loop
      vertex 57.7500 31.2500 3.2000
      vertex 57.5000 31.2500 3.2000
      vertex 57.5000 32.2500 3.2000
    endloop
  endfacet
  facet normal 0.000000 0.000000 1.000000
    outer loop
      vertex 57.5000 32.2500 2.4000
      vertex 57.5000 31.2500 2.4000
      vertex 57.7500 31.2500 2.4000
    endloop
  endfacet
  facet normal 0.000000 0.000000 -1.000000
    outer loop
      vertex 57.2500 31.0000 3.2000
      vertex 57.0000 31.7500 3.2000
      vertex 57.5000 31.2500 3.2000
    endloop
  endfacet
  facet normal 0.000000 0.000000 1.000000
    outer loop
      vertex 57.5000 31.2500 2.4000
      vertex 57.0000 31.7500 2.4000
      vertex 57.2500 31.0000 2.4000
    endloop
  endfacet
  facet normal 0.000000 0.000000 -1.000000
    outer loop
      vertex 57.2500 31.0000 3.2000
      vertex 55.7500 31.0000 3.2000
      vertex 57.0000 31.7500 3.2000
    endloop
  endfacet
  facet normal 0.000000 0.000000 1.000000
    outer loop
      vertex 57.0000 31.7500 2.4000
      vertex 55.7500 31.0000 2.4000
      vertex 57.2500 31.0000 2.4000
    endloop
  endfacet
  facet normal 0.000000 0.000000 -1.000000
    outer loop
      vertex 55.7500 31.0000 3.2000
      vertex 55.7500 31.7500 3.2000
      vertex 57.0000 31.7500 3.2000
    endloop
  endfacet
  facet normal 0.000000 0.000000 1.000000
    outer loop
      vertex 57.0000 31.7500 2.4000
      vertex 55.7500 31.7500 2.4000
      vertex 55.7500 31.0000 2.4000
    endloop
  endfacet
  facet normal 0.000000 0.000000 -1.000000
    outer loop
      vertex 57.0000 31.7500 3.2000
      vertex 57.5000 32.2500 3.2000
      vertex 57.5000 31.2500 3.2000
    endloop
  endfacet
  facet normal 0.000000 -0.000000 1.000000
    outer loop
      vertex 57.5000 31.2500 2.4000
      vertex 57.5000 32.2500 2.4000
      vertex 57.0000 31.7500 2.4000
    endloop
  endfacet
  facet normal -1.000000 0.000000 0.000000
    outer loop
      vertex 54.5000 34.2500 2.4000
      vertex 54.5000 29.0000 2.4000
      vertex 54.5000 29.0000 3.2000
    endloop
  endfacet
  facet normal -1.000000 0.000000 0.000000
    outer loop
      vertex 54.5000 34.2500 2.4000
      vertex 54.5000 29.0000 3.2000
      vertex 54.5000 34.2500 3.2000
    endloop
  endfacet
  facet normal 0.000000 -1.000000 0.000000
    outer loop
      vertex 54.5000 29.0000 2.4000
      vertex 55.5000 29.0000 2.4000
      vertex 55.5000 29.0000 3.2000
    endloop
  endfacet
  facet normal 0.000000 -1.000000 0.000000
    outer loop
      vertex 54.5000 29.0000 2.4000
      vertex 55.5000 29.0000 3.2000
      vertex 54.5000 29.0000 3.2000
    endloop
  endfacet
  facet normal 1.000000 0.000000 0.000000
    outer loop
      vertex 55.5000 29.0000 2.4000
      vertex 55.5000 30.7500 2.4000
      vertex 55.5000 30.7500 3.2000
    endloop
  endfacet
  facet normal 1.000000 0.000000 0.000000
    outer loop
      vertex 55.5000 29.0000 2.4000
      vertex 55.5000 30.7500 3.2000
      vertex 55.5000 29.0000 3.2000
    endloop
  endfacet
  facet normal 0.707107 -0.707107 0.000000
    outer loop
      vertex 55.5000 30.7500 2.4000
      vertex 55.7500 31.0000 2.4000
      vertex 55.7500 31.0000 3.2000
    endloop
  endfacet
  facet normal 0.707107 -0.707107 0.000000
    outer loop
      vertex 55.5000 30.7500 2.4000
      vertex 55.7500 31.0000 3.2000
      vertex 55.5000 30.7500 3.2000
    endloop
  endfacet
  facet normal 0.000000 -1.000000 0.000000
    outer loop
      vertex 55.7500 31.0000 2.4000
      vertex 57.2500 31.0000 2.4000
      vertex 57.2500 31.0000 3.2000
    endloop
  endfacet
  facet normal 0.000000 -1.000000 0.000000
    outer loop
      vertex 55.7500 31.0000 2.4000
      vertex 57.2500 31.0000 3.2000
      vertex 55.7500 31.0000 3.2000
    endloop
  endfacet
  facet normal 0.707107 -0.707107 0.000000
    outer loop
      vertex 57.2500 31.0000 2.4000
      vertex 57.5000 31.2500 2.4000
      vertex 57.5000 31.2500 3.2000
    endloop
  endfacet
  facet normal 0.707107 -0.707107 0.000000
    outer loop
      vertex 57.2500 31.0000 2.4000
      vertex 57.5000 31.2500 3.2000
      vertex 57.2500 31.0000 3.2000
    endloop
  endfacet
  facet normal 0.000000 -1.000000 0.000000
    outer loop
      vertex 57.5000 31.2500 2.4000
      vertex 57.7500 31.2500 2.4000
      vertex 57.7500 31.2500 3.2000
    endloop
  endfacet
  facet normal 0.000000 -1.000000 0.000000
    outer loop
      vertex 57.5000 31.2500 2.4000
      vertex 57.7500 31.2500 3.2000
      vertex 57.5000 31.2500 3.2000
    endloop
  endfacet
  facet normal 0.707107 -0.707107 0.000000
    outer loop
      vertex 57.7500 31.2500 2.4000
      vertex 58.2500 31.7500 2.4000
      vertex 58.2500 31.7500 3.2000
    endloop
  endfacet
  facet normal 0.707107 -0.707107 0.000000
    outer loop
      vertex 57.7500 31.2500 2.4000
      vertex 58.2500 31.7500 3.2000
      vertex 57.7500 31.2500 3.2000
    endloop
  endfacet
  facet normal 1.000000 0.000000 0.000000
    outer loop
      vertex 58.2500 31.7500 2.4000
      vertex 58.2500 32.2500 2.4000
      vertex 58.2500 32.2500 3.2000
    endloop
  endfacet
  facet normal 1.000000 0.000000 0.000000
    outer loop
      vertex 58.2500 31.7500 2.4000
      vertex 58.2500 32.2500 3.2000
      vertex 58.2500 31.7500 3.2000
    endloop
  endfacet
  facet normal 0.707107 -0.707107 0.000000
    outer loop
      vertex 58.2500 32.2500 2.4000
      vertex 58.5000 32.5000 2.4000
      vertex 58.5000 32.5000 3.2000
    endloop
  endfacet
  facet normal 0.707107 -0.707107 0.000000
    outer loop
      vertex 58.2500 32.2500 2.4000
      vertex 58.5000 32.5000 3.2000
      vertex 58.2500 32.2500 3.2000
    endloop
  endfacet
  facet normal 1.000000 0.000000 0.000000
    outer loop
      vertex 58.5000 32.5000 2.4000
      vertex 58.5000 33.0000 2.4000
      vertex 58.5000 33.0000 3.2000
    endloop
  endfacet
  facet normal 1.000000 0.000000 0.000000
    outer loop
      vertex 58.5000 32.5000 2.4000
      vertex 58.5000 33.0000 3.2000
      vertex 58.5000 32.5000 3.2000
    endloop
  endfacet
  facet normal 0.707107 0.707107 0.000000
    outer loop
      vertex 58.5000 33.0000 2.4000
      vertex 58.2500 33.2500 2.4000
      vertex 58.2500 33.2500 3.2000
    endloop
  endfacet
  facet normal 0.707107 0.707107 -0.000000
    outer loop
      vertex 58.5000 33.0000 2.4000
      vertex 58.2500 33.2500 3.2000
      vertex 58.5000 33.0000 3.2000
    endloop
  endfacet
  facet normal 1.000000 0.000000 0.000000
    outer loop
      vertex 58.2500 33.2500 2.4000
      vertex 58.2500 33.5000 2.4000
      vertex 58.2500 33.5000 3.2000
    endloop
  endfacet
  facet normal 1.000000 0.000000 0.000000
    outer loop
      vertex 58.2500 33.2500 2.4000
      vertex 58.2500 33.5000 3.2000
      vertex 58.2500 33.2500 3.2000
    endloop
  endfacet
  facet normal 0.707107 0.707107 0.000000
    outer loop
      vertex 58.2500 33.5000 2.4000
      vertex 57.5000 34.2500 2.4000
      vertex 57.5000 34.2500 3.2000
    endloop
  endfacet
  facet normal 0.707107 0.707107 -0.000000
    outer loop
      vertex 58.2500 33.5000 2.4000
      vertex 57.5000 34.2500 3.2000
      vertex 58.2500 33.5000 3.2000
    endloop
  endfacet
  facet normal 0.000000 1.000000 0.000000
    outer loop
      vertex 57.5000 34.2500 2.4000
      vertex 54.5000 34.2500 2.4000
      vertex 54.5000 34.2500 3.2000
    endloop
  endfacet
  facet normal 0.000000 1.000000 -0.000000
    outer loop
      vertex 57.5000 34.2500 2.4000
      vertex 54.5000 34.2500 3.2000
      vertex 57.5000 34.2500 3.2000
    endloop
  endfacet
  facet normal 0.707107 -0.707107 0.000000
    outer loop
      vertex 55.5000 33.2500 2.4000
      vertex 55.7500 33.5000 2.4000
      vertex 55.7500 33.5000 3.2000
    endloop
  endfacet
  facet normal 0.707107 -0.707107 0.000000
    outer loop
      vertex 55.5000 33.2500 2.4000
      vertex 55.7500 33.5000 3.2000
      vertex 55.5000 33.2500 3.2000
    endloop
  endfacet
  facet normal 0.000000 -1.000000 0.000000
    outer loop
      vertex 55.7500 33.5000 2.4000
      vertex 57.0000 33.5000 2.4000
      vertex 57.0000 33.5000 3.2000
    endloop
  endfacet
  facet normal 0.000000 -1.000000 0.000000
    outer loop
      vertex 55.7500 33.5000 2.4000
      vertex 57.0000 33.5000 3.2000
      vertex 55.7500 33.5000 3.2000
    endloop
  endfacet
  facet normal -0.707107 -0.707107 0.000000
    outer loop
      vertex 57.0000 33.5000 2.4000
      vertex 57.5000 33.0000 2.4000
      vertex 57.5000 33.0000 3.2000
    endloop
  endfacet
  facet normal -0.707107 -0.707107 0.000000
    outer loop
      vertex 57.0000 33.5000 2.4000
      vertex 57.5000 33.0000 3.2000
      vertex 57.0000 33.5000 3.2000
    endloop
  endfacet
  facet normal -1.000000 0.000000 0.000000
    outer loop
      vertex 57.5000 33.0000 2.4000
      vertex 57.5000 32.2500 2.4000
      vertex 57.5000 32.2500 3.2000
    endloop
  endfacet
  facet normal -1.000000 0.000000 0.000000
    outer loop
      vertex 57.5000 33.0000 2.4000
      vertex 57.5000 32.2500 3.2000
      vertex 57.5000 33.0000 3.2000
    endloop
  endfacet
  facet normal -0.707107 0.707107 0.000000
    outer loop
      vertex 57.5000 32.2500 2.4000
      vertex 57.0000 31.7500 2.4000
      vertex 57.0000 31.7500 3.2000
    endloop
  endfacet
  facet normal -0.707107 0.707107 0.000000
    outer loop
      vertex 57.5000 32.2500 2.4000
      vertex 57.0000 31.7500 3.2000
      vertex 57.5000 32.2500 3.2000
    endloop
  endfacet
  facet normal 0.000000 1.000000 0.000000
    outer loop
      vertex 57.0000 31.7500 2.4000
      vertex 55.7500 31.7500 2.4000
      vertex 55.7500 31.7500 3.2000
    endloop
  endfacet
  facet normal 0.000000 1.000000 -0.000000
    outer loop
      vertex 57.0000 31.7500 2.4000
      vertex 55.7500 31.7500 3.2000
      vertex 57.0000 31.7500 3.2000
    endloop
  endfacet
  facet normal 0.707107 0.707107 0.000000
    outer loop
      vertex 55.7500 31.7500 2.4000
      vertex 55.5000 32.0000 2.4000
      vertex 55.5000 32.0000 3.2000
    endloop
  endfacet
  facet normal 0.707107 0.707107 -0.000000
    outer loop
      vertex 55.7500 31.7500 2.4000
      vertex 55.5000 32.0000 3.2000
      vertex 55.7500 31.7500 3.2000
    endloop
  endfacet
  facet normal 1.000000 0.000000 0.000000
    outer loop
      vertex 55.5000 32.0000 2.4000
      vertex 55.5000 33.2500 2.4000
      vertex 55.5000 33.2500 3.2000
    endloop
  endfacet
  facet normal 1.000000 0.000000 0.000000
    outer loop
      vertex 55.5000 32.0000 2.4000
      vertex 55.5000 33.2500 3.2000
      vertex 55.5000 32.0000 3.2000
    endloop
  endfacet
  facet normal 0.000000 0.000000 -1.000000
    outer loop
      vertex 48.7500 33.0000 3.2000
      vertex 49.5000 32.5000 3.2000
      vertex 48.7500 32.5000 3.2000
    endloop
  endfacet
  facet normal 0.000000 0.000000 1.000000
    outer loop
      vertex 48.7500 32.5000 2.4000
      vertex 49.5000 32.5000 2.4000
      vertex 48.7500 33.0000 2.4000
    endloop
  endfacet
  facet normal 0.000000 0.000000 -1.000000
    outer loop
      vertex 48.7500 33.0000 3.2000
      vertex 49.7500 34.0000 3.2000
      vertex 49.5000 32.5000 3.2000
    endloop
  endfacet
  facet normal 0.000000 -0.000000 1.000000
    outer loop
      vertex 49.5000 32.5000 2.4000
      vertex 49.7500 34.0000 2.4000
      vertex 48.7500 33.0000 2.4000
    endloop
  endfacet
  facet normal 0.000000 -0.000000 -1.000000
    outer loop
      vertex 49.7500 34.0000 3.2000
      vertex 50.5000 33.5000 3.2000
      vertex 49.5000 32.5000 3.2000
    endloop
  endfacet
  facet normal 0.000000 0.000000 1.000000
    outer loop
      vertex 49.5000 32.5000 2.4000
      vertex 50.5000 33.5000 2.4000
      vertex 49.7500 34.0000 2.4000
    endloop
  endfacet
  facet normal 0.000000 0.000000 -1.000000
    outer loop
      vertex 49.7500 34.0000 3.2000
      vertex 50.0000 34.0000 3.2000
      vertex 50.5000 33.5000 3.2000
    endloop
  endfacet
  facet normal 0.000000 0.000000 1.000000
    outer loop
      vertex 50.5000 33.5000 2.4000
      vertex 50.0000 34.0000 2.4000
      vertex 49.7500 34.0000 2.4000
    endloop
  endfacet
  facet normal 0.000000 -0.000000 -1.000000
    outer loop
      vertex 50.2500 34.2500 3.2000
      vertex 50.5000 33.5000 3.2000
      vertex 50.0000 34.0000 3.2000
    endloop
  endfacet
  facet normal -0.000000 0.000000 1.000000
    outer loop
      vertex 50.0000 34.0000 2.4000
      vertex 50.5000 33.5000 2.4000
      vertex 50.2500 34.2500 2.4000
    endloop
  endfacet
  facet normal 0.000000 0.000000 -1.000000
    outer loop
      vertex 50.2500 34.2500 3.2000
      vertex 51.5000 33.5000 3.2000
      vertex 50.5000 33.5000 3.2000
    endloop
  endfacet
  facet normal 0.000000 -0.000000 1.000000
    outer loop
      vertex 50.5000 33.5000 2.4000
      vertex 51.5000 33.5000 2.4000
      vertex 50.2500 34.2500 2.4000
    endloop
  endfacet
  facet normal 0.000000 0.000000 -1.000000
    outer loop
      vertex 50.2500 34.2500 3.2000
      vertex 51.7500 34.2500 3.2000
      vertex 51.5000 33.5000 3.2000
    endloop
  endfacet
  facet normal 0.000000 -0.000000 1.000000
    outer loop
      vertex 51.5000 33.5000 2.4000
      vertex 51.7500 34.2500 2.4000
      vertex 50.2500 34.2500 2.4000
    endloop
  endfacet
  facet normal 0.000000 -0.000000 -1.000000
    outer loop
      vertex 51.7500 34.2500 3.2000
      vertex 52.0000 34.0000 3.2000
      vertex 51.5000 33.5000 3.2000
    endloop
  endfacet
  facet normal 0.000000 0.000000 1.000000
    outer loop
      vertex 51.5000 33.5000 2.4000
      vertex 52.0000 34.0000 2.4000
      vertex 51.7500 34.2500 2.4000
    endloop
  endfacet
  facet normal -0.000000 0.000000 -1.000000
    outer loop
      vertex 52.2500 34.0000 3.2000
      vertex 52.0000 33.2500 3.2000
      vertex 52.0000 34.0000 3.2000
    endloop
  endfacet
  facet normal -0.000000 0.000000 1.000000
    outer loop
      vertex 52.0000 34.0000 2.4000
      vertex 52.0000 33.2500 2.4000
      vertex 52.2500 34.0000 2.4000
    endloop
  endfacet
  facet normal 0.000000 -0.000000 -1.000000
    outer loop
      vertex 52.2500 34.0000 3.2000
      vertex 52.5000 33.7500 3.2000
      vertex 52.0000 33.2500 3.2000
    endloop
  endfacet
  facet normal 0.000000 0.000000 1.000000
    outer loop
      vertex 52.0000 33.2500 2.4000
      vertex 52.5000 33.7500 2.4000
      vertex 52.2500 34.0000 2.4000
    endloop
  endfacet
  facet normal -0.000000 -0.000000 -1.000000
    outer loop
      vertex 52.7500 33.7500 3.2000
      vertex 53.0000 33.2500 3.2000
      vertex 52.5000 33.7500 3.2000
    endloop
  endfacet
  facet normal -0.000000 0.000000 1.000000
    outer loop
      vertex 52.5000 33.7500 2.4000
      vertex 53.0000 33.2500 2.4000
      vertex 52.7500 33.7500 2.4000
    endloop
  endfacet
  facet normal 0.000000 0.000000 -1.000000
    outer loop
      vertex 52.7500 33.7500 3.2000
      vertex 53.0000 33.5000 3.2000
      vertex 53.0000 33.2500 3.2000
    endloop
  endfacet
  facet normal 0.000000 -0.000000 1.000000
    outer loop
      vertex 53.0000 33.2500 2.4000
      vertex 53.0000 33.5000 2.4000
      vertex 52.7500 33.7500 2.4000
    endloop
  endfacet
  facet normal -0.000000 -0.000000 -1.000000
    outer loop
      vertex 53.2500 33.0000 3.2000
      vertex 53.2500 32.7500 3.2000
      vertex 53.0000 33.2500 3.2000
    endloop
  endfacet
  facet normal 0.000000 0.000000 1.000000
    outer loop
      vertex 53.0000 33.2500 2.4000
      vertex 53.2500 32.7500 2.4000
      vertex 53.2500 33.0000 2.4000
    endloop
  endfacet
  facet normal -0.000000 0.000000 -1.000000
    outer loop
      vertex 53.5000 32.5000 3.2000
      vertex 52.7500 32.0000 3.2000
      vertex 53.2500 32.7500 3.2000
    endloop
  endfacet
  facet normal 0.000000 0.000000 1.000000
    outer loop
      vertex 53.2500 32.7500 2.4000
      vertex 52.7500 32.0000 2.4000
      vertex 53.5000 32.5000 2.4000
    endloop
  endfacet
  facet normal 0.000000 -0.000000 -1.000000
    outer loop
      vertex 53.5000 32.5000 3.2000
      vertex 53.5000 30.7500 3.2000
      vertex 52.7500 32.0000 3.2000
    endloop
  endfacet
  facet normal -0.000000 0.000000 1.000000
    outer loop
      vertex 52.7500 32.0000 2.4000
      vertex 53.5000 30.7500 2.4000
      vertex 53.5000 32.5000 2.4000
    endloop
  endfacet
  facet normal 0.000000 0.000000 -1.000000
    outer loop
      vertex 52.5000 29.2500 3.2000
      vertex 52.5000 30.5000 3.2000
      vertex 53.2500 30.0000 3.2000
    endloop
  endfacet
  facet normal 0.000000 0.000000 1.000000
    outer loop
      vertex 53.2500 30.0000 2.4000
      vertex 52.5000 30.5000 2.4000
      vertex 52.5000 29.2500 2.4000
    endloop
  endfacet
  facet normal 0.000000 0.000000 -1.000000
    outer loop
      vertex 52.5000 29.2500 3.2000
      vertex 52.0000 30.0000 3.2000
      vertex 52.5000 30.5000 3.2000
    endloop
  endfacet
  facet normal 0.000000 0.000000 1.000000
    outer loop
      vertex 52.5000 30.5000 2.4000
      vertex 52.0000 30.0000 2.4000
      vertex 52.5000 29.2500 2.4000
    endloop
  endfacet
  facet normal 0.000000 0.000000 -1.000000
    outer loop
      vertex 52.5000 29.2500 3.2000
      vertex 52.0000 29.2500 3.2000
      vertex 52.0000 30.0000 3.2000
    endloop
  endfacet
  facet normal 0.000000 0.000000 1.000000
    outer loop
      vertex 52.0000 30.0000 2.4000
      vertex 52.0000 29.2500 2.4000
      vertex 52.5000 29.2500 2.4000
    endloop
  endfacet
  facet normal 0.000000 0.000000 -1.000000
    outer loop
      vertex 51.7500 29.0000 3.2000
      vertex 51.5000 29.7500 3.2000
      vertex 52.0000 29.2500 3.2000
    endloop
  endfacet
  facet normal 0.000000 0.000000 1.000000
    outer loop
      vertex 52.0000 29.2500 2.4000
      vertex 51.5000 29.7500 2.4000
      vertex 51.7500 29.0000 2.4000
    endloop
  endfacet
  facet normal 0.000000 0.000000 -1.000000
    outer loop
      vertex 51.7500 29.0000 3.2000
      vertex 50.2500 29.0000 3.2000
      vertex 51.5000 29.7500 3.2000
    endloop
  endfacet
  facet normal 0.000000 0.000000 1.000000
    outer loop
      vertex 51.5000 29.7500 2.4000
      vertex 50.2500 29.0000 2.4000
      vertex 51.7500 29.0000 2.4000
    endloop
  endfacet
  facet normal 0.000000 0.000000 -1.000000
    outer loop
      vertex 50.2500 29.0000 3.2000
      vertex 50.5000 29.7500 3.2000
      vertex 51.5000 29.7500 3.2000
    endloop
  endfacet
  facet normal 0.000000 0.000000 1.000000
    outer loop
      vertex 51.5000 29.7500 2.4000
      vertex 50.5000 29.7500 2.4000
      vertex 50.2500 29.0000 2.4000
    endloop
  endfacet
  facet normal 0.000000 0.000000 -1.000000
    outer loop
      vertex 50.2500 29.0000 3.2000
      vertex 50.0000 29.2500 3.2000
      vertex 50.5000 29.7500 3.2000
    endloop
  endfacet
  facet normal 0.000000 0.000000 1.000000
    outer loop
      vertex 50.5000 29.7500 2.4000
      vertex 50.0000 29.2500 2.4000
      vertex 50.2500 29.0000 2.4000
    endloop
  endfacet
  facet normal 0.000000 0.000000 -1.000000
    outer loop
      vertex 49.7500 29.2500 3.2000
      vertex 50.5000 29.7500 3.2000
      vertex 50.0000 29.2500 3.2000
    endloop
  endfacet
  facet normal 0.000000 -0.000000 1.000000
    outer loop
      vertex 50.0000 29.2500 2.4000
      vertex 50.5000 29.7500 2.4000
      vertex 49.7500 29.2500 2.4000
    endloop
  endfacet
  facet normal 0.000000 0.000000 -1.000000
    outer loop
      vertex 49.7500 29.2500 3.2000
      vertex 49.5000 30.7500 3.2000
      vertex 50.5000 29.7500 3.2000
    endloop
  endfacet
  facet normal 0.000000 0.000000 1.000000
    outer loop
      vertex 50.5000 29.7500 2.4000
      vertex 49.5000 30.7500 2.4000
      vertex 49.7500 29.2500 2.4000
    endloop
  endfacet
  facet normal 0.000000 0.000000 -1.000000
    outer loop
      vertex 49.7500 29.2500 3.2000
      vertex 48.7500 30.2500 3.2000
      vertex 49.5000 30.7500 3.2000
    endloop
  endfacet
  facet normal 0.000000 0.000000 1.000000
    outer loop
      vertex 49.5000 30.7500 2.4000
      vertex 48.7500 30.2500 2.4000
      vertex 49.7500 29.2500 2.4000
    endloop
  endfacet
  facet normal 0.000000 0.000000 -1.000000
    outer loop
      vertex 48.7500 30.2500 3.2000
      vertex 48.7500 30.7500 3.2000
      vertex 49.5000 30.7500 3.2000
    endloop
  endfacet
  facet normal 0.000000 0.000000 1.000000
    outer loop
      vertex 49.5000 30.7500 2.4000
      vertex 48.7500 30.7500 2.4000
      vertex 48.7500 30.2500 2.4000
    endloop
  endfacet
  facet normal 0.000000 0.000000 -1.000000
    outer loop
      vertex 48.5000 31.0000 3.2000
      vertex 49.5000 30.7500 3.2000
      vertex 48.7500 30.7500 3.2000
    endloop
  endfacet
  facet normal 0.000000 -0.000000 1.000000
    outer loop
      vertex 48.7500 30.7500 2.4000
      vertex 49.5000 30.7500 2.4000
      vertex 48.5000 31.0000 2.4000
    endloop
  endfacet
  facet normal 0.000000 0.000000 -1.000000
    outer loop
      vertex 48.5000 31.0000 3.2000
      vertex 48.5000 32.2500 3.2000
      vertex 49.5000 30.7500 3.2000
    endloop
  endfacet
  facet normal 0.000000 0.000000 1.000000
    outer loop
      vertex 49.5000 30.7500 2.4000
      vertex 48.5000 32.2500 2.4000
      vertex 48.5000 31.0000 2.4000
    endloop
  endfacet
  facet normal 0.000000 0.000000 -1.000000
    outer loop
      vertex 48.5000 32.2500 3.2000
      vertex 49.5000 32.5000 3.2000
      vertex 49.5000 30.7500 3.2000
    endloop
  endfacet
  facet normal 0.000000 -0.000000 1.000000
    outer loop
      vertex 49.5000 30.7500 2.4000
      vertex 49.5000 32.5000 2.4000
      vertex 48.5000 32.2500 2.4000
    endloop
  endfacet
  facet normal 0.000000 0.000000 -1.000000
    outer loop
      vertex 48.5000 32.2500 3.2000
      vertex 48.7500 32.5000 3.2000
      vertex 49.5000 32.5000 3.2000
    endloop
  endfacet
  facet normal 0.000000 0.000000 1.000000
    outer loop
      vertex 49.5000 32.5000 2.4000
      vertex 48.7500 32.5000 2.4000
      vertex 48.5000 32.2500 2.4000
    endloop
  endfacet
  facet normal 0.000000 0.000000 -1.000000
    outer loop
      vertex 51.5000 33.5000 3.2000
      vertex 52.0000 33.2500 3.2000
      vertex 51.7500 33.2500 3.2000
    endloop
  endfacet
  facet normal 0.000000 -0.000000 1.000000
    outer loop
      vertex 51.7500 33.2500 2.4000
      vertex 52.0000 33.2500 2.4000
      vertex 51.5000 33.5000 2.4000
    endloop
  endfacet
  facet normal 0.000000 0.000000 -1.000000
    outer loop
      vertex 51.5000 33.5000 3.2000
      vertex 52.0000 34.0000 3.2000
      vertex 52.0000 33.2500 3.2000
    endloop
  endfacet
  facet normal 0.000000 -0.000000 1.000000
    outer loop
      vertex 52.0000 33.2500 2.4000
      vertex 52.0000 34.0000 2.4000
      vertex 51.5000 33.5000 2.4000
    endloop
  endfacet
  facet normal 0.000000 0.000000 -1.000000
    outer loop
      vertex 52.0000 33.2500 3.2000
      vertex 52.5000 33.7500 3.2000
      vertex 52.5000 32.7500 3.2000
    endloop
  endfacet
  facet normal 0.000000 -0.000000 1.000000
    outer loop
      vertex 52.5000 32.7500 2.4000
      vertex 52.5000 33.7500 2.4000
      vertex 52.0000 33.2500 2.4000
    endloop
  endfacet
  facet normal 0.000000 0.000000 -1.000000
    outer loop
      vertex 52.5000 33.7500 3.2000
      vertex 53.0000 33.2500 3.2000
      vertex 52.5000 32.7500 3.2000
    endloop
  endfacet
  facet normal 0.000000 0.000000 1.000000
    outer loop
      vertex 52.5000 32.7500 2.4000
      vertex 53.0000 33.2500 2.4000
      vertex 52.5000 33.7500 2.4000
    endloop
  endfacet
  facet normal 0.000000 -0.000000 -1.000000
    outer loop
      vertex 53.0000 33.2500 3.2000
      vertex 53.2500 32.7500 3.2000
      vertex 52.5000 32.7500 3.2000
    endloop
  endfacet
  facet normal 0.000000 0.000000 1.000000
    outer loop
      vertex 52.5000 32.7500 2.4000
      vertex 53.2500 32.7500 2.4000
      vertex 53.0000 33.2500 2.4000
    endloop
  endfacet
  facet normal -0.000000 0.000000 -1.000000
    outer loop
      vertex 53.2500 32.7500 3.2000
      vertex 52.5000 32.2500 3.2000
      vertex 52.5000 32.7500 3.2000
    endloop
  endfacet
  facet normal -0.000000 0.000000 1.000000
    outer loop
      vertex 52.5000 32.7500 2.4000
      vertex 52.5000 32.2500 2.4000
      vertex 53.2500 32.7500 2.4000
    endloop
  endfacet
  facet normal 0.000000 0.000000 -1.000000
    outer loop
      vertex 53.2500 32.7500 3.2000
      vertex 52.7500 32.0000 3.2000
      vertex 52.5000 32.2500 3.2000
    endloop
  endfacet
  facet normal -0.000000 0.000000 1.000000
    outer loop
      vertex 52.5000 32.2500 2.4000
      vertex 52.7500 32.0000 2.4000
      vertex 53.2500 32.7500 2.4000
    endloop
  endfacet
  facet normal 0.000000 0.000000 -1.000000
    outer loop
      vertex 52.7500 32.0000 3.2000
      vertex 53.5000 30.7500 3.2000
      vertex 52.7500 31.2500 3.2000
    endloop
  endfacet
  facet normal -0.000000 0.000000 1.000000
    outer loop
      vertex 52.7500 31.2500 2.4000
      vertex 53.5000 30.7500 2.4000
      vertex 52.7500 32.0000 2.4000
    endloop
  endfacet
  facet normal -0.000000 0.000000 -1.000000
    outer loop
      vertex 53.5000 30.7500 3.2000
      vertex 53.2500 30.5000 3.2000
      vertex 52.7500 31.2500 3.2000
    endloop
  endfacet
  facet normal 0.000000 0.000000 1.000000
    outer loop
      vertex 52.7500 31.2500 2.4000
      vertex 53.2500 30.5000 2.4000
      vertex 53.5000 30.7500 2.4000
    endloop
  endfacet
  facet normal 0.000000 0.000000 -1.000000
    outer loop
      vertex 53.2500 30.0000 3.2000
      vertex 52.5000 30.5000 3.2000
      vertex 53.2500 30.5000 3.2000
    endloop
  endfacet
  facet normal 0.000000 0.000000 1.000000
    outer loop
      vertex 53.2500 30.5000 2.4000
      vertex 52.5000 30.5000 2.4000
      vertex 53.2500 30.0000 2.4000
    endloop
  endfacet
  facet normal 0.000000 0.000000 -1.000000
    outer loop
      vertex 52.5000 30.5000 3.2000
      vertex 52.5000 31.0000 3.2000
      vertex 53.2500 30.5000 3.2000
    endloop
  endfacet
  facet normal 0.000000 0.000000 1.000000
    outer loop
      vertex 53.2500 30.5000 2.4000
      vertex 52.5000 31.0000 2.4000
      vertex 52.5000 30.5000 2.4000
    endloop
  endfacet
  facet normal -0.000000 -0.000000 -1.000000
    outer loop
      vertex 52.0000 30.0000 3.2000
      vertex 52.0000 29.2500 3.2000
      vertex 51.7500 30.0000 3.2000
    endloop
  endfacet
  facet normal -0.000000 0.000000 1.000000
    outer loop
      vertex 51.7500 30.0000 2.4000
      vertex 52.0000 29.2500 2.4000
      vertex 52.0000 30.0000 2.4000
    endloop
  endfacet
  facet normal 0.000000 0.000000 -1.000000
    outer loop
      vertex 52.0000 29.2500 3.2000
      vertex 51.5000 29.7500 3.2000
      vertex 51.7500 30.0000 3.2000
    endloop
  endfacet
  facet normal 0.000000 0.000000 1.000000
    outer loop
      vertex 51.7500 30.0000 2.4000
      vertex 51.5000 29.7500 2.4000
      vertex 52.0000 29.2500 2.4000
    endloop
  endfacet
  facet normal 0.000000 0.000000 -1.000000
    outer loop
      vertex 52.5000 31.0000 3.2000
      vertex 52.7500 31.2500 3.2000
      vertex 53.2500 30.5000 3.2000
    endloop
  endfacet
  facet normal 0.000000 0.000000 1.000000
    outer loop
      vertex 53.2500 30.5000 2.4000
      vertex 52.7500 31.2500 2.4000
      vertex 52.5000 31.0000 2.4000
    endloop
  endfacet
  facet normal -0.707107 0.707107 0.000000
    outer loop
      vertex 50.2500 34.2500 2.4000
      vertex 50.0000 34.0000 2.4000
      vertex 50.0000 34.0000 3.2000
    endloop
  endfacet
  facet normal -0.707107 0.707107 0.000000
    outer loop
      vertex 50.2500 34.2500 2.4000
      vertex 50.0000 34.0000 3.2000
      vertex 50.2500 34.2500 3.2000
    endloop
  endfacet
  facet normal 0.000000 1.000000 0.000000
    outer loop
      vertex 50.0000 34.0000 2.4000
      vertex 49.7500 34.0000 2.4000
      vertex 49.7500 34.0000 3.2000
    endloop
  endfacet
  facet normal 0.000000 1.000000 -0.000000
    outer loop
      vertex 50.0000 34.0000 2.4000
      vertex 49.7500 34.0000 3.2000
      vertex 50.0000 34.0000 3.2000
    endloop
  endfacet
  facet normal -0.707107 0.707107 0.000000
    outer loop
      vertex 49.7500 34.0000 2.4000
      vertex 48.7500 33.0000 2.4000
      vertex 48.7500 33.0000 3.2000
    endloop
  endfacet
  facet normal -0.707107 0.707107 0.000000
    outer loop
      vertex 49.7500 34.0000 2.4000
      vertex 48.7500 33.0000 3.2000
      vertex 49.7500 34.0000 3.2000
    endloop
  endfacet
  facet normal -1.000000 0.000000 0.000000
    outer loop
      vertex 48.7500 33.0000 2.4000
      vertex 48.7500 32.5000 2.4000
      vertex 48.7500 32.5000 3.2000
    endloop
  endfacet
  facet normal -1.000000 0.000000 0.000000
    outer loop
      vertex 48.7500 33.0000 2.4000
      vertex 48.7500 32.5000 3.2000
      vertex 48.7500 33.0000 3.2000
    endloop
  endfacet
  facet normal -0.707107 0.707107 0.000000
    outer loop
      vertex 48.7500 32.5000 2.4000
      vertex 48.5000 32.2500 2.4000
      vertex 48.5000 32.2500 3.2000
    endloop
  endfacet
  facet normal -0.707107 0.707107 0.000000
    outer loop
      vertex 48.7500 32.5000 2.4000
      vertex 48.5000 32.2500 3.2000
      vertex 48.7500 32.5000 3.2000
    endloop
  endfacet
  facet normal -1.000000 0.000000 0.000000
    outer loop
      vertex 48.5000 32.2500 2.4000
      vertex 48.5000 31.0000 2.4000
      vertex 48.5000 31.0000 3.2000
    endloop
  endfacet
  facet normal -1.000000 0.000000 0.000000
    outer loop
      vertex 48.5000 32.2500 2.4000
      vertex 48.5000 31.0000 3.2000
      vertex 48.5000 32.2500 3.2000
    endloop
  endfacet
  facet normal -0.707107 -0.707107 0.000000
    outer loop
      vertex 48.5000 31.0000 2.4000
      vertex 48.7500 30.7500 2.4000
      vertex 48.7500 30.7500 3.2000
    endloop
  endfacet
  facet normal -0.707107 -0.707107 0.000000
    outer loop
      vertex 48.5000 31.0000 2.4000
      vertex 48.7500 30.7500 3.2000
      vertex 48.5000 31.0000 3.2000
    endloop
  endfacet
  facet normal -1.000000 0.000000 0.000000
    outer loop
      vertex 48.7500 30.7500 2.4000
      vertex 48.7500 30.2500 2.4000
      vertex 48.7500 30.2500 3.2000
    endloop
  endfacet
  facet normal -1.000000 0.000000 0.000000
    outer loop
      vertex 48.7500 30.7500 2.4000
      vertex 48.7500 30.2500 3.2000
      vertex 48.7500 30.7500 3.2000
    endloop
  endfacet
  facet normal -0.707107 -0.707107 0.000000
    outer loop
      vertex 48.7500 30.2500 2.4000
      vertex 49.7500 29.2500 2.4000
      vertex 49.7500 29.2500 3.2000
    endloop
  endfacet
  facet normal -0.707107 -0.707107 0.000000
    outer loop
      vertex 48.7500 30.2500 2.4000
      vertex 49.7500 29.2500 3.2000
      vertex 48.7500 30.2500 3.2000
    endloop
  endfacet
  facet normal 0.000000 -1.000000 0.000000
    outer loop
      vertex 49.7500 29.2500 2.4000
      vertex 50.0000 29.2500 2.4000
      vertex 50.0000 29.2500 3.2000
    endloop
  endfacet
  facet normal 0.000000 -1.000000 0.000000
    outer loop
      vertex 49.7500 29.2500 2.4000
      vertex 50.0000 29.2500 3.2000
      vertex 49.7500 29.2500 3.2000
    endloop
  endfacet
  facet normal -0.707107 -0.707107 0.000000
    outer loop
      vertex 50.0000 29.2500 2.4000
      vertex 50.2500 29.0000 2.4000
      vertex 50.2500 29.0000 3.2000
    endloop
  endfacet
  facet normal -0.707107 -0.707107 0.000000
    outer loop
      vertex 50.0000 29.2500 2.4000
      vertex 50.2500 29.0000 3.2000
      vertex 50.0000 29.2500 3.2000
    endloop
  endfacet
  facet normal 0.000000 -1.000000 0.000000
    outer loop
      vertex 50.2500 29.0000 2.4000
      vertex 51.7500 29.0000 2.4000
      vertex 51.7500 29.0000 3.2000
    endloop
  endfacet
  facet normal 0.000000 -1.000000 0.000000
    outer loop
      vertex 50.2500 29.0000 2.4000
      vertex 51.7500 29.0000 3.2000
      vertex 50.2500 29.0000 3.2000
    endloop
  endfacet
  facet normal 0.707107 -0.707107 0.000000
    outer loop
      vertex 51.7500 29.0000 2.4000
      vertex 52.0000 29.2500 2.4000
      vertex 52.0000 29.2500 3.2000
    endloop
  endfacet
  facet normal 0.707107 -0.707107 0.000000
    outer loop
      vertex 51.7500 29.0000 2.4000
      vertex 52.0000 29.2500 3.2000
      vertex 51.7500 29.0000 3.2000
    endloop
  endfacet
  facet normal 0.000000 -1.000000 0.000000
    outer loop
      vertex 52.0000 29.2500 2.4000
      vertex 52.5000 29.2500 2.4000
      vertex 52.5000 29.2500 3.2000
    endloop
  endfacet
  facet normal 0.000000 -1.000000 0.000000
    outer loop
      vertex 52.0000 29.2500 2.4000
      vertex 52.5000 29.2500 3.2000
      vertex 52.0000 29.2500 3.2000
    endloop
  endfacet
  facet normal 0.707107 -0.707107 0.000000
    outer loop
      vertex 52.5000 29.2500 2.4000
      vertex 53.2500 30.0000 2.4000
      vertex 53.2500 30.0000 3.2000
    endloop
  endfacet
  facet normal 0.707107 -0.707107 0.000000
    outer loop
      vertex 52.5000 29.2500 2.4000
      vertex 53.2500 30.0000 3.2000
      vertex 52.5000 29.2500 3.2000
    endloop
  endfacet
  facet normal 1.000000 0.000000 0.000000
    outer loop
      vertex 53.2500 30.0000 2.4000
      vertex 53.2500 30.5000 2.4000
      vertex 53.2500 30.5000 3.2000
    endloop
  endfacet
  facet normal 1.000000 0.000000 0.000000
    outer loop
      vertex 53.2500 30.0000 2.4000
      vertex 53.2500 30.5000 3.2000
      vertex 53.2500 30.0000 3.2000
    endloop
  endfacet
  facet normal 0.707107 -0.707107 0.000000
    outer loop
      vertex 53.2500 30.5000 2.4000
      vertex 53.5000 30.7500 2.4000
      vertex 53.5000 30.7500 3.2000
    endloop
  endfacet
  facet normal 0.707107 -0.707107 0.000000
    outer loop
      vertex 53.2500 30.5000 2.4000
      vertex 53.5000 30.7500 3.2000
      vertex 53.2500 30.5000 3.2000
    endloop
  endfacet
  facet normal 1.000000 0.000000 0.000000
    outer loop
      vertex 53.5000 30.7500 2.4000
      vertex 53.5000 32.5000 2.4000
      vertex 53.5000 32.5000 3.2000
    endloop
  endfacet
  facet normal 1.000000 0.000000 0.000000
    outer loop
      vertex 53.5000 30.7500 2.4000
      vertex 53.5000 32.5000 3.2000
      vertex 53.5000 30.7500 3.2000
    endloop
  endfacet
  facet normal 0.707107 0.707107 0.000000
    outer loop
      vertex 53.5000 32.5000 2.4000
      vertex 53.2500 32.7500 2.4000
      vertex 53.2500 32.7500 3.2000
    endloop
  endfacet
  facet normal 0.707107 0.707107 -0.000000
    outer loop
      vertex 53.5000 32.5000 2.4000
      vertex 53.2500 32.7500 3.2000
      vertex 53.5000 32.5000 3.2000
    endloop
  endfacet
  facet normal 1.000000 0.000000 0.000000
    outer loop
      vertex 53.2500 32.7500 2.4000
      vertex 53.2500 33.0000 2.4000
      vertex 53.2500 33.0000 3.2000
    endloop
  endfacet
  facet normal 1.000000 0.000000 0.000000
    outer loop
      vertex 53.2500 32.7500 2.4000
      vertex 53.2500 33.0000 3.2000
      vertex 53.2500 32.7500 3.2000
    endloop
  endfacet
  facet normal 0.707107 0.707107 0.000000
    outer loop
      vertex 53.2500 33.0000 2.4000
      vertex 53.0000 33.2500 2.4000
      vertex 53.0000 33.2500 3.2000
    endloop
  endfacet
  facet normal 0.707107 0.707107 -0.000000
    outer loop
      vertex 53.2500 33.0000 2.4000
      vertex 53.0000 33.2500 3.2000
      vertex 53.2500 33.0000 3.2000
    endloop
  endfacet
  facet normal 1.000000 0.000000 0.000000
    outer loop
      vertex 53.0000 33.2500 2.4000
      vertex 53.0000 33.5000 2.4000
      vertex 53.0000 33.5000 3.2000
    endloop
  endfacet
  facet normal 1.000000 0.000000 0.000000
    outer loop
      vertex 53.0000 33.2500 2.4000
      vertex 53.0000 33.5000 3.2000
      vertex 53.0000 33.2500 3.2000
    endloop
  endfacet
  facet normal 0.707107 0.707107 0.000000
    outer loop
      vertex 53.0000 33.5000 2.4000
      vertex 52.7500 33.7500 2.4000
      vertex 52.7500 33.7500 3.2000
    endloop
  endfacet
  facet normal 0.707107 0.707107 -0.000000
    outer loop
      vertex 53.0000 33.5000 2.4000
      vertex 52.7500 33.7500 3.2000
      vertex 53.0000 33.5000 3.2000
    endloop
  endfacet
  facet normal 0.000000 1.000000 0.000000
    outer loop
      vertex 52.7500 33.7500 2.4000
      vertex 52.5000 33.7500 2.4000
      vertex 52.5000 33.7500 3.2000
    endloop
  endfacet
  facet normal 0.000000 1.000000 -0.000000
    outer loop
      vertex 52.7500 33.7500 2.4000
      vertex 52.5000 33.7500 3.2000
      vertex 52.7500 33.7500 3.2000
    endloop
  endfacet
  facet normal 0.707107 0.707107 0.000000
    outer loop
      vertex 52.5000 33.7500 2.4000
      vertex 52.2500 34.0000 2.4000
      vertex 52.2500 34.0000 3.2000
    endloop
  endfacet
  facet normal 0.707107 0.707107 -0.000000
    outer loop
      vertex 52.5000 33.7500 2.4000
      vertex 52.2500 34.0000 3.2000
      vertex 52.5000 33.7500 3.2000
    endloop
  endfacet
  facet normal 0.000000 1.000000 0.000000
    outer loop
      vertex 52.2500 34.0000 2.4000
      vertex 52.0000 34.0000 2.4000
      vertex 52.0000 34.0000 3.2000
    endloop
  endfacet
  facet normal 0.000000 1.000000 -0.000000
    outer loop
      vertex 52.2500 34.0000 2.4000
      vertex 52.0000 34.0000 3.2000
      vertex 52.2500 34.0000 3.2000
    endloop
  endfacet
  facet normal 0.707107 0.707107 0.000000
    outer loop
      vertex 52.0000 34.0000 2.4000
      vertex 51.7500 34.2500 2.4000
      vertex 51.7500 34.2500 3.2000
    endloop
  endfacet
  facet normal 0.707107 0.707107 -0.000000
    outer loop
      vertex 52.0000 34.0000 2.4000
      vertex 51.7500 34.2500 3.2000
      vertex 52.0000 34.0000 3.2000
    endloop
  endfacet
  facet normal 0.000000 1.000000 0.000000
    outer loop
      vertex 51.7500 34.2500 2.4000
      vertex 50.2500 34.2500 2.4000
      vertex 50.2500 34.2500 3.2000
    endloop
  endfacet
  facet normal 0.000000 1.000000 -0.000000
    outer loop
      vertex 51.7500 34.2500 2.4000
      vertex 50.2500 34.2500 3.2000
      vertex 51.7500 34.2500 3.2000
    endloop
  endfacet
  facet normal 0.000000 -1.000000 0.000000
    outer loop
      vertex 50.5000 33.5000 2.4000
      vertex 51.5000 33.5000 2.4000
      vertex 51.5000 33.5000 3.2000
    endloop
  endfacet
  facet normal 0.000000 -1.000000 0.000000
    outer loop
      vertex 50.5000 33.5000 2.4000
      vertex 51.5000 33.5000 3.2000
      vertex 50.5000 33.5000 3.2000
    endloop
  endfacet
  facet normal -0.707107 -0.707107 0.000000
    outer loop
      vertex 51.5000 33.5000 2.4000
      vertex 51.7500 33.2500 2.4000
      vertex 51.7500 33.2500 3.2000
    endloop
  endfacet
  facet normal -0.707107 -0.707107 0.000000
    outer loop
      vertex 51.5000 33.5000 2.4000
      vertex 51.7500 33.2500 3.2000
      vertex 51.5000 33.5000 3.2000
    endloop
  endfacet
  facet normal 0.000000 -1.000000 0.000000
    outer loop
      vertex 51.7500 33.2500 2.4000
      vertex 52.0000 33.2500 2.4000
      vertex 52.0000 33.2500 3.2000
    endloop
  endfacet
  facet normal 0.000000 -1.000000 0.000000
    outer loop
      vertex 51.7500 33.2500 2.4000
      vertex 52.0000 33.2500 3.2000
      vertex 51.7500 33.2500 3.2000
    endloop
  endfacet
  facet normal -0.707107 -0.707107 0.000000
    outer loop
      vertex 52.0000 33.2500 2.4000
      vertex 52.5000 32.7500 2.4000
      vertex 52.5000 32.7500 3.2000
    endloop
  endfacet
  facet normal -0.707107 -0.707107 0.000000
    outer loop
      vertex 52.0000 33.2500 2.4000
      vertex 52.5000 32.7500 3.2000
      vertex 52.0000 33.2500 3.2000
    endloop
  endfacet
  facet normal -1.000000 0.000000 0.000000
    outer loop
      vertex 52.5000 32.7500 2.4000
      vertex 52.5000 32.2500 2.4000
      vertex 52.5000 32.2500 3.2000
    endloop
  endfacet
  facet normal -1.000000 0.000000 0.000000
    outer loop
      vertex 52.5000 32.7500 2.4000
      vertex 52.5000 32.2500 3.2000
      vertex 52.5000 32.7500 3.2000
    endloop
  endfacet
  facet normal -0.707107 -0.707107 0.000000
    outer loop
      vertex 52.5000 32.2500 2.4000
      vertex 52.7500 32.0000 2.4000
      vertex 52.7500 32.0000 3.2000
    endloop
  endfacet
  facet normal -0.707107 -0.707107 0.000000
    outer loop
      vertex 52.5000 32.2500 2.4000
      vertex 52.7500 32.0000 3.2000
      vertex 52.5000 32.2500 3.2000
    endloop
  endfacet
  facet normal -1.000000 0.000000 0.000000
    outer loop
      vertex 52.7500 32.0000 2.4000
      vertex 52.7500 31.2500 2.4000
      vertex 52.7500 31.2500 3.2000
    endloop
  endfacet
  facet normal -1.000000 0.000000 0.000000
    outer loop
      vertex 52.7500 32.0000 2.4000
      vertex 52.7500 31.2500 3.2000
      vertex 52.7500 32.0000 3.2000
    endloop
  endfacet
  facet normal -0.707107 0.707107 0.000000
    outer loop
      vertex 52.7500 31.2500 2.4000
      vertex 52.5000 31.0000 2.4000
      vertex 52.5000 31.0000 3.2000
    endloop
  endfacet
  facet normal -0.707107 0.707107 0.000000
    outer loop
      vertex 52.7500 31.2500 2.4000
      vertex 52.5000 31.0000 3.2000
      vertex 52.7500 31.2500 3.2000
    endloop
  endfacet
  facet normal -1.000000 0.000000 0.000000
    outer loop
      vertex 52.5000 31.0000 2.4000
      vertex 52.5000 30.5000 2.4000
      vertex 52.5000 30.5000 3.2000
    endloop
  endfacet
  facet normal -1.000000 0.000000 0.000000
    outer loop
      vertex 52.5000 31.0000 2.4000
      vertex 52.5000 30.5000 3.2000
      vertex 52.5000 31.0000 3.2000
    endloop
  endfacet
  facet normal -0.707107 0.707107 0.000000
    outer loop
      vertex 52.5000 30.5000 2.4000
      vertex 52.0000 30.0000 2.4000
      vertex 52.0000 30.0000 3.2000
    endloop
  endfacet
  facet normal -0.707107 0.707107 0.000000
    outer loop
      vertex 52.5000 30.5000 2.4000
      vertex 52.0000 30.0000 3.2000
      vertex 52.5000 30.5000 3.2000
    endloop
  endfacet
  facet normal 0.000000 1.000000 0.000000
    outer loop
      vertex 52.0000 30.0000 2.4000
      vertex 51.7500 30.0000 2.4000
      vertex 51.7500 30.0000 3.2000
    endloop
  endfacet
  facet normal 0.000000 1.000000 -0.000000
    outer loop
      vertex 52.0000 30.0000 2.4000
      vertex 51.7500 30.0000 3.2000
      vertex 52.0000 30.0000 3.2000
    endloop
  endfacet
  facet normal -0.707107 0.707107 0.000000
    outer loop
      vertex 51.7500 30.0000 2.4000
      vertex 51.5000 29.7500 2.4000
      vertex 51.5000 29.7500 3.2000
    endloop
  endfacet
  facet normal -0.707107 0.707107 0.000000
    outer loop
      vertex 51.7500 30.0000 2.4000
      vertex 51.5000 29.7500 3.2000
      vertex 51.7500 30.0000 3.2000
    endloop
  endfacet
  facet normal 0.000000 1.000000 0.000000
    outer loop
      vertex 51.5000 29.7500 2.4000
      vertex 50.5000 29.7500 2.4000
      vertex 50.5000 29.7500 3.2000
    endloop
  endfacet
  facet normal 0.000000 1.000000 -0.000000
    outer loop
      vertex 51.5000 29.7500 2.4000
      vertex 50.5000 29.7500 3.2000
      vertex 51.5000 29.7500 3.2000
    endloop
  endfacet
  facet normal 0.707107 0.707107 0.000000
    outer loop
      vertex 50.5000 29.7500 2.4000
      vertex 49.5000 30.7500 2.4000
      vertex 49.5000 30.7500 3.2000
    endloop
  endfacet
  facet normal 0.707107 0.707107 -0.000000
    outer loop
      vertex 50.5000 29.7500 2.4000
      vertex 49.5000 30.7500 3.2000
      vertex 50.5000 29.7500 3.2000
    endloop
  endfacet
  facet normal 1.000000 0.000000 0.000000
    outer loop
      vertex 49.5000 30.7500 2.4000
      vertex 49.5000 32.5000 2.4000
      vertex 49.5000 32.5000 3.2000
    endloop
  endfacet
  facet normal 1.000000 0.000000 0.000000
    outer loop
      vertex 49.5000 30.7500 2.4000
      vertex 49.5000 32.5000 3.2000
      vertex 49.5000 30.7500 3.2000
    endloop
  endfacet
  facet normal 0.707107 -0.707107 0.000000
    outer loop
      vertex 49.5000 32.5000 2.4000
      vertex 50.5000 33.5000 2.4000
      vertex 50.5000 33.5000 3.2000
    endloop
  endfacet
  facet normal 0.707107 -0.707107 0.000000
    outer loop
      vertex 49.5000 32.5000 2.4000
      vertex 50.5000 33.5000 3.2000
      vertex 49.5000 32.5000 3.2000
    endloop
  endfacet
  facet normal 0.000000 0.000000 -1.000000
    outer loop
      vertex 42.0000 34.2500 3.2000
      vertex 43.2500 33.5000 3.2000
      vertex 42.0000 33.5000 3.2000
    endloop
  endfacet
  facet normal 0.000000 0.000000 1.000000
    outer loop
      vertex 42.0000 33.5000 2.4000
      vertex 43.2500 33.5000 2.4000
      vertex 42.0000 34.2500 2.4000
    endloop
  endfacet
  facet normal 0.000000 0.000000 -1.000000
    outer loop
      vertex 42.0000 34.2500 3.2000
      vertex 44.5000 33.5000 3.2000
      vertex 43.2500 33.5000 3.2000
    endloop
  endfacet
  facet normal 0.000000 -0.000000 1.000000
    outer loop
      vertex 43.2500 33.5000 2.4000
      vertex 44.5000 33.5000 2.4000
      vertex 42.0000 34.2500 2.4000
    endloop
  endfacet
  facet normal 0.000000 0.000000 -1.000000
    outer loop
      vertex 42.0000 34.2500 3.2000
      vertex 46.0000 34.2500 3.2000
      vertex 44.5000 33.5000 3.2000
    endloop
  endfacet
  facet normal 0.000000 -0.000000 1.000000
    outer loop
      vertex 44.5000 33.5000 2.4000
      vertex 46.0000 34.2500 2.4000
      vertex 42.0000 34.2500 2.4000
    endloop
  endfacet
  facet normal 0.000000 -0.000000 -1.000000
    outer loop
      vertex 46.0000 34.2500 3.2000
      vertex 46.0000 33.5000 3.2000
      vertex 44.5000 33.5000 3.2000
    endloop
  endfacet
  facet normal 0.000000 0.000000 1.000000
    outer loop
      vertex 44.5000 33.5000 2.4000
      vertex 46.0000 33.5000 2.4000
      vertex 46.0000 34.2500 2.4000
    endloop
  endfacet
  facet normal 0.000000 0.000000 -1.000000
    outer loop
      vertex 44.2500 29.0000 3.2000
      vertex 43.5000 33.2500 3.2000
      vertex 44.2500 33.2500 3.2000
    endloop
  endfacet
  facet normal 0.000000 0.000000 1.000000
    outer loop
      vertex 44.2500 33.2500 2.4000
      vertex 43.5000 33.2500 2.4000
      vertex 44.2500 29.0000 2.4000
    endloop
  endfacet
  facet normal 0.000000 0.000000 -1.000000
    outer loop
      vertex 44.2500 29.0000 3.2000
      vertex 43.5000 29.0000 3.2000
      vertex 43.5000 33.2500 3.2000
    endloop
  endfacet
  facet normal 0.000000 0.000000 1.000000
    outer loop
      vertex 43.5000 33.2500 2.4000
      vertex 43.5000 29.0000 2.4000
      vertex 44.2500 29.0000 2.4000
    endloop
  endfacet
  facet normal 0.000000 0.000000 -1.000000
    outer loop
      vertex 43.2500 33.5000 3.2000
      vertex 44.2500 33.2500 3.2000
      vertex 43.5000 33.2500 3.2000
    endloop
  endfacet
  facet normal 0.000000 -0.000000 1.000000
    outer loop
      vertex 43.5000 33.2500 2.4000
      vertex 44.2500 33.2500 2.4000
      vertex 43.2500 33.5000 2.4000
    endloop
  endfacet
  facet normal 0.000000 0.000000 -1.000000
    outer loop
      vertex 43.2500 33.5000 3.2000
      vertex 44.5000 33.5000 3.2000
      vertex 44.2500 33.2500 3.2000
    endloop
  endfacet
  facet normal 0.000000 -0.000000 1.000000
    outer loop
      vertex 44.2500 33.2500 2.4000
      vertex 44.5000 33.5000 2.4000
      vertex 43.2500 33.5000 2.4000
    endloop
  endfacet
  facet normal -1.000000 0.000000 0.000000
    outer loop
      vertex 42.0000 34.2500 2.4000
      vertex 42.0000 33.5000 2.4000
      vertex 42.0000 33.5000 3.2000
    endloop
  endfacet
  facet normal -1.000000 0.000000 0.000000
    outer loop
      vertex 42.0000 34.2500 2.4000
      vertex 42.0000 33.5000 3.2000
      vertex 42.0000 34.2500 3.2000
    endloop
  endfacet
  facet normal 0.000000 -1.000000 0.000000
    outer loop
      vertex 42.0000 33.5000 2.4000
      vertex 43.2500 33.5000 2.4000
      vertex 43.2500 33.5000 3.2000
    endloop
  endfacet
  facet normal 0.000000 -1.000000 0.000000
    outer loop
      vertex 42.0000 33.5000 2.4000
      vertex 43.2500 33.5000 3.2000
      vertex 42.0000 33.5000 3.2000
    endloop
  endfacet
  facet normal -0.707107 -0.707107 0.000000
    outer loop
      vertex 43.2500 33.5000 2.4000
      vertex 43.5000 33.2500 2.4000
      vertex 43.5000 33.2500 3.2000
    endloop
  endfacet
  facet normal -0.707107 -0.707107 0.000000
    outer loop
      vertex 43.2500 33.5000 2.4000
      vertex 43.5000 33.2500 3.2000
      vertex 43.2500 33.5000 3.2000
    endloop
  endfacet
  facet normal -1.000000 0.000000 0.000000
    outer loop
      vertex 43.5000 33.2500 2.4000
      vertex 43.5000 29.0000 2.4000
      vertex 43.5000 29.0000 3.2000
    endloop
  endfacet
  facet normal -1.000000 0.000000 0.000000
    outer loop
      vertex 43.5000 33.2500 2.4000
      vertex 43.5000 29.0000 3.2000
      vertex 43.5000 33.2500 3.2000
    endloop
  endfacet
  facet normal 0.000000 -1.000000 0.000000
    outer loop
      vertex 43.5000 29.0000 2.4000
      vertex 44.2500 29.0000 2.4000
      vertex 44.2500 29.0000 3.2000
    endloop
  endfacet
  facet normal 0.000000 -1.000000 0.000000
    outer loop
      vertex 43.5000 29.0000 2.4000
      vertex 44.2500 29.0000 3.2000
      vertex 43.5000 29.0000 3.2000
    endloop
  endfacet
  facet normal 1.000000 0.000000 0.000000
    outer loop
      vertex 44.2500 29.0000 2.4000
      vertex 44.2500 33.2500 2.4000
      vertex 44.2500 33.2500 3.2000
    endloop
  endfacet
  facet normal 1.000000 0.000000 0.000000
    outer loop
      vertex 44.2500 29.0000 2.4000
      vertex 44.2500 33.2500 3.2000
      vertex 44.2500 29.0000 3.2000
    endloop
  endfacet
  facet normal 0.707107 -0.707107 0.000000
    outer loop
      vertex 44.2500 33.2500 2.4000
      vertex 44.5000 33.5000 2.4000
      vertex 44.5000 33.5000 3.2000
    endloop
  endfacet
  facet normal 0.707107 -0.707107 0.000000
    outer loop
      vertex 44.2500 33.2500 2.4000
      vertex 44.5000 33.5000 3.2000
      vertex 44.2500 33.2500 3.2000
    endloop
  endfacet
  facet normal 0.000000 -1.000000 0.000000
    outer loop
      vertex 44.5000 33.5000 2.4000
      vertex 46.0000 33.5000 2.4000
      vertex 46.0000 33.5000 3.2000
    endloop
  endfacet
  facet normal 0.000000 -1.000000 0.000000
    outer loop
      vertex 44.5000 33.5000 2.4000
      vertex 46.0000 33.5000 3.2000
      vertex 44.5000 33.5000 3.2000
    endloop
  endfacet
  facet normal 1.000000 0.000000 0.000000
    outer loop
      vertex 46.0000 33.5000 2.4000
      vertex 46.0000 34.2500 2.4000
      vertex 46.0000 34.2500 3.2000
    endloop
  endfacet
  facet normal 1.000000 0.000000 0.000000
    outer loop
      vertex 46.0000 33.5000 2.4000
      vertex 46.0000 34.2500 3.2000
      vertex 46.0000 33.5000 3.2000
    endloop
  endfacet
  facet normal 0.000000 1.000000 0.000000
    outer loop
      vertex 46.0000 34.2500 2.4000
      vertex 42.0000 34.2500 2.4000
      vertex 42.0000 34.2500 3.2000
    endloop
  endfacet
  facet normal 0.000000 1.000000 -0.000000
    outer loop
      vertex 46.0000 34.2500 2.4000
      vertex 42.0000 34.2500 3.2000
      vertex 46.0000 34.2500 3.2000
    endloop
  endfacet
  facet normal 0.000000 0.000000 -1.000000
    outer loop
      vertex 37.0000 33.2500 3.2000
      vertex 37.5000 32.5000 3.2000
      vertex 37.0000 33.0000 3.2000
    endloop
  endfacet
  facet normal -0.000000 0.000000 1.000000
    outer loop
      vertex 37.0000 33.0000 2.4000
      vertex 37.5000 32.5000 2.4000
      vertex 37.0000 33.2500 2.4000
    endloop
  endfacet
  facet normal 0.000000 0.000000 -1.000000
    outer loop
      vertex 37.0000 33.2500 3.2000
      vertex 37.7500 34.0000 3.2000
      vertex 37.5000 32.5000 3.2000
    endloop
  endfacet
  facet normal 0.000000 -0.000000 1.000000
    outer loop
      vertex 37.5000 32.5000 2.4000
      vertex 37.7500 34.0000 2.4000
      vertex 37.0000 33.2500 2.4000
    endloop
  endfacet
  facet normal 0.000000 -0.000000 -1.000000
    outer loop
      vertex 37.7500 34.0000 3.2000
      vertex 38.5000 33.5000 3.2000
      vertex 37.5000 32.5000 3.2000
    endloop
  endfacet
  facet normal 0.000000 0.000000 1.000000
    outer loop
      vertex 37.5000 32.5000 2.4000
      vertex 38.5000 33.5000 2.4000
      vertex 37.7500 34.0000 2.4000
    endloop
  endfacet
  facet normal 0.000000 0.000000 -1.000000
    outer loop
      vertex 37.7500 34.0000 3.2000
      vertex 38.0000 34.0000 3.2000
      vertex 38.5000 33.5000 3.2000
    endloop
  endfacet
  facet normal 0.000000 0.000000 1.000000
    outer loop
      vertex 38.5000 33.5000 2.4000
      vertex 38.0000 34.0000 2.4000
      vertex 37.7500 34.0000 2.4000
    endloop
  endfacet
  facet normal 0.000000 -0.000000 -1.000000
    outer loop
      vertex 38.2500 34.2500 3.2000
      vertex 38.5000 33.5000 3.2000
      vertex 38.0000 34.0000 3.2000
    endloop
  endfacet
  facet normal -0.000000 0.000000 1.000000
    outer loop
      vertex 38.0000 34.0000 2.4000
      vertex 38.5000 33.5000 2.4000
      vertex 38.2500 34.2500 2.4000
    endloop
  endfacet
  facet normal 0.000000 0.000000 -1.000000
    outer loop
      vertex 38.2500 34.2500 3.2000
      vertex 39.2500 33.5000 3.2000
      vertex 38.5000 33.5000 3.2000
    endloop
  endfacet
  facet normal 0.000000 -0.000000 1.000000
    outer loop
      vertex 38.5000 33.5000 2.4000
      vertex 39.2500 33.5000 2.4000
      vertex 38.2500 34.2500 2.4000
    endloop
  endfacet
  facet normal 0.000000 0.000000 -1.000000
    outer loop
      vertex 38.2500 34.2500 3.2000
      vertex 39.7500 34.2500 3.2000
      vertex 39.2500 33.5000 3.2000
    endloop
  endfacet
  facet normal 0.000000 -0.000000 1.000000
    outer loop
      vertex 39.2500 33.5000 2.4000
      vertex 39.7500 34.2500 2.4000
      vertex 38.2500 34.2500 2.4000
    endloop
  endfacet
  facet normal 0.000000 -0.000000 -1.000000
    outer loop
      vertex 39.7500 34.2500 3.2000
      vertex 40.0000 34.0000 3.2000
      vertex 39.2500 33.5000 3.2000
    endloop
  endfacet
  facet normal 0.000000 0.000000 1.000000
    outer loop
      vertex 39.2500 33.5000 2.4000
      vertex 40.0000 34.0000 2.4000
      vertex 39.7500 34.2500 2.4000
    endloop
  endfacet
  facet normal -0.000000 0.000000 -1.000000
    outer loop
      vertex 40.2500 34.0000 3.2000
      vertex 39.7500 33.2500 3.2000
      vertex 40.0000 34.0000 3.2000
    endloop
  endfacet
  facet normal -0.000000 0.000000 1.000000
    outer loop
      vertex 40.0000 34.0000 2.4000
      vertex 39.7500 33.2500 2.4000
      vertex 40.2500 34.0000 2.4000
    endloop
  endfacet
  facet normal 0.000000 -0.000000 -1.000000
    outer loop
      vertex 40.2500 34.0000 3.2000
      vertex 40.7500 33.5000 3.2000
      vertex 39.7500 33.2500 3.2000
    endloop
  endfacet
  facet normal 0.000000 0.000000 1.000000
    outer loop
      vertex 39.7500 33.2500 2.4000
      vertex 40.7500 33.5000 2.4000
      vertex 40.2500 34.0000 2.4000
    endloop
  endfacet
  facet normal 0.000000 -0.000000 -1.000000
    outer loop
      vertex 40.7500 33.5000 3.2000
      vertex 40.7500 33.2500 3.2000
      vertex 39.7500 33.2500 3.2000
    endloop
  endfacet
  facet normal 0.000000 0.000000 1.000000
    outer loop
      vertex 39.7500 33.2500 2.4000
      vertex 40.7500 33.2500 2.4000
      vertex 40.7500 33.5000 2.4000
    endloop
  endfacet
  facet normal 0.000000 0.000000 -1.000000
    outer loop
      vertex 41.0000 33.0000 3.2000
      vertex 40.7500 33.0000 3.2000
      vertex 40.7500 33.2500 3.2000
    endloop
  endfacet
  facet normal 0.000000 0.000000 1.000000
    outer loop
      vertex 40.7500 33.2500 2.4000
      vertex 40.7500 33.0000 2.4000
      vertex 41.0000 33.0000 2.4000
    endloop
  endfacet
  facet normal 0.000000 0.000000 -1.000000
    outer loop
      vertex 40.0000 29.2500 3.2000
      vertex 40.0000 30.5000 3.2000
      vertex 40.7500 30.0000 3.2000
    endloop
  endfacet
  facet normal 0.000000 0.000000 1.000000
    outer loop
      vertex 40.7500 30.0000 2.4000
      vertex 40.0000 30.5000 2.4000
      vertex 40.0000 29.2500 2.4000
    endloop
  endfacet
  facet normal 0.000000 0.000000 -1.000000
    outer loop
      vertex 40.0000 29.2500 3.2000
      vertex 39.2500 29.7500 3.2000
      vertex 40.0000 30.5000 3.2000
    endloop
  endfacet
  facet normal 0.000000 0.000000 1.000000
    outer loop
      vertex 40.0000 30.5000 2.4000
      vertex 39.2500 29.7500 2.4000
      vertex 40.0000 29.2500 2.4000
    endloop
  endfacet
  facet normal 0.000000 0.000000 -1.000000
    outer loop
      vertex 40.0000 29.2500 3.2000
      vertex 39.7500 29.2500 3.2000
      vertex 39.2500 29.7500 3.2000
    endloop
  endfacet
  facet normal 0.000000 0.000000 1.000000
    outer loop
      vertex 39.2500 29.7500 2.4000
      vertex 39.7500 29.2500 2.4000
      vertex 40.0000 29.2500 2.4000
    endloop
  endfacet
  facet normal 0.000000 0.000000 -1.000000
    outer loop
      vertex 39.5000 29.0000 3.2000
      vertex 39.2500 29.7500 3.2000
      vertex 39.7500 29.2500 3.2000
    endloop
  endfacet
  facet normal 0.000000 0.000000 1.000000
    outer loop
      vertex 39.7500 29.2500 2.4000
      vertex 39.2500 29.7500 2.4000
      vertex 39.5000 29.0000 2.4000
    endloop
  endfacet
  facet normal 0.000000 0.000000 -1.000000
    outer loop
      vertex 39.5000 29.0000 3.2000
      vertex 38.2500 29.0000 3.2000
      vertex 39.2500 29.7500 3.2000
    endloop
  endfacet
  facet normal 0.000000 0.000000 1.000000
    outer loop
      vertex 39.2500 29.7500 2.4000
      vertex 38.2500 29.0000 2.4000
      vertex 39.5000 29.0000 2.4000
    endloop
  endfacet
  facet normal 0.000000 0.000000 -1.000000
    outer loop
      vertex 38.2500 29.0000 3.2000
      vertex 38.5000 29.7500 3.2000
      vertex 39.2500 29.7500 3.2000
    endloop
  endfacet
  facet normal 0.000000 0.000000 1.000000
    outer loop
      vertex 39.2500 29.7500 2.4000
      vertex 38.5000 29.7500 2.4000
      vertex 38.2500 29.0000 2.4000
    endloop
  endfacet
  facet normal 0.000000 0.000000 -1.000000
    outer loop
      vertex 38.2500 29.0000 3.2000
      vertex 38.0000 29.2500 3.2000
      vertex 38.5000 29.7500 3.2000
    endloop
  endfacet
  facet normal 0.000000 0.000000 1.000000
    outer loop
      vertex 38.5000 29.7500 2.4000
      vertex 38.0000 29.2500 2.4000
      vertex 38.2500 29.0000 2.4000
    endloop
  endfacet
  facet normal 0.000000 0.000000 -1.000000
    outer loop
      vertex 37.7500 29.2500 3.2000
      vertex 38.5000 29.7500 3.2000
      vertex 38.0000 29.2500 3.2000
    endloop
  endfacet
  facet normal 0.000000 -0.000000 1.000000
    outer loop
      vertex 38.0000 29.2500 2.4000
      vertex 38.5000 29.7500 2.4000
      vertex 37.7500 29.2500 2.4000
    endloop
  endfacet
  facet normal 0.000000 0.000000 -1.000000
    outer loop
      vertex 37.7500 29.2500 3.2000
      vertex 37.5000 30.7500 3.2000
      vertex 38.5000 29.7500 3.2000
    endloop
  endfacet
  facet normal 0.000000 0.000000 1.000000
    outer loop
      vertex 38.5000 29.7500 2.4000
      vertex 37.5000 30.7500 2.4000
      vertex 37.7500 29.2500 2.4000
    endloop
  endfacet
  facet normal 0.000000 0.000000 -1.000000
    outer loop
      vertex 37.7500 29.2500 3.2000
      vertex 36.7500 30.2500 3.2000
      vertex 37.5000 30.7500 3.2000
    endloop
  endfacet
  facet normal 0.000000 0.000000 1.000000
    outer loop
      vertex 37.5000 30.7500 2.4000
      vertex 36.7500 30.2500 2.4000
      vertex 37.7500 29.2500 2.4000
    endloop
  endfacet
  facet normal 0.000000 0.000000 -1.000000
    outer loop
      vertex 36.7500 30.2500 3.2000
      vertex 36.7500 31.2500 3.2000
      vertex 37.5000 30.7500 3.2000
    endloop
  endfacet
  facet normal 0.000000 0.000000 1.000000
    outer loop
      vertex 37.5000 30.7500 2.4000
      vertex 36.7500 31.2500 2.4000
      vertex 36.7500 30.2500 2.4000
    endloop
  endfacet
  facet normal 0.000000 0.000000 -1.000000
    outer loop
      vertex 36.5000 31.5000 3.2000
      vertex 36.5000 31.7500 3.2000
      vertex 36.7500 31.2500 3.2000
    endloop
  endfacet
  facet normal 0.000000 0.000000 1.000000
    outer loop
      vertex 36.7500 31.2500 2.4000
      vertex 36.5000 31.7500 2.4000
      vertex 36.5000 31.5000 2.4000
    endloop
  endfacet
  facet normal 0.000000 0.000000 -1.000000
    outer loop
      vertex 36.5000 31.7500 3.2000
      vertex 36.7500 32.0000 3.2000
      vertex 36.7500 31.2500 3.2000
    endloop
  endfacet
  facet normal 0.000000 -0.000000 1.000000
    outer loop
      vertex 36.7500 31.2500 2.4000
      vertex 36.7500 32.0000 2.4000
      vertex 36.5000 31.7500 2.4000
    endloop
  endfacet
  facet normal 0.000000 0.000000 -1.000000
    outer loop
      vertex 36.7500 32.7500 3.2000
      vertex 37.5000 32.5000 3.2000
      vertex 36.7500 32.0000 3.2000
    endloop
  endfacet
  facet normal 0.000000 0.000000 1.000000
    outer loop
      vertex 36.7500 32.0000 2.4000
      vertex 37.5000 32.5000 2.4000
      vertex 36.7500 32.7500 2.4000
    endloop
  endfacet
  facet normal 0.000000 0.000000 -1.000000
    outer loop
      vertex 36.7500 32.7500 3.2000
      vertex 37.0000 33.0000 3.2000
      vertex 37.5000 32.5000 3.2000
    endloop
  endfacet
  facet normal 0.000000 0.000000 1.000000
    outer loop
      vertex 37.5000 32.5000 2.4000
      vertex 37.0000 33.0000 2.4000
      vertex 36.7500 32.7500 2.4000
    endloop
  endfacet
  facet normal 0.000000 -0.000000 -1.000000
    outer loop
      vertex 37.5000 32.5000 3.2000
      vertex 37.5000 30.7500 3.2000
      vertex 36.7500 32.0000 3.2000
    endloop
  endfacet
  facet normal -0.000000 0.000000 1.000000
    outer loop
      vertex 36.7500 32.0000 2.4000
      vertex 37.5000 30.7500 2.4000
      vertex 37.5000 32.5000 2.4000
    endloop
  endfacet
  facet normal 0.000000 0.000000 -1.000000
    outer loop
      vertex 39.2500 33.5000 3.2000
      vertex 39.7500 33.2500 3.2000
      vertex 39.5000 33.2500 3.2000
    endloop
  endfacet
  facet normal 0.000000 -0.000000 1.000000
    outer loop
      vertex 39.5000 33.2500 2.4000
      vertex 39.7500 33.2500 2.4000
      vertex 39.2500 33.5000 2.4000
    endloop
  endfacet
  facet normal 0.000000 0.000000 -1.000000
    outer loop
      vertex 39.2500 33.5000 3.2000
      vertex 40.0000 34.0000 3.2000
      vertex 39.7500 33.2500 3.2000
    endloop
  endfacet
  facet normal 0.000000 -0.000000 1.000000
    outer loop
      vertex 39.7500 33.2500 2.4000
      vertex 40.0000 34.0000 2.4000
      vertex 39.2500 33.5000 2.4000
    endloop
  endfacet
  facet normal 0.000000 0.000000 -1.000000
    outer loop
      vertex 39.7500 33.2500 3.2000
      vertex 40.7500 33.2500 3.2000
      vertex 40.2500 32.7500 3.2000
    endloop
  endfacet
  facet normal 0.000000 -0.000000 1.000000
    outer loop
      vertex 40.2500 32.7500 2.4000
      vertex 40.7500 33.2500 2.4000
      vertex 39.7500 33.2500 2.4000
    endloop
  endfacet
  facet normal 0.000000 -0.000000 -1.000000
    outer loop
      vertex 40.7500 33.2500 3.2000
      vertex 40.7500 33.0000 3.2000
      vertex 40.2500 32.7500 3.2000
    endloop
  endfacet
  facet normal 0.000000 0.000000 1.000000
    outer loop
      vertex 40.2500 32.7500 2.4000
      vertex 40.7500 33.0000 2.4000
      vertex 40.7500 33.2500 2.4000
    endloop
  endfacet
  facet normal 0.000000 0.000000 -1.000000
    outer loop
      vertex 40.7500 33.0000 3.2000
      vertex 40.5000 32.7500 3.2000
      vertex 40.2500 32.7500 3.2000
    endloop
  endfacet
  facet normal 0.000000 0.000000 1.000000
    outer loop
      vertex 40.2500 32.7500 2.4000
      vertex 40.5000 32.7500 2.4000
      vertex 40.7500 33.0000 2.4000
    endloop
  endfacet
  facet normal -0.000000 -0.000000 -1.000000
    outer loop
      vertex 41.0000 30.7500 3.2000
      vertex 41.0000 30.5000 3.2000
      vertex 40.7500 30.7500 3.2000
    endloop
  endfacet
  facet normal -0.000000 0.000000 1.000000
    outer loop
      vertex 40.7500 30.7500 2.4000
      vertex 41.0000 30.5000 2.4000
      vertex 41.0000 30.7500 2.4000
    endloop
  endfacet
  facet normal -0.000000 0.000000 -1.000000
    outer loop
      vertex 41.0000 30.5000 3.2000
      vertex 40.7500 30.2500 3.2000
      vertex 40.7500 30.7500 3.2000
    endloop
  endfacet
  facet normal 0.000000 0.000000 1.000000
    outer loop
      vertex 40.7500 30.7500 2.4000
      vertex 40.7500 30.2500 2.4000
      vertex 41.0000 30.5000 2.4000
    endloop
  endfacet
  facet normal 0.000000 0.000000 -1.000000
    outer loop
      vertex 40.7500 30.0000 3.2000
      vertex 40.0000 30.5000 3.2000
      vertex 40.7500 30.2500 3.2000
    endloop
  endfacet
  facet normal 0.000000 0.000000 1.000000
    outer loop
      vertex 40.7500 30.2500 2.4000
      vertex 40.0000 30.5000 2.4000
      vertex 40.7500 30.0000 2.4000
    endloop
  endfacet
  facet normal 0.000000 0.000000 -1.000000
    outer loop
      vertex 40.0000 30.5000 3.2000
      vertex 40.7500 30.7500 3.2000
      vertex 40.7500 30.2500 3.2000
    endloop
  endfacet
  facet normal 0.000000 -0.000000 1.000000
    outer loop
      vertex 40.7500 30.2500 2.4000
      vertex 40.7500 30.7500 2.4000
      vertex 40.0000 30.5000 2.4000
    endloop
  endfacet
  facet normal 0.000000 0.000000 -1.000000
    outer loop
      vertex 40.0000 30.5000 3.2000
      vertex 40.5000 31.0000 3.2000
      vertex 40.7500 30.7500 3.2000
    endloop
  endfacet
  facet normal 0.000000 0.000000 1.000000
    outer loop
      vertex 40.7500 30.7500 2.4000
      vertex 40.5000 31.0000 2.4000
      vertex 40.0000 30.5000 2.4000
    endloop
  endfacet
  facet normal 0.000000 0.000000 -1.000000
    outer loop
      vertex 40.0000 30.5000 3.2000
      vertex 40.2500 31.0000 3.2000
      vertex 40.5000 31.0000 3.2000
    endloop
  endfacet
  facet normal 0.000000 0.000000 1.000000
    outer loop
      vertex 40.5000 31.0000 2.4000
      vertex 40.2500 31.0000 2.4000
      vertex 40.0000 30.5000 2.4000
    endloop
  endfacet
  facet normal 0.000000 0.000000 -1.000000
    outer loop
      vertex 40.0000 30.5000 3.2000
      vertex 40.0000 30.7500 3.2000
      vertex 40.2500 31.0000 3.2000
    endloop
  endfacet
  facet normal 0.000000 0.000000 1.000000
    outer loop
      vertex 40.2500 31.0000 2.4000
      vertex 40.0000 30.7500 2.4000
      vertex 40.0000 30.5000 2.4000
    endloop
  endfacet
  facet normal 0.000000 0.000000 -1.000000
    outer loop
      vertex 37.5000 30.7500 3.2000
      vertex 36.7500 31.2500 3.2000
      vertex 36.7500 32.0000 3.2000
    endloop
  endfacet
  facet normal 0.000000 0.000000 1.000000
    outer loop
      vertex 36.7500 32.0000 2.4000
      vertex 36.7500 31.2500 2.4000
      vertex 37.5000 30.7500 2.4000
    endloop
  endfacet
  facet normal -0.707107 0.707107 0.000000
    outer loop
      vertex 38.2500 34.2500 2.4000
      vertex 38.0000 34.0000 2.4000
      vertex 38.0000 34.0000 3.2000
    endloop
  endfacet
  facet normal -0.707107 0.707107 0.000000
    outer loop
      vertex 38.2500 34.2500 2.4000
      vertex 38.0000 34.0000 3.2000
      vertex 38.2500 34.2500 3.2000
    endloop
  endfacet
  facet normal 0.000000 1.000000 0.000000
    outer loop
      vertex 38.0000 34.0000 2.4000
      vertex 37.7500 34.0000 2.4000
      vertex 37.7500 34.0000 3.2000
    endloop
  endfacet
  facet normal 0.000000 1.000000 -0.000000
    outer loop
      vertex 38.0000 34.0000 2.4000
      vertex 37.7500 34.0000 3.2000
      vertex 38.0000 34.0000 3.2000
    endloop
  endfacet
  facet normal -0.707107 0.707107 0.000000
    outer loop
      vertex 37.7500 34.0000 2.4000
      vertex 37.0000 33.2500 2.4000
      vertex 37.0000 33.2500 3.2000
    endloop
  endfacet
  facet normal -0.707107 0.707107 0.000000
    outer loop
      vertex 37.7500 34.0000 2.4000
      vertex 37.0000 33.2500 3.2000
      vertex 37.7500 34.0000 3.2000
    endloop
  endfacet
  facet normal -1.000000 0.000000 0.000000
    outer loop
      vertex 37.0000 33.2500 2.4000
      vertex 37.0000 33.0000 2.4000
      vertex 37.0000 33.0000 3.2000
    endloop
  endfacet
  facet normal -1.000000 0.000000 0.000000
    outer loop
      vertex 37.0000 33.2500 2.4000
      vertex 37.0000 33.0000 3.2000
      vertex 37.0000 33.2500 3.2000
    endloop
  endfacet
  facet normal -0.707107 0.707107 0.000000
    outer loop
      vertex 37.0000 33.0000 2.4000
      vertex 36.7500 32.7500 2.4000
      vertex 36.7500 32.7500 3.2000
    endloop
  endfacet
  facet normal -0.707107 0.707107 0.000000
    outer loop
      vertex 37.0000 33.0000 2.4000
      vertex 36.7500 32.7500 3.2000
      vertex 37.0000 33.0000 3.2000
    endloop
  endfacet
  facet normal -1.000000 0.000000 0.000000
    outer loop
      vertex 36.7500 32.7500 2.4000
      vertex 36.7500 32.0000 2.4000
      vertex 36.7500 32.0000 3.2000
    endloop
  endfacet
  facet normal -1.000000 0.000000 0.000000
    outer loop
      vertex 36.7500 32.7500 2.4000
      vertex 36.7500 32.0000 3.2000
      vertex 36.7500 32.7500 3.2000
    endloop
  endfacet
  facet normal -0.707107 0.707107 0.000000
    outer loop
      vertex 36.7500 32.0000 2.4000
      vertex 36.5000 31.7500 2.4000
      vertex 36.5000 31.7500 3.2000
    endloop
  endfacet
  facet normal -0.707107 0.707107 0.000000
    outer loop
      vertex 36.7500 32.0000 2.4000
      vertex 36.5000 31.7500 3.2000
      vertex 36.7500 32.0000 3.2000
    endloop
  endfacet
  facet normal -1.000000 0.000000 0.000000
    outer loop
      vertex 36.5000 31.7500 2.4000
      vertex 36.5000 31.5000 2.4000
      vertex 36.5000 31.5000 3.2000
    endloop
  endfacet
  facet normal -1.000000 0.000000 0.000000
    outer loop
      vertex 36.5000 31.7500 2.4000
      vertex 36.5000 31.5000 3.2000
      vertex 36.5000 31.7500 3.2000
    endloop
  endfacet
  facet normal -0.707107 -0.707107 0.000000
    outer loop
      vertex 36.5000 31.5000 2.4000
      vertex 36.7500 31.2500 2.4000
      vertex 36.7500 31.2500 3.2000
    endloop
  endfacet
  facet normal -0.707107 -0.707107 0.000000
    outer loop
      vertex 36.5000 31.5000 2.4000
      vertex 36.7500 31.2500 3.2000
      vertex 36.5000 31.5000 3.2000
    endloop
  endfacet
  facet normal -1.000000 0.000000 0.000000
    outer loop
      vertex 36.7500 31.2500 2.4000
      vertex 36.7500 30.2500 2.4000
      vertex 36.7500 30.2500 3.2000
    endloop
  endfacet
  facet normal -1.000000 0.000000 0.000000
    outer loop
      vertex 36.7500 31.2500 2.4000
      vertex 36.7500 30.2500 3.2000
      vertex 36.7500 31.2500 3.2000
    endloop
  endfacet
  facet normal -0.707107 -0.707107 0.000000
    outer loop
      vertex 36.7500 30.2500 2.4000
      vertex 37.7500 29.2500 2.4000
      vertex 37.7500 29.2500 3.2000
    endloop
  endfacet
  facet normal -0.707107 -0.707107 0.000000
    outer loop
      vertex 36.7500 30.2500 2.4000
      vertex 37.7500 29.2500 3.2000
      vertex 36.7500 30.2500 3.2000
    endloop
  endfacet
  facet normal 0.000000 -1.000000 0.000000
    outer loop
      vertex 37.7500 29.2500 2.4000
      vertex 38.0000 29.2500 2.4000
      vertex 38.0000 29.2500 3.2000
    endloop
  endfacet
  facet normal 0.000000 -1.000000 0.000000
    outer loop
      vertex 37.7500 29.2500 2.4000
      vertex 38.0000 29.2500 3.2000
      vertex 37.7500 29.2500 3.2000
    endloop
  endfacet
  facet normal -0.707107 -0.707107 0.000000
    outer loop
      vertex 38.0000 29.2500 2.4000
      vertex 38.2500 29.0000 2.4000
      vertex 38.2500 29.0000 3.2000
    endloop
  endfacet
  facet normal -0.707107 -0.707107 0.000000
    outer loop
      vertex 38.0000 29.2500 2.4000
      vertex 38.2500 29.0000 3.2000
      vertex 38.0000 29.2500 3.2000
    endloop
  endfacet
  facet normal 0.000000 -1.000000 0.000000
    outer loop
      vertex 38.2500 29.0000 2.4000
      vertex 39.5000 29.0000 2.4000
      vertex 39.5000 29.0000 3.2000
    endloop
  endfacet
  facet normal 0.000000 -1.000000 0.000000
    outer loop
      vertex 38.2500 29.0000 2.4000
      vertex 39.5000 29.0000 3.2000
      vertex 38.2500 29.0000 3.2000
    endloop
  endfacet
  facet normal 0.707107 -0.707107 0.000000
    outer loop
      vertex 39.5000 29.0000 2.4000
      vertex 39.7500 29.2500 2.4000
      vertex 39.7500 29.2500 3.2000
    endloop
  endfacet
  facet normal 0.707107 -0.707107 0.000000
    outer loop
      vertex 39.5000 29.0000 2.4000
      vertex 39.7500 29.2500 3.2000
      vertex 39.5000 29.0000 3.2000
    endloop
  endfacet
  facet normal 0.000000 -1.000000 0.000000
    outer loop
      vertex 39.7500 29.2500 2.4000
      vertex 40.0000 29.2500 2.4000
      vertex 40.0000 29.2500 3.2000
    endloop
  endfacet
  facet normal 0.000000 -1.000000 0.000000
    outer loop
      vertex 39.7500 29.2500 2.4000
      vertex 40.0000 29.2500 3.2000
      vertex 39.7500 29.2500 3.2000
    endloop
  endfacet
  facet normal 0.707107 -0.707107 0.000000
    outer loop
      vertex 40.0000 29.2500 2.4000
      vertex 40.7500 30.0000 2.4000
      vertex 40.7500 30.0000 3.2000
    endloop
  endfacet
  facet normal 0.707107 -0.707107 0.000000
    outer loop
      vertex 40.0000 29.2500 2.4000
      vertex 40.7500 30.0000 3.2000
      vertex 40.0000 29.2500 3.2000
    endloop
  endfacet
  facet normal 1.000000 0.000000 0.000000
    outer loop
      vertex 40.7500 30.0000 2.4000
      vertex 40.7500 30.2500 2.4000
      vertex 40.7500 30.2500 3.2000
    endloop
  endfacet
  facet normal 1.000000 0.000000 0.000000
    outer loop
      vertex 40.7500 30.0000 2.4000
      vertex 40.7500 30.2500 3.2000
      vertex 40.7500 30.0000 3.2000
    endloop
  endfacet
  facet normal 0.707107 -0.707107 0.000000
    outer loop
      vertex 40.7500 30.2500 2.4000
      vertex 41.0000 30.5000 2.4000
      vertex 41.0000 30.5000 3.2000
    endloop
  endfacet
  facet normal 0.707107 -0.707107 0.000000
    outer loop
      vertex 40.7500 30.2500 2.4000
      vertex 41.0000 30.5000 3.2000
      vertex 40.7500 30.2500 3.2000
    endloop
  endfacet
  facet normal 1.000000 0.000000 0.000000
    outer loop
      vertex 41.0000 30.5000 2.4000
      vertex 41.0000 30.7500 2.4000
      vertex 41.0000 30.7500 3.2000
    endloop
  endfacet
  facet normal 1.000000 0.000000 0.000000
    outer loop
      vertex 41.0000 30.5000 2.4000
      vertex 41.0000 30.7500 3.2000
      vertex 41.0000 30.5000 3.2000
    endloop
  endfacet
  facet normal 0.000000 1.000000 0.000000
    outer loop
      vertex 41.0000 30.7500 2.4000
      vertex 40.7500 30.7500 2.4000
      vertex 40.7500 30.7500 3.2000
    endloop
  endfacet
  facet normal 0.000000 1.000000 -0.000000
    outer loop
      vertex 41.0000 30.7500 2.4000
      vertex 40.7500 30.7500 3.2000
      vertex 41.0000 30.7500 3.2000
    endloop
  endfacet
  facet normal 0.707107 0.707107 0.000000
    outer loop
      vertex 40.7500 30.7500 2.4000
      vertex 40.5000 31.0000 2.4000
      vertex 40.5000 31.0000 3.2000
    endloop
  endfacet
  facet normal 0.707107 0.707107 -0.000000
    outer loop
      vertex 40.7500 30.7500 2.4000
      vertex 40.5000 31.0000 3.2000
      vertex 40.7500 30.7500 3.2000
    endloop
  endfacet
  facet normal 0.000000 1.000000 0.000000
    outer loop
      vertex 40.5000 31.0000 2.4000
      vertex 40.2500 31.0000 2.4000
      vertex 40.2500 31.0000 3.2000
    endloop
  endfacet
  facet normal 0.000000 1.000000 -0.000000
    outer loop
      vertex 40.5000 31.0000 2.4000
      vertex 40.2500 31.0000 3.2000
      vertex 40.5000 31.0000 3.2000
    endloop
  endfacet
  facet normal -0.707107 0.707107 0.000000
    outer loop
      vertex 40.2500 31.0000 2.4000
      vertex 40.0000 30.7500 2.4000
      vertex 40.0000 30.7500 3.2000
    endloop
  endfacet
  facet normal -0.707107 0.707107 0.000000
    outer loop
      vertex 40.2500 31.0000 2.4000
      vertex 40.0000 30.7500 3.2000
      vertex 40.2500 31.0000 3.2000
    endloop
  endfacet
  facet normal -1.000000 0.000000 0.000000
    outer loop
      vertex 40.0000 30.7500 2.4000
      vertex 40.0000 30.5000 2.4000
      vertex 40.0000 30.5000 3.2000
    endloop
  endfacet
  facet normal -1.000000 0.000000 0.000000
    outer loop
      vertex 40.0000 30.7500 2.4000
      vertex 40.0000 30.5000 3.2000
      vertex 40.0000 30.7500 3.2000
    endloop
  endfacet
  facet normal -0.707107 0.707107 0.000000
    outer loop
      vertex 40.0000 30.5000 2.4000
      vertex 39.2500 29.7500 2.4000
      vertex 39.2500 29.7500 3.2000
    endloop
  endfacet
  facet normal -0.707107 0.707107 0.000000
    outer loop
      vertex 40.0000 30.5000 2.4000
      vertex 39.2500 29.7500 3.2000
      vertex 40.0000 30.5000 3.2000
    endloop
  endfacet
  facet normal 0.000000 1.000000 0.000000
    outer loop
      vertex 39.2500 29.7500 2.4000
      vertex 38.5000 29.7500 2.4000
      vertex 38.5000 29.7500 3.2000
    endloop
  endfacet
  facet normal 0.000000 1.000000 -0.000000
    outer loop
      vertex 39.2500 29.7500 2.4000
      vertex 38.5000 29.7500 3.2000
      vertex 39.2500 29.7500 3.2000
    endloop
  endfacet
  facet normal 0.707107 0.707107 0.000000
    outer loop
      vertex 38.5000 29.7500 2.4000
      vertex 37.5000 30.7500 2.4000
      vertex 37.5000 30.7500 3.2000
    endloop
  endfacet
  facet normal 0.707107 0.707107 -0.000000
    outer loop
      vertex 38.5000 29.7500 2.4000
      vertex 37.5000 30.7500 3.2000
      vertex 38.5000 29.7500 3.2000
    endloop
  endfacet
  facet normal 1.000000 0.000000 0.000000
    outer loop
      vertex 37.5000 30.7500 2.4000
      vertex 37.5000 32.5000 2.4000
      vertex 37.5000 32.5000 3.2000
    endloop
  endfacet
  facet normal 1.000000 0.000000 0.000000
    outer loop
      vertex 37.5000 30.7500 2.4000
      vertex 37.5000 32.5000 3.2000
      vertex 37.5000 30.7500 3.2000
    endloop
  endfacet
  facet normal 0.707107 -0.707107 0.000000
    outer loop
      vertex 37.5000 32.5000 2.4000
      vertex 38.5000 33.5000 2.4000
      vertex 38.5000 33.5000 3.2000
    endloop
  endfacet
  facet normal 0.707107 -0.707107 0.000000
    outer loop
      vertex 37.5000 32.5000 2.4000
      vertex 38.5000 33.5000 3.2000
      vertex 37.5000 32.5000 3.2000
    endloop
  endfacet
  facet normal 0.000000 -1.000000 0.000000
    outer loop
      vertex 38.5000 33.5000 2.4000
      vertex 39.2500 33.5000 2.4000
      vertex 39.2500 33.5000 3.2000
    endloop
  endfacet
  facet normal 0.000000 -1.000000 0.000000
    outer loop
      vertex 38.5000 33.5000 2.4000
      vertex 39.2500 33.5000 3.2000
      vertex 38.5000 33.5000 3.2000
    endloop
  endfacet
  facet normal -0.707107 -0.707107 0.000000
    outer loop
      vertex 39.2500 33.5000 2.4000
      vertex 39.5000 33.2500 2.4000
      vertex 39.5000 33.2500 3.2000
    endloop
  endfacet
  facet normal -0.707107 -0.707107 0.000000
    outer loop
      vertex 39.2500 33.5000 2.4000
      vertex 39.5000 33.2500 3.2000
      vertex 39.2500 33.5000 3.2000
    endloop
  endfacet
  facet normal 0.000000 -1.000000 0.000000
    outer loop
      vertex 39.5000 33.2500 2.4000
      vertex 39.7500 33.2500 2.4000
      vertex 39.7500 33.2500 3.2000
    endloop
  endfacet
  facet normal 0.000000 -1.000000 0.000000
    outer loop
      vertex 39.5000 33.2500 2.4000
      vertex 39.7500 33.2500 3.2000
      vertex 39.5000 33.2500 3.2000
    endloop
  endfacet
  facet normal -0.707107 -0.707107 0.000000
    outer loop
      vertex 39.7500 33.2500 2.4000
      vertex 40.2500 32.7500 2.4000
      vertex 40.2500 32.7500 3.2000
    endloop
  endfacet
  facet normal -0.707107 -0.707107 0.000000
    outer loop
      vertex 39.7500 33.2500 2.4000
      vertex 40.2500 32.7500 3.2000
      vertex 39.7500 33.2500 3.2000
    endloop
  endfacet
  facet normal 0.000000 -1.000000 0.000000
    outer loop
      vertex 40.2500 32.7500 2.4000
      vertex 40.5000 32.7500 2.4000
      vertex 40.5000 32.7500 3.2000
    endloop
  endfacet
  facet normal 0.000000 -1.000000 0.000000
    outer loop
      vertex 40.2500 32.7500 2.4000
      vertex 40.5000 32.7500 3.2000
      vertex 40.2500 32.7500 3.2000
    endloop
  endfacet
  facet normal 0.707107 -0.707107 0.000000
    outer loop
      vertex 40.5000 32.7500 2.4000
      vertex 40.7500 33.0000 2.4000
      vertex 40.7500 33.0000 3.2000
    endloop
  endfacet
  facet normal 0.707107 -0.707107 0.000000
    outer loop
      vertex 40.5000 32.7500 2.4000
      vertex 40.7500 33.0000 3.2000
      vertex 40.5000 32.7500 3.2000
    endloop
  endfacet
  facet normal 0.000000 -1.000000 0.000000
    outer loop
      vertex 40.7500 33.0000 2.4000
      vertex 41.0000 33.0000 2.4000
      vertex 41.0000 33.0000 3.2000
    endloop
  endfacet
  facet normal 0.000000 -1.000000 0.000000
    outer loop
      vertex 40.7500 33.0000 2.4000
      vertex 41.0000 33.0000 3.2000
      vertex 40.7500 33.0000 3.2000
    endloop
  endfacet
  facet normal 0.707107 0.707107 0.000000
    outer loop
      vertex 41.0000 33.0000 2.4000
      vertex 40.7500 33.2500 2.4000
      vertex 40.7500 33.2500 3.2000
    endloop
  endfacet
  facet normal 0.707107 0.707107 -0.000000
    outer loop
      vertex 41.0000 33.0000 2.4000
      vertex 40.7500 33.2500 3.2000
      vertex 41.0000 33.0000 3.2000
    endloop
  endfacet
  facet normal 1.000000 0.000000 0.000000
    outer loop
      vertex 40.7500 33.2500 2.4000
      vertex 40.7500 33.5000 2.4000
      vertex 40.7500 33.5000 3.2000
    endloop
  endfacet
  facet normal 1.000000 0.000000 0.000000
    outer loop
      vertex 40.7500 33.2500 2.4000
      vertex 40.7500 33.5000 3.2000
      vertex 40.7500 33.2500 3.2000
    endloop
  endfacet
  facet normal 0.707107 0.707107 0.000000
    outer loop
      vertex 40.7500 33.5000 2.4000
      vertex 40.2500 34.0000 2.4000
      vertex 40.2500 34.0000 3.2000
    endloop
  endfacet
  facet normal 0.707107 0.707107 -0.000000
    outer loop
      vertex 40.7500 33.5000 2.4000
      vertex 40.2500 34.0000 3.2000
      vertex 40.7500 33.5000 3.2000
    endloop
  endfacet
  facet normal 0.000000 1.000000 0.000000
    outer loop
      vertex 40.2500 34.0000 2.4000
      vertex 40.0000 34.0000 2.4000
      vertex 40.0000 34.0000 3.2000
    endloop
  endfacet
  facet normal 0.000000 1.000000 -0.000000
    outer loop
      vertex 40.2500 34.0000 2.4000
      vertex 40.0000 34.0000 3.2000
      vertex 40.2500 34.0000 3.2000
    endloop
  endfacet
  facet normal 0.707107 0.707107 0.000000
    outer loop
      vertex 40.0000 34.0000 2.4000
      vertex 39.7500 34.2500 2.4000
      vertex 39.7500 34.2500 3.2000
    endloop
  endfacet
  facet normal 0.707107 0.707107 -0.000000
    outer loop
      vertex 40.0000 34.0000 2.4000
      vertex 39.7500 34.2500 3.2000
      vertex 40.0000 34.0000 3.2000
    endloop
  endfacet
  facet normal 0.000000 1.000000 0.000000
    outer loop
      vertex 39.7500 34.2500 2.4000
      vertex 38.2500 34.2500 2.4000
      vertex 38.2500 34.2500 3.2000
    endloop
  endfacet
  facet normal 0.000000 1.000000 -0.000000
    outer loop
      vertex 39.7500 34.2500 2.4000
      vertex 38.2500 34.2500 3.2000
      vertex 39.7500 34.2500 3.2000
    endloop
  endfacet
  facet normal 0.000000 0.000000 -1.000000
    outer loop
      vertex 31.7500 34.2500 3.2000
      vertex 32.7500 31.0000 3.2000
      vertex 31.7500 29.0000 3.2000
    endloop
  endfacet
  facet normal 0.000000 0.000000 1.000000
    outer loop
      vertex 31.7500 29.0000 2.4000
      vertex 32.7500 31.0000 2.4000
      vertex 31.7500 34.2500 2.4000
    endloop
  endfacet
  facet normal 0.000000 0.000000 -1.000000
    outer loop
      vertex 31.7500 34.2500 3.2000
      vertex 32.7500 32.2500 3.2000
      vertex 32.7500 31.0000 3.2000
    endloop
  endfacet
  facet normal 0.000000 -0.000000 1.000000
    outer loop
      vertex 32.7500 31.0000 2.4000
      vertex 32.7500 32.2500 2.4000
      vertex 31.7500 34.2500 2.4000
    endloop
  endfacet
  facet normal 0.000000 0.000000 -1.000000
    outer loop
      vertex 31.7500 34.2500 3.2000
      vertex 32.7500 33.2500 3.2000
      vertex 32.7500 32.2500 3.2000
    endloop
  endfacet
  facet normal 0.000000 -0.000000 1.000000
    outer loop
      vertex 32.7500 32.2500 2.4000
      vertex 32.7500 33.2500 2.4000
      vertex 31.7500 34.2500 2.4000
    endloop
  endfacet
  facet normal 0.000000 0.000000 -1.000000
    outer loop
      vertex 31.7500 34.2500 3.2000
      vertex 33.0000 33.5000 3.2000
      vertex 32.7500 33.2500 3.2000
    endloop
  endfacet
  facet normal 0.000000 -0.000000 1.000000
    outer loop
      vertex 32.7500 33.2500 2.4000
      vertex 33.0000 33.5000 2.4000
      vertex 31.7500 34.2500 2.4000
    endloop
  endfacet
  facet normal 0.000000 0.000000 -1.000000
    outer loop
      vertex 31.7500 34.2500 3.2000
      vertex 35.5000 34.2500 3.2000
      vertex 33.0000 33.5000 3.2000
    endloop
  endfacet
  facet normal 0.000000 -0.000000 1.000000
    outer loop
      vertex 33.0000 33.5000 2.4000
      vertex 35.5000 34.2500 2.4000
      vertex 31.7500 34.2500 2.4000
    endloop
  endfacet
  facet normal 0.000000 -0.000000 -1.000000
    outer loop
      vertex 35.5000 34.2500 3.2000
      vertex 35.5000 33.5000 3.2000
      vertex 33.0000 33.5000 3.2000
    endloop
  endfacet
  facet normal 0.000000 0.000000 1.000000
    outer loop
      vertex 33.0000 33.5000 2.4000
      vertex 35.5000 33.5000 2.4000
      vertex 35.5000 34.2500 2.4000
    endloop
  endfacet
  facet normal -0.000000 -0.000000 -1.000000
    outer loop
      vertex 35.7500 29.7500 3.2000
      vertex 35.7500 29.0000 3.2000
      vertex 33.0000 29.7500 3.2000
    endloop
  endfacet
  facet normal -0.000000 0.000000 1.000000
    outer loop
      vertex 33.0000 29.7500 2.4000
      vertex 35.7500 29.0000 2.4000
      vertex 35.7500 29.7500 2.4000
    endloop
  endfacet
  facet normal 0.000000 0.000000 -1.000000
    outer loop
      vertex 35.7500 29.0000 3.2000
      vertex 31.7500 29.0000 3.2000
      vertex 33.0000 29.7500 3.2000
    endloop
  endfacet
  facet normal 0.000000 0.000000 1.000000
    outer loop
      vertex 33.0000 29.7500 2.4000
      vertex 31.7500 29.0000 2.4000
      vertex 35.7500 29.0000 2.4000
    endloop
  endfacet
  facet normal 0.000000 0.000000 -1.000000
    outer loop
      vertex 31.7500 29.0000 3.2000
      vertex 32.7500 30.0000 3.2000
      vertex 33.0000 29.7500 3.2000
    endloop
  endfacet
  facet normal 0.000000 0.000000 1.000000
    outer loop
      vertex 33.0000 29.7500 2.4000
      vertex 32.7500 30.0000 2.4000
      vertex 31.7500 29.0000 2.4000
    endloop
  endfacet
  facet normal 0.000000 0.000000 -1.000000
    outer loop
      vertex 31.7500 29.0000 3.2000
      vertex 32.7500 31.0000 3.2000
      vertex 32.7500 30.0000 3.2000
    endloop
  endfacet
  facet normal 0.000000 -0.000000 1.000000
    outer loop
      vertex 32.7500 30.0000 2.4000
      vertex 32.7500 31.0000 2.4000
      vertex 31.7500 29.0000 2.4000
    endloop
  endfacet
  facet normal 0.000000 0.000000 -1.000000
    outer loop
      vertex 32.7500 31.0000 3.2000
      vertex 32.7500 32.2500 3.2000
      vertex 33.0000 31.2500 3.2000
    endloop
  endfacet
  facet normal 0.000000 0.000000 1.000000
    outer loop
      vertex 33.0000 31.2500 2.4000
      vertex 32.7500 32.2500 2.4000
      vertex 32.7500 31.0000 2.4000
    endloop
  endfacet
  facet normal 0.000000 0.000000 -1.000000
    outer loop
      vertex 32.7500 32.2500 3.2000
      vertex 33.0000 32.0000 3.2000
      vertex 33.0000 31.2500 3.2000
    endloop
  endfacet
  facet normal 0.000000 -0.000000 1.000000
    outer loop
      vertex 33.0000 31.2500 2.4000
      vertex 33.0000 32.0000 2.4000
      vertex 32.7500 32.2500 2.4000
    endloop
  endfacet
  facet normal -0.000000 -0.000000 -1.000000
    outer loop
      vertex 35.2500 32.0000 3.2000
      vertex 35.2500 31.2500 3.2000
      vertex 33.0000 32.0000 3.2000
    endloop
  endfacet
  facet normal -0.000000 0.000000 1.000000
    outer loop
      vertex 33.0000 32.0000 2.4000
      vertex 35.2500 31.2500 2.4000
      vertex 35.2500 32.0000 2.4000
    endloop
  endfacet
  facet normal 0.000000 0.000000 -1.000000
    outer loop
      vertex 35.2500 31.2500 3.2000
      vertex 33.0000 31.2500 3.2000
      vertex 33.0000 32.0000 3.2000
    endloop
  endfacet
  facet normal 0.000000 0.000000 1.000000
    outer loop
      vertex 33.0000 32.0000 2.4000
      vertex 33.0000 31.2500 2.4000
      vertex 35.2500 31.2500 2.4000
    endloop
  endfacet
  facet normal -1.000000 0.000000 0.000000
    outer loop
      vertex 31.7500 34.2500 2.4000
      vertex 31.7500 29.0000 2.4000
      vertex 31.7500 29.0000 3.2000
    endloop
  endfacet
  facet normal -1.000000 0.000000 0.000000
    outer loop
      vertex 31.7500 34.2500 2.4000
      vertex 31.7500 29.0000 3.2000
      vertex 31.7500 34.2500 3.2000
    endloop
  endfacet
  facet normal 0.000000 -1.000000 0.000000
    outer loop
      vertex 31.7500 29.0000 2.4000
      vertex 35.7500 29.0000 2.4000
      vertex 35.7500 29.0000 3.2000
    endloop
  endfacet
  facet normal 0.000000 -1.000000 0.000000
    outer loop
      vertex 31.7500 29.0000 2.4000
      vertex 35.7500 29.0000 3.2000
      vertex 31.7500 29.0000 3.2000
    endloop
  endfacet
  facet normal 1.000000 0.000000 0.000000
    outer loop
      vertex 35.7500 29.0000 2.4000
      vertex 35.7500 29.7500 2.4000
      vertex 35.7500 29.7500 3.2000
    endloop
  endfacet
  facet normal 1.000000 0.000000 0.000000
    outer loop
      vertex 35.7500 29.0000 2.4000
      vertex 35.7500 29.7500 3.2000
      vertex 35.7500 29.0000 3.2000
    endloop
  endfacet
  facet normal 0.000000 1.000000 0.000000
    outer loop
      vertex 35.7500 29.7500 2.4000
      vertex 33.0000 29.7500 2.4000
      vertex 33.0000 29.7500 3.2000
    endloop
  endfacet
  facet normal 0.000000 1.000000 -0.000000
    outer loop
      vertex 35.7500 29.7500 2.4000
      vertex 33.0000 29.7500 3.2000
      vertex 35.7500 29.7500 3.2000
    endloop
  endfacet
  facet normal 0.707107 0.707107 0.000000
    outer loop
      vertex 33.0000 29.7500 2.4000
      vertex 32.7500 30.0000 2.4000
      vertex 32.7500 30.0000 3.2000
    endloop
  endfacet
  facet normal 0.707107 0.707107 -0.000000
    outer loop
      vertex 33.0000 29.7500 2.4000
      vertex 32.7500 30.0000 3.2000
      vertex 33.0000 29.7500 3.2000
    endloop
  endfacet
  facet normal 1.000000 0.000000 0.000000
    outer loop
      vertex 32.7500 30.0000 2.4000
      vertex 32.7500 31.0000 2.4000
      vertex 32.7500 31.0000 3.2000
    endloop
  endfacet
  facet normal 1.000000 0.000000 0.000000
    outer loop
      vertex 32.7500 30.0000 2.4000
      vertex 32.7500 31.0000 3.2000
      vertex 32.7500 30.0000 3.2000
    endloop
  endfacet
  facet normal 0.707107 -0.707107 0.000000
    outer loop
      vertex 32.7500 31.0000 2.4000
      vertex 33.0000 31.2500 2.4000
      vertex 33.0000 31.2500 3.2000
    endloop
  endfacet
  facet normal 0.707107 -0.707107 0.000000
    outer loop
      vertex 32.7500 31.0000 2.4000
      vertex 33.0000 31.2500 3.2000
      vertex 32.7500 31.0000 3.2000
    endloop
  endfacet
  facet normal 0.000000 -1.000000 0.000000
    outer loop
      vertex 33.0000 31.2500 2.4000
      vertex 35.2500 31.2500 2.4000
      vertex 35.2500 31.2500 3.2000
    endloop
  endfacet
  facet normal 0.000000 -1.000000 0.000000
    outer loop
      vertex 33.0000 31.2500 2.4000
      vertex 35.2500 31.2500 3.2000
      vertex 33.0000 31.2500 3.2000
    endloop
  endfacet
  facet normal 1.000000 0.000000 0.000000
    outer loop
      vertex 35.2500 31.2500 2.4000
      vertex 35.2500 32.0000 2.4000
      vertex 35.2500 32.0000 3.2000
    endloop
  endfacet
  facet normal 1.000000 0.000000 0.000000
    outer loop
      vertex 35.2500 31.2500 2.4000
      vertex 35.2500 32.0000 3.2000
      vertex 35.2500 31.2500 3.2000
    endloop
  endfacet
  facet normal 0.000000 1.000000 0.000000
    outer loop
      vertex 35.2500 32.0000 2.4000
      vertex 33.0000 32.0000 2.4000
      vertex 33.0000 32.0000 3.2000
    endloop
  endfacet
  facet normal 0.000000 1.000000 -0.000000
    outer loop
      vertex 35.2500 32.0000 2.4000
      vertex 33.0000 32.0000 3.2000
      vertex 35.2500 32.0000 3.2000
    endloop
  endfacet
  facet normal 0.707107 0.707107 0.000000
    outer loop
      vertex 33.0000 32.0000 2.4000
      vertex 32.7500 32.2500 2.4000
      vertex 32.7500 32.2500 3.2000
    endloop
  endfacet
  facet normal 0.707107 0.707107 -0.000000
    outer loop
      vertex 33.0000 32.0000 2.4000
      vertex 32.7500 32.2500 3.2000
      vertex 33.0000 32.0000 3.2000
    endloop
  endfacet
  facet normal 1.000000 0.000000 0.000000
    outer loop
      vertex 32.7500 32.2500 2.4000
      vertex 32.7500 33.2500 2.4000
      vertex 32.7500 33.2500 3.2000
    endloop
  endfacet
  facet normal 1.000000 0.000000 0.000000
    outer loop
      vertex 32.7500 32.2500 2.4000
      vertex 32.7500 33.2500 3.2000
      vertex 32.7500 32.2500 3.2000
    endloop
  endfacet
  facet normal 0.707107 -0.707107 0.000000
    outer loop
      vertex 32.7500 33.2500 2.4000
      vertex 33.0000 33.5000 2.4000
      vertex 33.0000 33.5000 3.2000
    endloop
  endfacet
  facet normal 0.707107 -0.707107 0.000000
    outer loop
      vertex 32.7500 33.2500 2.4000
      vertex 33.0000 33.5000 3.2000
      vertex 32.7500 33.2500 3.2000
    endloop
  endfacet
  facet normal 0.000000 -1.000000 0.000000
    outer loop
      vertex 33.0000 33.5000 2.4000
      vertex 35.5000 33.5000 2.4000
      vertex 35.5000 33.5000 3.2000
    endloop
  endfacet
  facet normal 0.000000 -1.000000 0.000000
    outer loop
      vertex 33.0000 33.5000 2.4000
      vertex 35.5000 33.5000 3.2000
      vertex 33.0000 33.5000 3.2000
    endloop
  endfacet
  facet normal 1.000000 0.000000 0.000000
    outer loop
      vertex 35.5000 33.5000 2.4000
      vertex 35.5000 34.2500 2.4000
      vertex 35.5000 34.2500 3.2000
    endloop
  endfacet
  facet normal 1.000000 0.000000 0.000000
    outer loop
      vertex 35.5000 33.5000 2.4000
      vertex 35.5000 34.2500 3.2000
      vertex 35.5000 33.5000 3.2000
    endloop
  endfacet
  facet normal 0.000000 1.000000 0.000000
    outer loop
      vertex 35.5000 34.2500 2.4000
      vertex 31.7500 34.2500 2.4000
      vertex 31.7500 34.2500 3.2000
    endloop
  endfacet
  facet normal 0.000000 1.000000 -0.000000
    outer loop
      vertex 35.5000 34.2500 2.4000
      vertex 31.7500 34.2500 3.2000
      vertex 35.5000 34.2500 3.2000
    endloop
  endfacet
  facet normal 0.000000 0.000000 -1.000000
    outer loop
      vertex 29.5000 34.2500 3.2000
      vertex 30.2500 34.2500 3.2000
      vertex 29.5000 30.2500 3.2000
    endloop
  endfacet
  facet normal 0.000000 0.000000 1.000000
    outer loop
      vertex 29.5000 30.2500 2.4000
      vertex 30.2500 34.2500 2.4000
      vertex 29.5000 34.2500 2.4000
    endloop
  endfacet
  facet normal 0.000000 -0.000000 -1.000000
    outer loop
      vertex 30.2500 34.2500 3.2000
      vertex 30.2500 30.0000 3.2000
      vertex 29.5000 30.2500 3.2000
    endloop
  endfacet
  facet normal -0.000000 0.000000 1.000000
    outer loop
      vertex 29.5000 30.2500 2.4000
      vertex 30.2500 30.0000 2.4000
      vertex 30.2500 34.2500 2.4000
    endloop
  endfacet
  facet normal 0.000000 0.000000 -1.000000
    outer loop
      vertex 29.7500 29.2500 3.2000
      vertex 29.5000 29.2500 3.2000
      vertex 30.0000 29.5000 3.2000
    endloop
  endfacet
  facet normal 0.000000 0.000000 1.000000
    outer loop
      vertex 30.0000 29.5000 2.4000
      vertex 29.5000 29.2500 2.4000
      vertex 29.7500 29.2500 2.4000
    endloop
  endfacet
  facet normal 0.000000 0.000000 -1.000000
    outer loop
      vertex 29.2500 29.0000 3.2000
      vertex 29.0000 29.7500 3.2000
      vertex 29.5000 29.2500 3.2000
    endloop
  endfacet
  facet normal 0.000000 0.000000 1.000000
    outer loop
      vertex 29.5000 29.2500 2.4000
      vertex 29.0000 29.7500 2.4000
      vertex 29.2500 29.0000 2.4000
    endloop
  endfacet
  facet normal 0.000000 0.000000 -1.000000
    outer loop
      vertex 29.2500 29.0000 3.2000
      vertex 28.5000 29.7500 3.2000
      vertex 29.0000 29.7500 3.2000
    endloop
  endfacet
  facet normal 0.000000 0.000000 1.000000
    outer loop
      vertex 29.0000 29.7500 2.4000
      vertex 28.5000 29.7500 2.4000
      vertex 29.2500 29.0000 2.4000
    endloop
  endfacet
  facet normal 0.000000 0.000000 -1.000000
    outer loop
      vertex 29.2500 29.0000 3.2000
      vertex 28.0000 29.0000 3.2000
      vertex 28.5000 29.7500 3.2000
    endloop
  endfacet
  facet normal 0.000000 0.000000 1.000000
    outer loop
      vertex 28.5000 29.7500 2.4000
      vertex 28.0000 29.0000 2.4000
      vertex 29.2500 29.0000 2.4000
    endloop
  endfacet
  facet normal 0.000000 0.000000 -1.000000
    outer loop
      vertex 28.0000 29.0000 3.2000
      vertex 27.2500 29.7500 3.2000
      vertex 28.5000 29.7500 3.2000
    endloop
  endfacet
  facet normal 0.000000 0.000000 1.000000
    outer loop
      vertex 28.5000 29.7500 2.4000
      vertex 27.2500 29.7500 2.4000
      vertex 28.0000 29.0000 2.4000
    endloop
  endfacet
  facet normal 0.000000 0.000000 -1.000000
    outer loop
      vertex 27.2500 29.7500 3.2000
      vertex 28.0000 30.2500 3.2000
      vertex 28.5000 29.7500 3.2000
    endloop
  endfacet
  facet normal 0.000000 0.000000 1.000000
    outer loop
      vertex 28.5000 29.7500 2.4000
      vertex 28.0000 30.2500 2.4000
      vertex 27.2500 29.7500 2.4000
    endloop
  endfacet
  facet normal 0.000000 0.000000 -1.000000
    outer loop
      vertex 27.2500 29.7500 3.2000
      vertex 27.2500 30.7500 3.2000
      vertex 28.0000 30.2500 3.2000
    endloop
  endfacet
  facet normal 0.000000 0.000000 1.000000
    outer loop
      vertex 28.0000 30.2500 2.4000
      vertex 27.2500 30.7500 2.4000
      vertex 27.2500 29.7500 2.4000
    endloop
  endfacet
  facet normal 0.000000 0.000000 -1.000000
    outer loop
      vertex 27.2500 30.7500 3.2000
      vertex 28.0000 30.7500 3.2000
      vertex 28.0000 30.2500 3.2000
    endloop
  endfacet
  facet normal 0.000000 -0.000000 1.000000
    outer loop
      vertex 28.0000 30.2500 2.4000
      vertex 28.0000 30.7500 2.4000
      vertex 27.2500 30.7500 2.4000
    endloop
  endfacet
  facet normal 0.000000 -0.000000 -1.000000
    outer loop
      vertex 29.5000 30.2500 3.2000
      vertex 29.5000 29.2500 3.2000
      vertex 29.0000 29.7500 3.2000
    endloop
  endfacet
  facet normal -0.000000 0.000000 1.000000
    outer loop
      vertex 29.0000 29.7500 2.4000
      vertex 29.5000 29.2500 2.4000
      vertex 29.5000 30.2500 2.4000
    endloop
  endfacet
  facet normal 0.000000 0.000000 -1.000000
    outer loop
      vertex 29.5000 30.2500 3.2000
      vertex 30.0000 29.7500 3.2000
      vertex 29.5000 29.2500 3.2000
    endloop
  endfacet
  facet normal 0.000000 0.000000 1.000000
    outer loop
      vertex 29.5000 29.2500 2.4000
      vertex 30.0000 29.7500 2.4000
      vertex 29.5000 30.2500 2.4000
    endloop
  endfacet
  facet normal 0.000000 0.000000 -1.000000
    outer loop
      vertex 29.5000 30.2500 3.2000
      vertex 30.2500 30.0000 3.2000
      vertex 30.0000 29.7500 3.2000
    endloop
  endfacet
  facet normal 0.000000 -0.000000 1.000000
    outer loop
      vertex 30.0000 29.7500 2.4000
      vertex 30.2500 30.0000 2.4000
      vertex 29.5000 30.2500 2.4000
    endloop
  endfacet
  facet normal -0.000000 0.000000 -1.000000
    outer loop
      vertex 30.0000 29.5000 3.2000
      vertex 29.5000 29.2500 3.2000
      vertex 30.0000 29.7500 3.2000
    endloop
  endfacet
  facet normal 0.000000 0.000000 1.000000
    outer loop
      vertex 30.0000 29.7500 2.4000
      vertex 29.5000 29.2500 2.4000
      vertex 30.0000 29.5000 2.4000
    endloop
  endfacet
  facet normal -1.000000 0.000000 0.000000
    outer loop
      vertex 29.5000 34.2500 2.4000
      vertex 29.5000 30.2500 2.4000
      vertex 29.5000 30.2500 3.2000
    endloop
  endfacet
  facet normal -1.000000 0.000000 0.000000
    outer loop
      vertex 29.5000 34.2500 2.4000
      vertex 29.5000 30.2500 3.2000
      vertex 29.5000 34.2500 3.2000
    endloop
  endfacet
  facet normal -0.707107 0.707107 0.000000
    outer loop
      vertex 29.5000 30.2500 2.4000
      vertex 29.0000 29.7500 2.4000
      vertex 29.0000 29.7500 3.2000
    endloop
  endfacet
  facet normal -0.707107 0.707107 0.000000
    outer loop
      vertex 29.5000 30.2500 2.4000
      vertex 29.0000 29.7500 3.2000
      vertex 29.5000 30.2500 3.2000
    endloop
  endfacet
  facet normal 0.000000 1.000000 0.000000
    outer loop
      vertex 29.0000 29.7500 2.4000
      vertex 28.5000 29.7500 2.4000
      vertex 28.5000 29.7500 3.2000
    endloop
  endfacet
  facet normal 0.000000 1.000000 -0.000000
    outer loop
      vertex 29.0000 29.7500 2.4000
      vertex 28.5000 29.7500 3.2000
      vertex 29.0000 29.7500 3.2000
    endloop
  endfacet
  facet normal 0.707107 0.707107 0.000000
    outer loop
      vertex 28.5000 29.7500 2.4000
      vertex 28.0000 30.2500 2.4000
      vertex 28.0000 30.2500 3.2000
    endloop
  endfacet
  facet normal 0.707107 0.707107 -0.000000
    outer loop
      vertex 28.5000 29.7500 2.4000
      vertex 28.0000 30.2500 3.2000
      vertex 28.5000 29.7500 3.2000
    endloop
  endfacet
  facet normal 1.000000 0.000000 0.000000
    outer loop
      vertex 28.0000 30.2500 2.4000
      vertex 28.0000 30.7500 2.4000
      vertex 28.0000 30.7500 3.2000
    endloop
  endfacet
  facet normal 1.000000 0.000000 0.000000
    outer loop
      vertex 28.0000 30.2500 2.4000
      vertex 28.0000 30.7500 3.2000
      vertex 28.0000 30.2500 3.2000
    endloop
  endfacet
  facet normal 0.000000 1.000000 0.000000
    outer loop
      vertex 28.0000 30.7500 2.4000
      vertex 27.2500 30.7500 2.4000
      vertex 27.2500 30.7500 3.2000
    endloop
  endfacet
  facet normal 0.000000 1.000000 -0.000000
    outer loop
      vertex 28.0000 30.7500 2.4000
      vertex 27.2500 30.7500 3.2000
      vertex 28.0000 30.7500 3.2000
    endloop
  endfacet
  facet normal -1.000000 0.000000 0.000000
    outer loop
      vertex 27.2500 30.7500 2.4000
      vertex 27.2500 29.7500 2.4000
      vertex 27.2500 29.7500 3.2000
    endloop
  endfacet
  facet normal -1.000000 0.000000 0.000000
    outer loop
      vertex 27.2500 30.7500 2.4000
      vertex 27.2500 29.7500 3.2000
      vertex 27.2500 30.7500 3.2000
    endloop
  endfacet
  facet normal -0.707107 -0.707107 0.000000
    outer loop
      vertex 27.2500 29.7500 2.4000
      vertex 28.0000 29.0000 2.4000
      vertex 28.0000 29.0000 3.2000
    endloop
  endfacet
  facet normal -0.707107 -0.707107 0.000000
    outer loop
      vertex 27.2500 29.7500 2.4000
      vertex 28.0000 29.0000 3.2000
      vertex 27.2500 29.7500 3.2000
    endloop
  endfacet
  facet normal 0.000000 -1.000000 0.000000
    outer loop
      vertex 28.0000 29.0000 2.4000
      vertex 29.2500 29.0000 2.4000
      vertex 29.2500 29.0000 3.2000
    endloop
  endfacet
  facet normal 0.000000 -1.000000 0.000000
    outer loop
      vertex 28.0000 29.0000 2.4000
      vertex 29.2500 29.0000 3.2000
      vertex 28.0000 29.0000 3.2000
    endloop
  endfacet
  facet normal 0.707107 -0.707107 0.000000
    outer loop
      vertex 29.2500 29.0000 2.4000
      vertex 29.5000 29.2500 2.4000
      vertex 29.5000 29.2500 3.2000
    endloop
  endfacet
  facet normal 0.707107 -0.707107 0.000000
    outer loop
      vertex 29.2500 29.0000 2.4000
      vertex 29.5000 29.2500 3.2000
      vertex 29.2500 29.0000 3.2000
    endloop
  endfacet
  facet normal 0.000000 -1.000000 0.000000
    outer loop
      vertex 29.5000 29.2500 2.4000
      vertex 29.7500 29.2500 2.4000
      vertex 29.7500 29.2500 3.2000
    endloop
  endfacet
  facet normal 0.000000 -1.000000 0.000000
    outer loop
      vertex 29.5000 29.2500 2.4000
      vertex 29.7500 29.2500 3.2000
      vertex 29.5000 29.2500 3.2000
    endloop
  endfacet
  facet normal 0.707107 -0.707107 0.000000
    outer loop
      vertex 29.7500 29.2500 2.4000
      vertex 30.0000 29.5000 2.4000
      vertex 30.0000 29.5000 3.2000
    endloop
  endfacet
  facet normal 0.707107 -0.707107 0.000000
    outer loop
      vertex 29.7500 29.2500 2.4000
      vertex 30.0000 29.5000 3.2000
      vertex 29.7500 29.2500 3.2000
    endloop
  endfacet
  facet normal 1.000000 0.000000 0.000000
    outer loop
      vertex 30.0000 29.5000 2.4000
      vertex 30.0000 29.7500 2.4000
      vertex 30.0000 29.7500 3.2000
    endloop
  endfacet
  facet normal 1.000000 0.000000 0.000000
    outer loop
      vertex 30.0000 29.5000 2.4000
      vertex 30.0000 29.7500 3.2000
      vertex 30.0000 29.5000 3.2000
    endloop
  endfacet
  facet normal 0.707107 -0.707107 0.000000
    outer loop
      vertex 30.0000 29.7500 2.4000
      vertex 30.2500 30.0000 2.4000
      vertex 30.2500 30.0000 3.2000
    endloop
  endfacet
  facet normal 0.707107 -0.707107 0.000000
    outer loop
      vertex 30.0000 29.7500 2.4000
      vertex 30.2500 30.0000 3.2000
      vertex 30.0000 29.7500 3.2000
    endloop
  endfacet
  facet normal 1.000000 0.000000 0.000000
    outer loop
      vertex 30.2500 30.0000 2.4000
      vertex 30.2500 34.2500 2.4000
      vertex 30.2500 34.2500 3.2000
    endloop
  endfacet
  facet normal 1.000000 0.000000 0.000000
    outer loop
      vertex 30.2500 30.0000 2.4000
      vertex 30.2500 34.2500 3.2000
      vertex 30.2500 30.0000 3.2000
    endloop
  endfacet
  facet normal 0.000000 1.000000 0.000000
    outer loop
      vertex 30.2500 34.2500 2.4000
      vertex 29.5000 34.2500 2.4000
      vertex 29.5000 34.2500 3.2000
    endloop
  endfacet
  facet normal 0.000000 1.000000 -0.000000
    outer loop
      vertex 30.2500 34.2500 2.4000
      vertex 29.5000 34.2500 3.2000
      vertex 30.2500 34.2500 3.2000
    endloop
  endfacet
  facet normal 0.000000 0.000000 -1.000000
    outer loop
      vertex 21.7500 33.0000 3.2000
      vertex 22.5000 32.5000 3.2000
      vertex 21.7500 32.5000 3.2000
    endloop
  endfacet
  facet normal 0.000000 0.000000 1.000000
    outer loop
      vertex 21.7500 32.5000 2.4000
      vertex 22.5000 32.5000 2.4000
      vertex 21.7500 33.0000 2.4000
    endloop
  endfacet
  facet normal 0.000000 0.000000 -1.000000
    outer loop
      vertex 21.7500 33.0000 3.2000
      vertex 22.7500 34.0000 3.2000
      vertex 22.5000 32.5000 3.2000
    endloop
  endfacet
  facet normal 0.000000 -0.000000 1.000000
    outer loop
      vertex 22.5000 32.5000 2.4000
      vertex 22.7500 34.0000 2.4000
      vertex 21.7500 33.0000 2.4000
    endloop
  endfacet
  facet normal 0.000000 -0.000000 -1.000000
    outer loop
      vertex 22.7500 34.0000 3.2000
      vertex 23.5000 33.5000 3.2000
      vertex 22.5000 32.5000 3.2000
    endloop
  endfacet
  facet normal 0.000000 0.000000 1.000000
    outer loop
      vertex 22.5000 32.5000 2.4000
      vertex 23.5000 33.5000 2.4000
      vertex 22.7500 34.0000 2.4000
    endloop
  endfacet
  facet normal 0.000000 0.000000 -1.000000
    outer loop
      vertex 22.7500 34.0000 3.2000
      vertex 23.0000 34.0000 3.2000
      vertex 23.5000 33.5000 3.2000
    endloop
  endfacet
  facet normal 0.000000 0.000000 1.000000
    outer loop
      vertex 23.5000 33.5000 2.4000
      vertex 23.0000 34.0000 2.4000
      vertex 22.7500 34.0000 2.4000
    endloop
  endfacet
  facet normal 0.000000 -0.000000 -1.000000
    outer loop
      vertex 23.2500 34.2500 3.2000
      vertex 23.5000 33.5000 3.2000
      vertex 23.0000 34.0000 3.2000
    endloop
  endfacet
  facet normal -0.000000 0.000000 1.000000
    outer loop
      vertex 23.0000 34.0000 2.4000
      vertex 23.5000 33.5000 2.4000
      vertex 23.2500 34.2500 2.4000
    endloop
  endfacet
  facet normal 0.000000 0.000000 -1.000000
    outer loop
      vertex 23.2500 34.2500 3.2000
      vertex 24.5000 33.5000 3.2000
      vertex 23.5000 33.5000 3.2000
    endloop
  endfacet
  facet normal 0.000000 -0.000000 1.000000
    outer loop
      vertex 23.5000 33.5000 2.4000
      vertex 24.5000 33.5000 2.4000
      vertex 23.2500 34.2500 2.4000
    endloop
  endfacet
  facet normal 0.000000 0.000000 -1.000000
    outer loop
      vertex 23.2500 34.2500 3.2000
      vertex 24.7500 34.2500 3.2000
      vertex 24.5000 33.5000 3.2000
    endloop
  endfacet
  facet normal 0.000000 -0.000000 1.000000
    outer loop
      vertex 24.5000 33.5000 2.4000
      vertex 24.7500 34.2500 2.4000
      vertex 23.2500 34.2500 2.4000
    endloop
  endfacet
  facet normal 0.000000 -0.000000 -1.000000
    outer loop
      vertex 24.7500 34.2500 3.2000
      vertex 25.0000 34.0000 3.2000
      vertex 24.5000 33.5000 3.2000
    endloop
  endfacet
  facet normal 0.000000 0.000000 1.000000
    outer loop
      vertex 24.5000 33.5000 2.4000
      vertex 25.0000 34.0000 2.4000
      vertex 24.7500 34.2500 2.4000
    endloop
  endfacet
  facet normal -0.000000 0.000000 -1.000000
    outer loop
      vertex 25.2500 34.0000 3.2000
      vertex 25.0000 33.2500 3.2000
      vertex 25.0000 34.0000 3.2000
    endloop
  endfacet
  facet normal -0.000000 0.000000 1.000000
    outer loop
      vertex 25.0000 34.0000 2.4000
      vertex 25.0000 33.2500 2.4000
      vertex 25.2500 34.0000 2.4000
    endloop
  endfacet
  facet normal 0.000000 -0.000000 -1.000000
    outer loop
      vertex 25.2500 34.0000 3.2000
      vertex 25.5000 33.7500 3.2000
      vertex 25.0000 33.2500 3.2000
    endloop
  endfacet
  facet normal 0.000000 0.000000 1.000000
    outer loop
      vertex 25.0000 33.2500 2.4000
      vertex 25.5000 33.7500 2.4000
      vertex 25.2500 34.0000 2.4000
    endloop
  endfacet
  facet normal -0.000000 -0.000000 -1.000000
    outer loop
      vertex 25.7500 33.7500 3.2000
      vertex 26.0000 33.2500 3.2000
      vertex 25.5000 33.7500 3.2000
    endloop
  endfacet
  facet normal -0.000000 0.000000 1.000000
    outer loop
      vertex 25.5000 33.7500 2.4000
      vertex 26.0000 33.2500 2.4000
      vertex 25.7500 33.7500 2.4000
    endloop
  endfacet
  facet normal 0.000000 0.000000 -1.000000
    outer loop
      vertex 25.7500 33.7500 3.2000
      vertex 26.0000 33.5000 3.2000
      vertex 26.0000 33.2500 3.2000
    endloop
  endfacet
  facet normal 0.000000 -0.000000 1.000000
    outer loop
      vertex 26.0000 33.2500 2.4000
      vertex 26.0000 33.5000 2.4000
      vertex 25.7500 33.7500 2.4000
    endloop
  endfacet
  facet normal -0.000000 -0.000000 -1.000000
    outer loop
      vertex 26.2500 33.0000 3.2000
      vertex 26.2500 32.7500 3.2000
      vertex 26.0000 33.2500 3.2000
    endloop
  endfacet
  facet normal 0.000000 0.000000 1.000000
    outer loop
      vertex 26.0000 33.2500 2.4000
      vertex 26.2500 32.7500 2.4000
      vertex 26.2500 33.0000 2.4000
    endloop
  endfacet
  facet normal -0.000000 0.000000 -1.000000
    outer loop
      vertex 26.5000 32.5000 3.2000
      vertex 25.7500 32.0000 3.2000
      vertex 26.2500 32.7500 3.2000
    endloop
  endfacet
  facet normal 0.000000 0.000000 1.000000
    outer loop
      vertex 26.2500 32.7500 2.4000
      vertex 25.7500 32.0000 2.4000
      vertex 26.5000 32.5000 2.4000
    endloop
  endfacet
  facet normal 0.000000 -0.000000 -1.000000
    outer loop
      vertex 26.5000 32.5000 3.2000
      vertex 26.5000 30.7500 3.2000
      vertex 25.7500 32.0000 3.2000
    endloop
  endfacet
  facet normal -0.000000 0.000000 1.000000
    outer loop
      vertex 25.7500 32.0000 2.4000
      vertex 26.5000 30.7500 2.4000
      vertex 26.5000 32.5000 2.4000
    endloop
  endfacet
  facet normal 0.000000 0.000000 -1.000000
    outer loop
      vertex 25.5000 29.2500 3.2000
      vertex 25.5000 30.5000 3.2000
      vertex 26.2500 30.0000 3.2000
    endloop
  endfacet
  facet normal 0.000000 0.000000 1.000000
    outer loop
      vertex 26.2500 30.0000 2.4000
      vertex 25.5000 30.5000 2.4000
      vertex 25.5000 29.2500 2.4000
    endloop
  endfacet
  facet normal 0.000000 0.000000 -1.000000
    outer loop
      vertex 25.5000 29.2500 3.2000
      vertex 25.0000 30.0000 3.2000
      vertex 25.5000 30.5000 3.2000
    endloop
  endfacet
  facet normal 0.000000 0.000000 1.000000
    outer loop
      vertex 25.5000 30.5000 2.4000
      vertex 25.0000 30.0000 2.4000
      vertex 25.5000 29.2500 2.4000
    endloop
  endfacet
  facet normal 0.000000 0.000000 -1.000000
    outer loop
      vertex 25.5000 29.2500 3.2000
      vertex 25.0000 29.2500 3.2000
      vertex 25.0000 30.0000 3.2000
    endloop
  endfacet
  facet normal 0.000000 0.000000 1.000000
    outer loop
      vertex 25.0000 30.0000 2.4000
      vertex 25.0000 29.2500 2.4000
      vertex 25.5000 29.2500 2.4000
    endloop
  endfacet
  facet normal 0.000000 0.000000 -1.000000
    outer loop
      vertex 24.7500 29.0000 3.2000
      vertex 24.5000 29.7500 3.2000
      vertex 25.0000 29.2500 3.2000
    endloop
  endfacet
  facet normal 0.000000 0.000000 1.000000
    outer loop
      vertex 25.0000 29.2500 2.4000
      vertex 24.5000 29.7500 2.4000
      vertex 24.7500 29.0000 2.4000
    endloop
  endfacet
  facet normal 0.000000 0.000000 -1.000000
    outer loop
      vertex 24.7500 29.0000 3.2000
      vertex 23.2500 29.0000 3.2000
      vertex 24.5000 29.7500 3.2000
    endloop
  endfacet
  facet normal 0.000000 0.000000 1.000000
    outer loop
      vertex 24.5000 29.7500 2.4000
      vertex 23.2500 29.0000 2.4000
      vertex 24.7500 29.0000 2.4000
    endloop
  endfacet
  facet normal 0.000000 0.000000 -1.000000
    outer loop
      vertex 23.2500 29.0000 3.2000
      vertex 23.5000 29.7500 3.2000
      vertex 24.5000 29.7500 3.2000
    endloop
  endfacet
  facet normal 0.000000 0.000000 1.000000
    outer loop
      vertex 24.5000 29.7500 2.4000
      vertex 23.5000 29.7500 2.4000
      vertex 23.2500 29.0000 2.4000
    endloop
  endfacet
  facet normal 0.000000 0.000000 -1.000000
    outer loop
      vertex 23.2500 29.0000 3.2000
      vertex 23.0000 29.2500 3.2000
      vertex 23.5000 29.7500 3.2000
    endloop
  endfacet
  facet normal 0.000000 0.000000 1.000000
    outer loop
      vertex 23.5000 29.7500 2.4000
      vertex 23.0000 29.2500 2.4000
      vertex 23.2500 29.0000 2.4000
    endloop
  endfacet
  facet normal 0.000000 0.000000 -1.000000
    outer loop
      vertex 22.7500 29.2500 3.2000
      vertex 23.5000 29.7500 3.2000
      vertex 23.0000 29.2500 3.2000
    endloop
  endfacet
  facet normal 0.000000 -0.000000 1.000000
    outer loop
      vertex 23.0000 29.2500 2.4000
      vertex 23.5000 29.7500 2.4000
      vertex 22.7500 29.2500 2.4000
    endloop
  endfacet
  facet normal 0.000000 0.000000 -1.000000
    outer loop
      vertex 22.7500 29.2500 3.2000
      vertex 22.5000 30.7500 3.2000
      vertex 23.5000 29.7500 3.2000
    endloop
  endfacet
  facet normal 0.000000 0.000000 1.000000
    outer loop
      vertex 23.5000 29.7500 2.4000
      vertex 22.5000 30.7500 2.4000
      vertex 22.7500 29.2500 2.4000
    endloop
  endfacet
  facet normal 0.000000 0.000000 -1.000000
    outer loop
      vertex 22.7500 29.2500 3.2000
      vertex 21.7500 30.2500 3.2000
      vertex 22.5000 30.7500 3.2000
    endloop
  endfacet
  facet normal 0.000000 0.000000 1.000000
    outer loop
      vertex 22.5000 30.7500 2.4000
      vertex 21.7500 30.2500 2.4000
      vertex 22.7500 29.2500 2.4000
    endloop
  endfacet
  facet normal 0.000000 0.000000 -1.000000
    outer loop
      vertex 21.7500 30.2500 3.2000
      vertex 21.7500 30.7500 3.2000
      vertex 22.5000 30.7500 3.2000
    endloop
  endfacet
  facet normal 0.000000 0.000000 1.000000
    outer loop
      vertex 22.5000 30.7500 2.4000
      vertex 21.7500 30.7500 2.4000
      vertex 21.7500 30.2500 2.4000
    endloop
  endfacet
  facet normal 0.000000 0.000000 -1.000000
    outer loop
      vertex 21.5000 31.0000 3.2000
      vertex 22.5000 30.7500 3.2000
      vertex 21.7500 30.7500 3.2000
    endloop
  endfacet
  facet normal 0.000000 -0.000000 1.000000
    outer loop
      vertex 21.7500 30.7500 2.4000
      vertex 22.5000 30.7500 2.4000
      vertex 21.5000 31.0000 2.4000
    endloop
  endfacet
  facet normal 0.000000 0.000000 -1.000000
    outer loop
      vertex 21.5000 31.0000 3.2000
      vertex 21.5000 32.2500 3.2000
      vertex 22.5000 30.7500 3.2000
    endloop
  endfacet
  facet normal 0.000000 0.000000 1.000000
    outer loop
      vertex 22.5000 30.7500 2.4000
      vertex 21.5000 32.2500 2.4000
      vertex 21.5000 31.0000 2.4000
    endloop
  endfacet
  facet normal 0.000000 0.000000 -1.000000
    outer loop
      vertex 21.5000 32.2500 3.2000
      vertex 22.5000 32.5000 3.2000
      vertex 22.5000 30.7500 3.2000
    endloop
  endfacet
  facet normal 0.000000 -0.000000 1.000000
    outer loop
      vertex 22.5000 30.7500 2.4000
      vertex 22.5000 32.5000 2.4000
      vertex 21.5000 32.2500 2.4000
    endloop
  endfacet
  facet normal 0.000000 0.000000 -1.000000
    outer loop
      vertex 21.5000 32.2500 3.2000
      vertex 21.7500 32.5000 3.2000
      vertex 22.5000 32.5000 3.2000
    endloop
  endfacet
  facet normal 0.000000 0.000000 1.000000
    outer loop
      vertex 22.5000 32.5000 2.4000
      vertex 21.7500 32.5000 2.4000
      vertex 21.5000 32.2500 2.4000
    endloop
  endfacet
  facet normal 0.000000 0.000000 -1.000000
    outer loop
      vertex 24.5000 33.5000 3.2000
      vertex 25.0000 33.2500 3.2000
      vertex 24.7500 33.2500 3.2000
    endloop
  endfacet
  facet normal 0.000000 -0.000000 1.000000
    outer loop
      vertex 24.7500 33.2500 2.4000
      vertex 25.0000 33.2500 2.4000
      vertex 24.5000 33.5000 2.4000
    endloop
  endfacet
  facet normal 0.000000 0.000000 -1.000000
    outer loop
      vertex 24.5000 33.5000 3.2000
      vertex 25.0000 34.0000 3.2000
      vertex 25.0000 33.2500 3.2000
    endloop
  endfacet
  facet normal 0.000000 -0.000000 1.000000
    outer loop
      vertex 25.0000 33.2500 2.4000
      vertex 25.0000 34.0000 2.4000
      vertex 24.5000 33.5000 2.4000
    endloop
  endfacet
  facet normal 0.000000 0.000000 -1.000000
    outer loop
      vertex 25.0000 33.2500 3.2000
      vertex 25.5000 33.7500 3.2000
      vertex 25.5000 32.7500 3.2000
    endloop
  endfacet
  facet normal 0.000000 -0.000000 1.000000
    outer loop
      vertex 25.5000 32.7500 2.4000
      vertex 25.5000 33.7500 2.4000
      vertex 25.0000 33.2500 2.4000
    endloop
  endfacet
  facet normal 0.000000 0.000000 -1.000000
    outer loop
      vertex 25.5000 33.7500 3.2000
      vertex 26.0000 33.2500 3.2000
      vertex 25.5000 32.7500 3.2000
    endloop
  endfacet
  facet normal 0.000000 0.000000 1.000000
    outer loop
      vertex 25.5000 32.7500 2.4000
      vertex 26.0000 33.2500 2.4000
      vertex 25.5000 33.7500 2.4000
    endloop
  endfacet
  facet normal 0.000000 -0.000000 -1.000000
    outer loop
      vertex 26.0000 33.2500 3.2000
      vertex 26.2500 32.7500 3.2000
      vertex 25.5000 32.7500 3.2000
    endloop
  endfacet
  facet normal 0.000000 0.000000 1.000000
    outer loop
      vertex 25.5000 32.7500 2.4000
      vertex 26.2500 32.7500 2.4000
      vertex 26.0000 33.2500 2.4000
    endloop
  endfacet
  facet normal -0.000000 0.000000 -1.000000
    outer loop
      vertex 26.2500 32.7500 3.2000
      vertex 25.5000 32.2500 3.2000
      vertex 25.5000 32.7500 3.2000
    endloop
  endfacet
  facet normal -0.000000 0.000000 1.000000
    outer loop
      vertex 25.5000 32.7500 2.4000
      vertex 25.5000 32.2500 2.4000
      vertex 26.2500 32.7500 2.4000
    endloop
  endfacet
  facet normal 0.000000 0.000000 -1.000000
    outer loop
      vertex 26.2500 32.7500 3.2000
      vertex 25.7500 32.0000 3.2000
      vertex 25.5000 32.2500 3.2000
    endloop
  endfacet
  facet normal -0.000000 0.000000 1.000000
    outer loop
      vertex 25.5000 32.2500 2.4000
      vertex 25.7500 32.0000 2.4000
      vertex 26.2500 32.7500 2.4000
    endloop
  endfacet
  facet normal 0.000000 0.000000 -1.000000
    outer loop
      vertex 25.7500 32.0000 3.2000
      vertex 26.5000 30.7500 3.2000
      vertex 25.7500 31.2500 3.2000
    endloop
  endfacet
  facet normal -0.000000 0.000000 1.000000
    outer loop
      vertex 25.7500 31.2500 2.4000
      vertex 26.5000 30.7500 2.4000
      vertex 25.7500 32.0000 2.4000
    endloop
  endfacet
  facet normal -0.000000 0.000000 -1.000000
    outer loop
      vertex 26.5000 30.7500 3.2000
      vertex 26.2500 30.5000 3.2000
      vertex 25.7500 31.2500 3.2000
    endloop
  endfacet
  facet normal 0.000000 0.000000 1.000000
    outer loop
      vertex 25.7500 31.2500 2.4000
      vertex 26.2500 30.5000 2.4000
      vertex 26.5000 30.7500 2.4000
    endloop
  endfacet
  facet normal 0.000000 0.000000 -1.000000
    outer loop
      vertex 26.2500 30.0000 3.2000
      vertex 25.5000 30.5000 3.2000
      vertex 26.2500 30.5000 3.2000
    endloop
  endfacet
  facet normal 0.000000 0.000000 1.000000
    outer loop
      vertex 26.2500 30.5000 2.4000
      vertex 25.5000 30.5000 2.4000
      vertex 26.2500 30.0000 2.4000
    endloop
  endfacet
  facet normal 0.000000 0.000000 -1.000000
    outer loop
      vertex 25.5000 30.5000 3.2000
      vertex 25.5000 31.0000 3.2000
      vertex 26.2500 30.5000 3.2000
    endloop
  endfacet
  facet normal 0.000000 0.000000 1.000000
    outer loop
      vertex 26.2500 30.5000 2.4000
      vertex 25.5000 31.0000 2.4000
      vertex 25.5000 30.5000 2.4000
    endloop
  endfacet
  facet normal -0.000000 -0.000000 -1.000000
    outer loop
      vertex 25.0000 30.0000 3.2000
      vertex 25.0000 29.2500 3.2000
      vertex 24.7500 30.0000 3.2000
    endloop
  endfacet
  facet normal -0.000000 0.000000 1.000000
    outer loop
      vertex 24.7500 30.0000 2.4000
      vertex 25.0000 29.2500 2.4000
      vertex 25.0000 30.0000 2.4000
    endloop
  endfacet
  facet normal 0.000000 0.000000 -1.000000
    outer loop
      vertex 25.0000 29.2500 3.2000
      vertex 24.5000 29.7500 3.2000
      vertex 24.7500 30.0000 3.2000
    endloop
  endfacet
  facet normal 0.000000 0.000000 1.000000
    outer loop
      vertex 24.7500 30.0000 2.4000
      vertex 24.5000 29.7500 2.4000
      vertex 25.0000 29.2500 2.4000
    endloop
  endfacet
  facet normal 0.000000 0.000000 -1.000000
    outer loop
      vertex 25.5000 31.0000 3.2000
      vertex 25.7500 31.2500 3.2000
      vertex 26.2500 30.5000 3.2000
    endloop
  endfacet
  facet normal 0.000000 0.000000 1.000000
    outer loop
      vertex 26.2500 30.5000 2.4000
      vertex 25.7500 31.2500 2.4000
      vertex 25.5000 31.0000 2.4000
    endloop
  endfacet
  facet normal -0.707107 0.707107 0.000000
    outer loop
      vertex 23.2500 34.2500 2.4000
      vertex 23.0000 34.0000 2.4000
      vertex 23.0000 34.0000 3.2000
    endloop
  endfacet
  facet normal -0.707107 0.707107 0.000000
    outer loop
      vertex 23.2500 34.2500 2.4000
      vertex 23.0000 34.0000 3.2000
      vertex 23.2500 34.2500 3.2000
    endloop
  endfacet
  facet normal 0.000000 1.000000 0.000000
    outer loop
      vertex 23.0000 34.0000 2.4000
      vertex 22.7500 34.0000 2.4000
      vertex 22.7500 34.0000 3.2000
    endloop
  endfacet
  facet normal 0.000000 1.000000 -0.000000
    outer loop
      vertex 23.0000 34.0000 2.4000
      vertex 22.7500 34.0000 3.2000
      vertex 23.0000 34.0000 3.2000
    endloop
  endfacet
  facet normal -0.707107 0.707107 0.000000
    outer loop
      vertex 22.7500 34.0000 2.4000
      vertex 21.7500 33.0000 2.4000
      vertex 21.7500 33.0000 3.2000
    endloop
  endfacet
  facet normal -0.707107 0.707107 0.000000
    outer loop
      vertex 22.7500 34.0000 2.4000
      vertex 21.7500 33.0000 3.2000
      vertex 22.7500 34.0000 3.2000
    endloop
  endfacet
  facet normal -1.000000 0.000000 0.000000
    outer loop
      vertex 21.7500 33.0000 2.4000
      vertex 21.7500 32.5000 2.4000
      vertex 21.7500 32.5000 3.2000
    endloop
  endfacet
  facet normal -1.000000 0.000000 0.000000
    outer loop
      vertex 21.7500 33.0000 2.4000
      vertex 21.7500 32.5000 3.2000
      vertex 21.7500 33.0000 3.2000
    endloop
  endfacet
  facet normal -0.707107 0.707107 0.000000
    outer loop
      vertex 21.7500 32.5000 2.4000
      vertex 21.5000 32.2500 2.4000
      vertex 21.5000 32.2500 3.2000
    endloop
  endfacet
  facet normal -0.707107 0.707107 0.000000
    outer loop
      vertex 21.7500 32.5000 2.4000
      vertex 21.5000 32.2500 3.2000
      vertex 21.7500 32.5000 3.2000
    endloop
  endfacet
  facet normal -1.000000 0.000000 0.000000
    outer loop
      vertex 21.5000 32.2500 2.4000
      vertex 21.5000 31.0000 2.4000
      vertex 21.5000 31.0000 3.2000
    endloop
  endfacet
  facet normal -1.000000 0.000000 0.000000
    outer loop
      vertex 21.5000 32.2500 2.4000
      vertex 21.5000 31.0000 3.2000
      vertex 21.5000 32.2500 3.2000
    endloop
  endfacet
  facet normal -0.707107 -0.707107 0.000000
    outer loop
      vertex 21.5000 31.0000 2.4000
      vertex 21.7500 30.7500 2.4000
      vertex 21.7500 30.7500 3.2000
    endloop
  endfacet
  facet normal -0.707107 -0.707107 0.000000
    outer loop
      vertex 21.5000 31.0000 2.4000
      vertex 21.7500 30.7500 3.2000
      vertex 21.5000 31.0000 3.2000
    endloop
  endfacet
  facet normal -1.000000 0.000000 0.000000
    outer loop
      vertex 21.7500 30.7500 2.4000
      vertex 21.7500 30.2500 2.4000
      vertex 21.7500 30.2500 3.2000
    endloop
  endfacet
  facet normal -1.000000 0.000000 0.000000
    outer loop
      vertex 21.7500 30.7500 2.4000
      vertex 21.7500 30.2500 3.2000
      vertex 21.7500 30.7500 3.2000
    endloop
  endfacet
  facet normal -0.707107 -0.707107 0.000000
    outer loop
      vertex 21.7500 30.2500 2.4000
      vertex 22.7500 29.2500 2.4000
      vertex 22.7500 29.2500 3.2000
    endloop
  endfacet
  facet normal -0.707107 -0.707107 0.000000
    outer loop
      vertex 21.7500 30.2500 2.4000
      vertex 22.7500 29.2500 3.2000
      vertex 21.7500 30.2500 3.2000
    endloop
  endfacet
  facet normal 0.000000 -1.000000 0.000000
    outer loop
      vertex 22.7500 29.2500 2.4000
      vertex 23.0000 29.2500 2.4000
      vertex 23.0000 29.2500 3.2000
    endloop
  endfacet
  facet normal 0.000000 -1.000000 0.000000
    outer loop
      vertex 22.7500 29.2500 2.4000
      vertex 23.0000 29.2500 3.2000
      vertex 22.7500 29.2500 3.2000
    endloop
  endfacet
  facet normal -0.707107 -0.707107 0.000000
    outer loop
      vertex 23.0000 29.2500 2.4000
      vertex 23.2500 29.0000 2.4000
      vertex 23.2500 29.0000 3.2000
    endloop
  endfacet
  facet normal -0.707107 -0.707107 0.000000
    outer loop
      vertex 23.0000 29.2500 2.4000
      vertex 23.2500 29.0000 3.2000
      vertex 23.0000 29.2500 3.2000
    endloop
  endfacet
  facet normal 0.000000 -1.000000 0.000000
    outer loop
      vertex 23.2500 29.0000 2.4000
      vertex 24.7500 29.0000 2.4000
      vertex 24.7500 29.0000 3.2000
    endloop
  endfacet
  facet normal 0.000000 -1.000000 0.000000
    outer loop
      vertex 23.2500 29.0000 2.4000
      vertex 24.7500 29.0000 3.2000
      vertex 23.2500 29.0000 3.2000
    endloop
  endfacet
  facet normal 0.707107 -0.707107 0.000000
    outer loop
      vertex 24.7500 29.0000 2.4000
      vertex 25.0000 29.2500 2.4000
      vertex 25.0000 29.2500 3.2000
    endloop
  endfacet
  facet normal 0.707107 -0.707107 0.000000
    outer loop
      vertex 24.7500 29.0000 2.4000
      vertex 25.0000 29.2500 3.2000
      vertex 24.7500 29.0000 3.2000
    endloop
  endfacet
  facet normal 0.000000 -1.000000 0.000000
    outer loop
      vertex 25.0000 29.2500 2.4000
      vertex 25.5000 29.2500 2.4000
      vertex 25.5000 29.2500 3.2000
    endloop
  endfacet
  facet normal 0.000000 -1.000000 0.000000
    outer loop
      vertex 25.0000 29.2500 2.4000
      vertex 25.5000 29.2500 3.2000
      vertex 25.0000 29.2500 3.2000
    endloop
  endfacet
  facet normal 0.707107 -0.707107 0.000000
    outer loop
      vertex 25.5000 29.2500 2.4000
      vertex 26.2500 30.0000 2.4000
      vertex 26.2500 30.0000 3.2000
    endloop
  endfacet
  facet normal 0.707107 -0.707107 0.000000
    outer loop
      vertex 25.5000 29.2500 2.4000
      vertex 26.2500 30.0000 3.2000
      vertex 25.5000 29.2500 3.2000
    endloop
  endfacet
  facet normal 1.000000 0.000000 0.000000
    outer loop
      vertex 26.2500 30.0000 2.4000
      vertex 26.2500 30.5000 2.4000
      vertex 26.2500 30.5000 3.2000
    endloop
  endfacet
  facet normal 1.000000 0.000000 0.000000
    outer loop
      vertex 26.2500 30.0000 2.4000
      vertex 26.2500 30.5000 3.2000
      vertex 26.2500 30.0000 3.2000
    endloop
  endfacet
  facet normal 0.707107 -0.707107 0.000000
    outer loop
      vertex 26.2500 30.5000 2.4000
      vertex 26.5000 30.7500 2.4000
      vertex 26.5000 30.7500 3.2000
    endloop
  endfacet
  facet normal 0.707107 -0.707107 0.000000
    outer loop
      vertex 26.2500 30.5000 2.4000
      vertex 26.5000 30.7500 3.2000
      vertex 26.2500 30.5000 3.2000
    endloop
  endfacet
  facet normal 1.000000 0.000000 0.000000
    outer loop
      vertex 26.5000 30.7500 2.4000
      vertex 26.5000 32.5000 2.4000
      vertex 26.5000 32.5000 3.2000
    endloop
  endfacet
  facet normal 1.000000 0.000000 0.000000
    outer loop
      vertex 26.5000 30.7500 2.4000
      vertex 26.5000 32.5000 3.2000
      vertex 26.5000 30.7500 3.2000
    endloop
  endfacet
  facet normal 0.707107 0.707107 0.000000
    outer loop
      vertex 26.5000 32.5000 2.4000
      vertex 26.2500 32.7500 2.4000
      vertex 26.2500 32.7500 3.2000
    endloop
  endfacet
  facet normal 0.707107 0.707107 -0.000000
    outer loop
      vertex 26.5000 32.5000 2.4000
      vertex 26.2500 32.7500 3.2000
      vertex 26.5000 32.5000 3.2000
    endloop
  endfacet
  facet normal 1.000000 0.000000 0.000000
    outer loop
      vertex 26.2500 32.7500 2.4000
      vertex 26.2500 33.0000 2.4000
      vertex 26.2500 33.0000 3.2000
    endloop
  endfacet
  facet normal 1.000000 0.000000 0.000000
    outer loop
      vertex 26.2500 32.7500 2.4000
      vertex 26.2500 33.0000 3.2000
      vertex 26.2500 32.7500 3.2000
    endloop
  endfacet
  facet normal 0.707107 0.707107 0.000000
    outer loop
      vertex 26.2500 33.0000 2.4000
      vertex 26.0000 33.2500 2.4000
      vertex 26.0000 33.2500 3.2000
    endloop
  endfacet
  facet normal 0.707107 0.707107 -0.000000
    outer loop
      vertex 26.2500 33.0000 2.4000
      vertex 26.0000 33.2500 3.2000
      vertex 26.2500 33.0000 3.2000
    endloop
  endfacet
  facet normal 1.000000 0.000000 0.000000
    outer loop
      vertex 26.0000 33.2500 2.4000
      vertex 26.0000 33.5000 2.4000
      vertex 26.0000 33.5000 3.2000
    endloop
  endfacet
  facet normal 1.000000 0.000000 0.000000
    outer loop
      vertex 26.0000 33.2500 2.4000
      vertex 26.0000 33.5000 3.2000
      vertex 26.0000 33.2500 3.2000
    endloop
  endfacet
  facet normal 0.707107 0.707107 0.000000
    outer loop
      vertex 26.0000 33.5000 2.4000
      vertex 25.7500 33.7500 2.4000
      vertex 25.7500 33.7500 3.2000
    endloop
  endfacet
  facet normal 0.707107 0.707107 -0.000000
    outer loop
      vertex 26.0000 33.5000 2.4000
      vertex 25.7500 33.7500 3.2000
      vertex 26.0000 33.5000 3.2000
    endloop
  endfacet
  facet normal 0.000000 1.000000 0.000000
    outer loop
      vertex 25.7500 33.7500 2.4000
      vertex 25.5000 33.7500 2.4000
      vertex 25.5000 33.7500 3.2000
    endloop
  endfacet
  facet normal 0.000000 1.000000 -0.000000
    outer loop
      vertex 25.7500 33.7500 2.4000
      vertex 25.5000 33.7500 3.2000
      vertex 25.7500 33.7500 3.2000
    endloop
  endfacet
  facet normal 0.707107 0.707107 0.000000
    outer loop
      vertex 25.5000 33.7500 2.4000
      vertex 25.2500 34.0000 2.4000
      vertex 25.2500 34.0000 3.2000
    endloop
  endfacet
  facet normal 0.707107 0.707107 -0.000000
    outer loop
      vertex 25.5000 33.7500 2.4000
      vertex 25.2500 34.0000 3.2000
      vertex 25.5000 33.7500 3.2000
    endloop
  endfacet
  facet normal 0.000000 1.000000 0.000000
    outer loop
      vertex 25.2500 34.0000 2.4000
      vertex 25.0000 34.0000 2.4000
      vertex 25.0000 34.0000 3.2000
    endloop
  endfacet
  facet normal 0.000000 1.000000 -0.000000
    outer loop
      vertex 25.2500 34.0000 2.4000
      vertex 25.0000 34.0000 3.2000
      vertex 25.2500 34.0000 3.2000
    endloop
  endfacet
  facet normal 0.707107 0.707107 0.000000
    outer loop
      vertex 25.0000 34.0000 2.4000
      vertex 24.7500 34.2500 2.4000
      vertex 24.7500 34.2500 3.2000
    endloop
  endfacet
  facet normal 0.707107 0.707107 -0.000000
    outer loop
      vertex 25.0000 34.0000 2.4000
      vertex 24.7500 34.2500 3.2000
      vertex 25.0000 34.0000 3.2000
    endloop
  endfacet
  facet normal 0.000000 1.000000 0.000000
    outer loop
      vertex 24.7500 34.2500 2.4000
      vertex 23.2500 34.2500 2.4000
      vertex 23.2500 34.2500 3.2000
    endloop
  endfacet
  facet normal 0.000000 1.000000 -0.000000
    outer loop
      vertex 24.7500 34.2500 2.4000
      vertex 23.2500 34.2500 3.2000
      vertex 24.7500 34.2500 3.2000
    endloop
  endfacet
  facet normal 0.000000 -1.000000 0.000000
    outer loop
      vertex 23.5000 33.5000 2.4000
      vertex 24.5000 33.5000 2.4000
      vertex 24.5000 33.5000 3.2000
    endloop
  endfacet
  facet normal 0.000000 -1.000000 0.000000
    outer loop
      vertex 23.5000 33.5000 2.4000
      vertex 24.5000 33.5000 3.2000
      vertex 23.5000 33.5000 3.2000
    endloop
  endfacet
  facet normal -0.707107 -0.707107 0.000000
    outer loop
      vertex 24.5000 33.5000 2.4000
      vertex 24.7500 33.2500 2.4000
      vertex 24.7500 33.2500 3.2000
    endloop
  endfacet
  facet normal -0.707107 -0.707107 0.000000
    outer loop
      vertex 24.5000 33.5000 2.4000
      vertex 24.7500 33.2500 3.2000
      vertex 24.5000 33.5000 3.2000
    endloop
  endfacet
  facet normal 0.000000 -1.000000 0.000000
    outer loop
      vertex 24.7500 33.2500 2.4000
      vertex 25.0000 33.2500 2.4000
      vertex 25.0000 33.2500 3.2000
    endloop
  endfacet
  facet normal 0.000000 -1.000000 0.000000
    outer loop
      vertex 24.7500 33.2500 2.4000
      vertex 25.0000 33.2500 3.2000
      vertex 24.7500 33.2500 3.2000
    endloop
  endfacet
  facet normal -0.707107 -0.707107 0.000000
    outer loop
      vertex 25.0000 33.2500 2.4000
      vertex 25.5000 32.7500 2.4000
      vertex 25.5000 32.7500 3.2000
    endloop
  endfacet
  facet normal -0.707107 -0.707107 0.000000
    outer loop
      vertex 25.0000 33.2500 2.4000
      vertex 25.5000 32.7500 3.2000
      vertex 25.0000 33.2500 3.2000
    endloop
  endfacet
  facet normal -1.000000 0.000000 0.000000
    outer loop
      vertex 25.5000 32.7500 2.4000
      vertex 25.5000 32.2500 2.4000
      vertex 25.5000 32.2500 3.2000
    endloop
  endfacet
  facet normal -1.000000 0.000000 0.000000
    outer loop
      vertex 25.5000 32.7500 2.4000
      vertex 25.5000 32.2500 3.2000
      vertex 25.5000 32.7500 3.2000
    endloop
  endfacet
  facet normal -0.707107 -0.707107 0.000000
    outer loop
      vertex 25.5000 32.2500 2.4000
      vertex 25.7500 32.0000 2.4000
      vertex 25.7500 32.0000 3.2000
    endloop
  endfacet
  facet normal -0.707107 -0.707107 0.000000
    outer loop
      vertex 25.5000 32.2500 2.4000
      vertex 25.7500 32.0000 3.2000
      vertex 25.5000 32.2500 3.2000
    endloop
  endfacet
  facet normal -1.000000 0.000000 0.000000
    outer loop
      vertex 25.7500 32.0000 2.4000
      vertex 25.7500 31.2500 2.4000
      vertex 25.7500 31.2500 3.2000
    endloop
  endfacet
  facet normal -1.000000 0.000000 0.000000
    outer loop
      vertex 25.7500 32.0000 2.4000
      vertex 25.7500 31.2500 3.2000
      vertex 25.7500 32.0000 3.2000
    endloop
  endfacet
  facet normal -0.707107 0.707107 0.000000
    outer loop
      vertex 25.7500 31.2500 2.4000
      vertex 25.5000 31.0000 2.4000
      vertex 25.5000 31.0000 3.2000
    endloop
  endfacet
  facet normal -0.707107 0.707107 0.000000
    outer loop
      vertex 25.7500 31.2500 2.4000
      vertex 25.5000 31.0000 3.2000
      vertex 25.7500 31.2500 3.2000
    endloop
  endfacet
  facet normal -1.000000 0.000000 0.000000
    outer loop
      vertex 25.5000 31.0000 2.4000
      vertex 25.5000 30.5000 2.4000
      vertex 25.5000 30.5000 3.2000
    endloop
  endfacet
  facet normal -1.000000 0.000000 0.000000
    outer loop
      vertex 25.5000 31.0000 2.4000
      vertex 25.5000 30.5000 3.2000
      vertex 25.5000 31.0000 3.2000
    endloop
  endfacet
  facet normal -0.707107 0.707107 0.000000
    outer loop
      vertex 25.5000 30.5000 2.4000
      vertex 25.0000 30.0000 2.4000
      vertex 25.0000 30.0000 3.2000
    endloop
  endfacet
  facet normal -0.707107 0.707107 0.000000
    outer loop
      vertex 25.5000 30.5000 2.4000
      vertex 25.0000 30.0000 3.2000
      vertex 25.5000 30.5000 3.2000
    endloop
  endfacet
  facet normal 0.000000 1.000000 0.000000
    outer loop
      vertex 25.0000 30.0000 2.4000
      vertex 24.7500 30.0000 2.4000
      vertex 24.7500 30.0000 3.2000
    endloop
  endfacet
  facet normal 0.000000 1.000000 -0.000000
    outer loop
      vertex 25.0000 30.0000 2.4000
      vertex 24.7500 30.0000 3.2000
      vertex 25.0000 30.0000 3.2000
    endloop
  endfacet
  facet normal -0.707107 0.707107 0.000000
    outer loop
      vertex 24.7500 30.0000 2.4000
      vertex 24.5000 29.7500 2.4000
      vertex 24.5000 29.7500 3.2000
    endloop
  endfacet
  facet normal -0.707107 0.707107 0.000000
    outer loop
      vertex 24.7500 30.0000 2.4000
      vertex 24.5000 29.7500 3.2000
      vertex 24.7500 30.0000 3.2000
    endloop
  endfacet
  facet normal 0.000000 1.000000 0.000000
    outer loop
      vertex 24.5000 29.7500 2.4000
      vertex 23.5000 29.7500 2.4000
      vertex 23.5000 29.7500 3.2000
    endloop
  endfacet
  facet normal 0.000000 1.000000 -0.000000
    outer loop
      vertex 24.5000 29.7500 2.4000
      vertex 23.5000 29.7500 3.2000
      vertex 24.5000 29.7500 3.2000
    endloop
  endfacet
  facet normal 0.707107 0.707107 0.000000
    outer loop
      vertex 23.5000 29.7500 2.4000
      vertex 22.5000 30.7500 2.4000
      vertex 22.5000 30.7500 3.2000
    endloop
  endfacet
  facet normal 0.707107 0.707107 -0.000000
    outer loop
      vertex 23.5000 29.7500 2.4000
      vertex 22.5000 30.7500 3.2000
      vertex 23.5000 29.7500 3.2000
    endloop
  endfacet
  facet normal 1.000000 0.000000 0.000000
    outer loop
      vertex 22.5000 30.7500 2.4000
      vertex 22.5000 32.5000 2.4000
      vertex 22.5000 32.5000 3.2000
    endloop
  endfacet
  facet normal 1.000000 0.000000 0.000000
    outer loop
      vertex 22.5000 30.7500 2.4000
      vertex 22.5000 32.5000 3.2000
      vertex 22.5000 30.7500 3.2000
    endloop
  endfacet
  facet normal 0.707107 -0.707107 0.000000
    outer loop
      vertex 22.5000 32.5000 2.4000
      vertex 23.5000 33.5000 2.4000
      vertex 23.5000 33.5000 3.2000
    endloop
  endfacet
  facet normal 0.707107 -0.707107 0.000000
    outer loop
      vertex 22.5000 32.5000 2.4000
      vertex 23.5000 33.5000 3.2000
      vertex 22.5000 32.5000 3.2000
    endloop
  endfacet
  facet normal 0.000000 0.000000 -1.000000
    outer loop
      vertex 16.2500 34.2500 3.2000
      vertex 17.2500 31.0000 3.2000
      vertex 16.2500 29.0000 3.2000
    endloop
  endfacet
  facet normal 0.000000 0.000000 1.000000
    outer loop
      vertex 16.2500 29.0000 2.4000
      vertex 17.2500 31.0000 2.4000
      vertex 16.2500 34.2500 2.4000
    endloop
  endfacet
  facet normal 0.000000 0.000000 -1.000000
    outer loop
      vertex 16.2500 34.2500 3.2000
      vertex 17.2500 32.2500 3.2000
      vertex 17.2500 31.0000 3.2000
    endloop
  endfacet
  facet normal 0.000000 -0.000000 1.000000
    outer loop
      vertex 17.2500 31.0000 2.4000
      vertex 17.2500 32.2500 2.4000
      vertex 16.2500 34.2500 2.4000
    endloop
  endfacet
  facet normal 0.000000 0.000000 -1.000000
    outer loop
      vertex 16.2500 34.2500 3.2000
      vertex 17.2500 33.2500 3.2000
      vertex 17.2500 32.2500 3.2000
    endloop
  endfacet
  facet normal 0.000000 -0.000000 1.000000
    outer loop
      vertex 17.2500 32.2500 2.4000
      vertex 17.2500 33.2500 2.4000
      vertex 16.2500 34.2500 2.4000
    endloop
  endfacet
  facet normal 0.000000 0.000000 -1.000000
    outer loop
      vertex 16.2500 34.2500 3.2000
      vertex 17.5000 33.5000 3.2000
      vertex 17.2500 33.2500 3.2000
    endloop
  endfacet
  facet normal 0.000000 -0.000000 1.000000
    outer loop
      vertex 17.2500 33.2500 2.4000
      vertex 17.5000 33.5000 2.4000
      vertex 16.2500 34.2500 2.4000
    endloop
  endfacet
  facet normal 0.000000 0.000000 -1.000000
    outer loop
      vertex 16.2500 34.2500 3.2000
      vertex 19.5000 34.2500 3.2000
      vertex 17.5000 33.5000 3.2000
    endloop
  endfacet
  facet normal 0.000000 -0.000000 1.000000
    outer loop
      vertex 17.5000 33.5000 2.4000
      vertex 19.5000 34.2500 2.4000
      vertex 16.2500 34.2500 2.4000
    endloop
  endfacet
  facet normal 0.000000 0.000000 -1.000000
    outer loop
      vertex 19.5000 34.2500 3.2000
      vertex 19.0000 33.5000 3.2000
      vertex 17.5000 33.5000 3.2000
    endloop
  endfacet
  facet normal 0.000000 0.000000 1.000000
    outer loop
      vertex 17.5000 33.5000 2.4000
      vertex 19.0000 33.5000 2.4000
      vertex 19.5000 34.2500 2.4000
    endloop
  endfacet
  facet normal 0.000000 -0.000000 -1.000000
    outer loop
      vertex 19.5000 34.2500 3.2000
      vertex 19.7500 34.0000 3.2000
      vertex 19.0000 33.5000 3.2000
    endloop
  endfacet
  facet normal 0.000000 0.000000 1.000000
    outer loop
      vertex 19.0000 33.5000 2.4000
      vertex 19.7500 34.0000 2.4000
      vertex 19.5000 34.2500 2.4000
    endloop
  endfacet
  facet normal -0.000000 -0.000000 -1.000000
    outer loop
      vertex 20.0000 34.0000 3.2000
      vertex 20.2500 33.5000 3.2000
      vertex 19.7500 34.0000 3.2000
    endloop
  endfacet
  facet normal -0.000000 0.000000 1.000000
    outer loop
      vertex 19.7500 34.0000 2.4000
      vertex 20.2500 33.5000 2.4000
      vertex 20.0000 34.0000 2.4000
    endloop
  endfacet
  facet normal 0.000000 0.000000 -1.000000
    outer loop
      vertex 20.0000 34.0000 3.2000
      vertex 20.2500 33.7500 3.2000
      vertex 20.2500 33.5000 3.2000
    endloop
  endfacet
  facet normal 0.000000 -0.000000 1.000000
    outer loop
      vertex 20.2500 33.5000 2.4000
      vertex 20.2500 33.7500 2.4000
      vertex 20.0000 34.0000 2.4000
    endloop
  endfacet
  facet normal -0.000000 0.000000 -1.000000
    outer loop
      vertex 20.5000 33.2500 3.2000
      vertex 19.5000 33.0000 3.2000
      vertex 20.2500 33.5000 3.2000
    endloop
  endfacet
  facet normal 0.000000 0.000000 1.000000
    outer loop
      vertex 20.2500 33.5000 2.4000
      vertex 19.5000 33.0000 2.4000
      vertex 20.5000 33.2500 2.4000
    endloop
  endfacet
  facet normal 0.000000 -0.000000 -1.000000
    outer loop
      vertex 20.5000 33.2500 3.2000
      vertex 20.5000 32.5000 3.2000
      vertex 19.5000 33.0000 3.2000
    endloop
  endfacet
  facet normal -0.000000 0.000000 1.000000
    outer loop
      vertex 19.5000 33.0000 2.4000
      vertex 20.5000 32.5000 2.4000
      vertex 20.5000 33.2500 2.4000
    endloop
  endfacet
  facet normal -0.000000 0.000000 -1.000000
    outer loop
      vertex 20.7500 29.2500 3.2000
      vertex 19.7500 29.0000 3.2000
      vertex 20.2500 29.7500 3.2000
    endloop
  endfacet
  facet normal 0.000000 0.000000 1.000000
    outer loop
      vertex 20.2500 29.7500 2.4000
      vertex 19.7500 29.0000 2.4000
      vertex 20.7500 29.2500 2.4000
    endloop
  endfacet
  facet normal 0.000000 -0.000000 -1.000000
    outer loop
      vertex 20.7500 29.2500 3.2000
      vertex 20.7500 29.0000 3.2000
      vertex 19.7500 29.0000 3.2000
    endloop
  endfacet
  facet normal 0.000000 0.000000 1.000000
    outer loop
      vertex 19.7500 29.0000 2.4000
      vertex 20.7500 29.0000 2.4000
      vertex 20.7500 29.2500 2.4000
    endloop
  endfacet
  facet normal 0.000000 0.000000 -1.000000
    outer loop
      vertex 19.7500 29.0000 3.2000
      vertex 19.5000 29.5000 3.2000
      vertex 20.2500 29.7500 3.2000
    endloop
  endfacet
  facet normal 0.000000 0.000000 1.000000
    outer loop
      vertex 20.2500 29.7500 2.4000
      vertex 19.5000 29.5000 2.4000
      vertex 19.7500 29.0000 2.4000
    endloop
  endfacet
  facet normal 0.000000 0.000000 -1.000000
    outer loop
      vertex 19.7500 29.0000 3.2000
      vertex 19.5000 29.2500 3.2000
      vertex 19.5000 29.5000 3.2000
    endloop
  endfacet
  facet normal 0.000000 0.000000 1.000000
    outer loop
      vertex 19.5000 29.5000 2.4000
      vertex 19.5000 29.2500 2.4000
      vertex 19.7500 29.0000 2.4000
    endloop
  endfacet
  facet normal 0.000000 0.000000 -1.000000
    outer loop
      vertex 17.2500 29.0000 3.2000
      vertex 16.2500 29.0000 3.2000
      vertex 17.2500 31.0000 3.2000
    endloop
  endfacet
  facet normal 0.000000 0.000000 1.000000
    outer loop
      vertex 17.2500 31.0000 2.4000
      vertex 16.2500 29.0000 2.4000
      vertex 17.2500 29.0000 2.4000
    endloop
  endfacet
  facet normal 0.000000 0.000000 -1.000000
    outer loop
      vertex 17.2500 31.0000 3.2000
      vertex 17.2500 32.2500 3.2000
      vertex 17.5000 31.2500 3.2000
    endloop
  endfacet
  facet normal 0.000000 0.000000 1.000000
    outer loop
      vertex 17.5000 31.2500 2.4000
      vertex 17.2500 32.2500 2.4000
      vertex 17.2500 31.0000 2.4000
    endloop
  endfacet
  facet normal 0.000000 0.000000 -1.000000
    outer loop
      vertex 17.2500 32.2500 3.2000
      vertex 17.5000 32.0000 3.2000
      vertex 17.5000 31.2500 3.2000
    endloop
  endfacet
  facet normal 0.000000 -0.000000 1.000000
    outer loop
      vertex 17.5000 31.2500 2.4000
      vertex 17.5000 32.0000 2.4000
      vertex 17.2500 32.2500 2.4000
    endloop
  endfacet
  facet normal 0.000000 0.000000 -1.000000
    outer loop
      vertex 19.0000 33.5000 3.2000
      vertex 19.7500 34.0000 3.2000
      vertex 19.5000 33.0000 3.2000
    endloop
  endfacet
  facet normal 0.000000 -0.000000 1.000000
    outer loop
      vertex 19.5000 33.0000 2.4000
      vertex 19.7500 34.0000 2.4000
      vertex 19.0000 33.5000 2.4000
    endloop
  endfacet
  facet normal 0.000000 -0.000000 -1.000000
    outer loop
      vertex 19.7500 34.0000 3.2000
      vertex 20.2500 33.5000 3.2000
      vertex 19.5000 33.0000 3.2000
    endloop
  endfacet
  facet normal 0.000000 0.000000 1.000000
    outer loop
      vertex 19.5000 33.0000 2.4000
      vertex 20.2500 33.5000 2.4000
      vertex 19.7500 34.0000 2.4000
    endloop
  endfacet
  facet normal 0.000000 0.000000 -1.000000
    outer loop
      vertex 19.5000 33.0000 3.2000
      vertex 20.2500 32.2500 3.2000
      vertex 19.5000 32.5000 3.2000
    endloop
  endfacet
  facet normal -0.000000 0.000000 1.000000
    outer loop
      vertex 19.5000 32.5000 2.4000
      vertex 20.2500 32.2500 2.4000
      vertex 19.5000 33.0000 2.4000
    endloop
  endfacet
  facet normal 0.000000 0.000000 -1.000000
    outer loop
      vertex 19.5000 33.0000 3.2000
      vertex 20.5000 32.5000 3.2000
      vertex 20.2500 32.2500 3.2000
    endloop
  endfacet
  facet normal 0.000000 -0.000000 1.000000
    outer loop
      vertex 20.2500 32.2500 2.4000
      vertex 20.5000 32.5000 2.4000
      vertex 19.5000 33.0000 2.4000
    endloop
  endfacet
  facet normal 0.000000 0.000000 -1.000000
    outer loop
      vertex 20.2500 32.0000 3.2000
      vertex 19.5000 32.5000 3.2000
      vertex 20.2500 32.2500 3.2000
    endloop
  endfacet
  facet normal 0.000000 0.000000 1.000000
    outer loop
      vertex 20.2500 32.2500 2.4000
      vertex 19.5000 32.5000 2.4000
      vertex 20.2500 32.0000 2.4000
    endloop
  endfacet
  facet normal -0.000000 0.000000 -1.000000
    outer loop
      vertex 20.2500 32.0000 3.2000
      vertex 19.7500 31.5000 3.2000
      vertex 19.5000 32.5000 3.2000
    endloop
  endfacet
  facet normal 0.000000 0.000000 1.000000
    outer loop
      vertex 19.5000 32.5000 2.4000
      vertex 19.7500 31.5000 2.4000
      vertex 20.2500 32.0000 2.4000
    endloop
  endfacet
  facet normal -0.000000 0.000000 -1.000000
    outer loop
      vertex 20.2500 30.0000 3.2000
      vertex 19.5000 29.5000 3.2000
      vertex 19.7500 30.5000 3.2000
    endloop
  endfacet
  facet normal 0.000000 0.000000 1.000000
    outer loop
      vertex 19.7500 30.5000 2.4000
      vertex 19.5000 29.5000 2.4000
      vertex 20.2500 30.0000 2.4000
    endloop
  endfacet
  facet normal 0.000000 -0.000000 -1.000000
    outer loop
      vertex 20.2500 30.0000 3.2000
      vertex 20.2500 29.7500 3.2000
      vertex 19.5000 29.5000 3.2000
    endloop
  endfacet
  facet normal 0.000000 0.000000 1.000000
    outer loop
      vertex 19.5000 29.5000 2.4000
      vertex 20.2500 29.7500 2.4000
      vertex 20.2500 30.0000 2.4000
    endloop
  endfacet
  facet normal 0.000000 0.000000 -1.000000
    outer loop
      vertex 19.5000 29.5000 3.2000
      vertex 19.0000 30.0000 3.2000
      vertex 19.7500 30.5000 3.2000
    endloop
  endfacet
  facet normal 0.000000 0.000000 1.000000
    outer loop
      vertex 19.7500 30.5000 2.4000
      vertex 19.0000 30.0000 2.4000
      vertex 19.5000 29.5000 2.4000
    endloop
  endfacet
  facet normal 0.000000 0.000000 -1.000000
    outer loop
      vertex 19.0000 30.0000 3.2000
      vertex 19.0000 30.2500 3.2000
      vertex 19.7500 30.5000 3.2000
    endloop
  endfacet
  facet normal 0.000000 0.000000 1.000000
    outer loop
      vertex 19.7500 30.5000 2.4000
      vertex 19.0000 30.2500 2.4000
      vertex 19.0000 30.0000 2.4000
    endloop
  endfacet
  facet normal 0.000000 0.000000 -1.000000
    outer loop
      vertex 19.0000 30.2500 3.2000
      vertex 19.7500 30.7500 3.2000
      vertex 19.7500 30.5000 3.2000
    endloop
  endfacet
  facet normal 0.000000 -0.000000 1.000000
    outer loop
      vertex 19.7500 30.5000 2.4000
      vertex 19.7500 30.7500 2.4000
      vertex 19.0000 30.2500 2.4000
    endloop
  endfacet
  facet normal 0.000000 0.000000 -1.000000
    outer loop
      vertex 19.0000 30.2500 3.2000
      vertex 19.2500 31.2500 3.2000
      vertex 19.7500 30.7500 3.2000
    endloop
  endfacet
  facet normal 0.000000 0.000000 1.000000
    outer loop
      vertex 19.7500 30.7500 2.4000
      vertex 19.2500 31.2500 2.4000
      vertex 19.0000 30.2500 2.4000
    endloop
  endfacet
  facet normal 0.000000 0.000000 -1.000000
    outer loop
      vertex 19.0000 30.2500 3.2000
      vertex 18.0000 31.2500 3.2000
      vertex 19.2500 31.2500 3.2000
    endloop
  endfacet
  facet normal 0.000000 0.000000 1.000000
    outer loop
      vertex 19.2500 31.2500 2.4000
      vertex 18.0000 31.2500 2.4000
      vertex 19.0000 30.2500 2.4000
    endloop
  endfacet
  facet normal 0.000000 0.000000 -1.000000
    outer loop
      vertex 18.0000 31.2500 3.2000
      vertex 19.0000 32.0000 3.2000
      vertex 19.2500 31.2500 3.2000
    endloop
  endfacet
  facet normal 0.000000 0.000000 1.000000
    outer loop
      vertex 19.2500 31.2500 2.4000
      vertex 19.0000 32.0000 2.4000
      vertex 18.0000 31.2500 2.4000
    endloop
  endfacet
  facet normal 0.000000 0.000000 -1.000000
    outer loop
      vertex 18.0000 31.2500 3.2000
      vertex 17.5000 32.0000 3.2000
      vertex 19.0000 32.0000 3.2000
    endloop
  endfacet
  facet normal 0.000000 0.000000 1.000000
    outer loop
      vertex 19.0000 32.0000 2.4000
      vertex 17.5000 32.0000 2.4000
      vertex 18.0000 31.2500 2.4000
    endloop
  endfacet
  facet normal 0.000000 0.000000 -1.000000
    outer loop
      vertex 18.0000 31.2500 3.2000
      vertex 17.5000 31.2500 3.2000
      vertex 17.5000 32.0000 3.2000
    endloop
  endfacet
  facet normal 0.000000 0.000000 1.000000
    outer loop
      vertex 17.5000 32.0000 2.4000
      vertex 17.5000 31.2500 2.4000
      vertex 18.0000 31.2500 2.4000
    endloop
  endfacet
  facet normal 0.000000 0.000000 -1.000000
    outer loop
      vertex 19.0000 32.0000 3.2000
      vertex 19.5000 31.5000 3.2000
      vertex 19.2500 31.2500 3.2000
    endloop
  endfacet
  facet normal 0.000000 -0.000000 1.000000
    outer loop
      vertex 19.2500 31.2500 2.4000
      vertex 19.5000 31.5000 2.4000
      vertex 19.0000 32.0000 2.4000
    endloop
  endfacet
  facet normal 0.000000 0.000000 -1.000000
    outer loop
      vertex 19.0000 32.0000 3.2000
      vertex 19.5000 32.5000 3.2000
      vertex 19.5000 31.5000 3.2000
    endloop
  endfacet
  facet normal 0.000000 -0.000000 1.000000
    outer loop
      vertex 19.5000 31.5000 2.4000
      vertex 19.5000 32.5000 2.4000
      vertex 19.0000 32.0000 2.4000
    endloop
  endfacet
  facet normal 0.000000 0.000000 -1.000000
    outer loop
      vertex 19.5000 32.5000 3.2000
      vertex 19.7500 31.5000 3.2000
      vertex 19.5000 31.5000 3.2000
    endloop
  endfacet
  facet normal 0.000000 0.000000 1.000000
    outer loop
      vertex 19.5000 31.5000 2.4000
      vertex 19.7500 31.5000 2.4000
      vertex 19.5000 32.5000 2.4000
    endloop
  endfacet
  facet normal -1.000000 0.000000 0.000000
    outer loop
      vertex 16.2500 34.2500 2.4000
      vertex 16.2500 29.0000 2.4000
      vertex 16.2500 29.0000 3.2000
    endloop
  endfacet
  facet normal -1.000000 0.000000 0.000000
    outer loop
      vertex 16.2500 34.2500 2.4000
      vertex 16.2500 29.0000 3.2000
      vertex 16.2500 34.2500 3.2000
    endloop
  endfacet
  facet normal 0.000000 -1.000000 0.000000
    outer loop
      vertex 16.2500 29.0000 2.4000
      vertex 17.2500 29.0000 2.4000
      vertex 17.2500 29.0000 3.2000
    endloop
  endfacet
  facet normal 0.000000 -1.000000 0.000000
    outer loop
      vertex 16.2500 29.0000 2.4000
      vertex 17.2500 29.0000 3.2000
      vertex 16.2500 29.0000 3.2000
    endloop
  endfacet
  facet normal 1.000000 0.000000 0.000000
    outer loop
      vertex 17.2500 29.0000 2.4000
      vertex 17.2500 31.0000 2.4000
      vertex 17.2500 31.0000 3.2000
    endloop
  endfacet
  facet normal 1.000000 0.000000 0.000000
    outer loop
      vertex 17.2500 29.0000 2.4000
      vertex 17.2500 31.0000 3.2000
      vertex 17.2500 29.0000 3.2000
    endloop
  endfacet
  facet normal 0.707107 -0.707107 0.000000
    outer loop
      vertex 17.2500 31.0000 2.4000
      vertex 17.5000 31.2500 2.4000
      vertex 17.5000 31.2500 3.2000
    endloop
  endfacet
  facet normal 0.707107 -0.707107 0.000000
    outer loop
      vertex 17.2500 31.0000 2.4000
      vertex 17.5000 31.2500 3.2000
      vertex 17.2500 31.0000 3.2000
    endloop
  endfacet
  facet normal 0.000000 -1.000000 0.000000
    outer loop
      vertex 17.5000 31.2500 2.4000
      vertex 18.0000 31.2500 2.4000
      vertex 18.0000 31.2500 3.2000
    endloop
  endfacet
  facet normal 0.000000 -1.000000 0.000000
    outer loop
      vertex 17.5000 31.2500 2.4000
      vertex 18.0000 31.2500 3.2000
      vertex 17.5000 31.2500 3.2000
    endloop
  endfacet
  facet normal -0.707107 -0.707107 0.000000
    outer loop
      vertex 18.0000 31.2500 2.4000
      vertex 19.0000 30.2500 2.4000
      vertex 19.0000 30.2500 3.2000
    endloop
  endfacet
  facet normal -0.707107 -0.707107 0.000000
    outer loop
      vertex 18.0000 31.2500 2.4000
      vertex 19.0000 30.2500 3.2000
      vertex 18.0000 31.2500 3.2000
    endloop
  endfacet
  facet normal -1.000000 0.000000 0.000000
    outer loop
      vertex 19.0000 30.2500 2.4000
      vertex 19.0000 30.0000 2.4000
      vertex 19.0000 30.0000 3.2000
    endloop
  endfacet
  facet normal -1.000000 0.000000 0.000000
    outer loop
      vertex 19.0000 30.2500 2.4000
      vertex 19.0000 30.0000 3.2000
      vertex 19.0000 30.2500 3.2000
    endloop
  endfacet
  facet normal -0.707107 -0.707107 0.000000
    outer loop
      vertex 19.0000 30.0000 2.4000
      vertex 19.5000 29.5000 2.4000
      vertex 19.5000 29.5000 3.2000
    endloop
  endfacet
  facet normal -0.707107 -0.707107 0.000000
    outer loop
      vertex 19.0000 30.0000 2.4000
      vertex 19.5000 29.5000 3.2000
      vertex 19.0000 30.0000 3.2000
    endloop
  endfacet
  facet normal -1.000000 0.000000 0.000000
    outer loop
      vertex 19.5000 29.5000 2.4000
      vertex 19.5000 29.2500 2.4000
      vertex 19.5000 29.2500 3.2000
    endloop
  endfacet
  facet normal -1.000000 0.000000 0.000000
    outer loop
      vertex 19.5000 29.5000 2.4000
      vertex 19.5000 29.2500 3.2000
      vertex 19.5000 29.5000 3.2000
    endloop
  endfacet
  facet normal -0.707107 -0.707107 0.000000
    outer loop
      vertex 19.5000 29.2500 2.4000
      vertex 19.7500 29.0000 2.4000
      vertex 19.7500 29.0000 3.2000
    endloop
  endfacet
  facet normal -0.707107 -0.707107 0.000000
    outer loop
      vertex 19.5000 29.2500 2.4000
      vertex 19.7500 29.0000 3.2000
      vertex 19.5000 29.2500 3.2000
    endloop
  endfacet
  facet normal 0.000000 -1.000000 0.000000
    outer loop
      vertex 19.7500 29.0000 2.4000
      vertex 20.7500 29.0000 2.4000
      vertex 20.7500 29.0000 3.2000
    endloop
  endfacet
  facet normal 0.000000 -1.000000 0.000000
    outer loop
      vertex 19.7500 29.0000 2.4000
      vertex 20.7500 29.0000 3.2000
      vertex 19.7500 29.0000 3.2000
    endloop
  endfacet
  facet normal 1.000000 0.000000 0.000000
    outer loop
      vertex 20.7500 29.0000 2.4000
      vertex 20.7500 29.2500 2.4000
      vertex 20.7500 29.2500 3.2000
    endloop
  endfacet
  facet normal 1.000000 0.000000 0.000000
    outer loop
      vertex 20.7500 29.0000 2.4000
      vertex 20.7500 29.2500 3.2000
      vertex 20.7500 29.0000 3.2000
    endloop
  endfacet
  facet normal 0.707107 0.707107 0.000000
    outer loop
      vertex 20.7500 29.2500 2.4000
      vertex 20.2500 29.7500 2.4000
      vertex 20.2500 29.7500 3.2000
    endloop
  endfacet
  facet normal 0.707107 0.707107 -0.000000
    outer loop
      vertex 20.7500 29.2500 2.4000
      vertex 20.2500 29.7500 3.2000
      vertex 20.7500 29.2500 3.2000
    endloop
  endfacet
  facet normal 1.000000 0.000000 0.000000
    outer loop
      vertex 20.2500 29.7500 2.4000
      vertex 20.2500 30.0000 2.4000
      vertex 20.2500 30.0000 3.2000
    endloop
  endfacet
  facet normal 1.000000 0.000000 0.000000
    outer loop
      vertex 20.2500 29.7500 2.4000
      vertex 20.2500 30.0000 3.2000
      vertex 20.2500 29.7500 3.2000
    endloop
  endfacet
  facet normal 0.707107 0.707107 0.000000
    outer loop
      vertex 20.2500 30.0000 2.4000
      vertex 19.7500 30.5000 2.4000
      vertex 19.7500 30.5000 3.2000
    endloop
  endfacet
  facet normal 0.707107 0.707107 -0.000000
    outer loop
      vertex 20.2500 30.0000 2.4000
      vertex 19.7500 30.5000 3.2000
      vertex 20.2500 30.0000 3.2000
    endloop
  endfacet
  facet normal 1.000000 0.000000 0.000000
    outer loop
      vertex 19.7500 30.5000 2.4000
      vertex 19.7500 30.7500 2.4000
      vertex 19.7500 30.7500 3.2000
    endloop
  endfacet
  facet normal 1.000000 0.000000 0.000000
    outer loop
      vertex 19.7500 30.5000 2.4000
      vertex 19.7500 30.7500 3.2000
      vertex 19.7500 30.5000 3.2000
    endloop
  endfacet
  facet normal 0.707107 0.707107 0.000000
    outer loop
      vertex 19.7500 30.7500 2.4000
      vertex 19.2500 31.2500 2.4000
      vertex 19.2500 31.2500 3.2000
    endloop
  endfacet
  facet normal 0.707107 0.707107 -0.000000
    outer loop
      vertex 19.7500 30.7500 2.4000
      vertex 19.2500 31.2500 3.2000
      vertex 19.7500 30.7500 3.2000
    endloop
  endfacet
  facet normal 0.707107 -0.707107 0.000000
    outer loop
      vertex 19.2500 31.2500 2.4000
      vertex 19.5000 31.5000 2.4000
      vertex 19.5000 31.5000 3.2000
    endloop
  endfacet
  facet normal 0.707107 -0.707107 0.000000
    outer loop
      vertex 19.2500 31.2500 2.4000
      vertex 19.5000 31.5000 3.2000
      vertex 19.2500 31.2500 3.2000
    endloop
  endfacet
  facet normal 0.000000 -1.000000 0.000000
    outer loop
      vertex 19.5000 31.5000 2.4000
      vertex 19.7500 31.5000 2.4000
      vertex 19.7500 31.5000 3.2000
    endloop
  endfacet
  facet normal 0.000000 -1.000000 0.000000
    outer loop
      vertex 19.5000 31.5000 2.4000
      vertex 19.7500 31.5000 3.2000
      vertex 19.5000 31.5000 3.2000
    endloop
  endfacet
  facet normal 0.707107 -0.707107 0.000000
    outer loop
      vertex 19.7500 31.5000 2.4000
      vertex 20.2500 32.0000 2.4000
      vertex 20.2500 32.0000 3.2000
    endloop
  endfacet
  facet normal 0.707107 -0.707107 0.000000
    outer loop
      vertex 19.7500 31.5000 2.4000
      vertex 20.2500 32.0000 3.2000
      vertex 19.7500 31.5000 3.2000
    endloop
  endfacet
  facet normal 1.000000 0.000000 0.000000
    outer loop
      vertex 20.2500 32.0000 2.4000
      vertex 20.2500 32.2500 2.4000
      vertex 20.2500 32.2500 3.2000
    endloop
  endfacet
  facet normal 1.000000 0.000000 0.000000
    outer loop
      vertex 20.2500 32.0000 2.4000
      vertex 20.2500 32.2500 3.2000
      vertex 20.2500 32.0000 3.2000
    endloop
  endfacet
  facet normal 0.707107 -0.707107 0.000000
    outer loop
      vertex 20.2500 32.2500 2.4000
      vertex 20.5000 32.5000 2.4000
      vertex 20.5000 32.5000 3.2000
    endloop
  endfacet
  facet normal 0.707107 -0.707107 0.000000
    outer loop
      vertex 20.2500 32.2500 2.4000
      vertex 20.5000 32.5000 3.2000
      vertex 20.2500 32.2500 3.2000
    endloop
  endfacet
  facet normal 1.000000 0.000000 0.000000
    outer loop
      vertex 20.5000 32.5000 2.4000
      vertex 20.5000 33.2500 2.4000
      vertex 20.5000 33.2500 3.2000
    endloop
  endfacet
  facet normal 1.000000 0.000000 0.000000
    outer loop
      vertex 20.5000 32.5000 2.4000
      vertex 20.5000 33.2500 3.2000
      vertex 20.5000 32.5000 3.2000
    endloop
  endfacet
  facet normal 0.707107 0.707107 0.000000
    outer loop
      vertex 20.5000 33.2500 2.4000
      vertex 20.2500 33.5000 2.4000
      vertex 20.2500 33.5000 3.2000
    endloop
  endfacet
  facet normal 0.707107 0.707107 -0.000000
    outer loop
      vertex 20.5000 33.2500 2.4000
      vertex 20.2500 33.5000 3.2000
      vertex 20.5000 33.2500 3.2000
    endloop
  endfacet
  facet normal 1.000000 0.000000 0.000000
    outer loop
      vertex 20.2500 33.5000 2.4000
      vertex 20.2500 33.7500 2.4000
      vertex 20.2500 33.7500 3.2000
    endloop
  endfacet
  facet normal 1.000000 0.000000 0.000000
    outer loop
      vertex 20.2500 33.5000 2.4000
      vertex 20.2500 33.7500 3.2000
      vertex 20.2500 33.5000 3.2000
    endloop
  endfacet
  facet normal 0.707107 0.707107 0.000000
    outer loop
      vertex 20.2500 33.7500 2.4000
      vertex 20.0000 34.0000 2.4000
      vertex 20.0000 34.0000 3.2000
    endloop
  endfacet
  facet normal 0.707107 0.707107 -0.000000
    outer loop
      vertex 20.2500 33.7500 2.4000
      vertex 20.0000 34.0000 3.2000
      vertex 20.2500 33.7500 3.2000
    endloop
  endfacet
  facet normal 0.000000 1.000000 0.000000
    outer loop
      vertex 20.0000 34.0000 2.4000
      vertex 19.7500 34.0000 2.4000
      vertex 19.7500 34.0000 3.2000
    endloop
  endfacet
  facet normal 0.000000 1.000000 -0.000000
    outer loop
      vertex 20.0000 34.0000 2.4000
      vertex 19.7500 34.0000 3.2000
      vertex 20.0000 34.0000 3.2000
    endloop
  endfacet
  facet normal 0.707107 0.707107 0.000000
    outer loop
      vertex 19.7500 34.0000 2.4000
      vertex 19.5000 34.2500 2.4000
      vertex 19.5000 34.2500 3.2000
    endloop
  endfacet
  facet normal 0.707107 0.707107 -0.000000
    outer loop
      vertex 19.7500 34.0000 2.4000
      vertex 19.5000 34.2500 3.2000
      vertex 19.7500 34.0000 3.2000
    endloop
  endfacet
  facet normal 0.000000 1.000000 0.000000
    outer loop
      vertex 19.5000 34.2500 2.4000
      vertex 16.2500 34.2500 2.4000
      vertex 16.2500 34.2500 3.2000
    endloop
  endfacet
  facet normal 0.000000 1.000000 -0.000000
    outer loop
      vertex 19.5000 34.2500 2.4000
      vertex 16.2500 34.2500 3.2000
      vertex 19.5000 34.2500 3.2000
    endloop
  endfacet
  facet normal 0.707107 -0.707107 0.000000
    outer loop
      vertex 17.2500 33.2500 2.4000
      vertex 17.5000 33.5000 2.4000
      vertex 17.5000 33.5000 3.2000
    endloop
  endfacet
  facet normal 0.707107 -0.707107 0.000000
    outer loop
      vertex 17.2500 33.2500 2.4000
      vertex 17.5000 33.5000 3.2000
      vertex 17.2500 33.2500 3.2000
    endloop
  endfacet
  facet normal 0.000000 -1.000000 0.000000
    outer loop
      vertex 17.5000 33.5000 2.4000
      vertex 19.0000 33.5000 2.4000
      vertex 19.0000 33.5000 3.2000
    endloop
  endfacet
  facet normal 0.000000 -1.000000 0.000000
    outer loop
      vertex 17.5000 33.5000 2.4000
      vertex 19.0000 33.5000 3.2000
      vertex 17.5000 33.5000 3.2000
    endloop
  endfacet
  facet normal -0.707107 -0.707107 0.000000
    outer loop
      vertex 19.0000 33.5000 2.4000
      vertex 19.5000 33.0000 2.4000
      vertex 19.5000 33.0000 3.2000
    endloop
  endfacet
  facet normal -0.707107 -0.707107 0.000000
    outer loop
      vertex 19.0000 33.5000 2.4000
      vertex 19.5000 33.0000 3.2000
      vertex 19.0000 33.5000 3.2000
    endloop
  endfacet
  facet normal -1.000000 0.000000 0.000000
    outer loop
      vertex 19.5000 33.0000 2.4000
      vertex 19.5000 32.5000 2.4000
      vertex 19.5000 32.5000 3.2000
    endloop
  endfacet
  facet normal -1.000000 0.000000 0.000000
    outer loop
      vertex 19.5000 33.0000 2.4000
      vertex 19.5000 32.5000 3.2000
      vertex 19.5000 33.0000 3.2000
    endloop
  endfacet
  facet normal -0.707107 0.707107 0.000000
    outer loop
      vertex 19.5000 32.5000 2.4000
      vertex 19.0000 32.0000 2.4000
      vertex 19.0000 32.0000 3.2000
    endloop
  endfacet
  facet normal -0.707107 0.707107 0.000000
    outer loop
      vertex 19.5000 32.5000 2.4000
      vertex 19.0000 32.0000 3.2000
      vertex 19.5000 32.5000 3.2000
    endloop
  endfacet
  facet normal 0.000000 1.000000 0.000000
    outer loop
      vertex 19.0000 32.0000 2.4000
      vertex 17.5000 32.0000 2.4000
      vertex 17.5000 32.0000 3.2000
    endloop
  endfacet
  facet normal 0.000000 1.000000 -0.000000
    outer loop
      vertex 19.0000 32.0000 2.4000
      vertex 17.5000 32.0000 3.2000
      vertex 19.0000 32.0000 3.2000
    endloop
  endfacet
  facet normal 0.707107 0.707107 0.000000
    outer loop
      vertex 17.5000 32.0000 2.4000
      vertex 17.2500 32.2500 2.4000
      vertex 17.2500 32.2500 3.2000
    endloop
  endfacet
  facet normal 0.707107 0.707107 -0.000000
    outer loop
      vertex 17.5000 32.0000 2.4000
      vertex 17.2500 32.2500 3.2000
      vertex 17.5000 32.0000 3.2000
    endloop
  endfacet
  facet normal 1.000000 0.000000 0.000000
    outer loop
      vertex 17.2500 32.2500 2.4000
      vertex 17.2500 33.2500 2.4000
      vertex 17.2500 33.2500 3.2000
    endloop
  endfacet
  facet normal 1.000000 0.000000 0.000000
    outer loop
      vertex 17.2500 32.2500 2.4000
      vertex 17.2500 33.2500 3.2000
      vertex 17.2500 32.2500 3.2000
    endloop
  endfacet
  facet normal 0.000000 0.000000 -1.000000
    outer loop
      vertex 11.2500 34.2500 3.2000
      vertex 12.2500 32.0000 3.2000
      vertex 11.2500 29.0000 3.2000
    endloop
  endfacet
  facet normal 0.000000 0.000000 1.000000
    outer loop
      vertex 11.2500 29.0000 2.4000
      vertex 12.2500 32.0000 2.4000
      vertex 11.2500 34.2500 2.4000
    endloop
  endfacet
  facet normal 0.000000 0.000000 -1.000000
    outer loop
      vertex 11.2500 34.2500 3.2000
      vertex 12.2500 33.2500 3.2000
      vertex 12.2500 32.0000 3.2000
    endloop
  endfacet
  facet normal 0.000000 -0.000000 1.000000
    outer loop
      vertex 12.2500 32.0000 2.4000
      vertex 12.2500 33.2500 2.4000
      vertex 11.2500 34.2500 2.4000
    endloop
  endfacet
  facet normal 0.000000 0.000000 -1.000000
    outer loop
      vertex 11.2500 34.2500 3.2000
      vertex 12.5000 33.5000 3.2000
      vertex 12.2500 33.2500 3.2000
    endloop
  endfacet
  facet normal 0.000000 -0.000000 1.000000
    outer loop
      vertex 12.2500 33.2500 2.4000
      vertex 12.5000 33.5000 2.4000
      vertex 11.2500 34.2500 2.4000
    endloop
  endfacet
  facet normal 0.000000 0.000000 -1.000000
    outer loop
      vertex 11.2500 34.2500 3.2000
      vertex 14.2500 34.2500 3.2000
      vertex 12.5000 33.5000 3.2000
    endloop
  endfacet
  facet normal 0.000000 -0.000000 1.000000
    outer loop
      vertex 12.5000 33.5000 2.4000
      vertex 14.2500 34.2500 2.4000
      vertex 11.2500 34.2500 2.4000
    endloop
  endfacet
  facet normal 0.000000 0.000000 -1.000000
    outer loop
      vertex 14.2500 34.2500 3.2000
      vertex 13.7500 33.5000 3.2000
      vertex 12.5000 33.5000 3.2000
    endloop
  endfacet
  facet normal 0.000000 0.000000 1.000000
    outer loop
      vertex 12.5000 33.5000 2.4000
      vertex 13.7500 33.5000 2.4000
      vertex 14.2500 34.2500 2.4000
    endloop
  endfacet
  facet normal 0.000000 -0.000000 -1.000000
    outer loop
      vertex 14.2500 34.2500 3.2000
      vertex 14.2500 33.0000 3.2000
      vertex 13.7500 33.5000 3.2000
    endloop
  endfacet
  facet normal -0.000000 0.000000 1.000000
    outer loop
      vertex 13.7500 33.5000 2.4000
      vertex 14.2500 33.0000 2.4000
      vertex 14.2500 34.2500 2.4000
    endloop
  endfacet
  facet normal 0.000000 0.000000 -1.000000
    outer loop
      vertex 14.2500 34.2500 3.2000
      vertex 15.0000 33.5000 3.2000
      vertex 14.2500 33.0000 3.2000
    endloop
  endfacet
  facet normal 0.000000 0.000000 1.000000
    outer loop
      vertex 14.2500 33.0000 2.4000
      vertex 15.0000 33.5000 2.4000
      vertex 14.2500 34.2500 2.4000
    endloop
  endfacet
  facet normal 0.000000 -0.000000 -1.000000
    outer loop
      vertex 15.0000 33.5000 3.2000
      vertex 15.0000 33.2500 3.2000
      vertex 14.2500 33.0000 3.2000
    endloop
  endfacet
  facet normal 0.000000 0.000000 1.000000
    outer loop
      vertex 14.2500 33.0000 2.4000
      vertex 15.0000 33.2500 2.4000
      vertex 15.0000 33.5000 2.4000
    endloop
  endfacet
  facet normal -0.000000 -0.000000 -1.000000
    outer loop
      vertex 15.2500 33.0000 3.2000
      vertex 15.2500 32.5000 3.2000
      vertex 15.0000 33.2500 3.2000
    endloop
  endfacet
  facet normal 0.000000 0.000000 1.000000
    outer loop
      vertex 15.0000 33.2500 2.4000
      vertex 15.2500 32.5000 2.4000
      vertex 15.2500 33.0000 2.4000
    endloop
  endfacet
  facet normal 0.000000 0.000000 -1.000000
    outer loop
      vertex 12.2500 29.0000 3.2000
      vertex 11.2500 29.0000 3.2000
      vertex 12.2500 30.7500 3.2000
    endloop
  endfacet
  facet normal 0.000000 0.000000 1.000000
    outer loop
      vertex 12.2500 30.7500 2.4000
      vertex 11.2500 29.0000 2.4000
      vertex 12.2500 29.0000 2.4000
    endloop
  endfacet
  facet normal 0.000000 0.000000 -1.000000
    outer loop
      vertex 11.2500 29.0000 3.2000
      vertex 12.2500 32.0000 3.2000
      vertex 12.2500 30.7500 3.2000
    endloop
  endfacet
  facet normal 0.000000 -0.000000 1.000000
    outer loop
      vertex 12.2500 30.7500 2.4000
      vertex 12.2500 32.0000 2.4000
      vertex 11.2500 29.0000 2.4000
    endloop
  endfacet
  facet normal 0.000000 0.000000 -1.000000
    outer loop
      vertex 12.2500 32.0000 3.2000
      vertex 12.5000 31.0000 3.2000
      vertex 12.2500 30.7500 3.2000
    endloop
  endfacet
  facet normal 0.000000 0.000000 1.000000
    outer loop
      vertex 12.2500 30.7500 2.4000
      vertex 12.5000 31.0000 2.4000
      vertex 12.2500 32.0000 2.4000
    endloop
  endfacet
  facet normal 0.000000 0.000000 -1.000000
    outer loop
      vertex 12.2500 32.0000 3.2000
      vertex 12.5000 31.7500 3.2000
      vertex 12.5000 31.0000 3.2000
    endloop
  endfacet
  facet normal 0.000000 -0.000000 1.000000
    outer loop
      vertex 12.5000 31.0000 2.4000
      vertex 12.5000 31.7500 2.4000
      vertex 12.2500 32.0000 2.4000
    endloop
  endfacet
  facet normal 0.000000 0.000000 -1.000000
    outer loop
      vertex 14.2500 33.0000 3.2000
      vertex 15.0000 32.2500 3.2000
      vertex 14.2500 32.2500 3.2000
    endloop
  endfacet
  facet normal 0.000000 0.000000 1.000000
    outer loop
      vertex 14.2500 32.2500 2.4000
      vertex 15.0000 32.2500 2.4000
      vertex 14.2500 33.0000 2.4000
    endloop
  endfacet
  facet normal 0.000000 0.000000 -1.000000
    outer loop
      vertex 14.2500 33.0000 3.2000
      vertex 15.0000 33.2500 3.2000
      vertex 15.0000 32.2500 3.2000
    endloop
  endfacet
  facet normal 0.000000 -0.000000 1.000000
    outer loop
      vertex 15.0000 32.2500 2.4000
      vertex 15.0000 33.2500 2.4000
      vertex 14.2500 33.0000 2.4000
    endloop
  endfacet
  facet normal 0.000000 0.000000 -1.000000
    outer loop
      vertex 15.0000 33.2500 3.2000
      vertex 15.2500 32.5000 3.2000
      vertex 15.0000 32.2500 3.2000
    endloop
  endfacet
  facet normal 0.000000 0.000000 1.000000
    outer loop
      vertex 15.0000 32.2500 2.4000
      vertex 15.2500 32.5000 2.4000
      vertex 15.0000 33.2500 2.4000
    endloop
  endfacet
  facet normal 0.000000 0.000000 -1.000000
    outer loop
      vertex 15.0000 31.7500 3.2000
      vertex 14.2500 32.2500 3.2000
      vertex 15.0000 32.2500 3.2000
    endloop
  endfacet
  facet normal 0.000000 0.000000 1.000000
    outer loop
      vertex 15.0000 32.2500 2.4000
      vertex 14.2500 32.2500 2.4000
      vertex 15.0000 31.7500 2.4000
    endloop
  endfacet
  facet normal -0.000000 0.000000 -1.000000
    outer loop
      vertex 15.0000 31.7500 3.2000
      vertex 14.5000 31.2500 3.2000
      vertex 14.2500 32.2500 3.2000
    endloop
  endfacet
  facet normal 0.000000 0.000000 1.000000
    outer loop
      vertex 14.2500 32.2500 2.4000
      vertex 14.5000 31.2500 2.4000
      vertex 15.0000 31.7500 2.4000
    endloop
  endfacet
  facet normal 0.000000 0.000000 -1.000000
    outer loop
      vertex 14.5000 31.2500 3.2000
      vertex 14.2500 31.2500 3.2000
      vertex 14.2500 32.2500 3.2000
    endloop
  endfacet
  facet normal 0.000000 0.000000 1.000000
    outer loop
      vertex 14.2500 32.2500 2.4000
      vertex 14.2500 31.2500 2.4000
      vertex 14.5000 31.2500 2.4000
    endloop
  endfacet
  facet normal 0.000000 0.000000 -1.000000
    outer loop
      vertex 14.0000 31.0000 3.2000
      vertex 13.7500 31.7500 3.2000
      vertex 14.2500 31.2500 3.2000
    endloop
  endfacet
  facet normal 0.000000 0.000000 1.000000
    outer loop
      vertex 14.2500 31.2500 2.4000
      vertex 13.7500 31.7500 2.4000
      vertex 14.0000 31.0000 2.4000
    endloop
  endfacet
  facet normal 0.000000 0.000000 -1.000000
    outer loop
      vertex 14.0000 31.0000 3.2000
      vertex 12.5000 31.0000 3.2000
      vertex 13.7500 31.7500 3.2000
    endloop
  endfacet
  facet normal 0.000000 0.000000 1.000000
    outer loop
      vertex 13.7500 31.7500 2.4000
      vertex 12.5000 31.0000 2.4000
      vertex 14.0000 31.0000 2.4000
    endloop
  endfacet
  facet normal 0.000000 0.000000 -1.000000
    outer loop
      vertex 12.5000 31.0000 3.2000
      vertex 12.5000 31.7500 3.2000
      vertex 13.7500 31.7500 3.2000
    endloop
  endfacet
  facet normal 0.000000 0.000000 1.000000
    outer loop
      vertex 13.7500 31.7500 2.4000
      vertex 12.5000 31.7500 2.4000
      vertex 12.5000 31.0000 2.4000
    endloop
  endfacet
  facet normal 0.000000 0.000000 -1.000000
    outer loop
      vertex 13.7500 31.7500 3.2000
      vertex 14.2500 32.2500 3.2000
      vertex 14.2500 31.2500 3.2000
    endloop
  endfacet
  facet normal 0.000000 -0.000000 1.000000
    outer loop
      vertex 14.2500 31.2500 2.4000
      vertex 14.2500 32.2500 2.4000
      vertex 13.7500 31.7500 2.4000
    endloop
  endfacet
  facet normal -1.000000 0.000000 0.000000
    outer loop
      vertex 11.2500 34.2500 2.4000
      vertex 11.2500 29.0000 2.4000
      vertex 11.2500 29.0000 3.2000
    endloop
  endfacet
  facet normal -1.000000 0.000000 0.000000
    outer loop
      vertex 11.2500 34.2500 2.4000
      vertex 11.2500 29.0000 3.2000
      vertex 11.2500 34.2500 3.2000
    endloop
  endfacet
  facet normal 0.000000 -1.000000 0.000000
    outer loop
      vertex 11.2500 29.0000 2.4000
      vertex 12.2500 29.0000 2.4000
      vertex 12.2500 29.0000 3.2000
    endloop
  endfacet
  facet normal 0.000000 -1.000000 0.000000
    outer loop
      vertex 11.2500 29.0000 2.4000
      vertex 12.2500 29.0000 3.2000
      vertex 11.2500 29.0000 3.2000
    endloop
  endfacet
  facet normal 1.000000 0.000000 0.000000
    outer loop
      vertex 12.2500 29.0000 2.4000
      vertex 12.2500 30.7500 2.4000
      vertex 12.2500 30.7500 3.2000
    endloop
  endfacet
  facet normal 1.000000 0.000000 0.000000
    outer loop
      vertex 12.2500 29.0000 2.4000
      vertex 12.2500 30.7500 3.2000
      vertex 12.2500 29.0000 3.2000
    endloop
  endfacet
  facet normal 0.707107 -0.707107 0.000000
    outer loop
      vertex 12.2500 30.7500 2.4000
      vertex 12.5000 31.0000 2.4000
      vertex 12.5000 31.0000 3.2000
    endloop
  endfacet
  facet normal 0.707107 -0.707107 0.000000
    outer loop
      vertex 12.2500 30.7500 2.4000
      vertex 12.5000 31.0000 3.2000
      vertex 12.2500 30.7500 3.2000
    endloop
  endfacet
  facet normal 0.000000 -1.000000 0.000000
    outer loop
      vertex 12.5000 31.0000 2.4000
      vertex 14.0000 31.0000 2.4000
      vertex 14.0000 31.0000 3.2000
    endloop
  endfacet
  facet normal 0.000000 -1.000000 0.000000
    outer loop
      vertex 12.5000 31.0000 2.4000
      vertex 14.0000 31.0000 3.2000
      vertex 12.5000 31.0000 3.2000
    endloop
  endfacet
  facet normal 0.707107 -0.707107 0.000000
    outer loop
      vertex 14.0000 31.0000 2.4000
      vertex 14.2500 31.2500 2.4000
      vertex 14.2500 31.2500 3.2000
    endloop
  endfacet
  facet normal 0.707107 -0.707107 0.000000
    outer loop
      vertex 14.0000 31.0000 2.4000
      vertex 14.2500 31.2500 3.2000
      vertex 14.0000 31.0000 3.2000
    endloop
  endfacet
  facet normal 0.000000 -1.000000 0.000000
    outer loop
      vertex 14.2500 31.2500 2.4000
      vertex 14.5000 31.2500 2.4000
      vertex 14.5000 31.2500 3.2000
    endloop
  endfacet
  facet normal 0.000000 -1.000000 0.000000
    outer loop
      vertex 14.2500 31.2500 2.4000
      vertex 14.5000 31.2500 3.2000
      vertex 14.2500 31.2500 3.2000
    endloop
  endfacet
  facet normal 0.707107 -0.707107 0.000000
    outer loop
      vertex 14.5000 31.2500 2.4000
      vertex 15.0000 31.7500 2.4000
      vertex 15.0000 31.7500 3.2000
    endloop
  endfacet
  facet normal 0.707107 -0.707107 0.000000
    outer loop
      vertex 14.5000 31.2500 2.4000
      vertex 15.0000 31.7500 3.2000
      vertex 14.5000 31.2500 3.2000
    endloop
  endfacet
  facet normal 1.000000 0.000000 0.000000
    outer loop
      vertex 15.0000 31.7500 2.4000
      vertex 15.0000 32.2500 2.4000
      vertex 15.0000 32.2500 3.2000
    endloop
  endfacet
  facet normal 1.000000 0.000000 0.000000
    outer loop
      vertex 15.0000 31.7500 2.4000
      vertex 15.0000 32.2500 3.2000
      vertex 15.0000 31.7500 3.2000
    endloop
  endfacet
  facet normal 0.707107 -0.707107 0.000000
    outer loop
      vertex 15.0000 32.2500 2.4000
      vertex 15.2500 32.5000 2.4000
      vertex 15.2500 32.5000 3.2000
    endloop
  endfacet
  facet normal 0.707107 -0.707107 0.000000
    outer loop
      vertex 15.0000 32.2500 2.4000
      vertex 15.2500 32.5000 3.2000
      vertex 15.0000 32.2500 3.2000
    endloop
  endfacet
  facet normal 1.000000 0.000000 0.000000
    outer loop
      vertex 15.2500 32.5000 2.4000
      vertex 15.2500 33.0000 2.4000
      vertex 15.2500 33.0000 3.2000
    endloop
  endfacet
  facet normal 1.000000 0.000000 0.000000
    outer loop
      vertex 15.2500 32.5000 2.4000
      vertex 15.2500 33.0000 3.2000
      vertex 15.2500 32.5000 3.2000
    endloop
  endfacet
  facet normal 0.707107 0.707107 0.000000
    outer loop
      vertex 15.2500 33.0000 2.4000
      vertex 15.0000 33.2500 2.4000
      vertex 15.0000 33.2500 3.2000
    endloop
  endfacet
  facet normal 0.707107 0.707107 -0.000000
    outer loop
      vertex 15.2500 33.0000 2.4000
      vertex 15.0000 33.2500 3.2000
      vertex 15.2500 33.0000 3.2000
    endloop
  endfacet
  facet normal 1.000000 0.000000 0.000000
    outer loop
      vertex 15.0000 33.2500 2.4000
      vertex 15.0000 33.5000 2.4000
      vertex 15.0000 33.5000 3.2000
    endloop
  endfacet
  facet normal 1.000000 0.000000 0.000000
    outer loop
      vertex 15.0000 33.2500 2.4000
      vertex 15.0000 33.5000 3.2000
      vertex 15.0000 33.2500 3.2000
    endloop
  endfacet
  facet normal 0.707107 0.707107 0.000000
    outer loop
      vertex 15.0000 33.5000 2.4000
      vertex 14.2500 34.2500 2.4000
      vertex 14.2500 34.2500 3.2000
    endloop
  endfacet
  facet normal 0.707107 0.707107 -0.000000
    outer loop
      vertex 15.0000 33.5000 2.4000
      vertex 14.2500 34.2500 3.2000
      vertex 15.0000 33.5000 3.2000
    endloop
  endfacet
  facet normal 0.000000 1.000000 0.000000
    outer loop
      vertex 14.2500 34.2500 2.4000
      vertex 11.2500 34.2500 2.4000
      vertex 11.2500 34.2500 3.2000
    endloop
  endfacet
  facet normal 0.000000 1.000000 -0.000000
    outer loop
      vertex 14.2500 34.2500 2.4000
      vertex 11.2500 34.2500 3.2000
      vertex 14.2500 34.2500 3.2000
    endloop
  endfacet
  facet normal 0.707107 -0.707107 0.000000
    outer loop
      vertex 12.2500 33.2500 2.4000
      vertex 12.5000 33.5000 2.4000
      vertex 12.5000 33.5000 3.2000
    endloop
  endfacet
  facet normal 0.707107 -0.707107 0.000000
    outer loop
      vertex 12.2500 33.2500 2.4000
      vertex 12.5000 33.5000 3.2000
      vertex 12.2500 33.2500 3.2000
    endloop
  endfacet
  facet normal 0.000000 -1.000000 0.000000
    outer loop
      vertex 12.5000 33.5000 2.4000
      vertex 13.7500 33.5000 2.4000
      vertex 13.7500 33.5000 3.2000
    endloop
  endfacet
  facet normal 0.000000 -1.000000 0.000000
    outer loop
      vertex 12.5000 33.5000 2.4000
      vertex 13.7500 33.5000 3.2000
      vertex 12.5000 33.5000 3.2000
    endloop
  endfacet
  facet normal -0.707107 -0.707107 0.000000
    outer loop
      vertex 13.7500 33.5000 2.4000
      vertex 14.2500 33.0000 2.4000
      vertex 14.2500 33.0000 3.2000
    endloop
  endfacet
  facet normal -0.707107 -0.707107 0.000000
    outer loop
      vertex 13.7500 33.5000 2.4000
      vertex 14.2500 33.0000 3.2000
      vertex 13.7500 33.5000 3.2000
    endloop
  endfacet
  facet normal -1.000000 0.000000 0.000000
    outer loop
      vertex 14.2500 33.0000 2.4000
      vertex 14.2500 32.2500 2.4000
      vertex 14.2500 32.2500 3.2000
    endloop
  endfacet
  facet normal -1.000000 0.000000 0.000000
    outer loop
      vertex 14.2500 33.0000 2.4000
      vertex 14.2500 32.2500 3.2000
      vertex 14.2500 33.0000 3.2000
    endloop
  endfacet
  facet normal -0.707107 0.707107 0.000000
    outer loop
      vertex 14.2500 32.2500 2.4000
      vertex 13.7500 31.7500 2.4000
      vertex 13.7500 31.7500 3.2000
    endloop
  endfacet
  facet normal -0.707107 0.707107 0.000000
    outer loop
      vertex 14.2500 32.2500 2.4000
      vertex 13.7500 31.7500 3.2000
      vertex 14.2500 32.2500 3.2000
    endloop
  endfacet
  facet normal 0.000000 1.000000 0.000000
    outer loop
      vertex 13.7500 31.7500 2.4000
      vertex 12.5000 31.7500 2.4000
      vertex 12.5000 31.7500 3.2000
    endloop
  endfacet
  facet normal 0.000000 1.000000 -0.000000
    outer loop
      vertex 13.7500 31.7500 2.4000
      vertex 12.5000 31.7500 3.2000
      vertex 13.7500 31.7500 3.2000
    endloop
  endfacet
  facet normal 0.707107 0.707107 0.000000
    outer loop
      vertex 12.5000 31.7500 2.4000
      vertex 12.2500 32.0000 2.4000
      vertex 12.2500 32.0000 3.2000
    endloop
  endfacet
  facet normal 0.707107 0.707107 -0.000000
    outer loop
      vertex 12.5000 31.7500 2.4000
      vertex 12.2500 32.0000 3.2000
      vertex 12.5000 31.7500 3.2000
    endloop
  endfacet
  facet normal 1.000000 0.000000 0.000000
    outer loop
      vertex 12.2500 32.0000 2.4000
      vertex 12.2500 33.2500 2.4000
      vertex 12.2500 33.2500 3.2000
    endloop
  endfacet
  facet normal 1.000000 0.000000 0.000000
    outer loop
      vertex 12.2500 32.0000 2.4000
      vertex 12.2500 33.2500 3.2000
      vertex 12.2500 32.0000 3.2000
    endloop
  endfacet
endsolid project_opus_text
