solid piece_03
  facet normal 0.000000 -0.000000 -1.000000
    outer loop
      vertex 0.2464 71.7536 2.4000
      vertex 0.4087 71.8619 2.4000
      vertex 0.2033 71.7044 2.4000
    endloop
  endfacet
  facet normal 0.000000 0.000000 1.000000
    outer loop
      vertex 0.2033 71.7044 0.0000
      vertex 0.4087 71.8619 0.0000
      vertex 0.2464 71.7536 0.0000
    endloop
  endfacet
  facet normal 0.000000 0.000000 -1.000000
    outer loop
      vertex 0.2464 71.7536 2.4000
      vertex 0.2956 71.7967 2.4000
      vertex 0.4087 71.8619 2.4000
    endloop
  endfacet
  facet normal 0.000000 0.000000 1.000000
    outer loop
      vertex 0.4087 71.8619 0.0000
      vertex 0.2956 71.7967 0.0000
      vertex 0.2464 71.7536 0.0000
    endloop
  endfacet
  facet normal 0.000000 0.000000 -1.000000
    outer loop
      vertex 0.2956 71.7967 2.4000
      vertex 0.3500 71.8330 2.4000
      vertex 0.4087 71.8619 2.4000
    endloop
  endfacet
  facet normal 0.000000 0.000000 1.000000
    outer loop
      vertex 0.4087 71.8619 0.0000
      vertex 0.3500 71.8330 0.0000
      vertex 0.2956 71.7967 0.0000
    endloop
  endfacet
  facet normal 0.000000 0.000000 -1.000000
    outer loop
      vertex 0.4087 71.8619 2.4000
      vertex 0.1670 71.6500 2.4000
      vertex 0.2033 71.7044 2.4000
    endloop
  endfacet
  facet normal -0.000000 0.000000 1.000000
    outer loop
      vertex 0.2033 71.7044 0.0000
      vertex 0.1670 71.6500 0.0000
      vertex 0.4087 71.8619 0.0000
    endloop
  endfacet
  facet normal 0.000000 0.000000 -1.000000
    outer loop
      vertex 0.4087 71.8619 2.4000
      vertex 0.1170 71.5294 2.4000
      vertex 0.1670 71.6500 2.4000
    endloop
  endfacet
  facet normal -0.000000 0.000000 1.000000
    outer loop
      vertex 0.1670 71.6500 0.0000
      vertex 0.1170 71.5294 0.0000
      vertex 0.4087 71.8619 0.0000
    endloop
  endfacet
  facet normal 0.000000 0.000000 -1.000000
    outer loop
      vertex 0.4087 71.8619 2.4000
      vertex 0.1000 71.4000 2.4000
      vertex 0.1170 71.5294 2.4000
    endloop
  endfacet
  facet normal -0.000000 0.000000 1.000000
    outer loop
      vertex 0.1170 71.5294 0.0000
      vertex 0.1000 71.4000 0.0000
      vertex 0.4087 71.8619 0.0000
    endloop
  endfacet
  facet normal 0.000000 -0.000000 -1.000000
    outer loop
      vertex 0.4087 71.8619 2.4000
      vertex 0.6000 71.9000 2.4000
      vertex 0.1000 71.4000 2.4000
    endloop
  endfacet
  facet normal 0.000000 0.000000 1.000000
    outer loop
      vertex 0.1000 71.4000 0.0000
      vertex 0.6000 71.9000 0.0000
      vertex 0.4087 71.8619 0.0000
    endloop
  endfacet
  facet normal 0.000000 0.000000 -1.000000
    outer loop
      vertex 0.4087 71.8619 2.4000
      vertex 0.4706 71.8830 2.4000
      vertex 0.6000 71.9000 2.4000
    endloop
  endfacet
  facet normal 0.000000 0.000000 1.000000
    outer loop
      vertex 0.6000 71.9000 0.0000
      vertex 0.4706 71.8830 0.0000
      vertex 0.4087 71.8619 0.0000
    endloop
  endfacet
  facet normal 0.000000 0.000000 -1.000000
    outer loop
      vertex 0.4706 71.8830 2.4000
      vertex 0.5347 71.8957 2.4000
      vertex 0.6000 71.9000 2.4000
    endloop
  endfacet
  facet normal 0.000000 0.000000 1.000000
    outer loop
      vertex 0.6000 71.9000 0.0000
      vertex 0.5347 71.8957 0.0000
      vertex 0.4706 71.8830 0.0000
    endloop
  endfacet
  facet normal 0.000000 -0.000000 -1.000000
    outer loop
      vertex 0.6000 71.9000 2.4000
      vertex 16.4054 39.9872 2.4000
      vertex 0.1000 71.4000 2.4000
    endloop
  endfacet
  facet normal -0.000000 0.000000 1.000000
    outer loop
      vertex 0.1000 71.4000 0.0000
      vertex 16.4054 39.9872 0.0000
      vertex 0.6000 71.9000 0.0000
    endloop
  endfacet
  facet normal 0.000000 0.000000 -1.000000
    outer loop
      vertex 0.6000 71.9000 2.4000
      vertex 16.4133 39.9882 2.4000
      vertex 16.4054 39.9872 2.4000
    endloop
  endfacet
  facet normal 0.000000 -0.000000 1.000000
    outer loop
      vertex 16.4054 39.9872 0.0000
      vertex 16.4133 39.9882 0.0000
      vertex 0.6000 71.9000 0.0000
    endloop
  endfacet
  facet normal 0.000000 0.000000 -1.000000
    outer loop
      vertex 0.6000 71.9000 2.4000
      vertex 33.5189 59.1248 2.4000
      vertex 16.4133 39.9882 2.4000
    endloop
  endfacet
  facet normal 0.000000 -0.000000 1.000000
    outer loop
      vertex 16.4133 39.9882 0.0000
      vertex 33.5189 59.1248 0.0000
      vertex 0.6000 71.9000 0.0000
    endloop
  endfacet
  facet normal 0.000000 0.000000 -1.000000
    outer loop
      vertex 0.6000 71.9000 2.4000
      vertex 33.5188 59.1327 2.4000
      vertex 33.5189 59.1248 2.4000
    endloop
  endfacet
  facet normal 0.000000 0.000000 1.000000
    outer loop
      vertex 33.5189 59.1248 0.0000
      vertex 33.5188 59.1327 0.0000
      vertex 0.6000 71.9000 0.0000
    endloop
  endfacet
  facet normal 0.000000 0.000000 -1.000000
    outer loop
      vertex 0.6000 71.9000 2.4000
      vertex 33.5671 61.1094 2.4000
      vertex 33.5188 59.1327 2.4000
    endloop
  endfacet
  facet normal 0.000000 -0.000000 1.000000
    outer loop
      vertex 33.5188 59.1327 0.0000
      vertex 33.5671 61.1094 0.0000
      vertex 0.6000 71.9000 0.0000
    endloop
  endfacet
  facet normal 0.000000 0.000000 -1.000000
    outer loop
      vertex 0.6000 71.9000 2.4000
      vertex 33.5677 61.1213 2.4000
      vertex 33.5671 61.1094 2.4000
    endloop
  endfacet
  facet normal 0.000000 -0.000000 1.000000
    outer loop
      vertex 33.5671 61.1094 0.0000
      vertex 33.5677 61.1213 0.0000
      vertex 0.6000 71.9000 0.0000
    endloop
  endfacet
  facet normal 0.000000 0.000000 -1.000000
    outer loop
      vertex 0.6000 71.9000 2.4000
      vertex 33.5689 61.1333 2.4000
      vertex 33.5677 61.1213 2.4000
    endloop
  endfacet
  facet normal 0.000000 -0.000000 1.000000
    outer loop
      vertex 33.5677 61.1213 0.0000
      vertex 33.5689 61.1333 0.0000
      vertex 0.6000 71.9000 0.0000
    endloop
  endfacet
  facet normal 0.000000 0.000000 -1.000000
    outer loop
      vertex 0.6000 71.9000 2.4000
      vertex 33.8754 63.4594 2.4000
      vertex 33.5689 61.1333 2.4000
    endloop
  endfacet
  facet normal 0.000000 -0.000000 1.000000
    outer loop
      vertex 33.5689 61.1333 0.0000
      vertex 33.8754 63.4594 0.0000
      vertex 0.6000 71.9000 0.0000
    endloop
  endfacet
  facet normal 0.000000 0.000000 -1.000000
    outer loop
      vertex 0.6000 71.9000 2.4000
      vertex 33.8763 63.4660 2.4000
      vertex 33.8754 63.4594 2.4000
    endloop
  endfacet
  facet normal 0.000000 -0.000000 1.000000
    outer loop
      vertex 33.8754 63.4594 0.0000
      vertex 33.8763 63.4660 0.0000
      vertex 0.6000 71.9000 0.0000
    endloop
  endfacet
  facet normal 0.000000 0.000000 -1.000000
    outer loop
      vertex 0.6000 71.9000 2.4000
      vertex 33.8775 63.4725 2.4000
      vertex 33.8763 63.4660 2.4000
    endloop
  endfacet
  facet normal 0.000000 -0.000000 1.000000
    outer loop
      vertex 33.8763 63.4660 0.0000
      vertex 33.8775 63.4725 0.0000
      vertex 0.6000 71.9000 0.0000
    endloop
  endfacet
  facet normal 0.000000 0.000000 -1.000000
    outer loop
      vertex 0.6000 71.9000 2.4000
      vertex 34.3460 65.9103 2.4000
      vertex 33.8775 63.4725 2.4000
    endloop
  endfacet
  facet normal 0.000000 -0.000000 1.000000
    outer loop
      vertex 33.8775 63.4725 0.0000
      vertex 34.3460 65.9103 0.0000
      vertex 0.6000 71.9000 0.0000
    endloop
  endfacet
  facet normal 0.000000 0.000000 -1.000000
    outer loop
      vertex 0.6000 71.9000 2.4000
      vertex 34.3472 65.9163 2.4000
      vertex 34.3460 65.9103 2.4000
    endloop
  endfacet
  facet normal 0.000000 -0.000000 1.000000
    outer loop
      vertex 34.3460 65.9103 0.0000
      vertex 34.3472 65.9163 0.0000
      vertex 0.6000 71.9000 0.0000
    endloop
  endfacet
  facet normal 0.000000 0.000000 -1.000000
    outer loop
      vertex 0.6000 71.9000 2.4000
      vertex 34.3479 65.9192 2.4000
      vertex 34.3472 65.9163 2.4000
    endloop
  endfacet
  facet normal 0.000000 -0.000000 1.000000
    outer loop
      vertex 34.3472 65.9163 0.0000
      vertex 34.3479 65.9192 0.0000
      vertex 0.6000 71.9000 0.0000
    endloop
  endfacet
  facet normal 0.000000 0.000000 -1.000000
    outer loop
      vertex 0.6000 71.9000 2.4000
      vertex 34.8815 68.2297 2.4000
      vertex 34.3479 65.9192 2.4000
    endloop
  endfacet
  facet normal 0.000000 -0.000000 1.000000
    outer loop
      vertex 34.3479 65.9192 0.0000
      vertex 34.8815 68.2297 0.0000
      vertex 0.6000 71.9000 0.0000
    endloop
  endfacet
  facet normal 0.000000 0.000000 -1.000000
    outer loop
      vertex 0.6000 71.9000 2.4000
      vertex 35.2039 71.9000 2.4000
      vertex 34.8815 68.2297 2.4000
    endloop
  endfacet
  facet normal 0.000000 -0.000000 1.000000
    outer loop
      vertex 34.8815 68.2297 0.0000
      vertex 35.2039 71.9000 0.0000
      vertex 0.6000 71.9000 0.0000
    endloop
  endfacet
  facet normal 0.000000 0.000000 -1.000000
    outer loop
      vertex 35.2039 71.9000 2.4000
      vertex 34.8825 68.2337 2.4000
      vertex 34.8815 68.2297 2.4000
    endloop
  endfacet
  facet normal 0.000000 0.000000 1.000000
    outer loop
      vertex 34.8815 68.2297 0.0000
      vertex 34.8825 68.2337 0.0000
      vertex 35.2039 71.9000 0.0000
    endloop
  endfacet
  facet normal 0.000000 0.000000 -1.000000
    outer loop
      vertex 35.2039 71.9000 2.4000
      vertex 34.8830 68.2357 2.4000
      vertex 34.8825 68.2337 2.4000
    endloop
  endfacet
  facet normal 0.000000 0.000000 1.000000
    outer loop
      vertex 34.8825 68.2337 0.0000
      vertex 34.8830 68.2357 0.0000
      vertex 35.2039 71.9000 0.0000
    endloop
  endfacet
  facet normal 0.000000 -0.000000 -1.000000
    outer loop
      vertex 35.2039 71.9000 2.4000
      vertex 35.3852 70.1832 2.4000
      vertex 34.8830 68.2357 2.4000
    endloop
  endfacet
  facet normal 0.000000 0.000000 1.000000
    outer loop
      vertex 34.8830 68.2357 0.0000
      vertex 35.3852 70.1832 0.0000
      vertex 35.2039 71.9000 0.0000
    endloop
  endfacet
  facet normal 0.000000 0.000000 -1.000000
    outer loop
      vertex 35.2039 71.9000 2.4000
      vertex 35.3856 70.1850 2.4000
      vertex 35.3852 70.1832 2.4000
    endloop
  endfacet
  facet normal 0.000000 -0.000000 1.000000
    outer loop
      vertex 35.3852 70.1832 0.0000
      vertex 35.3856 70.1850 0.0000
      vertex 35.2039 71.9000 0.0000
    endloop
  endfacet
  facet normal 0.000000 0.000000 -1.000000
    outer loop
      vertex 35.2039 71.9000 2.4000
      vertex 35.6857 71.2663 2.4000
      vertex 35.3856 70.1850 2.4000
    endloop
  endfacet
  facet normal 0.000000 -0.000000 1.000000
    outer loop
      vertex 35.3856 70.1850 0.0000
      vertex 35.6857 71.2663 0.0000
      vertex 35.2039 71.9000 0.0000
    endloop
  endfacet
  facet normal 0.000000 0.000000 -1.000000
    outer loop
      vertex 35.2039 71.9000 2.4000
      vertex 35.3339 71.8828 2.4000
      vertex 35.6857 71.2663 2.4000
    endloop
  endfacet
  facet normal 0.000000 0.000000 1.000000
    outer loop
      vertex 35.6857 71.2663 0.0000
      vertex 35.3339 71.8828 0.0000
      vertex 35.2039 71.9000 0.0000
    endloop
  endfacet
  facet normal 0.000000 0.000000 -1.000000
    outer loop
      vertex 35.2039 71.9000 2.4000
      vertex 35.2695 71.8957 2.4000
      vertex 35.3339 71.8828 2.4000
    endloop
  endfacet
  facet normal 0.000000 0.000000 1.000000
    outer loop
      vertex 35.3339 71.8828 0.0000
      vertex 35.2695 71.8957 0.0000
      vertex 35.2039 71.9000 0.0000
    endloop
  endfacet
  facet normal 0.000000 0.000000 -1.000000
    outer loop
      vertex 35.3339 71.8828 2.4000
      vertex 35.6382 71.6478 2.4000
      vertex 35.6857 71.2663 2.4000
    endloop
  endfacet
  facet normal 0.000000 0.000000 1.000000
    outer loop
      vertex 35.6857 71.2663 0.0000
      vertex 35.6382 71.6478 0.0000
      vertex 35.3339 71.8828 0.0000
    endloop
  endfacet
  facet normal 0.000000 0.000000 -1.000000
    outer loop
      vertex 35.3339 71.8828 2.4000
      vertex 35.6019 71.7026 2.4000
      vertex 35.6382 71.6478 2.4000
    endloop
  endfacet
  facet normal 0.000000 0.000000 1.000000
    outer loop
      vertex 35.6382 71.6478 0.0000
      vertex 35.6019 71.7026 0.0000
      vertex 35.3339 71.8828 0.0000
    endloop
  endfacet
  facet normal 0.000000 0.000000 -1.000000
    outer loop
      vertex 35.3339 71.8828 2.4000
      vertex 35.4550 71.8324 2.4000
      vertex 35.6019 71.7026 2.4000
    endloop
  endfacet
  facet normal 0.000000 0.000000 1.000000
    outer loop
      vertex 35.6019 71.7026 0.0000
      vertex 35.4550 71.8324 0.0000
      vertex 35.3339 71.8828 0.0000
    endloop
  endfacet
  facet normal 0.000000 0.000000 -1.000000
    outer loop
      vertex 35.3339 71.8828 2.4000
      vertex 35.3961 71.8616 2.4000
      vertex 35.4550 71.8324 2.4000
    endloop
  endfacet
  facet normal 0.000000 0.000000 1.000000
    outer loop
      vertex 35.4550 71.8324 0.0000
      vertex 35.3961 71.8616 0.0000
      vertex 35.3339 71.8828 0.0000
    endloop
  endfacet
  facet normal 0.000000 0.000000 -1.000000
    outer loop
      vertex 35.4550 71.8324 2.4000
      vertex 35.5095 71.7957 2.4000
      vertex 35.6019 71.7026 2.4000
    endloop
  endfacet
  facet normal 0.000000 0.000000 1.000000
    outer loop
      vertex 35.6019 71.7026 0.0000
      vertex 35.5095 71.7957 0.0000
      vertex 35.4550 71.8324 0.0000
    endloop
  endfacet
  facet normal 0.000000 0.000000 -1.000000
    outer loop
      vertex 35.5095 71.7957 2.4000
      vertex 35.5588 71.7522 2.4000
      vertex 35.6019 71.7026 2.4000
    endloop
  endfacet
  facet normal 0.000000 0.000000 1.000000
    outer loop
      vertex 35.6019 71.7026 0.0000
      vertex 35.5588 71.7522 0.0000
      vertex 35.5095 71.7957 0.0000
    endloop
  endfacet
  facet normal 0.000000 0.000000 -1.000000
    outer loop
      vertex 35.6382 71.6478 2.4000
      vertex 35.7039 71.3962 2.4000
      vertex 35.6857 71.2663 2.4000
    endloop
  endfacet
  facet normal 0.000000 -0.000000 1.000000
    outer loop
      vertex 35.6857 71.2663 0.0000
      vertex 35.7039 71.3962 0.0000
      vertex 35.6382 71.6478 0.0000
    endloop
  endfacet
  facet normal 0.000000 0.000000 -1.000000
    outer loop
      vertex 35.6382 71.6478 2.4000
      vertex 35.6877 71.5263 2.4000
      vertex 35.7039 71.3962 2.4000
    endloop
  endfacet
  facet normal 0.000000 0.000000 1.000000
    outer loop
      vertex 35.7039 71.3962 0.0000
      vertex 35.6877 71.5263 0.0000
      vertex 35.6382 71.6478 0.0000
    endloop
  endfacet
  facet normal 0.000000 0.000000 -1.000000
    outer loop
      vertex 35.6382 71.6478 2.4000
      vertex 35.6669 71.5887 2.4000
      vertex 35.6877 71.5263 2.4000
    endloop
  endfacet
  facet normal 0.000000 0.000000 1.000000
    outer loop
      vertex 35.6877 71.5263 0.0000
      vertex 35.6669 71.5887 0.0000
      vertex 35.6382 71.6478 0.0000
    endloop
  endfacet
  facet normal 0.000000 0.000000 -1.000000
    outer loop
      vertex 35.6877 71.5263 2.4000
      vertex 35.7001 71.4618 2.4000
      vertex 35.7039 71.3962 2.4000
    endloop
  endfacet
  facet normal 0.000000 0.000000 1.000000
    outer loop
      vertex 35.7039 71.3962 0.0000
      vertex 35.7001 71.4618 0.0000
      vertex 35.6877 71.5263 0.0000
    endloop
  endfacet
  facet normal -0.000000 -0.000000 -1.000000
    outer loop
      vertex 39.7862 55.5611 2.4000
      vertex 39.7959 55.5020 2.4000
      vertex 39.7696 55.6185 2.4000
    endloop
  endfacet
  facet normal 0.000000 0.000000 1.000000
    outer loop
      vertex 39.7696 55.6185 0.0000
      vertex 39.7959 55.5020 0.0000
      vertex 39.7862 55.5611 0.0000
    endloop
  endfacet
  facet normal 0.000000 0.000000 -1.000000
    outer loop
      vertex 39.7959 55.5020 2.4000
      vertex 36.0391 57.5079 2.4000
      vertex 39.7696 55.6185 2.4000
    endloop
  endfacet
  facet normal 0.000000 0.000000 1.000000
    outer loop
      vertex 39.7696 55.6185 0.0000
      vertex 36.0391 57.5079 0.0000
      vertex 39.7959 55.5020 0.0000
    endloop
  endfacet
  facet normal 0.000000 0.000000 -1.000000
    outer loop
      vertex 39.7959 55.5020 2.4000
      vertex 36.0343 57.5061 2.4000
      vertex 36.0391 57.5079 2.4000
    endloop
  endfacet
  facet normal 0.000000 0.000000 1.000000
    outer loop
      vertex 36.0391 57.5079 0.0000
      vertex 36.0343 57.5061 0.0000
      vertex 39.7959 55.5020 0.0000
    endloop
  endfacet
  facet normal 0.000000 0.000000 -1.000000
    outer loop
      vertex 39.7959 55.5020 2.4000
      vertex 36.0320 57.5052 2.4000
      vertex 36.0343 57.5061 2.4000
    endloop
  endfacet
  facet normal 0.000000 0.000000 1.000000
    outer loop
      vertex 36.0343 57.5061 0.0000
      vertex 36.0320 57.5052 0.0000
      vertex 39.7959 55.5020 0.0000
    endloop
  endfacet
  facet normal -0.000000 -0.000000 -1.000000
    outer loop
      vertex 39.7959 55.5020 2.4000
      vertex 39.9443 54.0509 2.4000
      vertex 36.0320 57.5052 2.4000
    endloop
  endfacet
  facet normal 0.000000 0.000000 1.000000
    outer loop
      vertex 36.0320 57.5052 0.0000
      vertex 39.9443 54.0509 0.0000
      vertex 39.7959 55.5020 0.0000
    endloop
  endfacet
  facet normal 0.000000 0.000000 -1.000000
    outer loop
      vertex 39.9443 54.0509 2.4000
      vertex 34.7290 57.0369 2.4000
      vertex 36.0320 57.5052 2.4000
    endloop
  endfacet
  facet normal 0.000000 0.000000 1.000000
    outer loop
      vertex 36.0320 57.5052 0.0000
      vertex 34.7290 57.0369 0.0000
      vertex 39.9443 54.0509 0.0000
    endloop
  endfacet
  facet normal -0.000000 -0.000000 -1.000000
    outer loop
      vertex 39.9443 54.0509 2.4000
      vertex 39.9443 53.9491 2.4000
      vertex 34.7290 57.0369 2.4000
    endloop
  endfacet
  facet normal 0.000000 0.000000 1.000000
    outer loop
      vertex 34.7290 57.0369 0.0000
      vertex 39.9443 53.9491 0.0000
      vertex 39.9443 54.0509 0.0000
    endloop
  endfacet
  facet normal 0.000000 0.000000 -1.000000
    outer loop
      vertex 39.9443 54.0509 2.4000
      vertex 39.9469 54.0000 2.4000
      vertex 39.9443 53.9491 2.4000
    endloop
  endfacet
  facet normal 0.000000 0.000000 1.000000
    outer loop
      vertex 39.9443 53.9491 0.0000
      vertex 39.9469 54.0000 0.0000
      vertex 39.9443 54.0509 0.0000
    endloop
  endfacet
  facet normal 0.000000 0.000000 -1.000000
    outer loop
      vertex 35.6134 36.0591 2.4000
      vertex 35.6920 36.1633 2.4000
      vertex 35.6561 36.1086 2.4000
    endloop
  endfacet
  facet normal 0.000000 -0.000000 1.000000
    outer loop
      vertex 35.6561 36.1086 0.0000
      vertex 35.6920 36.1633 0.0000
      vertex 35.6134 36.0591 0.0000
    endloop
  endfacet
  facet normal 0.000000 0.000000 -1.000000
    outer loop
      vertex 35.6134 36.0591 2.4000
      vertex 35.7408 36.2844 2.4000
      vertex 35.6920 36.1633 2.4000
    endloop
  endfacet
  facet normal 0.000000 -0.000000 1.000000
    outer loop
      vertex 35.6920 36.1633 0.0000
      vertex 35.7408 36.2844 0.0000
      vertex 35.6134 36.0591 0.0000
    endloop
  endfacet
  facet normal -0.000000 0.000000 -1.000000
    outer loop
      vertex 35.6134 36.0591 2.4000
      vertex 35.3904 35.9277 2.4000
      vertex 35.7408 36.2844 2.4000
    endloop
  endfacet
  facet normal 0.000000 0.000000 1.000000
    outer loop
      vertex 35.7408 36.2844 0.0000
      vertex 35.3904 35.9277 0.0000
      vertex 35.6134 36.0591 0.0000
    endloop
  endfacet
  facet normal 0.000000 0.000000 -1.000000
    outer loop
      vertex 35.6134 36.0591 2.4000
      vertex 35.5106 35.9787 2.4000
      vertex 35.3904 35.9277 2.4000
    endloop
  endfacet
  facet normal 0.000000 0.000000 1.000000
    outer loop
      vertex 35.3904 35.9277 0.0000
      vertex 35.5106 35.9787 0.0000
      vertex 35.6134 36.0591 0.0000
    endloop
  endfacet
  facet normal 0.000000 0.000000 -1.000000
    outer loop
      vertex 35.6134 36.0591 2.4000
      vertex 35.5646 36.0155 2.4000
      vertex 35.5106 35.9787 2.4000
    endloop
  endfacet
  facet normal 0.000000 0.000000 1.000000
    outer loop
      vertex 35.5106 35.9787 0.0000
      vertex 35.5646 36.0155 0.0000
      vertex 35.6134 36.0591 0.0000
    endloop
  endfacet
  facet normal 0.000000 0.000000 -1.000000
    outer loop
      vertex 35.5106 35.9787 2.4000
      vertex 35.4522 35.9493 2.4000
      vertex 35.3904 35.9277 2.4000
    endloop
  endfacet
  facet normal 0.000000 0.000000 1.000000
    outer loop
      vertex 35.3904 35.9277 0.0000
      vertex 35.4522 35.9493 0.0000
      vertex 35.5106 35.9787 0.0000
    endloop
  endfacet
  facet normal 0.000000 0.000000 -1.000000
    outer loop
      vertex 35.3904 35.9277 2.4000
      vertex 35.7386 36.5432 2.4000
      vertex 35.7408 36.2844 2.4000
    endloop
  endfacet
  facet normal 0.000000 0.000000 1.000000
    outer loop
      vertex 35.7408 36.2844 0.0000
      vertex 35.7386 36.5432 0.0000
      vertex 35.3904 35.9277 0.0000
    endloop
  endfacet
  facet normal -0.000000 0.000000 -1.000000
    outer loop
      vertex 35.3904 35.9277 2.4000
      vertex 34.1354 35.5794 2.4000
      vertex 35.7386 36.5432 2.4000
    endloop
  endfacet
  facet normal 0.000000 0.000000 1.000000
    outer loop
      vertex 35.7386 36.5432 0.0000
      vertex 34.1354 35.5794 0.0000
      vertex 35.3904 35.9277 0.0000
    endloop
  endfacet
  facet normal 0.000000 0.000000 -1.000000
    outer loop
      vertex 34.1354 35.5794 2.4000
      vertex 35.3849 37.8179 2.4000
      vertex 35.7386 36.5432 2.4000
    endloop
  endfacet
  facet normal 0.000000 0.000000 1.000000
    outer loop
      vertex 35.7386 36.5432 0.0000
      vertex 35.3849 37.8179 0.0000
      vertex 34.1354 35.5794 0.0000
    endloop
  endfacet
  facet normal -0.000000 0.000000 -1.000000
    outer loop
      vertex 34.1354 35.5794 2.4000
      vertex 34.1265 35.5771 2.4000
      vertex 35.3849 37.8179 2.4000
    endloop
  endfacet
  facet normal 0.000000 0.000000 1.000000
    outer loop
      vertex 35.3849 37.8179 0.0000
      vertex 34.1265 35.5771 0.0000
      vertex 34.1354 35.5794 0.0000
    endloop
  endfacet
  facet normal 0.000000 0.000000 -1.000000
    outer loop
      vertex 34.1265 35.5771 2.4000
      vertex 35.3844 37.8197 2.4000
      vertex 35.3849 37.8179 2.4000
    endloop
  endfacet
  facet normal 0.000000 0.000000 1.000000
    outer loop
      vertex 35.3849 37.8179 0.0000
      vertex 35.3844 37.8197 0.0000
      vertex 34.1265 35.5771 0.0000
    endloop
  endfacet
  facet normal -0.000000 0.000000 -1.000000
    outer loop
      vertex 34.1265 35.5771 2.4000
      vertex 32.1916 35.0781 2.4000
      vertex 35.3844 37.8197 2.4000
    endloop
  endfacet
  facet normal 0.000000 0.000000 1.000000
    outer loop
      vertex 35.3844 37.8197 0.0000
      vertex 32.1916 35.0781 0.0000
      vertex 34.1265 35.5771 0.0000
    endloop
  endfacet
  facet normal 0.000000 0.000000 -1.000000
    outer loop
      vertex 32.1916 35.0781 2.4000
      vertex 34.8831 39.7639 2.4000
      vertex 35.3844 37.8197 2.4000
    endloop
  endfacet
  facet normal 0.000000 0.000000 1.000000
    outer loop
      vertex 35.3844 37.8197 0.0000
      vertex 34.8831 39.7639 0.0000
      vertex 32.1916 35.0781 0.0000
    endloop
  endfacet
  facet normal -0.000000 0.000000 -1.000000
    outer loop
      vertex 32.1916 35.0781 2.4000
      vertex 32.1793 35.0751 2.4000
      vertex 34.8831 39.7639 2.4000
    endloop
  endfacet
  facet normal 0.000000 0.000000 1.000000
    outer loop
      vertex 34.8831 39.7639 0.0000
      vertex 32.1793 35.0751 0.0000
      vertex 32.1916 35.0781 0.0000
    endloop
  endfacet
  facet normal 0.000000 0.000000 -1.000000
    outer loop
      vertex 32.1793 35.0751 2.4000
      vertex 34.8821 39.7679 2.4000
      vertex 34.8831 39.7639 2.4000
    endloop
  endfacet
  facet normal 0.000000 0.000000 1.000000
    outer loop
      vertex 34.8831 39.7639 0.0000
      vertex 34.8821 39.7679 0.0000
      vertex 32.1793 35.0751 0.0000
    endloop
  endfacet
  facet normal 0.000000 0.000000 -1.000000
    outer loop
      vertex 32.1793 35.0751 2.4000
      vertex 34.8816 39.7698 2.4000
      vertex 34.8821 39.7679 2.4000
    endloop
  endfacet
  facet normal 0.000000 0.000000 1.000000
    outer loop
      vertex 34.8821 39.7679 0.0000
      vertex 34.8816 39.7698 0.0000
      vertex 32.1793 35.0751 0.0000
    endloop
  endfacet
  facet normal -0.000000 0.000000 -1.000000
    outer loop
      vertex 32.1793 35.0751 2.4000
      vertex 29.8827 34.5447 2.4000
      vertex 34.8816 39.7698 2.4000
    endloop
  endfacet
  facet normal 0.000000 0.000000 1.000000
    outer loop
      vertex 34.8816 39.7698 0.0000
      vertex 29.8827 34.5447 0.0000
      vertex 32.1793 35.0751 0.0000
    endloop
  endfacet
  facet normal 0.000000 0.000000 -1.000000
    outer loop
      vertex 29.8827 34.5447 2.4000
      vertex 34.3480 42.0802 2.4000
      vertex 34.8816 39.7698 2.4000
    endloop
  endfacet
  facet normal 0.000000 0.000000 1.000000
    outer loop
      vertex 34.8816 39.7698 0.0000
      vertex 34.3480 42.0802 0.0000
      vertex 29.8827 34.5447 0.0000
    endloop
  endfacet
  facet normal -0.000000 0.000000 -1.000000
    outer loop
      vertex 29.8827 34.5447 2.4000
      vertex 29.8646 34.5409 2.4000
      vertex 34.3480 42.0802 2.4000
    endloop
  endfacet
  facet normal 0.000000 0.000000 1.000000
    outer loop
      vertex 34.3480 42.0802 0.0000
      vertex 29.8646 34.5409 0.0000
      vertex 29.8827 34.5447 0.0000
    endloop
  endfacet
  facet normal 0.000000 0.000000 -1.000000
    outer loop
      vertex 29.8646 34.5409 2.4000
      vertex 34.3467 42.0861 2.4000
      vertex 34.3480 42.0802 2.4000
    endloop
  endfacet
  facet normal 0.000000 0.000000 1.000000
    outer loop
      vertex 34.3480 42.0802 0.0000
      vertex 34.3467 42.0861 0.0000
      vertex 29.8646 34.5409 0.0000
    endloop
  endfacet
  facet normal 0.000000 0.000000 -1.000000
    outer loop
      vertex 29.8646 34.5409 2.4000
      vertex 21.9846 38.6170 2.4000
      vertex 34.3467 42.0861 2.4000
    endloop
  endfacet
  facet normal 0.000000 0.000000 1.000000
    outer loop
      vertex 34.3467 42.0861 0.0000
      vertex 21.9846 38.6170 0.0000
      vertex 29.8646 34.5409 0.0000
    endloop
  endfacet
  facet normal 0.000000 0.000000 -1.000000
    outer loop
      vertex 29.8646 34.5409 2.4000
      vertex 21.9868 38.6092 2.4000
      vertex 21.9846 38.6170 2.4000
    endloop
  endfacet
  facet normal 0.000000 0.000000 1.000000
    outer loop
      vertex 21.9846 38.6170 0.0000
      vertex 21.9868 38.6092 0.0000
      vertex 29.8646 34.5409 0.0000
    endloop
  endfacet
  facet normal -0.000000 0.000000 -1.000000
    outer loop
      vertex 29.8646 34.5409 2.4000
      vertex 27.4485 34.0765 2.4000
      vertex 21.9868 38.6092 2.4000
    endloop
  endfacet
  facet normal 0.000000 0.000000 1.000000
    outer loop
      vertex 21.9868 38.6092 0.0000
      vertex 27.4485 34.0765 0.0000
      vertex 29.8646 34.5409 0.0000
    endloop
  endfacet
  facet normal 0.000000 0.000000 -1.000000
    outer loop
      vertex 27.4485 34.0765 2.4000
      vertex 22.2710 37.4902 2.4000
      vertex 21.9868 38.6092 2.4000
    endloop
  endfacet
  facet normal 0.000000 0.000000 1.000000
    outer loop
      vertex 21.9868 38.6092 0.0000
      vertex 22.2710 37.4902 0.0000
      vertex 27.4485 34.0765 0.0000
    endloop
  endfacet
  facet normal -0.000000 0.000000 -1.000000
    outer loop
      vertex 27.4485 34.0765 2.4000
      vertex 27.4194 34.0718 2.4000
      vertex 22.2710 37.4902 2.4000
    endloop
  endfacet
  facet normal 0.000000 0.000000 1.000000
    outer loop
      vertex 22.2710 37.4902 0.0000
      vertex 27.4194 34.0718 0.0000
      vertex 27.4485 34.0765 0.0000
    endloop
  endfacet
  facet normal 0.000000 0.000000 -1.000000
    outer loop
      vertex 27.4194 34.0718 2.4000
      vertex 22.2728 37.4821 2.4000
      vertex 22.2710 37.4902 2.4000
    endloop
  endfacet
  facet normal 0.000000 0.000000 1.000000
    outer loop
      vertex 22.2710 37.4902 0.0000
      vertex 22.2728 37.4821 0.0000
      vertex 27.4194 34.0718 0.0000
    endloop
  endfacet
  facet normal 0.000000 0.000000 -1.000000
    outer loop
      vertex 27.4194 34.0718 2.4000
      vertex 22.2750 37.4641 2.4000
      vertex 22.2728 37.4821 2.4000
    endloop
  endfacet
  facet normal 0.000000 0.000000 1.000000
    outer loop
      vertex 22.2728 37.4821 0.0000
      vertex 22.2750 37.4641 0.0000
      vertex 27.4194 34.0718 0.0000
    endloop
  endfacet
  facet normal 0.000000 0.000000 -1.000000
    outer loop
      vertex 27.4194 34.0718 2.4000
      vertex 22.2750 37.4517 2.4000
      vertex 22.2750 37.4641 2.4000
    endloop
  endfacet
  facet normal 0.000000 0.000000 1.000000
    outer loop
      vertex 22.2750 37.4641 0.0000
      vertex 22.2750 37.4517 0.0000
      vertex 27.4194 34.0718 0.0000
    endloop
  endfacet
  facet normal -0.000000 0.000000 -1.000000
    outer loop
      vertex 27.4194 34.0718 2.4000
      vertex 25.1323 33.7705 2.4000
      vertex 22.2750 37.4517 2.4000
    endloop
  endfacet
  facet normal 0.000000 0.000000 1.000000
    outer loop
      vertex 22.2750 37.4517 0.0000
      vertex 25.1323 33.7705 0.0000
      vertex 27.4194 34.0718 0.0000
    endloop
  endfacet
  facet normal 0.000000 0.000000 -1.000000
    outer loop
      vertex 25.1323 33.7705 2.4000
      vertex 22.2735 37.4394 2.4000
      vertex 22.2750 37.4517 2.4000
    endloop
  endfacet
  facet normal 0.000000 0.000000 1.000000
    outer loop
      vertex 22.2750 37.4517 0.0000
      vertex 22.2735 37.4394 0.0000
      vertex 25.1323 33.7705 0.0000
    endloop
  endfacet
  facet normal 0.000000 0.000000 -1.000000
    outer loop
      vertex 25.1323 33.7705 2.4000
      vertex 22.2689 37.4218 2.4000
      vertex 22.2735 37.4394 2.4000
    endloop
  endfacet
  facet normal 0.000000 0.000000 1.000000
    outer loop
      vertex 22.2735 37.4394 0.0000
      vertex 22.2689 37.4218 0.0000
      vertex 25.1323 33.7705 0.0000
    endloop
  endfacet
  facet normal -0.000000 0.000000 -1.000000
    outer loop
      vertex 25.1323 33.7705 2.4000
      vertex 25.0792 33.7664 2.4000
      vertex 22.2689 37.4218 2.4000
    endloop
  endfacet
  facet normal 0.000000 0.000000 1.000000
    outer loop
      vertex 22.2689 37.4218 0.0000
      vertex 25.0792 33.7664 0.0000
      vertex 25.1323 33.7705 0.0000
    endloop
  endfacet
  facet normal 0.000000 0.000000 -1.000000
    outer loop
      vertex 25.0792 33.7664 2.4000
      vertex 22.2661 37.4140 2.4000
      vertex 22.2689 37.4218 2.4000
    endloop
  endfacet
  facet normal 0.000000 0.000000 1.000000
    outer loop
      vertex 22.2689 37.4218 0.0000
      vertex 22.2661 37.4140 0.0000
      vertex 25.0792 33.7664 0.0000
    endloop
  endfacet
  facet normal -0.000000 0.000000 -1.000000
    outer loop
      vertex 25.0792 33.7664 2.4000
      vertex 23.1926 33.7203 2.4000
      vertex 22.2661 37.4140 2.4000
    endloop
  endfacet
  facet normal 0.000000 0.000000 1.000000
    outer loop
      vertex 22.2661 37.4140 0.0000
      vertex 23.1926 33.7203 0.0000
      vertex 25.0792 33.7664 0.0000
    endloop
  endfacet
  facet normal 0.000000 0.000000 -1.000000
    outer loop
      vertex 23.1926 33.7203 2.4000
      vertex 21.6964 35.9720 2.4000
      vertex 22.2661 37.4140 2.4000
    endloop
  endfacet
  facet normal 0.000000 0.000000 1.000000
    outer loop
      vertex 22.2661 37.4140 0.0000
      vertex 21.6964 35.9720 0.0000
      vertex 23.1926 33.7203 0.0000
    endloop
  endfacet
  facet normal 0.000000 0.000000 -1.000000
    outer loop
      vertex 23.1926 33.7203 2.4000
      vertex 23.0736 33.7317 2.4000
      vertex 21.6964 35.9720 2.4000
    endloop
  endfacet
  facet normal 0.000000 0.000000 1.000000
    outer loop
      vertex 21.6964 35.9720 0.0000
      vertex 23.0736 33.7317 0.0000
      vertex 23.1926 33.7203 0.0000
    endloop
  endfacet
  facet normal 0.000000 0.000000 -1.000000
    outer loop
      vertex 23.1926 33.7203 2.4000
      vertex 23.1327 33.7225 2.4000
      vertex 23.0736 33.7317 2.4000
    endloop
  endfacet
  facet normal 0.000000 0.000000 1.000000
    outer loop
      vertex 23.0736 33.7317 0.0000
      vertex 23.1327 33.7225 0.0000
      vertex 23.1926 33.7203 0.0000
    endloop
  endfacet
  facet normal 0.000000 0.000000 -1.000000
    outer loop
      vertex 12.8074 33.7203 2.4000
      vertex 12.9264 33.7317 2.4000
      vertex 12.8673 33.7225 2.4000
    endloop
  endfacet
  facet normal 0.000000 -0.000000 1.000000
    outer loop
      vertex 12.8673 33.7225 0.0000
      vertex 12.9264 33.7317 0.0000
      vertex 12.8074 33.7203 0.0000
    endloop
  endfacet
  facet normal 0.000000 0.000000 -1.000000
    outer loop
      vertex 12.8074 33.7203 2.4000
      vertex 14.3036 35.9720 2.4000
      vertex 12.9264 33.7317 2.4000
    endloop
  endfacet
  facet normal 0.000000 -0.000000 1.000000
    outer loop
      vertex 12.9264 33.7317 0.0000
      vertex 14.3036 35.9720 0.0000
      vertex 12.8074 33.7203 0.0000
    endloop
  endfacet
  facet normal 0.000000 0.000000 -1.000000
    outer loop
      vertex 12.8074 33.7203 2.4000
      vertex 13.7339 37.4140 2.4000
      vertex 14.3036 35.9720 2.4000
    endloop
  endfacet
  facet normal 0.000000 0.000000 1.000000
    outer loop
      vertex 14.3036 35.9720 0.0000
      vertex 13.7339 37.4140 0.0000
      vertex 12.8074 33.7203 0.0000
    endloop
  endfacet
  facet normal 0.000000 0.000000 -1.000000
    outer loop
      vertex 12.8074 33.7203 2.4000
      vertex 10.9208 33.7664 2.4000
      vertex 13.7339 37.4140 2.4000
    endloop
  endfacet
  facet normal 0.000000 0.000000 1.000000
    outer loop
      vertex 13.7339 37.4140 0.0000
      vertex 10.9208 33.7664 0.0000
      vertex 12.8074 33.7203 0.0000
    endloop
  endfacet
  facet normal 0.000000 0.000000 -1.000000
    outer loop
      vertex 10.9208 33.7664 2.4000
      vertex 13.7311 37.4218 2.4000
      vertex 13.7339 37.4140 2.4000
    endloop
  endfacet
  facet normal 0.000000 0.000000 1.000000
    outer loop
      vertex 13.7339 37.4140 0.0000
      vertex 13.7311 37.4218 0.0000
      vertex 10.9208 33.7664 0.0000
    endloop
  endfacet
  facet normal 0.000000 0.000000 -1.000000
    outer loop
      vertex 10.9208 33.7664 2.4000
      vertex 10.8677 33.7705 2.4000
      vertex 13.7311 37.4218 2.4000
    endloop
  endfacet
  facet normal 0.000000 0.000000 1.000000
    outer loop
      vertex 13.7311 37.4218 0.0000
      vertex 10.8677 33.7705 0.0000
      vertex 10.9208 33.7664 0.0000
    endloop
  endfacet
  facet normal 0.000000 0.000000 -1.000000
    outer loop
      vertex 10.8677 33.7705 2.4000
      vertex 13.7265 37.4394 2.4000
      vertex 13.7311 37.4218 2.4000
    endloop
  endfacet
  facet normal 0.000000 0.000000 1.000000
    outer loop
      vertex 13.7311 37.4218 0.0000
      vertex 13.7265 37.4394 0.0000
      vertex 10.8677 33.7705 0.0000
    endloop
  endfacet
  facet normal 0.000000 0.000000 -1.000000
    outer loop
      vertex 10.8677 33.7705 2.4000
      vertex 13.7250 37.4517 2.4000
      vertex 13.7265 37.4394 2.4000
    endloop
  endfacet
  facet normal 0.000000 0.000000 1.000000
    outer loop
      vertex 13.7265 37.4394 0.0000
      vertex 13.7250 37.4517 0.0000
      vertex 10.8677 33.7705 0.0000
    endloop
  endfacet
  facet normal 0.000000 0.000000 -1.000000
    outer loop
      vertex 10.8677 33.7705 2.4000
      vertex 8.5806 34.0718 2.4000
      vertex 13.7250 37.4517 2.4000
    endloop
  endfacet
  facet normal 0.000000 0.000000 1.000000
    outer loop
      vertex 13.7250 37.4517 0.0000
      vertex 8.5806 34.0718 0.0000
      vertex 10.8677 33.7705 0.0000
    endloop
  endfacet
  facet normal 0.000000 0.000000 -1.000000
    outer loop
      vertex 8.5806 34.0718 2.4000
      vertex 13.7250 37.4641 2.4000
      vertex 13.7250 37.4517 2.4000
    endloop
  endfacet
  facet normal 0.000000 0.000000 1.000000
    outer loop
      vertex 13.7250 37.4517 0.0000
      vertex 13.7250 37.4641 0.0000
      vertex 8.5806 34.0718 0.0000
    endloop
  endfacet
  facet normal 0.000000 0.000000 -1.000000
    outer loop
      vertex 8.5806 34.0718 2.4000
      vertex 13.7272 37.4821 2.4000
      vertex 13.7250 37.4641 2.4000
    endloop
  endfacet
  facet normal 0.000000 -0.000000 1.000000
    outer loop
      vertex 13.7250 37.4641 0.0000
      vertex 13.7272 37.4821 0.0000
      vertex 8.5806 34.0718 0.0000
    endloop
  endfacet
  facet normal 0.000000 0.000000 -1.000000
    outer loop
      vertex 8.5806 34.0718 2.4000
      vertex 13.7290 37.4902 2.4000
      vertex 13.7272 37.4821 2.4000
    endloop
  endfacet
  facet normal 0.000000 -0.000000 1.000000
    outer loop
      vertex 13.7272 37.4821 0.0000
      vertex 13.7290 37.4902 0.0000
      vertex 8.5806 34.0718 0.0000
    endloop
  endfacet
  facet normal 0.000000 0.000000 -1.000000
    outer loop
      vertex 8.5806 34.0718 2.4000
      vertex 8.5515 34.0765 2.4000
      vertex 13.7290 37.4902 2.4000
    endloop
  endfacet
  facet normal 0.000000 0.000000 1.000000
    outer loop
      vertex 13.7290 37.4902 0.0000
      vertex 8.5515 34.0765 0.0000
      vertex 8.5806 34.0718 0.0000
    endloop
  endfacet
  facet normal 0.000000 0.000000 -1.000000
    outer loop
      vertex 8.5515 34.0765 2.4000
      vertex 14.0132 38.6092 2.4000
      vertex 13.7290 37.4902 2.4000
    endloop
  endfacet
  facet normal 0.000000 -0.000000 1.000000
    outer loop
      vertex 13.7290 37.4902 0.0000
      vertex 14.0132 38.6092 0.0000
      vertex 8.5515 34.0765 0.0000
    endloop
  endfacet
  facet normal 0.000000 0.000000 -1.000000
    outer loop
      vertex 8.5515 34.0765 2.4000
      vertex 6.1354 34.5409 2.4000
      vertex 14.0132 38.6092 2.4000
    endloop
  endfacet
  facet normal 0.000000 0.000000 1.000000
    outer loop
      vertex 14.0132 38.6092 0.0000
      vertex 6.1354 34.5409 0.0000
      vertex 8.5515 34.0765 0.0000
    endloop
  endfacet
  facet normal 0.000000 0.000000 -1.000000
    outer loop
      vertex 6.1354 34.5409 2.4000
      vertex 14.0154 38.6170 2.4000
      vertex 14.0132 38.6092 2.4000
    endloop
  endfacet
  facet normal 0.000000 -0.000000 1.000000
    outer loop
      vertex 14.0132 38.6092 0.0000
      vertex 14.0154 38.6170 0.0000
      vertex 6.1354 34.5409 0.0000
    endloop
  endfacet
  facet normal 0.000000 0.000000 -1.000000
    outer loop
      vertex 6.1354 34.5409 2.4000
      vertex 14.0218 38.6335 2.4000
      vertex 14.0154 38.6170 2.4000
    endloop
  endfacet
  facet normal 0.000000 -0.000000 1.000000
    outer loop
      vertex 14.0154 38.6170 0.0000
      vertex 14.0218 38.6335 0.0000
      vertex 6.1354 34.5409 0.0000
    endloop
  endfacet
  facet normal 0.000000 0.000000 -1.000000
    outer loop
      vertex 6.1354 34.5409 2.4000
      vertex 6.1173 34.5447 2.4000
      vertex 14.0218 38.6335 2.4000
    endloop
  endfacet
  facet normal 0.000000 0.000000 1.000000
    outer loop
      vertex 14.0218 38.6335 0.0000
      vertex 6.1173 34.5447 0.0000
      vertex 6.1354 34.5409 0.0000
    endloop
  endfacet
  facet normal 0.000000 0.000000 -1.000000
    outer loop
      vertex 6.1173 34.5447 2.4000
      vertex 14.0275 38.6441 2.4000
      vertex 14.0218 38.6335 2.4000
    endloop
  endfacet
  facet normal 0.000000 -0.000000 1.000000
    outer loop
      vertex 14.0218 38.6335 0.0000
      vertex 14.0275 38.6441 0.0000
      vertex 6.1173 34.5447 0.0000
    endloop
  endfacet
  facet normal 0.000000 0.000000 -1.000000
    outer loop
      vertex 6.1173 34.5447 2.4000
      vertex 3.8207 35.0751 2.4000
      vertex 14.0275 38.6441 2.4000
    endloop
  endfacet
  facet normal 0.000000 0.000000 1.000000
    outer loop
      vertex 14.0275 38.6441 0.0000
      vertex 3.8207 35.0751 0.0000
      vertex 6.1173 34.5447 0.0000
    endloop
  endfacet
  facet normal 0.000000 0.000000 -1.000000
    outer loop
      vertex 3.8207 35.0751 2.4000
      vertex 14.0345 38.6540 2.4000
      vertex 14.0275 38.6441 2.4000
    endloop
  endfacet
  facet normal 0.000000 -0.000000 1.000000
    outer loop
      vertex 14.0275 38.6441 0.0000
      vertex 14.0345 38.6540 0.0000
      vertex 3.8207 35.0751 0.0000
    endloop
  endfacet
  facet normal 0.000000 0.000000 -1.000000
    outer loop
      vertex 3.8207 35.0751 2.4000
      vertex 3.8084 35.0781 2.4000
      vertex 14.0345 38.6540 2.4000
    endloop
  endfacet
  facet normal 0.000000 0.000000 1.000000
    outer loop
      vertex 14.0345 38.6540 0.0000
      vertex 3.8084 35.0781 0.0000
      vertex 3.8207 35.0751 0.0000
    endloop
  endfacet
  facet normal 0.000000 0.000000 -1.000000
    outer loop
      vertex 3.8084 35.0781 2.4000
      vertex 0.1000 36.4501 2.4000
      vertex 14.0345 38.6540 2.4000
    endloop
  endfacet
  facet normal 0.000000 0.000000 1.000000
    outer loop
      vertex 14.0345 38.6540 0.0000
      vertex 0.1000 36.4501 0.0000
      vertex 3.8084 35.0781 0.0000
    endloop
  endfacet
  facet normal 0.000000 0.000000 -1.000000
    outer loop
      vertex 3.8084 35.0781 2.4000
      vertex 1.8735 35.5771 2.4000
      vertex 0.1000 36.4501 2.4000
    endloop
  endfacet
  facet normal 0.000000 0.000000 1.000000
    outer loop
      vertex 0.1000 36.4501 0.0000
      vertex 1.8735 35.5771 0.0000
      vertex 3.8084 35.0781 0.0000
    endloop
  endfacet
  facet normal 0.000000 0.000000 -1.000000
    outer loop
      vertex 1.8735 35.5771 2.4000
      vertex 1.8646 35.5794 2.4000
      vertex 0.1000 36.4501 2.4000
    endloop
  endfacet
  facet normal 0.000000 0.000000 1.000000
    outer loop
      vertex 0.1000 36.4501 0.0000
      vertex 1.8646 35.5794 0.0000
      vertex 1.8735 35.5771 0.0000
    endloop
  endfacet
  facet normal 0.000000 0.000000 -1.000000
    outer loop
      vertex 1.8646 35.5794 2.4000
      vertex 0.5309 35.9495 2.4000
      vertex 0.1000 36.4501 2.4000
    endloop
  endfacet
  facet normal 0.000000 0.000000 1.000000
    outer loop
      vertex 0.1000 36.4501 0.0000
      vertex 0.5309 35.9495 0.0000
      vertex 1.8646 35.5794 0.0000
    endloop
  endfacet
  facet normal 0.000000 0.000000 -1.000000
    outer loop
      vertex 0.5309 35.9495 2.4000
      vertex 0.5247 35.9513 2.4000
      vertex 0.1000 36.4501 2.4000
    endloop
  endfacet
  facet normal 0.000000 0.000000 1.000000
    outer loop
      vertex 0.1000 36.4501 0.0000
      vertex 0.5247 35.9513 0.0000
      vertex 0.5309 35.9495 0.0000
    endloop
  endfacet
  facet normal 0.000000 0.000000 -1.000000
    outer loop
      vertex 0.5247 35.9513 2.4000
      vertex 0.4601 35.9701 2.4000
      vertex 0.1000 36.4501 2.4000
    endloop
  endfacet
  facet normal 0.000000 0.000000 1.000000
    outer loop
      vertex 0.1000 36.4501 0.0000
      vertex 0.4601 35.9701 0.0000
      vertex 0.5247 35.9513 0.0000
    endloop
  endfacet
  facet normal 0.000000 0.000000 -1.000000
    outer loop
      vertex 0.4601 35.9701 2.4000
      vertex 0.3997 35.9920 2.4000
      vertex 0.1000 36.4501 2.4000
    endloop
  endfacet
  facet normal 0.000000 0.000000 1.000000
    outer loop
      vertex 0.1000 36.4501 0.0000
      vertex 0.3997 35.9920 0.0000
      vertex 0.4601 35.9701 0.0000
    endloop
  endfacet
  facet normal 0.000000 0.000000 -1.000000
    outer loop
      vertex 0.3997 35.9920 2.4000
      vertex 0.1165 36.3228 2.4000
      vertex 0.1000 36.4501 2.4000
    endloop
  endfacet
  facet normal 0.000000 0.000000 1.000000
    outer loop
      vertex 0.1000 36.4501 0.0000
      vertex 0.1165 36.3228 0.0000
      vertex 0.3997 35.9920 0.0000
    endloop
  endfacet
  facet normal 0.000000 0.000000 -1.000000
    outer loop
      vertex 0.3997 35.9920 2.4000
      vertex 0.2000 36.1501 2.4000
      vertex 0.1165 36.3228 2.4000
    endloop
  endfacet
  facet normal 0.000000 0.000000 1.000000
    outer loop
      vertex 0.1165 36.3228 0.0000
      vertex 0.2000 36.1501 0.0000
      vertex 0.3997 35.9920 0.0000
    endloop
  endfacet
  facet normal 0.000000 0.000000 -1.000000
    outer loop
      vertex 0.3997 35.9920 2.4000
      vertex 0.2419 36.1012 2.4000
      vertex 0.2000 36.1501 2.4000
    endloop
  endfacet
  facet normal 0.000000 0.000000 1.000000
    outer loop
      vertex 0.2000 36.1501 0.0000
      vertex 0.2419 36.1012 0.0000
      vertex 0.3997 35.9920 0.0000
    endloop
  endfacet
  facet normal 0.000000 0.000000 -1.000000
    outer loop
      vertex 0.3997 35.9920 2.4000
      vertex 0.2896 36.0581 2.4000
      vertex 0.2419 36.1012 2.4000
    endloop
  endfacet
  facet normal 0.000000 0.000000 1.000000
    outer loop
      vertex 0.2419 36.1012 0.0000
      vertex 0.2896 36.0581 0.0000
      vertex 0.3997 35.9920 0.0000
    endloop
  endfacet
  facet normal 0.000000 0.000000 -1.000000
    outer loop
      vertex 0.3997 35.9920 2.4000
      vertex 0.3425 36.0215 2.4000
      vertex 0.2896 36.0581 2.4000
    endloop
  endfacet
  facet normal 0.000000 0.000000 1.000000
    outer loop
      vertex 0.2896 36.0581 0.0000
      vertex 0.3425 36.0215 0.0000
      vertex 0.3997 35.9920 0.0000
    endloop
  endfacet
  facet normal 0.000000 0.000000 -1.000000
    outer loop
      vertex 0.2000 36.1501 2.4000
      vertex 0.1648 36.2039 2.4000
      vertex 0.1165 36.3228 2.4000
    endloop
  endfacet
  facet normal 0.000000 0.000000 1.000000
    outer loop
      vertex 0.1165 36.3228 0.0000
      vertex 0.1648 36.2039 0.0000
      vertex 0.2000 36.1501 0.0000
    endloop
  endfacet
  facet normal 0.000000 0.000000 -1.000000
    outer loop
      vertex 0.1648 36.2039 2.4000
      vertex 0.1368 36.2618 2.4000
      vertex 0.1165 36.3228 2.4000
    endloop
  endfacet
  facet normal 0.000000 0.000000 1.000000
    outer loop
      vertex 0.1165 36.3228 0.0000
      vertex 0.1368 36.2618 0.0000
      vertex 0.1648 36.2039 0.0000
    endloop
  endfacet
  facet normal 0.000000 0.000000 -1.000000
    outer loop
      vertex 0.1165 36.3228 2.4000
      vertex 0.1041 36.3859 2.4000
      vertex 0.1000 36.4501 2.4000
    endloop
  endfacet
  facet normal 0.000000 0.000000 1.000000
    outer loop
      vertex 0.1000 36.4501 0.0000
      vertex 0.1041 36.3859 0.0000
      vertex 0.1165 36.3228 0.0000
    endloop
  endfacet
  facet normal 0.000000 0.000000 -1.000000
    outer loop
      vertex 0.1000 36.4501 2.4000
      vertex 14.0464 38.6671 2.4000
      vertex 14.0345 38.6540 2.4000
    endloop
  endfacet
  facet normal 0.000000 -0.000000 1.000000
    outer loop
      vertex 14.0345 38.6540 0.0000
      vertex 14.0464 38.6671 0.0000
      vertex 0.1000 36.4501 0.0000
    endloop
  endfacet
  facet normal 0.000000 0.000000 -1.000000
    outer loop
      vertex 0.1000 36.4501 2.4000
      vertex 14.0523 38.6726 2.4000
      vertex 14.0464 38.6671 2.4000
    endloop
  endfacet
  facet normal 0.000000 -0.000000 1.000000
    outer loop
      vertex 14.0464 38.6671 0.0000
      vertex 14.0523 38.6726 0.0000
      vertex 0.1000 36.4501 0.0000
    endloop
  endfacet
  facet normal 0.000000 0.000000 -1.000000
    outer loop
      vertex 0.1000 36.4501 2.4000
      vertex 14.9767 39.4725 2.4000
      vertex 14.0523 38.6726 2.4000
    endloop
  endfacet
  facet normal 0.000000 -0.000000 1.000000
    outer loop
      vertex 14.0523 38.6726 0.0000
      vertex 14.9767 39.4725 0.0000
      vertex 0.1000 36.4501 0.0000
    endloop
  endfacet
  facet normal 0.000000 0.000000 -1.000000
    outer loop
      vertex 0.1000 36.4501 2.4000
      vertex 14.9831 39.4777 2.4000
      vertex 14.9767 39.4725 2.4000
    endloop
  endfacet
  facet normal 0.000000 -0.000000 1.000000
    outer loop
      vertex 14.9767 39.4725 0.0000
      vertex 14.9831 39.4777 0.0000
      vertex 0.1000 36.4501 0.0000
    endloop
  endfacet
  facet normal 0.000000 0.000000 -1.000000
    outer loop
      vertex 0.1000 36.4501 2.4000
      vertex 0.1000 71.4000 2.4000
      vertex 14.9831 39.4777 2.4000
    endloop
  endfacet
  facet normal 0.000000 0.000000 1.000000
    outer loop
      vertex 14.9831 39.4777 0.0000
      vertex 0.1000 71.4000 0.0000
      vertex 0.1000 36.4501 0.0000
    endloop
  endfacet
  facet normal 0.000000 0.000000 -1.000000
    outer loop
      vertex 0.1000 71.4000 2.4000
      vertex 14.9981 39.4877 2.4000
      vertex 14.9831 39.4777 2.4000
    endloop
  endfacet
  facet normal 0.000000 -0.000000 1.000000
    outer loop
      vertex 14.9831 39.4777 0.0000
      vertex 14.9981 39.4877 0.0000
      vertex 0.1000 71.4000 0.0000
    endloop
  endfacet
  facet normal 0.000000 0.000000 -1.000000
    outer loop
      vertex 0.1000 71.4000 2.4000
      vertex 15.0141 39.4958 2.4000
      vertex 14.9981 39.4877 2.4000
    endloop
  endfacet
  facet normal 0.000000 -0.000000 1.000000
    outer loop
      vertex 14.9981 39.4877 0.0000
      vertex 15.0141 39.4958 0.0000
      vertex 0.1000 71.4000 0.0000
    endloop
  endfacet
  facet normal 0.000000 0.000000 -1.000000
    outer loop
      vertex 0.1000 71.4000 2.4000
      vertex 15.0218 39.4988 2.4000
      vertex 15.0141 39.4958 2.4000
    endloop
  endfacet
  facet normal 0.000000 -0.000000 1.000000
    outer loop
      vertex 15.0141 39.4958 0.0000
      vertex 15.0218 39.4988 0.0000
      vertex 0.1000 71.4000 0.0000
    endloop
  endfacet
  facet normal 0.000000 0.000000 -1.000000
    outer loop
      vertex 0.1000 71.4000 2.4000
      vertex 16.3755 39.9797 2.4000
      vertex 15.0218 39.4988 2.4000
    endloop
  endfacet
  facet normal 0.000000 -0.000000 1.000000
    outer loop
      vertex 15.0218 39.4988 0.0000
      vertex 16.3755 39.9797 0.0000
      vertex 0.1000 71.4000 0.0000
    endloop
  endfacet
  facet normal 0.000000 0.000000 -1.000000
    outer loop
      vertex 0.1000 71.4000 2.4000
      vertex 16.3831 39.9822 2.4000
      vertex 16.3755 39.9797 2.4000
    endloop
  endfacet
  facet normal 0.000000 -0.000000 1.000000
    outer loop
      vertex 16.3755 39.9797 0.0000
      vertex 16.3831 39.9822 0.0000
      vertex 0.1000 71.4000 0.0000
    endloop
  endfacet
  facet normal 0.000000 0.000000 -1.000000
    outer loop
      vertex 0.1000 71.4000 2.4000
      vertex 16.4054 39.9872 2.4000
      vertex 16.3831 39.9822 2.4000
    endloop
  endfacet
  facet normal 0.000000 -0.000000 1.000000
    outer loop
      vertex 16.3831 39.9822 0.0000
      vertex 16.4054 39.9872 0.0000
      vertex 0.1000 71.4000 0.0000
    endloop
  endfacet
  facet normal 0.000000 0.000000 -1.000000
    outer loop
      vertex 16.4133 39.9882 2.4000
      vertex 33.5189 59.1248 2.4000
      vertex 17.9835 40.1488 2.4000
    endloop
  endfacet
  facet normal 0.000000 -0.000000 1.000000
    outer loop
      vertex 17.9835 40.1488 0.0000
      vertex 33.5189 59.1248 0.0000
      vertex 16.4133 39.9882 0.0000
    endloop
  endfacet
  facet normal 0.000000 -0.000000 -1.000000
    outer loop
      vertex 33.5189 59.1248 2.4000
      vertex 33.5210 59.1020 2.4000
      vertex 17.9835 40.1488 2.4000
    endloop
  endfacet
  facet normal 0.000000 0.000000 1.000000
    outer loop
      vertex 17.9835 40.1488 0.0000
      vertex 33.5210 59.1020 0.0000
      vertex 33.5189 59.1248 0.0000
    endloop
  endfacet
  facet normal 0.000000 0.000000 -1.000000
    outer loop
      vertex 35.6857 71.2663 2.4000
      vertex 35.7039 71.3962 2.4000
      vertex 35.6991 71.3307 2.4000
    endloop
  endfacet
  facet normal 0.000000 -0.000000 1.000000
    outer loop
      vertex 35.6991 71.3307 0.0000
      vertex 35.7039 71.3962 0.0000
      vertex 35.6857 71.2663 0.0000
    endloop
  endfacet
  facet normal 0.000000 0.000000 -1.000000
    outer loop
      vertex 39.7696 55.6185 2.4000
      vertex 36.0391 57.5079 2.4000
      vertex 39.3456 56.8121 2.4000
    endloop
  endfacet
  facet normal 0.000000 0.000000 1.000000
    outer loop
      vertex 39.3456 56.8121 0.0000
      vertex 36.0391 57.5079 0.0000
      vertex 39.7696 55.6185 0.0000
    endloop
  endfacet
  facet normal 0.000000 0.000000 -1.000000
    outer loop
      vertex 36.0391 57.5079 2.4000
      vertex 39.2525 56.9719 2.4000
      vertex 39.3456 56.8121 2.4000
    endloop
  endfacet
  facet normal 0.000000 0.000000 1.000000
    outer loop
      vertex 39.3456 56.8121 0.0000
      vertex 39.2525 56.9719 0.0000
      vertex 36.0391 57.5079 0.0000
    endloop
  endfacet
  facet normal 0.000000 0.000000 -1.000000
    outer loop
      vertex 36.0391 57.5079 2.4000
      vertex 37.3145 58.0118 2.4000
      vertex 39.2525 56.9719 2.4000
    endloop
  endfacet
  facet normal 0.000000 0.000000 1.000000
    outer loop
      vertex 39.2525 56.9719 0.0000
      vertex 37.3145 58.0118 0.0000
      vertex 36.0391 57.5079 0.0000
    endloop
  endfacet
  facet normal 0.000000 0.000000 -1.000000
    outer loop
      vertex 37.3145 58.0118 2.4000
      vertex 38.6397 57.6800 2.4000
      vertex 39.2525 56.9719 2.4000
    endloop
  endfacet
  facet normal 0.000000 0.000000 1.000000
    outer loop
      vertex 39.2525 56.9719 0.0000
      vertex 38.6397 57.6800 0.0000
      vertex 37.3145 58.0118 0.0000
    endloop
  endfacet
  facet normal 0.000000 0.000000 -1.000000
    outer loop
      vertex 37.3145 58.0118 2.4000
      vertex 38.3847 57.8375 2.4000
      vertex 38.6397 57.6800 2.4000
    endloop
  endfacet
  facet normal 0.000000 0.000000 1.000000
    outer loop
      vertex 38.6397 57.6800 0.0000
      vertex 38.3847 57.8375 0.0000
      vertex 37.3145 58.0118 0.0000
    endloop
  endfacet
  facet normal 0.000000 0.000000 -1.000000
    outer loop
      vertex 37.3145 58.0118 2.4000
      vertex 37.6213 58.0314 2.4000
      vertex 38.3847 57.8375 2.4000
    endloop
  endfacet
  facet normal 0.000000 0.000000 1.000000
    outer loop
      vertex 38.3847 57.8375 0.0000
      vertex 37.6213 58.0314 0.0000
      vertex 37.3145 58.0118 0.0000
    endloop
  endfacet
  facet normal 0.000000 0.000000 -1.000000
    outer loop
      vertex 37.3145 58.0118 2.4000
      vertex 37.3739 58.0310 2.4000
      vertex 37.6213 58.0314 2.4000
    endloop
  endfacet
  facet normal 0.000000 0.000000 1.000000
    outer loop
      vertex 37.6213 58.0314 0.0000
      vertex 37.3739 58.0310 0.0000
      vertex 37.3145 58.0118 0.0000
    endloop
  endfacet
  facet normal 0.000000 0.000000 -1.000000
    outer loop
      vertex 37.3739 58.0310 2.4000
      vertex 37.4352 58.0428 2.4000
      vertex 37.6213 58.0314 2.4000
    endloop
  endfacet
  facet normal 0.000000 0.000000 1.000000
    outer loop
      vertex 37.6213 58.0314 0.0000
      vertex 37.4352 58.0428 0.0000
      vertex 37.3739 58.0310 0.0000
    endloop
  endfacet
  facet normal 0.000000 0.000000 -1.000000
    outer loop
      vertex 37.4352 58.0428 2.4000
      vertex 37.5599 58.0429 2.4000
      vertex 37.6213 58.0314 2.4000
    endloop
  endfacet
  facet normal 0.000000 0.000000 1.000000
    outer loop
      vertex 37.6213 58.0314 0.0000
      vertex 37.5599 58.0429 0.0000
      vertex 37.4352 58.0428 0.0000
    endloop
  endfacet
  facet normal 0.000000 0.000000 -1.000000
    outer loop
      vertex 37.4352 58.0428 2.4000
      vertex 37.4975 58.0467 2.4000
      vertex 37.5599 58.0429 2.4000
    endloop
  endfacet
  facet normal 0.000000 0.000000 1.000000
    outer loop
      vertex 37.5599 58.0429 0.0000
      vertex 37.4975 58.0467 0.0000
      vertex 37.4352 58.0428 0.0000
    endloop
  endfacet
  facet normal 0.000000 0.000000 -1.000000
    outer loop
      vertex 38.3847 57.8375 2.4000
      vertex 38.5972 57.7235 2.4000
      vertex 38.6397 57.6800 2.4000
    endloop
  endfacet
  facet normal 0.000000 0.000000 1.000000
    outer loop
      vertex 38.6397 57.6800 0.0000
      vertex 38.5972 57.7235 0.0000
      vertex 38.3847 57.8375 0.0000
    endloop
  endfacet
  facet normal 0.000000 0.000000 -1.000000
    outer loop
      vertex 38.3847 57.8375 2.4000
      vertex 38.4979 57.7935 2.4000
      vertex 38.5972 57.7235 2.4000
    endloop
  endfacet
  facet normal 0.000000 0.000000 1.000000
    outer loop
      vertex 38.5972 57.7235 0.0000
      vertex 38.4979 57.7935 0.0000
      vertex 38.3847 57.8375 0.0000
    endloop
  endfacet
  facet normal 0.000000 0.000000 -1.000000
    outer loop
      vertex 38.3847 57.8375 2.4000
      vertex 38.4427 57.8189 2.4000
      vertex 38.4979 57.7935 2.4000
    endloop
  endfacet
  facet normal 0.000000 0.000000 1.000000
    outer loop
      vertex 38.4979 57.7935 0.0000
      vertex 38.4427 57.8189 0.0000
      vertex 38.3847 57.8375 0.0000
    endloop
  endfacet
  facet normal 0.000000 0.000000 -1.000000
    outer loop
      vertex 38.4979 57.7935 2.4000
      vertex 38.5497 57.7615 2.4000
      vertex 38.5972 57.7235 2.4000
    endloop
  endfacet
  facet normal 0.000000 0.000000 1.000000
    outer loop
      vertex 38.5972 57.7235 0.0000
      vertex 38.5497 57.7615 0.0000
      vertex 38.4979 57.7935 0.0000
    endloop
  endfacet
  facet normal 0.000000 0.000000 -1.000000
    outer loop
      vertex 39.2525 56.9719 2.4000
      vertex 39.3212 56.8691 2.4000
      vertex 39.3456 56.8121 2.4000
    endloop
  endfacet
  facet normal 0.000000 0.000000 1.000000
    outer loop
      vertex 39.3456 56.8121 0.0000
      vertex 39.3212 56.8691 0.0000
      vertex 39.2525 56.9719 0.0000
    endloop
  endfacet
  facet normal 0.000000 0.000000 -1.000000
    outer loop
      vertex 39.2525 56.9719 2.4000
      vertex 39.2901 56.9227 2.4000
      vertex 39.3212 56.8691 2.4000
    endloop
  endfacet
  facet normal 0.000000 0.000000 1.000000
    outer loop
      vertex 39.3212 56.8691 0.0000
      vertex 39.2901 56.9227 0.0000
      vertex 39.2525 56.9719 0.0000
    endloop
  endfacet
  facet normal 0.000000 0.000000 -1.000000
    outer loop
      vertex 34.7290 57.0369 2.4000
      vertex 34.7211 50.9656 2.4000
      vertex 34.7211 57.0344 2.4000
    endloop
  endfacet
  facet normal -0.000000 0.000000 1.000000
    outer loop
      vertex 34.7211 57.0344 0.0000
      vertex 34.7211 50.9656 0.0000
      vertex 34.7290 57.0369 0.0000
    endloop
  endfacet
  facet normal 0.000000 0.000000 -1.000000
    outer loop
      vertex 34.7290 57.0369 2.4000
      vertex 34.7290 50.9631 2.4000
      vertex 34.7211 50.9656 2.4000
    endloop
  endfacet
  facet normal -0.000000 0.000000 1.000000
    outer loop
      vertex 34.7211 50.9656 0.0000
      vertex 34.7290 50.9631 0.0000
      vertex 34.7290 57.0369 0.0000
    endloop
  endfacet
  facet normal 0.000000 -0.000000 -1.000000
    outer loop
      vertex 34.7290 57.0369 2.4000
      vertex 39.9443 53.9491 2.4000
      vertex 34.7290 50.9631 2.4000
    endloop
  endfacet
  facet normal 0.000000 0.000000 1.000000
    outer loop
      vertex 34.7290 50.9631 0.0000
      vertex 39.9443 53.9491 0.0000
      vertex 34.7290 57.0369 0.0000
    endloop
  endfacet
  facet normal 0.000000 0.000000 -1.000000
    outer loop
      vertex 39.9443 53.9491 2.4000
      vertex 36.0315 50.4950 2.4000
      vertex 34.7290 50.9631 2.4000
    endloop
  endfacet
  facet normal -0.000000 0.000000 1.000000
    outer loop
      vertex 34.7290 50.9631 0.0000
      vertex 36.0315 50.4950 0.0000
      vertex 39.9443 53.9491 0.0000
    endloop
  endfacet
  facet normal 0.000000 0.000000 -1.000000
    outer loop
      vertex 39.9443 53.9491 2.4000
      vertex 39.7959 52.4980 2.4000
      vertex 36.0315 50.4950 2.4000
    endloop
  endfacet
  facet normal 0.000000 0.000000 1.000000
    outer loop
      vertex 36.0315 50.4950 0.0000
      vertex 39.7959 52.4980 0.0000
      vertex 39.9443 53.9491 0.0000
    endloop
  endfacet
  facet normal 0.000000 0.000000 -1.000000
    outer loop
      vertex 39.7959 52.4980 2.4000
      vertex 36.0362 50.4932 2.4000
      vertex 36.0315 50.4950 2.4000
    endloop
  endfacet
  facet normal -0.000000 0.000000 1.000000
    outer loop
      vertex 36.0315 50.4950 0.0000
      vertex 36.0362 50.4932 0.0000
      vertex 39.7959 52.4980 0.0000
    endloop
  endfacet
  facet normal 0.000000 0.000000 -1.000000
    outer loop
      vertex 39.7959 52.4980 2.4000
      vertex 36.0386 50.4923 2.4000
      vertex 36.0362 50.4932 2.4000
    endloop
  endfacet
  facet normal -0.000000 0.000000 1.000000
    outer loop
      vertex 36.0362 50.4932 0.0000
      vertex 36.0386 50.4923 0.0000
      vertex 39.7959 52.4980 0.0000
    endloop
  endfacet
  facet normal 0.000000 0.000000 -1.000000
    outer loop
      vertex 39.7959 52.4980 2.4000
      vertex 39.7696 52.3815 2.4000
      vertex 36.0386 50.4923 2.4000
    endloop
  endfacet
  facet normal 0.000000 0.000000 1.000000
    outer loop
      vertex 36.0386 50.4923 0.0000
      vertex 39.7696 52.3815 0.0000
      vertex 39.7959 52.4980 0.0000
    endloop
  endfacet
  facet normal 0.000000 0.000000 -1.000000
    outer loop
      vertex 39.7959 52.4980 2.4000
      vertex 39.7862 52.4389 2.4000
      vertex 39.7696 52.3815 2.4000
    endloop
  endfacet
  facet normal 0.000000 0.000000 1.000000
    outer loop
      vertex 39.7696 52.3815 0.0000
      vertex 39.7862 52.4389 0.0000
      vertex 39.7959 52.4980 0.0000
    endloop
  endfacet
  facet normal 0.000000 0.000000 -1.000000
    outer loop
      vertex 35.7408 36.2844 2.4000
      vertex 35.7567 36.4139 2.4000
      vertex 35.7530 36.3486 2.4000
    endloop
  endfacet
  facet normal 0.000000 -0.000000 1.000000
    outer loop
      vertex 35.7530 36.3486 0.0000
      vertex 35.7567 36.4139 0.0000
      vertex 35.7408 36.2844 0.0000
    endloop
  endfacet
  facet normal 0.000000 0.000000 -1.000000
    outer loop
      vertex 35.7408 36.2844 2.4000
      vertex 35.7386 36.5432 2.4000
      vertex 35.7567 36.4139 2.4000
    endloop
  endfacet
  facet normal 0.000000 0.000000 1.000000
    outer loop
      vertex 35.7567 36.4139 0.0000
      vertex 35.7386 36.5432 0.0000
      vertex 35.7408 36.2844 0.0000
    endloop
  endfacet
  facet normal 0.000000 0.000000 -1.000000
    outer loop
      vertex 35.7386 36.5432 2.4000
      vertex 35.7519 36.4791 2.4000
      vertex 35.7567 36.4139 2.4000
    endloop
  endfacet
  facet normal 0.000000 0.000000 1.000000
    outer loop
      vertex 35.7567 36.4139 0.0000
      vertex 35.7519 36.4791 0.0000
      vertex 35.7386 36.5432 0.0000
    endloop
  endfacet
  facet normal -0.000000 0.000000 -1.000000
    outer loop
      vertex 34.3467 42.0861 2.4000
      vertex 21.9846 38.6170 2.4000
      vertex 34.3462 42.0890 2.4000
    endloop
  endfacet
  facet normal 0.000000 0.000000 1.000000
    outer loop
      vertex 34.3462 42.0890 0.0000
      vertex 21.9846 38.6170 0.0000
      vertex 34.3467 42.0861 0.0000
    endloop
  endfacet
  facet normal 0.000000 0.000000 -1.000000
    outer loop
      vertex 21.9846 38.6170 2.4000
      vertex 21.9782 38.6335 2.4000
      vertex 34.3462 42.0890 2.4000
    endloop
  endfacet
  facet normal 0.000000 0.000000 1.000000
    outer loop
      vertex 34.3462 42.0890 0.0000
      vertex 21.9782 38.6335 0.0000
      vertex 21.9846 38.6170 0.0000
    endloop
  endfacet
  facet normal 0.000000 -0.000000 -1.000000
    outer loop
      vertex 21.6964 35.9720 2.4000
      vertex 23.0736 33.7317 2.4000
      vertex 21.6909 35.9574 2.4000
    endloop
  endfacet
  facet normal -0.000000 0.000000 1.000000
    outer loop
      vertex 21.6909 35.9574 0.0000
      vertex 23.0736 33.7317 0.0000
      vertex 21.6964 35.9720 0.0000
    endloop
  endfacet
  facet normal 0.000000 0.000000 -1.000000
    outer loop
      vertex 23.0736 33.7317 2.4000
      vertex 21.9502 33.9774 2.4000
      vertex 21.6909 35.9574 2.4000
    endloop
  endfacet
  facet normal 0.000000 0.000000 1.000000
    outer loop
      vertex 21.6909 35.9574 0.0000
      vertex 21.9502 33.9774 0.0000
      vertex 23.0736 33.7317 0.0000
    endloop
  endfacet
  facet normal 0.000000 0.000000 -1.000000
    outer loop
      vertex 12.9264 33.7317 2.4000
      vertex 14.3091 35.9574 2.4000
      vertex 14.0498 33.9774 2.4000
    endloop
  endfacet
  facet normal 0.000000 -0.000000 1.000000
    outer loop
      vertex 14.0498 33.9774 0.0000
      vertex 14.3091 35.9574 0.0000
      vertex 12.9264 33.7317 0.0000
    endloop
  endfacet
  facet normal 0.000000 0.000000 -1.000000
    outer loop
      vertex 12.9264 33.7317 2.4000
      vertex 14.3036 35.9720 2.4000
      vertex 14.3091 35.9574 2.4000
    endloop
  endfacet
  facet normal 0.000000 0.000000 1.000000
    outer loop
      vertex 14.3091 35.9574 0.0000
      vertex 14.3036 35.9720 0.0000
      vertex 12.9264 33.7317 0.0000
    endloop
  endfacet
  facet normal 0.000000 -0.000000 -1.000000
    outer loop
      vertex 14.3091 35.9574 2.4000
      vertex 14.6664 34.9630 2.4000
      vertex 14.0498 33.9774 2.4000
    endloop
  endfacet
  facet normal 0.000000 0.000000 1.000000
    outer loop
      vertex 14.0498 33.9774 0.0000
      vertex 14.6664 34.9630 0.0000
      vertex 14.3091 35.9574 0.0000
    endloop
  endfacet
  facet normal 0.000000 0.000000 -1.000000
    outer loop
      vertex 17.9835 40.1488 2.4000
      vertex 33.5210 59.1020 2.4000
      vertex 17.9903 40.1494 2.4000
    endloop
  endfacet
  facet normal 0.000000 -0.000000 1.000000
    outer loop
      vertex 17.9903 40.1494 0.0000
      vertex 33.5210 59.1020 0.0000
      vertex 17.9835 40.1488 0.0000
    endloop
  endfacet
  facet normal 0.000000 -0.000000 -1.000000
    outer loop
      vertex 33.5210 59.1020 2.4000
      vertex 33.5225 59.0941 2.4000
      vertex 17.9903 40.1494 2.4000
    endloop
  endfacet
  facet normal 0.000000 0.000000 1.000000
    outer loop
      vertex 17.9903 40.1494 0.0000
      vertex 33.5225 59.0941 0.0000
      vertex 33.5210 59.1020 0.0000
    endloop
  endfacet
  facet normal 0.000000 0.000000 -1.000000
    outer loop
      vertex 33.5225 59.0941 2.4000
      vertex 18.0097 40.1494 2.4000
      vertex 17.9903 40.1494 2.4000
    endloop
  endfacet
  facet normal 0.000000 0.000000 1.000000
    outer loop
      vertex 17.9903 40.1494 0.0000
      vertex 18.0097 40.1494 0.0000
      vertex 33.5225 59.0941 0.0000
    endloop
  endfacet
  facet normal 0.000000 -0.000000 -1.000000
    outer loop
      vertex 33.5225 59.0941 2.4000
      vertex 33.8268 57.7024 2.4000
      vertex 18.0097 40.1494 2.4000
    endloop
  endfacet
  facet normal 0.000000 0.000000 1.000000
    outer loop
      vertex 18.0097 40.1494 0.0000
      vertex 33.8268 57.7024 0.0000
      vertex 33.5225 59.0941 0.0000
    endloop
  endfacet
  facet normal 0.000000 0.000000 -1.000000
    outer loop
      vertex 33.8268 57.7024 2.4000
      vertex 18.0165 40.1488 2.4000
      vertex 18.0097 40.1494 2.4000
    endloop
  endfacet
  facet normal -0.000000 0.000000 1.000000
    outer loop
      vertex 18.0097 40.1494 0.0000
      vertex 18.0165 40.1488 0.0000
      vertex 33.8268 57.7024 0.0000
    endloop
  endfacet
  facet normal 0.000000 -0.000000 -1.000000
    outer loop
      vertex 33.8268 57.7024 2.4000
      vertex 33.8291 57.6934 2.4000
      vertex 18.0165 40.1488 2.4000
    endloop
  endfacet
  facet normal 0.000000 0.000000 1.000000
    outer loop
      vertex 18.0165 40.1488 0.0000
      vertex 33.8291 57.6934 0.0000
      vertex 33.8268 57.7024 0.0000
    endloop
  endfacet
  facet normal -0.000000 -0.000000 -1.000000
    outer loop
      vertex 33.8723 57.6307 2.4000
      vertex 33.8723 50.3693 2.4000
      vertex 33.8651 57.6366 2.4000
    endloop
  endfacet
  facet normal 0.000000 0.000000 1.000000
    outer loop
      vertex 33.8651 57.6366 0.0000
      vertex 33.8723 50.3693 0.0000
      vertex 33.8723 57.6307 0.0000
    endloop
  endfacet
  facet normal 0.000000 0.000000 -1.000000
    outer loop
      vertex 33.8723 57.6307 2.4000
      vertex 34.6206 50.9460 2.4000
      vertex 33.8723 50.3693 2.4000
    endloop
  endfacet
  facet normal 0.000000 -0.000000 1.000000
    outer loop
      vertex 33.8723 50.3693 0.0000
      vertex 34.6206 50.9460 0.0000
      vertex 33.8723 57.6307 0.0000
    endloop
  endfacet
  facet normal 0.000000 0.000000 -1.000000
    outer loop
      vertex 33.8723 57.6307 2.4000
      vertex 34.6206 57.0540 2.4000
      vertex 34.6206 50.9460 2.4000
    endloop
  endfacet
  facet normal 0.000000 -0.000000 1.000000
    outer loop
      vertex 34.6206 50.9460 0.0000
      vertex 34.6206 57.0540 0.0000
      vertex 33.8723 57.6307 0.0000
    endloop
  endfacet
  facet normal 0.000000 -0.000000 -1.000000
    outer loop
      vertex 34.6206 57.0540 2.4000
      vertex 34.6273 50.9509 2.4000
      vertex 34.6206 50.9460 2.4000
    endloop
  endfacet
  facet normal 0.000000 0.000000 1.000000
    outer loop
      vertex 34.6206 50.9460 0.0000
      vertex 34.6273 50.9509 0.0000
      vertex 34.6206 57.0540 0.0000
    endloop
  endfacet
  facet normal 0.000000 0.000000 -1.000000
    outer loop
      vertex 34.6206 57.0540 2.4000
      vertex 34.6273 57.0491 2.4000
      vertex 34.6273 50.9509 2.4000
    endloop
  endfacet
  facet normal 0.000000 0.000000 1.000000
    outer loop
      vertex 34.6273 50.9509 0.0000
      vertex 34.6273 57.0491 0.0000
      vertex 34.6206 57.0540 0.0000
    endloop
  endfacet
  facet normal 0.000000 0.000000 -1.000000
    outer loop
      vertex 34.7211 57.0344 2.4000
      vertex 34.7211 50.9656 2.4000
      vertex 34.7033 57.0304 2.4000
    endloop
  endfacet
  facet normal -0.000000 0.000000 1.000000
    outer loop
      vertex 34.7033 57.0304 0.0000
      vertex 34.7211 50.9656 0.0000
      vertex 34.7211 57.0344 0.0000
    endloop
  endfacet
  facet normal 0.000000 0.000000 -1.000000
    outer loop
      vertex 34.7211 50.9656 2.4000
      vertex 34.7033 50.9696 2.4000
      vertex 34.7033 57.0304 2.4000
    endloop
  endfacet
  facet normal 0.000000 0.000000 1.000000
    outer loop
      vertex 34.7033 57.0304 0.0000
      vertex 34.7033 50.9696 0.0000
      vertex 34.7211 50.9656 0.0000
    endloop
  endfacet
  facet normal 0.000000 0.000000 -1.000000
    outer loop
      vertex 36.0386 50.4923 2.4000
      vertex 39.2525 51.0281 2.4000
      vertex 37.3145 49.9882 2.4000
    endloop
  endfacet
  facet normal 0.000000 -0.000000 1.000000
    outer loop
      vertex 37.3145 49.9882 0.0000
      vertex 39.2525 51.0281 0.0000
      vertex 36.0386 50.4923 0.0000
    endloop
  endfacet
  facet normal 0.000000 0.000000 -1.000000
    outer loop
      vertex 36.0386 50.4923 2.4000
      vertex 39.3456 51.1879 2.4000
      vertex 39.2525 51.0281 2.4000
    endloop
  endfacet
  facet normal 0.000000 -0.000000 1.000000
    outer loop
      vertex 39.2525 51.0281 0.0000
      vertex 39.3456 51.1879 0.0000
      vertex 36.0386 50.4923 0.0000
    endloop
  endfacet
  facet normal 0.000000 0.000000 -1.000000
    outer loop
      vertex 36.0386 50.4923 2.4000
      vertex 39.7696 52.3815 2.4000
      vertex 39.3456 51.1879 2.4000
    endloop
  endfacet
  facet normal 0.000000 -0.000000 1.000000
    outer loop
      vertex 39.3456 51.1879 0.0000
      vertex 39.7696 52.3815 0.0000
      vertex 36.0386 50.4923 0.0000
    endloop
  endfacet
  facet normal 0.000000 0.000000 -1.000000
    outer loop
      vertex 39.2525 51.0281 2.4000
      vertex 39.3212 51.1309 2.4000
      vertex 39.2901 51.0773 2.4000
    endloop
  endfacet
  facet normal 0.000000 -0.000000 1.000000
    outer loop
      vertex 39.2901 51.0773 0.0000
      vertex 39.3212 51.1309 0.0000
      vertex 39.2525 51.0281 0.0000
    endloop
  endfacet
  facet normal 0.000000 0.000000 -1.000000
    outer loop
      vertex 39.2525 51.0281 2.4000
      vertex 39.3456 51.1879 2.4000
      vertex 39.3212 51.1309 2.4000
    endloop
  endfacet
  facet normal 0.000000 -0.000000 1.000000
    outer loop
      vertex 39.3212 51.1309 0.0000
      vertex 39.3456 51.1879 0.0000
      vertex 39.2525 51.0281 0.0000
    endloop
  endfacet
  facet normal 0.000000 0.000000 -1.000000
    outer loop
      vertex 39.2525 51.0281 2.4000
      vertex 38.6397 50.3200 2.4000
      vertex 37.3145 49.9882 2.4000
    endloop
  endfacet
  facet normal 0.000000 0.000000 1.000000
    outer loop
      vertex 37.3145 49.9882 0.0000
      vertex 38.6397 50.3200 0.0000
      vertex 39.2525 51.0281 0.0000
    endloop
  endfacet
  facet normal 0.000000 0.000000 -1.000000
    outer loop
      vertex 38.6397 50.3200 2.4000
      vertex 38.3847 50.1625 2.4000
      vertex 37.3145 49.9882 2.4000
    endloop
  endfacet
  facet normal 0.000000 0.000000 1.000000
    outer loop
      vertex 37.3145 49.9882 0.0000
      vertex 38.3847 50.1625 0.0000
      vertex 38.6397 50.3200 0.0000
    endloop
  endfacet
  facet normal 0.000000 0.000000 -1.000000
    outer loop
      vertex 38.6397 50.3200 2.4000
      vertex 38.4427 50.1811 2.4000
      vertex 38.3847 50.1625 2.4000
    endloop
  endfacet
  facet normal 0.000000 0.000000 1.000000
    outer loop
      vertex 38.3847 50.1625 0.0000
      vertex 38.4427 50.1811 0.0000
      vertex 38.6397 50.3200 0.0000
    endloop
  endfacet
  facet normal 0.000000 0.000000 -1.000000
    outer loop
      vertex 38.6397 50.3200 2.4000
      vertex 38.5497 50.2385 2.4000
      vertex 38.4427 50.1811 2.4000
    endloop
  endfacet
  facet normal 0.000000 0.000000 1.000000
    outer loop
      vertex 38.4427 50.1811 0.0000
      vertex 38.5497 50.2385 0.0000
      vertex 38.6397 50.3200 0.0000
    endloop
  endfacet
  facet normal 0.000000 0.000000 -1.000000
    outer loop
      vertex 38.6397 50.3200 2.4000
      vertex 38.5972 50.2765 2.4000
      vertex 38.5497 50.2385 2.4000
    endloop
  endfacet
  facet normal 0.000000 0.000000 1.000000
    outer loop
      vertex 38.5497 50.2385 0.0000
      vertex 38.5972 50.2765 0.0000
      vertex 38.6397 50.3200 0.0000
    endloop
  endfacet
  facet normal 0.000000 0.000000 -1.000000
    outer loop
      vertex 38.5497 50.2385 2.4000
      vertex 38.4979 50.2065 2.4000
      vertex 38.4427 50.1811 2.4000
    endloop
  endfacet
  facet normal 0.000000 0.000000 1.000000
    outer loop
      vertex 38.4427 50.1811 0.0000
      vertex 38.4979 50.2065 0.0000
      vertex 38.5497 50.2385 0.0000
    endloop
  endfacet
  facet normal -0.000000 0.000000 -1.000000
    outer loop
      vertex 34.3462 42.0890 2.4000
      vertex 21.9725 38.6441 2.4000
      vertex 33.8775 44.5275 2.4000
    endloop
  endfacet
  facet normal 0.000000 0.000000 1.000000
    outer loop
      vertex 33.8775 44.5275 0.0000
      vertex 21.9725 38.6441 0.0000
      vertex 34.3462 42.0890 0.0000
    endloop
  endfacet
  facet normal 0.000000 0.000000 -1.000000
    outer loop
      vertex 34.3462 42.0890 2.4000
      vertex 21.9782 38.6335 2.4000
      vertex 21.9725 38.6441 2.4000
    endloop
  endfacet
  facet normal -0.000000 0.000000 1.000000
    outer loop
      vertex 21.9725 38.6441 0.0000
      vertex 21.9782 38.6335 0.0000
      vertex 34.3462 42.0890 0.0000
    endloop
  endfacet
  facet normal 0.000000 0.000000 -1.000000
    outer loop
      vertex 21.9536 38.6671 2.4000
      vertex 33.8775 44.5275 2.4000
      vertex 21.9655 38.6540 2.4000
    endloop
  endfacet
  facet normal 0.000000 -0.000000 1.000000
    outer loop
      vertex 21.9655 38.6540 0.0000
      vertex 33.8775 44.5275 0.0000
      vertex 21.9536 38.6671 0.0000
    endloop
  endfacet
  facet normal 0.000000 0.000000 -1.000000
    outer loop
      vertex 21.9536 38.6671 2.4000
      vertex 33.8763 44.5340 2.4000
      vertex 33.8775 44.5275 2.4000
    endloop
  endfacet
  facet normal 0.000000 0.000000 1.000000
    outer loop
      vertex 33.8775 44.5275 0.0000
      vertex 33.8763 44.5340 0.0000
      vertex 21.9536 38.6671 0.0000
    endloop
  endfacet
  facet normal 0.000000 0.000000 -1.000000
    outer loop
      vertex 21.9536 38.6671 2.4000
      vertex 33.8754 44.5406 2.4000
      vertex 33.8763 44.5340 2.4000
    endloop
  endfacet
  facet normal 0.000000 0.000000 1.000000
    outer loop
      vertex 33.8763 44.5340 0.0000
      vertex 33.8754 44.5406 0.0000
      vertex 21.9536 38.6671 0.0000
    endloop
  endfacet
  facet normal 0.000000 0.000000 -1.000000
    outer loop
      vertex 21.9536 38.6671 2.4000
      vertex 21.9477 38.6726 2.4000
      vertex 33.8754 44.5406 2.4000
    endloop
  endfacet
  facet normal 0.000000 0.000000 1.000000
    outer loop
      vertex 33.8754 44.5406 0.0000
      vertex 21.9477 38.6726 0.0000
      vertex 21.9536 38.6671 0.0000
    endloop
  endfacet
  facet normal 0.000000 0.000000 -1.000000
    outer loop
      vertex 21.9477 38.6726 2.4000
      vertex 21.0233 39.4725 2.4000
      vertex 33.8754 44.5406 2.4000
    endloop
  endfacet
  facet normal 0.000000 0.000000 1.000000
    outer loop
      vertex 33.8754 44.5406 0.0000
      vertex 21.0233 39.4725 0.0000
      vertex 21.9477 38.6726 0.0000
    endloop
  endfacet
  facet normal 0.000000 0.000000 -1.000000
    outer loop
      vertex 21.0233 39.4725 2.4000
      vertex 33.5689 46.8667 2.4000
      vertex 33.8754 44.5406 2.4000
    endloop
  endfacet
  facet normal 0.000000 0.000000 1.000000
    outer loop
      vertex 33.8754 44.5406 0.0000
      vertex 33.5689 46.8667 0.0000
      vertex 21.0233 39.4725 0.0000
    endloop
  endfacet
  facet normal 0.000000 0.000000 -1.000000
    outer loop
      vertex 21.0233 39.4725 2.4000
      vertex 21.0169 39.4777 2.4000
      vertex 33.5689 46.8667 2.4000
    endloop
  endfacet
  facet normal 0.000000 0.000000 1.000000
    outer loop
      vertex 33.5689 46.8667 0.0000
      vertex 21.0169 39.4777 0.0000
      vertex 21.0233 39.4725 0.0000
    endloop
  endfacet
  facet normal 0.000000 0.000000 -1.000000
    outer loop
      vertex 20.9782 39.4988 2.4000
      vertex 33.5188 48.8673 2.4000
      vertex 20.9859 39.4958 2.4000
    endloop
  endfacet
  facet normal 0.000000 -0.000000 1.000000
    outer loop
      vertex 20.9859 39.4958 0.0000
      vertex 33.5188 48.8673 0.0000
      vertex 20.9782 39.4988 0.0000
    endloop
  endfacet
  facet normal 0.000000 0.000000 -1.000000
    outer loop
      vertex 20.9782 39.4988 2.4000
      vertex 33.5189 48.8752 2.4000
      vertex 33.5188 48.8673 2.4000
    endloop
  endfacet
  facet normal 0.000000 -0.000000 1.000000
    outer loop
      vertex 33.5188 48.8673 0.0000
      vertex 33.5189 48.8752 0.0000
      vertex 20.9782 39.4988 0.0000
    endloop
  endfacet
  facet normal 0.000000 0.000000 -1.000000
    outer loop
      vertex 20.9782 39.4988 2.4000
      vertex 19.6245 39.9797 2.4000
      vertex 33.5189 48.8752 2.4000
    endloop
  endfacet
  facet normal 0.000000 0.000000 1.000000
    outer loop
      vertex 33.5189 48.8752 0.0000
      vertex 19.6245 39.9797 0.0000
      vertex 20.9782 39.4988 0.0000
    endloop
  endfacet
  facet normal 0.000000 0.000000 -1.000000
    outer loop
      vertex 19.6245 39.9797 2.4000
      vertex 33.5210 48.8980 2.4000
      vertex 33.5189 48.8752 2.4000
    endloop
  endfacet
  facet normal 0.000000 -0.000000 1.000000
    outer loop
      vertex 33.5189 48.8752 0.0000
      vertex 33.5210 48.8980 0.0000
      vertex 19.6245 39.9797 0.0000
    endloop
  endfacet
  facet normal 0.000000 0.000000 -1.000000
    outer loop
      vertex 19.6245 39.9797 2.4000
      vertex 19.6169 39.9822 2.4000
      vertex 33.5210 48.8980 2.4000
    endloop
  endfacet
  facet normal 0.000000 0.000000 1.000000
    outer loop
      vertex 33.5210 48.8980 0.0000
      vertex 19.6169 39.9822 0.0000
      vertex 19.6245 39.9797 0.0000
    endloop
  endfacet
  facet normal 0.000000 0.000000 -1.000000
    outer loop
      vertex 19.5867 39.9882 2.4000
      vertex 33.8268 50.2976 2.4000
      vertex 19.5946 39.9872 2.4000
    endloop
  endfacet
  facet normal 0.000000 -0.000000 1.000000
    outer loop
      vertex 19.5946 39.9872 0.0000
      vertex 33.8268 50.2976 0.0000
      vertex 19.5867 39.9882 0.0000
    endloop
  endfacet
  facet normal 0.000000 0.000000 -1.000000
    outer loop
      vertex 19.5867 39.9882 2.4000
      vertex 33.8291 50.3066 2.4000
      vertex 33.8268 50.2976 2.4000
    endloop
  endfacet
  facet normal 0.000000 -0.000000 1.000000
    outer loop
      vertex 33.8268 50.2976 0.0000
      vertex 33.8291 50.3066 0.0000
      vertex 19.5867 39.9882 0.0000
    endloop
  endfacet
  facet normal 0.000000 0.000000 -1.000000
    outer loop
      vertex 19.5867 39.9882 2.4000
      vertex 33.8291 57.6934 2.4000
      vertex 33.8291 50.3066 2.4000
    endloop
  endfacet
  facet normal 0.000000 -0.000000 1.000000
    outer loop
      vertex 33.8291 50.3066 0.0000
      vertex 33.8291 57.6934 0.0000
      vertex 19.5867 39.9882 0.0000
    endloop
  endfacet
  facet normal 0.000000 0.000000 -1.000000
    outer loop
      vertex 19.5867 39.9882 2.4000
      vertex 18.0165 40.1488 2.4000
      vertex 33.8291 57.6934 2.4000
    endloop
  endfacet
  facet normal 0.000000 0.000000 1.000000
    outer loop
      vertex 33.8291 57.6934 0.0000
      vertex 18.0165 40.1488 0.0000
      vertex 19.5867 39.9882 0.0000
    endloop
  endfacet
  facet normal 0.000000 -0.000000 -1.000000
    outer loop
      vertex 21.6909 35.9574 2.4000
      vertex 21.9502 33.9774 2.4000
      vertex 21.3336 34.9630 2.4000
    endloop
  endfacet
  facet normal -0.000000 0.000000 1.000000
    outer loop
      vertex 21.3336 34.9630 0.0000
      vertex 21.9502 33.9774 0.0000
      vertex 21.6909 35.9574 0.0000
    endloop
  endfacet
  facet normal 0.000000 0.000000 -1.000000
    outer loop
      vertex 21.9502 33.9774 2.4000
      vertex 21.6609 34.1606 2.4000
      vertex 21.3336 34.9630 2.4000
    endloop
  endfacet
  facet normal 0.000000 0.000000 1.000000
    outer loop
      vertex 21.3336 34.9630 0.0000
      vertex 21.6609 34.1606 0.0000
      vertex 21.9502 33.9774 0.0000
    endloop
  endfacet
  facet normal 0.000000 0.000000 -1.000000
    outer loop
      vertex 21.9502 33.9774 2.4000
      vertex 21.8831 33.9970 2.4000
      vertex 21.6609 34.1606 2.4000
    endloop
  endfacet
  facet normal 0.000000 0.000000 1.000000
    outer loop
      vertex 21.6609 34.1606 0.0000
      vertex 21.8831 33.9970 0.0000
      vertex 21.9502 33.9774 0.0000
    endloop
  endfacet
  facet normal 0.000000 0.000000 -1.000000
    outer loop
      vertex 14.0498 33.9774 2.4000
      vertex 14.3391 34.1606 2.4000
      vertex 14.1169 33.9970 2.4000
    endloop
  endfacet
  facet normal 0.000000 -0.000000 1.000000
    outer loop
      vertex 14.1169 33.9970 0.0000
      vertex 14.3391 34.1606 0.0000
      vertex 14.0498 33.9774 0.0000
    endloop
  endfacet
  facet normal 0.000000 0.000000 -1.000000
    outer loop
      vertex 14.0498 33.9774 2.4000
      vertex 14.6664 34.9630 2.4000
      vertex 14.3391 34.1606 2.4000
    endloop
  endfacet
  facet normal 0.000000 -0.000000 1.000000
    outer loop
      vertex 14.3391 34.1606 0.0000
      vertex 14.6664 34.9630 0.0000
      vertex 14.0498 33.9774 0.0000
    endloop
  endfacet
  facet normal 0.000000 0.000000 -1.000000
    outer loop
      vertex 14.6664 34.9630 2.4000
      vertex 14.5919 34.4887 2.4000
      vertex 14.3391 34.1606 2.4000
    endloop
  endfacet
  facet normal 0.000000 0.000000 1.000000
    outer loop
      vertex 14.3391 34.1606 0.0000
      vertex 14.5919 34.4887 0.0000
      vertex 14.6664 34.9630 0.0000
    endloop
  endfacet
  facet normal 0.000000 -0.000000 -1.000000
    outer loop
      vertex 14.6664 34.9630 2.4000
      vertex 14.6839 34.9030 2.4000
      vertex 14.5919 34.4887 2.4000
    endloop
  endfacet
  facet normal 0.000000 0.000000 1.000000
    outer loop
      vertex 14.5919 34.4887 0.0000
      vertex 14.6839 34.9030 0.0000
      vertex 14.6664 34.9630 0.0000
    endloop
  endfacet
  facet normal 0.000000 -0.000000 -1.000000
    outer loop
      vertex 21.3336 34.9630 2.4000
      vertex 21.4081 34.4887 2.4000
      vertex 21.3161 34.9030 2.4000
    endloop
  endfacet
  facet normal -0.000000 0.000000 1.000000
    outer loop
      vertex 21.3161 34.9030 0.0000
      vertex 21.4081 34.4887 0.0000
      vertex 21.3336 34.9630 0.0000
    endloop
  endfacet
  facet normal 0.000000 0.000000 -1.000000
    outer loop
      vertex 21.3336 34.9630 2.4000
      vertex 21.6609 34.1606 2.4000
      vertex 21.4081 34.4887 2.4000
    endloop
  endfacet
  facet normal -0.000000 -0.000000 1.000000
    outer loop
      vertex 21.4081 34.4887 0.0000
      vertex 21.6609 34.1606 0.0000
      vertex 21.3336 34.9630 0.0000
    endloop
  endfacet
  facet normal 0.000000 0.000000 -1.000000
    outer loop
      vertex 21.6609 34.1606 2.4000
      vertex 21.7605 34.0632 2.4000
      vertex 21.7073 34.1084 2.4000
    endloop
  endfacet
  facet normal -0.000000 -0.000000 1.000000
    outer loop
      vertex 21.7073 34.1084 0.0000
      vertex 21.7605 34.0632 0.0000
      vertex 21.6609 34.1606 0.0000
    endloop
  endfacet
  facet normal 0.000000 0.000000 -1.000000
    outer loop
      vertex 21.6609 34.1606 2.4000
      vertex 21.8831 33.9970 2.4000
      vertex 21.7605 34.0632 2.4000
    endloop
  endfacet
  facet normal -0.000000 -0.000000 1.000000
    outer loop
      vertex 21.7605 34.0632 0.0000
      vertex 21.8831 33.9970 0.0000
      vertex 21.6609 34.1606 0.0000
    endloop
  endfacet
  facet normal 0.000000 0.000000 -1.000000
    outer loop
      vertex 21.8831 33.9970 2.4000
      vertex 21.8195 34.0258 2.4000
      vertex 21.7605 34.0632 2.4000
    endloop
  endfacet
  facet normal 0.000000 0.000000 1.000000
    outer loop
      vertex 21.7605 34.0632 0.0000
      vertex 21.8195 34.0258 0.0000
      vertex 21.8831 33.9970 0.0000
    endloop
  endfacet
  facet normal 0.000000 0.000000 -1.000000
    outer loop
      vertex 14.1169 33.9970 2.4000
      vertex 14.2927 34.1084 2.4000
      vertex 14.1805 34.0258 2.4000
    endloop
  endfacet
  facet normal 0.000000 -0.000000 1.000000
    outer loop
      vertex 14.1805 34.0258 0.0000
      vertex 14.2927 34.1084 0.0000
      vertex 14.1169 33.9970 0.0000
    endloop
  endfacet
  facet normal 0.000000 0.000000 -1.000000
    outer loop
      vertex 14.1169 33.9970 2.4000
      vertex 14.3391 34.1606 2.4000
      vertex 14.2927 34.1084 2.4000
    endloop
  endfacet
  facet normal 0.000000 -0.000000 1.000000
    outer loop
      vertex 14.2927 34.1084 0.0000
      vertex 14.3391 34.1606 0.0000
      vertex 14.1169 33.9970 0.0000
    endloop
  endfacet
  facet normal 0.000000 0.000000 -1.000000
    outer loop
      vertex 14.1805 34.0258 2.4000
      vertex 14.2927 34.1084 2.4000
      vertex 14.2395 34.0632 2.4000
    endloop
  endfacet
  facet normal 0.000000 -0.000000 1.000000
    outer loop
      vertex 14.2395 34.0632 0.0000
      vertex 14.2927 34.1084 0.0000
      vertex 14.1805 34.0258 0.0000
    endloop
  endfacet
  facet normal 0.000000 0.000000 -1.000000
    outer loop
      vertex 14.5919 34.4887 2.4000
      vertex 14.6552 34.5964 2.4000
      vertex 14.6269 34.5406 2.4000
    endloop
  endfacet
  facet normal 0.000000 -0.000000 1.000000
    outer loop
      vertex 14.6269 34.5406 0.0000
      vertex 14.6552 34.5964 0.0000
      vertex 14.5919 34.4887 0.0000
    endloop
  endfacet
  facet normal 0.000000 0.000000 -1.000000
    outer loop
      vertex 14.5919 34.4887 2.4000
      vertex 14.6839 34.9030 2.4000
      vertex 14.6552 34.5964 2.4000
    endloop
  endfacet
  facet normal 0.000000 -0.000000 1.000000
    outer loop
      vertex 14.6552 34.5964 0.0000
      vertex 14.6839 34.9030 0.0000
      vertex 14.5919 34.4887 0.0000
    endloop
  endfacet
  facet normal 0.000000 -0.000000 -1.000000
    outer loop
      vertex 14.6839 34.9030 2.4000
      vertex 14.6898 34.7164 2.4000
      vertex 14.6552 34.5964 2.4000
    endloop
  endfacet
  facet normal 0.000000 0.000000 1.000000
    outer loop
      vertex 14.6552 34.5964 0.0000
      vertex 14.6898 34.7164 0.0000
      vertex 14.6839 34.9030 0.0000
    endloop
  endfacet
  facet normal 0.000000 0.000000 -1.000000
    outer loop
      vertex 14.6839 34.9030 2.4000
      vertex 14.6936 34.8412 2.4000
      vertex 14.6898 34.7164 2.4000
    endloop
  endfacet
  facet normal 0.000000 -0.000000 1.000000
    outer loop
      vertex 14.6898 34.7164 0.0000
      vertex 14.6936 34.8412 0.0000
      vertex 14.6839 34.9030 0.0000
    endloop
  endfacet
  facet normal 0.000000 -0.000000 -1.000000
    outer loop
      vertex 21.3161 34.9030 2.4000
      vertex 21.3237 34.6553 2.4000
      vertex 21.3064 34.8412 2.4000
    endloop
  endfacet
  facet normal -0.000000 0.000000 1.000000
    outer loop
      vertex 21.3064 34.8412 0.0000
      vertex 21.3237 34.6553 0.0000
      vertex 21.3161 34.9030 0.0000
    endloop
  endfacet
  facet normal 0.000000 0.000000 -1.000000
    outer loop
      vertex 21.3161 34.9030 2.4000
      vertex 21.4081 34.4887 2.4000
      vertex 21.3237 34.6553 2.4000
    endloop
  endfacet
  facet normal -0.000000 -0.000000 1.000000
    outer loop
      vertex 21.3237 34.6553 0.0000
      vertex 21.4081 34.4887 0.0000
      vertex 21.3161 34.9030 0.0000
    endloop
  endfacet
  facet normal 0.000000 0.000000 -1.000000
    outer loop
      vertex 21.4081 34.4887 2.4000
      vertex 21.3731 34.5406 2.4000
      vertex 21.3237 34.6553 2.4000
    endloop
  endfacet
  facet normal 0.000000 0.000000 1.000000
    outer loop
      vertex 21.3237 34.6553 0.0000
      vertex 21.3731 34.5406 0.0000
      vertex 21.4081 34.4887 0.0000
    endloop
  endfacet
  facet normal 0.000000 0.000000 -1.000000
    outer loop
      vertex 21.3731 34.5406 2.4000
      vertex 21.3448 34.5964 2.4000
      vertex 21.3237 34.6553 2.4000
    endloop
  endfacet
  facet normal 0.000000 0.000000 1.000000
    outer loop
      vertex 21.3237 34.6553 0.0000
      vertex 21.3448 34.5964 0.0000
      vertex 21.3731 34.5406 0.0000
    endloop
  endfacet
  facet normal 0.000000 0.000000 -1.000000
    outer loop
      vertex 14.6552 34.5964 2.4000
      vertex 14.6898 34.7164 2.4000
      vertex 14.6763 34.6553 2.4000
    endloop
  endfacet
  facet normal 0.000000 -0.000000 1.000000
    outer loop
      vertex 14.6763 34.6553 0.0000
      vertex 14.6898 34.7164 0.0000
      vertex 14.6552 34.5964 0.0000
    endloop
  endfacet
  facet normal 0.000000 0.000000 -1.000000
    outer loop
      vertex 14.6898 34.7164 2.4000
      vertex 14.6936 34.8412 2.4000
      vertex 14.6956 34.7786 2.4000
    endloop
  endfacet
  facet normal 0.000000 0.000000 1.000000
    outer loop
      vertex 14.6956 34.7786 0.0000
      vertex 14.6936 34.8412 0.0000
      vertex 14.6898 34.7164 0.0000
    endloop
  endfacet
  facet normal 0.000000 -0.000000 -1.000000
    outer loop
      vertex 21.3064 34.8412 2.4000
      vertex 21.3237 34.6553 2.4000
      vertex 21.3044 34.7786 2.4000
    endloop
  endfacet
  facet normal -0.000000 0.000000 1.000000
    outer loop
      vertex 21.3044 34.7786 0.0000
      vertex 21.3237 34.6553 0.0000
      vertex 21.3064 34.8412 0.0000
    endloop
  endfacet
  facet normal 0.000000 0.000000 -1.000000
    outer loop
      vertex 21.3237 34.6553 2.4000
      vertex 21.3102 34.7164 2.4000
      vertex 21.3044 34.7786 2.4000
    endloop
  endfacet
  facet normal 0.000000 0.000000 1.000000
    outer loop
      vertex 21.3044 34.7786 0.0000
      vertex 21.3102 34.7164 0.0000
      vertex 21.3237 34.6553 0.0000
    endloop
  endfacet
  facet normal 0.000000 -0.000000 -1.000000
    outer loop
      vertex 33.8291 57.6934 2.4000
      vertex 33.8362 50.3256 2.4000
      vertex 33.8291 50.3066 2.4000
    endloop
  endfacet
  facet normal 0.000000 0.000000 1.000000
    outer loop
      vertex 33.8291 50.3066 0.0000
      vertex 33.8362 50.3256 0.0000
      vertex 33.8291 57.6934 0.0000
    endloop
  endfacet
  facet normal 0.000000 0.000000 -1.000000
    outer loop
      vertex 33.8291 57.6934 2.4000
      vertex 33.8362 57.6744 2.4000
      vertex 33.8362 50.3256 2.4000
    endloop
  endfacet
  facet normal 0.000000 -0.000000 1.000000
    outer loop
      vertex 33.8362 50.3256 0.0000
      vertex 33.8362 57.6744 0.0000
      vertex 33.8291 57.6934 0.0000
    endloop
  endfacet
  facet normal -0.000000 0.000000 -1.000000
    outer loop
      vertex 33.8651 57.6366 2.4000
      vertex 33.8510 50.3489 2.4000
      vertex 33.8510 57.6511 2.4000
    endloop
  endfacet
  facet normal 0.000000 0.000000 1.000000
    outer loop
      vertex 33.8510 57.6511 0.0000
      vertex 33.8510 50.3489 0.0000
      vertex 33.8651 57.6366 0.0000
    endloop
  endfacet
  facet normal 0.000000 0.000000 -1.000000
    outer loop
      vertex 33.8651 57.6366 2.4000
      vertex 33.8651 50.3634 2.4000
      vertex 33.8510 50.3489 2.4000
    endloop
  endfacet
  facet normal 0.000000 0.000000 1.000000
    outer loop
      vertex 33.8510 50.3489 0.0000
      vertex 33.8651 50.3634 0.0000
      vertex 33.8651 57.6366 0.0000
    endloop
  endfacet
  facet normal 0.000000 -0.000000 -1.000000
    outer loop
      vertex 33.8651 57.6366 2.4000
      vertex 33.8723 50.3693 2.4000
      vertex 33.8651 50.3634 2.4000
    endloop
  endfacet
  facet normal 0.000000 0.000000 1.000000
    outer loop
      vertex 33.8651 50.3634 0.0000
      vertex 33.8723 50.3693 0.0000
      vertex 33.8651 57.6366 0.0000
    endloop
  endfacet
  facet normal 0.000000 0.000000 -1.000000
    outer loop
      vertex 33.8362 50.3256 2.4000
      vertex 33.8362 57.6744 2.4000
      vertex 33.8428 50.3378 2.4000
    endloop
  endfacet
  facet normal 0.000000 0.000000 1.000000
    outer loop
      vertex 33.8428 50.3378 0.0000
      vertex 33.8362 57.6744 0.0000
      vertex 33.8362 50.3256 0.0000
    endloop
  endfacet
  facet normal 0.000000 0.000000 -1.000000
    outer loop
      vertex 33.8362 57.6744 2.4000
      vertex 33.8428 57.6622 2.4000
      vertex 33.8428 50.3378 2.4000
    endloop
  endfacet
  facet normal 0.000000 -0.000000 1.000000
    outer loop
      vertex 33.8428 50.3378 0.0000
      vertex 33.8428 57.6622 0.0000
      vertex 33.8362 57.6744 0.0000
    endloop
  endfacet
  facet normal -0.000000 0.000000 -1.000000
    outer loop
      vertex 33.8510 57.6511 2.4000
      vertex 33.8510 50.3489 2.4000
      vertex 33.8428 57.6622 2.4000
    endloop
  endfacet
  facet normal 0.000000 0.000000 1.000000
    outer loop
      vertex 33.8428 57.6622 0.0000
      vertex 33.8510 50.3489 0.0000
      vertex 33.8510 57.6511 0.0000
    endloop
  endfacet
  facet normal -0.000000 0.000000 -1.000000
    outer loop
      vertex 33.8510 50.3489 2.4000
      vertex 33.8428 50.3378 2.4000
      vertex 33.8428 57.6622 2.4000
    endloop
  endfacet
  facet normal 0.000000 0.000000 1.000000
    outer loop
      vertex 33.8428 57.6622 0.0000
      vertex 33.8428 50.3378 0.0000
      vertex 33.8510 50.3489 0.0000
    endloop
  endfacet
  facet normal 0.000000 0.000000 -1.000000
    outer loop
      vertex 33.8268 50.2976 2.4000
      vertex 33.5225 48.9059 2.4000
      vertex 19.5946 39.9872 2.4000
    endloop
  endfacet
  facet normal 0.000000 0.000000 1.000000
    outer loop
      vertex 19.5946 39.9872 0.0000
      vertex 33.5225 48.9059 0.0000
      vertex 33.8268 50.2976 0.0000
    endloop
  endfacet
  facet normal 0.000000 0.000000 -1.000000
    outer loop
      vertex 33.5225 48.9059 2.4000
      vertex 19.6169 39.9822 2.4000
      vertex 19.5946 39.9872 2.4000
    endloop
  endfacet
  facet normal -0.000000 0.000000 1.000000
    outer loop
      vertex 19.5946 39.9872 0.0000
      vertex 19.6169 39.9822 0.0000
      vertex 33.5225 48.9059 0.0000
    endloop
  endfacet
  facet normal 0.000000 0.000000 -1.000000
    outer loop
      vertex 33.5225 48.9059 2.4000
      vertex 33.5210 48.8980 2.4000
      vertex 19.6169 39.9822 2.4000
    endloop
  endfacet
  facet normal 0.000000 0.000000 1.000000
    outer loop
      vertex 19.6169 39.9822 0.0000
      vertex 33.5210 48.8980 0.0000
      vertex 33.5225 48.9059 0.0000
    endloop
  endfacet
  facet normal 0.000000 -0.000000 -1.000000
    outer loop
      vertex 33.5188 48.8673 2.4000
      vertex 33.5671 46.8906 2.4000
      vertex 20.9859 39.4958 2.4000
    endloop
  endfacet
  facet normal 0.000000 0.000000 1.000000
    outer loop
      vertex 20.9859 39.4958 0.0000
      vertex 33.5671 46.8906 0.0000
      vertex 33.5188 48.8673 0.0000
    endloop
  endfacet
  facet normal 0.000000 0.000000 -1.000000
    outer loop
      vertex 37.3145 49.9882 2.4000
      vertex 37.4352 49.9572 2.4000
      vertex 37.3739 49.9690 2.4000
    endloop
  endfacet
  facet normal -0.000000 -0.000000 1.000000
    outer loop
      vertex 37.3739 49.9690 0.0000
      vertex 37.4352 49.9572 0.0000
      vertex 37.3145 49.9882 0.0000
    endloop
  endfacet
  facet normal 0.000000 0.000000 -1.000000
    outer loop
      vertex 37.3145 49.9882 2.4000
      vertex 37.5599 49.9571 2.4000
      vertex 37.4352 49.9572 2.4000
    endloop
  endfacet
  facet normal -0.000000 -0.000000 1.000000
    outer loop
      vertex 37.4352 49.9572 0.0000
      vertex 37.5599 49.9571 0.0000
      vertex 37.3145 49.9882 0.0000
    endloop
  endfacet
  facet normal 0.000000 0.000000 -1.000000
    outer loop
      vertex 37.3145 49.9882 2.4000
      vertex 37.6213 49.9686 2.4000
      vertex 37.5599 49.9571 2.4000
    endloop
  endfacet
  facet normal 0.000000 -0.000000 1.000000
    outer loop
      vertex 37.5599 49.9571 0.0000
      vertex 37.6213 49.9686 0.0000
      vertex 37.3145 49.9882 0.0000
    endloop
  endfacet
  facet normal 0.000000 0.000000 -1.000000
    outer loop
      vertex 37.3145 49.9882 2.4000
      vertex 38.3847 50.1625 2.4000
      vertex 37.6213 49.9686 2.4000
    endloop
  endfacet
  facet normal 0.000000 -0.000000 1.000000
    outer loop
      vertex 37.6213 49.9686 0.0000
      vertex 38.3847 50.1625 0.0000
      vertex 37.3145 49.9882 0.0000
    endloop
  endfacet
  facet normal -0.000000 0.000000 -1.000000
    outer loop
      vertex 33.5689 46.8667 2.4000
      vertex 21.0169 39.4777 2.4000
      vertex 33.5677 46.8787 2.4000
    endloop
  endfacet
  facet normal 0.000000 0.000000 1.000000
    outer loop
      vertex 33.5677 46.8787 0.0000
      vertex 21.0169 39.4777 0.0000
      vertex 33.5689 46.8667 0.0000
    endloop
  endfacet
  facet normal 0.000000 0.000000 -1.000000
    outer loop
      vertex 21.0169 39.4777 2.4000
      vertex 21.0019 39.4877 2.4000
      vertex 33.5677 46.8787 2.4000
    endloop
  endfacet
  facet normal 0.000000 0.000000 1.000000
    outer loop
      vertex 33.5677 46.8787 0.0000
      vertex 21.0019 39.4877 0.0000
      vertex 21.0169 39.4777 0.0000
    endloop
  endfacet
  facet normal 0.000000 0.000000 -1.000000
    outer loop
      vertex 21.0019 39.4877 2.4000
      vertex 33.5671 46.8906 2.4000
      vertex 33.5677 46.8787 2.4000
    endloop
  endfacet
  facet normal 0.000000 0.000000 1.000000
    outer loop
      vertex 33.5677 46.8787 0.0000
      vertex 33.5671 46.8906 0.0000
      vertex 21.0019 39.4877 0.0000
    endloop
  endfacet
  facet normal 0.000000 0.000000 -1.000000
    outer loop
      vertex 21.0019 39.4877 2.4000
      vertex 20.9859 39.4958 2.4000
      vertex 33.5671 46.8906 2.4000
    endloop
  endfacet
  facet normal 0.000000 0.000000 1.000000
    outer loop
      vertex 33.5671 46.8906 0.0000
      vertex 20.9859 39.4958 0.0000
      vertex 21.0019 39.4877 0.0000
    endloop
  endfacet
  facet normal 0.000000 0.000000 -1.000000
    outer loop
      vertex 37.4352 49.9572 2.4000
      vertex 37.5599 49.9571 2.4000
      vertex 37.4975 49.9533 2.4000
    endloop
  endfacet
  facet normal 0.000000 -0.000000 1.000000
    outer loop
      vertex 37.4975 49.9533 0.0000
      vertex 37.5599 49.9571 0.0000
      vertex 37.4352 49.9572 0.0000
    endloop
  endfacet
  facet normal 0.000000 0.000000 -1.000000
    outer loop
      vertex 33.8775 44.5275 2.4000
      vertex 21.9725 38.6441 2.4000
      vertex 21.9655 38.6540 2.4000
    endloop
  endfacet
  facet normal -0.000000 0.000000 1.000000
    outer loop
      vertex 21.9655 38.6540 0.0000
      vertex 21.9725 38.6441 0.0000
      vertex 33.8775 44.5275 0.0000
    endloop
  endfacet
  facet normal 0.000000 0.000000 -1.000000
    outer loop
      vertex 34.6273 50.9509 2.4000
      vertex 34.6273 57.0491 2.4000
      vertex 34.6430 50.9601 2.4000
    endloop
  endfacet
  facet normal 0.000000 0.000000 1.000000
    outer loop
      vertex 34.6430 50.9601 0.0000
      vertex 34.6273 57.0491 0.0000
      vertex 34.6273 50.9509 0.0000
    endloop
  endfacet
  facet normal 0.000000 0.000000 -1.000000
    outer loop
      vertex 34.6273 57.0491 2.4000
      vertex 34.6430 57.0399 2.4000
      vertex 34.6430 50.9601 2.4000
    endloop
  endfacet
  facet normal 0.000000 -0.000000 1.000000
    outer loop
      vertex 34.6430 50.9601 0.0000
      vertex 34.6430 57.0399 0.0000
      vertex 34.6273 57.0491 0.0000
    endloop
  endfacet
  facet normal 0.000000 -0.000000 -1.000000
    outer loop
      vertex 34.6430 57.0399 2.4000
      vertex 34.6544 57.0350 2.4000
      vertex 34.6430 50.9601 2.4000
    endloop
  endfacet
  facet normal 0.000000 0.000000 1.000000
    outer loop
      vertex 34.6430 50.9601 0.0000
      vertex 34.6544 57.0350 0.0000
      vertex 34.6430 57.0399 0.0000
    endloop
  endfacet
  facet normal 0.000000 0.000000 -1.000000
    outer loop
      vertex 34.7033 57.0304 2.4000
      vertex 34.7033 50.9696 2.4000
      vertex 34.6910 57.0292 2.4000
    endloop
  endfacet
  facet normal -0.000000 0.000000 1.000000
    outer loop
      vertex 34.6910 57.0292 0.0000
      vertex 34.7033 50.9696 0.0000
      vertex 34.7033 57.0304 0.0000
    endloop
  endfacet
  facet normal 0.000000 0.000000 -1.000000
    outer loop
      vertex 34.7033 50.9696 2.4000
      vertex 34.6910 50.9708 2.4000
      vertex 34.6910 57.0292 2.4000
    endloop
  endfacet
  facet normal 0.000000 0.000000 1.000000
    outer loop
      vertex 34.6910 57.0292 0.0000
      vertex 34.6910 50.9708 0.0000
      vertex 34.7033 50.9696 0.0000
    endloop
  endfacet
  facet normal 0.000000 0.000000 -1.000000
    outer loop
      vertex 34.6430 50.9601 2.4000
      vertex 34.6544 57.0350 2.4000
      vertex 34.6544 50.9650 2.4000
    endloop
  endfacet
  facet normal 0.000000 -0.000000 1.000000
    outer loop
      vertex 34.6544 50.9650 0.0000
      vertex 34.6544 57.0350 0.0000
      vertex 34.6430 50.9601 0.0000
    endloop
  endfacet
  facet normal 0.000000 -0.000000 -1.000000
    outer loop
      vertex 34.6544 57.0350 2.4000
      vertex 34.6663 50.9685 2.4000
      vertex 34.6544 50.9650 2.4000
    endloop
  endfacet
  facet normal 0.000000 0.000000 1.000000
    outer loop
      vertex 34.6544 50.9650 0.0000
      vertex 34.6663 50.9685 0.0000
      vertex 34.6544 57.0350 0.0000
    endloop
  endfacet
  facet normal 0.000000 0.000000 -1.000000
    outer loop
      vertex 34.6544 57.0350 2.4000
      vertex 34.6663 57.0315 2.4000
      vertex 34.6663 50.9685 2.4000
    endloop
  endfacet
  facet normal 0.000000 -0.000000 1.000000
    outer loop
      vertex 34.6663 50.9685 0.0000
      vertex 34.6663 57.0315 0.0000
      vertex 34.6544 57.0350 0.0000
    endloop
  endfacet
  facet normal 0.000000 -0.000000 -1.000000
    outer loop
      vertex 34.6663 57.0315 2.4000
      vertex 34.6786 57.0296 2.4000
      vertex 34.6663 50.9685 2.4000
    endloop
  endfacet
  facet normal 0.000000 0.000000 1.000000
    outer loop
      vertex 34.6663 50.9685 0.0000
      vertex 34.6786 57.0296 0.0000
      vertex 34.6663 57.0315 0.0000
    endloop
  endfacet
  facet normal 0.000000 0.000000 -1.000000
    outer loop
      vertex 34.6786 57.0296 2.4000
      vertex 34.6786 50.9704 2.4000
      vertex 34.6663 50.9685 2.4000
    endloop
  endfacet
  facet normal 0.000000 0.000000 1.000000
    outer loop
      vertex 34.6663 50.9685 0.0000
      vertex 34.6786 50.9704 0.0000
      vertex 34.6786 57.0296 0.0000
    endloop
  endfacet
  facet normal 0.000000 -0.000000 -1.000000
    outer loop
      vertex 34.6786 57.0296 2.4000
      vertex 34.6910 50.9708 2.4000
      vertex 34.6786 50.9704 2.4000
    endloop
  endfacet
  facet normal 0.000000 0.000000 1.000000
    outer loop
      vertex 34.6786 50.9704 0.0000
      vertex 34.6910 50.9708 0.0000
      vertex 34.6786 57.0296 0.0000
    endloop
  endfacet
  facet normal 0.000000 0.000000 -1.000000
    outer loop
      vertex 34.6786 57.0296 2.4000
      vertex 34.6910 57.0292 2.4000
      vertex 34.6910 50.9708 2.4000
    endloop
  endfacet
  facet normal 0.000000 -0.000000 1.000000
    outer loop
      vertex 34.6910 50.9708 0.0000
      vertex 34.6910 57.0292 0.0000
      vertex 34.6786 57.0296 0.0000
    endloop
  endfacet
  facet normal 0.000000 0.000000 -1.000000
    outer loop
      vertex 35.7408 36.2844 2.4000
      vertex 35.7204 36.2222 2.4000
      vertex 35.6920 36.1633 2.4000
    endloop
  endfacet
  facet normal 0.000000 0.000000 1.000000
    outer loop
      vertex 35.6920 36.1633 0.0000
      vertex 35.7204 36.2222 0.0000
      vertex 35.7408 36.2844 0.0000
    endloop
  endfacet
  facet normal 0.000000 0.000000 -1.000000
    outer loop
      vertex 0.1000 71.4000 2.4000
      vertex 0.1043 71.4653 2.4000
      vertex 0.1170 71.5294 2.4000
    endloop
  endfacet
  facet normal 0.000000 0.000000 1.000000
    outer loop
      vertex 0.1170 71.5294 0.0000
      vertex 0.1043 71.4653 0.0000
      vertex 0.1000 71.4000 0.0000
    endloop
  endfacet
  facet normal 0.000000 0.000000 -1.000000
    outer loop
      vertex 0.1170 71.5294 2.4000
      vertex 0.1381 71.5913 2.4000
      vertex 0.1670 71.6500 2.4000
    endloop
  endfacet
  facet normal 0.000000 0.000000 1.000000
    outer loop
      vertex 0.1670 71.6500 0.0000
      vertex 0.1381 71.5913 0.0000
      vertex 0.1170 71.5294 0.0000
    endloop
  endfacet
  facet normal 0.340907 0.940097 0.000000
    outer loop
      vertex 0.4601 35.9701 0.0000
      vertex 0.3997 35.9920 0.0000
      vertex 0.3997 35.9920 2.4000
    endloop
  endfacet
  facet normal 0.340907 0.940097 -0.000000
    outer loop
      vertex 0.4601 35.9701 0.0000
      vertex 0.3997 35.9920 2.4000
      vertex 0.4601 35.9701 2.4000
    endloop
  endfacet
  facet normal 0.458769 0.888555 0.000000
    outer loop
      vertex 0.3997 35.9920 0.0000
      vertex 0.3425 36.0215 0.0000
      vertex 0.3425 36.0215 2.4000
    endloop
  endfacet
  facet normal 0.458769 0.888555 -0.000000
    outer loop
      vertex 0.3997 35.9920 0.0000
      vertex 0.3425 36.0215 2.4000
      vertex 0.3997 35.9920 2.4000
    endloop
  endfacet
  facet normal 0.569040 0.822310 0.000000
    outer loop
      vertex 0.3425 36.0215 0.0000
      vertex 0.2896 36.0581 0.0000
      vertex 0.2896 36.0581 2.4000
    endloop
  endfacet
  facet normal 0.569040 0.822310 -0.000000
    outer loop
      vertex 0.3425 36.0215 0.0000
      vertex 0.2896 36.0581 2.4000
      vertex 0.3425 36.0215 2.4000
    endloop
  endfacet
  facet normal 0.669893 0.742457 0.000000
    outer loop
      vertex 0.2896 36.0581 0.0000
      vertex 0.2419 36.1012 0.0000
      vertex 0.2419 36.1012 2.4000
    endloop
  endfacet
  facet normal 0.669893 0.742457 -0.000000
    outer loop
      vertex 0.2896 36.0581 0.0000
      vertex 0.2419 36.1012 2.4000
      vertex 0.2896 36.0581 2.4000
    endloop
  endfacet
  facet normal 0.759662 0.650318 0.000000
    outer loop
      vertex 0.2419 36.1012 0.0000
      vertex 0.2000 36.1501 0.0000
      vertex 0.2000 36.1501 2.4000
    endloop
  endfacet
  facet normal 0.759662 0.650318 -0.000000
    outer loop
      vertex 0.2419 36.1012 0.0000
      vertex 0.2000 36.1501 2.4000
      vertex 0.2419 36.1012 2.4000
    endloop
  endfacet
  facet normal 0.836860 0.547418 0.000000
    outer loop
      vertex 0.2000 36.1501 0.0000
      vertex 0.1648 36.2039 0.0000
      vertex 0.1648 36.2039 2.4000
    endloop
  endfacet
  facet normal 0.836860 0.547418 -0.000000
    outer loop
      vertex 0.2000 36.1501 0.0000
      vertex 0.1648 36.2039 2.4000
      vertex 0.2000 36.1501 2.4000
    endloop
  endfacet
  facet normal 0.900209 0.435458 0.000000
    outer loop
      vertex 0.1648 36.2039 0.0000
      vertex 0.1368 36.2618 0.0000
      vertex 0.1368 36.2618 2.4000
    endloop
  endfacet
  facet normal 0.900209 0.435458 -0.000000
    outer loop
      vertex 0.1648 36.2039 0.0000
      vertex 0.1368 36.2618 2.4000
      vertex 0.1648 36.2039 2.4000
    endloop
  endfacet
  facet normal 0.948661 0.316293 0.000000
    outer loop
      vertex 0.1368 36.2618 0.0000
      vertex 0.1165 36.3228 0.0000
      vertex 0.1165 36.3228 2.4000
    endloop
  endfacet
  facet normal 0.948661 0.316293 -0.000000
    outer loop
      vertex 0.1368 36.2618 0.0000
      vertex 0.1165 36.3228 2.4000
      vertex 0.1368 36.2618 2.4000
    endloop
  endfacet
  facet normal 0.981416 0.191894 0.000000
    outer loop
      vertex 0.1165 36.3228 0.0000
      vertex 0.1041 36.3859 0.0000
      vertex 0.1041 36.3859 2.4000
    endloop
  endfacet
  facet normal 0.981416 0.191894 -0.000000
    outer loop
      vertex 0.1165 36.3228 0.0000
      vertex 0.1041 36.3859 2.4000
      vertex 0.1165 36.3228 2.4000
    endloop
  endfacet
  facet normal 0.997929 0.064319 0.000000
    outer loop
      vertex 0.1041 36.3859 0.0000
      vertex 0.1000 36.4501 0.0000
      vertex 0.1000 36.4501 2.4000
    endloop
  endfacet
  facet normal 0.997929 0.064319 -0.000000
    outer loop
      vertex 0.1041 36.3859 0.0000
      vertex 0.1000 36.4501 2.4000
      vertex 0.1041 36.3859 2.4000
    endloop
  endfacet
  facet normal 1.000000 0.000000 0.000000
    outer loop
      vertex 0.1000 36.4501 0.0000
      vertex 0.1000 71.4000 0.0000
      vertex 0.1000 71.4000 2.4000
    endloop
  endfacet
  facet normal 1.000000 0.000000 0.000000
    outer loop
      vertex 0.1000 36.4501 0.0000
      vertex 0.1000 71.4000 2.4000
      vertex 0.1000 36.4501 2.4000
    endloop
  endfacet
  facet normal 0.997859 -0.065403 0.000000
    outer loop
      vertex 0.1000 71.4000 0.0000
      vertex 0.1043 71.4653 0.0000
      vertex 0.1043 71.4653 2.4000
    endloop
  endfacet
  facet normal 0.997859 -0.065403 0.000000
    outer loop
      vertex 0.1000 71.4000 0.0000
      vertex 0.1043 71.4653 2.4000
      vertex 0.1000 71.4000 2.4000
    endloop
  endfacet
  facet normal 0.980785 -0.195090 0.000000
    outer loop
      vertex 0.1043 71.4653 0.0000
      vertex 0.1170 71.5294 0.0000
      vertex 0.1170 71.5294 2.4000
    endloop
  endfacet
  facet normal 0.980785 -0.195090 0.000000
    outer loop
      vertex 0.1043 71.4653 0.0000
      vertex 0.1170 71.5294 2.4000
      vertex 0.1043 71.4653 2.4000
    endloop
  endfacet
  facet normal 0.946930 -0.321439 0.000000
    outer loop
      vertex 0.1170 71.5294 0.0000
      vertex 0.1381 71.5913 0.0000
      vertex 0.1381 71.5913 2.4000
    endloop
  endfacet
  facet normal 0.946930 -0.321439 0.000000
    outer loop
      vertex 0.1170 71.5294 0.0000
      vertex 0.1381 71.5913 2.4000
      vertex 0.1170 71.5294 2.4000
    endloop
  endfacet
  facet normal 0.896873 -0.442289 0.000000
    outer loop
      vertex 0.1381 71.5913 0.0000
      vertex 0.1670 71.6500 0.0000
      vertex 0.1670 71.6500 2.4000
    endloop
  endfacet
  facet normal 0.896873 -0.442289 0.000000
    outer loop
      vertex 0.1381 71.5913 0.0000
      vertex 0.1670 71.6500 2.4000
      vertex 0.1381 71.5913 2.4000
    endloop
  endfacet
  facet normal 0.831470 -0.555570 0.000000
    outer loop
      vertex 0.1670 71.6500 0.0000
      vertex 0.2033 71.7044 0.0000
      vertex 0.2033 71.7044 2.4000
    endloop
  endfacet
  facet normal 0.831470 -0.555570 0.000000
    outer loop
      vertex 0.1670 71.6500 0.0000
      vertex 0.2033 71.7044 2.4000
      vertex 0.1670 71.6500 2.4000
    endloop
  endfacet
  facet normal 0.751840 -0.659346 0.000000
    outer loop
      vertex 0.2033 71.7044 0.0000
      vertex 0.2464 71.7536 0.0000
      vertex 0.2464 71.7536 2.4000
    endloop
  endfacet
  facet normal 0.751840 -0.659346 0.000000
    outer loop
      vertex 0.2033 71.7044 0.0000
      vertex 0.2464 71.7536 2.4000
      vertex 0.2033 71.7044 2.4000
    endloop
  endfacet
  facet normal 0.659346 -0.751840 0.000000
    outer loop
      vertex 0.2464 71.7536 0.0000
      vertex 0.2956 71.7967 0.0000
      vertex 0.2956 71.7967 2.4000
    endloop
  endfacet
  facet normal 0.659346 -0.751840 0.000000
    outer loop
      vertex 0.2464 71.7536 0.0000
      vertex 0.2956 71.7967 2.4000
      vertex 0.2464 71.7536 2.4000
    endloop
  endfacet
  facet normal 0.555570 -0.831470 0.000000
    outer loop
      vertex 0.2956 71.7967 0.0000
      vertex 0.3500 71.8330 0.0000
      vertex 0.3500 71.8330 2.4000
    endloop
  endfacet
  facet normal 0.555570 -0.831470 0.000000
    outer loop
      vertex 0.2956 71.7967 0.0000
      vertex 0.3500 71.8330 2.4000
      vertex 0.2956 71.7967 2.4000
    endloop
  endfacet
  facet normal 0.442289 -0.896873 0.000000
    outer loop
      vertex 0.3500 71.8330 0.0000
      vertex 0.4087 71.8619 0.0000
      vertex 0.4087 71.8619 2.4000
    endloop
  endfacet
  facet normal 0.442289 -0.896873 0.000000
    outer loop
      vertex 0.3500 71.8330 0.0000
      vertex 0.4087 71.8619 2.4000
      vertex 0.3500 71.8330 2.4000
    endloop
  endfacet
  facet normal 0.321439 -0.946930 0.000000
    outer loop
      vertex 0.4087 71.8619 0.0000
      vertex 0.4706 71.8830 0.0000
      vertex 0.4706 71.8830 2.4000
    endloop
  endfacet
  facet normal 0.321439 -0.946930 0.000000
    outer loop
      vertex 0.4087 71.8619 0.0000
      vertex 0.4706 71.8830 2.4000
      vertex 0.4087 71.8619 2.4000
    endloop
  endfacet
  facet normal 0.195090 -0.980785 0.000000
    outer loop
      vertex 0.4706 71.8830 0.0000
      vertex 0.5347 71.8957 0.0000
      vertex 0.5347 71.8957 2.4000
    endloop
  endfacet
  facet normal 0.195090 -0.980785 0.000000
    outer loop
      vertex 0.4706 71.8830 0.0000
      vertex 0.5347 71.8957 2.4000
      vertex 0.4706 71.8830 2.4000
    endloop
  endfacet
  facet normal 0.065403 -0.997859 0.000000
    outer loop
      vertex 0.5347 71.8957 0.0000
      vertex 0.6000 71.9000 0.0000
      vertex 0.6000 71.9000 2.4000
    endloop
  endfacet
  facet normal 0.065403 -0.997859 0.000000
    outer loop
      vertex 0.5347 71.8957 0.0000
      vertex 0.6000 71.9000 2.4000
      vertex 0.5347 71.8957 2.4000
    endloop
  endfacet
  facet normal 0.000000 -1.000000 0.000000
    outer loop
      vertex 0.6000 71.9000 0.0000
      vertex 35.2039 71.9000 0.0000
      vertex 35.2039 71.9000 2.4000
    endloop
  endfacet
  facet normal 0.000000 -1.000000 0.000000
    outer loop
      vertex 0.6000 71.9000 0.0000
      vertex 35.2039 71.9000 2.4000
      vertex 0.6000 71.9000 2.4000
    endloop
  endfacet
  facet normal -0.065719 -0.997838 0.000000
    outer loop
      vertex 35.2039 71.9000 0.0000
      vertex 35.2695 71.8957 0.0000
      vertex 35.2695 71.8957 2.4000
    endloop
  endfacet
  facet normal -0.065719 -0.997838 0.000000
    outer loop
      vertex 35.2039 71.9000 0.0000
      vertex 35.2695 71.8957 2.4000
      vertex 35.2039 71.9000 2.4000
    endloop
  endfacet
  facet normal -0.196022 -0.980599 0.000000
    outer loop
      vertex 35.2695 71.8957 0.0000
      vertex 35.3339 71.8828 0.0000
      vertex 35.3339 71.8828 2.4000
    endloop
  endfacet
  facet normal -0.196022 -0.980599 0.000000
    outer loop
      vertex 35.2695 71.8957 0.0000
      vertex 35.3339 71.8828 2.4000
      vertex 35.2695 71.8957 2.4000
    endloop
  endfacet
  facet normal -0.322939 -0.946420 0.000000
    outer loop
      vertex 35.3339 71.8828 0.0000
      vertex 35.3961 71.8616 0.0000
      vertex 35.3961 71.8616 2.4000
    endloop
  endfacet
  facet normal -0.322939 -0.946420 0.000000
    outer loop
      vertex 35.3339 71.8828 0.0000
      vertex 35.3961 71.8616 2.4000
      vertex 35.3339 71.8828 2.4000
    endloop
  endfacet
  facet normal -0.444277 -0.895890 0.000000
    outer loop
      vertex 35.3961 71.8616 0.0000
      vertex 35.4550 71.8324 0.0000
      vertex 35.4550 71.8324 2.4000
    endloop
  endfacet
  facet normal -0.444277 -0.895890 0.000000
    outer loop
      vertex 35.3961 71.8616 0.0000
      vertex 35.4550 71.8324 2.4000
      vertex 35.3961 71.8616 2.4000
    endloop
  endfacet
  facet normal -0.557939 -0.829882 0.000000
    outer loop
      vertex 35.4550 71.8324 0.0000
      vertex 35.5095 71.7957 0.0000
      vertex 35.5095 71.7957 2.4000
    endloop
  endfacet
  facet normal -0.557939 -0.829882 0.000000
    outer loop
      vertex 35.4550 71.8324 0.0000
      vertex 35.5095 71.7957 2.4000
      vertex 35.4550 71.8324 2.4000
    endloop
  endfacet
  facet normal -0.661962 -0.749537 0.000000
    outer loop
      vertex 35.5095 71.7957 0.0000
      vertex 35.5588 71.7522 0.0000
      vertex 35.5588 71.7522 2.4000
    endloop
  endfacet
  facet normal -0.661962 -0.749537 0.000000
    outer loop
      vertex 35.5095 71.7957 0.0000
      vertex 35.5588 71.7522 2.4000
      vertex 35.5095 71.7957 2.4000
    endloop
  endfacet
  facet normal -0.754549 -0.656244 0.000000
    outer loop
      vertex 35.5588 71.7522 0.0000
      vertex 35.6019 71.7026 0.0000
      vertex 35.6019 71.7026 2.4000
    endloop
  endfacet
  facet normal -0.754549 -0.656244 0.000000
    outer loop
      vertex 35.5588 71.7522 0.0000
      vertex 35.6019 71.7026 2.4000
      vertex 35.5588 71.7522 2.4000
    endloop
  endfacet
  facet normal -0.834100 -0.551613 0.000000
    outer loop
      vertex 35.6019 71.7026 0.0000
      vertex 35.6382 71.6478 0.0000
      vertex 35.6382 71.6478 2.4000
    endloop
  endfacet
  facet normal -0.834100 -0.551613 0.000000
    outer loop
      vertex 35.6019 71.7026 0.0000
      vertex 35.6382 71.6478 2.4000
      vertex 35.6019 71.7026 2.4000
    endloop
  endfacet
  facet normal -0.899242 -0.437452 0.000000
    outer loop
      vertex 35.6382 71.6478 0.0000
      vertex 35.6669 71.5887 0.0000
      vertex 35.6669 71.5887 2.4000
    endloop
  endfacet
  facet normal -0.899242 -0.437452 0.000000
    outer loop
      vertex 35.6382 71.6478 0.0000
      vertex 35.6669 71.5887 2.4000
      vertex 35.6382 71.6478 2.4000
    endloop
  endfacet
  facet normal -0.948848 -0.315734 0.000000
    outer loop
      vertex 35.6669 71.5887 0.0000
      vertex 35.6877 71.5263 0.0000
      vertex 35.6877 71.5263 2.4000
    endloop
  endfacet
  facet normal -0.948848 -0.315734 0.000000
    outer loop
      vertex 35.6669 71.5887 0.0000
      vertex 35.6877 71.5263 2.4000
      vertex 35.6669 71.5887 2.4000
    endloop
  endfacet
  facet normal -0.982062 -0.188561 0.000000
    outer loop
      vertex 35.6877 71.5263 0.0000
      vertex 35.7001 71.4618 0.0000
      vertex 35.7001 71.4618 2.4000
    endloop
  endfacet
  facet normal -0.982062 -0.188561 0.000000
    outer loop
      vertex 35.6877 71.5263 0.0000
      vertex 35.7001 71.4618 2.4000
      vertex 35.6877 71.5263 2.4000
    endloop
  endfacet
  facet normal -0.998309 -0.058130 0.000000
    outer loop
      vertex 35.7001 71.4618 0.0000
      vertex 35.7039 71.3962 0.0000
      vertex 35.7039 71.3962 2.4000
    endloop
  endfacet
  facet normal -0.998309 -0.058130 0.000000
    outer loop
      vertex 35.7001 71.4618 0.0000
      vertex 35.7039 71.3962 2.4000
      vertex 35.7001 71.4618 2.4000
    endloop
  endfacet
  facet normal -0.997310 0.073304 0.000000
    outer loop
      vertex 35.7039 71.3962 0.0000
      vertex 35.6991 71.3307 0.0000
      vertex 35.6991 71.3307 2.4000
    endloop
  endfacet
  facet normal -0.997310 0.073304 0.000000
    outer loop
      vertex 35.7039 71.3962 0.0000
      vertex 35.6991 71.3307 2.4000
      vertex 35.7039 71.3962 2.4000
    endloop
  endfacet
  facet normal -0.979081 0.203473 0.000000
    outer loop
      vertex 35.6991 71.3307 0.0000
      vertex 35.6857 71.2663 0.0000
      vertex 35.6857 71.2663 2.4000
    endloop
  endfacet
  facet normal -0.979081 0.203473 0.000000
    outer loop
      vertex 35.6991 71.3307 0.0000
      vertex 35.6857 71.2663 2.4000
      vertex 35.6991 71.3307 2.4000
    endloop
  endfacet
  facet normal -0.963592 0.267377 0.000000
    outer loop
      vertex 35.6857 71.2663 0.0000
      vertex 35.3856 70.1850 0.0000
      vertex 35.3856 70.1850 2.4000
    endloop
  endfacet
  facet normal -0.963592 0.267377 0.000000
    outer loop
      vertex 35.6857 71.2663 0.0000
      vertex 35.3856 70.1850 2.4000
      vertex 35.6857 71.2663 2.4000
    endloop
  endfacet
  facet normal -0.965149 0.261701 0.000000
    outer loop
      vertex 35.3856 70.1850 0.0000
      vertex 35.3852 70.1832 0.0000
      vertex 35.3852 70.1832 2.4000
    endloop
  endfacet
  facet normal -0.965149 0.261701 0.000000
    outer loop
      vertex 35.3856 70.1850 0.0000
      vertex 35.3852 70.1832 2.4000
      vertex 35.3856 70.1850 2.4000
    endloop
  endfacet
  facet normal -0.968324 0.249699 0.000000
    outer loop
      vertex 35.3852 70.1832 0.0000
      vertex 34.8830 68.2357 0.0000
      vertex 34.8830 68.2357 2.4000
    endloop
  endfacet
  facet normal -0.968324 0.249699 0.000000
    outer loop
      vertex 35.3852 70.1832 0.0000
      vertex 34.8830 68.2357 2.4000
      vertex 35.3852 70.1832 2.4000
    endloop
  endfacet
  facet normal -0.969892 0.243537 0.000000
    outer loop
      vertex 34.8830 68.2357 0.0000
      vertex 34.8825 68.2337 0.0000
      vertex 34.8825 68.2337 2.4000
    endloop
  endfacet
  facet normal -0.969892 0.243537 0.000000
    outer loop
      vertex 34.8830 68.2357 0.0000
      vertex 34.8825 68.2337 2.4000
      vertex 34.8830 68.2357 2.4000
    endloop
  endfacet
  facet normal -0.972484 0.232969 0.000000
    outer loop
      vertex 34.8825 68.2337 0.0000
      vertex 34.8815 68.2297 0.0000
      vertex 34.8815 68.2297 2.4000
    endloop
  endfacet
  facet normal -0.972484 0.232969 0.000000
    outer loop
      vertex 34.8825 68.2337 0.0000
      vertex 34.8815 68.2297 2.4000
      vertex 34.8825 68.2337 2.4000
    endloop
  endfacet
  facet normal -0.974353 0.225026 0.000000
    outer loop
      vertex 34.8815 68.2297 0.0000
      vertex 34.3479 65.9192 0.0000
      vertex 34.3479 65.9192 2.4000
    endloop
  endfacet
  facet normal -0.974353 0.225026 0.000000
    outer loop
      vertex 34.8815 68.2297 0.0000
      vertex 34.3479 65.9192 2.4000
      vertex 34.8815 68.2297 2.4000
    endloop
  endfacet
  facet normal -0.976398 0.215981 0.000000
    outer loop
      vertex 34.3479 65.9192 0.0000
      vertex 34.3472 65.9163 0.0000
      vertex 34.3472 65.9163 2.4000
    endloop
  endfacet
  facet normal -0.976398 0.215981 0.000000
    outer loop
      vertex 34.3479 65.9192 0.0000
      vertex 34.3472 65.9163 2.4000
      vertex 34.3479 65.9192 2.4000
    endloop
  endfacet
  facet normal -0.979707 0.200434 0.000000
    outer loop
      vertex 34.3472 65.9163 0.0000
      vertex 34.3460 65.9103 0.0000
      vertex 34.3460 65.9103 2.4000
    endloop
  endfacet
  facet normal -0.979707 0.200434 0.000000
    outer loop
      vertex 34.3472 65.9163 0.0000
      vertex 34.3460 65.9103 2.4000
      vertex 34.3472 65.9163 2.4000
    endloop
  endfacet
  facet normal -0.982027 0.188740 0.000000
    outer loop
      vertex 34.3460 65.9103 0.0000
      vertex 33.8775 63.4725 0.0000
      vertex 33.8775 63.4725 2.4000
    endloop
  endfacet
  facet normal -0.982027 0.188740 0.000000
    outer loop
      vertex 34.3460 65.9103 0.0000
      vertex 33.8775 63.4725 2.4000
      vertex 34.3460 65.9103 2.4000
    endloop
  endfacet
  facet normal -0.984699 0.174262 0.000000
    outer loop
      vertex 33.8775 63.4725 0.0000
      vertex 33.8763 63.4660 0.0000
      vertex 33.8763 63.4660 2.4000
    endloop
  endfacet
  facet normal -0.984699 0.174262 0.000000
    outer loop
      vertex 33.8775 63.4725 0.0000
      vertex 33.8763 63.4660 2.4000
      vertex 33.8775 63.4725 2.4000
    endloop
  endfacet
  facet normal -0.989403 0.145195 0.000000
    outer loop
      vertex 33.8763 63.4660 0.0000
      vertex 33.8754 63.4594 0.0000
      vertex 33.8754 63.4594 2.4000
    endloop
  endfacet
  facet normal -0.989403 0.145195 0.000000
    outer loop
      vertex 33.8763 63.4660 0.0000
      vertex 33.8754 63.4594 2.4000
      vertex 33.8763 63.4660 2.4000
    endloop
  endfacet
  facet normal -0.991433 0.130613 0.000000
    outer loop
      vertex 33.8754 63.4594 0.0000
      vertex 33.5689 61.1333 0.0000
      vertex 33.5689 61.1333 2.4000
    endloop
  endfacet
  facet normal -0.991433 0.130613 0.000000
    outer loop
      vertex 33.8754 63.4594 0.0000
      vertex 33.5689 61.1333 2.4000
      vertex 33.8754 63.4594 2.4000
    endloop
  endfacet
  facet normal -0.994561 0.104153 0.000000
    outer loop
      vertex 33.5689 61.1333 0.0000
      vertex 33.5677 61.1213 0.0000
      vertex 33.5677 61.1213 2.4000
    endloop
  endfacet
  facet normal -0.994561 0.104153 0.000000
    outer loop
      vertex 33.5689 61.1333 0.0000
      vertex 33.5677 61.1213 2.4000
      vertex 33.5689 61.1333 2.4000
    endloop
  endfacet
  facet normal -0.998697 0.051030 0.000000
    outer loop
      vertex 33.5677 61.1213 0.0000
      vertex 33.5671 61.1094 0.0000
      vertex 33.5671 61.1094 2.4000
    endloop
  endfacet
  facet normal -0.998697 0.051030 0.000000
    outer loop
      vertex 33.5677 61.1213 0.0000
      vertex 33.5671 61.1094 2.4000
      vertex 33.5677 61.1213 2.4000
    endloop
  endfacet
  facet normal -0.999702 0.024405 0.000000
    outer loop
      vertex 33.5671 61.1094 0.0000
      vertex 33.5188 59.1327 0.0000
      vertex 33.5188 59.1327 2.4000
    endloop
  endfacet
  facet normal -0.999702 0.024405 0.000000
    outer loop
      vertex 33.5671 61.1094 0.0000
      vertex 33.5188 59.1327 2.4000
      vertex 33.5671 61.1094 2.4000
    endloop
  endfacet
  facet normal -0.999985 -0.005554 0.000000
    outer loop
      vertex 33.5188 59.1327 0.0000
      vertex 33.5189 59.1248 0.0000
      vertex 33.5189 59.1248 2.4000
    endloop
  endfacet
  facet normal -0.999985 -0.005554 0.000000
    outer loop
      vertex 33.5188 59.1327 0.0000
      vertex 33.5189 59.1248 2.4000
      vertex 33.5188 59.1327 2.4000
    endloop
  endfacet
  facet normal -0.995449 -0.095292 0.000000
    outer loop
      vertex 33.5189 59.1248 0.0000
      vertex 33.5210 59.1020 0.0000
      vertex 33.5210 59.1020 2.4000
    endloop
  endfacet
  facet normal -0.995449 -0.095292 0.000000
    outer loop
      vertex 33.5189 59.1248 0.0000
      vertex 33.5210 59.1020 2.4000
      vertex 33.5189 59.1248 2.4000
    endloop
  endfacet
  facet normal -0.982877 -0.184261 0.000000
    outer loop
      vertex 33.5210 59.1020 0.0000
      vertex 33.5225 59.0941 0.0000
      vertex 33.5225 59.0941 2.4000
    endloop
  endfacet
  facet normal -0.982877 -0.184261 0.000000
    outer loop
      vertex 33.5210 59.1020 0.0000
      vertex 33.5225 59.0941 2.4000
      vertex 33.5210 59.1020 2.4000
    endloop
  endfacet
  facet normal -0.976916 -0.213622 0.000000
    outer loop
      vertex 33.5225 59.0941 0.0000
      vertex 33.8268 57.7024 0.0000
      vertex 33.8268 57.7024 2.4000
    endloop
  endfacet
  facet normal -0.976916 -0.213622 0.000000
    outer loop
      vertex 33.5225 59.0941 0.0000
      vertex 33.8268 57.7024 2.4000
      vertex 33.5225 59.0941 2.4000
    endloop
  endfacet
  facet normal -0.968856 -0.247624 0.000000
    outer loop
      vertex 33.8268 57.7024 0.0000
      vertex 33.8291 57.6934 0.0000
      vertex 33.8291 57.6934 2.4000
    endloop
  endfacet
  facet normal -0.968856 -0.247624 0.000000
    outer loop
      vertex 33.8268 57.7024 0.0000
      vertex 33.8291 57.6934 2.4000
      vertex 33.8268 57.7024 2.4000
    endloop
  endfacet
  facet normal -0.937625 -0.347649 0.000000
    outer loop
      vertex 33.8291 57.6934 0.0000
      vertex 33.8362 57.6744 0.0000
      vertex 33.8362 57.6744 2.4000
    endloop
  endfacet
  facet normal -0.937625 -0.347649 0.000000
    outer loop
      vertex 33.8291 57.6934 0.0000
      vertex 33.8362 57.6744 2.4000
      vertex 33.8291 57.6934 2.4000
    endloop
  endfacet
  facet normal -0.880043 -0.474894 0.000000
    outer loop
      vertex 33.8362 57.6744 0.0000
      vertex 33.8428 57.6622 0.0000
      vertex 33.8428 57.6622 2.4000
    endloop
  endfacet
  facet normal -0.880043 -0.474894 0.000000
    outer loop
      vertex 33.8362 57.6744 0.0000
      vertex 33.8428 57.6622 2.4000
      vertex 33.8362 57.6744 2.4000
    endloop
  endfacet
  facet normal -0.805294 -0.592876 0.000000
    outer loop
      vertex 33.8428 57.6622 0.0000
      vertex 33.8510 57.6511 0.0000
      vertex 33.8510 57.6511 2.4000
    endloop
  endfacet
  facet normal -0.805294 -0.592876 0.000000
    outer loop
      vertex 33.8428 57.6622 0.0000
      vertex 33.8510 57.6511 2.4000
      vertex 33.8428 57.6622 2.4000
    endloop
  endfacet
  facet normal -0.714836 -0.699292 0.000000
    outer loop
      vertex 33.8510 57.6511 0.0000
      vertex 33.8651 57.6366 0.0000
      vertex 33.8651 57.6366 2.4000
    endloop
  endfacet
  facet normal -0.714836 -0.699292 0.000000
    outer loop
      vertex 33.8510 57.6511 0.0000
      vertex 33.8651 57.6366 2.4000
      vertex 33.8510 57.6511 2.4000
    endloop
  endfacet
  facet normal -0.637735 -0.770256 0.000000
    outer loop
      vertex 33.8651 57.6366 0.0000
      vertex 33.8723 57.6307 0.0000
      vertex 33.8723 57.6307 2.4000
    endloop
  endfacet
  facet normal -0.637735 -0.770256 0.000000
    outer loop
      vertex 33.8651 57.6366 0.0000
      vertex 33.8723 57.6307 2.4000
      vertex 33.8651 57.6366 2.4000
    endloop
  endfacet
  facet normal -0.610434 -0.792067 0.000000
    outer loop
      vertex 33.8723 57.6307 0.0000
      vertex 34.6206 57.0540 0.0000
      vertex 34.6206 57.0540 2.4000
    endloop
  endfacet
  facet normal -0.610434 -0.792067 0.000000
    outer loop
      vertex 33.8723 57.6307 0.0000
      vertex 34.6206 57.0540 2.4000
      vertex 33.8723 57.6307 2.4000
    endloop
  endfacet
  facet normal -0.585347 -0.810783 0.000000
    outer loop
      vertex 34.6206 57.0540 0.0000
      vertex 34.6273 57.0491 0.0000
      vertex 34.6273 57.0491 2.4000
    endloop
  endfacet
  facet normal -0.585347 -0.810783 0.000000
    outer loop
      vertex 34.6206 57.0540 0.0000
      vertex 34.6273 57.0491 2.4000
      vertex 34.6206 57.0540 2.4000
    endloop
  endfacet
  facet normal -0.506745 -0.862096 0.000000
    outer loop
      vertex 34.6273 57.0491 0.0000
      vertex 34.6430 57.0399 0.0000
      vertex 34.6430 57.0399 2.4000
    endloop
  endfacet
  facet normal -0.506745 -0.862096 0.000000
    outer loop
      vertex 34.6273 57.0491 0.0000
      vertex 34.6430 57.0399 2.4000
      vertex 34.6273 57.0491 2.4000
    endloop
  endfacet
  facet normal -0.395123 -0.918628 0.000000
    outer loop
      vertex 34.6430 57.0399 0.0000
      vertex 34.6544 57.0350 0.0000
      vertex 34.6544 57.0350 2.4000
    endloop
  endfacet
  facet normal -0.395123 -0.918628 0.000000
    outer loop
      vertex 34.6430 57.0399 0.0000
      vertex 34.6544 57.0350 2.4000
      vertex 34.6430 57.0399 2.4000
    endloop
  endfacet
  facet normal -0.277314 -0.960779 0.000000
    outer loop
      vertex 34.6544 57.0350 0.0000
      vertex 34.6663 57.0315 0.0000
      vertex 34.6663 57.0315 2.4000
    endloop
  endfacet
  facet normal -0.277314 -0.960779 0.000000
    outer loop
      vertex 34.6544 57.0350 0.0000
      vertex 34.6663 57.0315 2.4000
      vertex 34.6544 57.0350 2.4000
    endloop
  endfacet
  facet normal -0.155164 -0.987889 0.000000
    outer loop
      vertex 34.6663 57.0315 0.0000
      vertex 34.6786 57.0296 0.0000
      vertex 34.6786 57.0296 2.4000
    endloop
  endfacet
  facet normal -0.155164 -0.987889 0.000000
    outer loop
      vertex 34.6663 57.0315 0.0000
      vertex 34.6786 57.0296 2.4000
      vertex 34.6663 57.0315 2.4000
    endloop
  endfacet
  facet normal -0.030585 -0.999532 0.000000
    outer loop
      vertex 34.6786 57.0296 0.0000
      vertex 34.6910 57.0292 0.0000
      vertex 34.6910 57.0292 2.4000
    endloop
  endfacet
  facet normal -0.030585 -0.999532 0.000000
    outer loop
      vertex 34.6786 57.0296 0.0000
      vertex 34.6910 57.0292 2.4000
      vertex 34.6786 57.0296 2.4000
    endloop
  endfacet
  facet normal 0.094473 -0.995527 0.000000
    outer loop
      vertex 34.6910 57.0292 0.0000
      vertex 34.7033 57.0304 0.0000
      vertex 34.7033 57.0304 2.4000
    endloop
  endfacet
  facet normal 0.094473 -0.995527 0.000000
    outer loop
      vertex 34.6910 57.0292 0.0000
      vertex 34.7033 57.0304 2.4000
      vertex 34.6910 57.0292 2.4000
    endloop
  endfacet
  facet normal 0.218051 -0.975937 0.000000
    outer loop
      vertex 34.7033 57.0304 0.0000
      vertex 34.7211 57.0344 0.0000
      vertex 34.7211 57.0344 2.4000
    endloop
  endfacet
  facet normal 0.218051 -0.975937 0.000000
    outer loop
      vertex 34.7033 57.0304 0.0000
      vertex 34.7211 57.0344 2.4000
      vertex 34.7033 57.0304 2.4000
    endloop
  endfacet
  facet normal 0.308599 -0.951192 0.000000
    outer loop
      vertex 34.7211 57.0344 0.0000
      vertex 34.7290 57.0369 0.0000
      vertex 34.7290 57.0369 2.4000
    endloop
  endfacet
  facet normal 0.308599 -0.951192 0.000000
    outer loop
      vertex 34.7211 57.0344 0.0000
      vertex 34.7290 57.0369 2.4000
      vertex 34.7211 57.0344 2.4000
    endloop
  endfacet
  facet normal 0.338217 -0.941068 0.000000
    outer loop
      vertex 34.7290 57.0369 0.0000
      vertex 36.0320 57.5052 0.0000
      vertex 36.0320 57.5052 2.4000
    endloop
  endfacet
  facet normal 0.338217 -0.941068 0.000000
    outer loop
      vertex 34.7290 57.0369 0.0000
      vertex 36.0320 57.5052 2.4000
      vertex 34.7290 57.0369 2.4000
    endloop
  endfacet
  facet normal 0.345551 -0.938400 0.000000
    outer loop
      vertex 36.0320 57.5052 0.0000
      vertex 36.0343 57.5061 0.0000
      vertex 36.0343 57.5061 2.4000
    endloop
  endfacet
  facet normal 0.345551 -0.938400 0.000000
    outer loop
      vertex 36.0320 57.5052 0.0000
      vertex 36.0343 57.5061 2.4000
      vertex 36.0320 57.5052 2.4000
    endloop
  endfacet
  facet normal 0.358076 -0.933692 0.000000
    outer loop
      vertex 36.0343 57.5061 0.0000
      vertex 36.0391 57.5079 0.0000
      vertex 36.0391 57.5079 2.4000
    endloop
  endfacet
  facet normal 0.358076 -0.933692 0.000000
    outer loop
      vertex 36.0343 57.5061 0.0000
      vertex 36.0391 57.5079 2.4000
      vertex 36.0343 57.5061 2.4000
    endloop
  endfacet
  facet normal 0.367428 -0.930052 0.000000
    outer loop
      vertex 36.0391 57.5079 0.0000
      vertex 37.3145 58.0118 0.0000
      vertex 37.3145 58.0118 2.4000
    endloop
  endfacet
  facet normal 0.367428 -0.930052 0.000000
    outer loop
      vertex 36.0391 57.5079 0.0000
      vertex 37.3145 58.0118 2.4000
      vertex 36.0391 57.5079 2.4000
    endloop
  endfacet
  facet normal 0.308625 -0.951184 0.000000
    outer loop
      vertex 37.3145 58.0118 0.0000
      vertex 37.3739 58.0310 0.0000
      vertex 37.3739 58.0310 2.4000
    endloop
  endfacet
  facet normal 0.308625 -0.951184 0.000000
    outer loop
      vertex 37.3145 58.0118 0.0000
      vertex 37.3739 58.0310 2.4000
      vertex 37.3145 58.0118 2.4000
    endloop
  endfacet
  facet normal 0.187638 -0.982238 0.000000
    outer loop
      vertex 37.3739 58.0310 0.0000
      vertex 37.4352 58.0428 0.0000
      vertex 37.4352 58.0428 2.4000
    endloop
  endfacet
  facet normal 0.187638 -0.982238 0.000000
    outer loop
      vertex 37.3739 58.0310 0.0000
      vertex 37.4352 58.0428 2.4000
      vertex 37.3739 58.0310 2.4000
    endloop
  endfacet
  facet normal 0.063723 -0.997968 0.000000
    outer loop
      vertex 37.4352 58.0428 0.0000
      vertex 37.4975 58.0467 0.0000
      vertex 37.4975 58.0467 2.4000
    endloop
  endfacet
  facet normal 0.063723 -0.997968 0.000000
    outer loop
      vertex 37.4352 58.0428 0.0000
      vertex 37.4975 58.0467 2.4000
      vertex 37.4352 58.0428 2.4000
    endloop
  endfacet
  facet normal -0.061186 -0.998126 0.000000
    outer loop
      vertex 37.4975 58.0467 0.0000
      vertex 37.5599 58.0429 0.0000
      vertex 37.5599 58.0429 2.4000
    endloop
  endfacet
  facet normal -0.061186 -0.998126 0.000000
    outer loop
      vertex 37.4975 58.0467 0.0000
      vertex 37.5599 58.0429 2.4000
      vertex 37.4975 58.0467 2.4000
    endloop
  endfacet
  facet normal -0.185140 -0.982712 0.000000
    outer loop
      vertex 37.5599 58.0429 0.0000
      vertex 37.6213 58.0314 0.0000
      vertex 37.6213 58.0314 2.4000
    endloop
  endfacet
  facet normal -0.185140 -0.982712 0.000000
    outer loop
      vertex 37.5599 58.0429 0.0000
      vertex 37.6213 58.0314 2.4000
      vertex 37.5599 58.0429 2.4000
    endloop
  endfacet
  facet normal -0.246154 -0.969231 0.000000
    outer loop
      vertex 37.6213 58.0314 0.0000
      vertex 38.3847 57.8375 0.0000
      vertex 38.3847 57.8375 2.4000
    endloop
  endfacet
  facet normal -0.246154 -0.969231 0.000000
    outer loop
      vertex 37.6213 58.0314 0.0000
      vertex 38.3847 57.8375 2.4000
      vertex 37.6213 58.0314 2.4000
    endloop
  endfacet
  facet normal -0.304661 -0.952461 0.000000
    outer loop
      vertex 38.3847 57.8375 0.0000
      vertex 38.4427 57.8189 0.0000
      vertex 38.4427 57.8189 2.4000
    endloop
  endfacet
  facet normal -0.304661 -0.952461 0.000000
    outer loop
      vertex 38.3847 57.8375 0.0000
      vertex 38.4427 57.8189 2.4000
      vertex 38.3847 57.8375 2.4000
    endloop
  endfacet
  facet normal -0.418078 -0.908411 0.000000
    outer loop
      vertex 38.4427 57.8189 0.0000
      vertex 38.4979 57.7935 0.0000
      vertex 38.4979 57.7935 2.4000
    endloop
  endfacet
  facet normal -0.418078 -0.908411 0.000000
    outer loop
      vertex 38.4427 57.8189 0.0000
      vertex 38.4979 57.7935 2.4000
      vertex 38.4427 57.8189 2.4000
    endloop
  endfacet
  facet normal -0.525306 -0.850914 0.000000
    outer loop
      vertex 38.4979 57.7935 0.0000
      vertex 38.5497 57.7615 0.0000
      vertex 38.5497 57.7615 2.4000
    endloop
  endfacet
  facet normal -0.525306 -0.850914 0.000000
    outer loop
      vertex 38.4979 57.7935 0.0000
      vertex 38.5497 57.7615 2.4000
      vertex 38.4979 57.7935 2.4000
    endloop
  endfacet
  facet normal -0.624757 -0.780820 0.000000
    outer loop
      vertex 38.5497 57.7615 0.0000
      vertex 38.5972 57.7235 0.0000
      vertex 38.5972 57.7235 2.4000
    endloop
  endfacet
  facet normal -0.624757 -0.780820 0.000000
    outer loop
      vertex 38.5497 57.7615 0.0000
      vertex 38.5972 57.7235 2.4000
      vertex 38.5497 57.7615 2.4000
    endloop
  endfacet
  facet normal -0.714959 -0.699166 0.000000
    outer loop
      vertex 38.5972 57.7235 0.0000
      vertex 38.6397 57.6800 0.0000
      vertex 38.6397 57.6800 2.4000
    endloop
  endfacet
  facet normal -0.714959 -0.699166 0.000000
    outer loop
      vertex 38.5972 57.7235 0.0000
      vertex 38.6397 57.6800 2.4000
      vertex 38.5972 57.7235 2.4000
    endloop
  endfacet
  facet normal -0.756169 -0.654377 0.000000
    outer loop
      vertex 38.6397 57.6800 0.0000
      vertex 39.2525 56.9719 0.0000
      vertex 39.2525 56.9719 2.4000
    endloop
  endfacet
  facet normal -0.756169 -0.654377 0.000000
    outer loop
      vertex 38.6397 57.6800 0.0000
      vertex 39.2525 56.9719 2.4000
      vertex 38.6397 57.6800 2.4000
    endloop
  endfacet
  facet normal -0.795261 -0.606267 0.000000
    outer loop
      vertex 39.2525 56.9719 0.0000
      vertex 39.2901 56.9227 0.0000
      vertex 39.2901 56.9227 2.4000
    endloop
  endfacet
  facet normal -0.795261 -0.606267 0.000000
    outer loop
      vertex 39.2525 56.9719 0.0000
      vertex 39.2901 56.9227 2.4000
      vertex 39.2525 56.9719 2.4000
    endloop
  endfacet
  facet normal -0.864140 -0.503251 0.000000
    outer loop
      vertex 39.2901 56.9227 0.0000
      vertex 39.3212 56.8691 0.0000
      vertex 39.3212 56.8691 2.4000
    endloop
  endfacet
  facet normal -0.864140 -0.503251 0.000000
    outer loop
      vertex 39.2901 56.9227 0.0000
      vertex 39.3212 56.8691 2.4000
      vertex 39.2901 56.9227 2.4000
    endloop
  endfacet
  facet normal -0.919749 -0.392507 0.000000
    outer loop
      vertex 39.3212 56.8691 0.0000
      vertex 39.3456 56.8121 0.0000
      vertex 39.3456 56.8121 2.4000
    endloop
  endfacet
  facet normal -0.919749 -0.392507 0.000000
    outer loop
      vertex 39.3212 56.8691 0.0000
      vertex 39.3456 56.8121 2.4000
      vertex 39.3212 56.8691 2.4000
    endloop
  endfacet
  facet normal -0.942302 -0.334765 0.000000
    outer loop
      vertex 39.3456 56.8121 0.0000
      vertex 39.7696 55.6185 0.0000
      vertex 39.7696 55.6185 2.4000
    endloop
  endfacet
  facet normal -0.942302 -0.334765 0.000000
    outer loop
      vertex 39.3456 56.8121 0.0000
      vertex 39.7696 55.6185 2.4000
      vertex 39.3456 56.8121 2.4000
    endloop
  endfacet
  facet normal -0.960641 -0.277794 0.000000
    outer loop
      vertex 39.7696 55.6185 0.0000
      vertex 39.7862 55.5611 0.0000
      vertex 39.7862 55.5611 2.4000
    endloop
  endfacet
  facet normal -0.960641 -0.277794 0.000000
    outer loop
      vertex 39.7696 55.6185 0.0000
      vertex 39.7862 55.5611 2.4000
      vertex 39.7696 55.6185 2.4000
    endloop
  endfacet
  facet normal -0.986942 -0.161073 0.000000
    outer loop
      vertex 39.7862 55.5611 0.0000
      vertex 39.7959 55.5020 0.0000
      vertex 39.7959 55.5020 2.4000
    endloop
  endfacet
  facet normal -0.986942 -0.161073 0.000000
    outer loop
      vertex 39.7862 55.5611 0.0000
      vertex 39.7959 55.5020 2.4000
      vertex 39.7862 55.5611 2.4000
    endloop
  endfacet
  facet normal -0.994811 -0.101742 0.000000
    outer loop
      vertex 39.7959 55.5020 0.0000
      vertex 39.9443 54.0509 0.0000
      vertex 39.9443 54.0509 2.4000
    endloop
  endfacet
  facet normal -0.994811 -0.101742 0.000000
    outer loop
      vertex 39.7959 55.5020 0.0000
      vertex 39.9443 54.0509 2.4000
      vertex 39.7959 55.5020 2.4000
    endloop
  endfacet
  facet normal -0.998702 -0.050937 0.000000
    outer loop
      vertex 39.9443 54.0509 0.0000
      vertex 39.9469 54.0000 0.0000
      vertex 39.9469 54.0000 2.4000
    endloop
  endfacet
  facet normal -0.998702 -0.050937 0.000000
    outer loop
      vertex 39.9443 54.0509 0.0000
      vertex 39.9469 54.0000 2.4000
      vertex 39.9443 54.0509 2.4000
    endloop
  endfacet
  facet normal -0.998702 0.050937 0.000000
    outer loop
      vertex 39.9469 54.0000 0.0000
      vertex 39.9443 53.9491 0.0000
      vertex 39.9443 53.9491 2.4000
    endloop
  endfacet
  facet normal -0.998702 0.050937 0.000000
    outer loop
      vertex 39.9469 54.0000 0.0000
      vertex 39.9443 53.9491 2.4000
      vertex 39.9469 54.0000 2.4000
    endloop
  endfacet
  facet normal -0.994811 0.101742 0.000000
    outer loop
      vertex 39.9443 53.9491 0.0000
      vertex 39.7959 52.4980 0.0000
      vertex 39.7959 52.4980 2.4000
    endloop
  endfacet
  facet normal -0.994811 0.101742 0.000000
    outer loop
      vertex 39.9443 53.9491 0.0000
      vertex 39.7959 52.4980 2.4000
      vertex 39.9443 53.9491 2.4000
    endloop
  endfacet
  facet normal -0.986942 0.161073 0.000000
    outer loop
      vertex 39.7959 52.4980 0.0000
      vertex 39.7862 52.4389 0.0000
      vertex 39.7862 52.4389 2.4000
    endloop
  endfacet
  facet normal -0.986942 0.161073 0.000000
    outer loop
      vertex 39.7959 52.4980 0.0000
      vertex 39.7862 52.4389 2.4000
      vertex 39.7959 52.4980 2.4000
    endloop
  endfacet
  facet normal -0.960641 0.277794 0.000000
    outer loop
      vertex 39.7862 52.4389 0.0000
      vertex 39.7696 52.3815 0.0000
      vertex 39.7696 52.3815 2.4000
    endloop
  endfacet
  facet normal -0.960641 0.277794 0.000000
    outer loop
      vertex 39.7862 52.4389 0.0000
      vertex 39.7696 52.3815 2.4000
      vertex 39.7862 52.4389 2.4000
    endloop
  endfacet
  facet normal -0.942302 0.334765 0.000000
    outer loop
      vertex 39.7696 52.3815 0.0000
      vertex 39.3456 51.1879 0.0000
      vertex 39.3456 51.1879 2.4000
    endloop
  endfacet
  facet normal -0.942302 0.334765 0.000000
    outer loop
      vertex 39.7696 52.3815 0.0000
      vertex 39.3456 51.1879 2.4000
      vertex 39.7696 52.3815 2.4000
    endloop
  endfacet
  facet normal -0.919749 0.392507 0.000000
    outer loop
      vertex 39.3456 51.1879 0.0000
      vertex 39.3212 51.1309 0.0000
      vertex 39.3212 51.1309 2.4000
    endloop
  endfacet
  facet normal -0.919749 0.392507 0.000000
    outer loop
      vertex 39.3456 51.1879 0.0000
      vertex 39.3212 51.1309 2.4000
      vertex 39.3456 51.1879 2.4000
    endloop
  endfacet
  facet normal -0.864140 0.503251 0.000000
    outer loop
      vertex 39.3212 51.1309 0.0000
      vertex 39.2901 51.0773 0.0000
      vertex 39.2901 51.0773 2.4000
    endloop
  endfacet
  facet normal -0.864140 0.503251 0.000000
    outer loop
      vertex 39.3212 51.1309 0.0000
      vertex 39.2901 51.0773 2.4000
      vertex 39.3212 51.1309 2.4000
    endloop
  endfacet
  facet normal -0.795261 0.606267 0.000000
    outer loop
      vertex 39.2901 51.0773 0.0000
      vertex 39.2525 51.0281 0.0000
      vertex 39.2525 51.0281 2.4000
    endloop
  endfacet
  facet normal -0.795261 0.606267 0.000000
    outer loop
      vertex 39.2901 51.0773 0.0000
      vertex 39.2525 51.0281 2.4000
      vertex 39.2901 51.0773 2.4000
    endloop
  endfacet
  facet normal -0.756169 0.654377 0.000000
    outer loop
      vertex 39.2525 51.0281 0.0000
      vertex 38.6397 50.3200 0.0000
      vertex 38.6397 50.3200 2.4000
    endloop
  endfacet
  facet normal -0.756169 0.654377 0.000000
    outer loop
      vertex 39.2525 51.0281 0.0000
      vertex 38.6397 50.3200 2.4000
      vertex 39.2525 51.0281 2.4000
    endloop
  endfacet
  facet normal -0.714959 0.699166 0.000000
    outer loop
      vertex 38.6397 50.3200 0.0000
      vertex 38.5972 50.2765 0.0000
      vertex 38.5972 50.2765 2.4000
    endloop
  endfacet
  facet normal -0.714959 0.699166 0.000000
    outer loop
      vertex 38.6397 50.3200 0.0000
      vertex 38.5972 50.2765 2.4000
      vertex 38.6397 50.3200 2.4000
    endloop
  endfacet
  facet normal -0.624757 0.780820 0.000000
    outer loop
      vertex 38.5972 50.2765 0.0000
      vertex 38.5497 50.2385 0.0000
      vertex 38.5497 50.2385 2.4000
    endloop
  endfacet
  facet normal -0.624757 0.780820 0.000000
    outer loop
      vertex 38.5972 50.2765 0.0000
      vertex 38.5497 50.2385 2.4000
      vertex 38.5972 50.2765 2.4000
    endloop
  endfacet
  facet normal -0.525306 0.850914 0.000000
    outer loop
      vertex 38.5497 50.2385 0.0000
      vertex 38.4979 50.2065 0.0000
      vertex 38.4979 50.2065 2.4000
    endloop
  endfacet
  facet normal -0.525306 0.850914 0.000000
    outer loop
      vertex 38.5497 50.2385 0.0000
      vertex 38.4979 50.2065 2.4000
      vertex 38.5497 50.2385 2.4000
    endloop
  endfacet
  facet normal -0.418078 0.908411 0.000000
    outer loop
      vertex 38.4979 50.2065 0.0000
      vertex 38.4427 50.1811 0.0000
      vertex 38.4427 50.1811 2.4000
    endloop
  endfacet
  facet normal -0.418078 0.908411 0.000000
    outer loop
      vertex 38.4979 50.2065 0.0000
      vertex 38.4427 50.1811 2.4000
      vertex 38.4979 50.2065 2.4000
    endloop
  endfacet
  facet normal -0.304661 0.952461 0.000000
    outer loop
      vertex 38.4427 50.1811 0.0000
      vertex 38.3847 50.1625 0.0000
      vertex 38.3847 50.1625 2.4000
    endloop
  endfacet
  facet normal -0.304661 0.952461 0.000000
    outer loop
      vertex 38.4427 50.1811 0.0000
      vertex 38.3847 50.1625 2.4000
      vertex 38.4427 50.1811 2.4000
    endloop
  endfacet
  facet normal -0.246154 0.969231 0.000000
    outer loop
      vertex 38.3847 50.1625 0.0000
      vertex 37.6213 49.9686 0.0000
      vertex 37.6213 49.9686 2.4000
    endloop
  endfacet
  facet normal -0.246154 0.969231 0.000000
    outer loop
      vertex 38.3847 50.1625 0.0000
      vertex 37.6213 49.9686 2.4000
      vertex 38.3847 50.1625 2.4000
    endloop
  endfacet
  facet normal -0.185140 0.982712 0.000000
    outer loop
      vertex 37.6213 49.9686 0.0000
      vertex 37.5599 49.9571 0.0000
      vertex 37.5599 49.9571 2.4000
    endloop
  endfacet
  facet normal -0.185140 0.982712 0.000000
    outer loop
      vertex 37.6213 49.9686 0.0000
      vertex 37.5599 49.9571 2.4000
      vertex 37.6213 49.9686 2.4000
    endloop
  endfacet
  facet normal -0.061186 0.998126 0.000000
    outer loop
      vertex 37.5599 49.9571 0.0000
      vertex 37.4975 49.9533 0.0000
      vertex 37.4975 49.9533 2.4000
    endloop
  endfacet
  facet normal -0.061186 0.998126 0.000000
    outer loop
      vertex 37.5599 49.9571 0.0000
      vertex 37.4975 49.9533 2.4000
      vertex 37.5599 49.9571 2.4000
    endloop
  endfacet
  facet normal 0.063723 0.997968 0.000000
    outer loop
      vertex 37.4975 49.9533 0.0000
      vertex 37.4352 49.9572 0.0000
      vertex 37.4352 49.9572 2.4000
    endloop
  endfacet
  facet normal 0.063723 0.997968 -0.000000
    outer loop
      vertex 37.4975 49.9533 0.0000
      vertex 37.4352 49.9572 2.4000
      vertex 37.4975 49.9533 2.4000
    endloop
  endfacet
  facet normal 0.187638 0.982238 0.000000
    outer loop
      vertex 37.4352 49.9572 0.0000
      vertex 37.3739 49.9690 0.0000
      vertex 37.3739 49.9690 2.4000
    endloop
  endfacet
  facet normal 0.187638 0.982238 -0.000000
    outer loop
      vertex 37.4352 49.9572 0.0000
      vertex 37.3739 49.9690 2.4000
      vertex 37.4352 49.9572 2.4000
    endloop
  endfacet
  facet normal 0.308625 0.951184 0.000000
    outer loop
      vertex 37.3739 49.9690 0.0000
      vertex 37.3145 49.9882 0.0000
      vertex 37.3145 49.9882 2.4000
    endloop
  endfacet
  facet normal 0.308625 0.951184 -0.000000
    outer loop
      vertex 37.3739 49.9690 0.0000
      vertex 37.3145 49.9882 2.4000
      vertex 37.3739 49.9690 2.4000
    endloop
  endfacet
  facet normal 0.367428 0.930052 0.000000
    outer loop
      vertex 37.3145 49.9882 0.0000
      vertex 36.0386 50.4923 0.0000
      vertex 36.0386 50.4923 2.4000
    endloop
  endfacet
  facet normal 0.367428 0.930052 -0.000000
    outer loop
      vertex 37.3145 49.9882 0.0000
      vertex 36.0386 50.4923 2.4000
      vertex 37.3145 49.9882 2.4000
    endloop
  endfacet
  facet normal 0.360158 0.932891 0.000000
    outer loop
      vertex 36.0386 50.4923 0.0000
      vertex 36.0362 50.4932 0.0000
      vertex 36.0362 50.4932 2.4000
    endloop
  endfacet
  facet normal 0.360158 0.932891 -0.000000
    outer loop
      vertex 36.0386 50.4923 0.0000
      vertex 36.0362 50.4932 2.4000
      vertex 36.0386 50.4923 2.4000
    endloop
  endfacet
  facet normal 0.347643 0.937627 0.000000
    outer loop
      vertex 36.0362 50.4932 0.0000
      vertex 36.0315 50.4950 0.0000
      vertex 36.0315 50.4950 2.4000
    endloop
  endfacet
  facet normal 0.347643 0.937627 -0.000000
    outer loop
      vertex 36.0362 50.4932 0.0000
      vertex 36.0315 50.4950 2.4000
      vertex 36.0362 50.4932 2.4000
    endloop
  endfacet
  facet normal 0.338217 0.941068 0.000000
    outer loop
      vertex 36.0315 50.4950 0.0000
      vertex 34.7290 50.9631 0.0000
      vertex 34.7290 50.9631 2.4000
    endloop
  endfacet
  facet normal 0.338217 0.941068 -0.000000
    outer loop
      vertex 36.0315 50.4950 0.0000
      vertex 34.7290 50.9631 2.4000
      vertex 36.0315 50.4950 2.4000
    endloop
  endfacet
  facet normal 0.308599 0.951192 0.000000
    outer loop
      vertex 34.7290 50.9631 0.0000
      vertex 34.7211 50.9656 0.0000
      vertex 34.7211 50.9656 2.4000
    endloop
  endfacet
  facet normal 0.308599 0.951192 -0.000000
    outer loop
      vertex 34.7290 50.9631 0.0000
      vertex 34.7211 50.9656 2.4000
      vertex 34.7290 50.9631 2.4000
    endloop
  endfacet
  facet normal 0.218051 0.975937 0.000000
    outer loop
      vertex 34.7211 50.9656 0.0000
      vertex 34.7033 50.9696 0.0000
      vertex 34.7033 50.9696 2.4000
    endloop
  endfacet
  facet normal 0.218051 0.975937 -0.000000
    outer loop
      vertex 34.7211 50.9656 0.0000
      vertex 34.7033 50.9696 2.4000
      vertex 34.7211 50.9656 2.4000
    endloop
  endfacet
  facet normal 0.094473 0.995527 0.000000
    outer loop
      vertex 34.7033 50.9696 0.0000
      vertex 34.6910 50.9708 0.0000
      vertex 34.6910 50.9708 2.4000
    endloop
  endfacet
  facet normal 0.094473 0.995527 -0.000000
    outer loop
      vertex 34.7033 50.9696 0.0000
      vertex 34.6910 50.9708 2.4000
      vertex 34.7033 50.9696 2.4000
    endloop
  endfacet
  facet normal -0.030585 0.999532 0.000000
    outer loop
      vertex 34.6910 50.9708 0.0000
      vertex 34.6786 50.9704 0.0000
      vertex 34.6786 50.9704 2.4000
    endloop
  endfacet
  facet normal -0.030585 0.999532 0.000000
    outer loop
      vertex 34.6910 50.9708 0.0000
      vertex 34.6786 50.9704 2.4000
      vertex 34.6910 50.9708 2.4000
    endloop
  endfacet
  facet normal -0.155164 0.987889 0.000000
    outer loop
      vertex 34.6786 50.9704 0.0000
      vertex 34.6663 50.9685 0.0000
      vertex 34.6663 50.9685 2.4000
    endloop
  endfacet
  facet normal -0.155164 0.987889 0.000000
    outer loop
      vertex 34.6786 50.9704 0.0000
      vertex 34.6663 50.9685 2.4000
      vertex 34.6786 50.9704 2.4000
    endloop
  endfacet
  facet normal -0.277314 0.960779 0.000000
    outer loop
      vertex 34.6663 50.9685 0.0000
      vertex 34.6544 50.9650 0.0000
      vertex 34.6544 50.9650 2.4000
    endloop
  endfacet
  facet normal -0.277314 0.960779 0.000000
    outer loop
      vertex 34.6663 50.9685 0.0000
      vertex 34.6544 50.9650 2.4000
      vertex 34.6663 50.9685 2.4000
    endloop
  endfacet
  facet normal -0.395123 0.918628 0.000000
    outer loop
      vertex 34.6544 50.9650 0.0000
      vertex 34.6430 50.9601 0.0000
      vertex 34.6430 50.9601 2.4000
    endloop
  endfacet
  facet normal -0.395123 0.918628 0.000000
    outer loop
      vertex 34.6544 50.9650 0.0000
      vertex 34.6430 50.9601 2.4000
      vertex 34.6544 50.9650 2.4000
    endloop
  endfacet
  facet normal -0.506745 0.862096 0.000000
    outer loop
      vertex 34.6430 50.9601 0.0000
      vertex 34.6273 50.9509 0.0000
      vertex 34.6273 50.9509 2.4000
    endloop
  endfacet
  facet normal -0.506745 0.862096 0.000000
    outer loop
      vertex 34.6430 50.9601 0.0000
      vertex 34.6273 50.9509 2.4000
      vertex 34.6430 50.9601 2.4000
    endloop
  endfacet
  facet normal -0.585347 0.810783 0.000000
    outer loop
      vertex 34.6273 50.9509 0.0000
      vertex 34.6206 50.9460 0.0000
      vertex 34.6206 50.9460 2.4000
    endloop
  endfacet
  facet normal -0.585347 0.810783 0.000000
    outer loop
      vertex 34.6273 50.9509 0.0000
      vertex 34.6206 50.9460 2.4000
      vertex 34.6273 50.9509 2.4000
    endloop
  endfacet
  facet normal -0.610434 0.792067 0.000000
    outer loop
      vertex 34.6206 50.9460 0.0000
      vertex 33.8723 50.3693 0.0000
      vertex 33.8723 50.3693 2.4000
    endloop
  endfacet
  facet normal -0.610434 0.792067 0.000000
    outer loop
      vertex 34.6206 50.9460 0.0000
      vertex 33.8723 50.3693 2.4000
      vertex 34.6206 50.9460 2.4000
    endloop
  endfacet
  facet normal -0.637735 0.770256 0.000000
    outer loop
      vertex 33.8723 50.3693 0.0000
      vertex 33.8651 50.3634 0.0000
      vertex 33.8651 50.3634 2.4000
    endloop
  endfacet
  facet normal -0.637735 0.770256 0.000000
    outer loop
      vertex 33.8723 50.3693 0.0000
      vertex 33.8651 50.3634 2.4000
      vertex 33.8723 50.3693 2.4000
    endloop
  endfacet
  facet normal -0.714836 0.699292 0.000000
    outer loop
      vertex 33.8651 50.3634 0.0000
      vertex 33.8510 50.3489 0.0000
      vertex 33.8510 50.3489 2.4000
    endloop
  endfacet
  facet normal -0.714836 0.699292 0.000000
    outer loop
      vertex 33.8651 50.3634 0.0000
      vertex 33.8510 50.3489 2.4000
      vertex 33.8651 50.3634 2.4000
    endloop
  endfacet
  facet normal -0.805294 0.592876 0.000000
    outer loop
      vertex 33.8510 50.3489 0.0000
      vertex 33.8428 50.3378 0.0000
      vertex 33.8428 50.3378 2.4000
    endloop
  endfacet
  facet normal -0.805294 0.592876 0.000000
    outer loop
      vertex 33.8510 50.3489 0.0000
      vertex 33.8428 50.3378 2.4000
      vertex 33.8510 50.3489 2.4000
    endloop
  endfacet
  facet normal -0.880043 0.474894 0.000000
    outer loop
      vertex 33.8428 50.3378 0.0000
      vertex 33.8362 50.3256 0.0000
      vertex 33.8362 50.3256 2.4000
    endloop
  endfacet
  facet normal -0.880043 0.474894 0.000000
    outer loop
      vertex 33.8428 50.3378 0.0000
      vertex 33.8362 50.3256 2.4000
      vertex 33.8428 50.3378 2.4000
    endloop
  endfacet
  facet normal -0.937625 0.347649 0.000000
    outer loop
      vertex 33.8362 50.3256 0.0000
      vertex 33.8291 50.3066 0.0000
      vertex 33.8291 50.3066 2.4000
    endloop
  endfacet
  facet normal -0.937625 0.347649 0.000000
    outer loop
      vertex 33.8362 50.3256 0.0000
      vertex 33.8291 50.3066 2.4000
      vertex 33.8362 50.3256 2.4000
    endloop
  endfacet
  facet normal -0.968856 0.247624 0.000000
    outer loop
      vertex 33.8291 50.3066 0.0000
      vertex 33.8268 50.2976 0.0000
      vertex 33.8268 50.2976 2.4000
    endloop
  endfacet
  facet normal -0.968856 0.247624 0.000000
    outer loop
      vertex 33.8291 50.3066 0.0000
      vertex 33.8268 50.2976 2.4000
      vertex 33.8291 50.3066 2.4000
    endloop
  endfacet
  facet normal -0.976916 0.213622 0.000000
    outer loop
      vertex 33.8268 50.2976 0.0000
      vertex 33.5225 48.9059 0.0000
      vertex 33.5225 48.9059 2.4000
    endloop
  endfacet
  facet normal -0.976916 0.213622 0.000000
    outer loop
      vertex 33.8268 50.2976 0.0000
      vertex 33.5225 48.9059 2.4000
      vertex 33.8268 50.2976 2.4000
    endloop
  endfacet
  facet normal -0.982877 0.184261 0.000000
    outer loop
      vertex 33.5225 48.9059 0.0000
      vertex 33.5210 48.8980 0.0000
      vertex 33.5210 48.8980 2.4000
    endloop
  endfacet
  facet normal -0.982877 0.184261 0.000000
    outer loop
      vertex 33.5225 48.9059 0.0000
      vertex 33.5210 48.8980 2.4000
      vertex 33.5225 48.9059 2.4000
    endloop
  endfacet
  facet normal -0.995449 0.095292 0.000000
    outer loop
      vertex 33.5210 48.8980 0.0000
      vertex 33.5189 48.8752 0.0000
      vertex 33.5189 48.8752 2.4000
    endloop
  endfacet
  facet normal -0.995449 0.095292 0.000000
    outer loop
      vertex 33.5210 48.8980 0.0000
      vertex 33.5189 48.8752 2.4000
      vertex 33.5210 48.8980 2.4000
    endloop
  endfacet
  facet normal -0.999985 0.005554 0.000000
    outer loop
      vertex 33.5189 48.8752 0.0000
      vertex 33.5188 48.8673 0.0000
      vertex 33.5188 48.8673 2.4000
    endloop
  endfacet
  facet normal -0.999985 0.005554 0.000000
    outer loop
      vertex 33.5189 48.8752 0.0000
      vertex 33.5188 48.8673 2.4000
      vertex 33.5189 48.8752 2.4000
    endloop
  endfacet
  facet normal -0.999702 -0.024405 0.000000
    outer loop
      vertex 33.5188 48.8673 0.0000
      vertex 33.5671 46.8906 0.0000
      vertex 33.5671 46.8906 2.4000
    endloop
  endfacet
  facet normal -0.999702 -0.024405 0.000000
    outer loop
      vertex 33.5188 48.8673 0.0000
      vertex 33.5671 46.8906 2.4000
      vertex 33.5188 48.8673 2.4000
    endloop
  endfacet
  facet normal -0.998697 -0.051030 0.000000
    outer loop
      vertex 33.5671 46.8906 0.0000
      vertex 33.5677 46.8787 0.0000
      vertex 33.5677 46.8787 2.4000
    endloop
  endfacet
  facet normal -0.998697 -0.051030 0.000000
    outer loop
      vertex 33.5671 46.8906 0.0000
      vertex 33.5677 46.8787 2.4000
      vertex 33.5671 46.8906 2.4000
    endloop
  endfacet
  facet normal -0.994561 -0.104153 0.000000
    outer loop
      vertex 33.5677 46.8787 0.0000
      vertex 33.5689 46.8667 0.0000
      vertex 33.5689 46.8667 2.4000
    endloop
  endfacet
  facet normal -0.994561 -0.104153 0.000000
    outer loop
      vertex 33.5677 46.8787 0.0000
      vertex 33.5689 46.8667 2.4000
      vertex 33.5677 46.8787 2.4000
    endloop
  endfacet
  facet normal -0.991433 -0.130613 0.000000
    outer loop
      vertex 33.5689 46.8667 0.0000
      vertex 33.8754 44.5406 0.0000
      vertex 33.8754 44.5406 2.4000
    endloop
  endfacet
  facet normal -0.991433 -0.130613 0.000000
    outer loop
      vertex 33.5689 46.8667 0.0000
      vertex 33.8754 44.5406 2.4000
      vertex 33.5689 46.8667 2.4000
    endloop
  endfacet
  facet normal -0.989403 -0.145195 0.000000
    outer loop
      vertex 33.8754 44.5406 0.0000
      vertex 33.8763 44.5340 0.0000
      vertex 33.8763 44.5340 2.4000
    endloop
  endfacet
  facet normal -0.989403 -0.145195 0.000000
    outer loop
      vertex 33.8754 44.5406 0.0000
      vertex 33.8763 44.5340 2.4000
      vertex 33.8754 44.5406 2.4000
    endloop
  endfacet
  facet normal -0.984699 -0.174262 0.000000
    outer loop
      vertex 33.8763 44.5340 0.0000
      vertex 33.8775 44.5275 0.0000
      vertex 33.8775 44.5275 2.4000
    endloop
  endfacet
  facet normal -0.984699 -0.174262 0.000000
    outer loop
      vertex 33.8763 44.5340 0.0000
      vertex 33.8775 44.5275 2.4000
      vertex 33.8763 44.5340 2.4000
    endloop
  endfacet
  facet normal -0.982027 -0.188740 0.000000
    outer loop
      vertex 33.8775 44.5275 0.0000
      vertex 34.3462 42.0890 0.0000
      vertex 34.3462 42.0890 2.4000
    endloop
  endfacet
  facet normal -0.982027 -0.188740 0.000000
    outer loop
      vertex 33.8775 44.5275 0.0000
      vertex 34.3462 42.0890 2.4000
      vertex 33.8775 44.5275 2.4000
    endloop
  endfacet
  facet normal -0.980235 -0.197838 0.000000
    outer loop
      vertex 34.3462 42.0890 0.0000
      vertex 34.3467 42.0861 0.0000
      vertex 34.3467 42.0861 2.4000
    endloop
  endfacet
  facet normal -0.980235 -0.197838 0.000000
    outer loop
      vertex 34.3462 42.0890 0.0000
      vertex 34.3467 42.0861 2.4000
      vertex 34.3462 42.0890 2.4000
    endloop
  endfacet
  facet normal -0.976966 -0.213394 0.000000
    outer loop
      vertex 34.3467 42.0861 0.0000
      vertex 34.3480 42.0802 0.0000
      vertex 34.3480 42.0802 2.4000
    endloop
  endfacet
  facet normal -0.976966 -0.213394 0.000000
    outer loop
      vertex 34.3467 42.0861 0.0000
      vertex 34.3480 42.0802 2.4000
      vertex 34.3467 42.0861 2.4000
    endloop
  endfacet
  facet normal -0.974353 -0.225026 0.000000
    outer loop
      vertex 34.3480 42.0802 0.0000
      vertex 34.8816 39.7698 0.0000
      vertex 34.8816 39.7698 2.4000
    endloop
  endfacet
  facet normal -0.974353 -0.225026 0.000000
    outer loop
      vertex 34.3480 42.0802 0.0000
      vertex 34.8816 39.7698 2.4000
      vertex 34.3480 42.0802 2.4000
    endloop
  endfacet
  facet normal -0.972905 -0.231205 0.000000
    outer loop
      vertex 34.8816 39.7698 0.0000
      vertex 34.8821 39.7679 0.0000
      vertex 34.8821 39.7679 2.4000
    endloop
  endfacet
  facet normal -0.972905 -0.231205 0.000000
    outer loop
      vertex 34.8816 39.7698 0.0000
      vertex 34.8821 39.7679 2.4000
      vertex 34.8816 39.7698 2.4000
    endloop
  endfacet
  facet normal -0.970332 -0.241778 0.000000
    outer loop
      vertex 34.8821 39.7679 0.0000
      vertex 34.8831 39.7639 0.0000
      vertex 34.8831 39.7639 2.4000
    endloop
  endfacet
  facet normal -0.970332 -0.241778 0.000000
    outer loop
      vertex 34.8821 39.7679 0.0000
      vertex 34.8831 39.7639 2.4000
      vertex 34.8821 39.7679 2.4000
    endloop
  endfacet
  facet normal -0.968326 -0.249689 0.000000
    outer loop
      vertex 34.8831 39.7639 0.0000
      vertex 35.3844 37.8197 0.0000
      vertex 35.3844 37.8197 2.4000
    endloop
  endfacet
  facet normal -0.968326 -0.249689 0.000000
    outer loop
      vertex 34.8831 39.7639 0.0000
      vertex 35.3844 37.8197 2.4000
      vertex 34.8831 39.7639 2.4000
    endloop
  endfacet
  facet normal -0.966840 -0.255384 0.000000
    outer loop
      vertex 35.3844 37.8197 0.0000
      vertex 35.3849 37.8179 0.0000
      vertex 35.3849 37.8179 2.4000
    endloop
  endfacet
  facet normal -0.966840 -0.255384 0.000000
    outer loop
      vertex 35.3844 37.8197 0.0000
      vertex 35.3849 37.8179 2.4000
      vertex 35.3844 37.8197 2.4000
    endloop
  endfacet
  facet normal -0.963596 -0.267362 0.000000
    outer loop
      vertex 35.3849 37.8179 0.0000
      vertex 35.7386 36.5432 0.0000
      vertex 35.7386 36.5432 2.4000
    endloop
  endfacet
  facet normal -0.963596 -0.267362 0.000000
    outer loop
      vertex 35.3849 37.8179 0.0000
      vertex 35.7386 36.5432 2.4000
      vertex 35.3849 37.8179 2.4000
    endloop
  endfacet
  facet normal -0.979019 -0.203768 0.000000
    outer loop
      vertex 35.7386 36.5432 0.0000
      vertex 35.7519 36.4791 0.0000
      vertex 35.7519 36.4791 2.4000
    endloop
  endfacet
  facet normal -0.979019 -0.203768 0.000000
    outer loop
      vertex 35.7386 36.5432 0.0000
      vertex 35.7519 36.4791 2.4000
      vertex 35.7386 36.5432 2.4000
    endloop
  endfacet
  facet normal -0.997241 -0.074239 0.000000
    outer loop
      vertex 35.7519 36.4791 0.0000
      vertex 35.7567 36.4139 0.0000
      vertex 35.7567 36.4139 2.4000
    endloop
  endfacet
  facet normal -0.997241 -0.074239 0.000000
    outer loop
      vertex 35.7519 36.4791 0.0000
      vertex 35.7567 36.4139 2.4000
      vertex 35.7519 36.4791 2.4000
    endloop
  endfacet
  facet normal -0.998399 0.056561 0.000000
    outer loop
      vertex 35.7567 36.4139 0.0000
      vertex 35.7530 36.3486 0.0000
      vertex 35.7530 36.3486 2.4000
    endloop
  endfacet
  facet normal -0.998399 0.056561 0.000000
    outer loop
      vertex 35.7567 36.4139 0.0000
      vertex 35.7530 36.3486 2.4000
      vertex 35.7567 36.4139 2.4000
    endloop
  endfacet
  facet normal -0.982475 0.186393 0.000000
    outer loop
      vertex 35.7530 36.3486 0.0000
      vertex 35.7408 36.2844 0.0000
      vertex 35.7408 36.2844 2.4000
    endloop
  endfacet
  facet normal -0.982475 0.186393 0.000000
    outer loop
      vertex 35.7530 36.3486 0.0000
      vertex 35.7408 36.2844 2.4000
      vertex 35.7530 36.3486 2.4000
    endloop
  endfacet
  facet normal -0.949741 0.313036 0.000000
    outer loop
      vertex 35.7408 36.2844 0.0000
      vertex 35.7204 36.2222 0.0000
      vertex 35.7204 36.2222 2.4000
    endloop
  endfacet
  facet normal -0.949741 0.313036 0.000000
    outer loop
      vertex 35.7408 36.2844 0.0000
      vertex 35.7204 36.2222 2.4000
      vertex 35.7408 36.2844 2.4000
    endloop
  endfacet
  facet normal -0.900757 0.434323 0.000000
    outer loop
      vertex 35.7204 36.2222 0.0000
      vertex 35.6920 36.1633 0.0000
      vertex 35.6920 36.1633 2.4000
    endloop
  endfacet
  facet normal -0.900757 0.434323 0.000000
    outer loop
      vertex 35.7204 36.2222 0.0000
      vertex 35.6920 36.1633 2.4000
      vertex 35.7204 36.2222 2.4000
    endloop
  endfacet
  facet normal -0.836361 0.548179 0.000000
    outer loop
      vertex 35.6920 36.1633 0.0000
      vertex 35.6561 36.1086 0.0000
      vertex 35.6561 36.1086 2.4000
    endloop
  endfacet
  facet normal -0.836361 0.548179 0.000000
    outer loop
      vertex 35.6920 36.1633 0.0000
      vertex 35.6561 36.1086 2.4000
      vertex 35.6920 36.1633 2.4000
    endloop
  endfacet
  facet normal -0.757655 0.652655 0.000000
    outer loop
      vertex 35.6561 36.1086 0.0000
      vertex 35.6134 36.0591 0.0000
      vertex 35.6134 36.0591 2.4000
    endloop
  endfacet
  facet normal -0.757655 0.652655 0.000000
    outer loop
      vertex 35.6561 36.1086 0.0000
      vertex 35.6134 36.0591 2.4000
      vertex 35.6561 36.1086 2.4000
    endloop
  endfacet
  facet normal -0.665986 0.745964 0.000000
    outer loop
      vertex 35.6134 36.0591 0.0000
      vertex 35.5646 36.0155 0.0000
      vertex 35.5646 36.0155 2.4000
    endloop
  endfacet
  facet normal -0.665986 0.745964 0.000000
    outer loop
      vertex 35.6134 36.0591 0.0000
      vertex 35.5646 36.0155 2.4000
      vertex 35.6134 36.0591 2.4000
    endloop
  endfacet
  facet normal -0.562921 0.826510 0.000000
    outer loop
      vertex 35.5646 36.0155 0.0000
      vertex 35.5106 35.9787 0.0000
      vertex 35.5106 35.9787 2.4000
    endloop
  endfacet
  facet normal -0.562921 0.826510 0.000000
    outer loop
      vertex 35.5646 36.0155 0.0000
      vertex 35.5106 35.9787 2.4000
      vertex 35.5646 36.0155 2.4000
    endloop
  endfacet
  facet normal -0.450225 0.892915 0.000000
    outer loop
      vertex 35.5106 35.9787 0.0000
      vertex 35.4522 35.9493 0.0000
      vertex 35.4522 35.9493 2.4000
    endloop
  endfacet
  facet normal -0.450225 0.892915 0.000000
    outer loop
      vertex 35.5106 35.9787 0.0000
      vertex 35.4522 35.9493 2.4000
      vertex 35.5106 35.9787 2.4000
    endloop
  endfacet
  facet normal -0.329826 0.944042 0.000000
    outer loop
      vertex 35.4522 35.9493 0.0000
      vertex 35.3904 35.9277 0.0000
      vertex 35.3904 35.9277 2.4000
    endloop
  endfacet
  facet normal -0.329826 0.944042 0.000000
    outer loop
      vertex 35.4522 35.9493 0.0000
      vertex 35.3904 35.9277 2.4000
      vertex 35.4522 35.9493 2.4000
    endloop
  endfacet
  facet normal -0.267377 0.963592 0.000000
    outer loop
      vertex 35.3904 35.9277 0.0000
      vertex 34.1354 35.5794 0.0000
      vertex 34.1354 35.5794 2.4000
    endloop
  endfacet
  facet normal -0.267377 0.963592 0.000000
    outer loop
      vertex 35.3904 35.9277 0.0000
      vertex 34.1354 35.5794 2.4000
      vertex 35.3904 35.9277 2.4000
    endloop
  endfacet
  facet normal -0.258544 0.966000 0.000000
    outer loop
      vertex 34.1354 35.5794 0.0000
      vertex 34.1265 35.5771 0.0000
      vertex 34.1265 35.5771 2.4000
    endloop
  endfacet
  facet normal -0.258544 0.966000 0.000000
    outer loop
      vertex 34.1354 35.5794 0.0000
      vertex 34.1265 35.5771 2.4000
      vertex 34.1354 35.5794 2.4000
    endloop
  endfacet
  facet normal -0.249689 0.968326 0.000000
    outer loop
      vertex 34.1265 35.5771 0.0000
      vertex 32.1916 35.0781 0.0000
      vertex 32.1916 35.0781 2.4000
    endloop
  endfacet
  facet normal -0.249689 0.968326 0.000000
    outer loop
      vertex 34.1265 35.5771 0.0000
      vertex 32.1916 35.0781 2.4000
      vertex 34.1265 35.5771 2.4000
    endloop
  endfacet
  facet normal -0.237376 0.971418 0.000000
    outer loop
      vertex 32.1916 35.0781 0.0000
      vertex 32.1793 35.0751 0.0000
      vertex 32.1793 35.0751 2.4000
    endloop
  endfacet
  facet normal -0.237376 0.971418 0.000000
    outer loop
      vertex 32.1916 35.0781 0.0000
      vertex 32.1793 35.0751 2.4000
      vertex 32.1916 35.0781 2.4000
    endloop
  endfacet
  facet normal -0.225026 0.974353 0.000000
    outer loop
      vertex 32.1793 35.0751 0.0000
      vertex 29.8827 34.5447 0.0000
      vertex 29.8827 34.5447 2.4000
    endloop
  endfacet
  facet normal -0.225026 0.974353 0.000000
    outer loop
      vertex 32.1793 35.0751 0.0000
      vertex 29.8827 34.5447 2.4000
      vertex 32.1793 35.0751 2.4000
    endloop
  endfacet
  facet normal -0.206918 0.978358 0.000000
    outer loop
      vertex 29.8827 34.5447 0.0000
      vertex 29.8646 34.5409 0.0000
      vertex 29.8646 34.5409 2.4000
    endloop
  endfacet
  facet normal -0.206918 0.978358 0.000000
    outer loop
      vertex 29.8827 34.5447 0.0000
      vertex 29.8646 34.5409 2.4000
      vertex 29.8827 34.5447 2.4000
    endloop
  endfacet
  facet normal -0.188740 0.982027 0.000000
    outer loop
      vertex 29.8646 34.5409 0.0000
      vertex 27.4485 34.0765 0.0000
      vertex 27.4485 34.0765 2.4000
    endloop
  endfacet
  facet normal -0.188740 0.982027 0.000000
    outer loop
      vertex 29.8646 34.5409 0.0000
      vertex 27.4485 34.0765 2.4000
      vertex 29.8646 34.5409 2.4000
    endloop
  endfacet
  facet normal -0.159746 0.987158 0.000000
    outer loop
      vertex 27.4485 34.0765 0.0000
      vertex 27.4194 34.0718 0.0000
      vertex 27.4194 34.0718 2.4000
    endloop
  endfacet
  facet normal -0.159746 0.987158 0.000000
    outer loop
      vertex 27.4485 34.0765 0.0000
      vertex 27.4194 34.0718 2.4000
      vertex 27.4485 34.0765 2.4000
    endloop
  endfacet
  facet normal -0.130613 0.991433 0.000000
    outer loop
      vertex 27.4194 34.0718 0.0000
      vertex 25.1323 33.7705 0.0000
      vertex 25.1323 33.7705 2.4000
    endloop
  endfacet
  facet normal -0.130613 0.991433 0.000000
    outer loop
      vertex 27.4194 34.0718 0.0000
      vertex 25.1323 33.7705 2.4000
      vertex 27.4194 34.0718 2.4000
    endloop
  endfacet
  facet normal -0.077619 0.996983 0.000000
    outer loop
      vertex 25.1323 33.7705 0.0000
      vertex 25.0792 33.7664 0.0000
      vertex 25.0792 33.7664 2.4000
    endloop
  endfacet
  facet normal -0.077619 0.996983 0.000000
    outer loop
      vertex 25.1323 33.7705 0.0000
      vertex 25.0792 33.7664 2.4000
      vertex 25.1323 33.7705 2.4000
    endloop
  endfacet
  facet normal -0.024405 0.999702 0.000000
    outer loop
      vertex 25.0792 33.7664 0.0000
      vertex 23.1926 33.7203 0.0000
      vertex 23.1926 33.7203 2.4000
    endloop
  endfacet
  facet normal -0.024405 0.999702 0.000000
    outer loop
      vertex 25.0792 33.7664 0.0000
      vertex 23.1926 33.7203 2.4000
      vertex 25.0792 33.7664 2.4000
    endloop
  endfacet
  facet normal 0.035507 0.999369 0.000000
    outer loop
      vertex 23.1926 33.7203 0.0000
      vertex 23.1327 33.7225 0.0000
      vertex 23.1327 33.7225 2.4000
    endloop
  endfacet
  facet normal 0.035507 0.999369 -0.000000
    outer loop
      vertex 23.1926 33.7203 0.0000
      vertex 23.1327 33.7225 2.4000
      vertex 23.1926 33.7203 2.4000
    endloop
  endfacet
  facet normal 0.154735 0.987956 0.000000
    outer loop
      vertex 23.1327 33.7225 0.0000
      vertex 23.0736 33.7317 0.0000
      vertex 23.0736 33.7317 2.4000
    endloop
  endfacet
  facet normal 0.154735 0.987956 -0.000000
    outer loop
      vertex 23.1327 33.7225 0.0000
      vertex 23.0736 33.7317 2.4000
      vertex 23.1327 33.7225 2.4000
    endloop
  endfacet
  facet normal 0.213622 0.976916 0.000000
    outer loop
      vertex 23.0736 33.7317 0.0000
      vertex 21.9502 33.9774 0.0000
      vertex 21.9502 33.9774 2.4000
    endloop
  endfacet
  facet normal 0.213622 0.976916 -0.000000
    outer loop
      vertex 23.0736 33.7317 0.0000
      vertex 21.9502 33.9774 2.4000
      vertex 23.0736 33.7317 2.4000
    endloop
  endfacet
  facet normal 0.281323 0.959613 0.000000
    outer loop
      vertex 21.9502 33.9774 0.0000
      vertex 21.8831 33.9970 0.0000
      vertex 21.8831 33.9970 2.4000
    endloop
  endfacet
  facet normal 0.281323 0.959613 -0.000000
    outer loop
      vertex 21.9502 33.9774 0.0000
      vertex 21.8831 33.9970 2.4000
      vertex 21.9502 33.9774 2.4000
    endloop
  endfacet
  facet normal 0.412278 0.911058 0.000000
    outer loop
      vertex 21.8831 33.9970 0.0000
      vertex 21.8195 34.0258 0.0000
      vertex 21.8195 34.0258 2.4000
    endloop
  endfacet
  facet normal 0.412278 0.911058 -0.000000
    outer loop
      vertex 21.8831 33.9970 0.0000
      vertex 21.8195 34.0258 2.4000
      vertex 21.8831 33.9970 2.4000
    endloop
  endfacet
  facet normal 0.535191 0.844731 0.000000
    outer loop
      vertex 21.8195 34.0258 0.0000
      vertex 21.7605 34.0632 0.0000
      vertex 21.7605 34.0632 2.4000
    endloop
  endfacet
  facet normal 0.535191 0.844731 -0.000000
    outer loop
      vertex 21.8195 34.0258 0.0000
      vertex 21.7605 34.0632 2.4000
      vertex 21.8195 34.0258 2.4000
    endloop
  endfacet
  facet normal 0.647665 0.761925 0.000000
    outer loop
      vertex 21.7605 34.0632 0.0000
      vertex 21.7073 34.1084 0.0000
      vertex 21.7073 34.1084 2.4000
    endloop
  endfacet
  facet normal 0.647665 0.761925 -0.000000
    outer loop
      vertex 21.7605 34.0632 0.0000
      vertex 21.7073 34.1084 2.4000
      vertex 21.7605 34.0632 2.4000
    endloop
  endfacet
  facet normal 0.747504 0.664257 0.000000
    outer loop
      vertex 21.7073 34.1084 0.0000
      vertex 21.6609 34.1606 0.0000
      vertex 21.6609 34.1606 2.4000
    endloop
  endfacet
  facet normal 0.747504 0.664257 -0.000000
    outer loop
      vertex 21.7073 34.1084 0.0000
      vertex 21.6609 34.1606 2.4000
      vertex 21.7073 34.1084 2.4000
    endloop
  endfacet
  facet normal 0.792067 0.610434 0.000000
    outer loop
      vertex 21.6609 34.1606 0.0000
      vertex 21.4081 34.4887 0.0000
      vertex 21.4081 34.4887 2.4000
    endloop
  endfacet
  facet normal 0.792067 0.610434 -0.000000
    outer loop
      vertex 21.6609 34.1606 0.0000
      vertex 21.4081 34.4887 2.4000
      vertex 21.6609 34.1606 2.4000
    endloop
  endfacet
  facet normal 0.828705 0.559686 0.000000
    outer loop
      vertex 21.4081 34.4887 0.0000
      vertex 21.3731 34.5406 0.0000
      vertex 21.3731 34.5406 2.4000
    endloop
  endfacet
  facet normal 0.828705 0.559686 -0.000000
    outer loop
      vertex 21.4081 34.4887 0.0000
      vertex 21.3731 34.5406 2.4000
      vertex 21.4081 34.4887 2.4000
    endloop
  endfacet
  facet normal 0.892110 0.451819 0.000000
    outer loop
      vertex 21.3731 34.5406 0.0000
      vertex 21.3448 34.5964 0.0000
      vertex 21.3448 34.5964 2.4000
    endloop
  endfacet
  facet normal 0.892110 0.451819 -0.000000
    outer loop
      vertex 21.3731 34.5406 0.0000
      vertex 21.3448 34.5964 2.4000
      vertex 21.3731 34.5406 2.4000
    endloop
  endfacet
  facet normal 0.941548 0.336878 0.000000
    outer loop
      vertex 21.3448 34.5964 0.0000
      vertex 21.3237 34.6553 0.0000
      vertex 21.3237 34.6553 2.4000
    endloop
  endfacet
  facet normal 0.941548 0.336878 -0.000000
    outer loop
      vertex 21.3448 34.5964 0.0000
      vertex 21.3237 34.6553 2.4000
      vertex 21.3448 34.5964 2.4000
    endloop
  endfacet
  facet normal 0.976246 0.216664 0.000000
    outer loop
      vertex 21.3237 34.6553 0.0000
      vertex 21.3102 34.7164 0.0000
      vertex 21.3102 34.7164 2.4000
    endloop
  endfacet
  facet normal 0.976246 0.216664 -0.000000
    outer loop
      vertex 21.3237 34.6553 0.0000
      vertex 21.3102 34.7164 2.4000
      vertex 21.3237 34.6553 2.4000
    endloop
  endfacet
  facet normal 0.995661 0.093057 0.000000
    outer loop
      vertex 21.3102 34.7164 0.0000
      vertex 21.3044 34.7786 0.0000
      vertex 21.3044 34.7786 2.4000
    endloop
  endfacet
  facet normal 0.995661 0.093057 -0.000000
    outer loop
      vertex 21.3102 34.7164 0.0000
      vertex 21.3044 34.7786 2.4000
      vertex 21.3102 34.7164 2.4000
    endloop
  endfacet
  facet normal 0.999488 -0.032006 0.000000
    outer loop
      vertex 21.3044 34.7786 0.0000
      vertex 21.3064 34.8412 0.0000
      vertex 21.3064 34.8412 2.4000
    endloop
  endfacet
  facet normal 0.999488 -0.032006 0.000000
    outer loop
      vertex 21.3044 34.7786 0.0000
      vertex 21.3064 34.8412 2.4000
      vertex 21.3044 34.7786 2.4000
    endloop
  endfacet
  facet normal 0.987667 -0.156569 0.000000
    outer loop
      vertex 21.3064 34.8412 0.0000
      vertex 21.3161 34.9030 0.0000
      vertex 21.3161 34.9030 2.4000
    endloop
  endfacet
  facet normal 0.987667 -0.156569 0.000000
    outer loop
      vertex 21.3064 34.8412 0.0000
      vertex 21.3161 34.9030 2.4000
      vertex 21.3064 34.8412 2.4000
    endloop
  endfacet
  facet normal 0.960384 -0.278680 0.000000
    outer loop
      vertex 21.3161 34.9030 0.0000
      vertex 21.3336 34.9630 0.0000
      vertex 21.3336 34.9630 2.4000
    endloop
  endfacet
  facet normal 0.960384 -0.278680 0.000000
    outer loop
      vertex 21.3161 34.9030 0.0000
      vertex 21.3336 34.9630 2.4000
      vertex 21.3161 34.9030 2.4000
    endloop
  endfacet
  facet normal 0.941068 -0.338217 0.000000
    outer loop
      vertex 21.3336 34.9630 0.0000
      vertex 21.6909 35.9574 0.0000
      vertex 21.6909 35.9574 2.4000
    endloop
  endfacet
  facet normal 0.941068 -0.338217 0.000000
    outer loop
      vertex 21.3336 34.9630 0.0000
      vertex 21.6909 35.9574 2.4000
      vertex 21.3336 34.9630 2.4000
    endloop
  endfacet
  facet normal 0.935674 -0.352865 0.000000
    outer loop
      vertex 21.6909 35.9574 0.0000
      vertex 21.6964 35.9720 0.0000
      vertex 21.6964 35.9720 2.4000
    endloop
  endfacet
  facet normal 0.935674 -0.352865 0.000000
    outer loop
      vertex 21.6909 35.9574 0.0000
      vertex 21.6964 35.9720 2.4000
      vertex 21.6909 35.9574 2.4000
    endloop
  endfacet
  facet normal 0.930052 -0.367428 0.000000
    outer loop
      vertex 21.6964 35.9720 0.0000
      vertex 22.2661 37.4140 0.0000
      vertex 22.2661 37.4140 2.4000
    endloop
  endfacet
  facet normal 0.930052 -0.367428 0.000000
    outer loop
      vertex 21.6964 35.9720 0.0000
      vertex 22.2661 37.4140 2.4000
      vertex 21.6964 35.9720 2.4000
    endloop
  endfacet
  facet normal 0.941077 -0.338191 0.000000
    outer loop
      vertex 22.2661 37.4140 0.0000
      vertex 22.2689 37.4218 0.0000
      vertex 22.2689 37.4218 2.4000
    endloop
  endfacet
  facet normal 0.941077 -0.338191 0.000000
    outer loop
      vertex 22.2661 37.4140 0.0000
      vertex 22.2689 37.4218 2.4000
      vertex 22.2661 37.4140 2.4000
    endloop
  endfacet
  facet normal 0.968602 -0.248616 0.000000
    outer loop
      vertex 22.2689 37.4218 0.0000
      vertex 22.2735 37.4394 0.0000
      vertex 22.2735 37.4394 2.4000
    endloop
  endfacet
  facet normal 0.968602 -0.248616 0.000000
    outer loop
      vertex 22.2689 37.4218 0.0000
      vertex 22.2735 37.4394 2.4000
      vertex 22.2689 37.4218 2.4000
    endloop
  endfacet
  facet normal 0.992040 -0.125926 0.000000
    outer loop
      vertex 22.2735 37.4394 0.0000
      vertex 22.2750 37.4517 0.0000
      vertex 22.2750 37.4517 2.4000
    endloop
  endfacet
  facet normal 0.992040 -0.125926 0.000000
    outer loop
      vertex 22.2735 37.4394 0.0000
      vertex 22.2750 37.4517 2.4000
      vertex 22.2735 37.4394 2.4000
    endloop
  endfacet
  facet normal 0.999999 -0.001271 0.000000
    outer loop
      vertex 22.2750 37.4517 0.0000
      vertex 22.2750 37.4641 0.0000
      vertex 22.2750 37.4641 2.4000
    endloop
  endfacet
  facet normal 0.999999 -0.001271 0.000000
    outer loop
      vertex 22.2750 37.4517 0.0000
      vertex 22.2750 37.4641 2.4000
      vertex 22.2750 37.4517 2.4000
    endloop
  endfacet
  facet normal 0.992356 0.123404 0.000000
    outer loop
      vertex 22.2750 37.4641 0.0000
      vertex 22.2728 37.4821 0.0000
      vertex 22.2728 37.4821 2.4000
    endloop
  endfacet
  facet normal 0.992356 0.123404 -0.000000
    outer loop
      vertex 22.2750 37.4641 0.0000
      vertex 22.2728 37.4821 2.4000
      vertex 22.2750 37.4641 2.4000
    endloop
  endfacet
  facet normal 0.976448 0.215752 0.000000
    outer loop
      vertex 22.2728 37.4821 0.0000
      vertex 22.2710 37.4902 0.0000
      vertex 22.2710 37.4902 2.4000
    endloop
  endfacet
  facet normal 0.976448 0.215752 -0.000000
    outer loop
      vertex 22.2728 37.4821 0.0000
      vertex 22.2710 37.4902 2.4000
      vertex 22.2728 37.4821 2.4000
    endloop
  endfacet
  facet normal 0.969231 0.246154 0.000000
    outer loop
      vertex 22.2710 37.4902 0.0000
      vertex 21.9868 38.6092 0.0000
      vertex 21.9868 38.6092 2.4000
    endloop
  endfacet
  facet normal 0.969231 0.246154 -0.000000
    outer loop
      vertex 22.2710 37.4902 0.0000
      vertex 21.9868 38.6092 2.4000
      vertex 22.2710 37.4902 2.4000
    endloop
  endfacet
  facet normal 0.961291 0.275535 0.000000
    outer loop
      vertex 21.9868 38.6092 0.0000
      vertex 21.9846 38.6170 0.0000
      vertex 21.9846 38.6170 2.4000
    endloop
  endfacet
  facet normal 0.961291 0.275535 -0.000000
    outer loop
      vertex 21.9868 38.6092 0.0000
      vertex 21.9846 38.6170 2.4000
      vertex 21.9868 38.6092 2.4000
    endloop
  endfacet
  facet normal 0.932162 0.362040 0.000000
    outer loop
      vertex 21.9846 38.6170 0.0000
      vertex 21.9782 38.6335 0.0000
      vertex 21.9782 38.6335 2.4000
    endloop
  endfacet
  facet normal 0.932162 0.362040 -0.000000
    outer loop
      vertex 21.9846 38.6170 0.0000
      vertex 21.9782 38.6335 2.4000
      vertex 21.9846 38.6170 2.4000
    endloop
  endfacet
  facet normal 0.881295 0.472567 0.000000
    outer loop
      vertex 21.9782 38.6335 0.0000
      vertex 21.9725 38.6441 0.0000
      vertex 21.9725 38.6441 2.4000
    endloop
  endfacet
  facet normal 0.881295 0.472567 -0.000000
    outer loop
      vertex 21.9782 38.6335 0.0000
      vertex 21.9725 38.6441 2.4000
      vertex 21.9782 38.6335 2.4000
    endloop
  endfacet
  facet normal 0.817381 0.576098 0.000000
    outer loop
      vertex 21.9725 38.6441 0.0000
      vertex 21.9655 38.6540 0.0000
      vertex 21.9655 38.6540 2.4000
    endloop
  endfacet
  facet normal 0.817381 0.576098 -0.000000
    outer loop
      vertex 21.9725 38.6441 0.0000
      vertex 21.9655 38.6540 2.4000
      vertex 21.9725 38.6441 2.4000
    endloop
  endfacet
  facet normal 0.741366 0.671101 0.000000
    outer loop
      vertex 21.9655 38.6540 0.0000
      vertex 21.9536 38.6671 0.0000
      vertex 21.9536 38.6671 2.4000
    endloop
  endfacet
  facet normal 0.741366 0.671101 -0.000000
    outer loop
      vertex 21.9655 38.6540 0.0000
      vertex 21.9536 38.6671 2.4000
      vertex 21.9655 38.6540 2.4000
    endloop
  endfacet
  facet normal 0.677085 0.735905 0.000000
    outer loop
      vertex 21.9536 38.6671 0.0000
      vertex 21.9477 38.6726 0.0000
      vertex 21.9477 38.6726 2.4000
    endloop
  endfacet
  facet normal 0.677085 0.735905 -0.000000
    outer loop
      vertex 21.9536 38.6671 0.0000
      vertex 21.9477 38.6726 2.4000
      vertex 21.9536 38.6671 2.4000
    endloop
  endfacet
  facet normal 0.654377 0.756169 0.000000
    outer loop
      vertex 21.9477 38.6726 0.0000
      vertex 21.0233 39.4725 0.0000
      vertex 21.0233 39.4725 2.4000
    endloop
  endfacet
  facet normal 0.654377 0.756169 -0.000000
    outer loop
      vertex 21.9477 38.6726 0.0000
      vertex 21.0233 39.4725 2.4000
      vertex 21.9477 38.6726 2.4000
    endloop
  endfacet
  facet normal 0.630625 0.776088 0.000000
    outer loop
      vertex 21.0233 39.4725 0.0000
      vertex 21.0169 39.4777 0.0000
      vertex 21.0169 39.4777 2.4000
    endloop
  endfacet
  facet normal 0.630625 0.776088 -0.000000
    outer loop
      vertex 21.0233 39.4725 0.0000
      vertex 21.0169 39.4777 2.4000
      vertex 21.0233 39.4725 2.4000
    endloop
  endfacet
  facet normal 0.555827 0.831298 0.000000
    outer loop
      vertex 21.0169 39.4777 0.0000
      vertex 21.0019 39.4877 0.0000
      vertex 21.0019 39.4877 2.4000
    endloop
  endfacet
  facet normal 0.555827 0.831298 -0.000000
    outer loop
      vertex 21.0169 39.4777 0.0000
      vertex 21.0019 39.4877 2.4000
      vertex 21.0169 39.4777 2.4000
    endloop
  endfacet
  facet normal 0.448742 0.893662 0.000000
    outer loop
      vertex 21.0019 39.4877 0.0000
      vertex 20.9859 39.4958 0.0000
      vertex 20.9859 39.4958 2.4000
    endloop
  endfacet
  facet normal 0.448742 0.893662 -0.000000
    outer loop
      vertex 21.0019 39.4877 0.0000
      vertex 20.9859 39.4958 2.4000
      vertex 21.0019 39.4877 2.4000
    endloop
  endfacet
  facet normal 0.363811 0.931473 0.000000
    outer loop
      vertex 20.9859 39.4958 0.0000
      vertex 20.9782 39.4988 0.0000
      vertex 20.9782 39.4988 2.4000
    endloop
  endfacet
  facet normal 0.363811 0.931473 -0.000000
    outer loop
      vertex 20.9859 39.4958 0.0000
      vertex 20.9782 39.4988 2.4000
      vertex 20.9859 39.4958 2.4000
    endloop
  endfacet
  facet normal 0.334765 0.942302 0.000000
    outer loop
      vertex 20.9782 39.4988 0.0000
      vertex 19.6245 39.9797 0.0000
      vertex 19.6245 39.9797 2.4000
    endloop
  endfacet
  facet normal 0.334765 0.942302 -0.000000
    outer loop
      vertex 20.9782 39.4988 0.0000
      vertex 19.6245 39.9797 2.4000
      vertex 20.9782 39.4988 2.4000
    endloop
  endfacet
  facet normal 0.306417 0.951898 0.000000
    outer loop
      vertex 19.6245 39.9797 0.0000
      vertex 19.6169 39.9822 0.0000
      vertex 19.6169 39.9822 2.4000
    endloop
  endfacet
  facet normal 0.306417 0.951898 -0.000000
    outer loop
      vertex 19.6245 39.9797 0.0000
      vertex 19.6169 39.9822 2.4000
      vertex 19.6245 39.9797 2.4000
    endloop
  endfacet
  facet normal 0.219827 0.975539 0.000000
    outer loop
      vertex 19.6169 39.9822 0.0000
      vertex 19.5946 39.9872 0.0000
      vertex 19.5946 39.9872 2.4000
    endloop
  endfacet
  facet normal 0.219827 0.975539 -0.000000
    outer loop
      vertex 19.6169 39.9822 0.0000
      vertex 19.5946 39.9872 2.4000
      vertex 19.6169 39.9822 2.4000
    endloop
  endfacet
  facet normal 0.131466 0.991321 0.000000
    outer loop
      vertex 19.5946 39.9872 0.0000
      vertex 19.5867 39.9882 0.0000
      vertex 19.5867 39.9882 2.4000
    endloop
  endfacet
  facet normal 0.131466 0.991321 -0.000000
    outer loop
      vertex 19.5946 39.9872 0.0000
      vertex 19.5867 39.9882 2.4000
      vertex 19.5946 39.9872 2.4000
    endloop
  endfacet
  facet normal 0.101742 0.994811 0.000000
    outer loop
      vertex 19.5867 39.9882 0.0000
      vertex 18.0165 40.1488 0.0000
      vertex 18.0165 40.1488 2.4000
    endloop
  endfacet
  facet normal 0.101742 0.994811 -0.000000
    outer loop
      vertex 19.5867 39.9882 0.0000
      vertex 18.0165 40.1488 2.4000
      vertex 19.5867 39.9882 2.4000
    endloop
  endfacet
  facet normal 0.076364 0.997080 0.000000
    outer loop
      vertex 18.0165 40.1488 0.0000
      vertex 18.0097 40.1494 0.0000
      vertex 18.0097 40.1494 2.4000
    endloop
  endfacet
  facet normal 0.076364 0.997080 -0.000000
    outer loop
      vertex 18.0165 40.1488 0.0000
      vertex 18.0097 40.1494 2.4000
      vertex 18.0165 40.1488 2.4000
    endloop
  endfacet
  facet normal 0.000000 1.000000 0.000000
    outer loop
      vertex 18.0097 40.1494 0.0000
      vertex 17.9903 40.1494 0.0000
      vertex 17.9903 40.1494 2.4000
    endloop
  endfacet
  facet normal 0.000000 1.000000 -0.000000
    outer loop
      vertex 18.0097 40.1494 0.0000
      vertex 17.9903 40.1494 2.4000
      vertex 18.0097 40.1494 2.4000
    endloop
  endfacet
  facet normal -0.076364 0.997080 0.000000
    outer loop
      vertex 17.9903 40.1494 0.0000
      vertex 17.9835 40.1488 0.0000
      vertex 17.9835 40.1488 2.4000
    endloop
  endfacet
  facet normal -0.076364 0.997080 0.000000
    outer loop
      vertex 17.9903 40.1494 0.0000
      vertex 17.9835 40.1488 2.4000
      vertex 17.9903 40.1494 2.4000
    endloop
  endfacet
  facet normal -0.101742 0.994811 0.000000
    outer loop
      vertex 17.9835 40.1488 0.0000
      vertex 16.4133 39.9882 0.0000
      vertex 16.4133 39.9882 2.4000
    endloop
  endfacet
  facet normal -0.101742 0.994811 0.000000
    outer loop
      vertex 17.9835 40.1488 0.0000
      vertex 16.4133 39.9882 2.4000
      vertex 17.9835 40.1488 2.4000
    endloop
  endfacet
  facet normal -0.131466 0.991321 0.000000
    outer loop
      vertex 16.4133 39.9882 0.0000
      vertex 16.4054 39.9872 0.0000
      vertex 16.4054 39.9872 2.4000
    endloop
  endfacet
  facet normal -0.131466 0.991321 0.000000
    outer loop
      vertex 16.4133 39.9882 0.0000
      vertex 16.4054 39.9872 2.4000
      vertex 16.4133 39.9882 2.4000
    endloop
  endfacet
  facet normal -0.219827 0.975539 0.000000
    outer loop
      vertex 16.4054 39.9872 0.0000
      vertex 16.3831 39.9822 0.0000
      vertex 16.3831 39.9822 2.4000
    endloop
  endfacet
  facet normal -0.219827 0.975539 0.000000
    outer loop
      vertex 16.4054 39.9872 0.0000
      vertex 16.3831 39.9822 2.4000
      vertex 16.4054 39.9872 2.4000
    endloop
  endfacet
  facet normal -0.306417 0.951898 0.000000
    outer loop
      vertex 16.3831 39.9822 0.0000
      vertex 16.3755 39.9797 0.0000
      vertex 16.3755 39.9797 2.4000
    endloop
  endfacet
  facet normal -0.306417 0.951898 0.000000
    outer loop
      vertex 16.3831 39.9822 0.0000
      vertex 16.3755 39.9797 2.4000
      vertex 16.3831 39.9822 2.4000
    endloop
  endfacet
  facet normal -0.334765 0.942302 0.000000
    outer loop
      vertex 16.3755 39.9797 0.0000
      vertex 15.0218 39.4988 0.0000
      vertex 15.0218 39.4988 2.4000
    endloop
  endfacet
  facet normal -0.334765 0.942302 0.000000
    outer loop
      vertex 16.3755 39.9797 0.0000
      vertex 15.0218 39.4988 2.4000
      vertex 16.3755 39.9797 2.4000
    endloop
  endfacet
  facet normal -0.363811 0.931473 0.000000
    outer loop
      vertex 15.0218 39.4988 0.0000
      vertex 15.0141 39.4958 0.0000
      vertex 15.0141 39.4958 2.4000
    endloop
  endfacet
  facet normal -0.363811 0.931473 0.000000
    outer loop
      vertex 15.0218 39.4988 0.0000
      vertex 15.0141 39.4958 2.4000
      vertex 15.0218 39.4988 2.4000
    endloop
  endfacet
  facet normal -0.448742 0.893662 0.000000
    outer loop
      vertex 15.0141 39.4958 0.0000
      vertex 14.9981 39.4877 0.0000
      vertex 14.9981 39.4877 2.4000
    endloop
  endfacet
  facet normal -0.448742 0.893662 0.000000
    outer loop
      vertex 15.0141 39.4958 0.0000
      vertex 14.9981 39.4877 2.4000
      vertex 15.0141 39.4958 2.4000
    endloop
  endfacet
  facet normal -0.555827 0.831298 0.000000
    outer loop
      vertex 14.9981 39.4877 0.0000
      vertex 14.9831 39.4777 0.0000
      vertex 14.9831 39.4777 2.4000
    endloop
  endfacet
  facet normal -0.555827 0.831298 0.000000
    outer loop
      vertex 14.9981 39.4877 0.0000
      vertex 14.9831 39.4777 2.4000
      vertex 14.9981 39.4877 2.4000
    endloop
  endfacet
  facet normal -0.630625 0.776088 0.000000
    outer loop
      vertex 14.9831 39.4777 0.0000
      vertex 14.9767 39.4725 0.0000
      vertex 14.9767 39.4725 2.4000
    endloop
  endfacet
  facet normal -0.630625 0.776088 0.000000
    outer loop
      vertex 14.9831 39.4777 0.0000
      vertex 14.9767 39.4725 2.4000
      vertex 14.9831 39.4777 2.4000
    endloop
  endfacet
  facet normal -0.654377 0.756169 0.000000
    outer loop
      vertex 14.9767 39.4725 0.0000
      vertex 14.0523 38.6726 0.0000
      vertex 14.0523 38.6726 2.4000
    endloop
  endfacet
  facet normal -0.654377 0.756169 0.000000
    outer loop
      vertex 14.9767 39.4725 0.0000
      vertex 14.0523 38.6726 2.4000
      vertex 14.9767 39.4725 2.4000
    endloop
  endfacet
  facet normal -0.677085 0.735905 0.000000
    outer loop
      vertex 14.0523 38.6726 0.0000
      vertex 14.0464 38.6671 0.0000
      vertex 14.0464 38.6671 2.4000
    endloop
  endfacet
  facet normal -0.677085 0.735905 0.000000
    outer loop
      vertex 14.0523 38.6726 0.0000
      vertex 14.0464 38.6671 2.4000
      vertex 14.0523 38.6726 2.4000
    endloop
  endfacet
  facet normal -0.741366 0.671101 0.000000
    outer loop
      vertex 14.0464 38.6671 0.0000
      vertex 14.0345 38.6540 0.0000
      vertex 14.0345 38.6540 2.4000
    endloop
  endfacet
  facet normal -0.741366 0.671101 0.000000
    outer loop
      vertex 14.0464 38.6671 0.0000
      vertex 14.0345 38.6540 2.4000
      vertex 14.0464 38.6671 2.4000
    endloop
  endfacet
  facet normal -0.817381 0.576098 0.000000
    outer loop
      vertex 14.0345 38.6540 0.0000
      vertex 14.0275 38.6441 0.0000
      vertex 14.0275 38.6441 2.4000
    endloop
  endfacet
  facet normal -0.817381 0.576098 0.000000
    outer loop
      vertex 14.0345 38.6540 0.0000
      vertex 14.0275 38.6441 2.4000
      vertex 14.0345 38.6540 2.4000
    endloop
  endfacet
  facet normal -0.881295 0.472567 0.000000
    outer loop
      vertex 14.0275 38.6441 0.0000
      vertex 14.0218 38.6335 0.0000
      vertex 14.0218 38.6335 2.4000
    endloop
  endfacet
  facet normal -0.881295 0.472567 0.000000
    outer loop
      vertex 14.0275 38.6441 0.0000
      vertex 14.0218 38.6335 2.4000
      vertex 14.0275 38.6441 2.4000
    endloop
  endfacet
  facet normal -0.932162 0.362040 0.000000
    outer loop
      vertex 14.0218 38.6335 0.0000
      vertex 14.0154 38.6170 0.0000
      vertex 14.0154 38.6170 2.4000
    endloop
  endfacet
  facet normal -0.932162 0.362040 0.000000
    outer loop
      vertex 14.0218 38.6335 0.0000
      vertex 14.0154 38.6170 2.4000
      vertex 14.0218 38.6335 2.4000
    endloop
  endfacet
  facet normal -0.961291 0.275535 0.000000
    outer loop
      vertex 14.0154 38.6170 0.0000
      vertex 14.0132 38.6092 0.0000
      vertex 14.0132 38.6092 2.4000
    endloop
  endfacet
  facet normal -0.961291 0.275535 0.000000
    outer loop
      vertex 14.0154 38.6170 0.0000
      vertex 14.0132 38.6092 2.4000
      vertex 14.0154 38.6170 2.4000
    endloop
  endfacet
  facet normal -0.969231 0.246154 0.000000
    outer loop
      vertex 14.0132 38.6092 0.0000
      vertex 13.7290 37.4902 0.0000
      vertex 13.7290 37.4902 2.4000
    endloop
  endfacet
  facet normal -0.969231 0.246154 0.000000
    outer loop
      vertex 14.0132 38.6092 0.0000
      vertex 13.7290 37.4902 2.4000
      vertex 14.0132 38.6092 2.4000
    endloop
  endfacet
  facet normal -0.976448 0.215752 0.000000
    outer loop
      vertex 13.7290 37.4902 0.0000
      vertex 13.7272 37.4821 0.0000
      vertex 13.7272 37.4821 2.4000
    endloop
  endfacet
  facet normal -0.976448 0.215752 0.000000
    outer loop
      vertex 13.7290 37.4902 0.0000
      vertex 13.7272 37.4821 2.4000
      vertex 13.7290 37.4902 2.4000
    endloop
  endfacet
  facet normal -0.992356 0.123404 0.000000
    outer loop
      vertex 13.7272 37.4821 0.0000
      vertex 13.7250 37.4641 0.0000
      vertex 13.7250 37.4641 2.4000
    endloop
  endfacet
  facet normal -0.992356 0.123404 0.000000
    outer loop
      vertex 13.7272 37.4821 0.0000
      vertex 13.7250 37.4641 2.4000
      vertex 13.7272 37.4821 2.4000
    endloop
  endfacet
  facet normal -0.999999 -0.001271 0.000000
    outer loop
      vertex 13.7250 37.4641 0.0000
      vertex 13.7250 37.4517 0.0000
      vertex 13.7250 37.4517 2.4000
    endloop
  endfacet
  facet normal -0.999999 -0.001271 0.000000
    outer loop
      vertex 13.7250 37.4641 0.0000
      vertex 13.7250 37.4517 2.4000
      vertex 13.7250 37.4641 2.4000
    endloop
  endfacet
  facet normal -0.992040 -0.125926 0.000000
    outer loop
      vertex 13.7250 37.4517 0.0000
      vertex 13.7265 37.4394 0.0000
      vertex 13.7265 37.4394 2.4000
    endloop
  endfacet
  facet normal -0.992040 -0.125926 0.000000
    outer loop
      vertex 13.7250 37.4517 0.0000
      vertex 13.7265 37.4394 2.4000
      vertex 13.7250 37.4517 2.4000
    endloop
  endfacet
  facet normal -0.968602 -0.248616 0.000000
    outer loop
      vertex 13.7265 37.4394 0.0000
      vertex 13.7311 37.4218 0.0000
      vertex 13.7311 37.4218 2.4000
    endloop
  endfacet
  facet normal -0.968602 -0.248616 0.000000
    outer loop
      vertex 13.7265 37.4394 0.0000
      vertex 13.7311 37.4218 2.4000
      vertex 13.7265 37.4394 2.4000
    endloop
  endfacet
  facet normal -0.941077 -0.338191 0.000000
    outer loop
      vertex 13.7311 37.4218 0.0000
      vertex 13.7339 37.4140 0.0000
      vertex 13.7339 37.4140 2.4000
    endloop
  endfacet
  facet normal -0.941077 -0.338191 0.000000
    outer loop
      vertex 13.7311 37.4218 0.0000
      vertex 13.7339 37.4140 2.4000
      vertex 13.7311 37.4218 2.4000
    endloop
  endfacet
  facet normal -0.930052 -0.367428 0.000000
    outer loop
      vertex 13.7339 37.4140 0.0000
      vertex 14.3036 35.9720 0.0000
      vertex 14.3036 35.9720 2.4000
    endloop
  endfacet
  facet normal -0.930052 -0.367428 0.000000
    outer loop
      vertex 13.7339 37.4140 0.0000
      vertex 14.3036 35.9720 2.4000
      vertex 13.7339 37.4140 2.4000
    endloop
  endfacet
  facet normal -0.935674 -0.352865 0.000000
    outer loop
      vertex 14.3036 35.9720 0.0000
      vertex 14.3091 35.9574 0.0000
      vertex 14.3091 35.9574 2.4000
    endloop
  endfacet
  facet normal -0.935674 -0.352865 0.000000
    outer loop
      vertex 14.3036 35.9720 0.0000
      vertex 14.3091 35.9574 2.4000
      vertex 14.3036 35.9720 2.4000
    endloop
  endfacet
  facet normal -0.941068 -0.338217 0.000000
    outer loop
      vertex 14.3091 35.9574 0.0000
      vertex 14.6664 34.9630 0.0000
      vertex 14.6664 34.9630 2.4000
    endloop
  endfacet
  facet normal -0.941068 -0.338217 0.000000
    outer loop
      vertex 14.3091 35.9574 0.0000
      vertex 14.6664 34.9630 2.4000
      vertex 14.3091 35.9574 2.4000
    endloop
  endfacet
  facet normal -0.960384 -0.278680 0.000000
    outer loop
      vertex 14.6664 34.9630 0.0000
      vertex 14.6839 34.9030 0.0000
      vertex 14.6839 34.9030 2.4000
    endloop
  endfacet
  facet normal -0.960384 -0.278680 0.000000
    outer loop
      vertex 14.6664 34.9630 0.0000
      vertex 14.6839 34.9030 2.4000
      vertex 14.6664 34.9630 2.4000
    endloop
  endfacet
  facet normal -0.987667 -0.156569 0.000000
    outer loop
      vertex 14.6839 34.9030 0.0000
      vertex 14.6936 34.8412 0.0000
      vertex 14.6936 34.8412 2.4000
    endloop
  endfacet
  facet normal -0.987667 -0.156569 0.000000
    outer loop
      vertex 14.6839 34.9030 0.0000
      vertex 14.6936 34.8412 2.4000
      vertex 14.6839 34.9030 2.4000
    endloop
  endfacet
  facet normal -0.999488 -0.032006 0.000000
    outer loop
      vertex 14.6936 34.8412 0.0000
      vertex 14.6956 34.7786 0.0000
      vertex 14.6956 34.7786 2.4000
    endloop
  endfacet
  facet normal -0.999488 -0.032006 0.000000
    outer loop
      vertex 14.6936 34.8412 0.0000
      vertex 14.6956 34.7786 2.4000
      vertex 14.6936 34.8412 2.4000
    endloop
  endfacet
  facet normal -0.995661 0.093057 0.000000
    outer loop
      vertex 14.6956 34.7786 0.0000
      vertex 14.6898 34.7164 0.0000
      vertex 14.6898 34.7164 2.4000
    endloop
  endfacet
  facet normal -0.995661 0.093057 0.000000
    outer loop
      vertex 14.6956 34.7786 0.0000
      vertex 14.6898 34.7164 2.4000
      vertex 14.6956 34.7786 2.4000
    endloop
  endfacet
  facet normal -0.976246 0.216664 0.000000
    outer loop
      vertex 14.6898 34.7164 0.0000
      vertex 14.6763 34.6553 0.0000
      vertex 14.6763 34.6553 2.4000
    endloop
  endfacet
  facet normal -0.976246 0.216664 0.000000
    outer loop
      vertex 14.6898 34.7164 0.0000
      vertex 14.6763 34.6553 2.4000
      vertex 14.6898 34.7164 2.4000
    endloop
  endfacet
  facet normal -0.941548 0.336878 0.000000
    outer loop
      vertex 14.6763 34.6553 0.0000
      vertex 14.6552 34.5964 0.0000
      vertex 14.6552 34.5964 2.4000
    endloop
  endfacet
  facet normal -0.941548 0.336878 0.000000
    outer loop
      vertex 14.6763 34.6553 0.0000
      vertex 14.6552 34.5964 2.4000
      vertex 14.6763 34.6553 2.4000
    endloop
  endfacet
  facet normal -0.892110 0.451819 0.000000
    outer loop
      vertex 14.6552 34.5964 0.0000
      vertex 14.6269 34.5406 0.0000
      vertex 14.6269 34.5406 2.4000
    endloop
  endfacet
  facet normal -0.892110 0.451819 0.000000
    outer loop
      vertex 14.6552 34.5964 0.0000
      vertex 14.6269 34.5406 2.4000
      vertex 14.6552 34.5964 2.4000
    endloop
  endfacet
  facet normal -0.828705 0.559686 0.000000
    outer loop
      vertex 14.6269 34.5406 0.0000
      vertex 14.5919 34.4887 0.0000
      vertex 14.5919 34.4887 2.4000
    endloop
  endfacet
  facet normal -0.828705 0.559686 0.000000
    outer loop
      vertex 14.6269 34.5406 0.0000
      vertex 14.5919 34.4887 2.4000
      vertex 14.6269 34.5406 2.4000
    endloop
  endfacet
  facet normal -0.792067 0.610434 0.000000
    outer loop
      vertex 14.5919 34.4887 0.0000
      vertex 14.3391 34.1606 0.0000
      vertex 14.3391 34.1606 2.4000
    endloop
  endfacet
  facet normal -0.792067 0.610434 0.000000
    outer loop
      vertex 14.5919 34.4887 0.0000
      vertex 14.3391 34.1606 2.4000
      vertex 14.5919 34.4887 2.4000
    endloop
  endfacet
  facet normal -0.747504 0.664257 0.000000
    outer loop
      vertex 14.3391 34.1606 0.0000
      vertex 14.2927 34.1084 0.0000
      vertex 14.2927 34.1084 2.4000
    endloop
  endfacet
  facet normal -0.747504 0.664257 0.000000
    outer loop
      vertex 14.3391 34.1606 0.0000
      vertex 14.2927 34.1084 2.4000
      vertex 14.3391 34.1606 2.4000
    endloop
  endfacet
  facet normal -0.647665 0.761925 0.000000
    outer loop
      vertex 14.2927 34.1084 0.0000
      vertex 14.2395 34.0632 0.0000
      vertex 14.2395 34.0632 2.4000
    endloop
  endfacet
  facet normal -0.647665 0.761925 0.000000
    outer loop
      vertex 14.2927 34.1084 0.0000
      vertex 14.2395 34.0632 2.4000
      vertex 14.2927 34.1084 2.4000
    endloop
  endfacet
  facet normal -0.535191 0.844731 0.000000
    outer loop
      vertex 14.2395 34.0632 0.0000
      vertex 14.1805 34.0258 0.0000
      vertex 14.1805 34.0258 2.4000
    endloop
  endfacet
  facet normal -0.535191 0.844731 0.000000
    outer loop
      vertex 14.2395 34.0632 0.0000
      vertex 14.1805 34.0258 2.4000
      vertex 14.2395 34.0632 2.4000
    endloop
  endfacet
  facet normal -0.412278 0.911058 0.000000
    outer loop
      vertex 14.1805 34.0258 0.0000
      vertex 14.1169 33.9970 0.0000
      vertex 14.1169 33.9970 2.4000
    endloop
  endfacet
  facet normal -0.412278 0.911058 0.000000
    outer loop
      vertex 14.1805 34.0258 0.0000
      vertex 14.1169 33.9970 2.4000
      vertex 14.1805 34.0258 2.4000
    endloop
  endfacet
  facet normal -0.281323 0.959613 0.000000
    outer loop
      vertex 14.1169 33.9970 0.0000
      vertex 14.0498 33.9774 0.0000
      vertex 14.0498 33.9774 2.4000
    endloop
  endfacet
  facet normal -0.281323 0.959613 0.000000
    outer loop
      vertex 14.1169 33.9970 0.0000
      vertex 14.0498 33.9774 2.4000
      vertex 14.1169 33.9970 2.4000
    endloop
  endfacet
  facet normal -0.213622 0.976916 0.000000
    outer loop
      vertex 14.0498 33.9774 0.0000
      vertex 12.9264 33.7317 0.0000
      vertex 12.9264 33.7317 2.4000
    endloop
  endfacet
  facet normal -0.213622 0.976916 0.000000
    outer loop
      vertex 14.0498 33.9774 0.0000
      vertex 12.9264 33.7317 2.4000
      vertex 14.0498 33.9774 2.4000
    endloop
  endfacet
  facet normal -0.154735 0.987956 0.000000
    outer loop
      vertex 12.9264 33.7317 0.0000
      vertex 12.8673 33.7225 0.0000
      vertex 12.8673 33.7225 2.4000
    endloop
  endfacet
  facet normal -0.154735 0.987956 0.000000
    outer loop
      vertex 12.9264 33.7317 0.0000
      vertex 12.8673 33.7225 2.4000
      vertex 12.9264 33.7317 2.4000
    endloop
  endfacet
  facet normal -0.035507 0.999369 0.000000
    outer loop
      vertex 12.8673 33.7225 0.0000
      vertex 12.8074 33.7203 0.0000
      vertex 12.8074 33.7203 2.4000
    endloop
  endfacet
  facet normal -0.035507 0.999369 0.000000
    outer loop
      vertex 12.8673 33.7225 0.0000
      vertex 12.8074 33.7203 2.4000
      vertex 12.8673 33.7225 2.4000
    endloop
  endfacet
  facet normal 0.024405 0.999702 0.000000
    outer loop
      vertex 12.8074 33.7203 0.0000
      vertex 10.9208 33.7664 0.0000
      vertex 10.9208 33.7664 2.4000
    endloop
  endfacet
  facet normal 0.024405 0.999702 -0.000000
    outer loop
      vertex 12.8074 33.7203 0.0000
      vertex 10.9208 33.7664 2.4000
      vertex 12.8074 33.7203 2.4000
    endloop
  endfacet
  facet normal 0.077619 0.996983 0.000000
    outer loop
      vertex 10.9208 33.7664 0.0000
      vertex 10.8677 33.7705 0.0000
      vertex 10.8677 33.7705 2.4000
    endloop
  endfacet
  facet normal 0.077619 0.996983 -0.000000
    outer loop
      vertex 10.9208 33.7664 0.0000
      vertex 10.8677 33.7705 2.4000
      vertex 10.9208 33.7664 2.4000
    endloop
  endfacet
  facet normal 0.130613 0.991433 0.000000
    outer loop
      vertex 10.8677 33.7705 0.0000
      vertex 8.5806 34.0718 0.0000
      vertex 8.5806 34.0718 2.4000
    endloop
  endfacet
  facet normal 0.130613 0.991433 -0.000000
    outer loop
      vertex 10.8677 33.7705 0.0000
      vertex 8.5806 34.0718 2.4000
      vertex 10.8677 33.7705 2.4000
    endloop
  endfacet
  facet normal 0.159746 0.987158 0.000000
    outer loop
      vertex 8.5806 34.0718 0.0000
      vertex 8.5515 34.0765 0.0000
      vertex 8.5515 34.0765 2.4000
    endloop
  endfacet
  facet normal 0.159746 0.987158 -0.000000
    outer loop
      vertex 8.5806 34.0718 0.0000
      vertex 8.5515 34.0765 2.4000
      vertex 8.5806 34.0718 2.4000
    endloop
  endfacet
  facet normal 0.188740 0.982027 0.000000
    outer loop
      vertex 8.5515 34.0765 0.0000
      vertex 6.1354 34.5409 0.0000
      vertex 6.1354 34.5409 2.4000
    endloop
  endfacet
  facet normal 0.188740 0.982027 -0.000000
    outer loop
      vertex 8.5515 34.0765 0.0000
      vertex 6.1354 34.5409 2.4000
      vertex 8.5515 34.0765 2.4000
    endloop
  endfacet
  facet normal 0.206918 0.978358 0.000000
    outer loop
      vertex 6.1354 34.5409 0.0000
      vertex 6.1173 34.5447 0.0000
      vertex 6.1173 34.5447 2.4000
    endloop
  endfacet
  facet normal 0.206918 0.978358 -0.000000
    outer loop
      vertex 6.1354 34.5409 0.0000
      vertex 6.1173 34.5447 2.4000
      vertex 6.1354 34.5409 2.4000
    endloop
  endfacet
  facet normal 0.225026 0.974353 0.000000
    outer loop
      vertex 6.1173 34.5447 0.0000
      vertex 3.8207 35.0751 0.0000
      vertex 3.8207 35.0751 2.4000
    endloop
  endfacet
  facet normal 0.225026 0.974353 -0.000000
    outer loop
      vertex 6.1173 34.5447 0.0000
      vertex 3.8207 35.0751 2.4000
      vertex 6.1173 34.5447 2.4000
    endloop
  endfacet
  facet normal 0.237376 0.971418 0.000000
    outer loop
      vertex 3.8207 35.0751 0.0000
      vertex 3.8084 35.0781 0.0000
      vertex 3.8084 35.0781 2.4000
    endloop
  endfacet
  facet normal 0.237376 0.971418 -0.000000
    outer loop
      vertex 3.8207 35.0751 0.0000
      vertex 3.8084 35.0781 2.4000
      vertex 3.8207 35.0751 2.4000
    endloop
  endfacet
  facet normal 0.249689 0.968326 0.000000
    outer loop
      vertex 3.8084 35.0781 0.0000
      vertex 1.8735 35.5771 0.0000
      vertex 1.8735 35.5771 2.4000
    endloop
  endfacet
  facet normal 0.249689 0.968326 -0.000000
    outer loop
      vertex 3.8084 35.0781 0.0000
      vertex 1.8735 35.5771 2.4000
      vertex 3.8084 35.0781 2.4000
    endloop
  endfacet
  facet normal 0.258544 0.966000 0.000000
    outer loop
      vertex 1.8735 35.5771 0.0000
      vertex 1.8646 35.5794 0.0000
      vertex 1.8646 35.5794 2.4000
    endloop
  endfacet
  facet normal 0.258544 0.966000 -0.000000
    outer loop
      vertex 1.8735 35.5771 0.0000
      vertex 1.8646 35.5794 2.4000
      vertex 1.8735 35.5771 2.4000
    endloop
  endfacet
  facet normal 0.267377 0.963592 0.000000
    outer loop
      vertex 1.8646 35.5794 0.0000
      vertex 0.5309 35.9495 0.0000
      vertex 0.5309 35.9495 2.4000
    endloop
  endfacet
  facet normal 0.267377 0.963592 -0.000000
    outer loop
      vertex 1.8646 35.5794 0.0000
      vertex 0.5309 35.9495 2.4000
      vertex 1.8646 35.5794 2.4000
    endloop
  endfacet
  facet normal 0.273562 0.961854 0.000000
    outer loop
      vertex 0.5309 35.9495 0.0000
      vertex 0.5247 35.9513 0.0000
      vertex 0.5247 35.9513 2.4000
    endloop
  endfacet
  facet normal 0.273562 0.961854 -0.000000
    outer loop
      vertex 0.5309 35.9495 0.0000
      vertex 0.5247 35.9513 2.4000
      vertex 0.5309 35.9495 2.4000
    endloop
  endfacet
  facet normal 0.279735 0.960077 0.000000
    outer loop
      vertex 0.5247 35.9513 0.0000
      vertex 0.4601 35.9701 0.0000
      vertex 0.4601 35.9701 2.4000
    endloop
  endfacet
  facet normal 0.279735 0.960077 -0.000000
    outer loop
      vertex 0.5247 35.9513 0.0000
      vertex 0.4601 35.9701 2.4000
      vertex 0.5247 35.9513 2.4000
    endloop
  endfacet
  facet normal 0.000000 0.000000 -1.000000
    outer loop
      vertex 20.8000 39.8000 4.4000
      vertex 20.9782 39.4988 4.4000
      vertex 20.8000 39.5621 4.4000
    endloop
  endfacet
  facet normal -0.000000 0.000000 1.000000
    outer loop
      vertex 20.8000 39.5621 2.3200
      vertex 20.9782 39.4988 2.3200
      vertex 20.8000 39.8000 2.3200
    endloop
  endfacet
  facet normal 0.000000 0.000000 -1.000000
    outer loop
      vertex 20.8000 39.8000 4.4000
      vertex 21.0000 40.0000 4.4000
      vertex 20.9782 39.4988 4.4000
    endloop
  endfacet
  facet normal 0.000000 -0.000000 1.000000
    outer loop
      vertex 20.9782 39.4988 2.3200
      vertex 21.0000 40.0000 2.3200
      vertex 20.8000 39.8000 2.3200
    endloop
  endfacet
  facet normal 0.000000 0.000000 -1.000000
    outer loop
      vertex 21.0000 40.0000 4.4000
      vertex 20.9859 39.4958 4.4000
      vertex 20.9782 39.4988 4.4000
    endloop
  endfacet
  facet normal -0.000000 0.000000 1.000000
    outer loop
      vertex 20.9782 39.4988 2.3200
      vertex 20.9859 39.4958 2.3200
      vertex 21.0000 40.0000 2.3200
    endloop
  endfacet
  facet normal 0.000000 -0.000000 -1.000000
    outer loop
      vertex 21.0000 40.0000 4.4000
      vertex 21.2000 40.0000 4.4000
      vertex 20.9859 39.4958 4.4000
    endloop
  endfacet
  facet normal 0.000000 0.000000 1.000000
    outer loop
      vertex 20.9859 39.4958 2.3200
      vertex 21.2000 40.0000 2.3200
      vertex 21.0000 40.0000 2.3200
    endloop
  endfacet
  facet normal 0.000000 -0.000000 -1.000000
    outer loop
      vertex 21.4000 40.2000 4.4000
      vertex 21.9477 38.6726 4.4000
      vertex 21.2000 40.0000 4.4000
    endloop
  endfacet
  facet normal -0.000000 0.000000 1.000000
    outer loop
      vertex 21.2000 40.0000 2.3200
      vertex 21.9477 38.6726 2.3200
      vertex 21.4000 40.2000 2.3200
    endloop
  endfacet
  facet normal 0.000000 0.000000 -1.000000
    outer loop
      vertex 21.4000 40.2000 4.4000
      vertex 21.9536 38.6671 4.4000
      vertex 21.9477 38.6726 4.4000
    endloop
  endfacet
  facet normal -0.000000 -0.000000 1.000000
    outer loop
      vertex 21.9477 38.6726 2.3200
      vertex 21.9536 38.6671 2.3200
      vertex 21.4000 40.2000 2.3200
    endloop
  endfacet
  facet normal 0.000000 0.000000 -1.000000
    outer loop
      vertex 21.4000 40.2000 4.4000
      vertex 21.9655 38.6540 4.4000
      vertex 21.9536 38.6671 4.4000
    endloop
  endfacet
  facet normal -0.000000 -0.000000 1.000000
    outer loop
      vertex 21.9536 38.6671 2.3200
      vertex 21.9655 38.6540 2.3200
      vertex 21.4000 40.2000 2.3200
    endloop
  endfacet
  facet normal 0.000000 0.000000 -1.000000
    outer loop
      vertex 21.4000 40.2000 4.4000
      vertex 21.9725 38.6441 4.4000
      vertex 21.9655 38.6540 4.4000
    endloop
  endfacet
  facet normal -0.000000 -0.000000 1.000000
    outer loop
      vertex 21.9655 38.6540 2.3200
      vertex 21.9725 38.6441 2.3200
      vertex 21.4000 40.2000 2.3200
    endloop
  endfacet
  facet normal 0.000000 0.000000 -1.000000
    outer loop
      vertex 21.4000 40.2000 4.4000
      vertex 30.0000 40.2000 4.4000
      vertex 21.9725 38.6441 4.4000
    endloop
  endfacet
  facet normal 0.000000 -0.000000 1.000000
    outer loop
      vertex 21.9725 38.6441 2.3200
      vertex 30.0000 40.2000 2.3200
      vertex 21.4000 40.2000 2.3200
    endloop
  endfacet
  facet normal 0.000000 0.000000 -1.000000
    outer loop
      vertex 30.0000 40.2000 4.4000
      vertex 21.9782 38.6335 4.4000
      vertex 21.9725 38.6441 4.4000
    endloop
  endfacet
  facet normal -0.000000 0.000000 1.000000
    outer loop
      vertex 21.9725 38.6441 2.3200
      vertex 21.9782 38.6335 2.3200
      vertex 30.0000 40.2000 2.3200
    endloop
  endfacet
  facet normal 0.000000 0.000000 -1.000000
    outer loop
      vertex 30.0000 40.2000 4.4000
      vertex 21.9846 38.6170 4.4000
      vertex 21.9782 38.6335 4.4000
    endloop
  endfacet
  facet normal -0.000000 0.000000 1.000000
    outer loop
      vertex 21.9782 38.6335 2.3200
      vertex 21.9846 38.6170 2.3200
      vertex 30.0000 40.2000 2.3200
    endloop
  endfacet
  facet normal 0.000000 0.000000 -1.000000
    outer loop
      vertex 30.0000 40.2000 4.4000
      vertex 21.9868 38.6092 4.4000
      vertex 21.9846 38.6170 4.4000
    endloop
  endfacet
  facet normal -0.000000 0.000000 1.000000
    outer loop
      vertex 21.9846 38.6170 2.3200
      vertex 21.9868 38.6092 2.3200
      vertex 30.0000 40.2000 2.3200
    endloop
  endfacet
  facet normal 0.000000 0.000000 -1.000000
    outer loop
      vertex 30.0000 40.2000 4.4000
      vertex 22.2710 37.4902 4.4000
      vertex 21.9868 38.6092 4.4000
    endloop
  endfacet
  facet normal -0.000000 0.000000 1.000000
    outer loop
      vertex 21.9868 38.6092 2.3200
      vertex 22.2710 37.4902 2.3200
      vertex 30.0000 40.2000 2.3200
    endloop
  endfacet
  facet normal 0.000000 0.000000 -1.000000
    outer loop
      vertex 30.0000 40.2000 4.4000
      vertex 28.4000 35.0000 4.4000
      vertex 22.2710 37.4902 4.4000
    endloop
  endfacet
  facet normal -0.000000 0.000000 1.000000
    outer loop
      vertex 22.2710 37.4902 2.3200
      vertex 28.4000 35.0000 2.3200
      vertex 30.0000 40.2000 2.3200
    endloop
  endfacet
  facet normal 0.000000 -0.000000 -1.000000
    outer loop
      vertex 30.0000 40.2000 4.4000
      vertex 30.2000 40.0000 4.4000
      vertex 28.4000 35.0000 4.4000
    endloop
  endfacet
  facet normal 0.000000 0.000000 1.000000
    outer loop
      vertex 28.4000 35.0000 2.3200
      vertex 30.2000 40.0000 2.3200
      vertex 30.0000 40.2000 2.3200
    endloop
  endfacet
  facet normal -0.000000 -0.000000 -1.000000
    outer loop
      vertex 31.4000 40.0000 4.4000
      vertex 31.6000 39.8000 4.4000
      vertex 30.2000 40.0000 4.4000
    endloop
  endfacet
  facet normal -0.000000 0.000000 1.000000
    outer loop
      vertex 30.2000 40.0000 2.3200
      vertex 31.6000 39.8000 2.3200
      vertex 31.4000 40.0000 2.3200
    endloop
  endfacet
  facet normal -0.000000 -0.000000 -1.000000
    outer loop
      vertex 32.0000 39.8000 4.4000
      vertex 32.2000 39.6000 4.4000
      vertex 31.6000 39.8000 4.4000
    endloop
  endfacet
  facet normal -0.000000 0.000000 1.000000
    outer loop
      vertex 31.6000 39.8000 2.3200
      vertex 32.2000 39.6000 2.3200
      vertex 32.0000 39.8000 2.3200
    endloop
  endfacet
  facet normal -0.000000 -0.000000 -1.000000
    outer loop
      vertex 32.6000 39.6000 4.4000
      vertex 32.8000 39.4000 4.4000
      vertex 32.2000 39.6000 4.4000
    endloop
  endfacet
  facet normal -0.000000 0.000000 1.000000
    outer loop
      vertex 32.2000 39.6000 2.3200
      vertex 32.8000 39.4000 2.3200
      vertex 32.6000 39.6000 2.3200
    endloop
  endfacet
  facet normal -0.000000 -0.000000 -1.000000
    outer loop
      vertex 33.0000 39.4000 4.4000
      vertex 33.2000 39.2000 4.4000
      vertex 32.8000 39.4000 4.4000
    endloop
  endfacet
  facet normal -0.000000 0.000000 1.000000
    outer loop
      vertex 32.8000 39.4000 2.3200
      vertex 33.2000 39.2000 2.3200
      vertex 33.0000 39.4000 2.3200
    endloop
  endfacet
  facet normal -0.000000 -0.000000 -1.000000
    outer loop
      vertex 33.4000 39.2000 4.4000
      vertex 33.8000 38.8000 4.4000
      vertex 33.2000 39.2000 4.4000
    endloop
  endfacet
  facet normal -0.000000 0.000000 1.000000
    outer loop
      vertex 33.2000 39.2000 2.3200
      vertex 33.8000 38.8000 2.3200
      vertex 33.4000 39.2000 2.3200
    endloop
  endfacet
  facet normal -0.000000 -0.000000 -1.000000
    outer loop
      vertex 34.0000 38.8000 4.4000
      vertex 34.8000 37.8000 4.4000
      vertex 33.8000 38.8000 4.4000
    endloop
  endfacet
  facet normal -0.000000 0.000000 1.000000
    outer loop
      vertex 33.8000 38.8000 2.3200
      vertex 34.8000 37.8000 2.3200
      vertex 34.0000 38.8000 2.3200
    endloop
  endfacet
  facet normal 0.000000 0.000000 -1.000000
    outer loop
      vertex 34.0000 38.8000 4.4000
      vertex 34.8000 38.0000 4.4000
      vertex 34.8000 37.8000 4.4000
    endloop
  endfacet
  facet normal 0.000000 -0.000000 1.000000
    outer loop
      vertex 34.8000 37.8000 2.3200
      vertex 34.8000 38.0000 2.3200
      vertex 34.0000 38.8000 2.3200
    endloop
  endfacet
  facet normal -0.000000 -0.000000 -1.000000
    outer loop
      vertex 35.2000 37.4000 4.4000
      vertex 35.2000 37.0000 4.4000
      vertex 34.8000 37.8000 4.4000
    endloop
  endfacet
  facet normal 0.000000 0.000000 1.000000
    outer loop
      vertex 34.8000 37.8000 2.3200
      vertex 35.2000 37.0000 2.3200
      vertex 35.2000 37.4000 2.3200
    endloop
  endfacet
  facet normal -0.000000 -0.000000 -1.000000
    outer loop
      vertex 35.4000 36.8000 4.4000
      vertex 35.4000 36.2000 4.4000
      vertex 35.2000 37.0000 4.4000
    endloop
  endfacet
  facet normal 0.000000 0.000000 1.000000
    outer loop
      vertex 35.2000 37.0000 2.3200
      vertex 35.4000 36.2000 2.3200
      vertex 35.4000 36.8000 2.3200
    endloop
  endfacet
  facet normal -0.000000 0.000000 -1.000000
    outer loop
      vertex 35.5751 36.0249 4.4000
      vertex 35.5646 36.0155 4.4000
      vertex 35.4000 36.2000 4.4000
    endloop
  endfacet
  facet normal 0.000000 0.000000 1.000000
    outer loop
      vertex 35.4000 36.2000 2.3200
      vertex 35.5646 36.0155 2.3200
      vertex 35.5751 36.0249 2.3200
    endloop
  endfacet
  facet normal -0.000000 0.000000 -1.000000
    outer loop
      vertex 35.5646 36.0155 4.4000
      vertex 35.5106 35.9787 4.4000
      vertex 35.4000 36.2000 4.4000
    endloop
  endfacet
  facet normal 0.000000 0.000000 1.000000
    outer loop
      vertex 35.4000 36.2000 2.3200
      vertex 35.5106 35.9787 2.3200
      vertex 35.5646 36.0155 2.3200
    endloop
  endfacet
  facet normal -0.000000 0.000000 -1.000000
    outer loop
      vertex 35.5106 35.9787 4.4000
      vertex 35.4522 35.9493 4.4000
      vertex 35.4000 36.2000 4.4000
    endloop
  endfacet
  facet normal 0.000000 0.000000 1.000000
    outer loop
      vertex 35.4000 36.2000 2.3200
      vertex 35.4522 35.9493 2.3200
      vertex 35.5106 35.9787 2.3200
    endloop
  endfacet
  facet normal -0.000000 0.000000 -1.000000
    outer loop
      vertex 35.4522 35.9493 4.4000
      vertex 35.3904 35.9277 4.4000
      vertex 35.4000 36.2000 4.4000
    endloop
  endfacet
  facet normal 0.000000 0.000000 1.000000
    outer loop
      vertex 35.4000 36.2000 2.3200
      vertex 35.3904 35.9277 2.3200
      vertex 35.4522 35.9493 2.3200
    endloop
  endfacet
  facet normal -0.000000 0.000000 -1.000000
    outer loop
      vertex 35.3904 35.9277 4.4000
      vertex 34.1354 35.5794 4.4000
      vertex 35.4000 36.2000 4.4000
    endloop
  endfacet
  facet normal 0.000000 0.000000 1.000000
    outer loop
      vertex 35.4000 36.2000 2.3200
      vertex 34.1354 35.5794 2.3200
      vertex 35.3904 35.9277 2.3200
    endloop
  endfacet
  facet normal 0.000000 0.000000 -1.000000
    outer loop
      vertex 34.1354 35.5794 4.4000
      vertex 35.2000 37.0000 4.4000
      vertex 35.4000 36.2000 4.4000
    endloop
  endfacet
  facet normal 0.000000 0.000000 1.000000
    outer loop
      vertex 35.4000 36.2000 2.3200
      vertex 35.2000 37.0000 2.3200
      vertex 34.1354 35.5794 2.3200
    endloop
  endfacet
  facet normal 0.000000 0.000000 -1.000000
    outer loop
      vertex 34.1354 35.5794 4.4000
      vertex 34.8000 37.8000 4.4000
      vertex 35.2000 37.0000 4.4000
    endloop
  endfacet
  facet normal 0.000000 0.000000 1.000000
    outer loop
      vertex 35.2000 37.0000 2.3200
      vertex 34.8000 37.8000 2.3200
      vertex 34.1354 35.5794 2.3200
    endloop
  endfacet
  facet normal -0.000000 0.000000 -1.000000
    outer loop
      vertex 34.1354 35.5794 4.4000
      vertex 34.1265 35.5771 4.4000
      vertex 34.8000 37.8000 4.4000
    endloop
  endfacet
  facet normal 0.000000 0.000000 1.000000
    outer loop
      vertex 34.8000 37.8000 2.3200
      vertex 34.1265 35.5771 2.3200
      vertex 34.1354 35.5794 2.3200
    endloop
  endfacet
  facet normal 0.000000 0.000000 -1.000000
    outer loop
      vertex 34.1265 35.5771 4.4000
      vertex 33.8000 38.8000 4.4000
      vertex 34.8000 37.8000 4.4000
    endloop
  endfacet
  facet normal 0.000000 0.000000 1.000000
    outer loop
      vertex 34.8000 37.8000 2.3200
      vertex 33.8000 38.8000 2.3200
      vertex 34.1265 35.5771 2.3200
    endloop
  endfacet
  facet normal -0.000000 0.000000 -1.000000
    outer loop
      vertex 34.1265 35.5771 4.4000
      vertex 32.1916 35.0781 4.4000
      vertex 33.8000 38.8000 4.4000
    endloop
  endfacet
  facet normal 0.000000 0.000000 1.000000
    outer loop
      vertex 33.8000 38.8000 2.3200
      vertex 32.1916 35.0781 2.3200
      vertex 34.1265 35.5771 2.3200
    endloop
  endfacet
  facet normal 0.000000 0.000000 -1.000000
    outer loop
      vertex 32.1916 35.0781 4.4000
      vertex 33.2000 39.2000 4.4000
      vertex 33.8000 38.8000 4.4000
    endloop
  endfacet
  facet normal 0.000000 0.000000 1.000000
    outer loop
      vertex 33.8000 38.8000 2.3200
      vertex 33.2000 39.2000 2.3200
      vertex 32.1916 35.0781 2.3200
    endloop
  endfacet
  facet normal 0.000000 0.000000 -1.000000
    outer loop
      vertex 32.1916 35.0781 4.4000
      vertex 32.8000 39.4000 4.4000
      vertex 33.2000 39.2000 4.4000
    endloop
  endfacet
  facet normal 0.000000 0.000000 1.000000
    outer loop
      vertex 33.2000 39.2000 2.3200
      vertex 32.8000 39.4000 2.3200
      vertex 32.1916 35.0781 2.3200
    endloop
  endfacet
  facet normal 0.000000 0.000000 -1.000000
    outer loop
      vertex 32.1916 35.0781 4.4000
      vertex 32.2000 39.6000 4.4000
      vertex 32.8000 39.4000 4.4000
    endloop
  endfacet
  facet normal 0.000000 0.000000 1.000000
    outer loop
      vertex 32.8000 39.4000 2.3200
      vertex 32.2000 39.6000 2.3200
      vertex 32.1916 35.0781 2.3200
    endloop
  endfacet
  facet normal -0.000000 0.000000 -1.000000
    outer loop
      vertex 32.1916 35.0781 4.4000
      vertex 32.1793 35.0751 4.4000
      vertex 32.2000 39.6000 4.4000
    endloop
  endfacet
  facet normal 0.000000 0.000000 1.000000
    outer loop
      vertex 32.2000 39.6000 2.3200
      vertex 32.1793 35.0751 2.3200
      vertex 32.1916 35.0781 2.3200
    endloop
  endfacet
  facet normal 0.000000 0.000000 -1.000000
    outer loop
      vertex 32.1793 35.0751 4.4000
      vertex 31.6000 39.8000 4.4000
      vertex 32.2000 39.6000 4.4000
    endloop
  endfacet
  facet normal 0.000000 0.000000 1.000000
    outer loop
      vertex 32.2000 39.6000 2.3200
      vertex 31.6000 39.8000 2.3200
      vertex 32.1793 35.0751 2.3200
    endloop
  endfacet
  facet normal 0.000000 0.000000 -1.000000
    outer loop
      vertex 32.1793 35.0751 4.4000
      vertex 30.2000 40.0000 4.4000
      vertex 31.6000 39.8000 4.4000
    endloop
  endfacet
  facet normal 0.000000 0.000000 1.000000
    outer loop
      vertex 31.6000 39.8000 2.3200
      vertex 30.2000 40.0000 2.3200
      vertex 32.1793 35.0751 2.3200
    endloop
  endfacet
  facet normal -0.000000 0.000000 -1.000000
    outer loop
      vertex 32.1793 35.0751 4.4000
      vertex 29.8827 34.5447 4.4000
      vertex 30.2000 40.0000 4.4000
    endloop
  endfacet
  facet normal 0.000000 0.000000 1.000000
    outer loop
      vertex 30.2000 40.0000 2.3200
      vertex 29.8827 34.5447 2.3200
      vertex 32.1793 35.0751 2.3200
    endloop
  endfacet
  facet normal 0.000000 0.000000 -1.000000
    outer loop
      vertex 29.8827 34.5447 4.4000
      vertex 28.8000 35.0000 4.4000
      vertex 30.2000 40.0000 4.4000
    endloop
  endfacet
  facet normal 0.000000 0.000000 1.000000
    outer loop
      vertex 30.2000 40.0000 2.3200
      vertex 28.8000 35.0000 2.3200
      vertex 29.8827 34.5447 2.3200
    endloop
  endfacet
  facet normal -0.000000 0.000000 -1.000000
    outer loop
      vertex 29.8827 34.5447 4.4000
      vertex 29.8646 34.5409 4.4000
      vertex 28.8000 35.0000 4.4000
    endloop
  endfacet
  facet normal 0.000000 0.000000 1.000000
    outer loop
      vertex 28.8000 35.0000 2.3200
      vertex 29.8646 34.5409 2.3200
      vertex 29.8827 34.5447 2.3200
    endloop
  endfacet
  facet normal 0.000000 0.000000 -1.000000
    outer loop
      vertex 29.8646 34.5409 4.4000
      vertex 29.2000 34.6000 4.4000
      vertex 28.8000 35.0000 4.4000
    endloop
  endfacet
  facet normal 0.000000 0.000000 1.000000
    outer loop
      vertex 28.8000 35.0000 2.3200
      vertex 29.2000 34.6000 2.3200
      vertex 29.8646 34.5409 2.3200
    endloop
  endfacet
  facet normal -0.000000 0.000000 -1.000000
    outer loop
      vertex 29.8646 34.5409 4.4000
      vertex 29.2000 34.4132 4.4000
      vertex 29.2000 34.6000 4.4000
    endloop
  endfacet
  facet normal 0.000000 0.000000 1.000000
    outer loop
      vertex 29.2000 34.6000 2.3200
      vertex 29.2000 34.4132 2.3200
      vertex 29.8646 34.5409 2.3200
    endloop
  endfacet
  facet normal 0.000000 0.000000 -1.000000
    outer loop
      vertex 27.4485 34.0765 4.4000
      vertex 28.2000 34.8000 4.4000
      vertex 28.2000 34.2210 4.4000
    endloop
  endfacet
  facet normal 0.000000 -0.000000 1.000000
    outer loop
      vertex 28.2000 34.2210 2.3200
      vertex 28.2000 34.8000 2.3200
      vertex 27.4485 34.0765 2.3200
    endloop
  endfacet
  facet normal -0.000000 0.000000 -1.000000
    outer loop
      vertex 27.4485 34.0765 4.4000
      vertex 27.4194 34.0718 4.4000
      vertex 28.2000 34.8000 4.4000
    endloop
  endfacet
  facet normal 0.000000 0.000000 1.000000
    outer loop
      vertex 28.2000 34.8000 2.3200
      vertex 27.4194 34.0718 2.3200
      vertex 27.4485 34.0765 2.3200
    endloop
  endfacet
  facet normal -0.000000 0.000000 -1.000000
    outer loop
      vertex 27.4194 34.0718 4.4000
      vertex 25.1323 33.7705 4.4000
      vertex 28.2000 34.8000 4.4000
    endloop
  endfacet
  facet normal 0.000000 0.000000 1.000000
    outer loop
      vertex 28.2000 34.8000 2.3200
      vertex 25.1323 33.7705 2.3200
      vertex 27.4194 34.0718 2.3200
    endloop
  endfacet
  facet normal 0.000000 0.000000 -1.000000
    outer loop
      vertex 25.1323 33.7705 4.4000
      vertex 22.2750 37.4517 4.4000
      vertex 28.2000 34.8000 4.4000
    endloop
  endfacet
  facet normal 0.000000 0.000000 1.000000
    outer loop
      vertex 28.2000 34.8000 2.3200
      vertex 22.2750 37.4517 2.3200
      vertex 25.1323 33.7705 2.3200
    endloop
  endfacet
  facet normal 0.000000 0.000000 -1.000000
    outer loop
      vertex 25.1323 33.7705 4.4000
      vertex 22.2735 37.4394 4.4000
      vertex 22.2750 37.4517 4.4000
    endloop
  endfacet
  facet normal 0.000000 0.000000 1.000000
    outer loop
      vertex 22.2750 37.4517 2.3200
      vertex 22.2735 37.4394 2.3200
      vertex 25.1323 33.7705 2.3200
    endloop
  endfacet
  facet normal 0.000000 0.000000 -1.000000
    outer loop
      vertex 25.1323 33.7705 4.4000
      vertex 22.2689 37.4218 4.4000
      vertex 22.2735 37.4394 4.4000
    endloop
  endfacet
  facet normal 0.000000 0.000000 1.000000
    outer loop
      vertex 22.2735 37.4394 2.3200
      vertex 22.2689 37.4218 2.3200
      vertex 25.1323 33.7705 2.3200
    endloop
  endfacet
  facet normal -0.000000 0.000000 -1.000000
    outer loop
      vertex 25.1323 33.7705 4.4000
      vertex 25.0792 33.7664 4.4000
      vertex 22.2689 37.4218 4.4000
    endloop
  endfacet
  facet normal 0.000000 0.000000 1.000000
    outer loop
      vertex 22.2689 37.4218 2.3200
      vertex 25.0792 33.7664 2.3200
      vertex 25.1323 33.7705 2.3200
    endloop
  endfacet
  facet normal 0.000000 0.000000 -1.000000
    outer loop
      vertex 25.0792 33.7664 4.4000
      vertex 22.2661 37.4140 4.4000
      vertex 22.2689 37.4218 4.4000
    endloop
  endfacet
  facet normal 0.000000 0.000000 1.000000
    outer loop
      vertex 22.2689 37.4218 2.3200
      vertex 22.2661 37.4140 2.3200
      vertex 25.0792 33.7664 2.3200
    endloop
  endfacet
  facet normal -0.000000 0.000000 -1.000000
    outer loop
      vertex 25.0792 33.7664 4.4000
      vertex 23.1926 33.7203 4.4000
      vertex 22.2661 37.4140 4.4000
    endloop
  endfacet
  facet normal 0.000000 0.000000 1.000000
    outer loop
      vertex 22.2661 37.4140 2.3200
      vertex 23.1926 33.7203 2.3200
      vertex 25.0792 33.7664 2.3200
    endloop
  endfacet
  facet normal 0.000000 0.000000 -1.000000
    outer loop
      vertex 23.1926 33.7203 4.4000
      vertex 21.6964 35.9720 4.4000
      vertex 22.2661 37.4140 4.4000
    endloop
  endfacet
  facet normal 0.000000 0.000000 1.000000
    outer loop
      vertex 22.2661 37.4140 2.3200
      vertex 21.6964 35.9720 2.3200
      vertex 23.1926 33.7203 2.3200
    endloop
  endfacet
  facet normal 0.000000 0.000000 -1.000000
    outer loop
      vertex 23.1926 33.7203 4.4000
      vertex 23.0736 33.7317 4.4000
      vertex 21.6964 35.9720 4.4000
    endloop
  endfacet
  facet normal 0.000000 0.000000 1.000000
    outer loop
      vertex 21.6964 35.9720 2.3200
      vertex 23.0736 33.7317 2.3200
      vertex 23.1926 33.7203 2.3200
    endloop
  endfacet
  facet normal 0.000000 0.000000 -1.000000
    outer loop
      vertex 23.1926 33.7203 4.4000
      vertex 23.1327 33.7225 4.4000
      vertex 23.0736 33.7317 4.4000
    endloop
  endfacet
  facet normal 0.000000 0.000000 1.000000
    outer loop
      vertex 23.0736 33.7317 2.3200
      vertex 23.1327 33.7225 2.3200
      vertex 23.1926 33.7203 2.3200
    endloop
  endfacet
  facet normal 0.000000 0.000000 -1.000000
    outer loop
      vertex 23.0736 33.7317 4.4000
      vertex 21.6909 35.9574 4.4000
      vertex 21.6964 35.9720 4.4000
    endloop
  endfacet
  facet normal 0.000000 0.000000 1.000000
    outer loop
      vertex 21.6964 35.9720 2.3200
      vertex 21.6909 35.9574 2.3200
      vertex 23.0736 33.7317 2.3200
    endloop
  endfacet
  facet normal 0.000000 0.000000 -1.000000
    outer loop
      vertex 23.0736 33.7317 4.4000
      vertex 21.9502 33.9774 4.4000
      vertex 21.6909 35.9574 4.4000
    endloop
  endfacet
  facet normal 0.000000 0.000000 1.000000
    outer loop
      vertex 21.6909 35.9574 2.3200
      vertex 21.9502 33.9774 2.3200
      vertex 23.0736 33.7317 2.3200
    endloop
  endfacet
  facet normal 0.000000 0.000000 -1.000000
    outer loop
      vertex 21.9502 33.9774 4.4000
      vertex 21.3336 34.9630 4.4000
      vertex 21.6909 35.9574 4.4000
    endloop
  endfacet
  facet normal 0.000000 0.000000 1.000000
    outer loop
      vertex 21.6909 35.9574 2.3200
      vertex 21.3336 34.9630 2.3200
      vertex 21.9502 33.9774 2.3200
    endloop
  endfacet
  facet normal 0.000000 0.000000 -1.000000
    outer loop
      vertex 21.9502 33.9774 4.4000
      vertex 21.6609 34.1606 4.4000
      vertex 21.3336 34.9630 4.4000
    endloop
  endfacet
  facet normal 0.000000 0.000000 1.000000
    outer loop
      vertex 21.3336 34.9630 2.3200
      vertex 21.6609 34.1606 2.3200
      vertex 21.9502 33.9774 2.3200
    endloop
  endfacet
  facet normal 0.000000 0.000000 -1.000000
    outer loop
      vertex 21.9502 33.9774 4.4000
      vertex 21.8831 33.9970 4.4000
      vertex 21.6609 34.1606 4.4000
    endloop
  endfacet
  facet normal 0.000000 0.000000 1.000000
    outer loop
      vertex 21.6609 34.1606 2.3200
      vertex 21.8831 33.9970 2.3200
      vertex 21.9502 33.9774 2.3200
    endloop
  endfacet
  facet normal 0.000000 0.000000 -1.000000
    outer loop
      vertex 21.8831 33.9970 4.4000
      vertex 21.7605 34.0632 4.4000
      vertex 21.6609 34.1606 4.4000
    endloop
  endfacet
  facet normal 0.000000 0.000000 1.000000
    outer loop
      vertex 21.6609 34.1606 2.3200
      vertex 21.7605 34.0632 2.3200
      vertex 21.8831 33.9970 2.3200
    endloop
  endfacet
  facet normal 0.000000 0.000000 -1.000000
    outer loop
      vertex 21.8831 33.9970 4.4000
      vertex 21.8195 34.0258 4.4000
      vertex 21.7605 34.0632 4.4000
    endloop
  endfacet
  facet normal 0.000000 0.000000 1.000000
    outer loop
      vertex 21.7605 34.0632 2.3200
      vertex 21.8195 34.0258 2.3200
      vertex 21.8831 33.9970 2.3200
    endloop
  endfacet
  facet normal 0.000000 0.000000 -1.000000
    outer loop
      vertex 21.7605 34.0632 4.4000
      vertex 21.7073 34.1084 4.4000
      vertex 21.6609 34.1606 4.4000
    endloop
  endfacet
  facet normal 0.000000 0.000000 1.000000
    outer loop
      vertex 21.6609 34.1606 2.3200
      vertex 21.7073 34.1084 2.3200
      vertex 21.7605 34.0632 2.3200
    endloop
  endfacet
  facet normal 0.000000 0.000000 -1.000000
    outer loop
      vertex 21.6609 34.1606 4.4000
      vertex 21.4081 34.4887 4.4000
      vertex 21.3336 34.9630 4.4000
    endloop
  endfacet
  facet normal 0.000000 0.000000 1.000000
    outer loop
      vertex 21.3336 34.9630 2.3200
      vertex 21.4081 34.4887 2.3200
      vertex 21.6609 34.1606 2.3200
    endloop
  endfacet
  facet normal 0.000000 0.000000 -1.000000
    outer loop
      vertex 21.4081 34.4887 4.4000
      vertex 21.3161 34.9030 4.4000
      vertex 21.3336 34.9630 4.4000
    endloop
  endfacet
  facet normal 0.000000 0.000000 1.000000
    outer loop
      vertex 21.3336 34.9630 2.3200
      vertex 21.3161 34.9030 2.3200
      vertex 21.4081 34.4887 2.3200
    endloop
  endfacet
  facet normal 0.000000 0.000000 -1.000000
    outer loop
      vertex 21.4081 34.4887 4.4000
      vertex 21.3237 34.6553 4.4000
      vertex 21.3161 34.9030 4.4000
    endloop
  endfacet
  facet normal 0.000000 0.000000 1.000000
    outer loop
      vertex 21.3161 34.9030 2.3200
      vertex 21.3237 34.6553 2.3200
      vertex 21.4081 34.4887 2.3200
    endloop
  endfacet
  facet normal 0.000000 0.000000 -1.000000
    outer loop
      vertex 21.4081 34.4887 4.4000
      vertex 21.3731 34.5406 4.4000
      vertex 21.3237 34.6553 4.4000
    endloop
  endfacet
  facet normal 0.000000 0.000000 1.000000
    outer loop
      vertex 21.3237 34.6553 2.3200
      vertex 21.3731 34.5406 2.3200
      vertex 21.4081 34.4887 2.3200
    endloop
  endfacet
  facet normal 0.000000 0.000000 -1.000000
    outer loop
      vertex 21.3731 34.5406 4.4000
      vertex 21.3448 34.5964 4.4000
      vertex 21.3237 34.6553 4.4000
    endloop
  endfacet
  facet normal 0.000000 0.000000 1.000000
    outer loop
      vertex 21.3237 34.6553 2.3200
      vertex 21.3448 34.5964 2.3200
      vertex 21.3731 34.5406 2.3200
    endloop
  endfacet
  facet normal 0.000000 0.000000 -1.000000
    outer loop
      vertex 21.3237 34.6553 4.4000
      vertex 21.3064 34.8412 4.4000
      vertex 21.3161 34.9030 4.4000
    endloop
  endfacet
  facet normal 0.000000 0.000000 1.000000
    outer loop
      vertex 21.3161 34.9030 2.3200
      vertex 21.3064 34.8412 2.3200
      vertex 21.3237 34.6553 2.3200
    endloop
  endfacet
  facet normal 0.000000 0.000000 -1.000000
    outer loop
      vertex 21.3237 34.6553 4.4000
      vertex 21.3044 34.7786 4.4000
      vertex 21.3064 34.8412 4.4000
    endloop
  endfacet
  facet normal 0.000000 0.000000 1.000000
    outer loop
      vertex 21.3064 34.8412 2.3200
      vertex 21.3044 34.7786 2.3200
      vertex 21.3237 34.6553 2.3200
    endloop
  endfacet
  facet normal 0.000000 0.000000 -1.000000
    outer loop
      vertex 21.3237 34.6553 4.4000
      vertex 21.3102 34.7164 4.4000
      vertex 21.3044 34.7786 4.4000
    endloop
  endfacet
  facet normal 0.000000 0.000000 1.000000
    outer loop
      vertex 21.3044 34.7786 2.3200
      vertex 21.3102 34.7164 2.3200
      vertex 21.3237 34.6553 2.3200
    endloop
  endfacet
  facet normal 0.000000 0.000000 -1.000000
    outer loop
      vertex 20.9859 39.4958 4.4000
      vertex 21.2000 40.0000 4.4000
      vertex 21.0019 39.4877 4.4000
    endloop
  endfacet
  facet normal 0.000000 -0.000000 1.000000
    outer loop
      vertex 21.0019 39.4877 2.3200
      vertex 21.2000 40.0000 2.3200
      vertex 20.9859 39.4958 2.3200
    endloop
  endfacet
  facet normal 0.000000 0.000000 -1.000000
    outer loop
      vertex 21.2000 40.0000 4.4000
      vertex 21.0169 39.4777 4.4000
      vertex 21.0019 39.4877 4.4000
    endloop
  endfacet
  facet normal -0.000000 0.000000 1.000000
    outer loop
      vertex 21.0019 39.4877 2.3200
      vertex 21.0169 39.4777 2.3200
      vertex 21.2000 40.0000 2.3200
    endloop
  endfacet
  facet normal 0.000000 0.000000 -1.000000
    outer loop
      vertex 21.2000 40.0000 4.4000
      vertex 21.0233 39.4725 4.4000
      vertex 21.0169 39.4777 4.4000
    endloop
  endfacet
  facet normal -0.000000 0.000000 1.000000
    outer loop
      vertex 21.0169 39.4777 2.3200
      vertex 21.0233 39.4725 2.3200
      vertex 21.2000 40.0000 2.3200
    endloop
  endfacet
  facet normal 0.000000 -0.000000 -1.000000
    outer loop
      vertex 21.2000 40.0000 4.4000
      vertex 21.9477 38.6726 4.4000
      vertex 21.0233 39.4725 4.4000
    endloop
  endfacet
  facet normal -0.000000 0.000000 1.000000
    outer loop
      vertex 21.0233 39.4725 2.3200
      vertex 21.9477 38.6726 2.3200
      vertex 21.2000 40.0000 2.3200
    endloop
  endfacet
  facet normal 0.000000 0.000000 -1.000000
    outer loop
      vertex 22.2710 37.4902 4.4000
      vertex 28.4000 35.0000 4.4000
      vertex 22.2728 37.4821 4.4000
    endloop
  endfacet
  facet normal -0.000000 -0.000000 1.000000
    outer loop
      vertex 22.2728 37.4821 2.3200
      vertex 28.4000 35.0000 2.3200
      vertex 22.2710 37.4902 2.3200
    endloop
  endfacet
  facet normal 0.000000 0.000000 -1.000000
    outer loop
      vertex 28.4000 35.0000 4.4000
      vertex 22.2750 37.4641 4.4000
      vertex 22.2728 37.4821 4.4000
    endloop
  endfacet
  facet normal 0.000000 0.000000 1.000000
    outer loop
      vertex 22.2728 37.4821 2.3200
      vertex 22.2750 37.4641 2.3200
      vertex 28.4000 35.0000 2.3200
    endloop
  endfacet
  facet normal 0.000000 0.000000 -1.000000
    outer loop
      vertex 28.4000 35.0000 4.4000
      vertex 22.2750 37.4517 4.4000
      vertex 22.2750 37.4641 4.4000
    endloop
  endfacet
  facet normal 0.000000 0.000000 1.000000
    outer loop
      vertex 22.2750 37.4641 2.3200
      vertex 22.2750 37.4517 2.3200
      vertex 28.4000 35.0000 2.3200
    endloop
  endfacet
  facet normal -0.000000 0.000000 -1.000000
    outer loop
      vertex 28.4000 35.0000 4.4000
      vertex 28.2000 34.8000 4.4000
      vertex 22.2750 37.4517 4.4000
    endloop
  endfacet
  facet normal 0.000000 0.000000 1.000000
    outer loop
      vertex 22.2750 37.4517 2.3200
      vertex 28.2000 34.8000 2.3200
      vertex 28.4000 35.0000 2.3200
    endloop
  endfacet
  facet normal 0.000000 0.000000 -1.000000
    outer loop
      vertex 28.4000 35.0000 4.4000
      vertex 30.2000 40.0000 4.4000
      vertex 28.8000 35.0000 4.4000
    endloop
  endfacet
  facet normal 0.000000 -0.000000 1.000000
    outer loop
      vertex 28.8000 35.0000 2.3200
      vertex 30.2000 40.0000 2.3200
      vertex 28.4000 35.0000 2.3200
    endloop
  endfacet
  facet normal 0.707107 -0.707107 0.000000
    outer loop
      vertex 20.8000 39.8000 2.3200
      vertex 21.0000 40.0000 2.3200
      vertex 21.0000 40.0000 4.4000
    endloop
  endfacet
  facet normal 0.707107 -0.707107 0.000000
    outer loop
      vertex 20.8000 39.8000 2.3200
      vertex 21.0000 40.0000 4.4000
      vertex 20.8000 39.8000 4.4000
    endloop
  endfacet
  facet normal 0.000000 -1.000000 0.000000
    outer loop
      vertex 21.0000 40.0000 2.3200
      vertex 21.2000 40.0000 2.3200
      vertex 21.2000 40.0000 4.4000
    endloop
  endfacet
  facet normal 0.000000 -1.000000 0.000000
    outer loop
      vertex 21.0000 40.0000 2.3200
      vertex 21.2000 40.0000 4.4000
      vertex 21.0000 40.0000 4.4000
    endloop
  endfacet
  facet normal 0.707107 -0.707107 0.000000
    outer loop
      vertex 21.2000 40.0000 2.3200
      vertex 21.4000 40.2000 2.3200
      vertex 21.4000 40.2000 4.4000
    endloop
  endfacet
  facet normal 0.707107 -0.707107 0.000000
    outer loop
      vertex 21.2000 40.0000 2.3200
      vertex 21.4000 40.2000 4.4000
      vertex 21.2000 40.0000 4.4000
    endloop
  endfacet
  facet normal 0.000000 -1.000000 0.000000
    outer loop
      vertex 21.4000 40.2000 2.3200
      vertex 30.0000 40.2000 2.3200
      vertex 30.0000 40.2000 4.4000
    endloop
  endfacet
  facet normal 0.000000 -1.000000 0.000000
    outer loop
      vertex 21.4000 40.2000 2.3200
      vertex 30.0000 40.2000 4.4000
      vertex 21.4000 40.2000 4.4000
    endloop
  endfacet
  facet normal -0.707107 -0.707107 0.000000
    outer loop
      vertex 30.0000 40.2000 2.3200
      vertex 30.2000 40.0000 2.3200
      vertex 30.2000 40.0000 4.4000
    endloop
  endfacet
  facet normal -0.707107 -0.707107 0.000000
    outer loop
      vertex 30.0000 40.2000 2.3200
      vertex 30.2000 40.0000 4.4000
      vertex 30.0000 40.2000 4.4000
    endloop
  endfacet
  facet normal 0.000000 -1.000000 0.000000
    outer loop
      vertex 30.2000 40.0000 2.3200
      vertex 31.4000 40.0000 2.3200
      vertex 31.4000 40.0000 4.4000
    endloop
  endfacet
  facet normal 0.000000 -1.000000 0.000000
    outer loop
      vertex 30.2000 40.0000 2.3200
      vertex 31.4000 40.0000 4.4000
      vertex 30.2000 40.0000 4.4000
    endloop
  endfacet
  facet normal -0.707107 -0.707107 0.000000
    outer loop
      vertex 31.4000 40.0000 2.3200
      vertex 31.6000 39.8000 2.3200
      vertex 31.6000 39.8000 4.4000
    endloop
  endfacet
  facet normal -0.707107 -0.707107 0.000000
    outer loop
      vertex 31.4000 40.0000 2.3200
      vertex 31.6000 39.8000 4.4000
      vertex 31.4000 40.0000 4.4000
    endloop
  endfacet
  facet normal 0.000000 -1.000000 0.000000
    outer loop
      vertex 31.6000 39.8000 2.3200
      vertex 32.0000 39.8000 2.3200
      vertex 32.0000 39.8000 4.4000
    endloop
  endfacet
  facet normal 0.000000 -1.000000 0.000000
    outer loop
      vertex 31.6000 39.8000 2.3200
      vertex 32.0000 39.8000 4.4000
      vertex 31.6000 39.8000 4.4000
    endloop
  endfacet
  facet normal -0.707107 -0.707107 0.000000
    outer loop
      vertex 32.0000 39.8000 2.3200
      vertex 32.2000 39.6000 2.3200
      vertex 32.2000 39.6000 4.4000
    endloop
  endfacet
  facet normal -0.707107 -0.707107 0.000000
    outer loop
      vertex 32.0000 39.8000 2.3200
      vertex 32.2000 39.6000 4.4000
      vertex 32.0000 39.8000 4.4000
    endloop
  endfacet
  facet normal 0.000000 -1.000000 0.000000
    outer loop
      vertex 32.2000 39.6000 2.3200
      vertex 32.6000 39.6000 2.3200
      vertex 32.6000 39.6000 4.4000
    endloop
  endfacet
  facet normal 0.000000 -1.000000 0.000000
    outer loop
      vertex 32.2000 39.6000 2.3200
      vertex 32.6000 39.6000 4.4000
      vertex 32.2000 39.6000 4.4000
    endloop
  endfacet
  facet normal -0.707107 -0.707107 0.000000
    outer loop
      vertex 32.6000 39.6000 2.3200
      vertex 32.8000 39.4000 2.3200
      vertex 32.8000 39.4000 4.4000
    endloop
  endfacet
  facet normal -0.707107 -0.707107 0.000000
    outer loop
      vertex 32.6000 39.6000 2.3200
      vertex 32.8000 39.4000 4.4000
      vertex 32.6000 39.6000 4.4000
    endloop
  endfacet
  facet normal 0.000000 -1.000000 0.000000
    outer loop
      vertex 32.8000 39.4000 2.3200
      vertex 33.0000 39.4000 2.3200
      vertex 33.0000 39.4000 4.4000
    endloop
  endfacet
  facet normal 0.000000 -1.000000 0.000000
    outer loop
      vertex 32.8000 39.4000 2.3200
      vertex 33.0000 39.4000 4.4000
      vertex 32.8000 39.4000 4.4000
    endloop
  endfacet
  facet normal -0.707107 -0.707107 0.000000
    outer loop
      vertex 33.0000 39.4000 2.3200
      vertex 33.2000 39.2000 2.3200
      vertex 33.2000 39.2000 4.4000
    endloop
  endfacet
  facet normal -0.707107 -0.707107 0.000000
    outer loop
      vertex 33.0000 39.4000 2.3200
      vertex 33.2000 39.2000 4.4000
      vertex 33.0000 39.4000 4.4000
    endloop
  endfacet
  facet normal 0.000000 -1.000000 0.000000
    outer loop
      vertex 33.2000 39.2000 2.3200
      vertex 33.4000 39.2000 2.3200
      vertex 33.4000 39.2000 4.4000
    endloop
  endfacet
  facet normal 0.000000 -1.000000 0.000000
    outer loop
      vertex 33.2000 39.2000 2.3200
      vertex 33.4000 39.2000 4.4000
      vertex 33.2000 39.2000 4.4000
    endloop
  endfacet
  facet normal -0.707107 -0.707107 0.000000
    outer loop
      vertex 33.4000 39.2000 2.3200
      vertex 33.8000 38.8000 2.3200
      vertex 33.8000 38.8000 4.4000
    endloop
  endfacet
  facet normal -0.707107 -0.707107 0.000000
    outer loop
      vertex 33.4000 39.2000 2.3200
      vertex 33.8000 38.8000 4.4000
      vertex 33.4000 39.2000 4.4000
    endloop
  endfacet
  facet normal 0.000000 -1.000000 0.000000
    outer loop
      vertex 33.8000 38.8000 2.3200
      vertex 34.0000 38.8000 2.3200
      vertex 34.0000 38.8000 4.4000
    endloop
  endfacet
  facet normal 0.000000 -1.000000 0.000000
    outer loop
      vertex 33.8000 38.8000 2.3200
      vertex 34.0000 38.8000 4.4000
      vertex 33.8000 38.8000 4.4000
    endloop
  endfacet
  facet normal -0.707107 -0.707107 0.000000
    outer loop
      vertex 34.0000 38.8000 2.3200
      vertex 34.8000 38.0000 2.3200
      vertex 34.8000 38.0000 4.4000
    endloop
  endfacet
  facet normal -0.707107 -0.707107 0.000000
    outer loop
      vertex 34.0000 38.8000 2.3200
      vertex 34.8000 38.0000 4.4000
      vertex 34.0000 38.8000 4.4000
    endloop
  endfacet
  facet normal -1.000000 0.000000 0.000000
    outer loop
      vertex 34.8000 38.0000 2.3200
      vertex 34.8000 37.8000 2.3200
      vertex 34.8000 37.8000 4.4000
    endloop
  endfacet
  facet normal -1.000000 0.000000 0.000000
    outer loop
      vertex 34.8000 38.0000 2.3200
      vertex 34.8000 37.8000 4.4000
      vertex 34.8000 38.0000 4.4000
    endloop
  endfacet
  facet normal -0.707107 -0.707107 0.000000
    outer loop
      vertex 34.8000 37.8000 2.3200
      vertex 35.2000 37.4000 2.3200
      vertex 35.2000 37.4000 4.4000
    endloop
  endfacet
  facet normal -0.707107 -0.707107 0.000000
    outer loop
      vertex 34.8000 37.8000 2.3200
      vertex 35.2000 37.4000 4.4000
      vertex 34.8000 37.8000 4.4000
    endloop
  endfacet
  facet normal -1.000000 0.000000 0.000000
    outer loop
      vertex 35.2000 37.4000 2.3200
      vertex 35.2000 37.0000 2.3200
      vertex 35.2000 37.0000 4.4000
    endloop
  endfacet
  facet normal -1.000000 0.000000 0.000000
    outer loop
      vertex 35.2000 37.4000 2.3200
      vertex 35.2000 37.0000 4.4000
      vertex 35.2000 37.4000 4.4000
    endloop
  endfacet
  facet normal -0.707107 -0.707107 0.000000
    outer loop
      vertex 35.2000 37.0000 2.3200
      vertex 35.4000 36.8000 2.3200
      vertex 35.4000 36.8000 4.4000
    endloop
  endfacet
  facet normal -0.707107 -0.707107 0.000000
    outer loop
      vertex 35.2000 37.0000 2.3200
      vertex 35.4000 36.8000 4.4000
      vertex 35.2000 37.0000 4.4000
    endloop
  endfacet
  facet normal -1.000000 0.000000 0.000000
    outer loop
      vertex 35.4000 36.8000 2.3200
      vertex 35.4000 36.2000 2.3200
      vertex 35.4000 36.2000 4.4000
    endloop
  endfacet
  facet normal -1.000000 0.000000 0.000000
    outer loop
      vertex 35.4000 36.8000 2.3200
      vertex 35.4000 36.2000 4.4000
      vertex 35.4000 36.8000 4.4000
    endloop
  endfacet
  facet normal -0.707107 -0.707107 0.000000
    outer loop
      vertex 35.4000 36.2000 2.3200
      vertex 35.5751 36.0249 2.3200
      vertex 35.5751 36.0249 4.4000
    endloop
  endfacet
  facet normal -0.707107 -0.707107 0.000000
    outer loop
      vertex 35.4000 36.2000 2.3200
      vertex 35.5751 36.0249 4.4000
      vertex 35.4000 36.2000 4.4000
    endloop
  endfacet
  facet normal -0.665986 0.745964 0.000000
    outer loop
      vertex 35.5751 36.0249 2.3200
      vertex 35.5646 36.0155 2.3200
      vertex 35.5646 36.0155 4.4000
    endloop
  endfacet
  facet normal -0.665986 0.745964 0.000000
    outer loop
      vertex 35.5751 36.0249 2.3200
      vertex 35.5646 36.0155 4.4000
      vertex 35.5751 36.0249 4.4000
    endloop
  endfacet
  facet normal -0.562921 0.826510 0.000000
    outer loop
      vertex 35.5646 36.0155 2.3200
      vertex 35.5106 35.9787 2.3200
      vertex 35.5106 35.9787 4.4000
    endloop
  endfacet
  facet normal -0.562921 0.826510 0.000000
    outer loop
      vertex 35.5646 36.0155 2.3200
      vertex 35.5106 35.9787 4.4000
      vertex 35.5646 36.0155 4.4000
    endloop
  endfacet
  facet normal -0.450225 0.892915 0.000000
    outer loop
      vertex 35.5106 35.9787 2.3200
      vertex 35.4522 35.9493 2.3200
      vertex 35.4522 35.9493 4.4000
    endloop
  endfacet
  facet normal -0.450225 0.892915 0.000000
    outer loop
      vertex 35.5106 35.9787 2.3200
      vertex 35.4522 35.9493 4.4000
      vertex 35.5106 35.9787 4.4000
    endloop
  endfacet
  facet normal -0.329826 0.944042 0.000000
    outer loop
      vertex 35.4522 35.9493 2.3200
      vertex 35.3904 35.9277 2.3200
      vertex 35.3904 35.9277 4.4000
    endloop
  endfacet
  facet normal -0.329826 0.944042 0.000000
    outer loop
      vertex 35.4522 35.9493 2.3200
      vertex 35.3904 35.9277 4.4000
      vertex 35.4522 35.9493 4.4000
    endloop
  endfacet
  facet normal -0.267377 0.963592 0.000000
    outer loop
      vertex 35.3904 35.9277 2.3200
      vertex 34.1354 35.5794 2.3200
      vertex 34.1354 35.5794 4.4000
    endloop
  endfacet
  facet normal -0.267377 0.963592 0.000000
    outer loop
      vertex 35.3904 35.9277 2.3200
      vertex 34.1354 35.5794 4.4000
      vertex 35.3904 35.9277 4.4000
    endloop
  endfacet
  facet normal -0.258544 0.966000 0.000000
    outer loop
      vertex 34.1354 35.5794 2.3200
      vertex 34.1265 35.5771 2.3200
      vertex 34.1265 35.5771 4.4000
    endloop
  endfacet
  facet normal -0.258544 0.966000 0.000000
    outer loop
      vertex 34.1354 35.5794 2.3200
      vertex 34.1265 35.5771 4.4000
      vertex 34.1354 35.5794 4.4000
    endloop
  endfacet
  facet normal -0.249689 0.968326 0.000000
    outer loop
      vertex 34.1265 35.5771 2.3200
      vertex 32.1916 35.0781 2.3200
      vertex 32.1916 35.0781 4.4000
    endloop
  endfacet
  facet normal -0.249689 0.968326 0.000000
    outer loop
      vertex 34.1265 35.5771 2.3200
      vertex 32.1916 35.0781 4.4000
      vertex 34.1265 35.5771 4.4000
    endloop
  endfacet
  facet normal -0.237376 0.971418 0.000000
    outer loop
      vertex 32.1916 35.0781 2.3200
      vertex 32.1793 35.0751 2.3200
      vertex 32.1793 35.0751 4.4000
    endloop
  endfacet
  facet normal -0.237376 0.971418 0.000000
    outer loop
      vertex 32.1916 35.0781 2.3200
      vertex 32.1793 35.0751 4.4000
      vertex 32.1916 35.0781 4.4000
    endloop
  endfacet
  facet normal -0.225026 0.974353 0.000000
    outer loop
      vertex 32.1793 35.0751 2.3200
      vertex 29.8827 34.5447 2.3200
      vertex 29.8827 34.5447 4.4000
    endloop
  endfacet
  facet normal -0.225026 0.974353 0.000000
    outer loop
      vertex 32.1793 35.0751 2.3200
      vertex 29.8827 34.5447 4.4000
      vertex 32.1793 35.0751 4.4000
    endloop
  endfacet
  facet normal -0.206918 0.978358 0.000000
    outer loop
      vertex 29.8827 34.5447 2.3200
      vertex 29.8646 34.5409 2.3200
      vertex 29.8646 34.5409 4.4000
    endloop
  endfacet
  facet normal -0.206918 0.978358 0.000000
    outer loop
      vertex 29.8827 34.5447 2.3200
      vertex 29.8646 34.5409 4.4000
      vertex 29.8827 34.5447 4.4000
    endloop
  endfacet
  facet normal -0.188740 0.982027 0.000000
    outer loop
      vertex 29.8646 34.5409 2.3200
      vertex 29.2000 34.4132 2.3200
      vertex 29.2000 34.4132 4.4000
    endloop
  endfacet
  facet normal -0.188740 0.982027 0.000000
    outer loop
      vertex 29.8646 34.5409 2.3200
      vertex 29.2000 34.4132 4.4000
      vertex 29.8646 34.5409 4.4000
    endloop
  endfacet
  facet normal 1.000000 0.000000 0.000000
    outer loop
      vertex 29.2000 34.4132 2.3200
      vertex 29.2000 34.6000 2.3200
      vertex 29.2000 34.6000 4.4000
    endloop
  endfacet
  facet normal 1.000000 0.000000 0.000000
    outer loop
      vertex 29.2000 34.4132 2.3200
      vertex 29.2000 34.6000 4.4000
      vertex 29.2000 34.4132 4.4000
    endloop
  endfacet
  facet normal 0.707107 0.707107 0.000000
    outer loop
      vertex 29.2000 34.6000 2.3200
      vertex 28.8000 35.0000 2.3200
      vertex 28.8000 35.0000 4.4000
    endloop
  endfacet
  facet normal 0.707107 0.707107 -0.000000
    outer loop
      vertex 29.2000 34.6000 2.3200
      vertex 28.8000 35.0000 4.4000
      vertex 29.2000 34.6000 4.4000
    endloop
  endfacet
  facet normal 0.000000 1.000000 0.000000
    outer loop
      vertex 28.8000 35.0000 2.3200
      vertex 28.4000 35.0000 2.3200
      vertex 28.4000 35.0000 4.4000
    endloop
  endfacet
  facet normal 0.000000 1.000000 -0.000000
    outer loop
      vertex 28.8000 35.0000 2.3200
      vertex 28.4000 35.0000 4.4000
      vertex 28.8000 35.0000 4.4000
    endloop
  endfacet
  facet normal -0.707107 0.707107 0.000000
    outer loop
      vertex 28.4000 35.0000 2.3200
      vertex 28.2000 34.8000 2.3200
      vertex 28.2000 34.8000 4.4000
    endloop
  endfacet
  facet normal -0.707107 0.707107 0.000000
    outer loop
      vertex 28.4000 35.0000 2.3200
      vertex 28.2000 34.8000 4.4000
      vertex 28.4000 35.0000 4.4000
    endloop
  endfacet
  facet normal -1.000000 0.000000 0.000000
    outer loop
      vertex 28.2000 34.8000 2.3200
      vertex 28.2000 34.2210 2.3200
      vertex 28.2000 34.2210 4.4000
    endloop
  endfacet
  facet normal -1.000000 0.000000 0.000000
    outer loop
      vertex 28.2000 34.8000 2.3200
      vertex 28.2000 34.2210 4.4000
      vertex 28.2000 34.8000 4.4000
    endloop
  endfacet
  facet normal -0.188740 0.982027 0.000000
    outer loop
      vertex 28.2000 34.2210 2.3200
      vertex 27.4485 34.0765 2.3200
      vertex 27.4485 34.0765 4.4000
    endloop
  endfacet
  facet normal -0.188740 0.982027 0.000000
    outer loop
      vertex 28.2000 34.2210 2.3200
      vertex 27.4485 34.0765 4.4000
      vertex 28.2000 34.2210 4.4000
    endloop
  endfacet
  facet normal -0.159746 0.987158 0.000000
    outer loop
      vertex 27.4485 34.0765 2.3200
      vertex 27.4194 34.0718 2.3200
      vertex 27.4194 34.0718 4.4000
    endloop
  endfacet
  facet normal -0.159746 0.987158 0.000000
    outer loop
      vertex 27.4485 34.0765 2.3200
      vertex 27.4194 34.0718 4.4000
      vertex 27.4485 34.0765 4.4000
    endloop
  endfacet
  facet normal -0.130613 0.991433 0.000000
    outer loop
      vertex 27.4194 34.0718 2.3200
      vertex 25.1323 33.7705 2.3200
      vertex 25.1323 33.7705 4.4000
    endloop
  endfacet
  facet normal -0.130613 0.991433 0.000000
    outer loop
      vertex 27.4194 34.0718 2.3200
      vertex 25.1323 33.7705 4.4000
      vertex 27.4194 34.0718 4.4000
    endloop
  endfacet
  facet normal -0.077619 0.996983 0.000000
    outer loop
      vertex 25.1323 33.7705 2.3200
      vertex 25.0792 33.7664 2.3200
      vertex 25.0792 33.7664 4.4000
    endloop
  endfacet
  facet normal -0.077619 0.996983 0.000000
    outer loop
      vertex 25.1323 33.7705 2.3200
      vertex 25.0792 33.7664 4.4000
      vertex 25.1323 33.7705 4.4000
    endloop
  endfacet
  facet normal -0.024405 0.999702 0.000000
    outer loop
      vertex 25.0792 33.7664 2.3200
      vertex 23.1926 33.7203 2.3200
      vertex 23.1926 33.7203 4.4000
    endloop
  endfacet
  facet normal -0.024405 0.999702 0.000000
    outer loop
      vertex 25.0792 33.7664 2.3200
      vertex 23.1926 33.7203 4.4000
      vertex 25.0792 33.7664 4.4000
    endloop
  endfacet
  facet normal 0.035507 0.999369 0.000000
    outer loop
      vertex 23.1926 33.7203 2.3200
      vertex 23.1327 33.7225 2.3200
      vertex 23.1327 33.7225 4.4000
    endloop
  endfacet
  facet normal 0.035507 0.999369 -0.000000
    outer loop
      vertex 23.1926 33.7203 2.3200
      vertex 23.1327 33.7225 4.4000
      vertex 23.1926 33.7203 4.4000
    endloop
  endfacet
  facet normal 0.154735 0.987956 0.000000
    outer loop
      vertex 23.1327 33.7225 2.3200
      vertex 23.0736 33.7317 2.3200
      vertex 23.0736 33.7317 4.4000
    endloop
  endfacet
  facet normal 0.154735 0.987956 -0.000000
    outer loop
      vertex 23.1327 33.7225 2.3200
      vertex 23.0736 33.7317 4.4000
      vertex 23.1327 33.7225 4.4000
    endloop
  endfacet
  facet normal 0.213622 0.976916 0.000000
    outer loop
      vertex 23.0736 33.7317 2.3200
      vertex 21.9502 33.9774 2.3200
      vertex 21.9502 33.9774 4.4000
    endloop
  endfacet
  facet normal 0.213622 0.976916 -0.000000
    outer loop
      vertex 23.0736 33.7317 2.3200
      vertex 21.9502 33.9774 4.4000
      vertex 23.0736 33.7317 4.4000
    endloop
  endfacet
  facet normal 0.281323 0.959613 0.000000
    outer loop
      vertex 21.9502 33.9774 2.3200
      vertex 21.8831 33.9970 2.3200
      vertex 21.8831 33.9970 4.4000
    endloop
  endfacet
  facet normal 0.281323 0.959613 -0.000000
    outer loop
      vertex 21.9502 33.9774 2.3200
      vertex 21.8831 33.9970 4.4000
      vertex 21.9502 33.9774 4.4000
    endloop
  endfacet
  facet normal 0.412278 0.911058 0.000000
    outer loop
      vertex 21.8831 33.9970 2.3200
      vertex 21.8195 34.0258 2.3200
      vertex 21.8195 34.0258 4.4000
    endloop
  endfacet
  facet normal 0.412278 0.911058 -0.000000
    outer loop
      vertex 21.8831 33.9970 2.3200
      vertex 21.8195 34.0258 4.4000
      vertex 21.8831 33.9970 4.4000
    endloop
  endfacet
  facet normal 0.535191 0.844731 0.000000
    outer loop
      vertex 21.8195 34.0258 2.3200
      vertex 21.7605 34.0632 2.3200
      vertex 21.7605 34.0632 4.4000
    endloop
  endfacet
  facet normal 0.535191 0.844731 -0.000000
    outer loop
      vertex 21.8195 34.0258 2.3200
      vertex 21.7605 34.0632 4.4000
      vertex 21.8195 34.0258 4.4000
    endloop
  endfacet
  facet normal 0.647665 0.761925 0.000000
    outer loop
      vertex 21.7605 34.0632 2.3200
      vertex 21.7073 34.1084 2.3200
      vertex 21.7073 34.1084 4.4000
    endloop
  endfacet
  facet normal 0.647665 0.761925 -0.000000
    outer loop
      vertex 21.7605 34.0632 2.3200
      vertex 21.7073 34.1084 4.4000
      vertex 21.7605 34.0632 4.4000
    endloop
  endfacet
  facet normal 0.747504 0.664257 0.000000
    outer loop
      vertex 21.7073 34.1084 2.3200
      vertex 21.6609 34.1606 2.3200
      vertex 21.6609 34.1606 4.4000
    endloop
  endfacet
  facet normal 0.747504 0.664257 -0.000000
    outer loop
      vertex 21.7073 34.1084 2.3200
      vertex 21.6609 34.1606 4.4000
      vertex 21.7073 34.1084 4.4000
    endloop
  endfacet
  facet normal 0.792067 0.610434 0.000000
    outer loop
      vertex 21.6609 34.1606 2.3200
      vertex 21.4081 34.4887 2.3200
      vertex 21.4081 34.4887 4.4000
    endloop
  endfacet
  facet normal 0.792067 0.610434 -0.000000
    outer loop
      vertex 21.6609 34.1606 2.3200
      vertex 21.4081 34.4887 4.4000
      vertex 21.6609 34.1606 4.4000
    endloop
  endfacet
  facet normal 0.828705 0.559686 0.000000
    outer loop
      vertex 21.4081 34.4887 2.3200
      vertex 21.3731 34.5406 2.3200
      vertex 21.3731 34.5406 4.4000
    endloop
  endfacet
  facet normal 0.828705 0.559686 -0.000000
    outer loop
      vertex 21.4081 34.4887 2.3200
      vertex 21.3731 34.5406 4.4000
      vertex 21.4081 34.4887 4.4000
    endloop
  endfacet
  facet normal 0.892110 0.451819 0.000000
    outer loop
      vertex 21.3731 34.5406 2.3200
      vertex 21.3448 34.5964 2.3200
      vertex 21.3448 34.5964 4.4000
    endloop
  endfacet
  facet normal 0.892110 0.451819 -0.000000
    outer loop
      vertex 21.3731 34.5406 2.3200
      vertex 21.3448 34.5964 4.4000
      vertex 21.3731 34.5406 4.4000
    endloop
  endfacet
  facet normal 0.941548 0.336878 0.000000
    outer loop
      vertex 21.3448 34.5964 2.3200
      vertex 21.3237 34.6553 2.3200
      vertex 21.3237 34.6553 4.4000
    endloop
  endfacet
  facet normal 0.941548 0.336878 -0.000000
    outer loop
      vertex 21.3448 34.5964 2.3200
      vertex 21.3237 34.6553 4.4000
      vertex 21.3448 34.5964 4.4000
    endloop
  endfacet
  facet normal 0.976246 0.216664 0.000000
    outer loop
      vertex 21.3237 34.6553 2.3200
      vertex 21.3102 34.7164 2.3200
      vertex 21.3102 34.7164 4.4000
    endloop
  endfacet
  facet normal 0.976246 0.216664 -0.000000
    outer loop
      vertex 21.3237 34.6553 2.3200
      vertex 21.3102 34.7164 4.4000
      vertex 21.3237 34.6553 4.4000
    endloop
  endfacet
  facet normal 0.995661 0.093057 0.000000
    outer loop
      vertex 21.3102 34.7164 2.3200
      vertex 21.3044 34.7786 2.3200
      vertex 21.3044 34.7786 4.4000
    endloop
  endfacet
  facet normal 0.995661 0.093057 -0.000000
    outer loop
      vertex 21.3102 34.7164 2.3200
      vertex 21.3044 34.7786 4.4000
      vertex 21.3102 34.7164 4.4000
    endloop
  endfacet
  facet normal 0.999488 -0.032006 0.000000
    outer loop
      vertex 21.3044 34.7786 2.3200
      vertex 21.3064 34.8412 2.3200
      vertex 21.3064 34.8412 4.4000
    endloop
  endfacet
  facet normal 0.999488 -0.032006 0.000000
    outer loop
      vertex 21.3044 34.7786 2.3200
      vertex 21.3064 34.8412 4.4000
      vertex 21.3044 34.7786 4.4000
    endloop
  endfacet
  facet normal 0.987667 -0.156569 0.000000
    outer loop
      vertex 21.3064 34.8412 2.3200
      vertex 21.3161 34.9030 2.3200
      vertex 21.3161 34.9030 4.4000
    endloop
  endfacet
  facet normal 0.987667 -0.156569 0.000000
    outer loop
      vertex 21.3064 34.8412 2.3200
      vertex 21.3161 34.9030 4.4000
      vertex 21.3064 34.8412 4.4000
    endloop
  endfacet
  facet normal 0.960384 -0.278680 0.000000
    outer loop
      vertex 21.3161 34.9030 2.3200
      vertex 21.3336 34.9630 2.3200
      vertex 21.3336 34.9630 4.4000
    endloop
  endfacet
  facet normal 0.960384 -0.278680 0.000000
    outer loop
      vertex 21.3161 34.9030 2.3200
      vertex 21.3336 34.9630 4.4000
      vertex 21.3161 34.9030 4.4000
    endloop
  endfacet
  facet normal 0.941068 -0.338217 0.000000
    outer loop
      vertex 21.3336 34.9630 2.3200
      vertex 21.6909 35.9574 2.3200
      vertex 21.6909 35.9574 4.4000
    endloop
  endfacet
  facet normal 0.941068 -0.338217 0.000000
    outer loop
      vertex 21.3336 34.9630 2.3200
      vertex 21.6909 35.9574 4.4000
      vertex 21.3336 34.9630 4.4000
    endloop
  endfacet
  facet normal 0.935674 -0.352865 0.000000
    outer loop
      vertex 21.6909 35.9574 2.3200
      vertex 21.6964 35.9720 2.3200
      vertex 21.6964 35.9720 4.4000
    endloop
  endfacet
  facet normal 0.935674 -0.352865 0.000000
    outer loop
      vertex 21.6909 35.9574 2.3200
      vertex 21.6964 35.9720 4.4000
      vertex 21.6909 35.9574 4.4000
    endloop
  endfacet
  facet normal 0.930052 -0.367428 0.000000
    outer loop
      vertex 21.6964 35.9720 2.3200
      vertex 22.2661 37.4140 2.3200
      vertex 22.2661 37.4140 4.4000
    endloop
  endfacet
  facet normal 0.930052 -0.367428 0.000000
    outer loop
      vertex 21.6964 35.9720 2.3200
      vertex 22.2661 37.4140 4.4000
      vertex 21.6964 35.9720 4.4000
    endloop
  endfacet
  facet normal 0.941077 -0.338191 0.000000
    outer loop
      vertex 22.2661 37.4140 2.3200
      vertex 22.2689 37.4218 2.3200
      vertex 22.2689 37.4218 4.4000
    endloop
  endfacet
  facet normal 0.941077 -0.338191 0.000000
    outer loop
      vertex 22.2661 37.4140 2.3200
      vertex 22.2689 37.4218 4.4000
      vertex 22.2661 37.4140 4.4000
    endloop
  endfacet
  facet normal 0.968602 -0.248616 0.000000
    outer loop
      vertex 22.2689 37.4218 2.3200
      vertex 22.2735 37.4394 2.3200
      vertex 22.2735 37.4394 4.4000
    endloop
  endfacet
  facet normal 0.968602 -0.248616 0.000000
    outer loop
      vertex 22.2689 37.4218 2.3200
      vertex 22.2735 37.4394 4.4000
      vertex 22.2689 37.4218 4.4000
    endloop
  endfacet
  facet normal 0.992040 -0.125926 0.000000
    outer loop
      vertex 22.2735 37.4394 2.3200
      vertex 22.2750 37.4517 2.3200
      vertex 22.2750 37.4517 4.4000
    endloop
  endfacet
  facet normal 0.992040 -0.125926 0.000000
    outer loop
      vertex 22.2735 37.4394 2.3200
      vertex 22.2750 37.4517 4.4000
      vertex 22.2735 37.4394 4.4000
    endloop
  endfacet
  facet normal 0.999999 -0.001271 0.000000
    outer loop
      vertex 22.2750 37.4517 2.3200
      vertex 22.2750 37.4641 2.3200
      vertex 22.2750 37.4641 4.4000
    endloop
  endfacet
  facet normal 0.999999 -0.001271 0.000000
    outer loop
      vertex 22.2750 37.4517 2.3200
      vertex 22.2750 37.4641 4.4000
      vertex 22.2750 37.4517 4.4000
    endloop
  endfacet
  facet normal 0.992356 0.123404 0.000000
    outer loop
      vertex 22.2750 37.4641 2.3200
      vertex 22.2728 37.4821 2.3200
      vertex 22.2728 37.4821 4.4000
    endloop
  endfacet
  facet normal 0.992356 0.123404 -0.000000
    outer loop
      vertex 22.2750 37.4641 2.3200
      vertex 22.2728 37.4821 4.4000
      vertex 22.2750 37.4641 4.4000
    endloop
  endfacet
  facet normal 0.976448 0.215752 0.000000
    outer loop
      vertex 22.2728 37.4821 2.3200
      vertex 22.2710 37.4902 2.3200
      vertex 22.2710 37.4902 4.4000
    endloop
  endfacet
  facet normal 0.976448 0.215752 -0.000000
    outer loop
      vertex 22.2728 37.4821 2.3200
      vertex 22.2710 37.4902 4.4000
      vertex 22.2728 37.4821 4.4000
    endloop
  endfacet
  facet normal 0.969231 0.246154 0.000000
    outer loop
      vertex 22.2710 37.4902 2.3200
      vertex 21.9868 38.6092 2.3200
      vertex 21.9868 38.6092 4.4000
    endloop
  endfacet
  facet normal 0.969231 0.246154 -0.000000
    outer loop
      vertex 22.2710 37.4902 2.3200
      vertex 21.9868 38.6092 4.4000
      vertex 22.2710 37.4902 4.4000
    endloop
  endfacet
  facet normal 0.961291 0.275535 0.000000
    outer loop
      vertex 21.9868 38.6092 2.3200
      vertex 21.9846 38.6170 2.3200
      vertex 21.9846 38.6170 4.4000
    endloop
  endfacet
  facet normal 0.961291 0.275535 -0.000000
    outer loop
      vertex 21.9868 38.6092 2.3200
      vertex 21.9846 38.6170 4.4000
      vertex 21.9868 38.6092 4.4000
    endloop
  endfacet
  facet normal 0.932162 0.362040 0.000000
    outer loop
      vertex 21.9846 38.6170 2.3200
      vertex 21.9782 38.6335 2.3200
      vertex 21.9782 38.6335 4.4000
    endloop
  endfacet
  facet normal 0.932162 0.362040 -0.000000
    outer loop
      vertex 21.9846 38.6170 2.3200
      vertex 21.9782 38.6335 4.4000
      vertex 21.9846 38.6170 4.4000
    endloop
  endfacet
  facet normal 0.881295 0.472567 0.000000
    outer loop
      vertex 21.9782 38.6335 2.3200
      vertex 21.9725 38.6441 2.3200
      vertex 21.9725 38.6441 4.4000
    endloop
  endfacet
  facet normal 0.881295 0.472567 -0.000000
    outer loop
      vertex 21.9782 38.6335 2.3200
      vertex 21.9725 38.6441 4.4000
      vertex 21.9782 38.6335 4.4000
    endloop
  endfacet
  facet normal 0.817381 0.576098 0.000000
    outer loop
      vertex 21.9725 38.6441 2.3200
      vertex 21.9655 38.6540 2.3200
      vertex 21.9655 38.6540 4.4000
    endloop
  endfacet
  facet normal 0.817381 0.576098 -0.000000
    outer loop
      vertex 21.9725 38.6441 2.3200
      vertex 21.9655 38.6540 4.4000
      vertex 21.9725 38.6441 4.4000
    endloop
  endfacet
  facet normal 0.741366 0.671101 0.000000
    outer loop
      vertex 21.9655 38.6540 2.3200
      vertex 21.9536 38.6671 2.3200
      vertex 21.9536 38.6671 4.4000
    endloop
  endfacet
  facet normal 0.741366 0.671101 -0.000000
    outer loop
      vertex 21.9655 38.6540 2.3200
      vertex 21.9536 38.6671 4.4000
      vertex 21.9655 38.6540 4.4000
    endloop
  endfacet
  facet normal 0.677085 0.735905 0.000000
    outer loop
      vertex 21.9536 38.6671 2.3200
      vertex 21.9477 38.6726 2.3200
      vertex 21.9477 38.6726 4.4000
    endloop
  endfacet
  facet normal 0.677085 0.735905 -0.000000
    outer loop
      vertex 21.9536 38.6671 2.3200
      vertex 21.9477 38.6726 4.4000
      vertex 21.9536 38.6671 4.4000
    endloop
  endfacet
  facet normal 0.654377 0.756169 0.000000
    outer loop
      vertex 21.9477 38.6726 2.3200
      vertex 21.0233 39.4725 2.3200
      vertex 21.0233 39.4725 4.4000
    endloop
  endfacet
  facet normal 0.654377 0.756169 -0.000000
    outer loop
      vertex 21.9477 38.6726 2.3200
      vertex 21.0233 39.4725 4.4000
      vertex 21.9477 38.6726 4.4000
    endloop
  endfacet
  facet normal 0.630625 0.776088 0.000000
    outer loop
      vertex 21.0233 39.4725 2.3200
      vertex 21.0169 39.4777 2.3200
      vertex 21.0169 39.4777 4.4000
    endloop
  endfacet
  facet normal 0.630625 0.776088 -0.000000
    outer loop
      vertex 21.0233 39.4725 2.3200
      vertex 21.0169 39.4777 4.4000
      vertex 21.0233 39.4725 4.4000
    endloop
  endfacet
  facet normal 0.555827 0.831298 0.000000
    outer loop
      vertex 21.0169 39.4777 2.3200
      vertex 21.0019 39.4877 2.3200
      vertex 21.0019 39.4877 4.4000
    endloop
  endfacet
  facet normal 0.555827 0.831298 -0.000000
    outer loop
      vertex 21.0169 39.4777 2.3200
      vertex 21.0019 39.4877 4.4000
      vertex 21.0169 39.4777 4.4000
    endloop
  endfacet
  facet normal 0.448742 0.893662 0.000000
    outer loop
      vertex 21.0019 39.4877 2.3200
      vertex 20.9859 39.4958 2.3200
      vertex 20.9859 39.4958 4.4000
    endloop
  endfacet
  facet normal 0.448742 0.893662 -0.000000
    outer loop
      vertex 21.0019 39.4877 2.3200
      vertex 20.9859 39.4958 4.4000
      vertex 21.0019 39.4877 4.4000
    endloop
  endfacet
  facet normal 0.363811 0.931473 0.000000
    outer loop
      vertex 20.9859 39.4958 2.3200
      vertex 20.9782 39.4988 2.3200
      vertex 20.9782 39.4988 4.4000
    endloop
  endfacet
  facet normal 0.363811 0.931473 -0.000000
    outer loop
      vertex 20.9859 39.4958 2.3200
      vertex 20.9782 39.4988 4.4000
      vertex 20.9859 39.4958 4.4000
    endloop
  endfacet
  facet normal 0.334765 0.942302 0.000000
    outer loop
      vertex 20.9782 39.4988 2.3200
      vertex 20.8000 39.5621 2.3200
      vertex 20.8000 39.5621 4.4000
    endloop
  endfacet
  facet normal 0.334765 0.942302 -0.000000
    outer loop
      vertex 20.9782 39.4988 2.3200
      vertex 20.8000 39.5621 4.4000
      vertex 20.9782 39.4988 4.4000
    endloop
  endfacet
  facet normal 1.000000 0.000000 0.000000
    outer loop
      vertex 20.8000 39.5621 2.3200
      vertex 20.8000 39.8000 2.3200
      vertex 20.8000 39.8000 4.4000
    endloop
  endfacet
  facet normal 1.000000 0.000000 0.000000
    outer loop
      vertex 20.8000 39.5621 2.3200
      vertex 20.8000 39.8000 4.4000
      vertex 20.8000 39.5621 4.4000
    endloop
  endfacet
  facet normal 0.000000 0.000000 -1.000000
    outer loop
      vertex 5.2000 38.2000 4.4000
      vertex 6.2000 39.2000 4.4000
      vertex 5.2000 38.0000 4.4000
    endloop
  endfacet
  facet normal 0.000000 0.000000 1.000000
    outer loop
      vertex 5.2000 38.0000 2.3200
      vertex 6.2000 39.2000 2.3200
      vertex 5.2000 38.2000 2.3200
    endloop
  endfacet
  facet normal 0.000000 -0.000000 -1.000000
    outer loop
      vertex 6.2000 39.2000 4.4000
      vertex 6.4000 39.2000 4.4000
      vertex 5.2000 38.0000 4.4000
    endloop
  endfacet
  facet normal 0.000000 0.000000 1.000000
    outer loop
      vertex 5.2000 38.0000 2.3200
      vertex 6.4000 39.2000 2.3200
      vertex 6.2000 39.2000 2.3200
    endloop
  endfacet
  facet normal 0.000000 -0.000000 -1.000000
    outer loop
      vertex 6.8000 39.6000 4.4000
      vertex 7.0000 39.6000 4.4000
      vertex 6.4000 39.2000 4.4000
    endloop
  endfacet
  facet normal 0.000000 0.000000 1.000000
    outer loop
      vertex 6.4000 39.2000 2.3200
      vertex 7.0000 39.6000 2.3200
      vertex 6.8000 39.6000 2.3200
    endloop
  endfacet
  facet normal 0.000000 -0.000000 -1.000000
    outer loop
      vertex 7.2000 39.8000 4.4000
      vertex 7.4000 39.8000 4.4000
      vertex 7.0000 39.6000 4.4000
    endloop
  endfacet
  facet normal 0.000000 0.000000 1.000000
    outer loop
      vertex 7.0000 39.6000 2.3200
      vertex 7.4000 39.8000 2.3200
      vertex 7.2000 39.8000 2.3200
    endloop
  endfacet
  facet normal 0.000000 -0.000000 -1.000000
    outer loop
      vertex 8.0000 40.2000 4.4000
      vertex 8.4000 40.2000 4.4000
      vertex 7.8000 40.0000 4.4000
    endloop
  endfacet
  facet normal 0.000000 0.000000 1.000000
    outer loop
      vertex 7.8000 40.0000 2.3200
      vertex 8.4000 40.2000 2.3200
      vertex 8.0000 40.2000 2.3200
    endloop
  endfacet
  facet normal 0.000000 -0.000000 -1.000000
    outer loop
      vertex 9.2000 40.6000 4.4000
      vertex 10.0000 40.6000 4.4000
      vertex 9.0000 40.4000 4.4000
    endloop
  endfacet
  facet normal 0.000000 0.000000 1.000000
    outer loop
      vertex 9.0000 40.4000 2.3200
      vertex 10.0000 40.6000 2.3200
      vertex 9.2000 40.6000 2.3200
    endloop
  endfacet
  facet normal 0.000000 -0.000000 -1.000000
    outer loop
      vertex 10.2000 40.8000 4.4000
      vertex 13.0000 40.8000 4.4000
      vertex 10.0000 40.6000 4.4000
    endloop
  endfacet
  facet normal 0.000000 0.000000 1.000000
    outer loop
      vertex 10.0000 40.6000 2.3200
      vertex 13.0000 40.8000 2.3200
      vertex 10.2000 40.8000 2.3200
    endloop
  endfacet
  facet normal 0.000000 -0.000000 -1.000000
    outer loop
      vertex 13.0000 40.8000 4.4000
      vertex 13.2000 40.6000 4.4000
      vertex 10.0000 40.6000 4.4000
    endloop
  endfacet
  facet normal 0.000000 0.000000 1.000000
    outer loop
      vertex 10.0000 40.6000 2.3200
      vertex 13.2000 40.6000 2.3200
      vertex 13.0000 40.8000 2.3200
    endloop
  endfacet
  facet normal -0.000000 -0.000000 -1.000000
    outer loop
      vertex 14.0000 40.6000 4.4000
      vertex 14.2000 40.4000 4.4000
      vertex 13.2000 40.6000 4.4000
    endloop
  endfacet
  facet normal -0.000000 0.000000 1.000000
    outer loop
      vertex 13.2000 40.6000 2.3200
      vertex 14.2000 40.4000 2.3200
      vertex 14.0000 40.6000 2.3200
    endloop
  endfacet
  facet normal -0.000000 0.000000 -1.000000
    outer loop
      vertex 15.2000 40.2000 4.4000
      vertex 15.0218 39.4988 4.4000
      vertex 14.8000 40.2000 4.4000
    endloop
  endfacet
  facet normal -0.000000 0.000000 1.000000
    outer loop
      vertex 14.8000 40.2000 2.3200
      vertex 15.0218 39.4988 2.3200
      vertex 15.2000 40.2000 2.3200
    endloop
  endfacet
  facet normal 0.000000 -0.000000 -1.000000
    outer loop
      vertex 15.2000 40.2000 4.4000
      vertex 15.4000 40.0000 4.4000
      vertex 15.0218 39.4988 4.4000
    endloop
  endfacet
  facet normal 0.000000 0.000000 1.000000
    outer loop
      vertex 15.0218 39.4988 2.3200
      vertex 15.4000 40.0000 2.3200
      vertex 15.2000 40.2000 2.3200
    endloop
  endfacet
  facet normal -0.000000 -0.000000 -1.000000
    outer loop
      vertex 15.6000 40.0000 4.4000
      vertex 15.8000 39.8000 4.4000
      vertex 15.4000 40.0000 4.4000
    endloop
  endfacet
  facet normal -0.000000 0.000000 1.000000
    outer loop
      vertex 15.4000 40.0000 2.3200
      vertex 15.8000 39.8000 2.3200
      vertex 15.6000 40.0000 2.3200
    endloop
  endfacet
  facet normal -0.000000 0.000000 -1.000000
    outer loop
      vertex 15.8696 39.8000 4.4000
      vertex 15.0218 39.4988 4.4000
      vertex 15.8000 39.8000 4.4000
    endloop
  endfacet
  facet normal -0.000000 0.000000 1.000000
    outer loop
      vertex 15.8000 39.8000 2.3200
      vertex 15.0218 39.4988 2.3200
      vertex 15.8696 39.8000 2.3200
    endloop
  endfacet
  facet normal -0.000000 0.000000 -1.000000
    outer loop
      vertex 14.2927 34.1084 4.4000
      vertex 14.1169 33.9970 4.4000
      vertex 14.3391 34.1606 4.4000
    endloop
  endfacet
  facet normal 0.000000 0.000000 1.000000
    outer loop
      vertex 14.3391 34.1606 2.3200
      vertex 14.1169 33.9970 2.3200
      vertex 14.2927 34.1084 2.3200
    endloop
  endfacet
  facet normal 0.000000 0.000000 -1.000000
    outer loop
      vertex 14.2927 34.1084 4.4000
      vertex 14.1805 34.0258 4.4000
      vertex 14.1169 33.9970 4.4000
    endloop
  endfacet
  facet normal 0.000000 0.000000 1.000000
    outer loop
      vertex 14.1169 33.9970 2.3200
      vertex 14.1805 34.0258 2.3200
      vertex 14.2927 34.1084 2.3200
    endloop
  endfacet
  facet normal 0.000000 0.000000 -1.000000
    outer loop
      vertex 14.2927 34.1084 4.4000
      vertex 14.2395 34.0632 4.4000
      vertex 14.1805 34.0258 4.4000
    endloop
  endfacet
  facet normal 0.000000 0.000000 1.000000
    outer loop
      vertex 14.1805 34.0258 2.3200
      vertex 14.2395 34.0632 2.3200
      vertex 14.2927 34.1084 2.3200
    endloop
  endfacet
  facet normal -0.000000 0.000000 -1.000000
    outer loop
      vertex 14.1169 33.9970 4.4000
      vertex 14.0498 33.9774 4.4000
      vertex 14.3391 34.1606 4.4000
    endloop
  endfacet
  facet normal 0.000000 0.000000 1.000000
    outer loop
      vertex 14.3391 34.1606 2.3200
      vertex 14.0498 33.9774 2.3200
      vertex 14.1169 33.9970 2.3200
    endloop
  endfacet
  facet normal 0.000000 0.000000 -1.000000
    outer loop
      vertex 14.0498 33.9774 4.4000
      vertex 14.6664 34.9630 4.4000
      vertex 14.3391 34.1606 4.4000
    endloop
  endfacet
  facet normal 0.000000 -0.000000 1.000000
    outer loop
      vertex 14.3391 34.1606 2.3200
      vertex 14.6664 34.9630 2.3200
      vertex 14.0498 33.9774 2.3200
    endloop
  endfacet
  facet normal 0.000000 0.000000 -1.000000
    outer loop
      vertex 14.0498 33.9774 4.4000
      vertex 14.3091 35.9574 4.4000
      vertex 14.6664 34.9630 4.4000
    endloop
  endfacet
  facet normal 0.000000 0.000000 1.000000
    outer loop
      vertex 14.6664 34.9630 2.3200
      vertex 14.3091 35.9574 2.3200
      vertex 14.0498 33.9774 2.3200
    endloop
  endfacet
  facet normal 0.000000 0.000000 -1.000000
    outer loop
      vertex 14.0498 33.9774 4.4000
      vertex 12.0000 35.4000 4.4000
      vertex 14.3091 35.9574 4.4000
    endloop
  endfacet
  facet normal 0.000000 0.000000 1.000000
    outer loop
      vertex 14.3091 35.9574 2.3200
      vertex 12.0000 35.4000 2.3200
      vertex 14.0498 33.9774 2.3200
    endloop
  endfacet
  facet normal -0.000000 0.000000 -1.000000
    outer loop
      vertex 14.0498 33.9774 4.4000
      vertex 12.9264 33.7317 4.4000
      vertex 12.0000 35.4000 4.4000
    endloop
  endfacet
  facet normal 0.000000 0.000000 1.000000
    outer loop
      vertex 12.0000 35.4000 2.3200
      vertex 12.9264 33.7317 2.3200
      vertex 14.0498 33.9774 2.3200
    endloop
  endfacet
  facet normal 0.000000 0.000000 -1.000000
    outer loop
      vertex 12.9264 33.7317 4.4000
      vertex 12.2000 34.0000 4.4000
      vertex 12.0000 35.4000 4.4000
    endloop
  endfacet
  facet normal 0.000000 0.000000 1.000000
    outer loop
      vertex 12.0000 35.4000 2.3200
      vertex 12.2000 34.0000 2.3200
      vertex 12.9264 33.7317 2.3200
    endloop
  endfacet
  facet normal -0.000000 0.000000 -1.000000
    outer loop
      vertex 12.9264 33.7317 4.4000
      vertex 12.8074 33.7203 4.4000
      vertex 12.2000 34.0000 4.4000
    endloop
  endfacet
  facet normal 0.000000 0.000000 1.000000
    outer loop
      vertex 12.2000 34.0000 2.3200
      vertex 12.8074 33.7203 2.3200
      vertex 12.9264 33.7317 2.3200
    endloop
  endfacet
  facet normal 0.000000 0.000000 -1.000000
    outer loop
      vertex 12.9264 33.7317 4.4000
      vertex 12.8673 33.7225 4.4000
      vertex 12.8074 33.7203 4.4000
    endloop
  endfacet
  facet normal 0.000000 0.000000 1.000000
    outer loop
      vertex 12.8074 33.7203 2.3200
      vertex 12.8673 33.7225 2.3200
      vertex 12.9264 33.7317 2.3200
    endloop
  endfacet
  facet normal 0.000000 0.000000 -1.000000
    outer loop
      vertex 12.8074 33.7203 4.4000
      vertex 12.2000 33.7352 4.4000
      vertex 12.2000 34.0000 4.4000
    endloop
  endfacet
  facet normal 0.000000 0.000000 1.000000
    outer loop
      vertex 12.2000 34.0000 2.3200
      vertex 12.2000 33.7352 2.3200
      vertex 12.8074 33.7203 2.3200
    endloop
  endfacet
  facet normal 0.000000 0.000000 -1.000000
    outer loop
      vertex 10.9208 33.7664 4.4000
      vertex 11.2000 35.2000 4.4000
      vertex 11.2000 33.7596 4.4000
    endloop
  endfacet
  facet normal 0.000000 -0.000000 1.000000
    outer loop
      vertex 11.2000 33.7596 2.3200
      vertex 11.2000 35.2000 2.3200
      vertex 10.9208 33.7664 2.3200
    endloop
  endfacet
  facet normal 0.000000 0.000000 -1.000000
    outer loop
      vertex 10.9208 33.7664 4.4000
      vertex 10.8677 33.7705 4.4000
      vertex 11.2000 35.2000 4.4000
    endloop
  endfacet
  facet normal 0.000000 0.000000 1.000000
    outer loop
      vertex 11.2000 35.2000 2.3200
      vertex 10.8677 33.7705 2.3200
      vertex 10.9208 33.7664 2.3200
    endloop
  endfacet
  facet normal 0.000000 0.000000 -1.000000
    outer loop
      vertex 10.8677 33.7705 4.4000
      vertex 8.5806 34.0718 4.4000
      vertex 11.2000 35.2000 4.4000
    endloop
  endfacet
  facet normal 0.000000 0.000000 1.000000
    outer loop
      vertex 11.2000 35.2000 2.3200
      vertex 8.5806 34.0718 2.3200
      vertex 10.8677 33.7705 2.3200
    endloop
  endfacet
  facet normal 0.000000 0.000000 -1.000000
    outer loop
      vertex 8.5806 34.0718 4.4000
      vertex 8.5515 34.0765 4.4000
      vertex 11.2000 35.2000 4.4000
    endloop
  endfacet
  facet normal 0.000000 0.000000 1.000000
    outer loop
      vertex 11.2000 35.2000 2.3200
      vertex 8.5515 34.0765 2.3200
      vertex 8.5806 34.0718 2.3200
    endloop
  endfacet
  facet normal 0.000000 0.000000 -1.000000
    outer loop
      vertex 8.5515 34.0765 4.4000
      vertex 7.4000 39.8000 4.4000
      vertex 11.2000 35.2000 4.4000
    endloop
  endfacet
  facet normal 0.000000 0.000000 1.000000
    outer loop
      vertex 11.2000 35.2000 2.3200
      vertex 7.4000 39.8000 2.3200
      vertex 8.5515 34.0765 2.3200
    endloop
  endfacet
  facet normal 0.000000 0.000000 -1.000000
    outer loop
      vertex 8.5515 34.0765 4.4000
      vertex 7.0000 39.6000 4.4000
      vertex 7.4000 39.8000 4.4000
    endloop
  endfacet
  facet normal 0.000000 0.000000 1.000000
    outer loop
      vertex 7.4000 39.8000 2.3200
      vertex 7.0000 39.6000 2.3200
      vertex 8.5515 34.0765 2.3200
    endloop
  endfacet
  facet normal 0.000000 0.000000 -1.000000
    outer loop
      vertex 8.5515 34.0765 4.4000
      vertex 6.4000 39.2000 4.4000
      vertex 7.0000 39.6000 4.4000
    endloop
  endfacet
  facet normal 0.000000 0.000000 1.000000
    outer loop
      vertex 7.0000 39.6000 2.3200
      vertex 6.4000 39.2000 2.3200
      vertex 8.5515 34.0765 2.3200
    endloop
  endfacet
  facet normal 0.000000 0.000000 -1.000000
    outer loop
      vertex 8.5515 34.0765 4.4000
      vertex 6.1354 34.5409 4.4000
      vertex 6.4000 39.2000 4.4000
    endloop
  endfacet
  facet normal 0.000000 0.000000 1.000000
    outer loop
      vertex 6.4000 39.2000 2.3200
      vertex 6.1354 34.5409 2.3200
      vertex 8.5515 34.0765 2.3200
    endloop
  endfacet
  facet normal 0.000000 0.000000 -1.000000
    outer loop
      vertex 6.1354 34.5409 4.4000
      vertex 5.2000 38.0000 4.4000
      vertex 6.4000 39.2000 4.4000
    endloop
  endfacet
  facet normal 0.000000 0.000000 1.000000
    outer loop
      vertex 6.4000 39.2000 2.3200
      vertex 5.2000 38.0000 2.3200
      vertex 6.1354 34.5409 2.3200
    endloop
  endfacet
  facet normal 0.000000 0.000000 -1.000000
    outer loop
      vertex 6.1354 34.5409 4.4000
      vertex 6.1173 34.5447 4.4000
      vertex 5.2000 38.0000 4.4000
    endloop
  endfacet
  facet normal 0.000000 0.000000 1.000000
    outer loop
      vertex 5.2000 38.0000 2.3200
      vertex 6.1173 34.5447 2.3200
      vertex 6.1354 34.5409 2.3200
    endloop
  endfacet
  facet normal 0.000000 0.000000 -1.000000
    outer loop
      vertex 6.1173 34.5447 4.4000
      vertex 4.6000 37.2000 4.4000
      vertex 5.2000 38.0000 4.4000
    endloop
  endfacet
  facet normal 0.000000 0.000000 1.000000
    outer loop
      vertex 5.2000 38.0000 2.3200
      vertex 4.6000 37.2000 2.3200
      vertex 6.1173 34.5447 2.3200
    endloop
  endfacet
  facet normal 0.000000 0.000000 -1.000000
    outer loop
      vertex 6.1173 34.5447 4.4000
      vertex 4.4000 36.8000 4.4000
      vertex 4.6000 37.2000 4.4000
    endloop
  endfacet
  facet normal 0.000000 0.000000 1.000000
    outer loop
      vertex 4.6000 37.2000 2.3200
      vertex 4.4000 36.8000 2.3200
      vertex 6.1173 34.5447 2.3200
    endloop
  endfacet
  facet normal 0.000000 0.000000 -1.000000
    outer loop
      vertex 6.1173 34.5447 4.4000
      vertex 4.2000 36.2000 4.4000
      vertex 4.4000 36.8000 4.4000
    endloop
  endfacet
  facet normal 0.000000 0.000000 1.000000
    outer loop
      vertex 4.4000 36.8000 2.3200
      vertex 4.2000 36.2000 2.3200
      vertex 6.1173 34.5447 2.3200
    endloop
  endfacet
  facet normal 0.000000 0.000000 -1.000000
    outer loop
      vertex 6.1173 34.5447 4.4000
      vertex 4.0000 35.2000 4.4000
      vertex 4.2000 36.2000 4.4000
    endloop
  endfacet
  facet normal 0.000000 0.000000 1.000000
    outer loop
      vertex 4.2000 36.2000 2.3200
      vertex 4.0000 35.2000 2.3200
      vertex 6.1173 34.5447 2.3200
    endloop
  endfacet
  facet normal 0.000000 0.000000 -1.000000
    outer loop
      vertex 6.1173 34.5447 4.4000
      vertex 3.8649 35.0649 4.4000
      vertex 4.0000 35.2000 4.4000
    endloop
  endfacet
  facet normal 0.000000 0.000000 1.000000
    outer loop
      vertex 4.0000 35.2000 2.3200
      vertex 3.8649 35.0649 2.3200
      vertex 6.1173 34.5447 2.3200
    endloop
  endfacet
  facet normal 0.000000 0.000000 -1.000000
    outer loop
      vertex 4.0000 36.0000 4.4000
      vertex 4.2000 36.2000 4.4000
      vertex 4.0000 35.2000 4.4000
    endloop
  endfacet
  facet normal 0.000000 0.000000 1.000000
    outer loop
      vertex 4.0000 35.2000 2.3200
      vertex 4.2000 36.2000 2.3200
      vertex 4.0000 36.0000 2.3200
    endloop
  endfacet
  facet normal 0.000000 0.000000 -1.000000
    outer loop
      vertex 4.2000 36.6000 4.4000
      vertex 4.4000 36.8000 4.4000
      vertex 4.2000 36.2000 4.4000
    endloop
  endfacet
  facet normal 0.000000 0.000000 1.000000
    outer loop
      vertex 4.2000 36.2000 2.3200
      vertex 4.4000 36.8000 2.3200
      vertex 4.2000 36.6000 2.3200
    endloop
  endfacet
  facet normal 0.000000 0.000000 -1.000000
    outer loop
      vertex 4.4000 37.0000 4.4000
      vertex 4.6000 37.2000 4.4000
      vertex 4.4000 36.8000 4.4000
    endloop
  endfacet
  facet normal 0.000000 0.000000 1.000000
    outer loop
      vertex 4.4000 36.8000 2.3200
      vertex 4.6000 37.2000 2.3200
      vertex 4.4000 37.0000 2.3200
    endloop
  endfacet
  facet normal 0.000000 0.000000 -1.000000
    outer loop
      vertex 4.6000 37.4000 4.4000
      vertex 5.2000 38.0000 4.4000
      vertex 4.6000 37.2000 4.4000
    endloop
  endfacet
  facet normal 0.000000 0.000000 1.000000
    outer loop
      vertex 4.6000 37.2000 2.3200
      vertex 5.2000 38.0000 2.3200
      vertex 4.6000 37.4000 2.3200
    endloop
  endfacet
  facet normal 0.000000 0.000000 -1.000000
    outer loop
      vertex 7.4000 39.8000 4.4000
      vertex 7.8000 40.0000 4.4000
      vertex 11.2000 35.2000 4.4000
    endloop
  endfacet
  facet normal 0.000000 0.000000 1.000000
    outer loop
      vertex 11.2000 35.2000 2.3200
      vertex 7.8000 40.0000 2.3200
      vertex 7.4000 39.8000 2.3200
    endloop
  endfacet
  facet normal 0.000000 0.000000 -1.000000
    outer loop
      vertex 7.4000 39.8000 4.4000
      vertex 7.6000 40.0000 4.4000
      vertex 7.8000 40.0000 4.4000
    endloop
  endfacet
  facet normal 0.000000 0.000000 1.000000
    outer loop
      vertex 7.8000 40.0000 2.3200
      vertex 7.6000 40.0000 2.3200
      vertex 7.4000 39.8000 2.3200
    endloop
  endfacet
  facet normal 0.000000 0.000000 -1.000000
    outer loop
      vertex 7.8000 40.0000 4.4000
      vertex 8.4000 40.2000 4.4000
      vertex 11.2000 35.2000 4.4000
    endloop
  endfacet
  facet normal 0.000000 0.000000 1.000000
    outer loop
      vertex 11.2000 35.2000 2.3200
      vertex 8.4000 40.2000 2.3200
      vertex 7.8000 40.0000 2.3200
    endloop
  endfacet
  facet normal 0.000000 0.000000 -1.000000
    outer loop
      vertex 8.4000 40.2000 4.4000
      vertex 11.6000 35.6000 4.4000
      vertex 11.2000 35.2000 4.4000
    endloop
  endfacet
  facet normal 0.000000 -0.000000 1.000000
    outer loop
      vertex 11.2000 35.2000 2.3200
      vertex 11.6000 35.6000 2.3200
      vertex 8.4000 40.2000 2.3200
    endloop
  endfacet
  facet normal 0.000000 0.000000 -1.000000
    outer loop
      vertex 8.4000 40.2000 4.4000
      vertex 9.0000 40.4000 4.4000
      vertex 11.6000 35.6000 4.4000
    endloop
  endfacet
  facet normal 0.000000 0.000000 1.000000
    outer loop
      vertex 11.6000 35.6000 2.3200
      vertex 9.0000 40.4000 2.3200
      vertex 8.4000 40.2000 2.3200
    endloop
  endfacet
  facet normal 0.000000 0.000000 -1.000000
    outer loop
      vertex 8.4000 40.2000 4.4000
      vertex 8.6000 40.4000 4.4000
      vertex 9.0000 40.4000 4.4000
    endloop
  endfacet
  facet normal 0.000000 0.000000 1.000000
    outer loop
      vertex 9.0000 40.4000 2.3200
      vertex 8.6000 40.4000 2.3200
      vertex 8.4000 40.2000 2.3200
    endloop
  endfacet
  facet normal 0.000000 0.000000 -1.000000
    outer loop
      vertex 9.0000 40.4000 4.4000
      vertex 10.0000 40.6000 4.4000
      vertex 11.6000 35.6000 4.4000
    endloop
  endfacet
  facet normal 0.000000 0.000000 1.000000
    outer loop
      vertex 11.6000 35.6000 2.3200
      vertex 10.0000 40.6000 2.3200
      vertex 9.0000 40.4000 2.3200
    endloop
  endfacet
  facet normal 0.000000 0.000000 -1.000000
    outer loop
      vertex 10.0000 40.6000 4.4000
      vertex 13.7290 37.4902 4.4000
      vertex 11.6000 35.6000 4.4000
    endloop
  endfacet
  facet normal 0.000000 -0.000000 1.000000
    outer loop
      vertex 11.6000 35.6000 2.3200
      vertex 13.7290 37.4902 2.3200
      vertex 10.0000 40.6000 2.3200
    endloop
  endfacet
  facet normal 0.000000 0.000000 -1.000000
    outer loop
      vertex 10.0000 40.6000 4.4000
      vertex 14.0132 38.6092 4.4000
      vertex 13.7290 37.4902 4.4000
    endloop
  endfacet
  facet normal 0.000000 -0.000000 1.000000
    outer loop
      vertex 13.7290 37.4902 2.3200
      vertex 14.0132 38.6092 2.3200
      vertex 10.0000 40.6000 2.3200
    endloop
  endfacet
  facet normal 0.000000 0.000000 -1.000000
    outer loop
      vertex 10.0000 40.6000 4.4000
      vertex 13.2000 40.6000 4.4000
      vertex 14.0132 38.6092 4.4000
    endloop
  endfacet
  facet normal 0.000000 0.000000 1.000000
    outer loop
      vertex 14.0132 38.6092 2.3200
      vertex 13.2000 40.6000 2.3200
      vertex 10.0000 40.6000 2.3200
    endloop
  endfacet
  facet normal 0.000000 0.000000 -1.000000
    outer loop
      vertex 13.2000 40.6000 4.4000
      vertex 14.0154 38.6170 4.4000
      vertex 14.0132 38.6092 4.4000
    endloop
  endfacet
  facet normal 0.000000 -0.000000 1.000000
    outer loop
      vertex 14.0132 38.6092 2.3200
      vertex 14.0154 38.6170 2.3200
      vertex 13.2000 40.6000 2.3200
    endloop
  endfacet
  facet normal 0.000000 0.000000 -1.000000
    outer loop
      vertex 13.2000 40.6000 4.4000
      vertex 14.0218 38.6335 4.4000
      vertex 14.0154 38.6170 4.4000
    endloop
  endfacet
  facet normal 0.000000 -0.000000 1.000000
    outer loop
      vertex 14.0154 38.6170 2.3200
      vertex 14.0218 38.6335 2.3200
      vertex 13.2000 40.6000 2.3200
    endloop
  endfacet
  facet normal 0.000000 0.000000 -1.000000
    outer loop
      vertex 13.2000 40.6000 4.4000
      vertex 14.0275 38.6441 4.4000
      vertex 14.0218 38.6335 4.4000
    endloop
  endfacet
  facet normal 0.000000 -0.000000 1.000000
    outer loop
      vertex 14.0218 38.6335 2.3200
      vertex 14.0275 38.6441 2.3200
      vertex 13.2000 40.6000 2.3200
    endloop
  endfacet
  facet normal 0.000000 0.000000 -1.000000
    outer loop
      vertex 13.2000 40.6000 4.4000
      vertex 14.0345 38.6540 4.4000
      vertex 14.0275 38.6441 4.4000
    endloop
  endfacet
  facet normal 0.000000 -0.000000 1.000000
    outer loop
      vertex 14.0275 38.6441 2.3200
      vertex 14.0345 38.6540 2.3200
      vertex 13.2000 40.6000 2.3200
    endloop
  endfacet
  facet normal 0.000000 0.000000 -1.000000
    outer loop
      vertex 13.2000 40.6000 4.4000
      vertex 14.0464 38.6671 4.4000
      vertex 14.0345 38.6540 4.4000
    endloop
  endfacet
  facet normal 0.000000 -0.000000 1.000000
    outer loop
      vertex 14.0345 38.6540 2.3200
      vertex 14.0464 38.6671 2.3200
      vertex 13.2000 40.6000 2.3200
    endloop
  endfacet
  facet normal 0.000000 0.000000 -1.000000
    outer loop
      vertex 13.2000 40.6000 4.4000
      vertex 14.0523 38.6726 4.4000
      vertex 14.0464 38.6671 4.4000
    endloop
  endfacet
  facet normal 0.000000 -0.000000 1.000000
    outer loop
      vertex 14.0464 38.6671 2.3200
      vertex 14.0523 38.6726 2.3200
      vertex 13.2000 40.6000 2.3200
    endloop
  endfacet
  facet normal 0.000000 0.000000 -1.000000
    outer loop
      vertex 13.2000 40.6000 4.4000
      vertex 14.2000 40.4000 4.4000
      vertex 14.0523 38.6726 4.4000
    endloop
  endfacet
  facet normal 0.000000 -0.000000 1.000000
    outer loop
      vertex 14.0523 38.6726 2.3200
      vertex 14.2000 40.4000 2.3200
      vertex 13.2000 40.6000 2.3200
    endloop
  endfacet
  facet normal 0.000000 -0.000000 -1.000000
    outer loop
      vertex 14.2000 40.4000 4.4000
      vertex 14.9767 39.4725 4.4000
      vertex 14.0523 38.6726 4.4000
    endloop
  endfacet
  facet normal 0.000000 0.000000 1.000000
    outer loop
      vertex 14.0523 38.6726 2.3200
      vertex 14.9767 39.4725 2.3200
      vertex 14.2000 40.4000 2.3200
    endloop
  endfacet
  facet normal 0.000000 0.000000 -1.000000
    outer loop
      vertex 14.2000 40.4000 4.4000
      vertex 14.8000 40.2000 4.4000
      vertex 14.9767 39.4725 4.4000
    endloop
  endfacet
  facet normal 0.000000 0.000000 1.000000
    outer loop
      vertex 14.9767 39.4725 2.3200
      vertex 14.8000 40.2000 2.3200
      vertex 14.2000 40.4000 2.3200
    endloop
  endfacet
  facet normal 0.000000 0.000000 -1.000000
    outer loop
      vertex 14.2000 40.4000 4.4000
      vertex 14.6000 40.4000 4.4000
      vertex 14.8000 40.2000 4.4000
    endloop
  endfacet
  facet normal 0.000000 0.000000 1.000000
    outer loop
      vertex 14.8000 40.2000 2.3200
      vertex 14.6000 40.4000 2.3200
      vertex 14.2000 40.4000 2.3200
    endloop
  endfacet
  facet normal 0.000000 0.000000 -1.000000
    outer loop
      vertex 14.8000 40.2000 4.4000
      vertex 14.9831 39.4777 4.4000
      vertex 14.9767 39.4725 4.4000
    endloop
  endfacet
  facet normal 0.000000 -0.000000 1.000000
    outer loop
      vertex 14.9767 39.4725 2.3200
      vertex 14.9831 39.4777 2.3200
      vertex 14.8000 40.2000 2.3200
    endloop
  endfacet
  facet normal 0.000000 0.000000 -1.000000
    outer loop
      vertex 14.8000 40.2000 4.4000
      vertex 14.9981 39.4877 4.4000
      vertex 14.9831 39.4777 4.4000
    endloop
  endfacet
  facet normal 0.000000 -0.000000 1.000000
    outer loop
      vertex 14.9831 39.4777 2.3200
      vertex 14.9981 39.4877 2.3200
      vertex 14.8000 40.2000 2.3200
    endloop
  endfacet
  facet normal 0.000000 0.000000 -1.000000
    outer loop
      vertex 14.8000 40.2000 4.4000
      vertex 15.0141 39.4958 4.4000
      vertex 14.9981 39.4877 4.4000
    endloop
  endfacet
  facet normal 0.000000 -0.000000 1.000000
    outer loop
      vertex 14.9981 39.4877 2.3200
      vertex 15.0141 39.4958 2.3200
      vertex 14.8000 40.2000 2.3200
    endloop
  endfacet
  facet normal 0.000000 0.000000 -1.000000
    outer loop
      vertex 14.8000 40.2000 4.4000
      vertex 15.0218 39.4988 4.4000
      vertex 15.0141 39.4958 4.4000
    endloop
  endfacet
  facet normal 0.000000 -0.000000 1.000000
    outer loop
      vertex 15.0141 39.4958 2.3200
      vertex 15.0218 39.4988 2.3200
      vertex 14.8000 40.2000 2.3200
    endloop
  endfacet
  facet normal -0.000000 0.000000 -1.000000
    outer loop
      vertex 14.3036 35.9720 4.4000
      vertex 12.0000 35.4000 4.4000
      vertex 13.7339 37.4140 4.4000
    endloop
  endfacet
  facet normal 0.000000 0.000000 1.000000
    outer loop
      vertex 13.7339 37.4140 2.3200
      vertex 12.0000 35.4000 2.3200
      vertex 14.3036 35.9720 2.3200
    endloop
  endfacet
  facet normal 0.000000 -0.000000 -1.000000
    outer loop
      vertex 14.3036 35.9720 4.4000
      vertex 14.3091 35.9574 4.4000
      vertex 12.0000 35.4000 4.4000
    endloop
  endfacet
  facet normal 0.000000 0.000000 1.000000
    outer loop
      vertex 12.0000 35.4000 2.3200
      vertex 14.3091 35.9574 2.3200
      vertex 14.3036 35.9720 2.3200
    endloop
  endfacet
  facet normal 0.000000 0.000000 -1.000000
    outer loop
      vertex 12.0000 35.4000 4.4000
      vertex 11.8000 35.6000 4.4000
      vertex 13.7339 37.4140 4.4000
    endloop
  endfacet
  facet normal 0.000000 0.000000 1.000000
    outer loop
      vertex 13.7339 37.4140 2.3200
      vertex 11.8000 35.6000 2.3200
      vertex 12.0000 35.4000 2.3200
    endloop
  endfacet
  facet normal 0.000000 0.000000 -1.000000
    outer loop
      vertex 12.0000 35.4000 4.4000
      vertex 12.2000 34.0000 4.4000
      vertex 12.0000 34.2000 4.4000
    endloop
  endfacet
  facet normal -0.000000 0.000000 1.000000
    outer loop
      vertex 12.0000 34.2000 2.3200
      vertex 12.2000 34.0000 2.3200
      vertex 12.0000 35.4000 2.3200
    endloop
  endfacet
  facet normal 0.000000 0.000000 -1.000000
    outer loop
      vertex 11.6000 35.6000 4.4000
      vertex 13.7250 37.4641 4.4000
      vertex 11.8000 35.6000 4.4000
    endloop
  endfacet
  facet normal 0.000000 -0.000000 1.000000
    outer loop
      vertex 11.8000 35.6000 2.3200
      vertex 13.7250 37.4641 2.3200
      vertex 11.6000 35.6000 2.3200
    endloop
  endfacet
  facet normal 0.000000 0.000000 -1.000000
    outer loop
      vertex 11.6000 35.6000 4.4000
      vertex 13.7272 37.4821 4.4000
      vertex 13.7250 37.4641 4.4000
    endloop
  endfacet
  facet normal 0.000000 -0.000000 1.000000
    outer loop
      vertex 13.7250 37.4641 2.3200
      vertex 13.7272 37.4821 2.3200
      vertex 11.6000 35.6000 2.3200
    endloop
  endfacet
  facet normal 0.000000 0.000000 -1.000000
    outer loop
      vertex 11.6000 35.6000 4.4000
      vertex 13.7290 37.4902 4.4000
      vertex 13.7272 37.4821 4.4000
    endloop
  endfacet
  facet normal 0.000000 -0.000000 1.000000
    outer loop
      vertex 13.7272 37.4821 2.3200
      vertex 13.7290 37.4902 2.3200
      vertex 11.6000 35.6000 2.3200
    endloop
  endfacet
  facet normal -0.000000 0.000000 -1.000000
    outer loop
      vertex 13.7339 37.4140 4.4000
      vertex 11.8000 35.6000 4.4000
      vertex 13.7311 37.4218 4.4000
    endloop
  endfacet
  facet normal 0.000000 0.000000 1.000000
    outer loop
      vertex 13.7311 37.4218 2.3200
      vertex 11.8000 35.6000 2.3200
      vertex 13.7339 37.4140 2.3200
    endloop
  endfacet
  facet normal 0.000000 0.000000 -1.000000
    outer loop
      vertex 11.8000 35.6000 4.4000
      vertex 13.7265 37.4394 4.4000
      vertex 13.7311 37.4218 4.4000
    endloop
  endfacet
  facet normal 0.000000 0.000000 1.000000
    outer loop
      vertex 13.7311 37.4218 2.3200
      vertex 13.7265 37.4394 2.3200
      vertex 11.8000 35.6000 2.3200
    endloop
  endfacet
  facet normal 0.000000 0.000000 -1.000000
    outer loop
      vertex 11.8000 35.6000 4.4000
      vertex 13.7250 37.4517 4.4000
      vertex 13.7265 37.4394 4.4000
    endloop
  endfacet
  facet normal 0.000000 0.000000 1.000000
    outer loop
      vertex 13.7265 37.4394 2.3200
      vertex 13.7250 37.4517 2.3200
      vertex 11.8000 35.6000 2.3200
    endloop
  endfacet
  facet normal 0.000000 0.000000 -1.000000
    outer loop
      vertex 11.8000 35.6000 4.4000
      vertex 13.7250 37.4641 4.4000
      vertex 13.7250 37.4517 4.4000
    endloop
  endfacet
  facet normal 0.000000 0.000000 1.000000
    outer loop
      vertex 13.7250 37.4517 2.3200
      vertex 13.7250 37.4641 2.3200
      vertex 11.8000 35.6000 2.3200
    endloop
  endfacet
  facet normal 0.000000 0.000000 -1.000000
    outer loop
      vertex 14.6664 34.9630 4.4000
      vertex 14.5919 34.4887 4.4000
      vertex 14.3391 34.1606 4.4000
    endloop
  endfacet
  facet normal 0.000000 0.000000 1.000000
    outer loop
      vertex 14.3391 34.1606 2.3200
      vertex 14.5919 34.4887 2.3200
      vertex 14.6664 34.9630 2.3200
    endloop
  endfacet
  facet normal 0.000000 -0.000000 -1.000000
    outer loop
      vertex 14.6664 34.9630 4.4000
      vertex 14.6839 34.9030 4.4000
      vertex 14.5919 34.4887 4.4000
    endloop
  endfacet
  facet normal 0.000000 0.000000 1.000000
    outer loop
      vertex 14.5919 34.4887 2.3200
      vertex 14.6839 34.9030 2.3200
      vertex 14.6664 34.9630 2.3200
    endloop
  endfacet
  facet normal 0.000000 0.000000 -1.000000
    outer loop
      vertex 14.6839 34.9030 4.4000
      vertex 14.6552 34.5964 4.4000
      vertex 14.5919 34.4887 4.4000
    endloop
  endfacet
  facet normal 0.000000 0.000000 1.000000
    outer loop
      vertex 14.5919 34.4887 2.3200
      vertex 14.6552 34.5964 2.3200
      vertex 14.6839 34.9030 2.3200
    endloop
  endfacet
  facet normal 0.000000 -0.000000 -1.000000
    outer loop
      vertex 14.6839 34.9030 4.4000
      vertex 14.6898 34.7164 4.4000
      vertex 14.6552 34.5964 4.4000
    endloop
  endfacet
  facet normal 0.000000 0.000000 1.000000
    outer loop
      vertex 14.6552 34.5964 2.3200
      vertex 14.6898 34.7164 2.3200
      vertex 14.6839 34.9030 2.3200
    endloop
  endfacet
  facet normal 0.000000 0.000000 -1.000000
    outer loop
      vertex 14.6839 34.9030 4.4000
      vertex 14.6936 34.8412 4.4000
      vertex 14.6898 34.7164 4.4000
    endloop
  endfacet
  facet normal 0.000000 -0.000000 1.000000
    outer loop
      vertex 14.6898 34.7164 2.3200
      vertex 14.6936 34.8412 2.3200
      vertex 14.6839 34.9030 2.3200
    endloop
  endfacet
  facet normal 0.000000 -0.000000 -1.000000
    outer loop
      vertex 14.6936 34.8412 4.4000
      vertex 14.6956 34.7786 4.4000
      vertex 14.6898 34.7164 4.4000
    endloop
  endfacet
  facet normal 0.000000 0.000000 1.000000
    outer loop
      vertex 14.6898 34.7164 2.3200
      vertex 14.6956 34.7786 2.3200
      vertex 14.6936 34.8412 2.3200
    endloop
  endfacet
  facet normal 0.000000 0.000000 -1.000000
    outer loop
      vertex 14.6898 34.7164 4.4000
      vertex 14.6763 34.6553 4.4000
      vertex 14.6552 34.5964 4.4000
    endloop
  endfacet
  facet normal 0.000000 0.000000 1.000000
    outer loop
      vertex 14.6552 34.5964 2.3200
      vertex 14.6763 34.6553 2.3200
      vertex 14.6898 34.7164 2.3200
    endloop
  endfacet
  facet normal 0.000000 0.000000 -1.000000
    outer loop
      vertex 14.6552 34.5964 4.4000
      vertex 14.6269 34.5406 4.4000
      vertex 14.5919 34.4887 4.4000
    endloop
  endfacet
  facet normal 0.000000 0.000000 1.000000
    outer loop
      vertex 14.5919 34.4887 2.3200
      vertex 14.6269 34.5406 2.3200
      vertex 14.6552 34.5964 2.3200
    endloop
  endfacet
  facet normal 0.000000 0.000000 -1.000000
    outer loop
      vertex 15.0218 39.4988 4.4000
      vertex 15.4000 40.0000 4.4000
      vertex 15.8000 39.8000 4.4000
    endloop
  endfacet
  facet normal 0.000000 0.000000 1.000000
    outer loop
      vertex 15.8000 39.8000 2.3200
      vertex 15.4000 40.0000 2.3200
      vertex 15.0218 39.4988 2.3200
    endloop
  endfacet
  facet normal 1.000000 0.000000 0.000000
    outer loop
      vertex 4.0000 35.2000 2.3200
      vertex 4.0000 36.0000 2.3200
      vertex 4.0000 36.0000 4.4000
    endloop
  endfacet
  facet normal 1.000000 0.000000 0.000000
    outer loop
      vertex 4.0000 35.2000 2.3200
      vertex 4.0000 36.0000 4.4000
      vertex 4.0000 35.2000 4.4000
    endloop
  endfacet
  facet normal 0.707107 -0.707107 0.000000
    outer loop
      vertex 4.0000 36.0000 2.3200
      vertex 4.2000 36.2000 2.3200
      vertex 4.2000 36.2000 4.4000
    endloop
  endfacet
  facet normal 0.707107 -0.707107 0.000000
    outer loop
      vertex 4.0000 36.0000 2.3200
      vertex 4.2000 36.2000 4.4000
      vertex 4.0000 36.0000 4.4000
    endloop
  endfacet
  facet normal 1.000000 0.000000 0.000000
    outer loop
      vertex 4.2000 36.2000 2.3200
      vertex 4.2000 36.6000 2.3200
      vertex 4.2000 36.6000 4.4000
    endloop
  endfacet
  facet normal 1.000000 0.000000 0.000000
    outer loop
      vertex 4.2000 36.2000 2.3200
      vertex 4.2000 36.6000 4.4000
      vertex 4.2000 36.2000 4.4000
    endloop
  endfacet
  facet normal 0.707107 -0.707107 0.000000
    outer loop
      vertex 4.2000 36.6000 2.3200
      vertex 4.4000 36.8000 2.3200
      vertex 4.4000 36.8000 4.4000
    endloop
  endfacet
  facet normal 0.707107 -0.707107 0.000000
    outer loop
      vertex 4.2000 36.6000 2.3200
      vertex 4.4000 36.8000 4.4000
      vertex 4.2000 36.6000 4.4000
    endloop
  endfacet
  facet normal 1.000000 0.000000 0.000000
    outer loop
      vertex 4.4000 36.8000 2.3200
      vertex 4.4000 37.0000 2.3200
      vertex 4.4000 37.0000 4.4000
    endloop
  endfacet
  facet normal 1.000000 0.000000 0.000000
    outer loop
      vertex 4.4000 36.8000 2.3200
      vertex 4.4000 37.0000 4.4000
      vertex 4.4000 36.8000 4.4000
    endloop
  endfacet
  facet normal 0.707107 -0.707107 0.000000
    outer loop
      vertex 4.4000 37.0000 2.3200
      vertex 4.6000 37.2000 2.3200
      vertex 4.6000 37.2000 4.4000
    endloop
  endfacet
  facet normal 0.707107 -0.707107 0.000000
    outer loop
      vertex 4.4000 37.0000 2.3200
      vertex 4.6000 37.2000 4.4000
      vertex 4.4000 37.0000 4.4000
    endloop
  endfacet
  facet normal 1.000000 0.000000 0.000000
    outer loop
      vertex 4.6000 37.2000 2.3200
      vertex 4.6000 37.4000 2.3200
      vertex 4.6000 37.4000 4.4000
    endloop
  endfacet
  facet normal 1.000000 0.000000 0.000000
    outer loop
      vertex 4.6000 37.2000 2.3200
      vertex 4.6000 37.4000 4.4000
      vertex 4.6000 37.2000 4.4000
    endloop
  endfacet
  facet normal 0.707107 -0.707107 0.000000
    outer loop
      vertex 4.6000 37.4000 2.3200
      vertex 5.2000 38.0000 2.3200
      vertex 5.2000 38.0000 4.4000
    endloop
  endfacet
  facet normal 0.707107 -0.707107 0.000000
    outer loop
      vertex 4.6000 37.4000 2.3200
      vertex 5.2000 38.0000 4.4000
      vertex 4.6000 37.4000 4.4000
    endloop
  endfacet
  facet normal 1.000000 0.000000 0.000000
    outer loop
      vertex 5.2000 38.0000 2.3200
      vertex 5.2000 38.2000 2.3200
      vertex 5.2000 38.2000 4.4000
    endloop
  endfacet
  facet normal 1.000000 0.000000 0.000000
    outer loop
      vertex 5.2000 38.0000 2.3200
      vertex 5.2000 38.2000 4.4000
      vertex 5.2000 38.0000 4.4000
    endloop
  endfacet
  facet normal 0.707107 -0.707107 0.000000
    outer loop
      vertex 5.2000 38.2000 2.3200
      vertex 6.2000 39.2000 2.3200
      vertex 6.2000 39.2000 4.4000
    endloop
  endfacet
  facet normal 0.707107 -0.707107 0.000000
    outer loop
      vertex 5.2000 38.2000 2.3200
      vertex 6.2000 39.2000 4.4000
      vertex 5.2000 38.2000 4.4000
    endloop
  endfacet
  facet normal 0.000000 -1.000000 0.000000
    outer loop
      vertex 6.2000 39.2000 2.3200
      vertex 6.4000 39.2000 2.3200
      vertex 6.4000 39.2000 4.4000
    endloop
  endfacet
  facet normal 0.000000 -1.000000 0.000000
    outer loop
      vertex 6.2000 39.2000 2.3200
      vertex 6.4000 39.2000 4.4000
      vertex 6.2000 39.2000 4.4000
    endloop
  endfacet
  facet normal 0.707107 -0.707107 0.000000
    outer loop
      vertex 6.4000 39.2000 2.3200
      vertex 6.8000 39.6000 2.3200
      vertex 6.8000 39.6000 4.4000
    endloop
  endfacet
  facet normal 0.707107 -0.707107 0.000000
    outer loop
      vertex 6.4000 39.2000 2.3200
      vertex 6.8000 39.6000 4.4000
      vertex 6.4000 39.2000 4.4000
    endloop
  endfacet
  facet normal 0.000000 -1.000000 0.000000
    outer loop
      vertex 6.8000 39.6000 2.3200
      vertex 7.0000 39.6000 2.3200
      vertex 7.0000 39.6000 4.4000
    endloop
  endfacet
  facet normal 0.000000 -1.000000 0.000000
    outer loop
      vertex 6.8000 39.6000 2.3200
      vertex 7.0000 39.6000 4.4000
      vertex 6.8000 39.6000 4.4000
    endloop
  endfacet
  facet normal 0.707107 -0.707107 0.000000
    outer loop
      vertex 7.0000 39.6000 2.3200
      vertex 7.2000 39.8000 2.3200
      vertex 7.2000 39.8000 4.4000
    endloop
  endfacet
  facet normal 0.707107 -0.707107 0.000000
    outer loop
      vertex 7.0000 39.6000 2.3200
      vertex 7.2000 39.8000 4.4000
      vertex 7.0000 39.6000 4.4000
    endloop
  endfacet
  facet normal 0.000000 -1.000000 0.000000
    outer loop
      vertex 7.2000 39.8000 2.3200
      vertex 7.4000 39.8000 2.3200
      vertex 7.4000 39.8000 4.4000
    endloop
  endfacet
  facet normal 0.000000 -1.000000 0.000000
    outer loop
      vertex 7.2000 39.8000 2.3200
      vertex 7.4000 39.8000 4.4000
      vertex 7.2000 39.8000 4.4000
    endloop
  endfacet
  facet normal 0.707107 -0.707107 0.000000
    outer loop
      vertex 7.4000 39.8000 2.3200
      vertex 7.6000 40.0000 2.3200
      vertex 7.6000 40.0000 4.4000
    endloop
  endfacet
  facet normal 0.707107 -0.707107 0.000000
    outer loop
      vertex 7.4000 39.8000 2.3200
      vertex 7.6000 40.0000 4.4000
      vertex 7.4000 39.8000 4.4000
    endloop
  endfacet
  facet normal 0.000000 -1.000000 0.000000
    outer loop
      vertex 7.6000 40.0000 2.3200
      vertex 7.8000 40.0000 2.3200
      vertex 7.8000 40.0000 4.4000
    endloop
  endfacet
  facet normal 0.000000 -1.000000 0.000000
    outer loop
      vertex 7.6000 40.0000 2.3200
      vertex 7.8000 40.0000 4.4000
      vertex 7.6000 40.0000 4.4000
    endloop
  endfacet
  facet normal 0.707107 -0.707107 0.000000
    outer loop
      vertex 7.8000 40.0000 2.3200
      vertex 8.0000 40.2000 2.3200
      vertex 8.0000 40.2000 4.4000
    endloop
  endfacet
  facet normal 0.707107 -0.707107 0.000000
    outer loop
      vertex 7.8000 40.0000 2.3200
      vertex 8.0000 40.2000 4.4000
      vertex 7.8000 40.0000 4.4000
    endloop
  endfacet
  facet normal 0.000000 -1.000000 0.000000
    outer loop
      vertex 8.0000 40.2000 2.3200
      vertex 8.4000 40.2000 2.3200
      vertex 8.4000 40.2000 4.4000
    endloop
  endfacet
  facet normal 0.000000 -1.000000 0.000000
    outer loop
      vertex 8.0000 40.2000 2.3200
      vertex 8.4000 40.2000 4.4000
      vertex 8.0000 40.2000 4.4000
    endloop
  endfacet
  facet normal 0.707107 -0.707107 0.000000
    outer loop
      vertex 8.4000 40.2000 2.3200
      vertex 8.6000 40.4000 2.3200
      vertex 8.6000 40.4000 4.4000
    endloop
  endfacet
  facet normal 0.707107 -0.707107 0.000000
    outer loop
      vertex 8.4000 40.2000 2.3200
      vertex 8.6000 40.4000 4.4000
      vertex 8.4000 40.2000 4.4000
    endloop
  endfacet
  facet normal 0.000000 -1.000000 0.000000
    outer loop
      vertex 8.6000 40.4000 2.3200
      vertex 9.0000 40.4000 2.3200
      vertex 9.0000 40.4000 4.4000
    endloop
  endfacet
  facet normal 0.000000 -1.000000 0.000000
    outer loop
      vertex 8.6000 40.4000 2.3200
      vertex 9.0000 40.4000 4.4000
      vertex 8.6000 40.4000 4.4000
    endloop
  endfacet
  facet normal 0.707107 -0.707107 0.000000
    outer loop
      vertex 9.0000 40.4000 2.3200
      vertex 9.2000 40.6000 2.3200
      vertex 9.2000 40.6000 4.4000
    endloop
  endfacet
  facet normal 0.707107 -0.707107 0.000000
    outer loop
      vertex 9.0000 40.4000 2.3200
      vertex 9.2000 40.6000 4.4000
      vertex 9.0000 40.4000 4.4000
    endloop
  endfacet
  facet normal 0.000000 -1.000000 0.000000
    outer loop
      vertex 9.2000 40.6000 2.3200
      vertex 10.0000 40.6000 2.3200
      vertex 10.0000 40.6000 4.4000
    endloop
  endfacet
  facet normal 0.000000 -1.000000 0.000000
    outer loop
      vertex 9.2000 40.6000 2.3200
      vertex 10.0000 40.6000 4.4000
      vertex 9.2000 40.6000 4.4000
    endloop
  endfacet
  facet normal 0.707107 -0.707107 0.000000
    outer loop
      vertex 10.0000 40.6000 2.3200
      vertex 10.2000 40.8000 2.3200
      vertex 10.2000 40.8000 4.4000
    endloop
  endfacet
  facet normal 0.707107 -0.707107 0.000000
    outer loop
      vertex 10.0000 40.6000 2.3200
      vertex 10.2000 40.8000 4.4000
      vertex 10.0000 40.6000 4.4000
    endloop
  endfacet
  facet normal 0.000000 -1.000000 0.000000
    outer loop
      vertex 10.2000 40.8000 2.3200
      vertex 13.0000 40.8000 2.3200
      vertex 13.0000 40.8000 4.4000
    endloop
  endfacet
  facet normal 0.000000 -1.000000 0.000000
    outer loop
      vertex 10.2000 40.8000 2.3200
      vertex 13.0000 40.8000 4.4000
      vertex 10.2000 40.8000 4.4000
    endloop
  endfacet
  facet normal -0.707107 -0.707107 0.000000
    outer loop
      vertex 13.0000 40.8000 2.3200
      vertex 13.2000 40.6000 2.3200
      vertex 13.2000 40.6000 4.4000
    endloop
  endfacet
  facet normal -0.707107 -0.707107 0.000000
    outer loop
      vertex 13.0000 40.8000 2.3200
      vertex 13.2000 40.6000 4.4000
      vertex 13.0000 40.8000 4.4000
    endloop
  endfacet
  facet normal 0.000000 -1.000000 0.000000
    outer loop
      vertex 13.2000 40.6000 2.3200
      vertex 14.0000 40.6000 2.3200
      vertex 14.0000 40.6000 4.4000
    endloop
  endfacet
  facet normal 0.000000 -1.000000 0.000000
    outer loop
      vertex 13.2000 40.6000 2.3200
      vertex 14.0000 40.6000 4.4000
      vertex 13.2000 40.6000 4.4000
    endloop
  endfacet
  facet normal -0.707107 -0.707107 0.000000
    outer loop
      vertex 14.0000 40.6000 2.3200
      vertex 14.2000 40.4000 2.3200
      vertex 14.2000 40.4000 4.4000
    endloop
  endfacet
  facet normal -0.707107 -0.707107 0.000000
    outer loop
      vertex 14.0000 40.6000 2.3200
      vertex 14.2000 40.4000 4.4000
      vertex 14.0000 40.6000 4.4000
    endloop
  endfacet
  facet normal 0.000000 -1.000000 0.000000
    outer loop
      vertex 14.2000 40.4000 2.3200
      vertex 14.6000 40.4000 2.3200
      vertex 14.6000 40.4000 4.4000
    endloop
  endfacet
  facet normal 0.000000 -1.000000 0.000000
    outer loop
      vertex 14.2000 40.4000 2.3200
      vertex 14.6000 40.4000 4.4000
      vertex 14.2000 40.4000 4.4000
    endloop
  endfacet
  facet normal -0.707107 -0.707107 0.000000
    outer loop
      vertex 14.6000 40.4000 2.3200
      vertex 14.8000 40.2000 2.3200
      vertex 14.8000 40.2000 4.4000
    endloop
  endfacet
  facet normal -0.707107 -0.707107 0.000000
    outer loop
      vertex 14.6000 40.4000 2.3200
      vertex 14.8000 40.2000 4.4000
      vertex 14.6000 40.4000 4.4000
    endloop
  endfacet
  facet normal 0.000000 -1.000000 0.000000
    outer loop
      vertex 14.8000 40.2000 2.3200
      vertex 15.2000 40.2000 2.3200
      vertex 15.2000 40.2000 4.4000
    endloop
  endfacet
  facet normal 0.000000 -1.000000 0.000000
    outer loop
      vertex 14.8000 40.2000 2.3200
      vertex 15.2000 40.2000 4.4000
      vertex 14.8000 40.2000 4.4000
    endloop
  endfacet
  facet normal -0.707107 -0.707107 0.000000
    outer loop
      vertex 15.2000 40.2000 2.3200
      vertex 15.4000 40.0000 2.3200
      vertex 15.4000 40.0000 4.4000
    endloop
  endfacet
  facet normal -0.707107 -0.707107 0.000000
    outer loop
      vertex 15.2000 40.2000 2.3200
      vertex 15.4000 40.0000 4.4000
      vertex 15.2000 40.2000 4.4000
    endloop
  endfacet
  facet normal 0.000000 -1.000000 0.000000
    outer loop
      vertex 15.4000 40.0000 2.3200
      vertex 15.6000 40.0000 2.3200
      vertex 15.6000 40.0000 4.4000
    endloop
  endfacet
  facet normal 0.000000 -1.000000 0.000000
    outer loop
      vertex 15.4000 40.0000 2.3200
      vertex 15.6000 40.0000 4.4000
      vertex 15.4000 40.0000 4.4000
    endloop
  endfacet
  facet normal -0.707107 -0.707107 0.000000
    outer loop
      vertex 15.6000 40.0000 2.3200
      vertex 15.8000 39.8000 2.3200
      vertex 15.8000 39.8000 4.4000
    endloop
  endfacet
  facet normal -0.707107 -0.707107 0.000000
    outer loop
      vertex 15.6000 40.0000 2.3200
      vertex 15.8000 39.8000 4.4000
      vertex 15.6000 40.0000 4.4000
    endloop
  endfacet
  facet normal 0.000000 -1.000000 0.000000
    outer loop
      vertex 15.8000 39.8000 2.3200
      vertex 15.8696 39.8000 2.3200
      vertex 15.8696 39.8000 4.4000
    endloop
  endfacet
  facet normal 0.000000 -1.000000 0.000000
    outer loop
      vertex 15.8000 39.8000 2.3200
      vertex 15.8696 39.8000 4.4000
      vertex 15.8000 39.8000 4.4000
    endloop
  endfacet
  facet normal -0.334765 0.942302 0.000000
    outer loop
      vertex 15.8696 39.8000 2.3200
      vertex 15.0218 39.4988 2.3200
      vertex 15.0218 39.4988 4.4000
    endloop
  endfacet
  facet normal -0.334765 0.942302 0.000000
    outer loop
      vertex 15.8696 39.8000 2.3200
      vertex 15.0218 39.4988 4.4000
      vertex 15.8696 39.8000 4.4000
    endloop
  endfacet
  facet normal -0.363811 0.931473 0.000000
    outer loop
      vertex 15.0218 39.4988 2.3200
      vertex 15.0141 39.4958 2.3200
      vertex 15.0141 39.4958 4.4000
    endloop
  endfacet
  facet normal -0.363811 0.931473 0.000000
    outer loop
      vertex 15.0218 39.4988 2.3200
      vertex 15.0141 39.4958 4.4000
      vertex 15.0218 39.4988 4.4000
    endloop
  endfacet
  facet normal -0.448742 0.893662 0.000000
    outer loop
      vertex 15.0141 39.4958 2.3200
      vertex 14.9981 39.4877 2.3200
      vertex 14.9981 39.4877 4.4000
    endloop
  endfacet
  facet normal -0.448742 0.893662 0.000000
    outer loop
      vertex 15.0141 39.4958 2.3200
      vertex 14.9981 39.4877 4.4000
      vertex 15.0141 39.4958 4.4000
    endloop
  endfacet
  facet normal -0.555827 0.831298 0.000000
    outer loop
      vertex 14.9981 39.4877 2.3200
      vertex 14.9831 39.4777 2.3200
      vertex 14.9831 39.4777 4.4000
    endloop
  endfacet
  facet normal -0.555827 0.831298 0.000000
    outer loop
      vertex 14.9981 39.4877 2.3200
      vertex 14.9831 39.4777 4.4000
      vertex 14.9981 39.4877 4.4000
    endloop
  endfacet
  facet normal -0.630625 0.776088 0.000000
    outer loop
      vertex 14.9831 39.4777 2.3200
      vertex 14.9767 39.4725 2.3200
      vertex 14.9767 39.4725 4.4000
    endloop
  endfacet
  facet normal -0.630625 0.776088 0.000000
    outer loop
      vertex 14.9831 39.4777 2.3200
      vertex 14.9767 39.4725 4.4000
      vertex 14.9831 39.4777 4.4000
    endloop
  endfacet
  facet normal -0.654377 0.756169 0.000000
    outer loop
      vertex 14.9767 39.4725 2.3200
      vertex 14.0523 38.6726 2.3200
      vertex 14.0523 38.6726 4.4000
    endloop
  endfacet
  facet normal -0.654377 0.756169 0.000000
    outer loop
      vertex 14.9767 39.4725 2.3200
      vertex 14.0523 38.6726 4.4000
      vertex 14.9767 39.4725 4.4000
    endloop
  endfacet
  facet normal -0.677085 0.735905 0.000000
    outer loop
      vertex 14.0523 38.6726 2.3200
      vertex 14.0464 38.6671 2.3200
      vertex 14.0464 38.6671 4.4000
    endloop
  endfacet
  facet normal -0.677085 0.735905 0.000000
    outer loop
      vertex 14.0523 38.6726 2.3200
      vertex 14.0464 38.6671 4.4000
      vertex 14.0523 38.6726 4.4000
    endloop
  endfacet
  facet normal -0.741366 0.671101 0.000000
    outer loop
      vertex 14.0464 38.6671 2.3200
      vertex 14.0345 38.6540 2.3200
      vertex 14.0345 38.6540 4.4000
    endloop
  endfacet
  facet normal -0.741366 0.671101 0.000000
    outer loop
      vertex 14.0464 38.6671 2.3200
      vertex 14.0345 38.6540 4.4000
      vertex 14.0464 38.6671 4.4000
    endloop
  endfacet
  facet normal -0.817381 0.576098 0.000000
    outer loop
      vertex 14.0345 38.6540 2.3200
      vertex 14.0275 38.6441 2.3200
      vertex 14.0275 38.6441 4.4000
    endloop
  endfacet
  facet normal -0.817381 0.576098 0.000000
    outer loop
      vertex 14.0345 38.6540 2.3200
      vertex 14.0275 38.6441 4.4000
      vertex 14.0345 38.6540 4.4000
    endloop
  endfacet
  facet normal -0.881295 0.472567 0.000000
    outer loop
      vertex 14.0275 38.6441 2.3200
      vertex 14.0218 38.6335 2.3200
      vertex 14.0218 38.6335 4.4000
    endloop
  endfacet
  facet normal -0.881295 0.472567 0.000000
    outer loop
      vertex 14.0275 38.6441 2.3200
      vertex 14.0218 38.6335 4.4000
      vertex 14.0275 38.6441 4.4000
    endloop
  endfacet
  facet normal -0.932162 0.362040 0.000000
    outer loop
      vertex 14.0218 38.6335 2.3200
      vertex 14.0154 38.6170 2.3200
      vertex 14.0154 38.6170 4.4000
    endloop
  endfacet
  facet normal -0.932162 0.362040 0.000000
    outer loop
      vertex 14.0218 38.6335 2.3200
      vertex 14.0154 38.6170 4.4000
      vertex 14.0218 38.6335 4.4000
    endloop
  endfacet
  facet normal -0.961291 0.275535 0.000000
    outer loop
      vertex 14.0154 38.6170 2.3200
      vertex 14.0132 38.6092 2.3200
      vertex 14.0132 38.6092 4.4000
    endloop
  endfacet
  facet normal -0.961291 0.275535 0.000000
    outer loop
      vertex 14.0154 38.6170 2.3200
      vertex 14.0132 38.6092 4.4000
      vertex 14.0154 38.6170 4.4000
    endloop
  endfacet
  facet normal -0.969231 0.246154 0.000000
    outer loop
      vertex 14.0132 38.6092 2.3200
      vertex 13.7290 37.4902 2.3200
      vertex 13.7290 37.4902 4.4000
    endloop
  endfacet
  facet normal -0.969231 0.246154 0.000000
    outer loop
      vertex 14.0132 38.6092 2.3200
      vertex 13.7290 37.4902 4.4000
      vertex 14.0132 38.6092 4.4000
    endloop
  endfacet
  facet normal -0.976448 0.215752 0.000000
    outer loop
      vertex 13.7290 37.4902 2.3200
      vertex 13.7272 37.4821 2.3200
      vertex 13.7272 37.4821 4.4000
    endloop
  endfacet
  facet normal -0.976448 0.215752 0.000000
    outer loop
      vertex 13.7290 37.4902 2.3200
      vertex 13.7272 37.4821 4.4000
      vertex 13.7290 37.4902 4.4000
    endloop
  endfacet
  facet normal -0.992356 0.123404 0.000000
    outer loop
      vertex 13.7272 37.4821 2.3200
      vertex 13.7250 37.4641 2.3200
      vertex 13.7250 37.4641 4.4000
    endloop
  endfacet
  facet normal -0.992356 0.123404 0.000000
    outer loop
      vertex 13.7272 37.4821 2.3200
      vertex 13.7250 37.4641 4.4000
      vertex 13.7272 37.4821 4.4000
    endloop
  endfacet
  facet normal -0.999999 -0.001271 0.000000
    outer loop
      vertex 13.7250 37.4641 2.3200
      vertex 13.7250 37.4517 2.3200
      vertex 13.7250 37.4517 4.4000
    endloop
  endfacet
  facet normal -0.999999 -0.001271 0.000000
    outer loop
      vertex 13.7250 37.4641 2.3200
      vertex 13.7250 37.4517 4.4000
      vertex 13.7250 37.4641 4.4000
    endloop
  endfacet
  facet normal -0.992040 -0.125926 0.000000
    outer loop
      vertex 13.7250 37.4517 2.3200
      vertex 13.7265 37.4394 2.3200
      vertex 13.7265 37.4394 4.4000
    endloop
  endfacet
  facet normal -0.992040 -0.125926 0.000000
    outer loop
      vertex 13.7250 37.4517 2.3200
      vertex 13.7265 37.4394 4.4000
      vertex 13.7250 37.4517 4.4000
    endloop
  endfacet
  facet normal -0.968602 -0.248616 0.000000
    outer loop
      vertex 13.7265 37.4394 2.3200
      vertex 13.7311 37.4218 2.3200
      vertex 13.7311 37.4218 4.4000
    endloop
  endfacet
  facet normal -0.968602 -0.248616 0.000000
    outer loop
      vertex 13.7265 37.4394 2.3200
      vertex 13.7311 37.4218 4.4000
      vertex 13.7265 37.4394 4.4000
    endloop
  endfacet
  facet normal -0.941077 -0.338191 0.000000
    outer loop
      vertex 13.7311 37.4218 2.3200
      vertex 13.7339 37.4140 2.3200
      vertex 13.7339 37.4140 4.4000
    endloop
  endfacet
  facet normal -0.941077 -0.338191 0.000000
    outer loop
      vertex 13.7311 37.4218 2.3200
      vertex 13.7339 37.4140 4.4000
      vertex 13.7311 37.4218 4.4000
    endloop
  endfacet
  facet normal -0.930052 -0.367428 0.000000
    outer loop
      vertex 13.7339 37.4140 2.3200
      vertex 14.3036 35.9720 2.3200
      vertex 14.3036 35.9720 4.4000
    endloop
  endfacet
  facet normal -0.930052 -0.367428 0.000000
    outer loop
      vertex 13.7339 37.4140 2.3200
      vertex 14.3036 35.9720 4.4000
      vertex 13.7339 37.4140 4.4000
    endloop
  endfacet
  facet normal -0.935674 -0.352865 0.000000
    outer loop
      vertex 14.3036 35.9720 2.3200
      vertex 14.3091 35.9574 2.3200
      vertex 14.3091 35.9574 4.4000
    endloop
  endfacet
  facet normal -0.935674 -0.352865 0.000000
    outer loop
      vertex 14.3036 35.9720 2.3200
      vertex 14.3091 35.9574 4.4000
      vertex 14.3036 35.9720 4.4000
    endloop
  endfacet
  facet normal -0.941068 -0.338217 0.000000
    outer loop
      vertex 14.3091 35.9574 2.3200
      vertex 14.6664 34.9630 2.3200
      vertex 14.6664 34.9630 4.4000
    endloop
  endfacet
  facet normal -0.941068 -0.338217 0.000000
    outer loop
      vertex 14.3091 35.9574 2.3200
      vertex 14.6664 34.9630 4.4000
      vertex 14.3091 35.9574 4.4000
    endloop
  endfacet
  facet normal -0.960384 -0.278680 0.000000
    outer loop
      vertex 14.6664 34.9630 2.3200
      vertex 14.6839 34.9030 2.3200
      vertex 14.6839 34.9030 4.4000
    endloop
  endfacet
  facet normal -0.960384 -0.278680 0.000000
    outer loop
      vertex 14.6664 34.9630 2.3200
      vertex 14.6839 34.9030 4.4000
      vertex 14.6664 34.9630 4.4000
    endloop
  endfacet
  facet normal -0.987667 -0.156569 0.000000
    outer loop
      vertex 14.6839 34.9030 2.3200
      vertex 14.6936 34.8412 2.3200
      vertex 14.6936 34.8412 4.4000
    endloop
  endfacet
  facet normal -0.987667 -0.156569 0.000000
    outer loop
      vertex 14.6839 34.9030 2.3200
      vertex 14.6936 34.8412 4.4000
      vertex 14.6839 34.9030 4.4000
    endloop
  endfacet
  facet normal -0.999488 -0.032006 0.000000
    outer loop
      vertex 14.6936 34.8412 2.3200
      vertex 14.6956 34.7786 2.3200
      vertex 14.6956 34.7786 4.4000
    endloop
  endfacet
  facet normal -0.999488 -0.032006 0.000000
    outer loop
      vertex 14.6936 34.8412 2.3200
      vertex 14.6956 34.7786 4.4000
      vertex 14.6936 34.8412 4.4000
    endloop
  endfacet
  facet normal -0.995661 0.093057 0.000000
    outer loop
      vertex 14.6956 34.7786 2.3200
      vertex 14.6898 34.7164 2.3200
      vertex 14.6898 34.7164 4.4000
    endloop
  endfacet
  facet normal -0.995661 0.093057 0.000000
    outer loop
      vertex 14.6956 34.7786 2.3200
      vertex 14.6898 34.7164 4.4000
      vertex 14.6956 34.7786 4.4000
    endloop
  endfacet
  facet normal -0.976246 0.216664 0.000000
    outer loop
      vertex 14.6898 34.7164 2.3200
      vertex 14.6763 34.6553 2.3200
      vertex 14.6763 34.6553 4.4000
    endloop
  endfacet
  facet normal -0.976246 0.216664 0.000000
    outer loop
      vertex 14.6898 34.7164 2.3200
      vertex 14.6763 34.6553 4.4000
      vertex 14.6898 34.7164 4.4000
    endloop
  endfacet
  facet normal -0.941548 0.336878 0.000000
    outer loop
      vertex 14.6763 34.6553 2.3200
      vertex 14.6552 34.5964 2.3200
      vertex 14.6552 34.5964 4.4000
    endloop
  endfacet
  facet normal -0.941548 0.336878 0.000000
    outer loop
      vertex 14.6763 34.6553 2.3200
      vertex 14.6552 34.5964 4.4000
      vertex 14.6763 34.6553 4.4000
    endloop
  endfacet
  facet normal -0.892110 0.451819 0.000000
    outer loop
      vertex 14.6552 34.5964 2.3200
      vertex 14.6269 34.5406 2.3200
      vertex 14.6269 34.5406 4.4000
    endloop
  endfacet
  facet normal -0.892110 0.451819 0.000000
    outer loop
      vertex 14.6552 34.5964 2.3200
      vertex 14.6269 34.5406 4.4000
      vertex 14.6552 34.5964 4.4000
    endloop
  endfacet
  facet normal -0.828705 0.559686 0.000000
    outer loop
      vertex 14.6269 34.5406 2.3200
      vertex 14.5919 34.4887 2.3200
      vertex 14.5919 34.4887 4.4000
    endloop
  endfacet
  facet normal -0.828705 0.559686 0.000000
    outer loop
      vertex 14.6269 34.5406 2.3200
      vertex 14.5919 34.4887 4.4000
      vertex 14.6269 34.5406 4.4000
    endloop
  endfacet
  facet normal -0.792067 0.610434 0.000000
    outer loop
      vertex 14.5919 34.4887 2.3200
      vertex 14.3391 34.1606 2.3200
      vertex 14.3391 34.1606 4.4000
    endloop
  endfacet
  facet normal -0.792067 0.610434 0.000000
    outer loop
      vertex 14.5919 34.4887 2.3200
      vertex 14.3391 34.1606 4.4000
      vertex 14.5919 34.4887 4.4000
    endloop
  endfacet
  facet normal -0.747504 0.664257 0.000000
    outer loop
      vertex 14.3391 34.1606 2.3200
      vertex 14.2927 34.1084 2.3200
      vertex 14.2927 34.1084 4.4000
    endloop
  endfacet
  facet normal -0.747504 0.664257 0.000000
    outer loop
      vertex 14.3391 34.1606 2.3200
      vertex 14.2927 34.1084 4.4000
      vertex 14.3391 34.1606 4.4000
    endloop
  endfacet
  facet normal -0.647665 0.761925 0.000000
    outer loop
      vertex 14.2927 34.1084 2.3200
      vertex 14.2395 34.0632 2.3200
      vertex 14.2395 34.0632 4.4000
    endloop
  endfacet
  facet normal -0.647665 0.761925 0.000000
    outer loop
      vertex 14.2927 34.1084 2.3200
      vertex 14.2395 34.0632 4.4000
      vertex 14.2927 34.1084 4.4000
    endloop
  endfacet
  facet normal -0.535191 0.844731 0.000000
    outer loop
      vertex 14.2395 34.0632 2.3200
      vertex 14.1805 34.0258 2.3200
      vertex 14.1805 34.0258 4.4000
    endloop
  endfacet
  facet normal -0.535191 0.844731 0.000000
    outer loop
      vertex 14.2395 34.0632 2.3200
      vertex 14.1805 34.0258 4.4000
      vertex 14.2395 34.0632 4.4000
    endloop
  endfacet
  facet normal -0.412278 0.911058 0.000000
    outer loop
      vertex 14.1805 34.0258 2.3200
      vertex 14.1169 33.9970 2.3200
      vertex 14.1169 33.9970 4.4000
    endloop
  endfacet
  facet normal -0.412278 0.911058 0.000000
    outer loop
      vertex 14.1805 34.0258 2.3200
      vertex 14.1169 33.9970 4.4000
      vertex 14.1805 34.0258 4.4000
    endloop
  endfacet
  facet normal -0.281323 0.959613 0.000000
    outer loop
      vertex 14.1169 33.9970 2.3200
      vertex 14.0498 33.9774 2.3200
      vertex 14.0498 33.9774 4.4000
    endloop
  endfacet
  facet normal -0.281323 0.959613 0.000000
    outer loop
      vertex 14.1169 33.9970 2.3200
      vertex 14.0498 33.9774 4.4000
      vertex 14.1169 33.9970 4.4000
    endloop
  endfacet
  facet normal -0.213622 0.976916 0.000000
    outer loop
      vertex 14.0498 33.9774 2.3200
      vertex 12.9264 33.7317 2.3200
      vertex 12.9264 33.7317 4.4000
    endloop
  endfacet
  facet normal -0.213622 0.976916 0.000000
    outer loop
      vertex 14.0498 33.9774 2.3200
      vertex 12.9264 33.7317 4.4000
      vertex 14.0498 33.9774 4.4000
    endloop
  endfacet
  facet normal -0.154735 0.987956 0.000000
    outer loop
      vertex 12.9264 33.7317 2.3200
      vertex 12.8673 33.7225 2.3200
      vertex 12.8673 33.7225 4.4000
    endloop
  endfacet
  facet normal -0.154735 0.987956 0.000000
    outer loop
      vertex 12.9264 33.7317 2.3200
      vertex 12.8673 33.7225 4.4000
      vertex 12.9264 33.7317 4.4000
    endloop
  endfacet
  facet normal -0.035507 0.999369 0.000000
    outer loop
      vertex 12.8673 33.7225 2.3200
      vertex 12.8074 33.7203 2.3200
      vertex 12.8074 33.7203 4.4000
    endloop
  endfacet
  facet normal -0.035507 0.999369 0.000000
    outer loop
      vertex 12.8673 33.7225 2.3200
      vertex 12.8074 33.7203 4.4000
      vertex 12.8673 33.7225 4.4000
    endloop
  endfacet
  facet normal 0.024405 0.999702 0.000000
    outer loop
      vertex 12.8074 33.7203 2.3200
      vertex 12.2000 33.7352 2.3200
      vertex 12.2000 33.7352 4.4000
    endloop
  endfacet
  facet normal 0.024405 0.999702 -0.000000
    outer loop
      vertex 12.8074 33.7203 2.3200
      vertex 12.2000 33.7352 4.4000
      vertex 12.8074 33.7203 4.4000
    endloop
  endfacet
  facet normal 1.000000 0.000000 0.000000
    outer loop
      vertex 12.2000 33.7352 2.3200
      vertex 12.2000 34.0000 2.3200
      vertex 12.2000 34.0000 4.4000
    endloop
  endfacet
  facet normal 1.000000 0.000000 0.000000
    outer loop
      vertex 12.2000 33.7352 2.3200
      vertex 12.2000 34.0000 4.4000
      vertex 12.2000 33.7352 4.4000
    endloop
  endfacet
  facet normal 0.707107 0.707107 0.000000
    outer loop
      vertex 12.2000 34.0000 2.3200
      vertex 12.0000 34.2000 2.3200
      vertex 12.0000 34.2000 4.4000
    endloop
  endfacet
  facet normal 0.707107 0.707107 -0.000000
    outer loop
      vertex 12.2000 34.0000 2.3200
      vertex 12.0000 34.2000 4.4000
      vertex 12.2000 34.0000 4.4000
    endloop
  endfacet
  facet normal 1.000000 0.000000 0.000000
    outer loop
      vertex 12.0000 34.2000 2.3200
      vertex 12.0000 35.4000 2.3200
      vertex 12.0000 35.4000 4.4000
    endloop
  endfacet
  facet normal 1.000000 0.000000 0.000000
    outer loop
      vertex 12.0000 34.2000 2.3200
      vertex 12.0000 35.4000 4.4000
      vertex 12.0000 34.2000 4.4000
    endloop
  endfacet
  facet normal 0.707107 0.707107 0.000000
    outer loop
      vertex 12.0000 35.4000 2.3200
      vertex 11.8000 35.6000 2.3200
      vertex 11.8000 35.6000 4.4000
    endloop
  endfacet
  facet normal 0.707107 0.707107 -0.000000
    outer loop
      vertex 12.0000 35.4000 2.3200
      vertex 11.8000 35.6000 4.4000
      vertex 12.0000 35.4000 4.4000
    endloop
  endfacet
  facet normal 0.000000 1.000000 0.000000
    outer loop
      vertex 11.8000 35.6000 2.3200
      vertex 11.6000 35.6000 2.3200
      vertex 11.6000 35.6000 4.4000
    endloop
  endfacet
  facet normal 0.000000 1.000000 -0.000000
    outer loop
      vertex 11.8000 35.6000 2.3200
      vertex 11.6000 35.6000 4.4000
      vertex 11.8000 35.6000 4.4000
    endloop
  endfacet
  facet normal -0.707107 0.707107 0.000000
    outer loop
      vertex 11.6000 35.6000 2.3200
      vertex 11.2000 35.2000 2.3200
      vertex 11.2000 35.2000 4.4000
    endloop
  endfacet
  facet normal -0.707107 0.707107 0.000000
    outer loop
      vertex 11.6000 35.6000 2.3200
      vertex 11.2000 35.2000 4.4000
      vertex 11.6000 35.6000 4.4000
    endloop
  endfacet
  facet normal -1.000000 0.000000 0.000000
    outer loop
      vertex 11.2000 35.2000 2.3200
      vertex 11.2000 33.7596 2.3200
      vertex 11.2000 33.7596 4.4000
    endloop
  endfacet
  facet normal -1.000000 0.000000 0.000000
    outer loop
      vertex 11.2000 35.2000 2.3200
      vertex 11.2000 33.7596 4.4000
      vertex 11.2000 35.2000 4.4000
    endloop
  endfacet
  facet normal 0.024405 0.999702 0.000000
    outer loop
      vertex 11.2000 33.7596 2.3200
      vertex 10.9208 33.7664 2.3200
      vertex 10.9208 33.7664 4.4000
    endloop
  endfacet
  facet normal 0.024405 0.999702 -0.000000
    outer loop
      vertex 11.2000 33.7596 2.3200
      vertex 10.9208 33.7664 4.4000
      vertex 11.2000 33.7596 4.4000
    endloop
  endfacet
  facet normal 0.077619 0.996983 0.000000
    outer loop
      vertex 10.9208 33.7664 2.3200
      vertex 10.8677 33.7705 2.3200
      vertex 10.8677 33.7705 4.4000
    endloop
  endfacet
  facet normal 0.077619 0.996983 -0.000000
    outer loop
      vertex 10.9208 33.7664 2.3200
      vertex 10.8677 33.7705 4.4000
      vertex 10.9208 33.7664 4.4000
    endloop
  endfacet
  facet normal 0.130613 0.991433 0.000000
    outer loop
      vertex 10.8677 33.7705 2.3200
      vertex 8.5806 34.0718 2.3200
      vertex 8.5806 34.0718 4.4000
    endloop
  endfacet
  facet normal 0.130613 0.991433 -0.000000
    outer loop
      vertex 10.8677 33.7705 2.3200
      vertex 8.5806 34.0718 4.4000
      vertex 10.8677 33.7705 4.4000
    endloop
  endfacet
  facet normal 0.159746 0.987158 0.000000
    outer loop
      vertex 8.5806 34.0718 2.3200
      vertex 8.5515 34.0765 2.3200
      vertex 8.5515 34.0765 4.4000
    endloop
  endfacet
  facet normal 0.159746 0.987158 -0.000000
    outer loop
      vertex 8.5806 34.0718 2.3200
      vertex 8.5515 34.0765 4.4000
      vertex 8.5806 34.0718 4.4000
    endloop
  endfacet
  facet normal 0.188740 0.982027 0.000000
    outer loop
      vertex 8.5515 34.0765 2.3200
      vertex 6.1354 34.5409 2.3200
      vertex 6.1354 34.5409 4.4000
    endloop
  endfacet
  facet normal 0.188740 0.982027 -0.000000
    outer loop
      vertex 8.5515 34.0765 2.3200
      vertex 6.1354 34.5409 4.4000
      vertex 8.5515 34.0765 4.4000
    endloop
  endfacet
  facet normal 0.206918 0.978358 0.000000
    outer loop
      vertex 6.1354 34.5409 2.3200
      vertex 6.1173 34.5447 2.3200
      vertex 6.1173 34.5447 4.4000
    endloop
  endfacet
  facet normal 0.206918 0.978358 -0.000000
    outer loop
      vertex 6.1354 34.5409 2.3200
      vertex 6.1173 34.5447 4.4000
      vertex 6.1354 34.5409 4.4000
    endloop
  endfacet
  facet normal 0.225026 0.974353 0.000000
    outer loop
      vertex 6.1173 34.5447 2.3200
      vertex 3.8649 35.0649 2.3200
      vertex 3.8649 35.0649 4.4000
    endloop
  endfacet
  facet normal 0.225026 0.974353 -0.000000
    outer loop
      vertex 6.1173 34.5447 2.3200
      vertex 3.8649 35.0649 4.4000
      vertex 6.1173 34.5447 4.4000
    endloop
  endfacet
  facet normal 0.707107 -0.707107 0.000000
    outer loop
      vertex 3.8649 35.0649 2.3200
      vertex 4.0000 35.2000 2.3200
      vertex 4.0000 35.2000 4.4000
    endloop
  endfacet
  facet normal 0.707107 -0.707107 0.000000
    outer loop
      vertex 3.8649 35.0649 2.3200
      vertex 4.0000 35.2000 4.4000
      vertex 3.8649 35.0649 4.4000
    endloop
  endfacet
  facet normal 0.000000 0.000000 -1.000000
    outer loop
      vertex 3.4000 57.6000 4.4000
      vertex 8.4000 47.6000 4.4000
      vertex 3.4000 42.0000 4.4000
    endloop
  endfacet
  facet normal 0.000000 0.000000 1.000000
    outer loop
      vertex 3.4000 42.0000 2.3200
      vertex 8.4000 47.6000 2.3200
      vertex 3.4000 57.6000 2.3200
    endloop
  endfacet
  facet normal 0.000000 0.000000 -1.000000
    outer loop
      vertex 3.4000 57.6000 4.4000
      vertex 8.4000 52.2000 4.4000
      vertex 8.4000 47.6000 4.4000
    endloop
  endfacet
  facet normal 0.000000 -0.000000 1.000000
    outer loop
      vertex 8.4000 47.6000 2.3200
      vertex 8.4000 52.2000 2.3200
      vertex 3.4000 57.6000 2.3200
    endloop
  endfacet
  facet normal 0.000000 0.000000 -1.000000
    outer loop
      vertex 3.4000 57.6000 4.4000
      vertex 8.4000 53.6000 4.4000
      vertex 8.4000 52.2000 4.4000
    endloop
  endfacet
  facet normal 0.000000 -0.000000 1.000000
    outer loop
      vertex 8.4000 52.2000 2.3200
      vertex 8.4000 53.6000 2.3200
      vertex 3.4000 57.6000 2.3200
    endloop
  endfacet
  facet normal 0.000000 0.000000 -1.000000
    outer loop
      vertex 3.4000 57.6000 4.4000
      vertex 3.8000 57.8000 4.4000
      vertex 8.4000 53.6000 4.4000
    endloop
  endfacet
  facet normal 0.000000 0.000000 1.000000
    outer loop
      vertex 8.4000 53.6000 2.3200
      vertex 3.8000 57.8000 2.3200
      vertex 3.4000 57.6000 2.3200
    endloop
  endfacet
  facet normal 0.000000 0.000000 -1.000000
    outer loop
      vertex 3.4000 57.6000 4.4000
      vertex 3.6000 57.8000 4.4000
      vertex 3.8000 57.8000 4.4000
    endloop
  endfacet
  facet normal 0.000000 0.000000 1.000000
    outer loop
      vertex 3.8000 57.8000 2.3200
      vertex 3.6000 57.8000 2.3200
      vertex 3.4000 57.6000 2.3200
    endloop
  endfacet
  facet normal 0.000000 -0.000000 -1.000000
    outer loop
      vertex 4.0000 58.0000 4.4000
      vertex 8.4000 53.6000 4.4000
      vertex 3.8000 57.8000 4.4000
    endloop
  endfacet
  facet normal -0.000000 0.000000 1.000000
    outer loop
      vertex 3.8000 57.8000 2.3200
      vertex 8.4000 53.6000 2.3200
      vertex 4.0000 58.0000 2.3200
    endloop
  endfacet
  facet normal 0.000000 0.000000 -1.000000
    outer loop
      vertex 4.0000 58.0000 4.4000
      vertex 8.6000 53.8000 4.4000
      vertex 8.4000 53.6000 4.4000
    endloop
  endfacet
  facet normal 0.000000 -0.000000 1.000000
    outer loop
      vertex 8.4000 53.6000 2.3200
      vertex 8.6000 53.8000 2.3200
      vertex 4.0000 58.0000 2.3200
    endloop
  endfacet
  facet normal 0.000000 0.000000 -1.000000
    outer loop
      vertex 4.0000 58.0000 4.4000
      vertex 9.6000 58.0000 4.4000
      vertex 8.6000 53.8000 4.4000
    endloop
  endfacet
  facet normal 0.000000 -0.000000 1.000000
    outer loop
      vertex 8.6000 53.8000 2.3200
      vertex 9.6000 58.0000 2.3200
      vertex 4.0000 58.0000 2.3200
    endloop
  endfacet
  facet normal 0.000000 -0.000000 -1.000000
    outer loop
      vertex 9.6000 58.0000 4.4000
      vertex 9.8000 57.8000 4.4000
      vertex 8.6000 53.8000 4.4000
    endloop
  endfacet
  facet normal 0.000000 0.000000 1.000000
    outer loop
      vertex 8.6000 53.8000 2.3200
      vertex 9.8000 57.8000 2.3200
      vertex 9.6000 58.0000 2.3200
    endloop
  endfacet
  facet normal 0.000000 0.000000 -1.000000
    outer loop
      vertex 13.8000 58.0000 4.4000
      vertex 13.2000 55.8000 4.4000
      vertex 13.6000 57.8000 4.4000
    endloop
  endfacet
  facet normal -0.000000 0.000000 1.000000
    outer loop
      vertex 13.6000 57.8000 2.3200
      vertex 13.2000 55.8000 2.3200
      vertex 13.8000 58.0000 2.3200
    endloop
  endfacet
  facet normal 0.000000 -0.000000 -1.000000
    outer loop
      vertex 13.8000 58.0000 4.4000
      vertex 19.4000 58.0000 4.4000
      vertex 13.2000 55.8000 4.4000
    endloop
  endfacet
  facet normal 0.000000 0.000000 1.000000
    outer loop
      vertex 13.2000 55.8000 2.3200
      vertex 19.4000 58.0000 2.3200
      vertex 13.8000 58.0000 2.3200
    endloop
  endfacet
  facet normal 0.000000 -0.000000 -1.000000
    outer loop
      vertex 19.4000 58.0000 4.4000
      vertex 19.6000 57.8000 4.4000
      vertex 13.2000 55.8000 4.4000
    endloop
  endfacet
  facet normal 0.000000 0.000000 1.000000
    outer loop
      vertex 13.2000 55.8000 2.3200
      vertex 19.6000 57.8000 2.3200
      vertex 19.4000 58.0000 2.3200
    endloop
  endfacet
  facet normal -0.000000 -0.000000 -1.000000
    outer loop
      vertex 20.6000 57.8000 4.4000
      vertex 20.8000 57.6000 4.4000
      vertex 19.6000 57.8000 4.4000
    endloop
  endfacet
  facet normal -0.000000 0.000000 1.000000
    outer loop
      vertex 19.6000 57.8000 2.3200
      vertex 20.8000 57.6000 2.3200
      vertex 20.6000 57.8000 2.3200
    endloop
  endfacet
  facet normal -0.000000 -0.000000 -1.000000
    outer loop
      vertex 21.4000 57.4000 4.4000
      vertex 21.6000 57.2000 4.4000
      vertex 21.2000 57.4000 4.4000
    endloop
  endfacet
  facet normal -0.000000 0.000000 1.000000
    outer loop
      vertex 21.2000 57.4000 2.3200
      vertex 21.6000 57.2000 2.3200
      vertex 21.4000 57.4000 2.3200
    endloop
  endfacet
  facet normal -0.000000 -0.000000 -1.000000
    outer loop
      vertex 21.8000 57.2000 4.4000
      vertex 22.6000 56.2000 4.4000
      vertex 21.6000 57.2000 4.4000
    endloop
  endfacet
  facet normal -0.000000 0.000000 1.000000
    outer loop
      vertex 21.6000 57.2000 2.3200
      vertex 22.6000 56.2000 2.3200
      vertex 21.8000 57.2000 2.3200
    endloop
  endfacet
  facet normal 0.000000 0.000000 -1.000000
    outer loop
      vertex 21.8000 57.2000 4.4000
      vertex 22.6000 56.4000 4.4000
      vertex 22.6000 56.2000 4.4000
    endloop
  endfacet
  facet normal 0.000000 -0.000000 1.000000
    outer loop
      vertex 22.6000 56.2000 2.3200
      vertex 22.6000 56.4000 2.3200
      vertex 21.8000 57.2000 2.3200
    endloop
  endfacet
  facet normal -0.000000 -0.000000 -1.000000
    outer loop
      vertex 23.0000 55.6000 4.4000
      vertex 23.0000 55.0000 4.4000
      vertex 22.8000 55.8000 4.4000
    endloop
  endfacet
  facet normal 0.000000 0.000000 1.000000
    outer loop
      vertex 22.8000 55.8000 2.3200
      vertex 23.0000 55.0000 2.3200
      vertex 23.0000 55.6000 2.3200
    endloop
  endfacet
  facet normal -0.000000 0.000000 -1.000000
    outer loop
      vertex 23.2000 54.8000 4.4000
      vertex 23.0000 51.6000 4.4000
      vertex 23.0000 55.0000 4.4000
    endloop
  endfacet
  facet normal 0.000000 0.000000 1.000000
    outer loop
      vertex 23.0000 55.0000 2.3200
      vertex 23.0000 51.6000 2.3200
      vertex 23.2000 54.8000 2.3200
    endloop
  endfacet
  facet normal 0.000000 -0.000000 -1.000000
    outer loop
      vertex 23.2000 54.8000 4.4000
      vertex 23.2000 51.8000 4.4000
      vertex 23.0000 51.6000 4.4000
    endloop
  endfacet
  facet normal 0.000000 0.000000 1.000000
    outer loop
      vertex 23.0000 51.6000 2.3200
      vertex 23.2000 51.8000 2.3200
      vertex 23.2000 54.8000 2.3200
    endloop
  endfacet
  facet normal 0.000000 0.000000 -1.000000
    outer loop
      vertex 23.0000 41.8000 4.4000
      vertex 22.8000 41.8000 4.4000
      vertex 23.2000 42.0000 4.4000
    endloop
  endfacet
  facet normal 0.000000 0.000000 1.000000
    outer loop
      vertex 23.2000 42.0000 2.3200
      vertex 22.8000 41.8000 2.3200
      vertex 23.0000 41.8000 2.3200
    endloop
  endfacet
  facet normal 0.000000 0.000000 -1.000000
    outer loop
      vertex 22.6000 41.6000 4.4000
      vertex 19.0000 41.6000 4.4000
      vertex 22.8000 41.8000 4.4000
    endloop
  endfacet
  facet normal 0.000000 0.000000 1.000000
    outer loop
      vertex 22.8000 41.8000 2.3200
      vertex 19.0000 41.6000 2.3200
      vertex 22.6000 41.6000 2.3200
    endloop
  endfacet
  facet normal 0.000000 0.000000 -1.000000
    outer loop
      vertex 19.0000 41.6000 4.4000
      vertex 18.8000 41.8000 4.4000
      vertex 22.8000 41.8000 4.4000
    endloop
  endfacet
  facet normal 0.000000 0.000000 1.000000
    outer loop
      vertex 22.8000 41.8000 2.3200
      vertex 18.8000 41.8000 2.3200
      vertex 19.0000 41.6000 2.3200
    endloop
  endfacet
  facet normal 0.000000 0.000000 -1.000000
    outer loop
      vertex 17.6000 41.6000 4.4000
      vertex 13.6000 41.8000 4.4000
      vertex 17.8000 41.8000 4.4000
    endloop
  endfacet
  facet normal 0.000000 0.000000 1.000000
    outer loop
      vertex 17.8000 41.8000 2.3200
      vertex 13.6000 41.8000 2.3200
      vertex 17.6000 41.6000 2.3200
    endloop
  endfacet
  facet normal 0.000000 0.000000 -1.000000
    outer loop
      vertex 17.6000 41.6000 4.4000
      vertex 13.8000 41.6000 4.4000
      vertex 13.6000 41.8000 4.4000
    endloop
  endfacet
  facet normal 0.000000 0.000000 1.000000
    outer loop
      vertex 13.6000 41.8000 2.3200
      vertex 13.8000 41.6000 2.3200
      vertex 17.6000 41.6000 2.3200
    endloop
  endfacet
  facet normal 0.000000 0.000000 -1.000000
    outer loop
      vertex 7.8000 41.6000 4.4000
      vertex 4.0000 41.6000 4.4000
      vertex 8.0000 41.8000 4.4000
    endloop
  endfacet
  facet normal 0.000000 0.000000 1.000000
    outer loop
      vertex 8.0000 41.8000 2.3200
      vertex 4.0000 41.6000 2.3200
      vertex 7.8000 41.6000 2.3200
    endloop
  endfacet
  facet normal 0.000000 0.000000 -1.000000
    outer loop
      vertex 4.0000 41.6000 4.4000
      vertex 3.8000 41.8000 4.4000
      vertex 8.0000 41.8000 4.4000
    endloop
  endfacet
  facet normal 0.000000 0.000000 1.000000
    outer loop
      vertex 8.0000 41.8000 2.3200
      vertex 3.8000 41.8000 2.3200
      vertex 4.0000 41.6000 2.3200
    endloop
  endfacet
  facet normal 0.000000 0.000000 -1.000000
    outer loop
      vertex 3.6000 41.8000 4.4000
      vertex 3.4000 42.0000 4.4000
      vertex 3.8000 41.8000 4.4000
    endloop
  endfacet
  facet normal 0.000000 0.000000 1.000000
    outer loop
      vertex 3.8000 41.8000 2.3200
      vertex 3.4000 42.0000 2.3200
      vertex 3.6000 41.8000 2.3200
    endloop
  endfacet
  facet normal 0.000000 0.000000 -1.000000
    outer loop
      vertex 3.4000 42.0000 4.4000
      vertex 8.4000 47.6000 4.4000
      vertex 3.8000 41.8000 4.4000
    endloop
  endfacet
  facet normal 0.000000 -0.000000 1.000000
    outer loop
      vertex 3.8000 41.8000 2.3200
      vertex 8.4000 47.6000 2.3200
      vertex 3.4000 42.0000 2.3200
    endloop
  endfacet
  facet normal 0.000000 0.000000 -1.000000
    outer loop
      vertex 8.4000 47.6000 4.4000
      vertex 8.0000 41.8000 4.4000
      vertex 3.8000 41.8000 4.4000
    endloop
  endfacet
  facet normal 0.000000 0.000000 1.000000
    outer loop
      vertex 3.8000 41.8000 2.3200
      vertex 8.0000 41.8000 2.3200
      vertex 8.4000 47.6000 2.3200
    endloop
  endfacet
  facet normal 0.000000 -0.000000 -1.000000
    outer loop
      vertex 8.4000 47.6000 4.4000
      vertex 8.4000 42.0000 4.4000
      vertex 8.0000 41.8000 4.4000
    endloop
  endfacet
  facet normal 0.000000 0.000000 1.000000
    outer loop
      vertex 8.0000 41.8000 2.3200
      vertex 8.4000 42.0000 2.3200
      vertex 8.4000 47.6000 2.3200
    endloop
  endfacet
  facet normal 0.000000 0.000000 -1.000000
    outer loop
      vertex 8.4000 47.6000 4.4000
      vertex 8.4000 52.2000 4.4000
      vertex 8.6000 47.8000 4.4000
    endloop
  endfacet
  facet normal 0.000000 0.000000 1.000000
    outer loop
      vertex 8.6000 47.8000 2.3200
      vertex 8.4000 52.2000 2.3200
      vertex 8.4000 47.6000 2.3200
    endloop
  endfacet
  facet normal 0.000000 0.000000 -1.000000
    outer loop
      vertex 8.4000 52.2000 4.4000
      vertex 8.6000 52.0000 4.4000
      vertex 8.6000 47.8000 4.4000
    endloop
  endfacet
  facet normal 0.000000 -0.000000 1.000000
    outer loop
      vertex 8.6000 47.8000 2.3200
      vertex 8.6000 52.0000 2.3200
      vertex 8.4000 52.2000 2.3200
    endloop
  endfacet
  facet normal 0.000000 0.000000 -1.000000
    outer loop
      vertex 8.6000 53.8000 4.4000
      vertex 11.2000 57.4000 4.4000
      vertex 8.8000 53.6000 4.4000
    endloop
  endfacet
  facet normal 0.000000 -0.000000 1.000000
    outer loop
      vertex 8.8000 53.6000 2.3200
      vertex 11.2000 57.4000 2.3200
      vertex 8.6000 53.8000 2.3200
    endloop
  endfacet
  facet normal 0.000000 0.000000 -1.000000
    outer loop
      vertex 8.6000 53.8000 4.4000
      vertex 10.8000 57.6000 4.4000
      vertex 11.2000 57.4000 4.4000
    endloop
  endfacet
  facet normal 0.000000 0.000000 1.000000
    outer loop
      vertex 11.2000 57.4000 2.3200
      vertex 10.8000 57.6000 2.3200
      vertex 8.6000 53.8000 2.3200
    endloop
  endfacet
  facet normal 0.000000 0.000000 -1.000000
    outer loop
      vertex 8.6000 53.8000 4.4000
      vertex 9.8000 57.8000 4.4000
      vertex 10.8000 57.6000 4.4000
    endloop
  endfacet
  facet normal 0.000000 0.000000 1.000000
    outer loop
      vertex 10.8000 57.6000 2.3200
      vertex 9.8000 57.8000 2.3200
      vertex 8.6000 53.8000 2.3200
    endloop
  endfacet
  facet normal 0.000000 0.000000 -1.000000
    outer loop
      vertex 9.8000 57.8000 4.4000
      vertex 10.6000 57.8000 4.4000
      vertex 10.8000 57.6000 4.4000
    endloop
  endfacet
  facet normal 0.000000 0.000000 1.000000
    outer loop
      vertex 10.8000 57.6000 2.3200
      vertex 10.6000 57.8000 2.3200
      vertex 9.8000 57.8000 2.3200
    endloop
  endfacet
  facet normal 0.000000 -0.000000 -1.000000
    outer loop
      vertex 13.4000 57.8000 4.4000
      vertex 13.6000 57.8000 4.4000
      vertex 13.2000 57.6000 4.4000
    endloop
  endfacet
  facet normal 0.000000 0.000000 1.000000
    outer loop
      vertex 13.2000 57.6000 2.3200
      vertex 13.6000 57.8000 2.3200
      vertex 13.4000 57.8000 2.3200
    endloop
  endfacet
  facet normal 0.000000 0.000000 -1.000000
    outer loop
      vertex 13.6000 57.8000 4.4000
      vertex 13.2000 55.8000 4.4000
      vertex 13.2000 57.6000 4.4000
    endloop
  endfacet
  facet normal -0.000000 0.000000 1.000000
    outer loop
      vertex 13.2000 57.6000 2.3200
      vertex 13.2000 55.8000 2.3200
      vertex 13.6000 57.8000 2.3200
    endloop
  endfacet
  facet normal 0.000000 0.000000 -1.000000
    outer loop
      vertex 13.2000 55.8000 4.4000
      vertex 13.0000 50.0000 4.4000
      vertex 13.0000 55.6000 4.4000
    endloop
  endfacet
  facet normal -0.000000 0.000000 1.000000
    outer loop
      vertex 13.0000 55.6000 2.3200
      vertex 13.0000 50.0000 2.3200
      vertex 13.2000 55.8000 2.3200
    endloop
  endfacet
  facet normal 0.000000 -0.000000 -1.000000
    outer loop
      vertex 13.2000 55.8000 4.4000
      vertex 13.2000 49.8000 4.4000
      vertex 13.0000 50.0000 4.4000
    endloop
  endfacet
  facet normal -0.000000 0.000000 1.000000
    outer loop
      vertex 13.0000 50.0000 2.3200
      vertex 13.2000 49.8000 2.3200
      vertex 13.2000 55.8000 2.3200
    endloop
  endfacet
  facet normal 0.000000 0.000000 -1.000000
    outer loop
      vertex 13.2000 55.8000 4.4000
      vertex 22.2000 50.2000 4.4000
      vertex 13.2000 49.8000 4.4000
    endloop
  endfacet
  facet normal 0.000000 0.000000 1.000000
    outer loop
      vertex 13.2000 49.8000 2.3200
      vertex 22.2000 50.2000 2.3200
      vertex 13.2000 55.8000 2.3200
    endloop
  endfacet
  facet normal 0.000000 0.000000 -1.000000
    outer loop
      vertex 13.2000 55.8000 4.4000
      vertex 19.6000 57.8000 4.4000
      vertex 22.2000 50.2000 4.4000
    endloop
  endfacet
  facet normal 0.000000 0.000000 1.000000
    outer loop
      vertex 22.2000 50.2000 2.3200
      vertex 19.6000 57.8000 2.3200
      vertex 13.2000 55.8000 2.3200
    endloop
  endfacet
  facet normal 0.000000 0.000000 -1.000000
    outer loop
      vertex 19.6000 57.8000 4.4000
      vertex 23.0000 51.6000 4.4000
      vertex 22.2000 50.2000 4.4000
    endloop
  endfacet
  facet normal 0.000000 -0.000000 1.000000
    outer loop
      vertex 22.2000 50.2000 2.3200
      vertex 23.0000 51.6000 2.3200
      vertex 19.6000 57.8000 2.3200
    endloop
  endfacet
  facet normal 0.000000 0.000000 -1.000000
    outer loop
      vertex 19.6000 57.8000 4.4000
      vertex 23.0000 55.0000 4.4000
      vertex 23.0000 51.6000 4.4000
    endloop
  endfacet
  facet normal 0.000000 -0.000000 1.000000
    outer loop
      vertex 23.0000 51.6000 2.3200
      vertex 23.0000 55.0000 2.3200
      vertex 19.6000 57.8000 2.3200
    endloop
  endfacet
  facet normal 0.000000 0.000000 -1.000000
    outer loop
      vertex 19.6000 57.8000 4.4000
      vertex 21.2000 57.4000 4.4000
      vertex 23.0000 55.0000 4.4000
    endloop
  endfacet
  facet normal 0.000000 0.000000 1.000000
    outer loop
      vertex 23.0000 55.0000 2.3200
      vertex 21.2000 57.4000 2.3200
      vertex 19.6000 57.8000 2.3200
    endloop
  endfacet
  facet normal 0.000000 0.000000 -1.000000
    outer loop
      vertex 19.6000 57.8000 4.4000
      vertex 20.8000 57.6000 4.4000
      vertex 21.2000 57.4000 4.4000
    endloop
  endfacet
  facet normal 0.000000 0.000000 1.000000
    outer loop
      vertex 21.2000 57.4000 2.3200
      vertex 20.8000 57.6000 2.3200
      vertex 19.6000 57.8000 2.3200
    endloop
  endfacet
  facet normal 0.000000 0.000000 -1.000000
    outer loop
      vertex 20.8000 57.6000 4.4000
      vertex 21.0000 57.6000 4.4000
      vertex 21.2000 57.4000 4.4000
    endloop
  endfacet
  facet normal 0.000000 0.000000 1.000000
    outer loop
      vertex 21.2000 57.4000 2.3200
      vertex 21.0000 57.6000 2.3200
      vertex 20.8000 57.6000 2.3200
    endloop
  endfacet
  facet normal 0.000000 0.000000 -1.000000
    outer loop
      vertex 21.2000 57.4000 4.4000
      vertex 21.6000 57.2000 4.4000
      vertex 23.0000 55.0000 4.4000
    endloop
  endfacet
  facet normal 0.000000 0.000000 1.000000
    outer loop
      vertex 23.0000 55.0000 2.3200
      vertex 21.6000 57.2000 2.3200
      vertex 21.2000 57.4000 2.3200
    endloop
  endfacet
  facet normal 0.000000 0.000000 -1.000000
    outer loop
      vertex 21.6000 57.2000 4.4000
      vertex 22.8000 55.8000 4.4000
      vertex 23.0000 55.0000 4.4000
    endloop
  endfacet
  facet normal 0.000000 0.000000 1.000000
    outer loop
      vertex 23.0000 55.0000 2.3200
      vertex 22.8000 55.8000 2.3200
      vertex 21.6000 57.2000 2.3200
    endloop
  endfacet
  facet normal 0.000000 0.000000 -1.000000
    outer loop
      vertex 21.6000 57.2000 4.4000
      vertex 22.6000 56.2000 4.4000
      vertex 22.8000 55.8000 4.4000
    endloop
  endfacet
  facet normal 0.000000 0.000000 1.000000
    outer loop
      vertex 22.8000 55.8000 2.3200
      vertex 22.6000 56.2000 2.3200
      vertex 21.6000 57.2000 2.3200
    endloop
  endfacet
  facet normal 0.000000 0.000000 -1.000000
    outer loop
      vertex 22.6000 56.2000 4.4000
      vertex 22.8000 56.0000 4.4000
      vertex 22.8000 55.8000 4.4000
    endloop
  endfacet
  facet normal 0.000000 -0.000000 1.000000
    outer loop
      vertex 22.8000 55.8000 2.3200
      vertex 22.8000 56.0000 2.3200
      vertex 22.6000 56.2000 2.3200
    endloop
  endfacet
  facet normal 0.000000 0.000000 -1.000000
    outer loop
      vertex 23.0000 51.6000 4.4000
      vertex 22.8000 51.0000 4.4000
      vertex 22.2000 50.2000 4.4000
    endloop
  endfacet
  facet normal 0.000000 0.000000 1.000000
    outer loop
      vertex 22.2000 50.2000 2.3200
      vertex 22.8000 51.0000 2.3200
      vertex 23.0000 51.6000 2.3200
    endloop
  endfacet
  facet normal 0.000000 -0.000000 -1.000000
    outer loop
      vertex 23.0000 51.6000 4.4000
      vertex 23.0000 51.2000 4.4000
      vertex 22.8000 51.0000 4.4000
    endloop
  endfacet
  facet normal 0.000000 0.000000 1.000000
    outer loop
      vertex 22.8000 51.0000 2.3200
      vertex 23.0000 51.2000 2.3200
      vertex 23.0000 51.6000 2.3200
    endloop
  endfacet
  facet normal -0.000000 0.000000 -1.000000
    outer loop
      vertex 23.2000 48.6000 4.4000
      vertex 18.4000 42.0000 4.4000
      vertex 23.0000 48.8000 4.4000
    endloop
  endfacet
  facet normal 0.000000 0.000000 1.000000
    outer loop
      vertex 23.0000 48.8000 2.3200
      vertex 18.4000 42.0000 2.3200
      vertex 23.2000 48.6000 2.3200
    endloop
  endfacet
  facet normal 0.000000 0.000000 -1.000000
    outer loop
      vertex 23.2000 48.6000 4.4000
      vertex 18.8000 41.8000 4.4000
      vertex 18.4000 42.0000 4.4000
    endloop
  endfacet
  facet normal -0.000000 0.000000 1.000000
    outer loop
      vertex 18.4000 42.0000 2.3200
      vertex 18.8000 41.8000 2.3200
      vertex 23.2000 48.6000 2.3200
    endloop
  endfacet
  facet normal 0.000000 0.000000 -1.000000
    outer loop
      vertex 23.2000 48.6000 4.4000
      vertex 22.8000 41.8000 4.4000
      vertex 18.8000 41.8000 4.4000
    endloop
  endfacet
  facet normal 0.000000 0.000000 1.000000
    outer loop
      vertex 18.8000 41.8000 2.3200
      vertex 22.8000 41.8000 2.3200
      vertex 23.2000 48.6000 2.3200
    endloop
  endfacet
  facet normal 0.000000 -0.000000 -1.000000
    outer loop
      vertex 23.2000 48.6000 4.4000
      vertex 23.2000 42.0000 4.4000
      vertex 22.8000 41.8000 4.4000
    endloop
  endfacet
  facet normal 0.000000 0.000000 1.000000
    outer loop
      vertex 22.8000 41.8000 2.3200
      vertex 23.2000 42.0000 2.3200
      vertex 23.2000 48.6000 2.3200
    endloop
  endfacet
  facet normal 0.000000 0.000000 -1.000000
    outer loop
      vertex 18.8000 41.8000 4.4000
      vertex 18.6000 41.8000 4.4000
      vertex 18.4000 42.0000 4.4000
    endloop
  endfacet
  facet normal 0.000000 0.000000 1.000000
    outer loop
      vertex 18.4000 42.0000 2.3200
      vertex 18.6000 41.8000 2.3200
      vertex 18.8000 41.8000 2.3200
    endloop
  endfacet
  facet normal 0.000000 0.000000 -1.000000
    outer loop
      vertex 18.0000 41.8000 4.4000
      vertex 17.8000 41.8000 4.4000
      vertex 18.2000 42.0000 4.4000
    endloop
  endfacet
  facet normal 0.000000 0.000000 1.000000
    outer loop
      vertex 18.2000 42.0000 2.3200
      vertex 17.8000 41.8000 2.3200
      vertex 18.0000 41.8000 2.3200
    endloop
  endfacet
  facet normal 0.000000 0.000000 -1.000000
    outer loop
      vertex 13.6000 41.8000 4.4000
      vertex 13.4000 41.8000 4.4000
      vertex 13.2000 42.0000 4.4000
    endloop
  endfacet
  facet normal 0.000000 0.000000 1.000000
    outer loop
      vertex 13.2000 42.0000 2.3200
      vertex 13.4000 41.8000 2.3200
      vertex 13.6000 41.8000 2.3200
    endloop
  endfacet
  facet normal 0.000000 0.000000 -1.000000
    outer loop
      vertex 8.2000 41.8000 4.4000
      vertex 8.0000 41.8000 4.4000
      vertex 8.4000 42.0000 4.4000
    endloop
  endfacet
  facet normal 0.000000 0.000000 1.000000
    outer loop
      vertex 8.4000 42.0000 2.3200
      vertex 8.0000 41.8000 2.3200
      vertex 8.2000 41.8000 2.3200
    endloop
  endfacet
  facet normal 0.000000 0.000000 -1.000000
    outer loop
      vertex 10.2000 47.8000 4.4000
      vertex 8.6000 47.8000 4.4000
      vertex 10.4000 48.0000 4.4000
    endloop
  endfacet
  facet normal 0.000000 0.000000 1.000000
    outer loop
      vertex 10.4000 48.0000 2.3200
      vertex 8.6000 47.8000 2.3200
      vertex 10.2000 47.8000 2.3200
    endloop
  endfacet
  facet normal 0.000000 0.000000 -1.000000
    outer loop
      vertex 8.6000 47.8000 4.4000
      vertex 8.6000 52.0000 4.4000
      vertex 10.4000 48.0000 4.4000
    endloop
  endfacet
  facet normal 0.000000 0.000000 1.000000
    outer loop
      vertex 10.4000 48.0000 2.3200
      vertex 8.6000 52.0000 2.3200
      vertex 8.6000 47.8000 2.3200
    endloop
  endfacet
  facet normal 0.000000 0.000000 -1.000000
    outer loop
      vertex 8.6000 52.0000 4.4000
      vertex 11.0000 48.2000 4.4000
      vertex 10.4000 48.0000 4.4000
    endloop
  endfacet
  facet normal 0.000000 -0.000000 1.000000
    outer loop
      vertex 10.4000 48.0000 2.3200
      vertex 11.0000 48.2000 2.3200
      vertex 8.6000 52.0000 2.3200
    endloop
  endfacet
  facet normal 0.000000 0.000000 -1.000000
    outer loop
      vertex 8.6000 52.0000 4.4000
      vertex 8.8000 52.2000 4.4000
      vertex 11.0000 48.2000 4.4000
    endloop
  endfacet
  facet normal 0.000000 0.000000 1.000000
    outer loop
      vertex 11.0000 48.2000 2.3200
      vertex 8.8000 52.2000 2.3200
      vertex 8.6000 52.0000 2.3200
    endloop
  endfacet
  facet normal 0.000000 0.000000 -1.000000
    outer loop
      vertex 8.8000 52.2000 4.4000
      vertex 12.8000 49.8000 4.4000
      vertex 11.0000 48.2000 4.4000
    endloop
  endfacet
  facet normal 0.000000 -0.000000 1.000000
    outer loop
      vertex 11.0000 48.2000 2.3200
      vertex 12.8000 49.8000 2.3200
      vertex 8.8000 52.2000 2.3200
    endloop
  endfacet
  facet normal 0.000000 0.000000 -1.000000
    outer loop
      vertex 8.8000 52.2000 4.4000
      vertex 13.0000 50.0000 4.4000
      vertex 12.8000 49.8000 4.4000
    endloop
  endfacet
  facet normal 0.000000 -0.000000 1.000000
    outer loop
      vertex 12.8000 49.8000 2.3200
      vertex 13.0000 50.0000 2.3200
      vertex 8.8000 52.2000 2.3200
    endloop
  endfacet
  facet normal 0.000000 0.000000 -1.000000
    outer loop
      vertex 8.8000 52.2000 4.4000
      vertex 13.0000 55.6000 4.4000
      vertex 13.0000 50.0000 4.4000
    endloop
  endfacet
  facet normal 0.000000 -0.000000 1.000000
    outer loop
      vertex 13.0000 50.0000 2.3200
      vertex 13.0000 55.6000 2.3200
      vertex 8.8000 52.2000 2.3200
    endloop
  endfacet
  facet normal 0.000000 0.000000 -1.000000
    outer loop
      vertex 8.8000 52.2000 4.4000
      vertex 8.8000 53.6000 4.4000
      vertex 13.0000 55.6000 4.4000
    endloop
  endfacet
  facet normal 0.000000 0.000000 1.000000
    outer loop
      vertex 13.0000 55.6000 2.3200
      vertex 8.8000 53.6000 2.3200
      vertex 8.8000 52.2000 2.3200
    endloop
  endfacet
  facet normal 0.000000 0.000000 -1.000000
    outer loop
      vertex 8.8000 53.6000 4.4000
      vertex 12.8000 55.8000 4.4000
      vertex 13.0000 55.6000 4.4000
    endloop
  endfacet
  facet normal 0.000000 0.000000 1.000000
    outer loop
      vertex 13.0000 55.6000 2.3200
      vertex 12.8000 55.8000 2.3200
      vertex 8.8000 53.6000 2.3200
    endloop
  endfacet
  facet normal 0.000000 0.000000 -1.000000
    outer loop
      vertex 8.8000 53.6000 4.4000
      vertex 12.6000 56.2000 4.4000
      vertex 12.8000 55.8000 4.4000
    endloop
  endfacet
  facet normal 0.000000 0.000000 1.000000
    outer loop
      vertex 12.8000 55.8000 2.3200
      vertex 12.6000 56.2000 2.3200
      vertex 8.8000 53.6000 2.3200
    endloop
  endfacet
  facet normal 0.000000 0.000000 -1.000000
    outer loop
      vertex 8.8000 53.6000 4.4000
      vertex 11.6000 57.2000 4.4000
      vertex 12.6000 56.2000 4.4000
    endloop
  endfacet
  facet normal 0.000000 0.000000 1.000000
    outer loop
      vertex 12.6000 56.2000 2.3200
      vertex 11.6000 57.2000 2.3200
      vertex 8.8000 53.6000 2.3200
    endloop
  endfacet
  facet normal 0.000000 0.000000 -1.000000
    outer loop
      vertex 8.8000 53.6000 4.4000
      vertex 11.2000 57.4000 4.4000
      vertex 11.6000 57.2000 4.4000
    endloop
  endfacet
  facet normal 0.000000 0.000000 1.000000
    outer loop
      vertex 11.6000 57.2000 2.3200
      vertex 11.2000 57.4000 2.3200
      vertex 8.8000 53.6000 2.3200
    endloop
  endfacet
  facet normal 0.000000 0.000000 -1.000000
    outer loop
      vertex 11.2000 57.4000 4.4000
      vertex 11.4000 57.4000 4.4000
      vertex 11.6000 57.2000 4.4000
    endloop
  endfacet
  facet normal 0.000000 0.000000 1.000000
    outer loop
      vertex 11.6000 57.2000 2.3200
      vertex 11.4000 57.4000 2.3200
      vertex 11.2000 57.4000 2.3200
    endloop
  endfacet
  facet normal 0.000000 0.000000 -1.000000
    outer loop
      vertex 11.2000 57.4000 4.4000
      vertex 10.8000 57.6000 4.4000
      vertex 11.0000 57.6000 4.4000
    endloop
  endfacet
  facet normal 0.000000 0.000000 1.000000
    outer loop
      vertex 11.0000 57.6000 2.3200
      vertex 10.8000 57.6000 2.3200
      vertex 11.2000 57.4000 2.3200
    endloop
  endfacet
  facet normal -0.000000 -0.000000 -1.000000
    outer loop
      vertex 12.6000 56.4000 4.4000
      vertex 12.6000 56.2000 4.4000
      vertex 11.8000 57.2000 4.4000
    endloop
  endfacet
  facet normal 0.000000 0.000000 1.000000
    outer loop
      vertex 11.8000 57.2000 2.3200
      vertex 12.6000 56.2000 2.3200
      vertex 12.6000 56.4000 2.3200
    endloop
  endfacet
  facet normal -0.000000 -0.000000 -1.000000
    outer loop
      vertex 12.8000 56.0000 4.4000
      vertex 12.8000 55.8000 4.4000
      vertex 12.6000 56.2000 4.4000
    endloop
  endfacet
  facet normal 0.000000 0.000000 1.000000
    outer loop
      vertex 12.6000 56.2000 2.3200
      vertex 12.8000 55.8000 2.3200
      vertex 12.8000 56.0000 2.3200
    endloop
  endfacet
  facet normal 0.000000 0.000000 -1.000000
    outer loop
      vertex 12.6000 56.2000 4.4000
      vertex 11.6000 57.2000 4.4000
      vertex 11.8000 57.2000 4.4000
    endloop
  endfacet
  facet normal 0.000000 0.000000 1.000000
    outer loop
      vertex 11.8000 57.2000 2.3200
      vertex 11.6000 57.2000 2.3200
      vertex 12.6000 56.2000 2.3200
    endloop
  endfacet
  facet normal 0.000000 0.000000 -1.000000
    outer loop
      vertex 13.2000 49.8000 4.4000
      vertex 22.2000 50.0000 4.4000
      vertex 18.2000 42.0000 4.4000
    endloop
  endfacet
  facet normal 0.000000 -0.000000 1.000000
    outer loop
      vertex 18.2000 42.0000 2.3200
      vertex 22.2000 50.0000 2.3200
      vertex 13.2000 49.8000 2.3200
    endloop
  endfacet
  facet normal 0.000000 0.000000 -1.000000
    outer loop
      vertex 13.2000 49.8000 4.4000
      vertex 22.2000 50.2000 4.4000
      vertex 22.2000 50.0000 4.4000
    endloop
  endfacet
  facet normal 0.000000 -0.000000 1.000000
    outer loop
      vertex 22.2000 50.0000 2.3200
      vertex 22.2000 50.2000 2.3200
      vertex 13.2000 49.8000 2.3200
    endloop
  endfacet
  facet normal 0.000000 0.000000 -1.000000
    outer loop
      vertex 22.2000 50.2000 4.4000
      vertex 22.8000 51.0000 4.4000
      vertex 22.8000 50.8000 4.4000
    endloop
  endfacet
  facet normal 0.000000 -0.000000 1.000000
    outer loop
      vertex 22.8000 50.8000 2.3200
      vertex 22.8000 51.0000 2.3200
      vertex 22.2000 50.2000 2.3200
    endloop
  endfacet
  facet normal -0.000000 -0.000000 -1.000000
    outer loop
      vertex 23.0000 49.0000 4.4000
      vertex 23.0000 48.8000 4.4000
      vertex 22.8000 49.2000 4.4000
    endloop
  endfacet
  facet normal 0.000000 0.000000 1.000000
    outer loop
      vertex 22.8000 49.2000 2.3200
      vertex 23.0000 48.8000 2.3200
      vertex 23.0000 49.0000 2.3200
    endloop
  endfacet
  facet normal 0.000000 0.000000 -1.000000
    outer loop
      vertex 23.0000 48.8000 4.4000
      vertex 22.2000 50.0000 4.4000
      vertex 22.8000 49.2000 4.4000
    endloop
  endfacet
  facet normal 0.000000 0.000000 1.000000
    outer loop
      vertex 22.8000 49.2000 2.3200
      vertex 22.2000 50.0000 2.3200
      vertex 23.0000 48.8000 2.3200
    endloop
  endfacet
  facet normal -0.000000 0.000000 -1.000000
    outer loop
      vertex 23.0000 48.8000 4.4000
      vertex 18.4000 42.0000 4.4000
      vertex 22.2000 50.0000 4.4000
    endloop
  endfacet
  facet normal 0.000000 0.000000 1.000000
    outer loop
      vertex 22.2000 50.0000 2.3200
      vertex 18.4000 42.0000 2.3200
      vertex 23.0000 48.8000 2.3200
    endloop
  endfacet
  facet normal 0.000000 0.000000 -1.000000
    outer loop
      vertex 18.4000 42.0000 4.4000
      vertex 18.2000 42.0000 4.4000
      vertex 22.2000 50.0000 4.4000
    endloop
  endfacet
  facet normal 0.000000 0.000000 1.000000
    outer loop
      vertex 22.2000 50.0000 2.3200
      vertex 18.2000 42.0000 2.3200
      vertex 18.4000 42.0000 2.3200
    endloop
  endfacet
  facet normal 0.000000 0.000000 -1.000000
    outer loop
      vertex 22.2000 50.0000 4.4000
      vertex 22.8000 49.4000 4.4000
      vertex 22.8000 49.2000 4.4000
    endloop
  endfacet
  facet normal 0.000000 -0.000000 1.000000
    outer loop
      vertex 22.8000 49.2000 2.3200
      vertex 22.8000 49.4000 2.3200
      vertex 22.2000 50.0000 2.3200
    endloop
  endfacet
  facet normal -0.000000 0.000000 -1.000000
    outer loop
      vertex 12.8000 49.4000 4.4000
      vertex 11.6000 48.4000 4.4000
      vertex 12.8000 49.8000 4.4000
    endloop
  endfacet
  facet normal 0.000000 0.000000 1.000000
    outer loop
      vertex 12.8000 49.8000 2.3200
      vertex 11.6000 48.4000 2.3200
      vertex 12.8000 49.4000 2.3200
    endloop
  endfacet
  facet normal 0.000000 0.000000 -1.000000
    outer loop
      vertex 12.8000 49.4000 4.4000
      vertex 11.8000 48.4000 4.4000
      vertex 11.6000 48.4000 4.4000
    endloop
  endfacet
  facet normal 0.000000 0.000000 1.000000
    outer loop
      vertex 11.6000 48.4000 2.3200
      vertex 11.8000 48.4000 2.3200
      vertex 12.8000 49.4000 2.3200
    endloop
  endfacet
  facet normal 0.000000 0.000000 -1.000000
    outer loop
      vertex 10.8000 48.0000 4.4000
      vertex 10.4000 48.0000 4.4000
      vertex 11.0000 48.2000 4.4000
    endloop
  endfacet
  facet normal 0.000000 0.000000 1.000000
    outer loop
      vertex 11.0000 48.2000 2.3200
      vertex 10.4000 48.0000 2.3200
      vertex 10.8000 48.0000 2.3200
    endloop
  endfacet
  facet normal 0.000000 0.000000 -1.000000
    outer loop
      vertex 11.0000 48.2000 4.4000
      vertex 11.6000 48.4000 4.4000
      vertex 11.4000 48.2000 4.4000
    endloop
  endfacet
  facet normal 0.000000 -0.000000 1.000000
    outer loop
      vertex 11.4000 48.2000 2.3200
      vertex 11.6000 48.4000 2.3200
      vertex 11.0000 48.2000 2.3200
    endloop
  endfacet
  facet normal 0.000000 0.000000 -1.000000
    outer loop
      vertex 11.0000 48.2000 4.4000
      vertex 12.8000 49.8000 4.4000
      vertex 11.6000 48.4000 4.4000
    endloop
  endfacet
  facet normal 0.000000 -0.000000 1.000000
    outer loop
      vertex 11.6000 48.4000 2.3200
      vertex 12.8000 49.8000 2.3200
      vertex 11.0000 48.2000 2.3200
    endloop
  endfacet
  facet normal -0.707107 -0.707107 0.000000
    outer loop
      vertex 9.6000 58.0000 2.3200
      vertex 9.8000 57.8000 2.3200
      vertex 9.8000 57.8000 4.4000
    endloop
  endfacet
  facet normal -0.707107 -0.707107 0.000000
    outer loop
      vertex 9.6000 58.0000 2.3200
      vertex 9.8000 57.8000 4.4000
      vertex 9.6000 58.0000 4.4000
    endloop
  endfacet
  facet normal 0.000000 -1.000000 0.000000
    outer loop
      vertex 9.8000 57.8000 2.3200
      vertex 10.6000 57.8000 2.3200
      vertex 10.6000 57.8000 4.4000
    endloop
  endfacet
  facet normal 0.000000 -1.000000 0.000000
    outer loop
      vertex 9.8000 57.8000 2.3200
      vertex 10.6000 57.8000 4.4000
      vertex 9.8000 57.8000 4.4000
    endloop
  endfacet
  facet normal -0.707107 -0.707107 0.000000
    outer loop
      vertex 10.6000 57.8000 2.3200
      vertex 10.8000 57.6000 2.3200
      vertex 10.8000 57.6000 4.4000
    endloop
  endfacet
  facet normal -0.707107 -0.707107 0.000000
    outer loop
      vertex 10.6000 57.8000 2.3200
      vertex 10.8000 57.6000 4.4000
      vertex 10.6000 57.8000 4.4000
    endloop
  endfacet
  facet normal 0.000000 -1.000000 0.000000
    outer loop
      vertex 10.8000 57.6000 2.3200
      vertex 11.0000 57.6000 2.3200
      vertex 11.0000 57.6000 4.4000
    endloop
  endfacet
  facet normal 0.000000 -1.000000 0.000000
    outer loop
      vertex 10.8000 57.6000 2.3200
      vertex 11.0000 57.6000 4.4000
      vertex 10.8000 57.6000 4.4000
    endloop
  endfacet
  facet normal -0.707107 -0.707107 0.000000
    outer loop
      vertex 11.0000 57.6000 2.3200
      vertex 11.2000 57.4000 2.3200
      vertex 11.2000 57.4000 4.4000
    endloop
  endfacet
  facet normal -0.707107 -0.707107 0.000000
    outer loop
      vertex 11.0000 57.6000 2.3200
      vertex 11.2000 57.4000 4.4000
      vertex 11.0000 57.6000 4.4000
    endloop
  endfacet
  facet normal 0.000000 -1.000000 0.000000
    outer loop
      vertex 11.2000 57.4000 2.3200
      vertex 11.4000 57.4000 2.3200
      vertex 11.4000 57.4000 4.4000
    endloop
  endfacet
  facet normal 0.000000 -1.000000 0.000000
    outer loop
      vertex 11.2000 57.4000 2.3200
      vertex 11.4000 57.4000 4.4000
      vertex 11.2000 57.4000 4.4000
    endloop
  endfacet
  facet normal -0.707107 -0.707107 0.000000
    outer loop
      vertex 11.4000 57.4000 2.3200
      vertex 11.6000 57.2000 2.3200
      vertex 11.6000 57.2000 4.4000
    endloop
  endfacet
  facet normal -0.707107 -0.707107 0.000000
    outer loop
      vertex 11.4000 57.4000 2.3200
      vertex 11.6000 57.2000 4.4000
      vertex 11.4000 57.4000 4.4000
    endloop
  endfacet
  facet normal 0.000000 -1.000000 0.000000
    outer loop
      vertex 11.6000 57.2000 2.3200
      vertex 11.8000 57.2000 2.3200
      vertex 11.8000 57.2000 4.4000
    endloop
  endfacet
  facet normal 0.000000 -1.000000 0.000000
    outer loop
      vertex 11.6000 57.2000 2.3200
      vertex 11.8000 57.2000 4.4000
      vertex 11.6000 57.2000 4.4000
    endloop
  endfacet
  facet normal -0.707107 -0.707107 0.000000
    outer loop
      vertex 11.8000 57.2000 2.3200
      vertex 12.6000 56.4000 2.3200
      vertex 12.6000 56.4000 4.4000
    endloop
  endfacet
  facet normal -0.707107 -0.707107 0.000000
    outer loop
      vertex 11.8000 57.2000 2.3200
      vertex 12.6000 56.4000 4.4000
      vertex 11.8000 57.2000 4.4000
    endloop
  endfacet
  facet normal -1.000000 0.000000 0.000000
    outer loop
      vertex 12.6000 56.4000 2.3200
      vertex 12.6000 56.2000 2.3200
      vertex 12.6000 56.2000 4.4000
    endloop
  endfacet
  facet normal -1.000000 0.000000 0.000000
    outer loop
      vertex 12.6000 56.4000 2.3200
      vertex 12.6000 56.2000 4.4000
      vertex 12.6000 56.4000 4.4000
    endloop
  endfacet
  facet normal -0.707107 -0.707107 0.000000
    outer loop
      vertex 12.6000 56.2000 2.3200
      vertex 12.8000 56.0000 2.3200
      vertex 12.8000 56.0000 4.4000
    endloop
  endfacet
  facet normal -0.707107 -0.707107 0.000000
    outer loop
      vertex 12.6000 56.2000 2.3200
      vertex 12.8000 56.0000 4.4000
      vertex 12.6000 56.2000 4.4000
    endloop
  endfacet
  facet normal -1.000000 0.000000 0.000000
    outer loop
      vertex 12.8000 56.0000 2.3200
      vertex 12.8000 55.8000 2.3200
      vertex 12.8000 55.8000 4.4000
    endloop
  endfacet
  facet normal -1.000000 0.000000 0.000000
    outer loop
      vertex 12.8000 56.0000 2.3200
      vertex 12.8000 55.8000 4.4000
      vertex 12.8000 56.0000 4.4000
    endloop
  endfacet
  facet normal -0.707107 -0.707107 0.000000
    outer loop
      vertex 12.8000 55.8000 2.3200
      vertex 13.0000 55.6000 2.3200
      vertex 13.0000 55.6000 4.4000
    endloop
  endfacet
  facet normal -0.707107 -0.707107 0.000000
    outer loop
      vertex 12.8000 55.8000 2.3200
      vertex 13.0000 55.6000 4.4000
      vertex 12.8000 55.8000 4.4000
    endloop
  endfacet
  facet normal 0.707107 -0.707107 0.000000
    outer loop
      vertex 13.0000 55.6000 2.3200
      vertex 13.2000 55.8000 2.3200
      vertex 13.2000 55.8000 4.4000
    endloop
  endfacet
  facet normal 0.707107 -0.707107 0.000000
    outer loop
      vertex 13.0000 55.6000 2.3200
      vertex 13.2000 55.8000 4.4000
      vertex 13.0000 55.6000 4.4000
    endloop
  endfacet
  facet normal 1.000000 0.000000 0.000000
    outer loop
      vertex 13.2000 55.8000 2.3200
      vertex 13.2000 57.6000 2.3200
      vertex 13.2000 57.6000 4.4000
    endloop
  endfacet
  facet normal 1.000000 0.000000 0.000000
    outer loop
      vertex 13.2000 55.8000 2.3200
      vertex 13.2000 57.6000 4.4000
      vertex 13.2000 55.8000 4.4000
    endloop
  endfacet
  facet normal 0.707107 -0.707107 0.000000
    outer loop
      vertex 13.2000 57.6000 2.3200
      vertex 13.4000 57.8000 2.3200
      vertex 13.4000 57.8000 4.4000
    endloop
  endfacet
  facet normal 0.707107 -0.707107 0.000000
    outer loop
      vertex 13.2000 57.6000 2.3200
      vertex 13.4000 57.8000 4.4000
      vertex 13.2000 57.6000 4.4000
    endloop
  endfacet
  facet normal 0.000000 -1.000000 0.000000
    outer loop
      vertex 13.4000 57.8000 2.3200
      vertex 13.6000 57.8000 2.3200
      vertex 13.6000 57.8000 4.4000
    endloop
  endfacet
  facet normal 0.000000 -1.000000 0.000000
    outer loop
      vertex 13.4000 57.8000 2.3200
      vertex 13.6000 57.8000 4.4000
      vertex 13.4000 57.8000 4.4000
    endloop
  endfacet
  facet normal 0.707107 -0.707107 0.000000
    outer loop
      vertex 13.6000 57.8000 2.3200
      vertex 13.8000 58.0000 2.3200
      vertex 13.8000 58.0000 4.4000
    endloop
  endfacet
  facet normal 0.707107 -0.707107 0.000000
    outer loop
      vertex 13.6000 57.8000 2.3200
      vertex 13.8000 58.0000 4.4000
      vertex 13.6000 57.8000 4.4000
    endloop
  endfacet
  facet normal 0.000000 -1.000000 0.000000
    outer loop
      vertex 13.8000 58.0000 2.3200
      vertex 19.4000 58.0000 2.3200
      vertex 19.4000 58.0000 4.4000
    endloop
  endfacet
  facet normal 0.000000 -1.000000 0.000000
    outer loop
      vertex 13.8000 58.0000 2.3200
      vertex 19.4000 58.0000 4.4000
      vertex 13.8000 58.0000 4.4000
    endloop
  endfacet
  facet normal -0.707107 -0.707107 0.000000
    outer loop
      vertex 19.4000 58.0000 2.3200
      vertex 19.6000 57.8000 2.3200
      vertex 19.6000 57.8000 4.4000
    endloop
  endfacet
  facet normal -0.707107 -0.707107 0.000000
    outer loop
      vertex 19.4000 58.0000 2.3200
      vertex 19.6000 57.8000 4.4000
      vertex 19.4000 58.0000 4.4000
    endloop
  endfacet
  facet normal 0.000000 -1.000000 0.000000
    outer loop
      vertex 19.6000 57.8000 2.3200
      vertex 20.6000 57.8000 2.3200
      vertex 20.6000 57.8000 4.4000
    endloop
  endfacet
  facet normal 0.000000 -1.000000 0.000000
    outer loop
      vertex 19.6000 57.8000 2.3200
      vertex 20.6000 57.8000 4.4000
      vertex 19.6000 57.8000 4.4000
    endloop
  endfacet
  facet normal -0.707107 -0.707107 0.000000
    outer loop
      vertex 20.6000 57.8000 2.3200
      vertex 20.8000 57.6000 2.3200
      vertex 20.8000 57.6000 4.4000
    endloop
  endfacet
  facet normal -0.707107 -0.707107 0.000000
    outer loop
      vertex 20.6000 57.8000 2.3200
      vertex 20.8000 57.6000 4.4000
      vertex 20.6000 57.8000 4.4000
    endloop
  endfacet
  facet normal 0.000000 -1.000000 0.000000
    outer loop
      vertex 20.8000 57.6000 2.3200
      vertex 21.0000 57.6000 2.3200
      vertex 21.0000 57.6000 4.4000
    endloop
  endfacet
  facet normal 0.000000 -1.000000 0.000000
    outer loop
      vertex 20.8000 57.6000 2.3200
      vertex 21.0000 57.6000 4.4000
      vertex 20.8000 57.6000 4.4000
    endloop
  endfacet
  facet normal -0.707107 -0.707107 0.000000
    outer loop
      vertex 21.0000 57.6000 2.3200
      vertex 21.2000 57.4000 2.3200
      vertex 21.2000 57.4000 4.4000
    endloop
  endfacet
  facet normal -0.707107 -0.707107 0.000000
    outer loop
      vertex 21.0000 57.6000 2.3200
      vertex 21.2000 57.4000 4.4000
      vertex 21.0000 57.6000 4.4000
    endloop
  endfacet
  facet normal 0.000000 -1.000000 0.000000
    outer loop
      vertex 21.2000 57.4000 2.3200
      vertex 21.4000 57.4000 2.3200
      vertex 21.4000 57.4000 4.4000
    endloop
  endfacet
  facet normal 0.000000 -1.000000 0.000000
    outer loop
      vertex 21.2000 57.4000 2.3200
      vertex 21.4000 57.4000 4.4000
      vertex 21.2000 57.4000 4.4000
    endloop
  endfacet
  facet normal -0.707107 -0.707107 0.000000
    outer loop
      vertex 21.4000 57.4000 2.3200
      vertex 21.6000 57.2000 2.3200
      vertex 21.6000 57.2000 4.4000
    endloop
  endfacet
  facet normal -0.707107 -0.707107 0.000000
    outer loop
      vertex 21.4000 57.4000 2.3200
      vertex 21.6000 57.2000 4.4000
      vertex 21.4000 57.4000 4.4000
    endloop
  endfacet
  facet normal 0.000000 -1.000000 0.000000
    outer loop
      vertex 21.6000 57.2000 2.3200
      vertex 21.8000 57.2000 2.3200
      vertex 21.8000 57.2000 4.4000
    endloop
  endfacet
  facet normal 0.000000 -1.000000 0.000000
    outer loop
      vertex 21.6000 57.2000 2.3200
      vertex 21.8000 57.2000 4.4000
      vertex 21.6000 57.2000 4.4000
    endloop
  endfacet
  facet normal -0.707107 -0.707107 0.000000
    outer loop
      vertex 21.8000 57.2000 2.3200
      vertex 22.6000 56.4000 2.3200
      vertex 22.6000 56.4000 4.4000
    endloop
  endfacet
  facet normal -0.707107 -0.707107 0.000000
    outer loop
      vertex 21.8000 57.2000 2.3200
      vertex 22.6000 56.4000 4.4000
      vertex 21.8000 57.2000 4.4000
    endloop
  endfacet
  facet normal -1.000000 0.000000 0.000000
    outer loop
      vertex 22.6000 56.4000 2.3200
      vertex 22.6000 56.2000 2.3200
      vertex 22.6000 56.2000 4.4000
    endloop
  endfacet
  facet normal -1.000000 0.000000 0.000000
    outer loop
      vertex 22.6000 56.4000 2.3200
      vertex 22.6000 56.2000 4.4000
      vertex 22.6000 56.4000 4.4000
    endloop
  endfacet
  facet normal -0.707107 -0.707107 0.000000
    outer loop
      vertex 22.6000 56.2000 2.3200
      vertex 22.8000 56.0000 2.3200
      vertex 22.8000 56.0000 4.4000
    endloop
  endfacet
  facet normal -0.707107 -0.707107 0.000000
    outer loop
      vertex 22.6000 56.2000 2.3200
      vertex 22.8000 56.0000 4.4000
      vertex 22.6000 56.2000 4.4000
    endloop
  endfacet
  facet normal -1.000000 0.000000 0.000000
    outer loop
      vertex 22.8000 56.0000 2.3200
      vertex 22.8000 55.8000 2.3200
      vertex 22.8000 55.8000 4.4000
    endloop
  endfacet
  facet normal -1.000000 0.000000 0.000000
    outer loop
      vertex 22.8000 56.0000 2.3200
      vertex 22.8000 55.8000 4.4000
      vertex 22.8000 56.0000 4.4000
    endloop
  endfacet
  facet normal -0.707107 -0.707107 0.000000
    outer loop
      vertex 22.8000 55.8000 2.3200
      vertex 23.0000 55.6000 2.3200
      vertex 23.0000 55.6000 4.4000
    endloop
  endfacet
  facet normal -0.707107 -0.707107 0.000000
    outer loop
      vertex 22.8000 55.8000 2.3200
      vertex 23.0000 55.6000 4.4000
      vertex 22.8000 55.8000 4.4000
    endloop
  endfacet
  facet normal -1.000000 0.000000 0.000000
    outer loop
      vertex 23.0000 55.6000 2.3200
      vertex 23.0000 55.0000 2.3200
      vertex 23.0000 55.0000 4.4000
    endloop
  endfacet
  facet normal -1.000000 0.000000 0.000000
    outer loop
      vertex 23.0000 55.6000 2.3200
      vertex 23.0000 55.0000 4.4000
      vertex 23.0000 55.6000 4.4000
    endloop
  endfacet
  facet normal -0.707107 -0.707107 0.000000
    outer loop
      vertex 23.0000 55.0000 2.3200
      vertex 23.2000 54.8000 2.3200
      vertex 23.2000 54.8000 4.4000
    endloop
  endfacet
  facet normal -0.707107 -0.707107 0.000000
    outer loop
      vertex 23.0000 55.0000 2.3200
      vertex 23.2000 54.8000 4.4000
      vertex 23.0000 55.0000 4.4000
    endloop
  endfacet
  facet normal -1.000000 0.000000 0.000000
    outer loop
      vertex 23.2000 54.8000 2.3200
      vertex 23.2000 51.8000 2.3200
      vertex 23.2000 51.8000 4.4000
    endloop
  endfacet
  facet normal -1.000000 0.000000 0.000000
    outer loop
      vertex 23.2000 54.8000 2.3200
      vertex 23.2000 51.8000 4.4000
      vertex 23.2000 54.8000 4.4000
    endloop
  endfacet
  facet normal -0.707107 0.707107 0.000000
    outer loop
      vertex 23.2000 51.8000 2.3200
      vertex 23.0000 51.6000 2.3200
      vertex 23.0000 51.6000 4.4000
    endloop
  endfacet
  facet normal -0.707107 0.707107 0.000000
    outer loop
      vertex 23.2000 51.8000 2.3200
      vertex 23.0000 51.6000 4.4000
      vertex 23.2000 51.8000 4.4000
    endloop
  endfacet
  facet normal -1.000000 0.000000 0.000000
    outer loop
      vertex 23.0000 51.6000 2.3200
      vertex 23.0000 51.2000 2.3200
      vertex 23.0000 51.2000 4.4000
    endloop
  endfacet
  facet normal -1.000000 0.000000 0.000000
    outer loop
      vertex 23.0000 51.6000 2.3200
      vertex 23.0000 51.2000 4.4000
      vertex 23.0000 51.6000 4.4000
    endloop
  endfacet
  facet normal -0.707107 0.707107 0.000000
    outer loop
      vertex 23.0000 51.2000 2.3200
      vertex 22.8000 51.0000 2.3200
      vertex 22.8000 51.0000 4.4000
    endloop
  endfacet
  facet normal -0.707107 0.707107 0.000000
    outer loop
      vertex 23.0000 51.2000 2.3200
      vertex 22.8000 51.0000 4.4000
      vertex 23.0000 51.2000 4.4000
    endloop
  endfacet
  facet normal -1.000000 0.000000 0.000000
    outer loop
      vertex 22.8000 51.0000 2.3200
      vertex 22.8000 50.8000 2.3200
      vertex 22.8000 50.8000 4.4000
    endloop
  endfacet
  facet normal -1.000000 0.000000 0.000000
    outer loop
      vertex 22.8000 51.0000 2.3200
      vertex 22.8000 50.8000 4.4000
      vertex 22.8000 51.0000 4.4000
    endloop
  endfacet
  facet normal -0.707107 0.707107 0.000000
    outer loop
      vertex 22.8000 50.8000 2.3200
      vertex 22.2000 50.2000 2.3200
      vertex 22.2000 50.2000 4.4000
    endloop
  endfacet
  facet normal -0.707107 0.707107 0.000000
    outer loop
      vertex 22.8000 50.8000 2.3200
      vertex 22.2000 50.2000 4.4000
      vertex 22.8000 50.8000 4.4000
    endloop
  endfacet
  facet normal -1.000000 0.000000 0.000000
    outer loop
      vertex 22.2000 50.2000 2.3200
      vertex 22.2000 50.0000 2.3200
      vertex 22.2000 50.0000 4.4000
    endloop
  endfacet
  facet normal -1.000000 0.000000 0.000000
    outer loop
      vertex 22.2000 50.2000 2.3200
      vertex 22.2000 50.0000 4.4000
      vertex 22.2000 50.2000 4.4000
    endloop
  endfacet
  facet normal -0.707107 -0.707107 0.000000
    outer loop
      vertex 22.2000 50.0000 2.3200
      vertex 22.8000 49.4000 2.3200
      vertex 22.8000 49.4000 4.4000
    endloop
  endfacet
  facet normal -0.707107 -0.707107 0.000000
    outer loop
      vertex 22.2000 50.0000 2.3200
      vertex 22.8000 49.4000 4.4000
      vertex 22.2000 50.0000 4.4000
    endloop
  endfacet
  facet normal -1.000000 0.000000 0.000000
    outer loop
      vertex 22.8000 49.4000 2.3200
      vertex 22.8000 49.2000 2.3200
      vertex 22.8000 49.2000 4.4000
    endloop
  endfacet
  facet normal -1.000000 0.000000 0.000000
    outer loop
      vertex 22.8000 49.4000 2.3200
      vertex 22.8000 49.2000 4.4000
      vertex 22.8000 49.4000 4.4000
    endloop
  endfacet
  facet normal -0.707107 -0.707107 0.000000
    outer loop
      vertex 22.8000 49.2000 2.3200
      vertex 23.0000 49.0000 2.3200
      vertex 23.0000 49.0000 4.4000
    endloop
  endfacet
  facet normal -0.707107 -0.707107 0.000000
    outer loop
      vertex 22.8000 49.2000 2.3200
      vertex 23.0000 49.0000 4.4000
      vertex 22.8000 49.2000 4.4000
    endloop
  endfacet
  facet normal -1.000000 0.000000 0.000000
    outer loop
      vertex 23.0000 49.0000 2.3200
      vertex 23.0000 48.8000 2.3200
      vertex 23.0000 48.8000 4.4000
    endloop
  endfacet
  facet normal -1.000000 0.000000 0.000000
    outer loop
      vertex 23.0000 49.0000 2.3200
      vertex 23.0000 48.8000 4.4000
      vertex 23.0000 49.0000 4.4000
    endloop
  endfacet
  facet normal -0.707107 -0.707107 0.000000
    outer loop
      vertex 23.0000 48.8000 2.3200
      vertex 23.2000 48.6000 2.3200
      vertex 23.2000 48.6000 4.4000
    endloop
  endfacet
  facet normal -0.707107 -0.707107 0.000000
    outer loop
      vertex 23.0000 48.8000 2.3200
      vertex 23.2000 48.6000 4.4000
      vertex 23.0000 48.8000 4.4000
    endloop
  endfacet
  facet normal -1.000000 0.000000 0.000000
    outer loop
      vertex 23.2000 48.6000 2.3200
      vertex 23.2000 42.0000 2.3200
      vertex 23.2000 42.0000 4.4000
    endloop
  endfacet
  facet normal -1.000000 0.000000 0.000000
    outer loop
      vertex 23.2000 48.6000 2.3200
      vertex 23.2000 42.0000 4.4000
      vertex 23.2000 48.6000 4.4000
    endloop
  endfacet
  facet normal -0.707107 0.707107 0.000000
    outer loop
      vertex 23.2000 42.0000 2.3200
      vertex 23.0000 41.8000 2.3200
      vertex 23.0000 41.8000 4.4000
    endloop
  endfacet
  facet normal -0.707107 0.707107 0.000000
    outer loop
      vertex 23.2000 42.0000 2.3200
      vertex 23.0000 41.8000 4.4000
      vertex 23.2000 42.0000 4.4000
    endloop
  endfacet
  facet normal 0.000000 1.000000 0.000000
    outer loop
      vertex 23.0000 41.8000 2.3200
      vertex 22.8000 41.8000 2.3200
      vertex 22.8000 41.8000 4.4000
    endloop
  endfacet
  facet normal 0.000000 1.000000 -0.000000
    outer loop
      vertex 23.0000 41.8000 2.3200
      vertex 22.8000 41.8000 4.4000
      vertex 23.0000 41.8000 4.4000
    endloop
  endfacet
  facet normal -0.707107 0.707107 0.000000
    outer loop
      vertex 22.8000 41.8000 2.3200
      vertex 22.6000 41.6000 2.3200
      vertex 22.6000 41.6000 4.4000
    endloop
  endfacet
  facet normal -0.707107 0.707107 0.000000
    outer loop
      vertex 22.8000 41.8000 2.3200
      vertex 22.6000 41.6000 4.4000
      vertex 22.8000 41.8000 4.4000
    endloop
  endfacet
  facet normal 0.000000 1.000000 0.000000
    outer loop
      vertex 22.6000 41.6000 2.3200
      vertex 19.0000 41.6000 2.3200
      vertex 19.0000 41.6000 4.4000
    endloop
  endfacet
  facet normal 0.000000 1.000000 -0.000000
    outer loop
      vertex 22.6000 41.6000 2.3200
      vertex 19.0000 41.6000 4.4000
      vertex 22.6000 41.6000 4.4000
    endloop
  endfacet
  facet normal 0.707107 0.707107 0.000000
    outer loop
      vertex 19.0000 41.6000 2.3200
      vertex 18.8000 41.8000 2.3200
      vertex 18.8000 41.8000 4.4000
    endloop
  endfacet
  facet normal 0.707107 0.707107 -0.000000
    outer loop
      vertex 19.0000 41.6000 2.3200
      vertex 18.8000 41.8000 4.4000
      vertex 19.0000 41.6000 4.4000
    endloop
  endfacet
  facet normal 0.000000 1.000000 0.000000
    outer loop
      vertex 18.8000 41.8000 2.3200
      vertex 18.6000 41.8000 2.3200
      vertex 18.6000 41.8000 4.4000
    endloop
  endfacet
  facet normal 0.000000 1.000000 -0.000000
    outer loop
      vertex 18.8000 41.8000 2.3200
      vertex 18.6000 41.8000 4.4000
      vertex 18.8000 41.8000 4.4000
    endloop
  endfacet
  facet normal 0.707107 0.707107 0.000000
    outer loop
      vertex 18.6000 41.8000 2.3200
      vertex 18.4000 42.0000 2.3200
      vertex 18.4000 42.0000 4.4000
    endloop
  endfacet
  facet normal 0.707107 0.707107 -0.000000
    outer loop
      vertex 18.6000 41.8000 2.3200
      vertex 18.4000 42.0000 4.4000
      vertex 18.6000 41.8000 4.4000
    endloop
  endfacet
  facet normal 0.000000 1.000000 0.000000
    outer loop
      vertex 18.4000 42.0000 2.3200
      vertex 18.2000 42.0000 2.3200
      vertex 18.2000 42.0000 4.4000
    endloop
  endfacet
  facet normal 0.000000 1.000000 -0.000000
    outer loop
      vertex 18.4000 42.0000 2.3200
      vertex 18.2000 42.0000 4.4000
      vertex 18.4000 42.0000 4.4000
    endloop
  endfacet
  facet normal -0.707107 0.707107 0.000000
    outer loop
      vertex 18.2000 42.0000 2.3200
      vertex 18.0000 41.8000 2.3200
      vertex 18.0000 41.8000 4.4000
    endloop
  endfacet
  facet normal -0.707107 0.707107 0.000000
    outer loop
      vertex 18.2000 42.0000 2.3200
      vertex 18.0000 41.8000 4.4000
      vertex 18.2000 42.0000 4.4000
    endloop
  endfacet
  facet normal 0.000000 1.000000 0.000000
    outer loop
      vertex 18.0000 41.8000 2.3200
      vertex 17.8000 41.8000 2.3200
      vertex 17.8000 41.8000 4.4000
    endloop
  endfacet
  facet normal 0.000000 1.000000 -0.000000
    outer loop
      vertex 18.0000 41.8000 2.3200
      vertex 17.8000 41.8000 4.4000
      vertex 18.0000 41.8000 4.4000
    endloop
  endfacet
  facet normal -0.707107 0.707107 0.000000
    outer loop
      vertex 17.8000 41.8000 2.3200
      vertex 17.6000 41.6000 2.3200
      vertex 17.6000 41.6000 4.4000
    endloop
  endfacet
  facet normal -0.707107 0.707107 0.000000
    outer loop
      vertex 17.8000 41.8000 2.3200
      vertex 17.6000 41.6000 4.4000
      vertex 17.8000 41.8000 4.4000
    endloop
  endfacet
  facet normal 0.000000 1.000000 0.000000
    outer loop
      vertex 17.6000 41.6000 2.3200
      vertex 13.8000 41.6000 2.3200
      vertex 13.8000 41.6000 4.4000
    endloop
  endfacet
  facet normal 0.000000 1.000000 -0.000000
    outer loop
      vertex 17.6000 41.6000 2.3200
      vertex 13.8000 41.6000 4.4000
      vertex 17.6000 41.6000 4.4000
    endloop
  endfacet
  facet normal 0.707107 0.707107 0.000000
    outer loop
      vertex 13.8000 41.6000 2.3200
      vertex 13.6000 41.8000 2.3200
      vertex 13.6000 41.8000 4.4000
    endloop
  endfacet
  facet normal 0.707107 0.707107 -0.000000
    outer loop
      vertex 13.8000 41.6000 2.3200
      vertex 13.6000 41.8000 4.4000
      vertex 13.8000 41.6000 4.4000
    endloop
  endfacet
  facet normal 0.000000 1.000000 0.000000
    outer loop
      vertex 13.6000 41.8000 2.3200
      vertex 13.4000 41.8000 2.3200
      vertex 13.4000 41.8000 4.4000
    endloop
  endfacet
  facet normal 0.000000 1.000000 -0.000000
    outer loop
      vertex 13.6000 41.8000 2.3200
      vertex 13.4000 41.8000 4.4000
      vertex 13.6000 41.8000 4.4000
    endloop
  endfacet
  facet normal 0.707107 0.707107 0.000000
    outer loop
      vertex 13.4000 41.8000 2.3200
      vertex 13.2000 42.0000 2.3200
      vertex 13.2000 42.0000 4.4000
    endloop
  endfacet
  facet normal 0.707107 0.707107 -0.000000
    outer loop
      vertex 13.4000 41.8000 2.3200
      vertex 13.2000 42.0000 4.4000
      vertex 13.4000 41.8000 4.4000
    endloop
  endfacet
  facet normal 1.000000 0.000000 0.000000
    outer loop
      vertex 13.2000 42.0000 2.3200
      vertex 13.2000 49.8000 2.3200
      vertex 13.2000 49.8000 4.4000
    endloop
  endfacet
  facet normal 1.000000 0.000000 0.000000
    outer loop
      vertex 13.2000 42.0000 2.3200
      vertex 13.2000 49.8000 4.4000
      vertex 13.2000 42.0000 4.4000
    endloop
  endfacet
  facet normal 0.707107 0.707107 0.000000
    outer loop
      vertex 13.2000 49.8000 2.3200
      vertex 13.0000 50.0000 2.3200
      vertex 13.0000 50.0000 4.4000
    endloop
  endfacet
  facet normal 0.707107 0.707107 -0.000000
    outer loop
      vertex 13.2000 49.8000 2.3200
      vertex 13.0000 50.0000 4.4000
      vertex 13.2000 49.8000 4.4000
    endloop
  endfacet
  facet normal -0.707107 0.707107 0.000000
    outer loop
      vertex 13.0000 50.0000 2.3200
      vertex 12.8000 49.8000 2.3200
      vertex 12.8000 49.8000 4.4000
    endloop
  endfacet
  facet normal -0.707107 0.707107 0.000000
    outer loop
      vertex 13.0000 50.0000 2.3200
      vertex 12.8000 49.8000 4.4000
      vertex 13.0000 50.0000 4.4000
    endloop
  endfacet
  facet normal -1.000000 0.000000 0.000000
    outer loop
      vertex 12.8000 49.8000 2.3200
      vertex 12.8000 49.4000 2.3200
      vertex 12.8000 49.4000 4.4000
    endloop
  endfacet
  facet normal -1.000000 0.000000 0.000000
    outer loop
      vertex 12.8000 49.8000 2.3200
      vertex 12.8000 49.4000 4.4000
      vertex 12.8000 49.8000 4.4000
    endloop
  endfacet
  facet normal -0.707107 0.707107 0.000000
    outer loop
      vertex 12.8000 49.4000 2.3200
      vertex 11.8000 48.4000 2.3200
      vertex 11.8000 48.4000 4.4000
    endloop
  endfacet
  facet normal -0.707107 0.707107 0.000000
    outer loop
      vertex 12.8000 49.4000 2.3200
      vertex 11.8000 48.4000 4.4000
      vertex 12.8000 49.4000 4.4000
    endloop
  endfacet
  facet normal 0.000000 1.000000 0.000000
    outer loop
      vertex 11.8000 48.4000 2.3200
      vertex 11.6000 48.4000 2.3200
      vertex 11.6000 48.4000 4.4000
    endloop
  endfacet
  facet normal 0.000000 1.000000 -0.000000
    outer loop
      vertex 11.8000 48.4000 2.3200
      vertex 11.6000 48.4000 4.4000
      vertex 11.8000 48.4000 4.4000
    endloop
  endfacet
  facet normal -0.707107 0.707107 0.000000
    outer loop
      vertex 11.6000 48.4000 2.3200
      vertex 11.4000 48.2000 2.3200
      vertex 11.4000 48.2000 4.4000
    endloop
  endfacet
  facet normal -0.707107 0.707107 0.000000
    outer loop
      vertex 11.6000 48.4000 2.3200
      vertex 11.4000 48.2000 4.4000
      vertex 11.6000 48.4000 4.4000
    endloop
  endfacet
  facet normal 0.000000 1.000000 0.000000
    outer loop
      vertex 11.4000 48.2000 2.3200
      vertex 11.0000 48.2000 2.3200
      vertex 11.0000 48.2000 4.4000
    endloop
  endfacet
  facet normal 0.000000 1.000000 -0.000000
    outer loop
      vertex 11.4000 48.2000 2.3200
      vertex 11.0000 48.2000 4.4000
      vertex 11.4000 48.2000 4.4000
    endloop
  endfacet
  facet normal -0.707107 0.707107 0.000000
    outer loop
      vertex 11.0000 48.2000 2.3200
      vertex 10.8000 48.0000 2.3200
      vertex 10.8000 48.0000 4.4000
    endloop
  endfacet
  facet normal -0.707107 0.707107 0.000000
    outer loop
      vertex 11.0000 48.2000 2.3200
      vertex 10.8000 48.0000 4.4000
      vertex 11.0000 48.2000 4.4000
    endloop
  endfacet
  facet normal 0.000000 1.000000 0.000000
    outer loop
      vertex 10.8000 48.0000 2.3200
      vertex 10.4000 48.0000 2.3200
      vertex 10.4000 48.0000 4.4000
    endloop
  endfacet
  facet normal 0.000000 1.000000 -0.000000
    outer loop
      vertex 10.8000 48.0000 2.3200
      vertex 10.4000 48.0000 4.4000
      vertex 10.8000 48.0000 4.4000
    endloop
  endfacet
  facet normal -0.707107 0.707107 0.000000
    outer loop
      vertex 10.4000 48.0000 2.3200
      vertex 10.2000 47.8000 2.3200
      vertex 10.2000 47.8000 4.4000
    endloop
  endfacet
  facet normal -0.707107 0.707107 0.000000
    outer loop
      vertex 10.4000 48.0000 2.3200
      vertex 10.2000 47.8000 4.4000
      vertex 10.4000 48.0000 4.4000
    endloop
  endfacet
  facet normal 0.000000 1.000000 0.000000
    outer loop
      vertex 10.2000 47.8000 2.3200
      vertex 8.6000 47.8000 2.3200
      vertex 8.6000 47.8000 4.4000
    endloop
  endfacet
  facet normal 0.000000 1.000000 -0.000000
    outer loop
      vertex 10.2000 47.8000 2.3200
      vertex 8.6000 47.8000 4.4000
      vertex 10.2000 47.8000 4.4000
    endloop
  endfacet
  facet normal -0.707107 0.707107 0.000000
    outer loop
      vertex 8.6000 47.8000 2.3200
      vertex 8.4000 47.6000 2.3200
      vertex 8.4000 47.6000 4.4000
    endloop
  endfacet
  facet normal -0.707107 0.707107 0.000000
    outer loop
      vertex 8.6000 47.8000 2.3200
      vertex 8.4000 47.6000 4.4000
      vertex 8.6000 47.8000 4.4000
    endloop
  endfacet
  facet normal -1.000000 0.000000 0.000000
    outer loop
      vertex 8.4000 47.6000 2.3200
      vertex 8.4000 42.0000 2.3200
      vertex 8.4000 42.0000 4.4000
    endloop
  endfacet
  facet normal -1.000000 0.000000 0.000000
    outer loop
      vertex 8.4000 47.6000 2.3200
      vertex 8.4000 42.0000 4.4000
      vertex 8.4000 47.6000 4.4000
    endloop
  endfacet
  facet normal -0.707107 0.707107 0.000000
    outer loop
      vertex 8.4000 42.0000 2.3200
      vertex 8.2000 41.8000 2.3200
      vertex 8.2000 41.8000 4.4000
    endloop
  endfacet
  facet normal -0.707107 0.707107 0.000000
    outer loop
      vertex 8.4000 42.0000 2.3200
      vertex 8.2000 41.8000 4.4000
      vertex 8.4000 42.0000 4.4000
    endloop
  endfacet
  facet normal 0.000000 1.000000 0.000000
    outer loop
      vertex 8.2000 41.8000 2.3200
      vertex 8.0000 41.8000 2.3200
      vertex 8.0000 41.8000 4.4000
    endloop
  endfacet
  facet normal 0.000000 1.000000 -0.000000
    outer loop
      vertex 8.2000 41.8000 2.3200
      vertex 8.0000 41.8000 4.4000
      vertex 8.2000 41.8000 4.4000
    endloop
  endfacet
  facet normal -0.707107 0.707107 0.000000
    outer loop
      vertex 8.0000 41.8000 2.3200
      vertex 7.8000 41.6000 2.3200
      vertex 7.8000 41.6000 4.4000
    endloop
  endfacet
  facet normal -0.707107 0.707107 0.000000
    outer loop
      vertex 8.0000 41.8000 2.3200
      vertex 7.8000 41.6000 4.4000
      vertex 8.0000 41.8000 4.4000
    endloop
  endfacet
  facet normal 0.000000 1.000000 0.000000
    outer loop
      vertex 7.8000 41.6000 2.3200
      vertex 4.0000 41.6000 2.3200
      vertex 4.0000 41.6000 4.4000
    endloop
  endfacet
  facet normal 0.000000 1.000000 -0.000000
    outer loop
      vertex 7.8000 41.6000 2.3200
      vertex 4.0000 41.6000 4.4000
      vertex 7.8000 41.6000 4.4000
    endloop
  endfacet
  facet normal 0.707107 0.707107 0.000000
    outer loop
      vertex 4.0000 41.6000 2.3200
      vertex 3.8000 41.8000 2.3200
      vertex 3.8000 41.8000 4.4000
    endloop
  endfacet
  facet normal 0.707107 0.707107 -0.000000
    outer loop
      vertex 4.0000 41.6000 2.3200
      vertex 3.8000 41.8000 4.4000
      vertex 4.0000 41.6000 4.4000
    endloop
  endfacet
  facet normal 0.000000 1.000000 0.000000
    outer loop
      vertex 3.8000 41.8000 2.3200
      vertex 3.6000 41.8000 2.3200
      vertex 3.6000 41.8000 4.4000
    endloop
  endfacet
  facet normal 0.000000 1.000000 -0.000000
    outer loop
      vertex 3.8000 41.8000 2.3200
      vertex 3.6000 41.8000 4.4000
      vertex 3.8000 41.8000 4.4000
    endloop
  endfacet
  facet normal 0.707107 0.707107 0.000000
    outer loop
      vertex 3.6000 41.8000 2.3200
      vertex 3.4000 42.0000 2.3200
      vertex 3.4000 42.0000 4.4000
    endloop
  endfacet
  facet normal 0.707107 0.707107 -0.000000
    outer loop
      vertex 3.6000 41.8000 2.3200
      vertex 3.4000 42.0000 4.4000
      vertex 3.6000 41.8000 4.4000
    endloop
  endfacet
  facet normal 1.000000 0.000000 0.000000
    outer loop
      vertex 3.4000 42.0000 2.3200
      vertex 3.4000 57.6000 2.3200
      vertex 3.4000 57.6000 4.4000
    endloop
  endfacet
  facet normal 1.000000 0.000000 0.000000
    outer loop
      vertex 3.4000 42.0000 2.3200
      vertex 3.4000 57.6000 4.4000
      vertex 3.4000 42.0000 4.4000
    endloop
  endfacet
  facet normal 0.707107 -0.707107 0.000000
    outer loop
      vertex 3.4000 57.6000 2.3200
      vertex 3.6000 57.8000 2.3200
      vertex 3.6000 57.8000 4.4000
    endloop
  endfacet
  facet normal 0.707107 -0.707107 0.000000
    outer loop
      vertex 3.4000 57.6000 2.3200
      vertex 3.6000 57.8000 4.4000
      vertex 3.4000 57.6000 4.4000
    endloop
  endfacet
  facet normal 0.000000 -1.000000 0.000000
    outer loop
      vertex 3.6000 57.8000 2.3200
      vertex 3.8000 57.8000 2.3200
      vertex 3.8000 57.8000 4.4000
    endloop
  endfacet
  facet normal 0.000000 -1.000000 0.000000
    outer loop
      vertex 3.6000 57.8000 2.3200
      vertex 3.8000 57.8000 4.4000
      vertex 3.6000 57.8000 4.4000
    endloop
  endfacet
  facet normal 0.707107 -0.707107 0.000000
    outer loop
      vertex 3.8000 57.8000 2.3200
      vertex 4.0000 58.0000 2.3200
      vertex 4.0000 58.0000 4.4000
    endloop
  endfacet
  facet normal 0.707107 -0.707107 0.000000
    outer loop
      vertex 3.8000 57.8000 2.3200
      vertex 4.0000 58.0000 4.4000
      vertex 3.8000 57.8000 4.4000
    endloop
  endfacet
  facet normal 0.000000 -1.000000 0.000000
    outer loop
      vertex 4.0000 58.0000 2.3200
      vertex 9.6000 58.0000 2.3200
      vertex 9.6000 58.0000 4.4000
    endloop
  endfacet
  facet normal 0.000000 -1.000000 0.000000
    outer loop
      vertex 4.0000 58.0000 2.3200
      vertex 9.6000 58.0000 4.4000
      vertex 4.0000 58.0000 4.4000
    endloop
  endfacet
  facet normal -0.707107 -0.707107 0.000000
    outer loop
      vertex 8.4000 52.2000 2.3200
      vertex 8.6000 52.0000 2.3200
      vertex 8.6000 52.0000 4.4000
    endloop
  endfacet
  facet normal -0.707107 -0.707107 0.000000
    outer loop
      vertex 8.4000 52.2000 2.3200
      vertex 8.6000 52.0000 4.4000
      vertex 8.4000 52.2000 4.4000
    endloop
  endfacet
  facet normal 0.707107 -0.707107 0.000000
    outer loop
      vertex 8.6000 52.0000 2.3200
      vertex 8.8000 52.2000 2.3200
      vertex 8.8000 52.2000 4.4000
    endloop
  endfacet
  facet normal 0.707107 -0.707107 0.000000
    outer loop
      vertex 8.6000 52.0000 2.3200
      vertex 8.8000 52.2000 4.4000
      vertex 8.6000 52.0000 4.4000
    endloop
  endfacet
  facet normal 1.000000 0.000000 0.000000
    outer loop
      vertex 8.8000 52.2000 2.3200
      vertex 8.8000 53.6000 2.3200
      vertex 8.8000 53.6000 4.4000
    endloop
  endfacet
  facet normal 1.000000 0.000000 0.000000
    outer loop
      vertex 8.8000 52.2000 2.3200
      vertex 8.8000 53.6000 4.4000
      vertex 8.8000 52.2000 4.4000
    endloop
  endfacet
  facet normal 0.707107 0.707107 0.000000
    outer loop
      vertex 8.8000 53.6000 2.3200
      vertex 8.6000 53.8000 2.3200
      vertex 8.6000 53.8000 4.4000
    endloop
  endfacet
  facet normal 0.707107 0.707107 -0.000000
    outer loop
      vertex 8.8000 53.6000 2.3200
      vertex 8.6000 53.8000 4.4000
      vertex 8.8000 53.6000 4.4000
    endloop
  endfacet
  facet normal -0.707107 0.707107 0.000000
    outer loop
      vertex 8.6000 53.8000 2.3200
      vertex 8.4000 53.6000 2.3200
      vertex 8.4000 53.6000 4.4000
    endloop
  endfacet
  facet normal -0.707107 0.707107 0.000000
    outer loop
      vertex 8.6000 53.8000 2.3200
      vertex 8.4000 53.6000 4.4000
      vertex 8.6000 53.8000 4.4000
    endloop
  endfacet
  facet normal -1.000000 0.000000 0.000000
    outer loop
      vertex 8.4000 53.6000 2.3200
      vertex 8.4000 52.2000 2.3200
      vertex 8.4000 52.2000 4.4000
    endloop
  endfacet
  facet normal -1.000000 0.000000 0.000000
    outer loop
      vertex 8.4000 53.6000 2.3200
      vertex 8.4000 52.2000 4.4000
      vertex 8.4000 53.6000 4.4000
    endloop
  endfacet
  facet normal 0.000000 0.000000 -1.000000
    outer loop
      vertex 24.4000 56.2000 4.4000
      vertex 25.4000 57.2000 4.4000
      vertex 24.4000 56.0000 4.4000
    endloop
  endfacet
  facet normal 0.000000 0.000000 1.000000
    outer loop
      vertex 24.4000 56.0000 2.3200
      vertex 25.4000 57.2000 2.3200
      vertex 24.4000 56.2000 2.3200
    endloop
  endfacet
  facet normal 0.000000 -0.000000 -1.000000
    outer loop
      vertex 25.4000 57.2000 4.4000
      vertex 25.6000 57.2000 4.4000
      vertex 24.4000 56.0000 4.4000
    endloop
  endfacet
  facet normal 0.000000 0.000000 1.000000
    outer loop
      vertex 24.4000 56.0000 2.3200
      vertex 25.6000 57.2000 2.3200
      vertex 25.4000 57.2000 2.3200
    endloop
  endfacet
  facet normal 0.000000 -0.000000 -1.000000
    outer loop
      vertex 26.0000 57.6000 4.4000
      vertex 26.2000 57.6000 4.4000
      vertex 25.6000 57.2000 4.4000
    endloop
  endfacet
  facet normal 0.000000 0.000000 1.000000
    outer loop
      vertex 25.6000 57.2000 2.3200
      vertex 26.2000 57.6000 2.3200
      vertex 26.0000 57.6000 2.3200
    endloop
  endfacet
  facet normal 0.000000 -0.000000 -1.000000
    outer loop
      vertex 26.4000 57.8000 4.4000
      vertex 26.8000 57.8000 4.4000
      vertex 26.2000 57.6000 4.4000
    endloop
  endfacet
  facet normal 0.000000 0.000000 1.000000
    outer loop
      vertex 26.2000 57.6000 2.3200
      vertex 26.8000 57.8000 2.3200
      vertex 26.4000 57.8000 2.3200
    endloop
  endfacet
  facet normal 0.000000 -0.000000 -1.000000
    outer loop
      vertex 27.0000 58.0000 4.4000
      vertex 27.6000 58.0000 4.4000
      vertex 26.8000 57.8000 4.4000
    endloop
  endfacet
  facet normal 0.000000 0.000000 1.000000
    outer loop
      vertex 26.8000 57.8000 2.3200
      vertex 27.6000 58.0000 2.3200
      vertex 27.0000 58.0000 2.3200
    endloop
  endfacet
  facet normal 0.000000 -0.000000 -1.000000
    outer loop
      vertex 27.8000 58.2000 4.4000
      vertex 30.0000 58.2000 4.4000
      vertex 27.6000 58.0000 4.4000
    endloop
  endfacet
  facet normal 0.000000 0.000000 1.000000
    outer loop
      vertex 27.6000 58.0000 2.3200
      vertex 30.0000 58.2000 2.3200
      vertex 27.8000 58.2000 2.3200
    endloop
  endfacet
  facet normal 0.000000 -0.000000 -1.000000
    outer loop
      vertex 30.0000 58.2000 4.4000
      vertex 30.2000 58.0000 4.4000
      vertex 27.6000 58.0000 4.4000
    endloop
  endfacet
  facet normal 0.000000 0.000000 1.000000
    outer loop
      vertex 27.6000 58.0000 2.3200
      vertex 30.2000 58.0000 2.3200
      vertex 30.0000 58.2000 2.3200
    endloop
  endfacet
  facet normal -0.000000 -0.000000 -1.000000
    outer loop
      vertex 31.2000 57.8000 4.4000
      vertex 31.4000 57.6000 4.4000
      vertex 30.8000 57.8000 4.4000
    endloop
  endfacet
  facet normal -0.000000 0.000000 1.000000
    outer loop
      vertex 30.8000 57.8000 2.3200
      vertex 31.4000 57.6000 2.3200
      vertex 31.2000 57.8000 2.3200
    endloop
  endfacet
  facet normal -0.000000 -0.000000 -1.000000
    outer loop
      vertex 32.0000 57.4000 4.4000
      vertex 32.4000 57.0000 4.4000
      vertex 31.8000 57.4000 4.4000
    endloop
  endfacet
  facet normal -0.000000 0.000000 1.000000
    outer loop
      vertex 31.8000 57.4000 2.3200
      vertex 32.4000 57.0000 2.3200
      vertex 32.0000 57.4000 2.3200
    endloop
  endfacet
  facet normal -0.000000 -0.000000 -1.000000
    outer loop
      vertex 32.6000 57.0000 4.4000
      vertex 33.0000 56.6000 4.4000
      vertex 32.4000 57.0000 4.4000
    endloop
  endfacet
  facet normal -0.000000 0.000000 1.000000
    outer loop
      vertex 32.4000 57.0000 2.3200
      vertex 33.0000 56.6000 2.3200
      vertex 32.6000 57.0000 2.3200
    endloop
  endfacet
  facet normal -0.000000 -0.000000 -1.000000
    outer loop
      vertex 33.0000 56.6000 4.4000
      vertex 33.0000 56.4000 4.4000
      vertex 32.4000 57.0000 4.4000
    endloop
  endfacet
  facet normal 0.000000 0.000000 1.000000
    outer loop
      vertex 32.4000 57.0000 2.3200
      vertex 33.0000 56.4000 2.3200
      vertex 33.0000 56.6000 2.3200
    endloop
  endfacet
  facet normal -0.000000 -0.000000 -1.000000
    outer loop
      vertex 33.4000 56.0000 4.4000
      vertex 33.4000 55.8000 4.4000
      vertex 33.0000 56.4000 4.4000
    endloop
  endfacet
  facet normal 0.000000 0.000000 1.000000
    outer loop
      vertex 33.0000 56.4000 2.3200
      vertex 33.4000 55.8000 2.3200
      vertex 33.4000 56.0000 2.3200
    endloop
  endfacet
  facet normal -0.000000 -0.000000 -1.000000
    outer loop
      vertex 33.6000 55.6000 4.4000
      vertex 33.6000 55.4000 4.4000
      vertex 33.4000 55.8000 4.4000
    endloop
  endfacet
  facet normal 0.000000 0.000000 1.000000
    outer loop
      vertex 33.4000 55.8000 2.3200
      vertex 33.6000 55.4000 2.3200
      vertex 33.6000 55.6000 2.3200
    endloop
  endfacet
  facet normal -0.000000 -0.000000 -1.000000
    outer loop
      vertex 33.8000 55.2000 4.4000
      vertex 33.8000 54.6000 4.4000
      vertex 33.6000 55.4000 4.4000
    endloop
  endfacet
  facet normal 0.000000 0.000000 1.000000
    outer loop
      vertex 33.6000 55.4000 2.3200
      vertex 33.8000 54.6000 2.3200
      vertex 33.8000 55.2000 2.3200
    endloop
  endfacet
  facet normal -0.000000 0.000000 -1.000000
    outer loop
      vertex 34.0000 54.4000 4.4000
      vertex 33.8651 50.3634 4.4000
      vertex 33.8000 54.6000 4.4000
    endloop
  endfacet
  facet normal 0.000000 0.000000 1.000000
    outer loop
      vertex 33.8000 54.6000 2.3200
      vertex 33.8651 50.3634 2.3200
      vertex 34.0000 54.4000 2.3200
    endloop
  endfacet
  facet normal 0.000000 0.000000 -1.000000
    outer loop
      vertex 34.0000 54.4000 4.4000
      vertex 33.8723 50.3693 4.4000
      vertex 33.8651 50.3634 4.4000
    endloop
  endfacet
  facet normal 0.000000 0.000000 1.000000
    outer loop
      vertex 33.8651 50.3634 2.3200
      vertex 33.8723 50.3693 2.3200
      vertex 34.0000 54.4000 2.3200
    endloop
  endfacet
  facet normal 0.000000 -0.000000 -1.000000
    outer loop
      vertex 34.0000 54.4000 4.4000
      vertex 34.0000 50.4678 4.4000
      vertex 33.8723 50.3693 4.4000
    endloop
  endfacet
  facet normal 0.000000 0.000000 1.000000
    outer loop
      vertex 33.8723 50.3693 2.3200
      vertex 34.0000 50.4678 2.3200
      vertex 34.0000 54.4000 2.3200
    endloop
  endfacet
  facet normal 0.000000 0.000000 -1.000000
    outer loop
      vertex 32.6000 42.6000 4.4000
      vertex 33.2000 43.4000 4.4000
      vertex 33.2000 43.2000 4.4000
    endloop
  endfacet
  facet normal 0.000000 -0.000000 1.000000
    outer loop
      vertex 33.2000 43.2000 2.3200
      vertex 33.2000 43.4000 2.3200
      vertex 32.6000 42.6000 2.3200
    endloop
  endfacet
  facet normal 0.000000 0.000000 -1.000000
    outer loop
      vertex 32.6000 42.6000 4.4000
      vertex 32.4000 42.6000 4.4000
      vertex 33.2000 43.4000 4.4000
    endloop
  endfacet
  facet normal 0.000000 0.000000 1.000000
    outer loop
      vertex 33.2000 43.4000 2.3200
      vertex 32.4000 42.6000 2.3200
      vertex 32.6000 42.6000 2.3200
    endloop
  endfacet
  facet normal 0.000000 0.000000 -1.000000
    outer loop
      vertex 32.0000 42.2000 4.4000
      vertex 31.8000 42.2000 4.4000
      vertex 32.4000 42.6000 4.4000
    endloop
  endfacet
  facet normal 0.000000 0.000000 1.000000
    outer loop
      vertex 32.4000 42.6000 2.3200
      vertex 31.8000 42.2000 2.3200
      vertex 32.0000 42.2000 2.3200
    endloop
  endfacet
  facet normal 0.000000 0.000000 -1.000000
    outer loop
      vertex 31.6000 42.0000 4.4000
      vertex 31.4000 42.0000 4.4000
      vertex 31.8000 42.2000 4.4000
    endloop
  endfacet
  facet normal 0.000000 0.000000 1.000000
    outer loop
      vertex 31.8000 42.2000 2.3200
      vertex 31.4000 42.0000 2.3200
      vertex 31.6000 42.0000 2.3200
    endloop
  endfacet
  facet normal 0.000000 0.000000 -1.000000
    outer loop
      vertex 30.8000 41.6000 4.4000
      vertex 30.2000 41.6000 4.4000
      vertex 31.0000 41.8000 4.4000
    endloop
  endfacet
  facet normal 0.000000 0.000000 1.000000
    outer loop
      vertex 31.0000 41.8000 2.3200
      vertex 30.2000 41.6000 2.3200
      vertex 30.8000 41.6000 2.3200
    endloop
  endfacet
  facet normal 0.000000 0.000000 -1.000000
    outer loop
      vertex 30.0000 41.4000 4.4000
      vertex 27.6000 41.6000 4.4000
      vertex 30.2000 41.6000 4.4000
    endloop
  endfacet
  facet normal 0.000000 0.000000 1.000000
    outer loop
      vertex 30.2000 41.6000 2.3200
      vertex 27.6000 41.6000 2.3200
      vertex 30.0000 41.4000 2.3200
    endloop
  endfacet
  facet normal 0.000000 0.000000 -1.000000
    outer loop
      vertex 30.0000 41.4000 4.4000
      vertex 27.8000 41.4000 4.4000
      vertex 27.6000 41.6000 4.4000
    endloop
  endfacet
  facet normal 0.000000 0.000000 1.000000
    outer loop
      vertex 27.6000 41.6000 2.3200
      vertex 27.8000 41.4000 2.3200
      vertex 30.0000 41.4000 2.3200
    endloop
  endfacet
  facet normal 0.000000 0.000000 -1.000000
    outer loop
      vertex 27.0000 41.6000 4.4000
      vertex 26.8000 41.8000 4.4000
      vertex 27.6000 41.6000 4.4000
    endloop
  endfacet
  facet normal 0.000000 0.000000 1.000000
    outer loop
      vertex 27.6000 41.6000 2.3200
      vertex 26.8000 41.8000 2.3200
      vertex 27.0000 41.6000 2.3200
    endloop
  endfacet
  facet normal 0.000000 0.000000 -1.000000
    outer loop
      vertex 26.4000 41.8000 4.4000
      vertex 26.2000 42.0000 4.4000
      vertex 26.8000 41.8000 4.4000
    endloop
  endfacet
  facet normal 0.000000 0.000000 1.000000
    outer loop
      vertex 26.8000 41.8000 2.3200
      vertex 26.2000 42.0000 2.3200
      vertex 26.4000 41.8000 2.3200
    endloop
  endfacet
  facet normal 0.000000 0.000000 -1.000000
    outer loop
      vertex 26.0000 42.0000 4.4000
      vertex 25.6000 42.4000 4.4000
      vertex 26.2000 42.0000 4.4000
    endloop
  endfacet
  facet normal 0.000000 0.000000 1.000000
    outer loop
      vertex 26.2000 42.0000 2.3200
      vertex 25.6000 42.4000 2.3200
      vertex 26.0000 42.0000 2.3200
    endloop
  endfacet
  facet normal 0.000000 0.000000 -1.000000
    outer loop
      vertex 25.4000 42.4000 4.4000
      vertex 24.4000 43.6000 4.4000
      vertex 25.6000 42.4000 4.4000
    endloop
  endfacet
  facet normal 0.000000 0.000000 1.000000
    outer loop
      vertex 25.6000 42.4000 2.3200
      vertex 24.4000 43.6000 2.3200
      vertex 25.4000 42.4000 2.3200
    endloop
  endfacet
  facet normal 0.000000 0.000000 -1.000000
    outer loop
      vertex 25.4000 42.4000 4.4000
      vertex 24.4000 43.4000 4.4000
      vertex 24.4000 43.6000 4.4000
    endloop
  endfacet
  facet normal 0.000000 0.000000 1.000000
    outer loop
      vertex 24.4000 43.6000 2.3200
      vertex 24.4000 43.4000 2.3200
      vertex 25.4000 42.4000 2.3200
    endloop
  endfacet
  facet normal 0.000000 0.000000 -1.000000
    outer loop
      vertex 24.2000 43.8000 4.4000
      vertex 24.2000 44.0000 4.4000
      vertex 24.4000 43.6000 4.4000
    endloop
  endfacet
  facet normal 0.000000 0.000000 1.000000
    outer loop
      vertex 24.4000 43.6000 2.3200
      vertex 24.2000 44.0000 2.3200
      vertex 24.2000 43.8000 2.3200
    endloop
  endfacet
  facet normal 0.000000 0.000000 -1.000000
    outer loop
      vertex 24.0000 44.2000 4.4000
      vertex 24.0000 44.4000 4.4000
      vertex 24.2000 44.0000 4.4000
    endloop
  endfacet
  facet normal 0.000000 0.000000 1.000000
    outer loop
      vertex 24.2000 44.0000 2.3200
      vertex 24.0000 44.4000 2.3200
      vertex 24.0000 44.2000 2.3200
    endloop
  endfacet
  facet normal 0.000000 0.000000 -1.000000
    outer loop
      vertex 23.8000 44.6000 4.4000
      vertex 23.8000 47.0000 4.4000
      vertex 24.0000 44.4000 4.4000
    endloop
  endfacet
  facet normal 0.000000 0.000000 1.000000
    outer loop
      vertex 24.0000 44.4000 2.3200
      vertex 23.8000 47.0000 2.3200
      vertex 23.8000 44.6000 2.3200
    endloop
  endfacet
  facet normal 0.000000 0.000000 -1.000000
    outer loop
      vertex 23.6000 47.2000 4.4000
      vertex 23.8000 52.6000 4.4000
      vertex 23.8000 47.0000 4.4000
    endloop
  endfacet
  facet normal 0.000000 -0.000000 1.000000
    outer loop
      vertex 23.8000 47.0000 2.3200
      vertex 23.8000 52.6000 2.3200
      vertex 23.6000 47.2000 2.3200
    endloop
  endfacet
  facet normal 0.000000 0.000000 -1.000000
    outer loop
      vertex 23.6000 47.2000 4.4000
      vertex 23.6000 52.4000 4.4000
      vertex 23.8000 52.6000 4.4000
    endloop
  endfacet
  facet normal 0.000000 0.000000 1.000000
    outer loop
      vertex 23.8000 52.6000 2.3200
      vertex 23.6000 52.4000 2.3200
      vertex 23.6000 47.2000 2.3200
    endloop
  endfacet
  facet normal 0.000000 0.000000 -1.000000
    outer loop
      vertex 23.8000 55.0000 4.4000
      vertex 24.0000 55.2000 4.4000
      vertex 23.8000 52.6000 4.4000
    endloop
  endfacet
  facet normal 0.000000 0.000000 1.000000
    outer loop
      vertex 23.8000 52.6000 2.3200
      vertex 24.0000 55.2000 2.3200
      vertex 23.8000 55.0000 2.3200
    endloop
  endfacet
  facet normal 0.000000 0.000000 -1.000000
    outer loop
      vertex 24.0000 55.4000 4.4000
      vertex 24.2000 55.6000 4.4000
      vertex 24.0000 55.2000 4.4000
    endloop
  endfacet
  facet normal 0.000000 0.000000 1.000000
    outer loop
      vertex 24.0000 55.2000 2.3200
      vertex 24.2000 55.6000 2.3200
      vertex 24.0000 55.4000 2.3200
    endloop
  endfacet
  facet normal 0.000000 0.000000 -1.000000
    outer loop
      vertex 24.2000 55.8000 4.4000
      vertex 24.4000 56.0000 4.4000
      vertex 24.2000 55.6000 4.4000
    endloop
  endfacet
  facet normal 0.000000 0.000000 1.000000
    outer loop
      vertex 24.2000 55.6000 2.3200
      vertex 24.4000 56.0000 2.3200
      vertex 24.2000 55.8000 2.3200
    endloop
  endfacet
  facet normal 0.000000 -0.000000 -1.000000
    outer loop
      vertex 24.4000 56.0000 4.4000
      vertex 25.6000 57.2000 4.4000
      vertex 24.2000 55.6000 4.4000
    endloop
  endfacet
  facet normal 0.000000 0.000000 1.000000
    outer loop
      vertex 24.2000 55.6000 2.3200
      vertex 25.6000 57.2000 2.3200
      vertex 24.4000 56.0000 2.3200
    endloop
  endfacet
  facet normal 0.000000 0.000000 -1.000000
    outer loop
      vertex 25.6000 57.2000 4.4000
      vertex 23.8000 52.6000 4.4000
      vertex 24.2000 55.6000 4.4000
    endloop
  endfacet
  facet normal -0.000000 0.000000 1.000000
    outer loop
      vertex 24.2000 55.6000 2.3200
      vertex 23.8000 52.6000 2.3200
      vertex 25.6000 57.2000 2.3200
    endloop
  endfacet
  facet normal 0.000000 -0.000000 -1.000000
    outer loop
      vertex 25.6000 57.2000 4.4000
      vertex 26.8000 57.8000 4.4000
      vertex 23.8000 52.6000 4.4000
    endloop
  endfacet
  facet normal 0.000000 0.000000 1.000000
    outer loop
      vertex 23.8000 52.6000 2.3200
      vertex 26.8000 57.8000 2.3200
      vertex 25.6000 57.2000 2.3200
    endloop
  endfacet
  facet normal 0.000000 0.000000 -1.000000
    outer loop
      vertex 25.6000 57.2000 4.4000
      vertex 26.2000 57.6000 4.4000
      vertex 26.8000 57.8000 4.4000
    endloop
  endfacet
  facet normal 0.000000 0.000000 1.000000
    outer loop
      vertex 26.8000 57.8000 2.3200
      vertex 26.2000 57.6000 2.3200
      vertex 25.6000 57.2000 2.3200
    endloop
  endfacet
  facet normal 0.000000 -0.000000 -1.000000
    outer loop
      vertex 26.8000 57.8000 4.4000
      vertex 27.6000 58.0000 4.4000
      vertex 23.8000 52.6000 4.4000
    endloop
  endfacet
  facet normal 0.000000 0.000000 1.000000
    outer loop
      vertex 23.8000 52.6000 2.3200
      vertex 27.6000 58.0000 2.3200
      vertex 26.8000 57.8000 2.3200
    endloop
  endfacet
  facet normal 0.000000 -0.000000 -1.000000
    outer loop
      vertex 27.6000 58.0000 4.4000
      vertex 30.8000 57.8000 4.4000
      vertex 23.8000 52.6000 4.4000
    endloop
  endfacet
  facet normal 0.000000 0.000000 1.000000
    outer loop
      vertex 23.8000 52.6000 2.3200
      vertex 30.8000 57.8000 2.3200
      vertex 27.6000 58.0000 2.3200
    endloop
  endfacet
  facet normal 0.000000 0.000000 -1.000000
    outer loop
      vertex 27.6000 58.0000 4.4000
      vertex 30.2000 58.0000 4.4000
      vertex 30.8000 57.8000 4.4000
    endloop
  endfacet
  facet normal 0.000000 0.000000 1.000000
    outer loop
      vertex 30.8000 57.8000 2.3200
      vertex 30.2000 58.0000 2.3200
      vertex 27.6000 58.0000 2.3200
    endloop
  endfacet
  facet normal 0.000000 0.000000 -1.000000
    outer loop
      vertex 30.2000 58.0000 4.4000
      vertex 30.6000 58.0000 4.4000
      vertex 30.8000 57.8000 4.4000
    endloop
  endfacet
  facet normal 0.000000 0.000000 1.000000
    outer loop
      vertex 30.8000 57.8000 2.3200
      vertex 30.6000 58.0000 2.3200
      vertex 30.2000 58.0000 2.3200
    endloop
  endfacet
  facet normal 0.000000 -0.000000 -1.000000
    outer loop
      vertex 30.8000 57.8000 4.4000
      vertex 33.8000 54.6000 4.4000
      vertex 23.8000 52.6000 4.4000
    endloop
  endfacet
  facet normal 0.000000 0.000000 1.000000
    outer loop
      vertex 23.8000 52.6000 2.3200
      vertex 33.8000 54.6000 2.3200
      vertex 30.8000 57.8000 2.3200
    endloop
  endfacet
  facet normal 0.000000 0.000000 -1.000000
    outer loop
      vertex 30.8000 57.8000 4.4000
      vertex 31.8000 57.4000 4.4000
      vertex 33.8000 54.6000 4.4000
    endloop
  endfacet
  facet normal 0.000000 0.000000 1.000000
    outer loop
      vertex 33.8000 54.6000 2.3200
      vertex 31.8000 57.4000 2.3200
      vertex 30.8000 57.8000 2.3200
    endloop
  endfacet
  facet normal 0.000000 0.000000 -1.000000
    outer loop
      vertex 30.8000 57.8000 4.4000
      vertex 31.4000 57.6000 4.4000
      vertex 31.8000 57.4000 4.4000
    endloop
  endfacet
  facet normal 0.000000 0.000000 1.000000
    outer loop
      vertex 31.8000 57.4000 2.3200
      vertex 31.4000 57.6000 2.3200
      vertex 30.8000 57.8000 2.3200
    endloop
  endfacet
  facet normal 0.000000 0.000000 -1.000000
    outer loop
      vertex 31.4000 57.6000 4.4000
      vertex 31.6000 57.6000 4.4000
      vertex 31.8000 57.4000 4.4000
    endloop
  endfacet
  facet normal 0.000000 0.000000 1.000000
    outer loop
      vertex 31.8000 57.4000 2.3200
      vertex 31.6000 57.6000 2.3200
      vertex 31.4000 57.6000 2.3200
    endloop
  endfacet
  facet normal 0.000000 0.000000 -1.000000
    outer loop
      vertex 31.8000 57.4000 4.4000
      vertex 32.4000 57.0000 4.4000
      vertex 33.8000 54.6000 4.4000
    endloop
  endfacet
  facet normal 0.000000 0.000000 1.000000
    outer loop
      vertex 33.8000 54.6000 2.3200
      vertex 32.4000 57.0000 2.3200
      vertex 31.8000 57.4000 2.3200
    endloop
  endfacet
  facet normal 0.000000 0.000000 -1.000000
    outer loop
      vertex 32.4000 57.0000 4.4000
      vertex 33.0000 56.4000 4.4000
      vertex 33.8000 54.6000 4.4000
    endloop
  endfacet
  facet normal 0.000000 0.000000 1.000000
    outer loop
      vertex 33.8000 54.6000 2.3200
      vertex 33.0000 56.4000 2.3200
      vertex 32.4000 57.0000 2.3200
    endloop
  endfacet
  facet normal 0.000000 0.000000 -1.000000
    outer loop
      vertex 33.0000 56.4000 4.4000
      vertex 33.4000 55.8000 4.4000
      vertex 33.8000 54.6000 4.4000
    endloop
  endfacet
  facet normal 0.000000 0.000000 1.000000
    outer loop
      vertex 33.8000 54.6000 2.3200
      vertex 33.4000 55.8000 2.3200
      vertex 33.0000 56.4000 2.3200
    endloop
  endfacet
  facet normal 0.000000 0.000000 -1.000000
    outer loop
      vertex 33.4000 55.8000 4.4000
      vertex 33.6000 55.4000 4.4000
      vertex 33.8000 54.6000 4.4000
    endloop
  endfacet
  facet normal 0.000000 0.000000 1.000000
    outer loop
      vertex 33.8000 54.6000 2.3200
      vertex 33.6000 55.4000 2.3200
      vertex 33.4000 55.8000 2.3200
    endloop
  endfacet
  facet normal 0.000000 -0.000000 -1.000000
    outer loop
      vertex 33.8000 54.6000 4.4000
      vertex 33.8362 50.3256 4.4000
      vertex 23.8000 52.6000 4.4000
    endloop
  endfacet
  facet normal -0.000000 0.000000 1.000000
    outer loop
      vertex 23.8000 52.6000 2.3200
      vertex 33.8362 50.3256 2.3200
      vertex 33.8000 54.6000 2.3200
    endloop
  endfacet
  facet normal 0.000000 0.000000 -1.000000
    outer loop
      vertex 33.8000 54.6000 4.4000
      vertex 33.8428 50.3378 4.4000
      vertex 33.8362 50.3256 4.4000
    endloop
  endfacet
  facet normal 0.000000 -0.000000 1.000000
    outer loop
      vertex 33.8362 50.3256 2.3200
      vertex 33.8428 50.3378 2.3200
      vertex 33.8000 54.6000 2.3200
    endloop
  endfacet
  facet normal 0.000000 0.000000 -1.000000
    outer loop
      vertex 33.8000 54.6000 4.4000
      vertex 33.8510 50.3489 4.4000
      vertex 33.8428 50.3378 4.4000
    endloop
  endfacet
  facet normal 0.000000 -0.000000 1.000000
    outer loop
      vertex 33.8428 50.3378 2.3200
      vertex 33.8510 50.3489 2.3200
      vertex 33.8000 54.6000 2.3200
    endloop
  endfacet
  facet normal 0.000000 0.000000 -1.000000
    outer loop
      vertex 33.8000 54.6000 4.4000
      vertex 33.8651 50.3634 4.4000
      vertex 33.8510 50.3489 4.4000
    endloop
  endfacet
  facet normal 0.000000 -0.000000 1.000000
    outer loop
      vertex 33.8510 50.3489 2.3200
      vertex 33.8651 50.3634 2.3200
      vertex 33.8000 54.6000 2.3200
    endloop
  endfacet
  facet normal 0.000000 0.000000 -1.000000
    outer loop
      vertex 33.9263 44.2737 4.4000
      vertex 33.8000 44.4000 4.4000
      vertex 33.8775 44.5275 4.4000
    endloop
  endfacet
  facet normal 0.000000 0.000000 1.000000
    outer loop
      vertex 33.8775 44.5275 2.3200
      vertex 33.8000 44.4000 2.3200
      vertex 33.9263 44.2737 2.3200
    endloop
  endfacet
  facet normal 0.000000 0.000000 -1.000000
    outer loop
      vertex 33.2000 43.4000 4.4000
      vertex 33.6000 44.2000 4.4000
      vertex 33.6000 43.8000 4.4000
    endloop
  endfacet
  facet normal 0.000000 -0.000000 1.000000
    outer loop
      vertex 33.6000 43.8000 2.3200
      vertex 33.6000 44.2000 2.3200
      vertex 33.2000 43.4000 2.3200
    endloop
  endfacet
  facet normal -0.000000 0.000000 -1.000000
    outer loop
      vertex 33.2000 43.4000 4.4000
      vertex 32.4000 42.6000 4.4000
      vertex 33.6000 44.2000 4.4000
    endloop
  endfacet
  facet normal 0.000000 0.000000 1.000000
    outer loop
      vertex 33.6000 44.2000 2.3200
      vertex 32.4000 42.6000 2.3200
      vertex 33.2000 43.4000 2.3200
    endloop
  endfacet
  facet normal 0.000000 0.000000 -1.000000
    outer loop
      vertex 32.4000 42.6000 4.4000
      vertex 33.8000 45.0000 4.4000
      vertex 33.6000 44.2000 4.4000
    endloop
  endfacet
  facet normal 0.000000 -0.000000 1.000000
    outer loop
      vertex 33.6000 44.2000 2.3200
      vertex 33.8000 45.0000 2.3200
      vertex 32.4000 42.6000 2.3200
    endloop
  endfacet
  facet normal 0.000000 0.000000 -1.000000
    outer loop
      vertex 32.4000 42.6000 4.4000
      vertex 33.5689 46.8667 4.4000
      vertex 33.8000 45.0000 4.4000
    endloop
  endfacet
  facet normal 0.000000 0.000000 1.000000
    outer loop
      vertex 33.8000 45.0000 2.3200
      vertex 33.5689 46.8667 2.3200
      vertex 32.4000 42.6000 2.3200
    endloop
  endfacet
  facet normal -0.000000 0.000000 -1.000000
    outer loop
      vertex 32.4000 42.6000 4.4000
      vertex 31.8000 42.2000 4.4000
      vertex 33.5689 46.8667 4.4000
    endloop
  endfacet
  facet normal 0.000000 0.000000 1.000000
    outer loop
      vertex 33.5689 46.8667 2.3200
      vertex 31.8000 42.2000 2.3200
      vertex 32.4000 42.6000 2.3200
    endloop
  endfacet
  facet normal -0.000000 0.000000 -1.000000
    outer loop
      vertex 31.8000 42.2000 4.4000
      vertex 31.4000 42.0000 4.4000
      vertex 33.5689 46.8667 4.4000
    endloop
  endfacet
  facet normal 0.000000 0.000000 1.000000
    outer loop
      vertex 33.5689 46.8667 2.3200
      vertex 31.4000 42.0000 2.3200
      vertex 31.8000 42.2000 2.3200
    endloop
  endfacet
  facet normal -0.000000 0.000000 -1.000000
    outer loop
      vertex 31.4000 42.0000 4.4000
      vertex 30.2000 41.6000 4.4000
      vertex 33.5689 46.8667 4.4000
    endloop
  endfacet
  facet normal 0.000000 0.000000 1.000000
    outer loop
      vertex 33.5689 46.8667 2.3200
      vertex 30.2000 41.6000 2.3200
      vertex 31.4000 42.0000 2.3200
    endloop
  endfacet
  facet normal 0.000000 0.000000 -1.000000
    outer loop
      vertex 31.4000 42.0000 4.4000
      vertex 31.0000 41.8000 4.4000
      vertex 30.2000 41.6000 4.4000
    endloop
  endfacet
  facet normal 0.000000 0.000000 1.000000
    outer loop
      vertex 30.2000 41.6000 2.3200
      vertex 31.0000 41.8000 2.3200
      vertex 31.4000 42.0000 2.3200
    endloop
  endfacet
  facet normal 0.000000 0.000000 -1.000000
    outer loop
      vertex 31.4000 42.0000 4.4000
      vertex 31.2000 41.8000 4.4000
      vertex 31.0000 41.8000 4.4000
    endloop
  endfacet
  facet normal 0.000000 0.000000 1.000000
    outer loop
      vertex 31.0000 41.8000 2.3200
      vertex 31.2000 41.8000 2.3200
      vertex 31.4000 42.0000 2.3200
    endloop
  endfacet
  facet normal 0.000000 0.000000 -1.000000
    outer loop
      vertex 30.2000 41.6000 4.4000
      vertex 27.6000 41.6000 4.4000
      vertex 33.5689 46.8667 4.4000
    endloop
  endfacet
  facet normal 0.000000 0.000000 1.000000
    outer loop
      vertex 33.5689 46.8667 2.3200
      vertex 27.6000 41.6000 2.3200
      vertex 30.2000 41.6000 2.3200
    endloop
  endfacet
  facet normal 0.000000 0.000000 -1.000000
    outer loop
      vertex 27.6000 41.6000 4.4000
      vertex 33.5677 46.8787 4.4000
      vertex 33.5689 46.8667 4.4000
    endloop
  endfacet
  facet normal 0.000000 0.000000 1.000000
    outer loop
      vertex 33.5689 46.8667 2.3200
      vertex 33.5677 46.8787 2.3200
      vertex 27.6000 41.6000 2.3200
    endloop
  endfacet
  facet normal 0.000000 0.000000 -1.000000
    outer loop
      vertex 27.6000 41.6000 4.4000
      vertex 23.8000 47.0000 4.4000
      vertex 33.5677 46.8787 4.4000
    endloop
  endfacet
  facet normal 0.000000 0.000000 1.000000
    outer loop
      vertex 33.5677 46.8787 2.3200
      vertex 23.8000 47.0000 2.3200
      vertex 27.6000 41.6000 2.3200
    endloop
  endfacet
  facet normal 0.000000 0.000000 -1.000000
    outer loop
      vertex 27.6000 41.6000 4.4000
      vertex 26.8000 41.8000 4.4000
      vertex 23.8000 47.0000 4.4000
    endloop
  endfacet
  facet normal 0.000000 0.000000 1.000000
    outer loop
      vertex 23.8000 47.0000 2.3200
      vertex 26.8000 41.8000 2.3200
      vertex 27.6000 41.6000 2.3200
    endloop
  endfacet
  facet normal 0.000000 0.000000 -1.000000
    outer loop
      vertex 26.8000 41.8000 4.4000
      vertex 25.6000 42.4000 4.4000
      vertex 23.8000 47.0000 4.4000
    endloop
  endfacet
  facet normal 0.000000 0.000000 1.000000
    outer loop
      vertex 23.8000 47.0000 2.3200
      vertex 25.6000 42.4000 2.3200
      vertex 26.8000 41.8000 2.3200
    endloop
  endfacet
  facet normal 0.000000 0.000000 -1.000000
    outer loop
      vertex 26.8000 41.8000 4.4000
      vertex 26.2000 42.0000 4.4000
      vertex 25.6000 42.4000 4.4000
    endloop
  endfacet
  facet normal 0.000000 0.000000 1.000000
    outer loop
      vertex 25.6000 42.4000 2.3200
      vertex 26.2000 42.0000 2.3200
      vertex 26.8000 41.8000 2.3200
    endloop
  endfacet
  facet normal 0.000000 0.000000 -1.000000
    outer loop
      vertex 25.6000 42.4000 4.4000
      vertex 24.2000 44.0000 4.4000
      vertex 23.8000 47.0000 4.4000
    endloop
  endfacet
  facet normal 0.000000 0.000000 1.000000
    outer loop
      vertex 23.8000 47.0000 2.3200
      vertex 24.2000 44.0000 2.3200
      vertex 25.6000 42.4000 2.3200
    endloop
  endfacet
  facet normal 0.000000 0.000000 -1.000000
    outer loop
      vertex 25.6000 42.4000 4.4000
      vertex 24.4000 43.6000 4.4000
      vertex 24.2000 44.0000 4.4000
    endloop
  endfacet
  facet normal 0.000000 0.000000 1.000000
    outer loop
      vertex 24.2000 44.0000 2.3200
      vertex 24.4000 43.6000 2.3200
      vertex 25.6000 42.4000 2.3200
    endloop
  endfacet
  facet normal 0.000000 0.000000 -1.000000
    outer loop
      vertex 24.2000 44.0000 4.4000
      vertex 24.0000 44.4000 4.4000
      vertex 23.8000 47.0000 4.4000
    endloop
  endfacet
  facet normal 0.000000 0.000000 1.000000
    outer loop
      vertex 23.8000 47.0000 2.3200
      vertex 24.0000 44.4000 2.3200
      vertex 24.2000 44.0000 2.3200
    endloop
  endfacet
  facet normal 0.000000 0.000000 -1.000000
    outer loop
      vertex 23.8000 47.0000 4.4000
      vertex 33.5671 46.8906 4.4000
      vertex 33.5677 46.8787 4.4000
    endloop
  endfacet
  facet normal 0.000000 0.000000 1.000000
    outer loop
      vertex 33.5677 46.8787 2.3200
      vertex 33.5671 46.8906 2.3200
      vertex 23.8000 47.0000 2.3200
    endloop
  endfacet
  facet normal 0.000000 0.000000 -1.000000
    outer loop
      vertex 23.8000 47.0000 4.4000
      vertex 33.5188 48.8673 4.4000
      vertex 33.5671 46.8906 4.4000
    endloop
  endfacet
  facet normal 0.000000 0.000000 1.000000
    outer loop
      vertex 33.5671 46.8906 2.3200
      vertex 33.5188 48.8673 2.3200
      vertex 23.8000 47.0000 2.3200
    endloop
  endfacet
  facet normal 0.000000 0.000000 -1.000000
    outer loop
      vertex 23.8000 47.0000 4.4000
      vertex 33.5189 48.8752 4.4000
      vertex 33.5188 48.8673 4.4000
    endloop
  endfacet
  facet normal 0.000000 -0.000000 1.000000
    outer loop
      vertex 33.5188 48.8673 2.3200
      vertex 33.5189 48.8752 2.3200
      vertex 23.8000 47.0000 2.3200
    endloop
  endfacet
  facet normal 0.000000 0.000000 -1.000000
    outer loop
      vertex 23.8000 47.0000 4.4000
      vertex 33.5210 48.8980 4.4000
      vertex 33.5189 48.8752 4.4000
    endloop
  endfacet
  facet normal 0.000000 -0.000000 1.000000
    outer loop
      vertex 33.5189 48.8752 2.3200
      vertex 33.5210 48.8980 2.3200
      vertex 23.8000 47.0000 2.3200
    endloop
  endfacet
  facet normal 0.000000 0.000000 -1.000000
    outer loop
      vertex 23.8000 47.0000 4.4000
      vertex 23.8000 52.6000 4.4000
      vertex 33.5210 48.8980 4.4000
    endloop
  endfacet
  facet normal 0.000000 0.000000 1.000000
    outer loop
      vertex 33.5210 48.8980 2.3200
      vertex 23.8000 52.6000 2.3200
      vertex 23.8000 47.0000 2.3200
    endloop
  endfacet
  facet normal 0.000000 0.000000 -1.000000
    outer loop
      vertex 23.8000 52.6000 4.4000
      vertex 33.5225 48.9059 4.4000
      vertex 33.5210 48.8980 4.4000
    endloop
  endfacet
  facet normal 0.000000 -0.000000 1.000000
    outer loop
      vertex 33.5210 48.8980 2.3200
      vertex 33.5225 48.9059 2.3200
      vertex 23.8000 52.6000 2.3200
    endloop
  endfacet
  facet normal 0.000000 0.000000 -1.000000
    outer loop
      vertex 23.8000 52.6000 4.4000
      vertex 33.8268 50.2976 4.4000
      vertex 33.5225 48.9059 4.4000
    endloop
  endfacet
  facet normal 0.000000 -0.000000 1.000000
    outer loop
      vertex 33.5225 48.9059 2.3200
      vertex 33.8268 50.2976 2.3200
      vertex 23.8000 52.6000 2.3200
    endloop
  endfacet
  facet normal 0.000000 0.000000 -1.000000
    outer loop
      vertex 23.8000 52.6000 4.4000
      vertex 33.8291 50.3066 4.4000
      vertex 33.8268 50.2976 4.4000
    endloop
  endfacet
  facet normal 0.000000 -0.000000 1.000000
    outer loop
      vertex 33.8268 50.2976 2.3200
      vertex 33.8291 50.3066 2.3200
      vertex 23.8000 52.6000 2.3200
    endloop
  endfacet
  facet normal 0.000000 0.000000 -1.000000
    outer loop
      vertex 23.8000 52.6000 4.4000
      vertex 33.8362 50.3256 4.4000
      vertex 33.8291 50.3066 4.4000
    endloop
  endfacet
  facet normal 0.000000 -0.000000 1.000000
    outer loop
      vertex 33.8291 50.3066 2.3200
      vertex 33.8362 50.3256 2.3200
      vertex 23.8000 52.6000 2.3200
    endloop
  endfacet
  facet normal 0.000000 0.000000 -1.000000
    outer loop
      vertex 33.5689 46.8667 4.4000
      vertex 33.8131 45.0131 4.4000
      vertex 33.8000 45.0000 4.4000
    endloop
  endfacet
  facet normal 0.000000 -0.000000 1.000000
    outer loop
      vertex 33.8000 45.0000 2.3200
      vertex 33.8131 45.0131 2.3200
      vertex 33.5689 46.8667 2.3200
    endloop
  endfacet
  facet normal -0.000000 -0.000000 -1.000000
    outer loop
      vertex 33.8171 44.9829 4.4000
      vertex 33.8754 44.5406 4.4000
      vertex 33.8000 45.0000 4.4000
    endloop
  endfacet
  facet normal 0.000000 0.000000 1.000000
    outer loop
      vertex 33.8000 45.0000 2.3200
      vertex 33.8754 44.5406 2.3200
      vertex 33.8171 44.9829 2.3200
    endloop
  endfacet
  facet normal -0.000000 0.000000 -1.000000
    outer loop
      vertex 33.8754 44.5406 4.4000
      vertex 33.8000 44.4000 4.4000
      vertex 33.8000 45.0000 4.4000
    endloop
  endfacet
  facet normal 0.000000 0.000000 1.000000
    outer loop
      vertex 33.8000 45.0000 2.3200
      vertex 33.8000 44.4000 2.3200
      vertex 33.8754 44.5406 2.3200
    endloop
  endfacet
  facet normal 0.000000 -0.000000 -1.000000
    outer loop
      vertex 33.8754 44.5406 4.4000
      vertex 33.8763 44.5340 4.4000
      vertex 33.8000 44.4000 4.4000
    endloop
  endfacet
  facet normal 0.000000 0.000000 1.000000
    outer loop
      vertex 33.8000 44.4000 2.3200
      vertex 33.8763 44.5340 2.3200
      vertex 33.8754 44.5406 2.3200
    endloop
  endfacet
  facet normal -0.000000 0.000000 -1.000000
    outer loop
      vertex 33.8775 44.5275 4.4000
      vertex 33.8000 44.4000 4.4000
      vertex 33.8763 44.5340 4.4000
    endloop
  endfacet
  facet normal 0.000000 0.000000 1.000000
    outer loop
      vertex 33.8763 44.5340 2.3200
      vertex 33.8000 44.4000 2.3200
      vertex 33.8775 44.5275 2.3200
    endloop
  endfacet
  facet normal -0.000000 0.000000 -1.000000
    outer loop
      vertex 33.8000 44.4000 4.4000
      vertex 33.6000 44.2000 4.4000
      vertex 33.8000 45.0000 4.4000
    endloop
  endfacet
  facet normal 0.000000 0.000000 1.000000
    outer loop
      vertex 33.8000 45.0000 2.3200
      vertex 33.6000 44.2000 2.3200
      vertex 33.8000 44.4000 2.3200
    endloop
  endfacet
  facet normal 0.000000 0.000000 -1.000000
    outer loop
      vertex 23.8000 52.6000 4.4000
      vertex 24.0000 55.2000 4.4000
      vertex 24.2000 55.6000 4.4000
    endloop
  endfacet
  facet normal 0.000000 0.000000 1.000000
    outer loop
      vertex 24.2000 55.6000 2.3200
      vertex 24.0000 55.2000 2.3200
      vertex 23.8000 52.6000 2.3200
    endloop
  endfacet
  facet normal -0.707107 -0.707107 0.000000
    outer loop
      vertex 30.0000 58.2000 2.3200
      vertex 30.2000 58.0000 2.3200
      vertex 30.2000 58.0000 4.4000
    endloop
  endfacet
  facet normal -0.707107 -0.707107 0.000000
    outer loop
      vertex 30.0000 58.2000 2.3200
      vertex 30.2000 58.0000 4.4000
      vertex 30.0000 58.2000 4.4000
    endloop
  endfacet
  facet normal 0.000000 -1.000000 0.000000
    outer loop
      vertex 30.2000 58.0000 2.3200
      vertex 30.6000 58.0000 2.3200
      vertex 30.6000 58.0000 4.4000
    endloop
  endfacet
  facet normal 0.000000 -1.000000 0.000000
    outer loop
      vertex 30.2000 58.0000 2.3200
      vertex 30.6000 58.0000 4.4000
      vertex 30.2000 58.0000 4.4000
    endloop
  endfacet
  facet normal -0.707107 -0.707107 0.000000
    outer loop
      vertex 30.6000 58.0000 2.3200
      vertex 30.8000 57.8000 2.3200
      vertex 30.8000 57.8000 4.4000
    endloop
  endfacet
  facet normal -0.707107 -0.707107 0.000000
    outer loop
      vertex 30.6000 58.0000 2.3200
      vertex 30.8000 57.8000 4.4000
      vertex 30.6000 58.0000 4.4000
    endloop
  endfacet
  facet normal 0.000000 -1.000000 0.000000
    outer loop
      vertex 30.8000 57.8000 2.3200
      vertex 31.2000 57.8000 2.3200
      vertex 31.2000 57.8000 4.4000
    endloop
  endfacet
  facet normal 0.000000 -1.000000 0.000000
    outer loop
      vertex 30.8000 57.8000 2.3200
      vertex 31.2000 57.8000 4.4000
      vertex 30.8000 57.8000 4.4000
    endloop
  endfacet
  facet normal -0.707107 -0.707107 0.000000
    outer loop
      vertex 31.2000 57.8000 2.3200
      vertex 31.4000 57.6000 2.3200
      vertex 31.4000 57.6000 4.4000
    endloop
  endfacet
  facet normal -0.707107 -0.707107 0.000000
    outer loop
      vertex 31.2000 57.8000 2.3200
      vertex 31.4000 57.6000 4.4000
      vertex 31.2000 57.8000 4.4000
    endloop
  endfacet
  facet normal 0.000000 -1.000000 0.000000
    outer loop
      vertex 31.4000 57.6000 2.3200
      vertex 31.6000 57.6000 2.3200
      vertex 31.6000 57.6000 4.4000
    endloop
  endfacet
  facet normal 0.000000 -1.000000 0.000000
    outer loop
      vertex 31.4000 57.6000 2.3200
      vertex 31.6000 57.6000 4.4000
      vertex 31.4000 57.6000 4.4000
    endloop
  endfacet
  facet normal -0.707107 -0.707107 0.000000
    outer loop
      vertex 31.6000 57.6000 2.3200
      vertex 31.8000 57.4000 2.3200
      vertex 31.8000 57.4000 4.4000
    endloop
  endfacet
  facet normal -0.707107 -0.707107 0.000000
    outer loop
      vertex 31.6000 57.6000 2.3200
      vertex 31.8000 57.4000 4.4000
      vertex 31.6000 57.6000 4.4000
    endloop
  endfacet
  facet normal 0.000000 -1.000000 0.000000
    outer loop
      vertex 31.8000 57.4000 2.3200
      vertex 32.0000 57.4000 2.3200
      vertex 32.0000 57.4000 4.4000
    endloop
  endfacet
  facet normal 0.000000 -1.000000 0.000000
    outer loop
      vertex 31.8000 57.4000 2.3200
      vertex 32.0000 57.4000 4.4000
      vertex 31.8000 57.4000 4.4000
    endloop
  endfacet
  facet normal -0.707107 -0.707107 0.000000
    outer loop
      vertex 32.0000 57.4000 2.3200
      vertex 32.4000 57.0000 2.3200
      vertex 32.4000 57.0000 4.4000
    endloop
  endfacet
  facet normal -0.707107 -0.707107 0.000000
    outer loop
      vertex 32.0000 57.4000 2.3200
      vertex 32.4000 57.0000 4.4000
      vertex 32.0000 57.4000 4.4000
    endloop
  endfacet
  facet normal 0.000000 -1.000000 0.000000
    outer loop
      vertex 32.4000 57.0000 2.3200
      vertex 32.6000 57.0000 2.3200
      vertex 32.6000 57.0000 4.4000
    endloop
  endfacet
  facet normal 0.000000 -1.000000 0.000000
    outer loop
      vertex 32.4000 57.0000 2.3200
      vertex 32.6000 57.0000 4.4000
      vertex 32.4000 57.0000 4.4000
    endloop
  endfacet
  facet normal -0.707107 -0.707107 0.000000
    outer loop
      vertex 32.6000 57.0000 2.3200
      vertex 33.0000 56.6000 2.3200
      vertex 33.0000 56.6000 4.4000
    endloop
  endfacet
  facet normal -0.707107 -0.707107 0.000000
    outer loop
      vertex 32.6000 57.0000 2.3200
      vertex 33.0000 56.6000 4.4000
      vertex 32.6000 57.0000 4.4000
    endloop
  endfacet
  facet normal -1.000000 0.000000 0.000000
    outer loop
      vertex 33.0000 56.6000 2.3200
      vertex 33.0000 56.4000 2.3200
      vertex 33.0000 56.4000 4.4000
    endloop
  endfacet
  facet normal -1.000000 0.000000 0.000000
    outer loop
      vertex 33.0000 56.6000 2.3200
      vertex 33.0000 56.4000 4.4000
      vertex 33.0000 56.6000 4.4000
    endloop
  endfacet
  facet normal -0.707107 -0.707107 0.000000
    outer loop
      vertex 33.0000 56.4000 2.3200
      vertex 33.4000 56.0000 2.3200
      vertex 33.4000 56.0000 4.4000
    endloop
  endfacet
  facet normal -0.707107 -0.707107 0.000000
    outer loop
      vertex 33.0000 56.4000 2.3200
      vertex 33.4000 56.0000 4.4000
      vertex 33.0000 56.4000 4.4000
    endloop
  endfacet
  facet normal -1.000000 0.000000 0.000000
    outer loop
      vertex 33.4000 56.0000 2.3200
      vertex 33.4000 55.8000 2.3200
      vertex 33.4000 55.8000 4.4000
    endloop
  endfacet
  facet normal -1.000000 0.000000 0.000000
    outer loop
      vertex 33.4000 56.0000 2.3200
      vertex 33.4000 55.8000 4.4000
      vertex 33.4000 56.0000 4.4000
    endloop
  endfacet
  facet normal -0.707107 -0.707107 0.000000
    outer loop
      vertex 33.4000 55.8000 2.3200
      vertex 33.6000 55.6000 2.3200
      vertex 33.6000 55.6000 4.4000
    endloop
  endfacet
  facet normal -0.707107 -0.707107 0.000000
    outer loop
      vertex 33.4000 55.8000 2.3200
      vertex 33.6000 55.6000 4.4000
      vertex 33.4000 55.8000 4.4000
    endloop
  endfacet
  facet normal -1.000000 0.000000 0.000000
    outer loop
      vertex 33.6000 55.6000 2.3200
      vertex 33.6000 55.4000 2.3200
      vertex 33.6000 55.4000 4.4000
    endloop
  endfacet
  facet normal -1.000000 0.000000 0.000000
    outer loop
      vertex 33.6000 55.6000 2.3200
      vertex 33.6000 55.4000 4.4000
      vertex 33.6000 55.6000 4.4000
    endloop
  endfacet
  facet normal -0.707107 -0.707107 0.000000
    outer loop
      vertex 33.6000 55.4000 2.3200
      vertex 33.8000 55.2000 2.3200
      vertex 33.8000 55.2000 4.4000
    endloop
  endfacet
  facet normal -0.707107 -0.707107 0.000000
    outer loop
      vertex 33.6000 55.4000 2.3200
      vertex 33.8000 55.2000 4.4000
      vertex 33.6000 55.4000 4.4000
    endloop
  endfacet
  facet normal -1.000000 0.000000 0.000000
    outer loop
      vertex 33.8000 55.2000 2.3200
      vertex 33.8000 54.6000 2.3200
      vertex 33.8000 54.6000 4.4000
    endloop
  endfacet
  facet normal -1.000000 0.000000 0.000000
    outer loop
      vertex 33.8000 55.2000 2.3200
      vertex 33.8000 54.6000 4.4000
      vertex 33.8000 55.2000 4.4000
    endloop
  endfacet
  facet normal -0.707107 -0.707107 0.000000
    outer loop
      vertex 33.8000 54.6000 2.3200
      vertex 34.0000 54.4000 2.3200
      vertex 34.0000 54.4000 4.4000
    endloop
  endfacet
  facet normal -0.707107 -0.707107 0.000000
    outer loop
      vertex 33.8000 54.6000 2.3200
      vertex 34.0000 54.4000 4.4000
      vertex 33.8000 54.6000 4.4000
    endloop
  endfacet
  facet normal -1.000000 0.000000 0.000000
    outer loop
      vertex 34.0000 54.4000 2.3200
      vertex 34.0000 50.4678 2.3200
      vertex 34.0000 50.4678 4.4000
    endloop
  endfacet
  facet normal -1.000000 0.000000 0.000000
    outer loop
      vertex 34.0000 54.4000 2.3200
      vertex 34.0000 50.4678 4.4000
      vertex 34.0000 54.4000 4.4000
    endloop
  endfacet
  facet normal -0.610434 0.792067 0.000000
    outer loop
      vertex 34.0000 50.4678 2.3200
      vertex 33.8723 50.3693 2.3200
      vertex 33.8723 50.3693 4.4000
    endloop
  endfacet
  facet normal -0.610434 0.792067 0.000000
    outer loop
      vertex 34.0000 50.4678 2.3200
      vertex 33.8723 50.3693 4.4000
      vertex 34.0000 50.4678 4.4000
    endloop
  endfacet
  facet normal -0.637735 0.770256 0.000000
    outer loop
      vertex 33.8723 50.3693 2.3200
      vertex 33.8651 50.3634 2.3200
      vertex 33.8651 50.3634 4.4000
    endloop
  endfacet
  facet normal -0.637735 0.770256 0.000000
    outer loop
      vertex 33.8723 50.3693 2.3200
      vertex 33.8651 50.3634 4.4000
      vertex 33.8723 50.3693 4.4000
    endloop
  endfacet
  facet normal -0.714836 0.699292 0.000000
    outer loop
      vertex 33.8651 50.3634 2.3200
      vertex 33.8510 50.3489 2.3200
      vertex 33.8510 50.3489 4.4000
    endloop
  endfacet
  facet normal -0.714836 0.699292 0.000000
    outer loop
      vertex 33.8651 50.3634 2.3200
      vertex 33.8510 50.3489 4.4000
      vertex 33.8651 50.3634 4.4000
    endloop
  endfacet
  facet normal -0.805294 0.592876 0.000000
    outer loop
      vertex 33.8510 50.3489 2.3200
      vertex 33.8428 50.3378 2.3200
      vertex 33.8428 50.3378 4.4000
    endloop
  endfacet
  facet normal -0.805294 0.592876 0.000000
    outer loop
      vertex 33.8510 50.3489 2.3200
      vertex 33.8428 50.3378 4.4000
      vertex 33.8510 50.3489 4.4000
    endloop
  endfacet
  facet normal -0.880043 0.474894 0.000000
    outer loop
      vertex 33.8428 50.3378 2.3200
      vertex 33.8362 50.3256 2.3200
      vertex 33.8362 50.3256 4.4000
    endloop
  endfacet
  facet normal -0.880043 0.474894 0.000000
    outer loop
      vertex 33.8428 50.3378 2.3200
      vertex 33.8362 50.3256 4.4000
      vertex 33.8428 50.3378 4.4000
    endloop
  endfacet
  facet normal -0.937625 0.347649 0.000000
    outer loop
      vertex 33.8362 50.3256 2.3200
      vertex 33.8291 50.3066 2.3200
      vertex 33.8291 50.3066 4.4000
    endloop
  endfacet
  facet normal -0.937625 0.347649 0.000000
    outer loop
      vertex 33.8362 50.3256 2.3200
      vertex 33.8291 50.3066 4.4000
      vertex 33.8362 50.3256 4.4000
    endloop
  endfacet
  facet normal -0.968856 0.247624 0.000000
    outer loop
      vertex 33.8291 50.3066 2.3200
      vertex 33.8268 50.2976 2.3200
      vertex 33.8268 50.2976 4.4000
    endloop
  endfacet
  facet normal -0.968856 0.247624 0.000000
    outer loop
      vertex 33.8291 50.3066 2.3200
      vertex 33.8268 50.2976 4.4000
      vertex 33.8291 50.3066 4.4000
    endloop
  endfacet
  facet normal -0.976916 0.213622 0.000000
    outer loop
      vertex 33.8268 50.2976 2.3200
      vertex 33.5225 48.9059 2.3200
      vertex 33.5225 48.9059 4.4000
    endloop
  endfacet
  facet normal -0.976916 0.213622 0.000000
    outer loop
      vertex 33.8268 50.2976 2.3200
      vertex 33.5225 48.9059 4.4000
      vertex 33.8268 50.2976 4.4000
    endloop
  endfacet
  facet normal -0.982877 0.184261 0.000000
    outer loop
      vertex 33.5225 48.9059 2.3200
      vertex 33.5210 48.8980 2.3200
      vertex 33.5210 48.8980 4.4000
    endloop
  endfacet
  facet normal -0.982877 0.184261 0.000000
    outer loop
      vertex 33.5225 48.9059 2.3200
      vertex 33.5210 48.8980 4.4000
      vertex 33.5225 48.9059 4.4000
    endloop
  endfacet
  facet normal -0.995449 0.095292 0.000000
    outer loop
      vertex 33.5210 48.8980 2.3200
      vertex 33.5189 48.8752 2.3200
      vertex 33.5189 48.8752 4.4000
    endloop
  endfacet
  facet normal -0.995449 0.095292 0.000000
    outer loop
      vertex 33.5210 48.8980 2.3200
      vertex 33.5189 48.8752 4.4000
      vertex 33.5210 48.8980 4.4000
    endloop
  endfacet
  facet normal -0.999985 0.005554 0.000000
    outer loop
      vertex 33.5189 48.8752 2.3200
      vertex 33.5188 48.8673 2.3200
      vertex 33.5188 48.8673 4.4000
    endloop
  endfacet
  facet normal -0.999985 0.005554 0.000000
    outer loop
      vertex 33.5189 48.8752 2.3200
      vertex 33.5188 48.8673 4.4000
      vertex 33.5189 48.8752 4.4000
    endloop
  endfacet
  facet normal -0.999702 -0.024405 0.000000
    outer loop
      vertex 33.5188 48.8673 2.3200
      vertex 33.5671 46.8906 2.3200
      vertex 33.5671 46.8906 4.4000
    endloop
  endfacet
  facet normal -0.999702 -0.024405 0.000000
    outer loop
      vertex 33.5188 48.8673 2.3200
      vertex 33.5671 46.8906 4.4000
      vertex 33.5188 48.8673 4.4000
    endloop
  endfacet
  facet normal -0.998697 -0.051030 0.000000
    outer loop
      vertex 33.5671 46.8906 2.3200
      vertex 33.5677 46.8787 2.3200
      vertex 33.5677 46.8787 4.4000
    endloop
  endfacet
  facet normal -0.998697 -0.051030 0.000000
    outer loop
      vertex 33.5671 46.8906 2.3200
      vertex 33.5677 46.8787 4.4000
      vertex 33.5671 46.8906 4.4000
    endloop
  endfacet
  facet normal -0.994561 -0.104153 0.000000
    outer loop
      vertex 33.5677 46.8787 2.3200
      vertex 33.5689 46.8667 2.3200
      vertex 33.5689 46.8667 4.4000
    endloop
  endfacet
  facet normal -0.994561 -0.104153 0.000000
    outer loop
      vertex 33.5677 46.8787 2.3200
      vertex 33.5689 46.8667 4.4000
      vertex 33.5677 46.8787 4.4000
    endloop
  endfacet
  facet normal -0.991433 -0.130613 0.000000
    outer loop
      vertex 33.5689 46.8667 2.3200
      vertex 33.8131 45.0131 2.3200
      vertex 33.8131 45.0131 4.4000
    endloop
  endfacet
  facet normal -0.991433 -0.130613 0.000000
    outer loop
      vertex 33.5689 46.8667 2.3200
      vertex 33.8131 45.0131 4.4000
      vertex 33.5689 46.8667 4.4000
    endloop
  endfacet
  facet normal -0.707107 0.707107 0.000000
    outer loop
      vertex 33.8131 45.0131 2.3200
      vertex 33.8000 45.0000 2.3200
      vertex 33.8000 45.0000 4.4000
    endloop
  endfacet
  facet normal -0.707107 0.707107 0.000000
    outer loop
      vertex 33.8131 45.0131 2.3200
      vertex 33.8000 45.0000 4.4000
      vertex 33.8131 45.0131 4.4000
    endloop
  endfacet
  facet normal -0.707107 -0.707107 0.000000
    outer loop
      vertex 33.8000 45.0000 2.3200
      vertex 33.8171 44.9829 2.3200
      vertex 33.8171 44.9829 4.4000
    endloop
  endfacet
  facet normal -0.707107 -0.707107 0.000000
    outer loop
      vertex 33.8000 45.0000 2.3200
      vertex 33.8171 44.9829 4.4000
      vertex 33.8000 45.0000 4.4000
    endloop
  endfacet
  facet normal -0.991433 -0.130613 0.000000
    outer loop
      vertex 33.8171 44.9829 2.3200
      vertex 33.8754 44.5406 2.3200
      vertex 33.8754 44.5406 4.4000
    endloop
  endfacet
  facet normal -0.991433 -0.130613 0.000000
    outer loop
      vertex 33.8171 44.9829 2.3200
      vertex 33.8754 44.5406 4.4000
      vertex 33.8171 44.9829 4.4000
    endloop
  endfacet
  facet normal -0.989403 -0.145195 0.000000
    outer loop
      vertex 33.8754 44.5406 2.3200
      vertex 33.8763 44.5340 2.3200
      vertex 33.8763 44.5340 4.4000
    endloop
  endfacet
  facet normal -0.989403 -0.145195 0.000000
    outer loop
      vertex 33.8754 44.5406 2.3200
      vertex 33.8763 44.5340 4.4000
      vertex 33.8754 44.5406 4.4000
    endloop
  endfacet
  facet normal -0.984699 -0.174262 0.000000
    outer loop
      vertex 33.8763 44.5340 2.3200
      vertex 33.8775 44.5275 2.3200
      vertex 33.8775 44.5275 4.4000
    endloop
  endfacet
  facet normal -0.984699 -0.174262 0.000000
    outer loop
      vertex 33.8763 44.5340 2.3200
      vertex 33.8775 44.5275 4.4000
      vertex 33.8763 44.5340 4.4000
    endloop
  endfacet
  facet normal -0.982027 -0.188740 0.000000
    outer loop
      vertex 33.8775 44.5275 2.3200
      vertex 33.9263 44.2737 2.3200
      vertex 33.9263 44.2737 4.4000
    endloop
  endfacet
  facet normal -0.982027 -0.188740 0.000000
    outer loop
      vertex 33.8775 44.5275 2.3200
      vertex 33.9263 44.2737 4.4000
      vertex 33.8775 44.5275 4.4000
    endloop
  endfacet
  facet normal 0.707107 0.707107 0.000000
    outer loop
      vertex 33.9263 44.2737 2.3200
      vertex 33.8000 44.4000 2.3200
      vertex 33.8000 44.4000 4.4000
    endloop
  endfacet
  facet normal 0.707107 0.707107 -0.000000
    outer loop
      vertex 33.9263 44.2737 2.3200
      vertex 33.8000 44.4000 4.4000
      vertex 33.9263 44.2737 4.4000
    endloop
  endfacet
  facet normal -0.707107 0.707107 0.000000
    outer loop
      vertex 33.8000 44.4000 2.3200
      vertex 33.6000 44.2000 2.3200
      vertex 33.6000 44.2000 4.4000
    endloop
  endfacet
  facet normal -0.707107 0.707107 0.000000
    outer loop
      vertex 33.8000 44.4000 2.3200
      vertex 33.6000 44.2000 4.4000
      vertex 33.8000 44.4000 4.4000
    endloop
  endfacet
  facet normal -1.000000 0.000000 0.000000
    outer loop
      vertex 33.6000 44.2000 2.3200
      vertex 33.6000 43.8000 2.3200
      vertex 33.6000 43.8000 4.4000
    endloop
  endfacet
  facet normal -1.000000 0.000000 0.000000
    outer loop
      vertex 33.6000 44.2000 2.3200
      vertex 33.6000 43.8000 4.4000
      vertex 33.6000 44.2000 4.4000
    endloop
  endfacet
  facet normal -0.707107 0.707107 0.000000
    outer loop
      vertex 33.6000 43.8000 2.3200
      vertex 33.2000 43.4000 2.3200
      vertex 33.2000 43.4000 4.4000
    endloop
  endfacet
  facet normal -0.707107 0.707107 0.000000
    outer loop
      vertex 33.6000 43.8000 2.3200
      vertex 33.2000 43.4000 4.4000
      vertex 33.6000 43.8000 4.4000
    endloop
  endfacet
  facet normal -1.000000 0.000000 0.000000
    outer loop
      vertex 33.2000 43.4000 2.3200
      vertex 33.2000 43.2000 2.3200
      vertex 33.2000 43.2000 4.4000
    endloop
  endfacet
  facet normal -1.000000 0.000000 0.000000
    outer loop
      vertex 33.2000 43.4000 2.3200
      vertex 33.2000 43.2000 4.4000
      vertex 33.2000 43.4000 4.4000
    endloop
  endfacet
  facet normal -0.707107 0.707107 0.000000
    outer loop
      vertex 33.2000 43.2000 2.3200
      vertex 32.6000 42.6000 2.3200
      vertex 32.6000 42.6000 4.4000
    endloop
  endfacet
  facet normal -0.707107 0.707107 0.000000
    outer loop
      vertex 33.2000 43.2000 2.3200
      vertex 32.6000 42.6000 4.4000
      vertex 33.2000 43.2000 4.4000
    endloop
  endfacet
  facet normal 0.000000 1.000000 0.000000
    outer loop
      vertex 32.6000 42.6000 2.3200
      vertex 32.4000 42.6000 2.3200
      vertex 32.4000 42.6000 4.4000
    endloop
  endfacet
  facet normal 0.000000 1.000000 -0.000000
    outer loop
      vertex 32.6000 42.6000 2.3200
      vertex 32.4000 42.6000 4.4000
      vertex 32.6000 42.6000 4.4000
    endloop
  endfacet
  facet normal -0.707107 0.707107 0.000000
    outer loop
      vertex 32.4000 42.6000 2.3200
      vertex 32.0000 42.2000 2.3200
      vertex 32.0000 42.2000 4.4000
    endloop
  endfacet
  facet normal -0.707107 0.707107 0.000000
    outer loop
      vertex 32.4000 42.6000 2.3200
      vertex 32.0000 42.2000 4.4000
      vertex 32.4000 42.6000 4.4000
    endloop
  endfacet
  facet normal 0.000000 1.000000 0.000000
    outer loop
      vertex 32.0000 42.2000 2.3200
      vertex 31.8000 42.2000 2.3200
      vertex 31.8000 42.2000 4.4000
    endloop
  endfacet
  facet normal 0.000000 1.000000 -0.000000
    outer loop
      vertex 32.0000 42.2000 2.3200
      vertex 31.8000 42.2000 4.4000
      vertex 32.0000 42.2000 4.4000
    endloop
  endfacet
  facet normal -0.707107 0.707107 0.000000
    outer loop
      vertex 31.8000 42.2000 2.3200
      vertex 31.6000 42.0000 2.3200
      vertex 31.6000 42.0000 4.4000
    endloop
  endfacet
  facet normal -0.707107 0.707107 0.000000
    outer loop
      vertex 31.8000 42.2000 2.3200
      vertex 31.6000 42.0000 4.4000
      vertex 31.8000 42.2000 4.4000
    endloop
  endfacet
  facet normal 0.000000 1.000000 0.000000
    outer loop
      vertex 31.6000 42.0000 2.3200
      vertex 31.4000 42.0000 2.3200
      vertex 31.4000 42.0000 4.4000
    endloop
  endfacet
  facet normal 0.000000 1.000000 -0.000000
    outer loop
      vertex 31.6000 42.0000 2.3200
      vertex 31.4000 42.0000 4.4000
      vertex 31.6000 42.0000 4.4000
    endloop
  endfacet
  facet normal -0.707107 0.707107 0.000000
    outer loop
      vertex 31.4000 42.0000 2.3200
      vertex 31.2000 41.8000 2.3200
      vertex 31.2000 41.8000 4.4000
    endloop
  endfacet
  facet normal -0.707107 0.707107 0.000000
    outer loop
      vertex 31.4000 42.0000 2.3200
      vertex 31.2000 41.8000 4.4000
      vertex 31.4000 42.0000 4.4000
    endloop
  endfacet
  facet normal 0.000000 1.000000 0.000000
    outer loop
      vertex 31.2000 41.8000 2.3200
      vertex 31.0000 41.8000 2.3200
      vertex 31.0000 41.8000 4.4000
    endloop
  endfacet
  facet normal 0.000000 1.000000 -0.000000
    outer loop
      vertex 31.2000 41.8000 2.3200
      vertex 31.0000 41.8000 4.4000
      vertex 31.2000 41.8000 4.4000
    endloop
  endfacet
  facet normal -0.707107 0.707107 0.000000
    outer loop
      vertex 31.0000 41.8000 2.3200
      vertex 30.8000 41.6000 2.3200
      vertex 30.8000 41.6000 4.4000
    endloop
  endfacet
  facet normal -0.707107 0.707107 0.000000
    outer loop
      vertex 31.0000 41.8000 2.3200
      vertex 30.8000 41.6000 4.4000
      vertex 31.0000 41.8000 4.4000
    endloop
  endfacet
  facet normal 0.000000 1.000000 0.000000
    outer loop
      vertex 30.8000 41.6000 2.3200
      vertex 30.2000 41.6000 2.3200
      vertex 30.2000 41.6000 4.4000
    endloop
  endfacet
  facet normal 0.000000 1.000000 -0.000000
    outer loop
      vertex 30.8000 41.6000 2.3200
      vertex 30.2000 41.6000 4.4000
      vertex 30.8000 41.6000 4.4000
    endloop
  endfacet
  facet normal -0.707107 0.707107 0.000000
    outer loop
      vertex 30.2000 41.6000 2.3200
      vertex 30.0000 41.4000 2.3200
      vertex 30.0000 41.4000 4.4000
    endloop
  endfacet
  facet normal -0.707107 0.707107 0.000000
    outer loop
      vertex 30.2000 41.6000 2.3200
      vertex 30.0000 41.4000 4.4000
      vertex 30.2000 41.6000 4.4000
    endloop
  endfacet
  facet normal 0.000000 1.000000 0.000000
    outer loop
      vertex 30.0000 41.4000 2.3200
      vertex 27.8000 41.4000 2.3200
      vertex 27.8000 41.4000 4.4000
    endloop
  endfacet
  facet normal 0.000000 1.000000 -0.000000
    outer loop
      vertex 30.0000 41.4000 2.3200
      vertex 27.8000 41.4000 4.4000
      vertex 30.0000 41.4000 4.4000
    endloop
  endfacet
  facet normal 0.707107 0.707107 0.000000
    outer loop
      vertex 27.8000 41.4000 2.3200
      vertex 27.6000 41.6000 2.3200
      vertex 27.6000 41.6000 4.4000
    endloop
  endfacet
  facet normal 0.707107 0.707107 -0.000000
    outer loop
      vertex 27.8000 41.4000 2.3200
      vertex 27.6000 41.6000 4.4000
      vertex 27.8000 41.4000 4.4000
    endloop
  endfacet
  facet normal 0.000000 1.000000 0.000000
    outer loop
      vertex 27.6000 41.6000 2.3200
      vertex 27.0000 41.6000 2.3200
      vertex 27.0000 41.6000 4.4000
    endloop
  endfacet
  facet normal 0.000000 1.000000 -0.000000
    outer loop
      vertex 27.6000 41.6000 2.3200
      vertex 27.0000 41.6000 4.4000
      vertex 27.6000 41.6000 4.4000
    endloop
  endfacet
  facet normal 0.707107 0.707107 0.000000
    outer loop
      vertex 27.0000 41.6000 2.3200
      vertex 26.8000 41.8000 2.3200
      vertex 26.8000 41.8000 4.4000
    endloop
  endfacet
  facet normal 0.707107 0.707107 -0.000000
    outer loop
      vertex 27.0000 41.6000 2.3200
      vertex 26.8000 41.8000 4.4000
      vertex 27.0000 41.6000 4.4000
    endloop
  endfacet
  facet normal 0.000000 1.000000 0.000000
    outer loop
      vertex 26.8000 41.8000 2.3200
      vertex 26.4000 41.8000 2.3200
      vertex 26.4000 41.8000 4.4000
    endloop
  endfacet
  facet normal 0.000000 1.000000 -0.000000
    outer loop
      vertex 26.8000 41.8000 2.3200
      vertex 26.4000 41.8000 4.4000
      vertex 26.8000 41.8000 4.4000
    endloop
  endfacet
  facet normal 0.707107 0.707107 0.000000
    outer loop
      vertex 26.4000 41.8000 2.3200
      vertex 26.2000 42.0000 2.3200
      vertex 26.2000 42.0000 4.4000
    endloop
  endfacet
  facet normal 0.707107 0.707107 -0.000000
    outer loop
      vertex 26.4000 41.8000 2.3200
      vertex 26.2000 42.0000 4.4000
      vertex 26.4000 41.8000 4.4000
    endloop
  endfacet
  facet normal 0.000000 1.000000 0.000000
    outer loop
      vertex 26.2000 42.0000 2.3200
      vertex 26.0000 42.0000 2.3200
      vertex 26.0000 42.0000 4.4000
    endloop
  endfacet
  facet normal 0.000000 1.000000 -0.000000
    outer loop
      vertex 26.2000 42.0000 2.3200
      vertex 26.0000 42.0000 4.4000
      vertex 26.2000 42.0000 4.4000
    endloop
  endfacet
  facet normal 0.707107 0.707107 0.000000
    outer loop
      vertex 26.0000 42.0000 2.3200
      vertex 25.6000 42.4000 2.3200
      vertex 25.6000 42.4000 4.4000
    endloop
  endfacet
  facet normal 0.707107 0.707107 -0.000000
    outer loop
      vertex 26.0000 42.0000 2.3200
      vertex 25.6000 42.4000 4.4000
      vertex 26.0000 42.0000 4.4000
    endloop
  endfacet
  facet normal 0.000000 1.000000 0.000000
    outer loop
      vertex 25.6000 42.4000 2.3200
      vertex 25.4000 42.4000 2.3200
      vertex 25.4000 42.4000 4.4000
    endloop
  endfacet
  facet normal 0.000000 1.000000 -0.000000
    outer loop
      vertex 25.6000 42.4000 2.3200
      vertex 25.4000 42.4000 4.4000
      vertex 25.6000 42.4000 4.4000
    endloop
  endfacet
  facet normal 0.707107 0.707107 0.000000
    outer loop
      vertex 25.4000 42.4000 2.3200
      vertex 24.4000 43.4000 2.3200
      vertex 24.4000 43.4000 4.4000
    endloop
  endfacet
  facet normal 0.707107 0.707107 -0.000000
    outer loop
      vertex 25.4000 42.4000 2.3200
      vertex 24.4000 43.4000 4.4000
      vertex 25.4000 42.4000 4.4000
    endloop
  endfacet
  facet normal 1.000000 0.000000 0.000000
    outer loop
      vertex 24.4000 43.4000 2.3200
      vertex 24.4000 43.6000 2.3200
      vertex 24.4000 43.6000 4.4000
    endloop
  endfacet
  facet normal 1.000000 0.000000 0.000000
    outer loop
      vertex 24.4000 43.4000 2.3200
      vertex 24.4000 43.6000 4.4000
      vertex 24.4000 43.4000 4.4000
    endloop
  endfacet
  facet normal 0.707107 0.707107 0.000000
    outer loop
      vertex 24.4000 43.6000 2.3200
      vertex 24.2000 43.8000 2.3200
      vertex 24.2000 43.8000 4.4000
    endloop
  endfacet
  facet normal 0.707107 0.707107 -0.000000
    outer loop
      vertex 24.4000 43.6000 2.3200
      vertex 24.2000 43.8000 4.4000
      vertex 24.4000 43.6000 4.4000
    endloop
  endfacet
  facet normal 1.000000 0.000000 0.000000
    outer loop
      vertex 24.2000 43.8000 2.3200
      vertex 24.2000 44.0000 2.3200
      vertex 24.2000 44.0000 4.4000
    endloop
  endfacet
  facet normal 1.000000 0.000000 0.000000
    outer loop
      vertex 24.2000 43.8000 2.3200
      vertex 24.2000 44.0000 4.4000
      vertex 24.2000 43.8000 4.4000
    endloop
  endfacet
  facet normal 0.707107 0.707107 0.000000
    outer loop
      vertex 24.2000 44.0000 2.3200
      vertex 24.0000 44.2000 2.3200
      vertex 24.0000 44.2000 4.4000
    endloop
  endfacet
  facet normal 0.707107 0.707107 -0.000000
    outer loop
      vertex 24.2000 44.0000 2.3200
      vertex 24.0000 44.2000 4.4000
      vertex 24.2000 44.0000 4.4000
    endloop
  endfacet
  facet normal 1.000000 0.000000 0.000000
    outer loop
      vertex 24.0000 44.2000 2.3200
      vertex 24.0000 44.4000 2.3200
      vertex 24.0000 44.4000 4.4000
    endloop
  endfacet
  facet normal 1.000000 0.000000 0.000000
    outer loop
      vertex 24.0000 44.2000 2.3200
      vertex 24.0000 44.4000 4.4000
      vertex 24.0000 44.2000 4.4000
    endloop
  endfacet
  facet normal 0.707107 0.707107 0.000000
    outer loop
      vertex 24.0000 44.4000 2.3200
      vertex 23.8000 44.6000 2.3200
      vertex 23.8000 44.6000 4.4000
    endloop
  endfacet
  facet normal 0.707107 0.707107 -0.000000
    outer loop
      vertex 24.0000 44.4000 2.3200
      vertex 23.8000 44.6000 4.4000
      vertex 24.0000 44.4000 4.4000
    endloop
  endfacet
  facet normal 1.000000 0.000000 0.000000
    outer loop
      vertex 23.8000 44.6000 2.3200
      vertex 23.8000 47.0000 2.3200
      vertex 23.8000 47.0000 4.4000
    endloop
  endfacet
  facet normal 1.000000 0.000000 0.000000
    outer loop
      vertex 23.8000 44.6000 2.3200
      vertex 23.8000 47.0000 4.4000
      vertex 23.8000 44.6000 4.4000
    endloop
  endfacet
  facet normal 0.707107 0.707107 0.000000
    outer loop
      vertex 23.8000 47.0000 2.3200
      vertex 23.6000 47.2000 2.3200
      vertex 23.6000 47.2000 4.4000
    endloop
  endfacet
  facet normal 0.707107 0.707107 -0.000000
    outer loop
      vertex 23.8000 47.0000 2.3200
      vertex 23.6000 47.2000 4.4000
      vertex 23.8000 47.0000 4.4000
    endloop
  endfacet
  facet normal 1.000000 0.000000 0.000000
    outer loop
      vertex 23.6000 47.2000 2.3200
      vertex 23.6000 52.4000 2.3200
      vertex 23.6000 52.4000 4.4000
    endloop
  endfacet
  facet normal 1.000000 0.000000 0.000000
    outer loop
      vertex 23.6000 47.2000 2.3200
      vertex 23.6000 52.4000 4.4000
      vertex 23.6000 47.2000 4.4000
    endloop
  endfacet
  facet normal 0.707107 -0.707107 0.000000
    outer loop
      vertex 23.6000 52.4000 2.3200
      vertex 23.8000 52.6000 2.3200
      vertex 23.8000 52.6000 4.4000
    endloop
  endfacet
  facet normal 0.707107 -0.707107 0.000000
    outer loop
      vertex 23.6000 52.4000 2.3200
      vertex 23.8000 52.6000 4.4000
      vertex 23.6000 52.4000 4.4000
    endloop
  endfacet
  facet normal 1.000000 0.000000 0.000000
    outer loop
      vertex 23.8000 52.6000 2.3200
      vertex 23.8000 55.0000 2.3200
      vertex 23.8000 55.0000 4.4000
    endloop
  endfacet
  facet normal 1.000000 0.000000 0.000000
    outer loop
      vertex 23.8000 52.6000 2.3200
      vertex 23.8000 55.0000 4.4000
      vertex 23.8000 52.6000 4.4000
    endloop
  endfacet
  facet normal 0.707107 -0.707107 0.000000
    outer loop
      vertex 23.8000 55.0000 2.3200
      vertex 24.0000 55.2000 2.3200
      vertex 24.0000 55.2000 4.4000
    endloop
  endfacet
  facet normal 0.707107 -0.707107 0.000000
    outer loop
      vertex 23.8000 55.0000 2.3200
      vertex 24.0000 55.2000 4.4000
      vertex 23.8000 55.0000 4.4000
    endloop
  endfacet
  facet normal 1.000000 0.000000 0.000000
    outer loop
      vertex 24.0000 55.2000 2.3200
      vertex 24.0000 55.4000 2.3200
      vertex 24.0000 55.4000 4.4000
    endloop
  endfacet
  facet normal 1.000000 0.000000 0.000000
    outer loop
      vertex 24.0000 55.2000 2.3200
      vertex 24.0000 55.4000 4.4000
      vertex 24.0000 55.2000 4.4000
    endloop
  endfacet
  facet normal 0.707107 -0.707107 0.000000
    outer loop
      vertex 24.0000 55.4000 2.3200
      vertex 24.2000 55.6000 2.3200
      vertex 24.2000 55.6000 4.4000
    endloop
  endfacet
  facet normal 0.707107 -0.707107 0.000000
    outer loop
      vertex 24.0000 55.4000 2.3200
      vertex 24.2000 55.6000 4.4000
      vertex 24.0000 55.4000 4.4000
    endloop
  endfacet
  facet normal 1.000000 0.000000 0.000000
    outer loop
      vertex 24.2000 55.6000 2.3200
      vertex 24.2000 55.8000 2.3200
      vertex 24.2000 55.8000 4.4000
    endloop
  endfacet
  facet normal 1.000000 0.000000 0.000000
    outer loop
      vertex 24.2000 55.6000 2.3200
      vertex 24.2000 55.8000 4.4000
      vertex 24.2000 55.6000 4.4000
    endloop
  endfacet
  facet normal 0.707107 -0.707107 0.000000
    outer loop
      vertex 24.2000 55.8000 2.3200
      vertex 24.4000 56.0000 2.3200
      vertex 24.4000 56.0000 4.4000
    endloop
  endfacet
  facet normal 0.707107 -0.707107 0.000000
    outer loop
      vertex 24.2000 55.8000 2.3200
      vertex 24.4000 56.0000 4.4000
      vertex 24.2000 55.8000 4.4000
    endloop
  endfacet
  facet normal 1.000000 0.000000 0.000000
    outer loop
      vertex 24.4000 56.0000 2.3200
      vertex 24.4000 56.2000 2.3200
      vertex 24.4000 56.2000 4.4000
    endloop
  endfacet
  facet normal 1.000000 0.000000 0.000000
    outer loop
      vertex 24.4000 56.0000 2.3200
      vertex 24.4000 56.2000 4.4000
      vertex 24.4000 56.0000 4.4000
    endloop
  endfacet
  facet normal 0.707107 -0.707107 0.000000
    outer loop
      vertex 24.4000 56.2000 2.3200
      vertex 25.4000 57.2000 2.3200
      vertex 25.4000 57.2000 4.4000
    endloop
  endfacet
  facet normal 0.707107 -0.707107 0.000000
    outer loop
      vertex 24.4000 56.2000 2.3200
      vertex 25.4000 57.2000 4.4000
      vertex 24.4000 56.2000 4.4000
    endloop
  endfacet
  facet normal 0.000000 -1.000000 0.000000
    outer loop
      vertex 25.4000 57.2000 2.3200
      vertex 25.6000 57.2000 2.3200
      vertex 25.6000 57.2000 4.4000
    endloop
  endfacet
  facet normal 0.000000 -1.000000 0.000000
    outer loop
      vertex 25.4000 57.2000 2.3200
      vertex 25.6000 57.2000 4.4000
      vertex 25.4000 57.2000 4.4000
    endloop
  endfacet
  facet normal 0.707107 -0.707107 0.000000
    outer loop
      vertex 25.6000 57.2000 2.3200
      vertex 26.0000 57.6000 2.3200
      vertex 26.0000 57.6000 4.4000
    endloop
  endfacet
  facet normal 0.707107 -0.707107 0.000000
    outer loop
      vertex 25.6000 57.2000 2.3200
      vertex 26.0000 57.6000 4.4000
      vertex 25.6000 57.2000 4.4000
    endloop
  endfacet
  facet normal 0.000000 -1.000000 0.000000
    outer loop
      vertex 26.0000 57.6000 2.3200
      vertex 26.2000 57.6000 2.3200
      vertex 26.2000 57.6000 4.4000
    endloop
  endfacet
  facet normal 0.000000 -1.000000 0.000000
    outer loop
      vertex 26.0000 57.6000 2.3200
      vertex 26.2000 57.6000 4.4000
      vertex 26.0000 57.6000 4.4000
    endloop
  endfacet
  facet normal 0.707107 -0.707107 0.000000
    outer loop
      vertex 26.2000 57.6000 2.3200
      vertex 26.4000 57.8000 2.3200
      vertex 26.4000 57.8000 4.4000
    endloop
  endfacet
  facet normal 0.707107 -0.707107 0.000000
    outer loop
      vertex 26.2000 57.6000 2.3200
      vertex 26.4000 57.8000 4.4000
      vertex 26.2000 57.6000 4.4000
    endloop
  endfacet
  facet normal 0.000000 -1.000000 0.000000
    outer loop
      vertex 26.4000 57.8000 2.3200
      vertex 26.8000 57.8000 2.3200
      vertex 26.8000 57.8000 4.4000
    endloop
  endfacet
  facet normal 0.000000 -1.000000 0.000000
    outer loop
      vertex 26.4000 57.8000 2.3200
      vertex 26.8000 57.8000 4.4000
      vertex 26.4000 57.8000 4.4000
    endloop
  endfacet
  facet normal 0.707107 -0.707107 0.000000
    outer loop
      vertex 26.8000 57.8000 2.3200
      vertex 27.0000 58.0000 2.3200
      vertex 27.0000 58.0000 4.4000
    endloop
  endfacet
  facet normal 0.707107 -0.707107 0.000000
    outer loop
      vertex 26.8000 57.8000 2.3200
      vertex 27.0000 58.0000 4.4000
      vertex 26.8000 57.8000 4.4000
    endloop
  endfacet
  facet normal 0.000000 -1.000000 0.000000
    outer loop
      vertex 27.0000 58.0000 2.3200
      vertex 27.6000 58.0000 2.3200
      vertex 27.6000 58.0000 4.4000
    endloop
  endfacet
  facet normal 0.000000 -1.000000 0.000000
    outer loop
      vertex 27.0000 58.0000 2.3200
      vertex 27.6000 58.0000 4.4000
      vertex 27.0000 58.0000 4.4000
    endloop
  endfacet
  facet normal 0.707107 -0.707107 0.000000
    outer loop
      vertex 27.6000 58.0000 2.3200
      vertex 27.8000 58.2000 2.3200
      vertex 27.8000 58.2000 4.4000
    endloop
  endfacet
  facet normal 0.707107 -0.707107 0.000000
    outer loop
      vertex 27.6000 58.0000 2.3200
      vertex 27.8000 58.2000 4.4000
      vertex 27.6000 58.0000 4.4000
    endloop
  endfacet
  facet normal 0.000000 -1.000000 0.000000
    outer loop
      vertex 27.8000 58.2000 2.3200
      vertex 30.0000 58.2000 2.3200
      vertex 30.0000 58.2000 4.4000
    endloop
  endfacet
  facet normal 0.000000 -1.000000 0.000000
    outer loop
      vertex 27.8000 58.2000 2.3200
      vertex 30.0000 58.2000 4.4000
      vertex 27.8000 58.2000 4.4000
    endloop
  endfacet
  facet normal 0.000000 0.000000 -1.000000
    outer loop
      vertex 35.6000 57.3500 4.4000
      vertex 39.9443 54.0509 4.4000
      vertex 35.6000 50.6500 4.4000
    endloop
  endfacet
  facet normal 0.000000 0.000000 1.000000
    outer loop
      vertex 35.6000 50.6500 2.3200
      vertex 39.9443 54.0509 2.3200
      vertex 35.6000 57.3500 2.3200
    endloop
  endfacet
  facet normal 0.000000 0.000000 -1.000000
    outer loop
      vertex 35.6000 57.3500 4.4000
      vertex 39.7959 55.5020 4.4000
      vertex 39.9443 54.0509 4.4000
    endloop
  endfacet
  facet normal 0.000000 0.000000 1.000000
    outer loop
      vertex 39.9443 54.0509 2.3200
      vertex 39.7959 55.5020 2.3200
      vertex 35.6000 57.3500 2.3200
    endloop
  endfacet
  facet normal 0.000000 0.000000 -1.000000
    outer loop
      vertex 35.6000 57.3500 4.4000
      vertex 36.0320 57.5052 4.4000
      vertex 39.7959 55.5020 4.4000
    endloop
  endfacet
  facet normal 0.000000 0.000000 1.000000
    outer loop
      vertex 39.7959 55.5020 2.3200
      vertex 36.0320 57.5052 2.3200
      vertex 35.6000 57.3500 2.3200
    endloop
  endfacet
  facet normal 0.000000 -0.000000 -1.000000
    outer loop
      vertex 37.2847 58.0000 4.4000
      vertex 39.2525 56.9719 4.4000
      vertex 36.0391 57.5079 4.4000
    endloop
  endfacet
  facet normal -0.000000 0.000000 1.000000
    outer loop
      vertex 36.0391 57.5079 2.3200
      vertex 39.2525 56.9719 2.3200
      vertex 37.2847 58.0000 2.3200
    endloop
  endfacet
  facet normal 0.000000 0.000000 -1.000000
    outer loop
      vertex 37.2847 58.0000 4.4000
      vertex 37.7447 58.0000 4.4000
      vertex 39.2525 56.9719 4.4000
    endloop
  endfacet
  facet normal 0.000000 0.000000 1.000000
    outer loop
      vertex 39.2525 56.9719 2.3200
      vertex 37.7447 58.0000 2.3200
      vertex 37.2847 58.0000 2.3200
    endloop
  endfacet
  facet normal 0.000000 0.000000 -1.000000
    outer loop
      vertex 37.7447 58.0000 4.4000
      vertex 38.6397 57.6800 4.4000
      vertex 39.2525 56.9719 4.4000
    endloop
  endfacet
  facet normal 0.000000 0.000000 1.000000
    outer loop
      vertex 39.2525 56.9719 2.3200
      vertex 38.6397 57.6800 2.3200
      vertex 37.7447 58.0000 2.3200
    endloop
  endfacet
  facet normal 0.000000 0.000000 -1.000000
    outer loop
      vertex 37.7447 58.0000 4.4000
      vertex 38.3847 57.8375 4.4000
      vertex 38.6397 57.6800 4.4000
    endloop
  endfacet
  facet normal 0.000000 0.000000 1.000000
    outer loop
      vertex 38.6397 57.6800 2.3200
      vertex 38.3847 57.8375 2.3200
      vertex 37.7447 58.0000 2.3200
    endloop
  endfacet
  facet normal 0.000000 0.000000 -1.000000
    outer loop
      vertex 38.3847 57.8375 4.4000
      vertex 38.5972 57.7235 4.4000
      vertex 38.6397 57.6800 4.4000
    endloop
  endfacet
  facet normal 0.000000 0.000000 1.000000
    outer loop
      vertex 38.6397 57.6800 2.3200
      vertex 38.5972 57.7235 2.3200
      vertex 38.3847 57.8375 2.3200
    endloop
  endfacet
  facet normal 0.000000 0.000000 -1.000000
    outer loop
      vertex 38.3847 57.8375 4.4000
      vertex 38.4979 57.7935 4.4000
      vertex 38.5972 57.7235 4.4000
    endloop
  endfacet
  facet normal 0.000000 0.000000 1.000000
    outer loop
      vertex 38.5972 57.7235 2.3200
      vertex 38.4979 57.7935 2.3200
      vertex 38.3847 57.8375 2.3200
    endloop
  endfacet
  facet normal 0.000000 0.000000 -1.000000
    outer loop
      vertex 38.3847 57.8375 4.4000
      vertex 38.4427 57.8189 4.4000
      vertex 38.4979 57.7935 4.4000
    endloop
  endfacet
  facet normal 0.000000 0.000000 1.000000
    outer loop
      vertex 38.4979 57.7935 2.3200
      vertex 38.4427 57.8189 2.3200
      vertex 38.3847 57.8375 2.3200
    endloop
  endfacet
  facet normal 0.000000 0.000000 -1.000000
    outer loop
      vertex 38.4979 57.7935 4.4000
      vertex 38.5497 57.7615 4.4000
      vertex 38.5972 57.7235 4.4000
    endloop
  endfacet
  facet normal 0.000000 0.000000 1.000000
    outer loop
      vertex 38.5972 57.7235 2.3200
      vertex 38.5497 57.7615 2.3200
      vertex 38.4979 57.7935 2.3200
    endloop
  endfacet
  facet normal -0.000000 -0.000000 -1.000000
    outer loop
      vertex 39.2525 56.9719 4.4000
      vertex 39.3456 56.8121 4.4000
      vertex 36.0391 57.5079 4.4000
    endloop
  endfacet
  facet normal 0.000000 0.000000 1.000000
    outer loop
      vertex 36.0391 57.5079 2.3200
      vertex 39.3456 56.8121 2.3200
      vertex 39.2525 56.9719 2.3200
    endloop
  endfacet
  facet normal 0.000000 0.000000 -1.000000
    outer loop
      vertex 39.2525 56.9719 4.4000
      vertex 39.3212 56.8691 4.4000
      vertex 39.3456 56.8121 4.4000
    endloop
  endfacet
  facet normal 0.000000 0.000000 1.000000
    outer loop
      vertex 39.3456 56.8121 2.3200
      vertex 39.3212 56.8691 2.3200
      vertex 39.2525 56.9719 2.3200
    endloop
  endfacet
  facet normal 0.000000 0.000000 -1.000000
    outer loop
      vertex 39.2525 56.9719 4.4000
      vertex 39.2901 56.9227 4.4000
      vertex 39.3212 56.8691 4.4000
    endloop
  endfacet
  facet normal 0.000000 0.000000 1.000000
    outer loop
      vertex 39.3212 56.8691 2.3200
      vertex 39.2901 56.9227 2.3200
      vertex 39.2525 56.9719 2.3200
    endloop
  endfacet
  facet normal -0.000000 -0.000000 -1.000000
    outer loop
      vertex 39.3456 56.8121 4.4000
      vertex 39.7696 55.6185 4.4000
      vertex 36.0391 57.5079 4.4000
    endloop
  endfacet
  facet normal 0.000000 0.000000 1.000000
    outer loop
      vertex 36.0391 57.5079 2.3200
      vertex 39.7696 55.6185 2.3200
      vertex 39.3456 56.8121 2.3200
    endloop
  endfacet
  facet normal -0.000000 -0.000000 -1.000000
    outer loop
      vertex 39.7696 55.6185 4.4000
      vertex 39.7959 55.5020 4.4000
      vertex 36.0391 57.5079 4.4000
    endloop
  endfacet
  facet normal 0.000000 0.000000 1.000000
    outer loop
      vertex 36.0391 57.5079 2.3200
      vertex 39.7959 55.5020 2.3200
      vertex 39.7696 55.6185 2.3200
    endloop
  endfacet
  facet normal 0.000000 0.000000 -1.000000
    outer loop
      vertex 39.7696 55.6185 4.4000
      vertex 39.7862 55.5611 4.4000
      vertex 39.7959 55.5020 4.4000
    endloop
  endfacet
  facet normal 0.000000 0.000000 1.000000
    outer loop
      vertex 39.7959 55.5020 2.3200
      vertex 39.7862 55.5611 2.3200
      vertex 39.7696 55.6185 2.3200
    endloop
  endfacet
  facet normal 0.000000 0.000000 -1.000000
    outer loop
      vertex 39.7959 55.5020 4.4000
      vertex 36.0343 57.5061 4.4000
      vertex 36.0391 57.5079 4.4000
    endloop
  endfacet
  facet normal 0.000000 0.000000 1.000000
    outer loop
      vertex 36.0391 57.5079 2.3200
      vertex 36.0343 57.5061 2.3200
      vertex 39.7959 55.5020 2.3200
    endloop
  endfacet
  facet normal 0.000000 0.000000 -1.000000
    outer loop
      vertex 39.7959 55.5020 4.4000
      vertex 36.0320 57.5052 4.4000
      vertex 36.0343 57.5061 4.4000
    endloop
  endfacet
  facet normal 0.000000 0.000000 1.000000
    outer loop
      vertex 36.0343 57.5061 2.3200
      vertex 36.0320 57.5052 2.3200
      vertex 39.7959 55.5020 2.3200
    endloop
  endfacet
  facet normal 0.000000 -0.000000 -1.000000
    outer loop
      vertex 39.9443 54.0509 4.4000
      vertex 39.9443 53.9491 4.4000
      vertex 35.6000 50.6500 4.4000
    endloop
  endfacet
  facet normal 0.000000 0.000000 1.000000
    outer loop
      vertex 35.6000 50.6500 2.3200
      vertex 39.9443 53.9491 2.3200
      vertex 39.9443 54.0509 2.3200
    endloop
  endfacet
  facet normal 0.000000 0.000000 -1.000000
    outer loop
      vertex 39.9443 54.0509 4.4000
      vertex 39.9469 54.0000 4.4000
      vertex 39.9443 53.9491 4.4000
    endloop
  endfacet
  facet normal 0.000000 0.000000 1.000000
    outer loop
      vertex 39.9443 53.9491 2.3200
      vertex 39.9469 54.0000 2.3200
      vertex 39.9443 54.0509 2.3200
    endloop
  endfacet
  facet normal -0.000000 0.000000 -1.000000
    outer loop
      vertex 38.5972 50.2765 4.4000
      vertex 38.5497 50.2385 4.4000
      vertex 38.6397 50.3200 4.4000
    endloop
  endfacet
  facet normal 0.000000 0.000000 1.000000
    outer loop
      vertex 38.6397 50.3200 2.3200
      vertex 38.5497 50.2385 2.3200
      vertex 38.5972 50.2765 2.3200
    endloop
  endfacet
  facet normal -0.000000 0.000000 -1.000000
    outer loop
      vertex 38.5497 50.2385 4.4000
      vertex 38.4427 50.1811 4.4000
      vertex 38.6397 50.3200 4.4000
    endloop
  endfacet
  facet normal 0.000000 0.000000 1.000000
    outer loop
      vertex 38.6397 50.3200 2.3200
      vertex 38.4427 50.1811 2.3200
      vertex 38.5497 50.2385 2.3200
    endloop
  endfacet
  facet normal 0.000000 0.000000 -1.000000
    outer loop
      vertex 38.5497 50.2385 4.4000
      vertex 38.4979 50.2065 4.4000
      vertex 38.4427 50.1811 4.4000
    endloop
  endfacet
  facet normal 0.000000 0.000000 1.000000
    outer loop
      vertex 38.4427 50.1811 2.3200
      vertex 38.4979 50.2065 2.3200
      vertex 38.5497 50.2385 2.3200
    endloop
  endfacet
  facet normal -0.000000 0.000000 -1.000000
    outer loop
      vertex 38.4427 50.1811 4.4000
      vertex 38.3847 50.1625 4.4000
      vertex 38.6397 50.3200 4.4000
    endloop
  endfacet
  facet normal 0.000000 0.000000 1.000000
    outer loop
      vertex 38.6397 50.3200 2.3200
      vertex 38.3847 50.1625 2.3200
      vertex 38.4427 50.1811 2.3200
    endloop
  endfacet
  facet normal -0.000000 0.000000 -1.000000
    outer loop
      vertex 38.3847 50.1625 4.4000
      vertex 37.3145 49.9882 4.4000
      vertex 38.6397 50.3200 4.4000
    endloop
  endfacet
  facet normal 0.000000 0.000000 1.000000
    outer loop
      vertex 38.6397 50.3200 2.3200
      vertex 37.3145 49.9882 2.3200
      vertex 38.3847 50.1625 2.3200
    endloop
  endfacet
  facet normal 0.000000 0.000000 -1.000000
    outer loop
      vertex 38.3847 50.1625 4.4000
      vertex 37.6213 49.9686 4.4000
      vertex 37.3145 49.9882 4.4000
    endloop
  endfacet
  facet normal -0.000000 0.000000 1.000000
    outer loop
      vertex 37.3145 49.9882 2.3200
      vertex 37.6213 49.9686 2.3200
      vertex 38.3847 50.1625 2.3200
    endloop
  endfacet
  facet normal -0.000000 0.000000 -1.000000
    outer loop
      vertex 37.6213 49.9686 4.4000
      vertex 37.5599 49.9571 4.4000
      vertex 37.3145 49.9882 4.4000
    endloop
  endfacet
  facet normal 0.000000 0.000000 1.000000
    outer loop
      vertex 37.3145 49.9882 2.3200
      vertex 37.5599 49.9571 2.3200
      vertex 37.6213 49.9686 2.3200
    endloop
  endfacet
  facet normal 0.000000 0.000000 -1.000000
    outer loop
      vertex 37.5599 49.9571 4.4000
      vertex 37.4352 49.9572 4.4000
      vertex 37.3145 49.9882 4.4000
    endloop
  endfacet
  facet normal 0.000000 0.000000 1.000000
    outer loop
      vertex 37.3145 49.9882 2.3200
      vertex 37.4352 49.9572 2.3200
      vertex 37.5599 49.9571 2.3200
    endloop
  endfacet
  facet normal -0.000000 0.000000 -1.000000
    outer loop
      vertex 37.5599 49.9571 4.4000
      vertex 37.4975 49.9533 4.4000
      vertex 37.4352 49.9572 4.4000
    endloop
  endfacet
  facet normal 0.000000 0.000000 1.000000
    outer loop
      vertex 37.4352 49.9572 2.3200
      vertex 37.4975 49.9533 2.3200
      vertex 37.5599 49.9571 2.3200
    endloop
  endfacet
  facet normal 0.000000 0.000000 -1.000000
    outer loop
      vertex 37.4352 49.9572 4.4000
      vertex 37.3739 49.9690 4.4000
      vertex 37.3145 49.9882 4.4000
    endloop
  endfacet
  facet normal 0.000000 0.000000 1.000000
    outer loop
      vertex 37.3145 49.9882 2.3200
      vertex 37.3739 49.9690 2.3200
      vertex 37.4352 49.9572 2.3200
    endloop
  endfacet
  facet normal 0.000000 0.000000 -1.000000
    outer loop
      vertex 37.3145 49.9882 4.4000
      vertex 39.2525 51.0281 4.4000
      vertex 38.6397 50.3200 4.4000
    endloop
  endfacet
  facet normal 0.000000 -0.000000 1.000000
    outer loop
      vertex 38.6397 50.3200 2.3200
      vertex 39.2525 51.0281 2.3200
      vertex 37.3145 49.9882 2.3200
    endloop
  endfacet
  facet normal 0.000000 0.000000 -1.000000
    outer loop
      vertex 37.3145 49.9882 4.4000
      vertex 36.0386 50.4923 4.4000
      vertex 39.2525 51.0281 4.4000
    endloop
  endfacet
  facet normal 0.000000 0.000000 1.000000
    outer loop
      vertex 39.2525 51.0281 2.3200
      vertex 36.0386 50.4923 2.3200
      vertex 37.3145 49.9882 2.3200
    endloop
  endfacet
  facet normal 0.000000 0.000000 -1.000000
    outer loop
      vertex 35.6000 50.6500 4.4000
      vertex 39.7959 52.4980 4.4000
      vertex 36.0315 50.4950 4.4000
    endloop
  endfacet
  facet normal 0.000000 -0.000000 1.000000
    outer loop
      vertex 36.0315 50.4950 2.3200
      vertex 39.7959 52.4980 2.3200
      vertex 35.6000 50.6500 2.3200
    endloop
  endfacet
  facet normal 0.000000 0.000000 -1.000000
    outer loop
      vertex 35.6000 50.6500 4.4000
      vertex 39.9443 53.9491 4.4000
      vertex 39.7959 52.4980 4.4000
    endloop
  endfacet
  facet normal 0.000000 -0.000000 1.000000
    outer loop
      vertex 39.7959 52.4980 2.3200
      vertex 39.9443 53.9491 2.3200
      vertex 35.6000 50.6500 2.3200
    endloop
  endfacet
  facet normal 0.000000 0.000000 -1.000000
    outer loop
      vertex 39.7959 52.4980 4.4000
      vertex 36.0362 50.4932 4.4000
      vertex 36.0315 50.4950 4.4000
    endloop
  endfacet
  facet normal -0.000000 0.000000 1.000000
    outer loop
      vertex 36.0315 50.4950 2.3200
      vertex 36.0362 50.4932 2.3200
      vertex 39.7959 52.4980 2.3200
    endloop
  endfacet
  facet normal 0.000000 0.000000 -1.000000
    outer loop
      vertex 39.7959 52.4980 4.4000
      vertex 36.0386 50.4923 4.4000
      vertex 36.0362 50.4932 4.4000
    endloop
  endfacet
  facet normal -0.000000 0.000000 1.000000
    outer loop
      vertex 36.0362 50.4932 2.3200
      vertex 36.0386 50.4923 2.3200
      vertex 39.7959 52.4980 2.3200
    endloop
  endfacet
  facet normal 0.000000 0.000000 -1.000000
    outer loop
      vertex 39.7959 52.4980 4.4000
      vertex 39.7696 52.3815 4.4000
      vertex 36.0386 50.4923 4.4000
    endloop
  endfacet
  facet normal 0.000000 0.000000 1.000000
    outer loop
      vertex 36.0386 50.4923 2.3200
      vertex 39.7696 52.3815 2.3200
      vertex 39.7959 52.4980 2.3200
    endloop
  endfacet
  facet normal 0.000000 0.000000 -1.000000
    outer loop
      vertex 39.7959 52.4980 4.4000
      vertex 39.7862 52.4389 4.4000
      vertex 39.7696 52.3815 4.4000
    endloop
  endfacet
  facet normal 0.000000 0.000000 1.000000
    outer loop
      vertex 39.7696 52.3815 2.3200
      vertex 39.7862 52.4389 2.3200
      vertex 39.7959 52.4980 2.3200
    endloop
  endfacet
  facet normal 0.000000 0.000000 -1.000000
    outer loop
      vertex 39.7696 52.3815 4.4000
      vertex 39.3456 51.1879 4.4000
      vertex 36.0386 50.4923 4.4000
    endloop
  endfacet
  facet normal 0.000000 0.000000 1.000000
    outer loop
      vertex 36.0386 50.4923 2.3200
      vertex 39.3456 51.1879 2.3200
      vertex 39.7696 52.3815 2.3200
    endloop
  endfacet
  facet normal 0.000000 0.000000 -1.000000
    outer loop
      vertex 39.3456 51.1879 4.4000
      vertex 39.2525 51.0281 4.4000
      vertex 36.0386 50.4923 4.4000
    endloop
  endfacet
  facet normal 0.000000 0.000000 1.000000
    outer loop
      vertex 36.0386 50.4923 2.3200
      vertex 39.2525 51.0281 2.3200
      vertex 39.3456 51.1879 2.3200
    endloop
  endfacet
  facet normal 0.000000 0.000000 -1.000000
    outer loop
      vertex 39.3456 51.1879 4.4000
      vertex 39.3212 51.1309 4.4000
      vertex 39.2525 51.0281 4.4000
    endloop
  endfacet
  facet normal 0.000000 0.000000 1.000000
    outer loop
      vertex 39.2525 51.0281 2.3200
      vertex 39.3212 51.1309 2.3200
      vertex 39.3456 51.1879 2.3200
    endloop
  endfacet
  facet normal 0.000000 0.000000 -1.000000
    outer loop
      vertex 39.3212 51.1309 4.4000
      vertex 39.2901 51.0773 4.4000
      vertex 39.2525 51.0281 4.4000
    endloop
  endfacet
  facet normal 0.000000 0.000000 1.000000
    outer loop
      vertex 39.2525 51.0281 2.3200
      vertex 39.2901 51.0773 2.3200
      vertex 39.3212 51.1309 2.3200
    endloop
  endfacet
  facet normal 0.338217 -0.941068 0.000000
    outer loop
      vertex 35.6000 57.3500 2.3200
      vertex 36.0320 57.5052 2.3200
      vertex 36.0320 57.5052 4.4000
    endloop
  endfacet
  facet normal 0.338217 -0.941068 0.000000
    outer loop
      vertex 35.6000 57.3500 2.3200
      vertex 36.0320 57.5052 4.4000
      vertex 35.6000 57.3500 4.4000
    endloop
  endfacet
  facet normal 0.345551 -0.938400 0.000000
    outer loop
      vertex 36.0320 57.5052 2.3200
      vertex 36.0343 57.5061 2.3200
      vertex 36.0343 57.5061 4.4000
    endloop
  endfacet
  facet normal 0.345551 -0.938400 0.000000
    outer loop
      vertex 36.0320 57.5052 2.3200
      vertex 36.0343 57.5061 4.4000
      vertex 36.0320 57.5052 4.4000
    endloop
  endfacet
  facet normal 0.358076 -0.933692 0.000000
    outer loop
      vertex 36.0343 57.5061 2.3200
      vertex 36.0391 57.5079 2.3200
      vertex 36.0391 57.5079 4.4000
    endloop
  endfacet
  facet normal 0.358076 -0.933692 0.000000
    outer loop
      vertex 36.0343 57.5061 2.3200
      vertex 36.0391 57.5079 4.4000
      vertex 36.0343 57.5061 4.4000
    endloop
  endfacet
  facet normal 0.367428 -0.930052 0.000000
    outer loop
      vertex 36.0391 57.5079 2.3200
      vertex 37.2847 58.0000 2.3200
      vertex 37.2847 58.0000 4.4000
    endloop
  endfacet
  facet normal 0.367428 -0.930052 0.000000
    outer loop
      vertex 36.0391 57.5079 2.3200
      vertex 37.2847 58.0000 4.4000
      vertex 36.0391 57.5079 4.4000
    endloop
  endfacet
  facet normal 0.000000 -1.000000 0.000000
    outer loop
      vertex 37.2847 58.0000 2.3200
      vertex 37.7447 58.0000 2.3200
      vertex 37.7447 58.0000 4.4000
    endloop
  endfacet
  facet normal 0.000000 -1.000000 0.000000
    outer loop
      vertex 37.2847 58.0000 2.3200
      vertex 37.7447 58.0000 4.4000
      vertex 37.2847 58.0000 4.4000
    endloop
  endfacet
  facet normal -0.246154 -0.969231 0.000000
    outer loop
      vertex 37.7447 58.0000 2.3200
      vertex 38.3847 57.8375 2.3200
      vertex 38.3847 57.8375 4.4000
    endloop
  endfacet
  facet normal -0.246154 -0.969231 0.000000
    outer loop
      vertex 37.7447 58.0000 2.3200
      vertex 38.3847 57.8375 4.4000
      vertex 37.7447 58.0000 4.4000
    endloop
  endfacet
  facet normal -0.304661 -0.952461 0.000000
    outer loop
      vertex 38.3847 57.8375 2.3200
      vertex 38.4427 57.8189 2.3200
      vertex 38.4427 57.8189 4.4000
    endloop
  endfacet
  facet normal -0.304661 -0.952461 0.000000
    outer loop
      vertex 38.3847 57.8375 2.3200
      vertex 38.4427 57.8189 4.4000
      vertex 38.3847 57.8375 4.4000
    endloop
  endfacet
  facet normal -0.418078 -0.908411 0.000000
    outer loop
      vertex 38.4427 57.8189 2.3200
      vertex 38.4979 57.7935 2.3200
      vertex 38.4979 57.7935 4.4000
    endloop
  endfacet
  facet normal -0.418078 -0.908411 0.000000
    outer loop
      vertex 38.4427 57.8189 2.3200
      vertex 38.4979 57.7935 4.4000
      vertex 38.4427 57.8189 4.4000
    endloop
  endfacet
  facet normal -0.525306 -0.850914 0.000000
    outer loop
      vertex 38.4979 57.7935 2.3200
      vertex 38.5497 57.7615 2.3200
      vertex 38.5497 57.7615 4.4000
    endloop
  endfacet
  facet normal -0.525306 -0.850914 0.000000
    outer loop
      vertex 38.4979 57.7935 2.3200
      vertex 38.5497 57.7615 4.4000
      vertex 38.4979 57.7935 4.4000
    endloop
  endfacet
  facet normal -0.624757 -0.780820 0.000000
    outer loop
      vertex 38.5497 57.7615 2.3200
      vertex 38.5972 57.7235 2.3200
      vertex 38.5972 57.7235 4.4000
    endloop
  endfacet
  facet normal -0.624757 -0.780820 0.000000
    outer loop
      vertex 38.5497 57.7615 2.3200
      vertex 38.5972 57.7235 4.4000
      vertex 38.5497 57.7615 4.4000
    endloop
  endfacet
  facet normal -0.714959 -0.699166 0.000000
    outer loop
      vertex 38.5972 57.7235 2.3200
      vertex 38.6397 57.6800 2.3200
      vertex 38.6397 57.6800 4.4000
    endloop
  endfacet
  facet normal -0.714959 -0.699166 0.000000
    outer loop
      vertex 38.5972 57.7235 2.3200
      vertex 38.6397 57.6800 4.4000
      vertex 38.5972 57.7235 4.4000
    endloop
  endfacet
  facet normal -0.756169 -0.654377 0.000000
    outer loop
      vertex 38.6397 57.6800 2.3200
      vertex 39.2525 56.9719 2.3200
      vertex 39.2525 56.9719 4.4000
    endloop
  endfacet
  facet normal -0.756169 -0.654377 0.000000
    outer loop
      vertex 38.6397 57.6800 2.3200
      vertex 39.2525 56.9719 4.4000
      vertex 38.6397 57.6800 4.4000
    endloop
  endfacet
  facet normal -0.795261 -0.606267 0.000000
    outer loop
      vertex 39.2525 56.9719 2.3200
      vertex 39.2901 56.9227 2.3200
      vertex 39.2901 56.9227 4.4000
    endloop
  endfacet
  facet normal -0.795261 -0.606267 0.000000
    outer loop
      vertex 39.2525 56.9719 2.3200
      vertex 39.2901 56.9227 4.4000
      vertex 39.2525 56.9719 4.4000
    endloop
  endfacet
  facet normal -0.864140 -0.503251 0.000000
    outer loop
      vertex 39.2901 56.9227 2.3200
      vertex 39.3212 56.8691 2.3200
      vertex 39.3212 56.8691 4.4000
    endloop
  endfacet
  facet normal -0.864140 -0.503251 0.000000
    outer loop
      vertex 39.2901 56.9227 2.3200
      vertex 39.3212 56.8691 4.4000
      vertex 39.2901 56.9227 4.4000
    endloop
  endfacet
  facet normal -0.919749 -0.392507 0.000000
    outer loop
      vertex 39.3212 56.8691 2.3200
      vertex 39.3456 56.8121 2.3200
      vertex 39.3456 56.8121 4.4000
    endloop
  endfacet
  facet normal -0.919749 -0.392507 0.000000
    outer loop
      vertex 39.3212 56.8691 2.3200
      vertex 39.3456 56.8121 4.4000
      vertex 39.3212 56.8691 4.4000
    endloop
  endfacet
  facet normal -0.942302 -0.334765 0.000000
    outer loop
      vertex 39.3456 56.8121 2.3200
      vertex 39.7696 55.6185 2.3200
      vertex 39.7696 55.6185 4.4000
    endloop
  endfacet
  facet normal -0.942302 -0.334765 0.000000
    outer loop
      vertex 39.3456 56.8121 2.3200
      vertex 39.7696 55.6185 4.4000
      vertex 39.3456 56.8121 4.4000
    endloop
  endfacet
  facet normal -0.960641 -0.277794 0.000000
    outer loop
      vertex 39.7696 55.6185 2.3200
      vertex 39.7862 55.5611 2.3200
      vertex 39.7862 55.5611 4.4000
    endloop
  endfacet
  facet normal -0.960641 -0.277794 0.000000
    outer loop
      vertex 39.7696 55.6185 2.3200
      vertex 39.7862 55.5611 4.4000
      vertex 39.7696 55.6185 4.4000
    endloop
  endfacet
  facet normal -0.986942 -0.161073 0.000000
    outer loop
      vertex 39.7862 55.5611 2.3200
      vertex 39.7959 55.5020 2.3200
      vertex 39.7959 55.5020 4.4000
    endloop
  endfacet
  facet normal -0.986942 -0.161073 0.000000
    outer loop
      vertex 39.7862 55.5611 2.3200
      vertex 39.7959 55.5020 4.4000
      vertex 39.7862 55.5611 4.4000
    endloop
  endfacet
  facet normal -0.994811 -0.101742 0.000000
    outer loop
      vertex 39.7959 55.5020 2.3200
      vertex 39.9443 54.0509 2.3200
      vertex 39.9443 54.0509 4.4000
    endloop
  endfacet
  facet normal -0.994811 -0.101742 0.000000
    outer loop
      vertex 39.7959 55.5020 2.3200
      vertex 39.9443 54.0509 4.4000
      vertex 39.7959 55.5020 4.4000
    endloop
  endfacet
  facet normal -0.998702 -0.050937 0.000000
    outer loop
      vertex 39.9443 54.0509 2.3200
      vertex 39.9469 54.0000 2.3200
      vertex 39.9469 54.0000 4.4000
    endloop
  endfacet
  facet normal -0.998702 -0.050937 0.000000
    outer loop
      vertex 39.9443 54.0509 2.3200
      vertex 39.9469 54.0000 4.4000
      vertex 39.9443 54.0509 4.4000
    endloop
  endfacet
  facet normal -0.998702 0.050937 0.000000
    outer loop
      vertex 39.9469 54.0000 2.3200
      vertex 39.9443 53.9491 2.3200
      vertex 39.9443 53.9491 4.4000
    endloop
  endfacet
  facet normal -0.998702 0.050937 0.000000
    outer loop
      vertex 39.9469 54.0000 2.3200
      vertex 39.9443 53.9491 4.4000
      vertex 39.9469 54.0000 4.4000
    endloop
  endfacet
  facet normal -0.994811 0.101742 0.000000
    outer loop
      vertex 39.9443 53.9491 2.3200
      vertex 39.7959 52.4980 2.3200
      vertex 39.7959 52.4980 4.4000
    endloop
  endfacet
  facet normal -0.994811 0.101742 0.000000
    outer loop
      vertex 39.9443 53.9491 2.3200
      vertex 39.7959 52.4980 4.4000
      vertex 39.9443 53.9491 4.4000
    endloop
  endfacet
  facet normal -0.986942 0.161073 0.000000
    outer loop
      vertex 39.7959 52.4980 2.3200
      vertex 39.7862 52.4389 2.3200
      vertex 39.7862 52.4389 4.4000
    endloop
  endfacet
  facet normal -0.986942 0.161073 0.000000
    outer loop
      vertex 39.7959 52.4980 2.3200
      vertex 39.7862 52.4389 4.4000
      vertex 39.7959 52.4980 4.4000
    endloop
  endfacet
  facet normal -0.960641 0.277794 0.000000
    outer loop
      vertex 39.7862 52.4389 2.3200
      vertex 39.7696 52.3815 2.3200
      vertex 39.7696 52.3815 4.4000
    endloop
  endfacet
  facet normal -0.960641 0.277794 0.000000
    outer loop
      vertex 39.7862 52.4389 2.3200
      vertex 39.7696 52.3815 4.4000
      vertex 39.7862 52.4389 4.4000
    endloop
  endfacet
  facet normal -0.942302 0.334765 0.000000
    outer loop
      vertex 39.7696 52.3815 2.3200
      vertex 39.3456 51.1879 2.3200
      vertex 39.3456 51.1879 4.4000
    endloop
  endfacet
  facet normal -0.942302 0.334765 0.000000
    outer loop
      vertex 39.7696 52.3815 2.3200
      vertex 39.3456 51.1879 4.4000
      vertex 39.7696 52.3815 4.4000
    endloop
  endfacet
  facet normal -0.919749 0.392507 0.000000
    outer loop
      vertex 39.3456 51.1879 2.3200
      vertex 39.3212 51.1309 2.3200
      vertex 39.3212 51.1309 4.4000
    endloop
  endfacet
  facet normal -0.919749 0.392507 0.000000
    outer loop
      vertex 39.3456 51.1879 2.3200
      vertex 39.3212 51.1309 4.4000
      vertex 39.3456 51.1879 4.4000
    endloop
  endfacet
  facet normal -0.864140 0.503251 0.000000
    outer loop
      vertex 39.3212 51.1309 2.3200
      vertex 39.2901 51.0773 2.3200
      vertex 39.2901 51.0773 4.4000
    endloop
  endfacet
  facet normal -0.864140 0.503251 0.000000
    outer loop
      vertex 39.3212 51.1309 2.3200
      vertex 39.2901 51.0773 4.4000
      vertex 39.3212 51.1309 4.4000
    endloop
  endfacet
  facet normal -0.795261 0.606267 0.000000
    outer loop
      vertex 39.2901 51.0773 2.3200
      vertex 39.2525 51.0281 2.3200
      vertex 39.2525 51.0281 4.4000
    endloop
  endfacet
  facet normal -0.795261 0.606267 0.000000
    outer loop
      vertex 39.2901 51.0773 2.3200
      vertex 39.2525 51.0281 4.4000
      vertex 39.2901 51.0773 4.4000
    endloop
  endfacet
  facet normal -0.756169 0.654377 0.000000
    outer loop
      vertex 39.2525 51.0281 2.3200
      vertex 38.6397 50.3200 2.3200
      vertex 38.6397 50.3200 4.4000
    endloop
  endfacet
  facet normal -0.756169 0.654377 0.000000
    outer loop
      vertex 39.2525 51.0281 2.3200
      vertex 38.6397 50.3200 4.4000
      vertex 39.2525 51.0281 4.4000
    endloop
  endfacet
  facet normal -0.714959 0.699166 0.000000
    outer loop
      vertex 38.6397 50.3200 2.3200
      vertex 38.5972 50.2765 2.3200
      vertex 38.5972 50.2765 4.4000
    endloop
  endfacet
  facet normal -0.714959 0.699166 0.000000
    outer loop
      vertex 38.6397 50.3200 2.3200
      vertex 38.5972 50.2765 4.4000
      vertex 38.6397 50.3200 4.4000
    endloop
  endfacet
  facet normal -0.624757 0.780820 0.000000
    outer loop
      vertex 38.5972 50.2765 2.3200
      vertex 38.5497 50.2385 2.3200
      vertex 38.5497 50.2385 4.4000
    endloop
  endfacet
  facet normal -0.624757 0.780820 0.000000
    outer loop
      vertex 38.5972 50.2765 2.3200
      vertex 38.5497 50.2385 4.4000
      vertex 38.5972 50.2765 4.4000
    endloop
  endfacet
  facet normal -0.525306 0.850914 0.000000
    outer loop
      vertex 38.5497 50.2385 2.3200
      vertex 38.4979 50.2065 2.3200
      vertex 38.4979 50.2065 4.4000
    endloop
  endfacet
  facet normal -0.525306 0.850914 0.000000
    outer loop
      vertex 38.5497 50.2385 2.3200
      vertex 38.4979 50.2065 4.4000
      vertex 38.5497 50.2385 4.4000
    endloop
  endfacet
  facet normal -0.418078 0.908411 0.000000
    outer loop
      vertex 38.4979 50.2065 2.3200
      vertex 38.4427 50.1811 2.3200
      vertex 38.4427 50.1811 4.4000
    endloop
  endfacet
  facet normal -0.418078 0.908411 0.000000
    outer loop
      vertex 38.4979 50.2065 2.3200
      vertex 38.4427 50.1811 4.4000
      vertex 38.4979 50.2065 4.4000
    endloop
  endfacet
  facet normal -0.304661 0.952461 0.000000
    outer loop
      vertex 38.4427 50.1811 2.3200
      vertex 38.3847 50.1625 2.3200
      vertex 38.3847 50.1625 4.4000
    endloop
  endfacet
  facet normal -0.304661 0.952461 0.000000
    outer loop
      vertex 38.4427 50.1811 2.3200
      vertex 38.3847 50.1625 4.4000
      vertex 38.4427 50.1811 4.4000
    endloop
  endfacet
  facet normal -0.246154 0.969231 0.000000
    outer loop
      vertex 38.3847 50.1625 2.3200
      vertex 37.6213 49.9686 2.3200
      vertex 37.6213 49.9686 4.4000
    endloop
  endfacet
  facet normal -0.246154 0.969231 0.000000
    outer loop
      vertex 38.3847 50.1625 2.3200
      vertex 37.6213 49.9686 4.4000
      vertex 38.3847 50.1625 4.4000
    endloop
  endfacet
  facet normal -0.185140 0.982712 0.000000
    outer loop
      vertex 37.6213 49.9686 2.3200
      vertex 37.5599 49.9571 2.3200
      vertex 37.5599 49.9571 4.4000
    endloop
  endfacet
  facet normal -0.185140 0.982712 0.000000
    outer loop
      vertex 37.6213 49.9686 2.3200
      vertex 37.5599 49.9571 4.4000
      vertex 37.6213 49.9686 4.4000
    endloop
  endfacet
  facet normal -0.061186 0.998126 0.000000
    outer loop
      vertex 37.5599 49.9571 2.3200
      vertex 37.4975 49.9533 2.3200
      vertex 37.4975 49.9533 4.4000
    endloop
  endfacet
  facet normal -0.061186 0.998126 0.000000
    outer loop
      vertex 37.5599 49.9571 2.3200
      vertex 37.4975 49.9533 4.4000
      vertex 37.5599 49.9571 4.4000
    endloop
  endfacet
  facet normal 0.063723 0.997968 0.000000
    outer loop
      vertex 37.4975 49.9533 2.3200
      vertex 37.4352 49.9572 2.3200
      vertex 37.4352 49.9572 4.4000
    endloop
  endfacet
  facet normal 0.063723 0.997968 -0.000000
    outer loop
      vertex 37.4975 49.9533 2.3200
      vertex 37.4352 49.9572 4.4000
      vertex 37.4975 49.9533 4.4000
    endloop
  endfacet
  facet normal 0.187638 0.982238 0.000000
    outer loop
      vertex 37.4352 49.9572 2.3200
      vertex 37.3739 49.9690 2.3200
      vertex 37.3739 49.9690 4.4000
    endloop
  endfacet
  facet normal 0.187638 0.982238 -0.000000
    outer loop
      vertex 37.4352 49.9572 2.3200
      vertex 37.3739 49.9690 4.4000
      vertex 37.4352 49.9572 4.4000
    endloop
  endfacet
  facet normal 0.308625 0.951184 0.000000
    outer loop
      vertex 37.3739 49.9690 2.3200
      vertex 37.3145 49.9882 2.3200
      vertex 37.3145 49.9882 4.4000
    endloop
  endfacet
  facet normal 0.308625 0.951184 -0.000000
    outer loop
      vertex 37.3739 49.9690 2.3200
      vertex 37.3145 49.9882 4.4000
      vertex 37.3739 49.9690 4.4000
    endloop
  endfacet
  facet normal 0.367428 0.930052 0.000000
    outer loop
      vertex 37.3145 49.9882 2.3200
      vertex 36.0386 50.4923 2.3200
      vertex 36.0386 50.4923 4.4000
    endloop
  endfacet
  facet normal 0.367428 0.930052 -0.000000
    outer loop
      vertex 37.3145 49.9882 2.3200
      vertex 36.0386 50.4923 4.4000
      vertex 37.3145 49.9882 4.4000
    endloop
  endfacet
  facet normal 0.360158 0.932891 0.000000
    outer loop
      vertex 36.0386 50.4923 2.3200
      vertex 36.0362 50.4932 2.3200
      vertex 36.0362 50.4932 4.4000
    endloop
  endfacet
  facet normal 0.360158 0.932891 -0.000000
    outer loop
      vertex 36.0386 50.4923 2.3200
      vertex 36.0362 50.4932 4.4000
      vertex 36.0386 50.4923 4.4000
    endloop
  endfacet
  facet normal 0.347643 0.937627 0.000000
    outer loop
      vertex 36.0362 50.4932 2.3200
      vertex 36.0315 50.4950 2.3200
      vertex 36.0315 50.4950 4.4000
    endloop
  endfacet
  facet normal 0.347643 0.937627 -0.000000
    outer loop
      vertex 36.0362 50.4932 2.3200
      vertex 36.0315 50.4950 4.4000
      vertex 36.0362 50.4932 4.4000
    endloop
  endfacet
  facet normal 0.338217 0.941068 0.000000
    outer loop
      vertex 36.0315 50.4950 2.3200
      vertex 35.6000 50.6500 2.3200
      vertex 35.6000 50.6500 4.4000
    endloop
  endfacet
  facet normal 0.338217 0.941068 -0.000000
    outer loop
      vertex 36.0315 50.4950 2.3200
      vertex 35.6000 50.6500 4.4000
      vertex 36.0315 50.4950 4.4000
    endloop
  endfacet
  facet normal 1.000000 0.000000 0.000000
    outer loop
      vertex 35.6000 50.6500 2.3200
      vertex 35.6000 57.3500 2.3200
      vertex 35.6000 57.3500 4.4000
    endloop
  endfacet
  facet normal 1.000000 0.000000 0.000000
    outer loop
      vertex 35.6000 50.6500 2.3200
      vertex 35.6000 57.3500 4.4000
      vertex 35.6000 50.6500 4.4000
    endloop
  endfacet
  facet normal 0.000000 0.000000 -1.000000
    outer loop
      vertex 34.0000 43.8901 4.4000
      vertex 34.3462 42.0890 4.4000
      vertex 34.0000 42.0000 4.4000
    endloop
  endfacet
  facet normal 0.000000 0.000000 1.000000
    outer loop
      vertex 34.0000 42.0000 2.3200
      vertex 34.3462 42.0890 2.3200
      vertex 34.0000 43.8901 2.3200
    endloop
  endfacet
  facet normal 0.000000 0.000000 -1.000000
    outer loop
      vertex 34.4166 41.7834 4.4000
      vertex 34.4000 41.8000 4.4000
      vertex 34.3480 42.0802 4.4000
    endloop
  endfacet
  facet normal 0.000000 0.000000 1.000000
    outer loop
      vertex 34.3480 42.0802 2.3200
      vertex 34.4000 41.8000 2.3200
      vertex 34.4166 41.7834 2.3200
    endloop
  endfacet
  facet normal 0.000000 0.000000 -1.000000
    outer loop
      vertex 34.2000 41.8000 4.4000
      vertex 34.3480 42.0802 4.4000
      vertex 34.4000 41.8000 4.4000
    endloop
  endfacet
  facet normal 0.000000 0.000000 1.000000
    outer loop
      vertex 34.4000 41.8000 2.3200
      vertex 34.3480 42.0802 2.3200
      vertex 34.2000 41.8000 2.3200
    endloop
  endfacet
  facet normal 0.000000 0.000000 -1.000000
    outer loop
      vertex 34.2000 41.8000 4.4000
      vertex 34.0000 42.0000 4.4000
      vertex 34.3480 42.0802 4.4000
    endloop
  endfacet
  facet normal 0.000000 0.000000 1.000000
    outer loop
      vertex 34.3480 42.0802 2.3200
      vertex 34.0000 42.0000 2.3200
      vertex 34.2000 41.8000 2.3200
    endloop
  endfacet
  facet normal 0.000000 0.000000 -1.000000
    outer loop
      vertex 34.0000 42.0000 4.4000
      vertex 34.3467 42.0861 4.4000
      vertex 34.3480 42.0802 4.4000
    endloop
  endfacet
  facet normal 0.000000 0.000000 1.000000
    outer loop
      vertex 34.3480 42.0802 2.3200
      vertex 34.3467 42.0861 2.3200
      vertex 34.0000 42.0000 2.3200
    endloop
  endfacet
  facet normal 0.000000 0.000000 -1.000000
    outer loop
      vertex 34.0000 42.0000 4.4000
      vertex 34.3462 42.0890 4.4000
      vertex 34.3467 42.0861 4.4000
    endloop
  endfacet
  facet normal 0.000000 0.000000 1.000000
    outer loop
      vertex 34.3467 42.0861 2.3200
      vertex 34.3462 42.0890 2.3200
      vertex 34.0000 42.0000 2.3200
    endloop
  endfacet
  facet normal 0.000000 1.000000 0.000000
    outer loop
      vertex 34.4000 41.8000 2.3200
      vertex 34.2000 41.8000 2.3200
      vertex 34.2000 41.8000 4.4000
    endloop
  endfacet
  facet normal 0.000000 1.000000 -0.000000
    outer loop
      vertex 34.4000 41.8000 2.3200
      vertex 34.2000 41.8000 4.4000
      vertex 34.4000 41.8000 4.4000
    endloop
  endfacet
  facet normal 0.707107 0.707107 0.000000
    outer loop
      vertex 34.2000 41.8000 2.3200
      vertex 34.0000 42.0000 2.3200
      vertex 34.0000 42.0000 4.4000
    endloop
  endfacet
  facet normal 0.707107 0.707107 -0.000000
    outer loop
      vertex 34.2000 41.8000 2.3200
      vertex 34.0000 42.0000 4.4000
      vertex 34.2000 41.8000 4.4000
    endloop
  endfacet
  facet normal 1.000000 0.000000 0.000000
    outer loop
      vertex 34.0000 42.0000 2.3200
      vertex 34.0000 43.8901 2.3200
      vertex 34.0000 43.8901 4.4000
    endloop
  endfacet
  facet normal 1.000000 0.000000 0.000000
    outer loop
      vertex 34.0000 42.0000 2.3200
      vertex 34.0000 43.8901 4.4000
      vertex 34.0000 42.0000 4.4000
    endloop
  endfacet
  facet normal -0.982027 -0.188740 0.000000
    outer loop
      vertex 34.0000 43.8901 2.3200
      vertex 34.3462 42.0890 2.3200
      vertex 34.3462 42.0890 4.4000
    endloop
  endfacet
  facet normal -0.982027 -0.188740 0.000000
    outer loop
      vertex 34.0000 43.8901 2.3200
      vertex 34.3462 42.0890 4.4000
      vertex 34.0000 43.8901 4.4000
    endloop
  endfacet
  facet normal -0.980235 -0.197838 0.000000
    outer loop
      vertex 34.3462 42.0890 2.3200
      vertex 34.3467 42.0861 2.3200
      vertex 34.3467 42.0861 4.4000
    endloop
  endfacet
  facet normal -0.980235 -0.197838 0.000000
    outer loop
      vertex 34.3462 42.0890 2.3200
      vertex 34.3467 42.0861 4.4000
      vertex 34.3462 42.0890 4.4000
    endloop
  endfacet
  facet normal -0.976966 -0.213394 0.000000
    outer loop
      vertex 34.3467 42.0861 2.3200
      vertex 34.3480 42.0802 2.3200
      vertex 34.3480 42.0802 4.4000
    endloop
  endfacet
  facet normal -0.976966 -0.213394 0.000000
    outer loop
      vertex 34.3467 42.0861 2.3200
      vertex 34.3480 42.0802 4.4000
      vertex 34.3467 42.0861 4.4000
    endloop
  endfacet
  facet normal -0.974353 -0.225026 0.000000
    outer loop
      vertex 34.3480 42.0802 2.3200
      vertex 34.4166 41.7834 2.3200
      vertex 34.4166 41.7834 4.4000
    endloop
  endfacet
  facet normal -0.974353 -0.225026 0.000000
    outer loop
      vertex 34.3480 42.0802 2.3200
      vertex 34.4166 41.7834 4.4000
      vertex 34.3480 42.0802 4.4000
    endloop
  endfacet
  facet normal 0.707107 0.707107 0.000000
    outer loop
      vertex 34.4166 41.7834 2.3200
      vertex 34.4000 41.8000 2.3200
      vertex 34.4000 41.8000 4.4000
    endloop
  endfacet
  facet normal 0.707107 0.707107 -0.000000
    outer loop
      vertex 34.4166 41.7834 2.3200
      vertex 34.4000 41.8000 4.4000
      vertex 34.4166 41.7834 4.4000
    endloop
  endfacet
endsolid piece_03
