solid pyjigsaw-shrink-0p10-piece-01
  facet normal 0.000000 0.000000 -1.000000
    outer loop
      vertex 26.7375 9.3550 0.0000
      vertex 26.6662 9.3654 0.0000
      vertex 26.5968 9.3858 0.0000
    endloop
  endfacet
  facet normal 0.000000 0.000000 -1.000000
    outer loop
      vertex 26.8093 9.3546 0.0000
      vertex 26.7375 9.3550 0.0000
      vertex 26.5968 9.3858 0.0000
    endloop
  endfacet
  facet normal 0.000000 0.000000 -1.000000
    outer loop
      vertex 26.8093 9.3546 0.0000
      vertex 26.5968 9.3858 0.0000
      vertex 25.7166 9.7133 0.0000
    endloop
  endfacet
  facet normal 0.000000 0.000000 -1.000000
    outer loop
      vertex 26.8093 9.3546 0.0000
      vertex 25.7166 9.7133 0.0000
      vertex 25.7144 9.7141 0.0000
    endloop
  endfacet
  facet normal 0.000000 0.000000 -1.000000
    outer loop
      vertex 26.8093 9.3546 0.0000
      vertex 25.7144 9.7141 0.0000
      vertex 25.7099 9.7156 0.0000
    endloop
  endfacet
  facet normal 0.000000 0.000000 -1.000000
    outer loop
      vertex 26.8093 9.3546 0.0000
      vertex 25.7099 9.7156 0.0000
      vertex 24.7782 10.0367 0.0000
    endloop
  endfacet
  facet normal -0.000000 0.000000 -1.000000
    outer loop
      vertex 26.8801 9.3644 0.0000
      vertex 26.8093 9.3546 0.0000
      vertex 24.7782 10.0367 0.0000
    endloop
  endfacet
  facet normal -0.000000 0.000000 -1.000000
    outer loop
      vertex 27.3431 9.4633 0.0000
      vertex 26.8801 9.3644 0.0000
      vertex 24.7782 10.0367 0.0000
    endloop
  endfacet
  facet normal -0.000000 0.000000 -1.000000
    outer loop
      vertex 27.4124 9.4835 0.0000
      vertex 27.3431 9.4633 0.0000
      vertex 24.7782 10.0367 0.0000
    endloop
  endfacet
  facet normal 0.000000 0.000000 -1.000000
    outer loop
      vertex 27.4124 9.4835 0.0000
      vertex 24.7782 10.0367 0.0000
      vertex 24.7697 10.0393 0.0000
    endloop
  endfacet
  facet normal 0.000000 0.000000 -1.000000
    outer loop
      vertex 27.4124 9.4835 0.0000
      vertex 24.7697 10.0393 0.0000
      vertex 24.7508 10.0433 0.0000
    endloop
  endfacet
  facet normal -0.000000 0.000000 -1.000000
    outer loop
      vertex 27.4776 9.5135 0.0000
      vertex 27.4124 9.4835 0.0000
      vertex 24.7508 10.0433 0.0000
    endloop
  endfacet
  facet normal -0.000000 0.000000 -1.000000
    outer loop
      vertex 27.5373 9.5526 0.0000
      vertex 27.4776 9.5135 0.0000
      vertex 24.7508 10.0433 0.0000
    endloop
  endfacet
  facet normal -0.000000 0.000000 -1.000000
    outer loop
      vertex 27.5904 9.5999 0.0000
      vertex 27.5373 9.5526 0.0000
      vertex 24.7508 10.0433 0.0000
    endloop
  endfacet
  facet normal -0.000000 0.000000 -1.000000
    outer loop
      vertex 27.9648 9.9881 0.0000
      vertex 27.5904 9.5999 0.0000
      vertex 24.7508 10.0433 0.0000
    endloop
  endfacet
  facet normal 0.000000 0.000000 -1.000000
    outer loop
      vertex 27.9648 9.9881 0.0000
      vertex 24.7508 10.0433 0.0000
      vertex 24.7378 10.0443 0.0000
    endloop
  endfacet
  facet normal -0.000000 0.000000 -1.000000
    outer loop
      vertex 28.0051 10.0356 0.0000
      vertex 27.9648 9.9881 0.0000
      vertex 24.7378 10.0443 0.0000
    endloop
  endfacet
  facet normal 0.000000 0.000000 -1.000000
    outer loop
      vertex 28.0386 10.0878 0.0000
      vertex 28.0051 10.0356 0.0000
      vertex 24.7378 10.0443 0.0000
    endloop
  endfacet
  facet normal 0.000000 0.000000 -1.000000
    outer loop
      vertex 28.0648 10.1439 0.0000
      vertex 28.0386 10.0878 0.0000
      vertex 24.7378 10.0443 0.0000
    endloop
  endfacet
  facet normal 0.000000 0.000000 -1.000000
    outer loop
      vertex 28.3399 10.8468 0.0000
      vertex 28.0648 10.1439 0.0000
      vertex 24.7378 10.0443 0.0000
    endloop
  endfacet
  facet normal 0.000000 0.000000 -1.000000
    outer loop
      vertex 28.3399 10.8468 0.0000
      vertex 24.7378 10.0443 0.0000
      vertex 24.7248 10.0437 0.0000
    endloop
  endfacet
  facet normal 0.000000 0.000000 -1.000000
    outer loop
      vertex 28.3399 10.8468 0.0000
      vertex 24.7248 10.0437 0.0000
      vertex 24.7122 10.0414 0.0000
    endloop
  endfacet
  facet normal 0.000000 0.000000 -1.000000
    outer loop
      vertex 28.3587 10.9059 0.0000
      vertex 28.3399 10.8468 0.0000
      vertex 24.7122 10.0414 0.0000
    endloop
  endfacet
  facet normal 0.000000 0.000000 -1.000000
    outer loop
      vertex 28.3696 10.9668 0.0000
      vertex 28.3587 10.9059 0.0000
      vertex 24.7122 10.0414 0.0000
    endloop
  endfacet
  facet normal 0.000000 0.000000 -1.000000
    outer loop
      vertex 28.4683 11.8469 0.0000
      vertex 28.3696 10.9668 0.0000
      vertex 24.7122 10.0414 0.0000
    endloop
  endfacet
  facet normal 0.000000 0.000000 -1.000000
    outer loop
      vertex 28.4713 11.9000 0.0000
      vertex 28.4683 11.8469 0.0000
      vertex 24.7122 10.0414 0.0000
    endloop
  endfacet
  facet normal 0.000000 0.000000 -1.000000
    outer loop
      vertex 28.4713 11.9000 0.0000
      vertex 24.7122 10.0414 0.0000
      vertex 24.7001 10.0374 0.0000
    endloop
  endfacet
  facet normal 0.000000 0.000000 -1.000000
    outer loop
      vertex 28.4713 11.9000 0.0000
      vertex 24.7001 10.0374 0.0000
      vertex 24.6835 10.0293 0.0000
    endloop
  endfacet
  facet normal 0.000000 -0.000000 -1.000000
    outer loop
      vertex 28.4683 11.9531 0.0000
      vertex 28.4713 11.9000 0.0000
      vertex 24.6835 10.0293 0.0000
    endloop
  endfacet
  facet normal 0.000000 -0.000000 -1.000000
    outer loop
      vertex 28.3696 12.8332 0.0000
      vertex 28.4683 11.9531 0.0000
      vertex 24.6835 10.0293 0.0000
    endloop
  endfacet
  facet normal 0.000000 0.000000 -1.000000
    outer loop
      vertex 28.3696 12.8332 0.0000
      vertex 24.6835 10.0293 0.0000
      vertex 24.6763 10.0248 0.0000
    endloop
  endfacet
  facet normal 0.000000 0.000000 -1.000000
    outer loop
      vertex 28.3696 12.8332 0.0000
      vertex 24.6763 10.0248 0.0000
      vertex 24.1666 9.6779 0.0000
    endloop
  endfacet
  facet normal 0.000000 0.000000 -1.000000
    outer loop
      vertex 28.3696 12.8332 0.0000
      vertex 24.1666 9.6779 0.0000
      vertex 24.1595 9.6725 0.0000
    endloop
  endfacet
  facet normal 0.000000 -0.000000 -1.000000
    outer loop
      vertex 28.3587 12.8942 0.0000
      vertex 28.3696 12.8332 0.0000
      vertex 24.1595 9.6725 0.0000
    endloop
  endfacet
  facet normal 0.000000 -0.000000 -1.000000
    outer loop
      vertex 28.3399 12.9532 0.0000
      vertex 28.3587 12.8942 0.0000
      vertex 24.1595 9.6725 0.0000
    endloop
  endfacet
  facet normal 0.000000 -0.000000 -1.000000
    outer loop
      vertex 28.0648 13.6561 0.0000
      vertex 28.3399 12.9532 0.0000
      vertex 24.1595 9.6725 0.0000
    endloop
  endfacet
  facet normal 0.000000 0.000000 -1.000000
    outer loop
      vertex 28.0648 13.6561 0.0000
      vertex 24.1595 9.6725 0.0000
      vertex 24.1454 9.6592 0.0000
    endloop
  endfacet
  facet normal 0.000000 -0.000000 -1.000000
    outer loop
      vertex 28.0386 13.7122 0.0000
      vertex 28.0648 13.6561 0.0000
      vertex 24.1454 9.6592 0.0000
    endloop
  endfacet
  facet normal 0.000000 -0.000000 -1.000000
    outer loop
      vertex 28.0051 13.7644 0.0000
      vertex 28.0386 13.7122 0.0000
      vertex 24.1454 9.6592 0.0000
    endloop
  endfacet
  facet normal 0.000000 -0.000000 -1.000000
    outer loop
      vertex 27.9648 13.8119 0.0000
      vertex 28.0051 13.7644 0.0000
      vertex 24.1454 9.6592 0.0000
    endloop
  endfacet
  facet normal 0.000000 -0.000000 -1.000000
    outer loop
      vertex 27.5904 14.2001 0.0000
      vertex 27.9648 13.8119 0.0000
      vertex 24.1454 9.6592 0.0000
    endloop
  endfacet
  facet normal 0.000000 0.000000 -1.000000
    outer loop
      vertex 27.5904 14.2001 0.0000
      vertex 24.1454 9.6592 0.0000
      vertex 24.1373 9.6487 0.0000
    endloop
  endfacet
  facet normal 0.000000 -0.000000 -1.000000
    outer loop
      vertex 27.5373 14.2474 0.0000
      vertex 27.5904 14.2001 0.0000
      vertex 24.1373 9.6487 0.0000
    endloop
  endfacet
  facet normal 0.000000 -0.000000 -1.000000
    outer loop
      vertex 27.4776 14.2865 0.0000
      vertex 27.5373 14.2474 0.0000
      vertex 24.1373 9.6487 0.0000
    endloop
  endfacet
  facet normal 0.000000 -0.000000 -1.000000
    outer loop
      vertex 27.4124 14.3165 0.0000
      vertex 27.4776 14.2865 0.0000
      vertex 24.1373 9.6487 0.0000
    endloop
  endfacet
  facet normal 0.000000 -0.000000 -1.000000
    outer loop
      vertex 27.3431 14.3367 0.0000
      vertex 27.4124 14.3165 0.0000
      vertex 24.1373 9.6487 0.0000
    endloop
  endfacet
  facet normal 0.000000 -0.000000 -1.000000
    outer loop
      vertex 26.8801 14.4356 0.0000
      vertex 27.3431 14.3367 0.0000
      vertex 24.1373 9.6487 0.0000
    endloop
  endfacet
  facet normal 0.000000 -0.000000 -1.000000
    outer loop
      vertex 26.8093 14.4454 0.0000
      vertex 26.8801 14.4356 0.0000
      vertex 24.1373 9.6487 0.0000
    endloop
  endfacet
  facet normal 0.000000 -0.000000 -1.000000
    outer loop
      vertex 26.7375 14.4450 0.0000
      vertex 26.8093 14.4454 0.0000
      vertex 24.1373 9.6487 0.0000
    endloop
  endfacet
  facet normal 0.000000 0.000000 -1.000000
    outer loop
      vertex 26.7375 14.4450 0.0000
      vertex 24.1373 9.6487 0.0000
      vertex 24.1308 9.6371 0.0000
    endloop
  endfacet
  facet normal 0.000000 -0.000000 -1.000000
    outer loop
      vertex 26.6662 14.4346 0.0000
      vertex 26.7375 14.4450 0.0000
      vertex 24.1308 9.6371 0.0000
    endloop
  endfacet
  facet normal 0.000000 -0.000000 -1.000000
    outer loop
      vertex 26.5968 14.4142 0.0000
      vertex 26.6662 14.4346 0.0000
      vertex 24.1308 9.6371 0.0000
    endloop
  endfacet
  facet normal 0.000000 -0.000000 -1.000000
    outer loop
      vertex 25.7171 14.0869 0.0000
      vertex 26.5968 14.4142 0.0000
      vertex 24.1308 9.6371 0.0000
    endloop
  endfacet
  facet normal 0.000000 0.000000 -1.000000
    outer loop
      vertex 25.7171 14.0869 0.0000
      vertex 24.1308 9.6371 0.0000
      vertex 24.1241 9.6187 0.0000
    endloop
  endfacet
  facet normal 0.000000 -0.000000 -1.000000
    outer loop
      vertex 25.7126 14.0853 0.0000
      vertex 25.7171 14.0869 0.0000
      vertex 24.1241 9.6187 0.0000
    endloop
  endfacet
  facet normal 0.000000 -0.000000 -1.000000
    outer loop
      vertex 25.7104 14.0845 0.0000
      vertex 25.7126 14.0853 0.0000
      vertex 24.1241 9.6187 0.0000
    endloop
  endfacet
  facet normal 0.000000 -0.000000 -1.000000
    outer loop
      vertex 24.7782 13.7633 0.0000
      vertex 25.7104 14.0845 0.0000
      vertex 24.1241 9.6187 0.0000
    endloop
  endfacet
  facet normal 0.000000 0.000000 -1.000000
    outer loop
      vertex 24.7782 13.7633 0.0000
      vertex 24.1241 9.6187 0.0000
      vertex 24.1220 9.6099 0.0000
    endloop
  endfacet
  facet normal 0.000000 0.000000 -1.000000
    outer loop
      vertex 24.7782 13.7633 0.0000
      vertex 24.1220 9.6099 0.0000
      vertex 23.9414 8.7206 0.0000
    endloop
  endfacet
  facet normal 0.000000 0.000000 -1.000000
    outer loop
      vertex 24.7782 13.7633 0.0000
      vertex 23.9414 8.7206 0.0000
      vertex 23.9399 8.7124 0.0000
    endloop
  endfacet
  facet normal 0.000000 -0.000000 -1.000000
    outer loop
      vertex 24.7697 13.7607 0.0000
      vertex 24.7782 13.7633 0.0000
      vertex 23.9399 8.7124 0.0000
    endloop
  endfacet
  facet normal 0.000000 -0.000000 -1.000000
    outer loop
      vertex 24.7508 13.7567 0.0000
      vertex 24.7697 13.7607 0.0000
      vertex 23.9399 8.7124 0.0000
    endloop
  endfacet
  facet normal 0.000000 -0.000000 -1.000000
    outer loop
      vertex 24.7378 13.7557 0.0000
      vertex 24.7508 13.7567 0.0000
      vertex 23.9399 8.7124 0.0000
    endloop
  endfacet
  facet normal 0.000000 -0.000000 -1.000000
    outer loop
      vertex 24.7248 13.7563 0.0000
      vertex 24.7378 13.7557 0.0000
      vertex 23.9399 8.7124 0.0000
    endloop
  endfacet
  facet normal 0.000000 -0.000000 -1.000000
    outer loop
      vertex 24.7122 13.7586 0.0000
      vertex 24.7248 13.7563 0.0000
      vertex 23.9399 8.7124 0.0000
    endloop
  endfacet
  facet normal 0.000000 -0.000000 -1.000000
    outer loop
      vertex 24.7001 13.7626 0.0000
      vertex 24.7122 13.7586 0.0000
      vertex 23.9399 8.7124 0.0000
    endloop
  endfacet
  facet normal 0.000000 -0.000000 -1.000000
    outer loop
      vertex 24.6835 13.7707 0.0000
      vertex 24.7001 13.7626 0.0000
      vertex 23.9399 8.7124 0.0000
    endloop
  endfacet
  facet normal 0.000000 -0.000000 -1.000000
    outer loop
      vertex 24.6763 13.7752 0.0000
      vertex 24.6835 13.7707 0.0000
      vertex 23.9399 8.7124 0.0000
    endloop
  endfacet
  facet normal 0.000000 -0.000000 -1.000000
    outer loop
      vertex 24.1666 14.1221 0.0000
      vertex 24.6763 13.7752 0.0000
      vertex 23.9399 8.7124 0.0000
    endloop
  endfacet
  facet normal 0.000000 -0.000000 -1.000000
    outer loop
      vertex 24.1595 14.1275 0.0000
      vertex 24.1666 14.1221 0.0000
      vertex 23.9399 8.7124 0.0000
    endloop
  endfacet
  facet normal 0.000000 -0.000000 -1.000000
    outer loop
      vertex 24.1454 14.1408 0.0000
      vertex 24.1595 14.1275 0.0000
      vertex 23.9399 8.7124 0.0000
    endloop
  endfacet
  facet normal 0.000000 -0.000000 -1.000000
    outer loop
      vertex 24.1373 14.1513 0.0000
      vertex 24.1454 14.1408 0.0000
      vertex 23.9399 8.7124 0.0000
    endloop
  endfacet
  facet normal 0.000000 -0.000000 -1.000000
    outer loop
      vertex 24.1308 14.1629 0.0000
      vertex 24.1373 14.1513 0.0000
      vertex 23.9399 8.7124 0.0000
    endloop
  endfacet
  facet normal 0.000000 -0.000000 -1.000000
    outer loop
      vertex 24.1241 14.1813 0.0000
      vertex 24.1308 14.1629 0.0000
      vertex 23.9399 8.7124 0.0000
    endloop
  endfacet
  facet normal 0.000000 -0.000000 -1.000000
    outer loop
      vertex 24.1220 14.1901 0.0000
      vertex 24.1241 14.1813 0.0000
      vertex 23.9399 8.7124 0.0000
    endloop
  endfacet
  facet normal 0.000000 -0.000000 -1.000000
    outer loop
      vertex 23.9413 15.0794 0.0000
      vertex 24.1220 14.1901 0.0000
      vertex 23.9399 8.7124 0.0000
    endloop
  endfacet
  facet normal 0.000000 0.000000 -1.000000
    outer loop
      vertex 23.9399 15.0876 0.0000
      vertex 23.9413 15.0794 0.0000
      vertex 23.9399 8.7124 0.0000
    endloop
  endfacet
  facet normal 0.000000 0.000000 -1.000000
    outer loop
      vertex 25.5075 23.0504 0.0000
      vertex 25.5010 22.9843 0.0000
      vertex 25.4860 22.9195 0.0000
    endloop
  endfacet
  facet normal 0.000000 -0.000000 -1.000000
    outer loop
      vertex 25.5052 23.1166 0.0000
      vertex 25.5075 23.0504 0.0000
      vertex 25.4860 22.9195 0.0000
    endloop
  endfacet
  facet normal 0.000000 0.000000 -1.000000
    outer loop
      vertex 25.5052 23.1166 0.0000
      vertex 25.4860 22.9195 0.0000
      vertex 25.3490 22.4651 0.0000
    endloop
  endfacet
  facet normal 0.000000 0.000000 -1.000000
    outer loop
      vertex 25.5052 23.1166 0.0000
      vertex 25.3490 22.4651 0.0000
      vertex 25.3485 22.4632 0.0000
    endloop
  endfacet
  facet normal 0.000000 -0.000000 -1.000000
    outer loop
      vertex 25.4944 23.1819 0.0000
      vertex 25.5052 23.1166 0.0000
      vertex 25.3485 22.4632 0.0000
    endloop
  endfacet
  facet normal 0.000000 0.000000 -1.000000
    outer loop
      vertex 25.4944 23.1819 0.0000
      vertex 25.3485 22.4632 0.0000
      vertex 24.9839 21.1656 0.0000
    endloop
  endfacet
  facet normal 0.000000 0.000000 -1.000000
    outer loop
      vertex 25.4944 23.1819 0.0000
      vertex 24.9839 21.1656 0.0000
      vertex 24.9833 21.1635 0.0000
    endloop
  endfacet
  facet normal 0.000000 0.000000 -1.000000
    outer loop
      vertex 25.4944 23.1819 0.0000
      vertex 24.9833 21.1635 0.0000
      vertex 24.9822 21.1592 0.0000
    endloop
  endfacet
  facet normal 0.000000 -0.000000 -1.000000
    outer loop
      vertex 25.4751 23.2450 0.0000
      vertex 25.4944 23.1819 0.0000
      vertex 24.9822 21.1592 0.0000
    endloop
  endfacet
  facet normal 0.000000 -0.000000 -1.000000
    outer loop
      vertex 25.4476 23.3049 0.0000
      vertex 25.4751 23.2450 0.0000
      vertex 24.9822 21.1592 0.0000
    endloop
  endfacet
  facet normal 0.000000 0.000000 -1.000000
    outer loop
      vertex 25.4476 23.3049 0.0000
      vertex 24.9822 21.1592 0.0000
      vertex 24.5931 19.6220 0.0000
    endloop
  endfacet
  facet normal 0.000000 -0.000000 -1.000000
    outer loop
      vertex 25.4126 23.3604 0.0000
      vertex 25.4476 23.3049 0.0000
      vertex 24.5931 19.6220 0.0000
    endloop
  endfacet
  facet normal 0.000000 0.000000 -1.000000
    outer loop
      vertex 25.4126 23.3604 0.0000
      vertex 24.5931 19.6220 0.0000
      vertex 24.5924 19.6189 0.0000
    endloop
  endfacet
  facet normal 0.000000 0.000000 -1.000000
    outer loop
      vertex 25.4126 23.3604 0.0000
      vertex 24.5924 19.6189 0.0000
      vertex 24.5910 19.6126 0.0000
    endloop
  endfacet
  facet normal 0.000000 -0.000000 -1.000000
    outer loop
      vertex 25.3706 23.4107 0.0000
      vertex 25.4126 23.3604 0.0000
      vertex 24.5910 19.6126 0.0000
    endloop
  endfacet
  facet normal 0.000000 0.000000 -1.000000
    outer loop
      vertex 25.3706 23.4107 0.0000
      vertex 24.5910 19.6126 0.0000
      vertex 24.2446 17.9933 0.0000
    endloop
  endfacet
  facet normal 0.000000 -0.000000 -1.000000
    outer loop
      vertex 25.3223 23.4547 0.0000
      vertex 25.3706 23.4107 0.0000
      vertex 24.2446 17.9933 0.0000
    endloop
  endfacet
  facet normal 0.000000 0.000000 -1.000000
    outer loop
      vertex 25.3223 23.4547 0.0000
      vertex 24.2446 17.9933 0.0000
      vertex 24.2432 17.9864 0.0000
    endloop
  endfacet
  facet normal 0.000000 -0.000000 -1.000000
    outer loop
      vertex 25.2686 23.4918 0.0000
      vertex 25.3223 23.4547 0.0000
      vertex 24.2432 17.9864 0.0000
    endloop
  endfacet
  facet normal 0.000000 -0.000000 -1.000000
    outer loop
      vertex 25.2105 23.5213 0.0000
      vertex 25.2686 23.4918 0.0000
      vertex 24.2432 17.9864 0.0000
    endloop
  endfacet
  facet normal 0.000000 -0.000000 -1.000000
    outer loop
      vertex 25.1489 23.5426 0.0000
      vertex 25.2105 23.5213 0.0000
      vertex 24.2432 17.9864 0.0000
    endloop
  endfacet
  facet normal 0.000000 0.000000 -1.000000
    outer loop
      vertex 25.1489 23.5426 0.0000
      vertex 24.2432 17.9864 0.0000
      vertex 24.2420 17.9793 0.0000
    endloop
  endfacet
  facet normal 0.000000 -0.000000 -1.000000
    outer loop
      vertex 25.0850 23.5554 0.0000
      vertex 25.1489 23.5426 0.0000
      vertex 24.2420 17.9793 0.0000
    endloop
  endfacet
  facet normal 0.000000 0.000000 -1.000000
    outer loop
      vertex 25.0850 23.5554 0.0000
      vertex 24.2420 17.9793 0.0000
      vertex 24.0047 16.4404 0.0000
    endloop
  endfacet
  facet normal 0.000000 -0.000000 -1.000000
    outer loop
      vertex 25.0200 23.5595 0.0000
      vertex 25.0850 23.5554 0.0000
      vertex 24.0047 16.4404 0.0000
    endloop
  endfacet
  facet normal 0.000000 0.000000 -1.000000
    outer loop
      vertex 0.7180 23.6777 0.0000
      vertex 25.0200 23.5595 0.0000
      vertex 24.0047 16.4404 0.0000
    endloop
  endfacet
  facet normal 0.000000 0.000000 -1.000000
    outer loop
      vertex 0.7180 23.6777 0.0000
      vertex 24.0047 16.4404 0.0000
      vertex 24.0031 16.4276 0.0000
    endloop
  endfacet
  facet normal 0.000000 0.000000 -1.000000
    outer loop
      vertex 0.7180 23.6777 0.0000
      vertex 24.0031 16.4276 0.0000
      vertex 24.0021 16.4148 0.0000
    endloop
  endfacet
  facet normal 0.000000 0.000000 -1.000000
    outer loop
      vertex 0.7180 23.6777 0.0000
      vertex 24.0021 16.4148 0.0000
      vertex 23.9384 15.1202 0.0000
    endloop
  endfacet
  facet normal 0.000000 0.000000 -1.000000
    outer loop
      vertex 0.7180 23.6777 0.0000
      vertex 23.9384 15.1202 0.0000
      vertex 23.9382 15.1117 0.0000
    endloop
  endfacet
  facet normal 0.000000 0.000000 -1.000000
    outer loop
      vertex 23.9382 15.1117 0.0000
      vertex 23.9399 15.0876 0.0000
      vertex 23.9399 8.7124 0.0000
    endloop
  endfacet
  facet normal 0.000000 0.000000 -1.000000
    outer loop
      vertex 0.7180 23.6777 0.0000
      vertex 23.9382 15.1117 0.0000
      vertex 23.9399 8.7124 0.0000
    endloop
  endfacet
  facet normal 0.000000 0.000000 -1.000000
    outer loop
      vertex 0.7180 23.6777 0.0000
      vertex 23.9399 8.7124 0.0000
      vertex 23.9382 8.6883 0.0000
    endloop
  endfacet
  facet normal 0.000000 0.000000 -1.000000
    outer loop
      vertex 0.6530 23.6737 0.0000
      vertex 0.7180 23.6777 0.0000
      vertex 23.9382 8.6883 0.0000
    endloop
  endfacet
  facet normal 0.000000 0.000000 -1.000000
    outer loop
      vertex 0.5890 23.6614 0.0000
      vertex 0.6530 23.6737 0.0000
      vertex 23.9382 8.6883 0.0000
    endloop
  endfacet
  facet normal 0.000000 0.000000 -1.000000
    outer loop
      vertex 0.5273 23.6408 0.0000
      vertex 0.5890 23.6614 0.0000
      vertex 23.9382 8.6883 0.0000
    endloop
  endfacet
  facet normal 0.000000 0.000000 -1.000000
    outer loop
      vertex 0.4689 23.6123 0.0000
      vertex 0.5273 23.6408 0.0000
      vertex 23.9382 8.6883 0.0000
    endloop
  endfacet
  facet normal 0.000000 0.000000 -1.000000
    outer loop
      vertex 0.4148 23.5765 0.0000
      vertex 0.4689 23.6123 0.0000
      vertex 23.9382 8.6883 0.0000
    endloop
  endfacet
  facet normal 0.000000 0.000000 -1.000000
    outer loop
      vertex 0.3660 23.5339 0.0000
      vertex 0.4148 23.5765 0.0000
      vertex 23.9382 8.6883 0.0000
    endloop
  endfacet
  facet normal 0.000000 0.000000 -1.000000
    outer loop
      vertex 0.3232 23.4853 0.0000
      vertex 0.3660 23.5339 0.0000
      vertex 23.9382 8.6883 0.0000
    endloop
  endfacet
  facet normal 0.000000 0.000000 -1.000000
    outer loop
      vertex 0.2871 23.4315 0.0000
      vertex 0.3232 23.4853 0.0000
      vertex 23.9382 8.6883 0.0000
    endloop
  endfacet
  facet normal 0.000000 0.000000 -1.000000
    outer loop
      vertex 0.2585 23.3735 0.0000
      vertex 0.2871 23.4315 0.0000
      vertex 23.9382 8.6883 0.0000
    endloop
  endfacet
  facet normal 0.000000 0.000000 -1.000000
    outer loop
      vertex 0.2378 23.3121 0.0000
      vertex 0.2585 23.3735 0.0000
      vertex 23.9382 8.6883 0.0000
    endloop
  endfacet
  facet normal 0.000000 0.000000 -1.000000
    outer loop
      vertex 0.2253 23.2485 0.0000
      vertex 0.2378 23.3121 0.0000
      vertex 23.9382 8.6883 0.0000
    endloop
  endfacet
  facet normal 0.000000 0.000000 -1.000000
    outer loop
      vertex 0.2214 23.1838 0.0000
      vertex 0.2253 23.2485 0.0000
      vertex 23.9382 8.6883 0.0000
    endloop
  endfacet
  facet normal 0.000000 0.000000 -1.000000
    outer loop
      vertex 0.2214 0.6162 0.0000
      vertex 0.2214 23.1838 0.0000
      vertex 23.9382 8.6883 0.0000
    endloop
  endfacet
  facet normal 0.000000 0.000000 -1.000000
    outer loop
      vertex 0.2253 0.5515 0.0000
      vertex 0.2214 0.6162 0.0000
      vertex 23.9382 8.6883 0.0000
    endloop
  endfacet
  facet normal 0.000000 0.000000 -1.000000
    outer loop
      vertex 0.2378 0.4879 0.0000
      vertex 0.2253 0.5515 0.0000
      vertex 23.9382 8.6883 0.0000
    endloop
  endfacet
  facet normal 0.000000 0.000000 -1.000000
    outer loop
      vertex 0.2585 0.4265 0.0000
      vertex 0.2378 0.4879 0.0000
      vertex 23.9382 8.6883 0.0000
    endloop
  endfacet
  facet normal 0.000000 0.000000 -1.000000
    outer loop
      vertex 0.2871 0.3685 0.0000
      vertex 0.2585 0.4265 0.0000
      vertex 23.9382 8.6883 0.0000
    endloop
  endfacet
  facet normal 0.000000 0.000000 -1.000000
    outer loop
      vertex 0.3232 0.3147 0.0000
      vertex 0.2871 0.3685 0.0000
      vertex 23.9382 8.6883 0.0000
    endloop
  endfacet
  facet normal 0.000000 0.000000 -1.000000
    outer loop
      vertex 0.3660 0.2661 0.0000
      vertex 0.3232 0.3147 0.0000
      vertex 23.9382 8.6883 0.0000
    endloop
  endfacet
  facet normal 0.000000 0.000000 -1.000000
    outer loop
      vertex 0.4148 0.2235 0.0000
      vertex 0.3660 0.2661 0.0000
      vertex 23.9382 8.6883 0.0000
    endloop
  endfacet
  facet normal 0.000000 0.000000 -1.000000
    outer loop
      vertex 0.4689 0.1877 0.0000
      vertex 0.4148 0.2235 0.0000
      vertex 23.9382 8.6883 0.0000
    endloop
  endfacet
  facet normal 0.000000 0.000000 -1.000000
    outer loop
      vertex 0.5273 0.1592 0.0000
      vertex 0.4689 0.1877 0.0000
      vertex 23.9382 8.6883 0.0000
    endloop
  endfacet
  facet normal 0.000000 0.000000 -1.000000
    outer loop
      vertex 0.5890 0.1386 0.0000
      vertex 0.5273 0.1592 0.0000
      vertex 23.9382 8.6883 0.0000
    endloop
  endfacet
  facet normal 0.000000 0.000000 -1.000000
    outer loop
      vertex 0.6530 0.1263 0.0000
      vertex 0.5890 0.1386 0.0000
      vertex 23.9382 8.6883 0.0000
    endloop
  endfacet
  facet normal 0.000000 0.000000 -1.000000
    outer loop
      vertex 0.7180 0.1223 0.0000
      vertex 0.6530 0.1263 0.0000
      vertex 23.9382 8.6883 0.0000
    endloop
  endfacet
  facet normal 0.000000 0.000000 -1.000000
    outer loop
      vertex 25.0850 0.2446 0.0000
      vertex 25.0200 0.2405 0.0000
      vertex 0.7180 0.1223 0.0000
    endloop
  endfacet
  facet normal 0.000000 0.000000 -1.000000
    outer loop
      vertex 25.1489 0.2574 0.0000
      vertex 25.0850 0.2446 0.0000
      vertex 0.7180 0.1223 0.0000
    endloop
  endfacet
  facet normal 0.000000 0.000000 -1.000000
    outer loop
      vertex 25.2105 0.2787 0.0000
      vertex 25.1489 0.2574 0.0000
      vertex 0.7180 0.1223 0.0000
    endloop
  endfacet
  facet normal 0.000000 0.000000 -1.000000
    outer loop
      vertex 25.2686 0.3082 0.0000
      vertex 25.2105 0.2787 0.0000
      vertex 0.7180 0.1223 0.0000
    endloop
  endfacet
  facet normal 0.000000 0.000000 -1.000000
    outer loop
      vertex 25.3223 0.3453 0.0000
      vertex 25.2686 0.3082 0.0000
      vertex 0.7180 0.1223 0.0000
    endloop
  endfacet
  facet normal 0.000000 0.000000 -1.000000
    outer loop
      vertex 25.3706 0.3893 0.0000
      vertex 25.3223 0.3453 0.0000
      vertex 0.7180 0.1223 0.0000
    endloop
  endfacet
  facet normal 0.000000 0.000000 -1.000000
    outer loop
      vertex 25.4126 0.4396 0.0000
      vertex 25.3706 0.3893 0.0000
      vertex 0.7180 0.1223 0.0000
    endloop
  endfacet
  facet normal 0.000000 0.000000 -1.000000
    outer loop
      vertex 25.4476 0.4951 0.0000
      vertex 25.4126 0.4396 0.0000
      vertex 0.7180 0.1223 0.0000
    endloop
  endfacet
  facet normal 0.000000 0.000000 -1.000000
    outer loop
      vertex 25.4750 0.5550 0.0000
      vertex 25.4476 0.4951 0.0000
      vertex 0.7180 0.1223 0.0000
    endloop
  endfacet
  facet normal 0.000000 0.000000 -1.000000
    outer loop
      vertex 25.4944 0.6181 0.0000
      vertex 25.4750 0.5550 0.0000
      vertex 0.7180 0.1223 0.0000
    endloop
  endfacet
  facet normal 0.000000 0.000000 -1.000000
    outer loop
      vertex 25.5052 0.6834 0.0000
      vertex 25.4944 0.6181 0.0000
      vertex 0.7180 0.1223 0.0000
    endloop
  endfacet
  facet normal 0.000000 0.000000 -1.000000
    outer loop
      vertex 25.5075 0.7496 0.0000
      vertex 25.5052 0.6834 0.0000
      vertex 0.7180 0.1223 0.0000
    endloop
  endfacet
  facet normal 0.000000 -0.000000 -1.000000
    outer loop
      vertex 25.5010 0.8157 0.0000
      vertex 25.5075 0.7496 0.0000
      vertex 0.7180 0.1223 0.0000
    endloop
  endfacet
  facet normal 0.000000 -0.000000 -1.000000
    outer loop
      vertex 25.4860 0.8805 0.0000
      vertex 25.5010 0.8157 0.0000
      vertex 0.7180 0.1223 0.0000
    endloop
  endfacet
  facet normal 0.000000 -0.000000 -1.000000
    outer loop
      vertex 25.3481 1.3379 0.0000
      vertex 25.4860 0.8805 0.0000
      vertex 0.7180 0.1223 0.0000
    endloop
  endfacet
  facet normal 0.000000 -0.000000 -1.000000
    outer loop
      vertex 25.3476 1.3398 0.0000
      vertex 25.3481 1.3379 0.0000
      vertex 0.7180 0.1223 0.0000
    endloop
  endfacet
  facet normal 0.000000 -0.000000 -1.000000
    outer loop
      vertex 24.9840 2.6340 0.0000
      vertex 25.3476 1.3398 0.0000
      vertex 0.7180 0.1223 0.0000
    endloop
  endfacet
  facet normal 0.000000 -0.000000 -1.000000
    outer loop
      vertex 24.9829 2.6382 0.0000
      vertex 24.9840 2.6340 0.0000
      vertex 0.7180 0.1223 0.0000
    endloop
  endfacet
  facet normal 0.000000 -0.000000 -1.000000
    outer loop
      vertex 24.9823 2.6404 0.0000
      vertex 24.9829 2.6382 0.0000
      vertex 0.7180 0.1223 0.0000
    endloop
  endfacet
  facet normal 0.000000 -0.000000 -1.000000
    outer loop
      vertex 24.5933 4.1773 0.0000
      vertex 24.9823 2.6404 0.0000
      vertex 0.7180 0.1223 0.0000
    endloop
  endfacet
  facet normal 0.000000 -0.000000 -1.000000
    outer loop
      vertex 24.5918 4.1836 0.0000
      vertex 24.5933 4.1773 0.0000
      vertex 0.7180 0.1223 0.0000
    endloop
  endfacet
  facet normal 0.000000 -0.000000 -1.000000
    outer loop
      vertex 24.5911 4.1867 0.0000
      vertex 24.5918 4.1836 0.0000
      vertex 0.7180 0.1223 0.0000
    endloop
  endfacet
  facet normal 0.000000 -0.000000 -1.000000
    outer loop
      vertex 24.2446 5.8067 0.0000
      vertex 24.5911 4.1867 0.0000
      vertex 0.7180 0.1223 0.0000
    endloop
  endfacet
  facet normal 0.000000 -0.000000 -1.000000
    outer loop
      vertex 24.2432 5.8136 0.0000
      vertex 24.2446 5.8067 0.0000
      vertex 0.7180 0.1223 0.0000
    endloop
  endfacet
  facet normal 0.000000 -0.000000 -1.000000
    outer loop
      vertex 24.2421 5.8207 0.0000
      vertex 24.2432 5.8136 0.0000
      vertex 0.7180 0.1223 0.0000
    endloop
  endfacet
  facet normal 0.000000 -0.000000 -1.000000
    outer loop
      vertex 24.0047 7.3596 0.0000
      vertex 24.2421 5.8207 0.0000
      vertex 0.7180 0.1223 0.0000
    endloop
  endfacet
  facet normal 0.000000 -0.000000 -1.000000
    outer loop
      vertex 24.0031 7.3724 0.0000
      vertex 24.0047 7.3596 0.0000
      vertex 0.7180 0.1223 0.0000
    endloop
  endfacet
  facet normal 0.000000 -0.000000 -1.000000
    outer loop
      vertex 24.0021 7.3852 0.0000
      vertex 24.0031 7.3724 0.0000
      vertex 0.7180 0.1223 0.0000
    endloop
  endfacet
  facet normal 0.000000 -0.000000 -1.000000
    outer loop
      vertex 23.9384 8.6799 0.0000
      vertex 24.0021 7.3852 0.0000
      vertex 0.7180 0.1223 0.0000
    endloop
  endfacet
  facet normal 0.000000 -0.000000 -1.000000
    outer loop
      vertex 23.9382 8.6883 0.0000
      vertex 23.9384 8.6799 0.0000
      vertex 0.7180 0.1223 0.0000
    endloop
  endfacet
  facet normal 0.929983 -0.158717 -0.331573
    outer loop
      vertex 23.9399 8.7124 0.0000
      vertex 23.9414 8.7206 0.0000
      vertex 24.0847 8.5157 0.5000
    endloop
  endfacet
  facet normal 0.921545 -0.187021 -0.340262
    outer loop
      vertex 23.9399 8.7124 0.0000
      vertex 24.0847 8.5157 0.5000
      vertex 24.0829 8.5073 0.5000
    endloop
  endfacet
  facet normal 0.902412 -0.183282 -0.389949
    outer loop
      vertex 23.9414 8.7206 0.0000
      vertex 24.1220 9.6099 0.0000
      vertex 24.3030 9.4375 0.5000
    endloop
  endfacet
  facet normal 0.911611 -0.215954 -0.349757
    outer loop
      vertex 23.9414 8.7206 0.0000
      vertex 24.3030 9.4375 0.5000
      vertex 24.0847 8.5157 0.5000
    endloop
  endfacet
  facet normal 0.891613 -0.216108 -0.397898
    outer loop
      vertex 24.1220 9.6099 0.0000
      vertex 24.1241 9.6187 0.0000
      vertex 24.3056 9.4467 0.5000
    endloop
  endfacet
  facet normal 0.882297 -0.242851 -0.403206
    outer loop
      vertex 24.1220 9.6099 0.0000
      vertex 24.3056 9.4467 0.5000
      vertex 24.3030 9.4375 0.5000
    endloop
  endfacet
  facet normal 0.853106 -0.312267 -0.417971
    outer loop
      vertex 24.1241 9.6187 0.0000
      vertex 24.1308 9.6371 0.0000
      vertex 24.3132 9.4661 0.5000
    endloop
  endfacet
  facet normal 0.843560 -0.333584 -0.420866
    outer loop
      vertex 24.1241 9.6187 0.0000
      vertex 24.3132 9.4661 0.5000
      vertex 24.3056 9.4467 0.5000
    endloop
  endfacet
  facet normal 0.787971 -0.434355 -0.436392
    outer loop
      vertex 24.1308 9.6371 0.0000
      vertex 24.1373 9.6487 0.0000
      vertex 24.3203 9.4785 0.5000
    endloop
  endfacet
  facet normal 0.780115 -0.447230 -0.437500
    outer loop
      vertex 24.1308 9.6371 0.0000
      vertex 24.3203 9.4785 0.5000
      vertex 24.3132 9.4661 0.5000
    endloop
  endfacet
  facet normal 0.708062 -0.547592 -0.445860
    outer loop
      vertex 24.1373 9.6487 0.0000
      vertex 24.1454 9.6592 0.0000
      vertex 24.3291 9.4897 0.5000
    endloop
  endfacet
  facet normal 0.704611 -0.551970 -0.445928
    outer loop
      vertex 24.1373 9.6487 0.0000
      vertex 24.3291 9.4897 0.5000
      vertex 24.3203 9.4785 0.5000
    endloop
  endfacet
  facet normal 0.614788 -0.650318 -0.446232
    outer loop
      vertex 24.1454 9.6592 0.0000
      vertex 24.1595 9.6725 0.0000
      vertex 24.3442 9.5041 0.5000
    endloop
  endfacet
  facet normal 0.617932 -0.647147 -0.446498
    outer loop
      vertex 24.1454 9.6592 0.0000
      vertex 24.3442 9.5041 0.5000
      vertex 24.3291 9.4897 0.5000
    endloop
  endfacet
  facet normal 0.536956 -0.719444 -0.440543
    outer loop
      vertex 24.1595 9.6725 0.0000
      vertex 24.1666 9.6779 0.0000
      vertex 24.3518 9.5099 0.5000
    endloop
  endfacet
  facet normal 0.546070 -0.711900 -0.441594
    outer loop
      vertex 24.1595 9.6725 0.0000
      vertex 24.3518 9.5099 0.5000
      vertex 24.3442 9.5041 0.5000
    endloop
  endfacet
  facet normal 0.511422 -0.751330 -0.417074
    outer loop
      vertex 24.1666 9.6779 0.0000
      vertex 24.6763 10.0248 0.0000
      vertex 24.8875 9.8910 0.5000
    endloop
  endfacet
  facet normal 0.520874 -0.732180 -0.438866
    outer loop
      vertex 24.1666 9.6779 0.0000
      vertex 24.8875 9.8910 0.5000
      vertex 24.3518 9.5099 0.5000
    endloop
  endfacet
  facet normal 0.483167 -0.773284 -0.410588
    outer loop
      vertex 24.6763 10.0248 0.0000
      vertex 24.6835 10.0293 0.0000
      vertex 24.8949 9.8959 0.5000
    endloop
  endfacet
  facet normal 0.502229 -0.758573 -0.415130
    outer loop
      vertex 24.6763 10.0248 0.0000
      vertex 24.8949 9.8959 0.5000
      vertex 24.8875 9.8910 0.5000
    endloop
  endfacet
  facet normal 0.403677 -0.827458 -0.390331
    outer loop
      vertex 24.6835 10.0293 0.0000
      vertex 24.7001 10.0374 0.0000
      vertex 24.9121 9.9050 0.5000
    endloop
  endfacet
  facet normal 0.427219 -0.812180 -0.397300
    outer loop
      vertex 24.6835 10.0293 0.0000
      vertex 24.9121 9.9050 0.5000
      vertex 24.8949 9.8959 0.5000
    endloop
  endfacet
  facet normal 0.290766 -0.887491 -0.357511
    outer loop
      vertex 24.7001 10.0374 0.0000
      vertex 24.7122 10.0414 0.0000
      vertex 24.9246 9.9096 0.5000
    endloop
  endfacet
  facet normal 0.319132 -0.873864 -0.366764
    outer loop
      vertex 24.7001 10.0374 0.0000
      vertex 24.9246 9.9096 0.5000
      vertex 24.9121 9.9050 0.5000
    endloop
  endfacet
  facet normal 0.171531 -0.932493 -0.317860
    outer loop
      vertex 24.7122 10.0414 0.0000
      vertex 24.7248 10.0437 0.0000
      vertex 24.9376 9.9124 0.5000
    endloop
  endfacet
  facet normal 0.202430 -0.922319 -0.329164
    outer loop
      vertex 24.7122 10.0414 0.0000
      vertex 24.9376 9.9124 0.5000
      vertex 24.9246 9.9096 0.5000
    endloop
  endfacet
  facet normal 0.047850 -0.961126 -0.271931
    outer loop
      vertex 24.7248 10.0437 0.0000
      vertex 24.7378 10.0443 0.0000
      vertex 24.9508 9.9135 0.5000
    endloop
  endfacet
  facet normal 0.078488 -0.955512 -0.284316
    outer loop
      vertex 24.7248 10.0437 0.0000
      vertex 24.9508 9.9135 0.5000
      vertex 24.9376 9.9124 0.5000
    endloop
  endfacet
  facet normal -0.078091 -0.972264 -0.220465
    outer loop
      vertex 24.7378 10.0443 0.0000
      vertex 24.7508 10.0433 0.0000
      vertex 24.9641 9.9128 0.5000
    endloop
  endfacet
  facet normal -0.050683 -0.971250 -0.232602
    outer loop
      vertex 24.7378 10.0443 0.0000
      vertex 24.9641 9.9128 0.5000
      vertex 24.9508 9.9135 0.5000
    endloop
  endfacet
  facet normal -0.203807 -0.965151 -0.164156
    outer loop
      vertex 24.7508 10.0433 0.0000
      vertex 24.7697 10.0393 0.0000
      vertex 24.9832 9.9092 0.5000
    endloop
  endfacet
  facet normal -0.182305 -0.967580 -0.174799
    outer loop
      vertex 24.7508 10.0433 0.0000
      vertex 24.9832 9.9092 0.5000
      vertex 24.9641 9.9128 0.5000
    endloop
  endfacet
  facet normal -0.296339 -0.947542 -0.119779
    outer loop
      vertex 24.7697 10.0393 0.0000
      vertex 24.7782 10.0367 0.0000
      vertex 24.9917 9.9067 0.5000
    endloop
  endfacet
  facet normal -0.280567 -0.951291 -0.127777
    outer loop
      vertex 24.7697 10.0393 0.0000
      vertex 24.9917 9.9067 0.5000
      vertex 24.9832 9.9092 0.5000
    endloop
  endfacet
  facet normal -0.324608 -0.942138 -0.083700
    outer loop
      vertex 24.7782 10.0367 0.0000
      vertex 25.7099 9.7156 0.0000
      vertex 25.9292 9.5957 0.5000
    endloop
  endfacet
  facet normal -0.312909 -0.943207 -0.111575
    outer loop
      vertex 24.7782 10.0367 0.0000
      vertex 25.9292 9.5957 0.5000
      vertex 24.9917 9.9067 0.5000
    endloop
  endfacet
  facet normal -0.330990 -0.940207 -0.080355
    outer loop
      vertex 25.7099 9.7156 0.0000
      vertex 25.7144 9.7141 0.0000
      vertex 25.9338 9.5941 0.5000
    endloop
  endfacet
  facet normal -0.322655 -0.942720 -0.084697
    outer loop
      vertex 25.7099 9.7156 0.0000
      vertex 25.9338 9.5941 0.5000
      vertex 25.9292 9.5957 0.5000
    endloop
  endfacet
  facet normal -0.342357 -0.936614 -0.074468
    outer loop
      vertex 25.7144 9.7141 0.0000
      vertex 25.7166 9.7133 0.0000
      vertex 25.9360 9.5933 0.5000
    endloop
  endfacet
  facet normal -0.334662 -0.939065 -0.078470
    outer loop
      vertex 25.7144 9.7141 0.0000
      vertex 25.9360 9.5933 0.5000
      vertex 25.9338 9.5941 0.5000
    endloop
  endfacet
  facet normal -0.348066 -0.935577 -0.059551
    outer loop
      vertex 25.7166 9.7133 0.0000
      vertex 26.5968 9.3858 0.0000
      vertex 26.8191 9.2713 0.5000
    endloop
  endfacet
  facet normal -0.341642 -0.936846 -0.074837
    outer loop
      vertex 25.7166 9.7133 0.0000
      vertex 26.8191 9.2713 0.5000
      vertex 25.9360 9.5933 0.5000
    endloop
  endfacet
  facet normal -0.280445 -0.955361 -0.092935
    outer loop
      vertex 26.5968 9.3858 0.0000
      vertex 26.6662 9.3654 0.0000
      vertex 26.8887 9.2515 0.5000
    endloop
  endfacet
  facet normal -0.272333 -0.957183 -0.098160
    outer loop
      vertex 26.5968 9.3858 0.0000
      vertex 26.8887 9.2515 0.5000
      vertex 26.8191 9.2713 0.5000
    endloop
  endfacet
  facet normal -0.143366 -0.977141 -0.156975
    outer loop
      vertex 26.6662 9.3654 0.0000
      vertex 26.7375 9.3550 0.0000
      vertex 26.9605 9.2419 0.5000
    endloop
  endfacet
  facet normal -0.130010 -0.977692 -0.164973
    outer loop
      vertex 26.6662 9.3654 0.0000
      vertex 26.9605 9.2419 0.5000
      vertex 26.8887 9.2515 0.5000
    endloop
  endfacet
  facet normal -0.004559 -0.976332 -0.216227
    outer loop
      vertex 26.7375 9.3550 0.0000
      vertex 26.8093 9.3546 0.0000
      vertex 27.0330 9.2428 0.5000
    endloop
  endfacet
  facet normal 0.012458 -0.974099 -0.225780
    outer loop
      vertex 26.7375 9.3550 0.0000
      vertex 27.0330 9.2428 0.5000
      vertex 26.9605 9.2419 0.5000
    endloop
  endfacet
  facet normal 0.132217 -0.953858 -0.269579
    outer loop
      vertex 26.8093 9.3546 0.0000
      vertex 26.8801 9.3644 0.0000
      vertex 27.1045 9.2542 0.5000
    endloop
  endfacet
  facet normal 0.150865 -0.948232 -0.279456
    outer loop
      vertex 26.8093 9.3546 0.0000
      vertex 27.1045 9.2542 0.5000
      vertex 27.0330 9.2428 0.5000
    endloop
  endfacet
  facet normal 0.200566 -0.939213 -0.278663
    outer loop
      vertex 26.8801 9.3644 0.0000
      vertex 27.3431 9.4633 0.0000
      vertex 27.5725 9.3639 0.5000
    endloop
  endfacet
  facet normal 0.217572 -0.928081 -0.302204
    outer loop
      vertex 26.8801 9.3644 0.0000
      vertex 27.5725 9.3639 0.5000
      vertex 27.1045 9.2542 0.5000
    endloop
  endfacet
  facet normal 0.267229 -0.915176 -0.301732
    outer loop
      vertex 27.3431 9.4633 0.0000
      vertex 27.4124 9.4835 0.0000
      vertex 27.6425 9.3859 0.5000
    endloop
  endfacet
  facet normal 0.284252 -0.907022 -0.310663
    outer loop
      vertex 27.3431 9.4633 0.0000
      vertex 27.6425 9.3859 0.5000
      vertex 27.5725 9.3639 0.5000
    endloop
  endfacet
  facet normal 0.392152 -0.853003 -0.344387
    outer loop
      vertex 27.4124 9.4835 0.0000
      vertex 27.4776 9.5135 0.0000
      vertex 27.7085 9.4178 0.5000
    endloop
  endfacet
  facet normal 0.407558 -0.842552 -0.352140
    outer loop
      vertex 27.4124 9.4835 0.0000
      vertex 27.7085 9.4178 0.5000
      vertex 27.6425 9.3859 0.5000
    endloop
  endfacet
  facet normal 0.506383 -0.774254 -0.379615
    outer loop
      vertex 27.4776 9.5135 0.0000
      vertex 27.5373 9.5526 0.0000
      vertex 27.7692 9.4591 0.5000
    endloop
  endfacet
  facet normal 0.518955 -0.762835 -0.385705
    outer loop
      vertex 27.4776 9.5135 0.0000
      vertex 27.7692 9.4591 0.5000
      vertex 27.7085 9.4178 0.5000
    endloop
  endfacet
  facet normal 0.608221 -0.681254 -0.407382
    outer loop
      vertex 27.5373 9.5526 0.0000
      vertex 27.5904 9.5999 0.0000
      vertex 27.8232 9.5088 0.5000
    endloop
  endfacet
  facet normal 0.617345 -0.670397 -0.411646
    outer loop
      vertex 27.5373 9.5526 0.0000
      vertex 27.8232 9.5088 0.5000
      vertex 27.7692 9.4591 0.5000
    endloop
  endfacet
  facet normal 0.657323 -0.634209 -0.407069
    outer loop
      vertex 27.5904 9.5999 0.0000
      vertex 27.9648 9.9881 0.0000
      vertex 28.2039 9.9149 0.5000
    endloop
  endfacet
  facet normal 0.661680 -0.620325 -0.421161
    outer loop
      vertex 27.5904 9.5999 0.0000
      vertex 28.2039 9.9149 0.5000
      vertex 27.8232 9.5088 0.5000
    endloop
  endfacet
  facet normal 0.694054 -0.587421 -0.416205
    outer loop
      vertex 27.9648 9.9881 0.0000
      vertex 28.0051 10.0356 0.0000
      vertex 28.2447 9.9645 0.5000
    endloop
  endfacet
  facet normal 0.700771 -0.577028 -0.419475
    outer loop
      vertex 27.9648 9.9881 0.0000
      vertex 28.2447 9.9645 0.5000
      vertex 28.2039 9.9149 0.5000
    endloop
  endfacet
  facet normal 0.759179 -0.486870 -0.431977
    outer loop
      vertex 28.0051 10.0356 0.0000
      vertex 28.0386 10.0878 0.0000
      vertex 28.2789 10.0189 0.5000
    endloop
  endfacet
  facet normal 0.763208 -0.478783 -0.433914
    outer loop
      vertex 28.0051 10.0356 0.0000
      vertex 28.2789 10.0189 0.5000
      vertex 28.2447 9.9645 0.5000
    endloop
  endfacet
  facet normal 0.812430 -0.380050 -0.442176
    outer loop
      vertex 28.0386 10.0878 0.0000
      vertex 28.0648 10.1439 0.0000
      vertex 28.3058 10.0773 0.5000
    endloop
  endfacet
  facet normal 0.814255 -0.375098 -0.443047
    outer loop
      vertex 28.0386 10.0878 0.0000
      vertex 28.3058 10.0773 0.5000
      vertex 28.2789 10.0189 0.5000
    endloop
  endfacet
  facet normal 0.836730 -0.327502 -0.438891
    outer loop
      vertex 28.0648 10.1439 0.0000
      vertex 28.3399 10.8468 0.0000
      vertex 28.5868 10.8076 0.5000
    endloop
  endfacet
  facet normal 0.835531 -0.321569 -0.445512
    outer loop
      vertex 28.0648 10.1439 0.0000
      vertex 28.5868 10.8076 0.5000
      vertex 28.3058 10.0773 0.5000
    endloop
  endfacet
  facet normal 0.854338 -0.272379 -0.442624
    outer loop
      vertex 28.3399 10.8468 0.0000
      vertex 28.3587 10.9059 0.0000
      vertex 28.6060 10.8688 0.5000
    endloop
  endfacet
  facet normal 0.855445 -0.267559 -0.443425
    outer loop
      vertex 28.3399 10.8468 0.0000
      vertex 28.6060 10.8688 0.5000
      vertex 28.5868 10.8076 0.5000
    endloop
  endfacet
  facet normal 0.880766 -0.156405 -0.446977
    outer loop
      vertex 28.3587 10.9059 0.0000
      vertex 28.3696 10.9668 0.0000
      vertex 28.6171 10.9321 0.5000
    endloop
  endfacet
  facet normal 0.880887 -0.155392 -0.447092
    outer loop
      vertex 28.3587 10.9059 0.0000
      vertex 28.6171 10.9321 0.5000
      vertex 28.6060 10.8688 0.5000
    endloop
  endfacet
  facet normal 0.889809 -0.099814 -0.445283
    outer loop
      vertex 28.3696 10.9668 0.0000
      vertex 28.4683 11.8469 0.0000
      vertex 28.7183 11.8449 0.5000
    endloop
  endfacet
  facet normal 0.889062 -0.098504 -0.447063
    outer loop
      vertex 28.3696 10.9668 0.0000
      vertex 28.7183 11.8449 0.5000
      vertex 28.6171 10.9321 0.5000
    endloop
  endfacet
  facet normal 0.893262 -0.051030 -0.446631
    outer loop
      vertex 28.4683 11.8469 0.0000
      vertex 28.4713 11.9000 0.0000
      vertex 28.7213 11.9000 0.5000
    endloop
  endfacet
  facet normal 0.893266 -0.049334 -0.446813
    outer loop
      vertex 28.4683 11.8469 0.0000
      vertex 28.7213 11.9000 0.5000
      vertex 28.7183 11.8449 0.5000
    endloop
  endfacet
  facet normal 0.893187 0.051026 -0.446780
    outer loop
      vertex 28.4713 11.9000 0.0000
      vertex 28.4683 11.9531 0.0000
      vertex 28.7183 11.9551 0.5000
    endloop
  endfacet
  facet normal 0.893338 0.049338 -0.446669
    outer loop
      vertex 28.4713 11.9000 0.0000
      vertex 28.7183 11.9551 0.5000
      vertex 28.7213 11.9000 0.5000
    endloop
  endfacet
  facet normal 0.888920 0.099714 -0.447077
    outer loop
      vertex 28.4683 11.9531 0.0000
      vertex 28.3696 12.8332 0.0000
      vertex 28.6171 12.8679 0.5000
    endloop
  endfacet
  facet normal 0.889919 0.098599 -0.445333
    outer loop
      vertex 28.4683 11.9531 0.0000
      vertex 28.6171 12.8679 0.5000
      vertex 28.7183 11.9551 0.5000
    endloop
  endfacet
  facet normal 0.880715 0.156397 -0.447082
    outer loop
      vertex 28.3696 12.8332 0.0000
      vertex 28.3587 12.8942 0.0000
      vertex 28.6060 12.9312 0.5000
    endloop
  endfacet
  facet normal 0.880937 0.155401 -0.446991
    outer loop
      vertex 28.3696 12.8332 0.0000
      vertex 28.6060 12.9312 0.5000
      vertex 28.6171 12.8679 0.5000
    endloop
  endfacet
  facet normal 0.854099 0.272303 -0.443132
    outer loop
      vertex 28.3587 12.8942 0.0000
      vertex 28.3399 12.9532 0.0000
      vertex 28.5868 12.9924 0.5000
    endloop
  endfacet
  facet normal 0.855677 0.267631 -0.442934
    outer loop
      vertex 28.3587 12.8942 0.0000
      vertex 28.5868 12.9924 0.5000
      vertex 28.6060 12.9312 0.5000
    endloop
  endfacet
  facet normal 0.833785 0.326349 -0.445307
    outer loop
      vertex 28.3399 12.9532 0.0000
      vertex 28.0648 13.6561 0.0000
      vertex 28.3058 13.7227 0.5000
    endloop
  endfacet
  facet normal 0.838380 0.322666 -0.439325
    outer loop
      vertex 28.3399 12.9532 0.0000
      vertex 28.3058 13.7227 0.5000
      vertex 28.5868 12.9924 0.5000
    endloop
  endfacet
  facet normal 0.812187 0.379937 -0.442719
    outer loop
      vertex 28.0648 13.6561 0.0000
      vertex 28.0386 13.7122 0.0000
      vertex 28.2789 13.7811 0.5000
    endloop
  endfacet
  facet normal 0.814490 0.375207 -0.442522
    outer loop
      vertex 28.0648 13.6561 0.0000
      vertex 28.2789 13.7811 0.5000
      vertex 28.3058 13.7227 0.5000
    endloop
  endfacet
  facet normal 0.758801 0.486628 -0.432914
    outer loop
      vertex 28.0386 13.7122 0.0000
      vertex 28.0051 13.7644 0.0000
      vertex 28.2447 13.8355 0.5000
    endloop
  endfacet
  facet normal 0.763577 0.479015 -0.433006
    outer loop
      vertex 28.0386 13.7122 0.0000
      vertex 28.2447 13.8355 0.5000
      vertex 28.2789 13.7811 0.5000
    endloop
  endfacet
  facet normal 0.693597 0.587035 -0.417508
    outer loop
      vertex 28.0051 13.7644 0.0000
      vertex 27.9648 13.8119 0.0000
      vertex 28.2039 13.8851 0.5000
    endloop
  endfacet
  facet normal 0.701220 0.577398 -0.418213
    outer loop
      vertex 28.0051 13.7644 0.0000
      vertex 28.2039 13.8851 0.5000
      vertex 28.2447 13.8355 0.5000
    endloop
  endfacet
  facet normal 0.653384 0.630409 -0.419135
    outer loop
      vertex 27.9648 13.8119 0.0000
      vertex 27.5904 14.2001 0.0000
      vertex 27.8232 14.2912 0.5000
    endloop
  endfacet
  facet normal 0.665562 0.623964 -0.409507
    outer loop
      vertex 27.9648 13.8119 0.0000
      vertex 27.8232 14.2912 0.5000
      vertex 28.2039 13.8851 0.5000
    endloop
  endfacet
  facet normal 0.607709 0.680682 -0.409098
    outer loop
      vertex 27.5904 14.2001 0.0000
      vertex 27.5373 14.2474 0.0000
      vertex 27.7692 14.3409 0.5000
    endloop
  endfacet
  facet normal 0.617852 0.670948 -0.409984
    outer loop
      vertex 27.5904 14.2001 0.0000
      vertex 27.7692 14.3409 0.5000
      vertex 27.8232 14.2912 0.5000
    endloop
  endfacet
  facet normal 0.505908 0.773528 -0.381721
    outer loop
      vertex 27.5373 14.2474 0.0000
      vertex 27.4776 14.2865 0.0000
      vertex 27.7085 14.3822 0.5000
    endloop
  endfacet
  facet normal 0.519435 0.763539 -0.383661
    outer loop
      vertex 27.5373 14.2474 0.0000
      vertex 27.7085 14.3822 0.5000
      vertex 27.7692 14.3409 0.5000
    endloop
  endfacet
  facet normal 0.391786 0.852209 -0.346762
    outer loop
      vertex 27.4776 14.2865 0.0000
      vertex 27.4124 14.3165 0.0000
      vertex 27.6425 14.4141 0.5000
    endloop
  endfacet
  facet normal 0.407936 0.843333 -0.349824
    outer loop
      vertex 27.4776 14.2865 0.0000
      vertex 27.6425 14.4141 0.5000
      vertex 27.7085 14.3822 0.5000
    endloop
  endfacet
  facet normal 0.267008 0.914418 -0.304216
    outer loop
      vertex 27.4124 14.3165 0.0000
      vertex 27.3431 14.3367 0.0000
      vertex 27.5725 14.4361 0.5000
    endloop
  endfacet
  facet normal 0.284489 0.907779 -0.308227
    outer loop
      vertex 27.4124 14.3165 0.0000
      vertex 27.5725 14.4361 0.5000
      vertex 27.6425 14.4141 0.5000
    endloop
  endfacet
  facet normal 0.199514 0.934289 -0.295463
    outer loop
      vertex 27.3431 14.3367 0.0000
      vertex 26.8801 14.4356 0.0000
      vertex 27.1045 14.5458 0.5000
    endloop
  endfacet
  facet normal 0.218727 0.933006 -0.285758
    outer loop
      vertex 27.3431 14.3367 0.0000
      vertex 27.1045 14.5458 0.5000
      vertex 27.5725 14.4361 0.5000
    endloop
  endfacet
  facet normal 0.132118 0.953138 -0.272163
    outer loop
      vertex 26.8801 14.4356 0.0000
      vertex 26.8093 14.4454 0.0000
      vertex 27.0330 14.5572 0.5000
    endloop
  endfacet
  facet normal 0.150981 0.948959 -0.276914
    outer loop
      vertex 26.8801 14.4356 0.0000
      vertex 27.0330 14.5572 0.5000
      vertex 27.1045 14.5458 0.5000
    endloop
  endfacet
  facet normal -0.004556 0.975810 -0.218573
    outer loop
      vertex 26.8093 14.4454 0.0000
      vertex 26.7375 14.4450 0.0000
      vertex 26.9605 14.5581 0.5000
    endloop
  endfacet
  facet normal 0.012465 0.974634 -0.223455
    outer loop
      vertex 26.8093 14.4454 0.0000
      vertex 26.9605 14.5581 0.5000
      vertex 27.0330 14.5572 0.5000
    endloop
  endfacet
  facet normal -0.143322 0.976845 -0.158849
    outer loop
      vertex 26.7375 14.4450 0.0000
      vertex 26.6662 14.4346 0.0000
      vertex 26.8887 14.5485 0.5000
    endloop
  endfacet
  facet normal -0.130051 0.978000 -0.163101
    outer loop
      vertex 26.7375 14.4450 0.0000
      vertex 26.8887 14.5485 0.5000
      vertex 26.9605 14.5581 0.5000
    endloop
  endfacet
  facet normal -0.280413 0.955254 -0.094120
    outer loop
      vertex 26.6662 14.4346 0.0000
      vertex 26.5968 14.4142 0.0000
      vertex 26.8191 14.5287 0.5000
    endloop
  endfacet
  facet normal -0.272365 0.957296 -0.096965
    outer loop
      vertex 26.6662 14.4346 0.0000
      vertex 26.8191 14.5287 0.5000
      vertex 26.8887 14.5485 0.5000
    endloop
  endfacet
  facet normal -0.347788 0.934832 -0.071642
    outer loop
      vertex 26.5968 14.4142 0.0000
      vertex 25.7171 14.0869 0.0000
      vertex 25.9365 14.2069 0.5000
    endloop
  endfacet
  facet normal -0.341928 0.937629 -0.062743
    outer loop
      vertex 26.5968 14.4142 0.0000
      vertex 25.9365 14.2069 0.5000
      vertex 26.8191 14.5287 0.5000
    endloop
  endfacet
  facet normal -0.340464 0.937221 -0.075506
    outer loop
      vertex 25.7171 14.0869 0.0000
      vertex 25.7126 14.0853 0.0000
      vertex 25.9320 14.2053 0.5000
    endloop
  endfacet
  facet normal -0.332667 0.939692 -0.079441
    outer loop
      vertex 25.7171 14.0869 0.0000
      vertex 25.9320 14.2053 0.5000
      vertex 25.9365 14.2069 0.5000
    endloop
  endfacet
  facet normal -0.329088 0.940785 -0.081393
    outer loop
      vertex 25.7126 14.0853 0.0000
      vertex 25.7104 14.0845 0.0000
      vertex 25.9297 14.2045 0.5000
    endloop
  endfacet
  facet normal -0.320651 0.943316 -0.085660
    outer loop
      vertex 25.7126 14.0853 0.0000
      vertex 25.9297 14.2045 0.5000
      vertex 25.9320 14.2053 0.5000
    endloop
  endfacet
  facet normal -0.323912 0.940123 -0.106065
    outer loop
      vertex 25.7104 14.0845 0.0000
      vertex 24.7782 13.7633 0.0000
      vertex 24.9917 13.8933 0.5000
    endloop
  endfacet
  facet normal -0.313618 0.945343 -0.089273
    outer loop
      vertex 25.7104 14.0845 0.0000
      vertex 24.9917 13.8933 0.5000
      vertex 25.9297 14.2045 0.5000
    endloop
  endfacet
  facet normal -0.296328 0.947511 -0.120055
    outer loop
      vertex 24.7782 13.7633 0.0000
      vertex 24.7697 13.7607 0.0000
      vertex 24.9832 13.8908 0.5000
    endloop
  endfacet
  facet normal -0.280578 0.951327 -0.127485
    outer loop
      vertex 24.7782 13.7633 0.0000
      vertex 24.9832 13.8908 0.5000
      vertex 24.9917 13.8933 0.5000
    endloop
  endfacet
  facet normal -0.203779 0.965019 -0.164963
    outer loop
      vertex 24.7697 13.7607 0.0000
      vertex 24.7508 13.7567 0.0000
      vertex 24.9641 13.8872 0.5000
    endloop
  endfacet
  facet normal -0.182332 0.967721 -0.173984
    outer loop
      vertex 24.7697 13.7607 0.0000
      vertex 24.9641 13.8872 0.5000
      vertex 24.9832 13.8908 0.5000
    endloop
  endfacet
  facet normal -0.078078 0.972110 -0.221147
    outer loop
      vertex 24.7508 13.7567 0.0000
      vertex 24.7378 13.7557 0.0000
      vertex 24.9508 13.8865 0.5000
    endloop
  endfacet
  facet normal -0.050692 0.971413 -0.231920
    outer loop
      vertex 24.7508 13.7567 0.0000
      vertex 24.9508 13.8865 0.5000
      vertex 24.9641 13.8872 0.5000
    endloop
  endfacet
  facet normal 0.047839 0.960913 -0.272686
    outer loop
      vertex 24.7378 13.7557 0.0000
      vertex 24.7248 13.7563 0.0000
      vertex 24.9376 13.8876 0.5000
    endloop
  endfacet
  facet normal 0.078506 0.955732 -0.283572
    outer loop
      vertex 24.7378 13.7557 0.0000
      vertex 24.9376 13.8876 0.5000
      vertex 24.9508 13.8865 0.5000
    endloop
  endfacet
  facet normal 0.171485 0.932240 -0.318625
    outer loop
      vertex 24.7248 13.7563 0.0000
      vertex 24.7122 13.7586 0.0000
      vertex 24.9246 13.8904 0.5000
    endloop
  endfacet
  facet normal 0.202485 0.922573 -0.328418
    outer loop
      vertex 24.7248 13.7563 0.0000
      vertex 24.9246 13.8904 0.5000
      vertex 24.9376 13.8876 0.5000
    endloop
  endfacet
  facet normal 0.290680 0.887229 -0.358231
    outer loop
      vertex 24.7122 13.7586 0.0000
      vertex 24.7001 13.7626 0.0000
      vertex 24.9121 13.8950 0.5000
    endloop
  endfacet
  facet normal 0.319226 0.874121 -0.366071
    outer loop
      vertex 24.7122 13.7586 0.0000
      vertex 24.9121 13.8950 0.5000
      vertex 24.9246 13.8904 0.5000
    endloop
  endfacet
  facet normal 0.403506 0.827108 -0.391248
    outer loop
      vertex 24.7001 13.7626 0.0000
      vertex 24.6835 13.7707 0.0000
      vertex 24.8949 13.9041 0.5000
    endloop
  endfacet
  facet normal 0.427395 0.812514 -0.396428
    outer loop
      vertex 24.7001 13.7626 0.0000
      vertex 24.8949 13.9041 0.5000
      vertex 24.9121 13.8950 0.5000
    endloop
  endfacet
  facet normal 0.483082 0.773150 -0.410940
    outer loop
      vertex 24.6835 13.7707 0.0000
      vertex 24.6763 13.7752 0.0000
      vertex 24.8875 13.9090 0.5000
    endloop
  endfacet
  facet normal 0.502314 0.758702 -0.414792
    outer loop
      vertex 24.6835 13.7707 0.0000
      vertex 24.8875 13.9090 0.5000
      vertex 24.8949 13.9041 0.5000
    endloop
  endfacet
  facet normal 0.506076 0.743479 -0.437180
    outer loop
      vertex 24.6763 13.7752 0.0000
      vertex 24.1666 14.1221 0.0000
      vertex 24.3518 14.2901 0.5000
    endloop
  endfacet
  facet normal 0.526055 0.739462 -0.420074
    outer loop
      vertex 24.6763 13.7752 0.0000
      vertex 24.3518 14.2901 0.5000
      vertex 24.8875 13.9090 0.5000
    endloop
  endfacet
  facet normal 0.536902 0.719374 -0.440724
    outer loop
      vertex 24.1666 14.1221 0.0000
      vertex 24.1595 14.1275 0.0000
      vertex 24.3442 14.2959 0.5000
    endloop
  endfacet
  facet normal 0.546121 0.711967 -0.441424
    outer loop
      vertex 24.1666 14.1221 0.0000
      vertex 24.3442 14.2959 0.5000
      vertex 24.3518 14.2901 0.5000
    endloop
  endfacet
  facet normal 0.614736 0.650265 -0.446381
    outer loop
      vertex 24.1595 14.1275 0.0000
      vertex 24.1454 14.1408 0.0000
      vertex 24.3291 14.3103 0.5000
    endloop
  endfacet
  facet normal 0.617980 0.647198 -0.446359
    outer loop
      vertex 24.1595 14.1275 0.0000
      vertex 24.3291 14.3103 0.5000
      vertex 24.3442 14.2959 0.5000
    endloop
  endfacet
  facet normal 0.708111 0.547632 -0.445733
    outer loop
      vertex 24.1454 14.1408 0.0000
      vertex 24.1373 14.1513 0.0000
      vertex 24.3203 14.3215 0.5000
    endloop
  endfacet
  facet normal 0.704565 0.551934 -0.446047
    outer loop
      vertex 24.1454 14.1408 0.0000
      vertex 24.3203 14.3215 0.5000
      vertex 24.3291 14.3103 0.5000
    endloop
  endfacet
  facet normal 0.788117 0.434437 -0.436046
    outer loop
      vertex 24.1373 14.1513 0.0000
      vertex 24.1308 14.1629 0.0000
      vertex 24.3132 14.3339 0.5000
    endloop
  endfacet
  facet normal 0.779977 0.447151 -0.437826
    outer loop
      vertex 24.1373 14.1513 0.0000
      vertex 24.3132 14.3339 0.5000
      vertex 24.3203 14.3215 0.5000
    endloop
  endfacet
  facet normal 0.853451 0.312394 -0.417170
    outer loop
      vertex 24.1308 14.1629 0.0000
      vertex 24.1241 14.1813 0.0000
      vertex 24.3056 14.3533 0.5000
    endloop
  endfacet
  facet normal 0.843235 0.333455 -0.421619
    outer loop
      vertex 24.1308 14.1629 0.0000
      vertex 24.3056 14.3533 0.5000
      vertex 24.3132 14.3339 0.5000
    endloop
  endfacet
  facet normal 0.891804 0.216154 -0.397447
    outer loop
      vertex 24.1241 14.1813 0.0000
      vertex 24.1220 14.1901 0.0000
      vertex 24.3030 14.3625 0.5000
    endloop
  endfacet
  facet normal 0.882114 0.242801 -0.403636
    outer loop
      vertex 24.1241 14.1813 0.0000
      vertex 24.3030 14.3625 0.5000
      vertex 24.3056 14.3533 0.5000
    endloop
  endfacet
  facet normal 0.921346 0.187127 -0.340741
    outer loop
      vertex 24.1220 14.1901 0.0000
      vertex 23.9413 15.0794 0.0000
      vertex 24.0847 15.2843 0.5000
    endloop
  endfacet
  facet normal 0.893337 0.211625 -0.396440
    outer loop
      vertex 24.1220 14.1901 0.0000
      vertex 24.0847 15.2843 0.5000
      vertex 24.3030 14.3625 0.5000
    endloop
  endfacet
  facet normal 0.930138 0.158743 -0.331126
    outer loop
      vertex 23.9413 15.0794 0.0000
      vertex 23.9399 15.0876 0.0000
      vertex 24.0829 15.2927 0.5000
    endloop
  endfacet
  facet normal 0.921390 0.186990 -0.340698
    outer loop
      vertex 23.9413 15.0794 0.0000
      vertex 24.0829 15.2927 0.5000
      vertex 24.0847 15.2843 0.5000
    endloop
  endfacet
  facet normal 0.951717 0.069117 -0.299095
    outer loop
      vertex 23.9399 15.0876 0.0000
      vertex 23.9382 15.1117 0.0000
      vertex 24.0804 15.3173 0.5000
    endloop
  endfacet
  facet normal 0.945516 0.097813 -0.310535
    outer loop
      vertex 23.9399 15.0876 0.0000
      vertex 24.0804 15.3173 0.5000
      vertex 24.0829 15.2927 0.5000
    endloop
  endfacet
  facet normal 0.964093 -0.022041 -0.264649
    outer loop
      vertex 23.9382 15.1117 0.0000
      vertex 23.9384 15.1202 0.0000
      vertex 24.0803 15.3259 0.5000
    endloop
  endfacet
  facet normal 0.961220 0.005710 -0.275722
    outer loop
      vertex 23.9382 15.1117 0.0000
      vertex 24.0803 15.3259 0.5000
      vertex 24.0804 15.3173 0.5000
    endloop
  endfacet
  facet normal 0.978714 -0.048198 -0.199487
    outer loop
      vertex 23.9384 15.1202 0.0000
      vertex 24.0021 16.4148 0.0000
      vertex 24.1150 16.6378 0.5000
    endloop
  endfacet
  facet normal 0.964376 -0.025505 -0.263304
    outer loop
      vertex 23.9384 15.1202 0.0000
      vertex 24.1150 16.6378 0.5000
      vertex 24.0803 15.3259 0.5000
    endloop
  endfacet
  facet normal 0.979406 -0.071311 -0.188889
    outer loop
      vertex 24.0021 16.4148 0.0000
      vertex 24.0031 16.4276 0.0000
      vertex 24.1158 16.6508 0.5000
    endloop
  endfacet
  facet normal 0.978931 -0.054162 -0.196875
    outer loop
      vertex 24.0021 16.4148 0.0000
      vertex 24.1158 16.6508 0.5000
      vertex 24.1150 16.6378 0.5000
    endloop
  endfacet
  facet normal 0.978393 -0.126203 -0.163768
    outer loop
      vertex 24.0031 16.4276 0.0000
      vertex 24.0047 16.4404 0.0000
      vertex 24.1172 16.6637 0.5000
    endloop
  endfacet
  facet normal 0.978984 -0.111031 -0.171065
    outer loop
      vertex 24.0031 16.4276 0.0000
      vertex 24.1172 16.6637 0.5000
      vertex 24.1158 16.6508 0.5000
    endloop
  endfacet
  facet normal 0.981374 -0.151339 -0.118333
    outer loop
      vertex 24.0047 16.4404 0.0000
      vertex 24.2420 17.9793 0.0000
      vertex 24.3379 18.2102 0.5000
    endloop
  endfacet
  facet normal 0.977591 -0.139521 -0.157640
    outer loop
      vertex 24.0047 16.4404 0.0000
      vertex 24.3379 18.2102 0.5000
      vertex 24.1172 16.6637 0.5000
    endloop
  endfacet
  facet normal 0.980049 -0.164167 -0.112037
    outer loop
      vertex 24.2420 17.9793 0.0000
      vertex 24.2432 17.9864 0.0000
      vertex 24.3391 18.2173 0.5000
    endloop
  endfacet
  facet normal 0.980919 -0.155927 -0.116127
    outer loop
      vertex 24.2420 17.9793 0.0000
      vertex 24.3391 18.2173 0.5000
      vertex 24.3379 18.2102 0.5000
    endloop
  endfacet
  facet normal 0.976084 -0.194464 -0.097182
    outer loop
      vertex 24.2432 17.9864 0.0000
      vertex 24.2446 17.9933 0.0000
      vertex 24.3404 18.2243 0.5000
    endloop
  endfacet
  facet normal 0.977117 -0.187310 -0.100788
    outer loop
      vertex 24.2432 17.9864 0.0000
      vertex 24.3404 18.2243 0.5000
      vertex 24.3391 18.2173 0.5000
    endloop
  endfacet
  facet normal 0.975306 -0.208605 -0.072537
    outer loop
      vertex 24.2446 17.9933 0.0000
      vertex 24.5910 19.6126 0.0000
      vertex 24.6782 19.8468 0.5000
    endloop
  endfacet
  facet normal 0.974761 -0.202956 -0.093007
    outer loop
      vertex 24.2446 17.9933 0.0000
      vertex 24.6782 19.8468 0.5000
      vertex 24.3404 18.2243 0.5000
    endloop
  endfacet
  facet normal 0.973247 -0.219815 -0.066873
    outer loop
      vertex 24.5910 19.6126 0.0000
      vertex 24.5924 19.6189 0.0000
      vertex 24.6796 19.8532 0.5000
    endloop
  endfacet
  facet normal 0.973990 -0.215858 -0.068909
    outer loop
      vertex 24.5910 19.6126 0.0000
      vertex 24.6796 19.8532 0.5000
      vertex 24.6782 19.8468 0.5000
    endloop
  endfacet
  facet normal 0.969965 -0.236063 -0.058665
    outer loop
      vertex 24.5924 19.6189 0.0000
      vertex 24.5931 19.6220 0.0000
      vertex 24.6804 19.8563 0.5000
    endloop
  endfacet
  facet normal 0.970692 -0.232602 -0.060436
    outer loop
      vertex 24.5924 19.6189 0.0000
      vertex 24.6804 19.8563 0.5000
      vertex 24.6796 19.8532 0.5000
    endloop
  endfacet
  facet normal 0.968426 -0.245123 -0.045449
    outer loop
      vertex 24.5931 19.6220 0.0000
      vertex 24.9822 21.1592 0.0000
      vertex 25.0654 21.3949 0.5000
    endloop
  endfacet
  facet normal 0.968604 -0.242339 -0.055486
    outer loop
      vertex 24.5931 19.6220 0.0000
      vertex 25.0654 21.3949 0.5000
      vertex 24.6804 19.8563 0.5000
    endloop
  endfacet
  facet normal 0.966576 -0.253015 -0.041401
    outer loop
      vertex 24.9822 21.1592 0.0000
      vertex 24.9833 21.1635 0.0000
      vertex 25.0665 21.3992 0.5000
    endloop
  endfacet
  facet normal 0.967063 -0.250971 -0.042465
    outer loop
      vertex 24.9822 21.1592 0.0000
      vertex 25.0665 21.3992 0.5000
      vertex 25.0654 21.3949 0.5000
    endloop
  endfacet
  facet normal 0.963844 -0.264061 -0.035730
    outer loop
      vertex 24.9833 21.1635 0.0000
      vertex 24.9839 21.1656 0.0000
      vertex 25.0670 21.4013 0.5000
    endloop
  endfacet
  facet normal 0.964290 -0.262303 -0.036641
    outer loop
      vertex 24.9833 21.1635 0.0000
      vertex 25.0670 21.4013 0.5000
      vertex 25.0665 21.3992 0.5000
    endloop
  endfacet
  facet normal 0.962337 -0.270350 -0.028598
    outer loop
      vertex 24.9839 21.1656 0.0000
      vertex 25.3485 22.4632 0.0000
      vertex 25.4297 22.6996 0.5000
    endloop
  endfacet
  facet normal 0.962591 -0.268912 -0.033234
    outer loop
      vertex 24.9839 21.1656 0.0000
      vertex 25.4297 22.6996 0.5000
      vertex 25.0670 21.4013 0.5000
    endloop
  endfacet
  facet normal 0.958946 -0.282718 -0.022195
    outer loop
      vertex 25.3485 22.4632 0.0000
      vertex 25.3490 22.4651 0.0000
      vertex 25.4303 22.7015 0.5000
    endloop
  endfacet
  facet normal 0.959216 -0.281763 -0.022694
    outer loop
      vertex 25.3485 22.4632 0.0000
      vertex 25.4303 22.7015 0.5000
      vertex 25.4297 22.6996 0.5000
    endloop
  endfacet
  facet normal 0.957269 -0.288615 -0.018354
    outer loop
      vertex 25.3490 22.4651 0.0000
      vertex 25.4860 22.9195 0.0000
      vertex 25.5669 23.1561 0.5000
    endloop
  endfacet
  facet normal 0.957484 -0.287823 -0.019543
    outer loop
      vertex 25.3490 22.4651 0.0000
      vertex 25.5669 23.1561 0.5000
      vertex 25.4303 22.7015 0.5000
    endloop
  endfacet
  facet normal 0.972958 -0.225392 -0.050517
    outer loop
      vertex 25.4860 22.9195 0.0000
      vertex 25.5010 22.9843 0.0000
      vertex 25.5818 23.2209 0.5000
    endloop
  endfacet
  facet normal 0.973374 -0.223275 -0.051873
    outer loop
      vertex 25.4860 22.9195 0.0000
      vertex 25.5818 23.2209 0.5000
      vertex 25.5669 23.1561 0.5000
    endloop
  endfacet
  facet normal 0.988851 -0.096386 -0.113502
    outer loop
      vertex 25.5010 22.9843 0.0000
      vertex 25.5075 23.0504 0.0000
      vertex 25.5879 23.2871 0.5000
    endloop
  endfacet
  facet normal 0.988966 -0.091665 -0.116380
    outer loop
      vertex 25.5010 22.9843 0.0000
      vertex 25.5879 23.2871 0.5000
      vertex 25.5818 23.2209 0.5000
    endloop
  endfacet
  facet normal 0.984331 0.033151 -0.173184
    outer loop
      vertex 25.5075 23.0504 0.0000
      vertex 25.5052 23.1166 0.0000
      vertex 25.5852 23.3535 0.5000
    endloop
  endfacet
  facet normal 0.983367 0.039980 -0.177174
    outer loop
      vertex 25.5075 23.0504 0.0000
      vertex 25.5852 23.3535 0.5000
      vertex 25.5879 23.2871 0.5000
    endloop
  endfacet
  facet normal 0.960376 0.159908 -0.228272
    outer loop
      vertex 25.5052 23.1166 0.0000
      vertex 25.4944 23.1819 0.0000
      vertex 25.5737 23.4190 0.5000
    endloop
  endfacet
  facet normal 0.957876 0.168069 -0.232864
    outer loop
      vertex 25.5052 23.1166 0.0000
      vertex 25.5737 23.4190 0.5000
      vertex 25.5852 23.3535 0.5000
    endloop
  endfacet
  facet normal 0.918598 0.281054 -0.277823
    outer loop
      vertex 25.4944 23.1819 0.0000
      vertex 25.4751 23.2450 0.0000
      vertex 25.5537 23.4823 0.5000
    endloop
  endfacet
  facet normal 0.914487 0.289661 -0.282507
    outer loop
      vertex 25.4944 23.1819 0.0000
      vertex 25.5537 23.4823 0.5000
      vertex 25.5737 23.4190 0.5000
    endloop
  endfacet
  facet normal 0.860987 0.394344 -0.321239
    outer loop
      vertex 25.4751 23.2450 0.0000
      vertex 25.4476 23.3049 0.0000
      vertex 25.5254 23.5425 0.5000
    endloop
  endfacet
  facet normal 0.855533 0.402566 -0.325582
    outer loop
      vertex 25.4751 23.2450 0.0000
      vertex 25.5254 23.5425 0.5000
      vertex 25.5537 23.4823 0.5000
    endloop
  endfacet
  facet normal 0.789657 0.498120 -0.358214
    outer loop
      vertex 25.4476 23.3049 0.0000
      vertex 25.4126 23.3604 0.0000
      vertex 25.4893 23.5984 0.5000
    endloop
  endfacet
  facet normal 0.783389 0.505299 -0.361905
    outer loop
      vertex 25.4476 23.3049 0.0000
      vertex 25.4893 23.5984 0.5000
      vertex 25.5254 23.5425 0.5000
    endloop
  endfacet
  facet normal 0.706673 0.591234 -0.388659
    outer loop
      vertex 25.4126 23.3604 0.0000
      vertex 25.3706 23.4107 0.0000
      vertex 25.4462 23.6489 0.5000
    endloop
  endfacet
  facet normal 0.700260 0.596946 -0.391524
    outer loop
      vertex 25.4126 23.3604 0.0000
      vertex 25.4462 23.6489 0.5000
      vertex 25.4893 23.5984 0.5000
    endloop
  endfacet
  facet normal 0.613929 0.672929 -0.412623
    outer loop
      vertex 25.3706 23.4107 0.0000
      vertex 25.3223 23.4547 0.0000
      vertex 25.3967 23.6934 0.5000
    endloop
  endfacet
  facet normal 0.608079 0.677001 -0.414619
    outer loop
      vertex 25.3706 23.4107 0.0000
      vertex 25.3967 23.6934 0.5000
      vertex 25.4462 23.6489 0.5000
    endloop
  endfacet
  facet normal 0.513105 0.742719 -0.430223
    outer loop
      vertex 25.3223 23.4547 0.0000
      vertex 25.2686 23.4918 0.0000
      vertex 25.3418 23.7308 0.5000
    endloop
  endfacet
  facet normal 0.508469 0.745210 -0.431417
    outer loop
      vertex 25.3223 23.4547 0.0000
      vertex 25.3418 23.7308 0.5000
      vertex 25.3967 23.6934 0.5000
    endloop
  endfacet
  facet normal 0.405663 0.800273 -0.441588
    outer loop
      vertex 25.2686 23.4918 0.0000
      vertex 25.2105 23.5213 0.0000
      vertex 25.2824 23.7607 0.5000
    endloop
  endfacet
  facet normal 0.402775 0.801431 -0.442131
    outer loop
      vertex 25.2686 23.4918 0.0000
      vertex 25.2824 23.7607 0.5000
      vertex 25.3418 23.7308 0.5000
    endloop
  endfacet
  facet normal 0.292887 0.845322 -0.446820
    outer loop
      vertex 25.2105 23.5213 0.0000
      vertex 25.1489 23.5426 0.0000
      vertex 25.2196 23.7824 0.5000
    endloop
  endfacet
  facet normal 0.292117 0.845536 -0.446918
    outer loop
      vertex 25.2105 23.5213 0.0000
      vertex 25.2196 23.7824 0.5000
      vertex 25.2824 23.7607 0.5000
    endloop
  endfacet
  facet normal 0.175938 0.877587 -0.445967
    outer loop
      vertex 25.1489 23.5426 0.0000
      vertex 25.0850 23.5554 0.0000
      vertex 25.1544 23.7956 0.5000
    endloop
  endfacet
  facet normal 0.177467 0.877335 -0.445857
    outer loop
      vertex 25.1489 23.5426 0.0000
      vertex 25.1544 23.7956 0.5000
      vertex 25.2196 23.7824 0.5000
    endloop
  endfacet
  facet normal 0.055929 0.896737 -0.439015
    outer loop
      vertex 25.0850 23.5554 0.0000
      vertex 25.0200 23.5595 0.0000
      vertex 25.0881 23.8000 0.5000
    endloop
  endfacet
  facet normal 0.059733 0.896530 -0.438937
    outer loop
      vertex 25.0850 23.5554 0.0000
      vertex 25.0881 23.8000 0.5000
      vertex 25.1544 23.7956 0.5000
    endloop
  endfacet
  facet normal 0.004728 0.971830 -0.235637
    outer loop
      vertex 25.0200 23.5595 0.0000
      vertex 0.7180 23.6777 0.0000
      vertex 0.5000 23.8000 0.5000
    endloop
  endfacet
  facet normal 0.000000 0.901147 -0.433515
    outer loop
      vertex 25.0200 23.5595 0.0000
      vertex 0.5000 23.8000 0.5000
      vertex 25.0881 23.8000 0.5000
    endloop
  endfacet
  facet normal -0.058611 0.963649 -0.260664
    outer loop
      vertex 0.7180 23.6777 0.0000
      vertex 0.6530 23.6737 0.0000
      vertex 0.4347 23.7957 0.5000
    endloop
  endfacet
  facet normal -0.063101 0.962732 -0.262992
    outer loop
      vertex 0.7180 23.6777 0.0000
      vertex 0.4347 23.7957 0.5000
      vertex 0.5000 23.8000 0.5000
    endloop
  endfacet
  facet normal -0.180968 0.934563 -0.306339
    outer loop
      vertex 0.6530 23.6737 0.0000
      vertex 0.5890 23.6614 0.0000
      vertex 0.3706 23.7830 0.5000
    endloop
  endfacet
  facet normal -0.185570 0.932922 -0.308579
    outer loop
      vertex 0.6530 23.6737 0.0000
      vertex 0.3706 23.7830 0.5000
      vertex 0.4347 23.7957 0.5000
    endloop
  endfacet
  facet normal -0.297080 0.890105 -0.345625
    outer loop
      vertex 0.5890 23.6614 0.0000
      vertex 0.5273 23.6408 0.0000
      vertex 0.3087 23.7619 0.5000
    endloop
  endfacet
  facet normal -0.301396 0.887883 -0.347598
    outer loop
      vertex 0.5890 23.6614 0.0000
      vertex 0.3087 23.7619 0.5000
      vertex 0.3706 23.7830 0.5000
    endloop
  endfacet
  facet normal -0.405401 0.832156 -0.378374
    outer loop
      vertex 0.5273 23.6408 0.0000
      vertex 0.4689 23.6123 0.0000
      vertex 0.2500 23.7330 0.5000
    endloop
  endfacet
  facet normal -0.409117 0.829608 -0.379965
    outer loop
      vertex 0.5273 23.6408 0.0000
      vertex 0.2500 23.7330 0.5000
      vertex 0.3087 23.7619 0.5000
    endloop
  endfacet
  facet normal -0.504862 0.762499 -0.404610
    outer loop
      vertex 0.4689 23.6123 0.0000
      vertex 0.4148 23.5765 0.0000
      vertex 0.1956 23.6967 0.5000
    endloop
  endfacet
  facet normal -0.507777 0.759942 -0.405772
    outer loop
      vertex 0.4689 23.6123 0.0000
      vertex 0.1956 23.6967 0.5000
      vertex 0.2500 23.7330 0.5000
    endloop
  endfacet
  facet normal -0.594744 0.682728 -0.424455
    outer loop
      vertex 0.4148 23.5765 0.0000
      vertex 0.3660 23.5339 0.0000
      vertex 0.1464 23.6536 0.5000
    endloop
  endfacet
  facet normal -0.596774 0.680490 -0.425200
    outer loop
      vertex 0.4148 23.5765 0.0000
      vertex 0.1464 23.6536 0.5000
      vertex 0.1956 23.6967 0.5000
    endloop
  endfacet
  facet normal -0.674552 0.594208 -0.438059
    outer loop
      vertex 0.3660 23.5339 0.0000
      vertex 0.3232 23.4853 0.0000
      vertex 0.1033 23.6044 0.5000
    endloop
  endfacet
  facet normal -0.675722 0.592592 -0.438445
    outer loop
      vertex 0.3660 23.5339 0.0000
      vertex 0.1033 23.6044 0.5000
      vertex 0.1464 23.6536 0.5000
    endloop
  endfacet
  facet normal -0.743900 0.498092 -0.445552
    outer loop
      vertex 0.3232 23.4853 0.0000
      vertex 0.2871 23.4315 0.0000
      vertex 0.0670 23.5500 0.5000
    endloop
  endfacet
  facet normal -0.744328 0.497344 -0.445674
    outer loop
      vertex 0.3232 23.4853 0.0000
      vertex 0.0670 23.5500 0.5000
      vertex 0.1033 23.6044 0.5000
    endloop
  endfacet
  facet normal -0.802415 0.395357 -0.447016
    outer loop
      vertex 0.2871 23.4315 0.0000
      vertex 0.2585 23.3735 0.0000
      vertex 0.0381 23.4913 0.5000
    endloop
  endfacet
  facet normal -0.802289 0.395645 -0.446988
    outer loop
      vertex 0.2871 23.4315 0.0000
      vertex 0.0381 23.4913 0.5000
      vertex 0.0670 23.5500 0.5000
    endloop
  endfacet
  facet normal -0.849665 0.286869 -0.442466
    outer loop
      vertex 0.2585 23.3735 0.0000
      vertex 0.2378 23.3121 0.0000
      vertex 0.0170 23.4294 0.5000
    endloop
  endfacet
  facet normal -0.849220 0.288271 -0.442408
    outer loop
      vertex 0.2585 23.3735 0.0000
      vertex 0.0170 23.4294 0.5000
      vertex 0.0381 23.4913 0.5000
    endloop
  endfacet
  facet normal -0.885110 0.173465 -0.431845
    outer loop
      vertex 0.2378 23.3121 0.0000
      vertex 0.2253 23.2485 0.0000
      vertex 0.0043 23.3653 0.5000
    endloop
  endfacet
  facet normal -0.884604 0.175959 -0.431874
    outer loop
      vertex 0.2378 23.3121 0.0000
      vertex 0.0043 23.3653 0.5000
      vertex 0.0170 23.4294 0.5000
    endloop
  endfacet
  facet normal -0.908077 0.056036 -0.415038
    outer loop
      vertex 0.2253 23.2485 0.0000
      vertex 0.2214 23.1838 0.0000
      vertex 0.0000 23.3000 0.5000
    endloop
  endfacet
  facet normal -0.907759 0.059498 -0.415252
    outer loop
      vertex 0.2253 23.2485 0.0000
      vertex 0.0000 23.3000 0.5000
      vertex 0.0043 23.3653 0.5000
    endloop
  endfacet
  facet normal -0.914399 0.000000 -0.404814
    outer loop
      vertex 0.2214 23.1838 0.0000
      vertex 0.2214 0.6162 0.0000
      vertex 0.0000 0.5000 0.5000
    endloop
  endfacet
  facet normal -0.914399 0.000000 -0.404815
    outer loop
      vertex 0.2214 23.1838 0.0000
      vertex 0.0000 0.5000 0.5000
      vertex 0.0000 23.3000 0.5000
    endloop
  endfacet
  facet normal -0.908248 -0.056046 -0.414662
    outer loop
      vertex 0.2214 0.6162 0.0000
      vertex 0.2253 0.5515 0.0000
      vertex 0.0043 0.4347 0.5000
    endloop
  endfacet
  facet normal -0.907589 -0.059487 -0.415624
    outer loop
      vertex 0.2214 0.6162 0.0000
      vertex 0.0043 0.4347 0.5000
      vertex 0.0000 0.5000 0.5000
    endloop
  endfacet
  facet normal -0.885237 -0.173489 -0.431574
    outer loop
      vertex 0.2253 0.5515 0.0000
      vertex 0.2378 0.4879 0.0000
      vertex 0.0170 0.3706 0.5000
    endloop
  endfacet
  facet normal -0.884478 -0.175934 -0.432142
    outer loop
      vertex 0.2253 0.5515 0.0000
      vertex 0.0170 0.3706 0.5000
      vertex 0.0043 0.4347 0.5000
    endloop
  endfacet
  facet normal -0.849737 -0.286894 -0.442311
    outer loop
      vertex 0.2378 0.4879 0.0000
      vertex 0.2585 0.4265 0.0000
      vertex 0.0381 0.3087 0.5000
    endloop
  endfacet
  facet normal -0.849149 -0.288247 -0.442561
    outer loop
      vertex 0.2378 0.4879 0.0000
      vertex 0.0381 0.3087 0.5000
      vertex 0.0170 0.3706 0.5000
    endloop
  endfacet
  facet normal -0.802429 -0.395364 -0.446983
    outer loop
      vertex 0.2585 0.4265 0.0000
      vertex 0.2871 0.3685 0.0000
      vertex 0.0670 0.2500 0.5000
    endloop
  endfacet
  facet normal -0.802274 -0.395638 -0.447020
    outer loop
      vertex 0.2585 0.4265 0.0000
      vertex 0.0670 0.2500 0.5000
      vertex 0.0381 0.3087 0.5000
    endloop
  endfacet
  facet normal -0.743863 -0.498067 -0.445642
    outer loop
      vertex 0.2871 0.3685 0.0000
      vertex 0.3232 0.3147 0.0000
      vertex 0.1033 0.1956 0.5000
    endloop
  endfacet
  facet normal -0.744364 -0.497368 -0.445585
    outer loop
      vertex 0.2871 0.3685 0.0000
      vertex 0.1033 0.1956 0.5000
      vertex 0.0670 0.2500 0.5000
    endloop
  endfacet
  facet normal -0.674475 -0.594141 -0.438269
    outer loop
      vertex 0.3232 0.3147 0.0000
      vertex 0.3660 0.2661 0.0000
      vertex 0.1464 0.1464 0.5000
    endloop
  endfacet
  facet normal -0.675798 -0.592659 -0.438238
    outer loop
      vertex 0.3232 0.3147 0.0000
      vertex 0.1464 0.1464 0.5000
      vertex 0.1033 0.1956 0.5000
    endloop
  endfacet
  facet normal -0.594645 -0.682614 -0.424778
    outer loop
      vertex 0.3660 0.2661 0.0000
      vertex 0.4148 0.2235 0.0000
      vertex 0.1956 0.1033 0.5000
    endloop
  endfacet
  facet normal -0.596872 -0.680602 -0.424882
    outer loop
      vertex 0.3660 0.2661 0.0000
      vertex 0.1956 0.1033 0.5000
      vertex 0.1464 0.1464 0.5000
    endloop
  endfacet
  facet normal -0.504759 -0.762344 -0.405031
    outer loop
      vertex 0.4148 0.2235 0.0000
      vertex 0.4689 0.1877 0.0000
      vertex 0.2500 0.0670 0.5000
    endloop
  endfacet
  facet normal -0.507879 -0.760095 -0.405356
    outer loop
      vertex 0.4148 0.2235 0.0000
      vertex 0.2500 0.0670 0.5000
      vertex 0.1956 0.1033 0.5000
    endloop
  endfacet
  facet normal -0.405312 -0.831972 -0.378874
    outer loop
      vertex 0.4689 0.1877 0.0000
      vertex 0.5273 0.1592 0.0000
      vertex 0.3087 0.0381 0.5000
    endloop
  endfacet
  facet normal -0.409207 -0.829790 -0.379470
    outer loop
      vertex 0.4689 0.1877 0.0000
      vertex 0.3087 0.0381 0.5000
      vertex 0.2500 0.0670 0.5000
    endloop
  endfacet
  facet normal -0.297015 -0.889911 -0.346179
    outer loop
      vertex 0.5273 0.1592 0.0000
      vertex 0.5890 0.1386 0.0000
      vertex 0.3706 0.0170 0.5000
    endloop
  endfacet
  facet normal -0.301461 -0.888075 -0.347050
    outer loop
      vertex 0.5273 0.1592 0.0000
      vertex 0.3706 0.0170 0.5000
      vertex 0.3087 0.0381 0.5000
    endloop
  endfacet
  facet normal -0.180933 -0.934381 -0.306913
    outer loop
      vertex 0.5890 0.1386 0.0000
      vertex 0.6530 0.1263 0.0000
      vertex 0.4347 0.0043 0.5000
    endloop
  endfacet
  facet normal -0.185606 -0.933102 -0.308011
    outer loop
      vertex 0.5890 0.1386 0.0000
      vertex 0.4347 0.0043 0.5000
      vertex 0.3706 0.0170 0.5000
    endloop
  endfacet
  facet normal -0.058602 -0.963499 -0.261219
    outer loop
      vertex 0.6530 0.1263 0.0000
      vertex 0.7180 0.1223 0.0000
      vertex 0.5000 0.0000 0.5000
    endloop
  endfacet
  facet normal -0.063111 -0.962882 -0.262442
    outer loop
      vertex 0.6530 0.1263 0.0000
      vertex 0.5000 0.0000 0.5000
      vertex 0.4347 0.0043 0.5000
    endloop
  endfacet
  facet normal 0.004383 -0.900904 -0.433996
    outer loop
      vertex 0.7180 0.1223 0.0000
      vertex 25.0200 0.2405 0.0000
      vertex 25.0881 0.0000 0.5000
    endloop
  endfacet
  facet normal 0.000000 -0.971366 -0.237587
    outer loop
      vertex 0.7180 0.1223 0.0000
      vertex 25.0881 0.0000 0.5000
      vertex 0.5000 0.0000 0.5000
    endloop
  endfacet
  facet normal 0.055940 -0.896937 -0.438606
    outer loop
      vertex 25.0200 0.2405 0.0000
      vertex 25.0850 0.2446 0.0000
      vertex 25.1544 0.0044 0.5000
    endloop
  endfacet
  facet normal 0.059719 -0.896335 -0.439338
    outer loop
      vertex 25.0200 0.2405 0.0000
      vertex 25.1544 0.0044 0.5000
      vertex 25.0881 0.0000 0.5000
    endloop
  endfacet
  facet normal 0.175949 -0.877669 -0.445802
    outer loop
      vertex 25.0850 0.2446 0.0000
      vertex 25.1489 0.2574 0.0000
      vertex 25.2196 0.0176 0.5000
    endloop
  endfacet
  facet normal 0.177446 -0.877257 -0.446019
    outer loop
      vertex 25.0850 0.2446 0.0000
      vertex 25.2196 0.0176 0.5000
      vertex 25.1544 0.0044 0.5000
    endloop
  endfacet
  facet normal 0.292865 -0.845284 -0.446905
    outer loop
      vertex 25.1489 0.2574 0.0000
      vertex 25.2105 0.2787 0.0000
      vertex 25.2824 0.0393 0.5000
    endloop
  endfacet
  facet normal 0.292123 -0.845578 -0.446835
    outer loop
      vertex 25.1489 0.2574 0.0000
      vertex 25.2824 0.0393 0.5000
      vertex 25.2196 0.0176 0.5000
    endloop
  endfacet
  facet normal 0.405579 -0.800132 -0.441921
    outer loop
      vertex 25.2105 0.2787 0.0000
      vertex 25.2686 0.3082 0.0000
      vertex 25.3418 0.0692 0.5000
    endloop
  endfacet
  facet normal 0.402837 -0.801579 -0.441807
    outer loop
      vertex 25.2105 0.2787 0.0000
      vertex 25.3418 0.0692 0.5000
      vertex 25.2824 0.0393 0.5000
    endloop
  endfacet
  facet normal 0.512939 -0.742504 -0.430791
    outer loop
      vertex 25.2686 0.3082 0.0000
      vertex 25.3223 0.3453 0.0000
      vertex 25.3967 0.1066 0.5000
    endloop
  endfacet
  facet normal 0.508607 -0.745437 -0.430863
    outer loop
      vertex 25.2686 0.3082 0.0000
      vertex 25.3967 0.1066 0.5000
      vertex 25.3418 0.0692 0.5000
    endloop
  endfacet
  facet normal 0.613677 -0.672679 -0.413406
    outer loop
      vertex 25.3223 0.3453 0.0000
      vertex 25.3706 0.3893 0.0000
      vertex 25.4462 0.1510 0.5000
    endloop
  endfacet
  facet normal 0.608298 -0.677272 -0.413857
    outer loop
      vertex 25.3223 0.3453 0.0000
      vertex 25.4462 0.1510 0.5000
      vertex 25.3967 0.1066 0.5000
    endloop
  endfacet
  facet normal 0.706347 -0.590989 -0.389623
    outer loop
      vertex 25.3706 0.3893 0.0000
      vertex 25.4126 0.4396 0.0000
      vertex 25.4893 0.2016 0.5000
    endloop
  endfacet
  facet normal 0.700550 -0.597221 -0.390585
    outer loop
      vertex 25.3706 0.3893 0.0000
      vertex 25.4893 0.2016 0.5000
      vertex 25.4462 0.1510 0.5000
    endloop
  endfacet
  facet normal 0.789287 -0.497916 -0.359312
    outer loop
      vertex 25.4126 0.4396 0.0000
      vertex 25.4476 0.4951 0.0000
      vertex 25.5254 0.2575 0.5000
    endloop
  endfacet
  facet normal 0.783723 -0.505545 -0.360836
    outer loop
      vertex 25.4126 0.4396 0.0000
      vertex 25.5254 0.2575 0.5000
      vertex 25.4893 0.2016 0.5000
    endloop
  endfacet
  facet normal 0.860613 -0.394204 -0.322411
    outer loop
      vertex 25.4476 0.4951 0.0000
      vertex 25.4750 0.5550 0.0000
      vertex 25.5537 0.3177 0.5000
    endloop
  endfacet
  facet normal 0.855875 -0.402759 -0.324442
    outer loop
      vertex 25.4476 0.4951 0.0000
      vertex 25.5537 0.3177 0.5000
      vertex 25.5254 0.2575 0.5000
    endloop
  endfacet
  facet normal 0.918265 -0.280986 -0.278993
    outer loop
      vertex 25.4750 0.5550 0.0000
      vertex 25.4944 0.6181 0.0000
      vertex 25.5737 0.3810 0.5000
    endloop
  endfacet
  facet normal 0.914795 -0.289793 -0.281372
    outer loop
      vertex 25.4750 0.5550 0.0000
      vertex 25.5737 0.3810 0.5000
      vertex 25.5537 0.3177 0.5000
    endloop
  endfacet
  facet normal 0.960119 -0.159902 -0.229353
    outer loop
      vertex 25.4944 0.6181 0.0000
      vertex 25.5052 0.6834 0.0000
      vertex 25.5852 0.4465 0.5000
    endloop
  endfacet
  facet normal 0.958116 -0.168148 -0.231819
    outer loop
      vertex 25.4944 0.6181 0.0000
      vertex 25.5852 0.4465 0.5000
      vertex 25.5737 0.3810 0.5000
    endloop
  endfacet
  facet normal 0.984171 -0.033186 -0.174086
    outer loop
      vertex 25.5052 0.6834 0.0000
      vertex 25.5075 0.7496 0.0000
      vertex 25.5879 0.5129 0.5000
    endloop
  endfacet
  facet normal 0.983521 -0.040027 -0.176310
    outer loop
      vertex 25.5052 0.6834 0.0000
      vertex 25.5879 0.5129 0.5000
      vertex 25.5852 0.4465 0.5000
    endloop
  endfacet
  facet normal 0.988783 0.096335 -0.114140
    outer loop
      vertex 25.5075 0.7496 0.0000
      vertex 25.5010 0.8157 0.0000
      vertex 25.5818 0.5791 0.5000
    endloop
  endfacet
  facet normal 0.989039 0.091627 -0.115783
    outer loop
      vertex 25.5075 0.7496 0.0000
      vertex 25.5818 0.5791 0.5000
      vertex 25.5879 0.5129 0.5000
    endloop
  endfacet
  facet normal 0.972953 0.225343 -0.050825
    outer loop
      vertex 25.5010 0.8157 0.0000
      vertex 25.4860 0.8805 0.0000
      vertex 25.5669 0.6439 0.5000
    endloop
  endfacet
  facet normal 0.973398 0.223231 -0.051609
    outer loop
      vertex 25.5010 0.8157 0.0000
      vertex 25.5669 0.6439 0.5000
      vertex 25.5818 0.5791 0.5000
    endloop
  endfacet
  facet normal 0.957269 0.288564 -0.019163
    outer loop
      vertex 25.4860 0.8805 0.0000
      vertex 25.3481 1.3379 0.0000
      vertex 25.4294 1.1015 0.5000
    endloop
  endfacet
  facet normal 0.957512 0.287779 -0.018788
    outer loop
      vertex 25.4860 0.8805 0.0000
      vertex 25.4294 1.1015 0.5000
      vertex 25.5669 0.6439 0.5000
    endloop
  endfacet
  facet normal 0.960782 0.276120 -0.025623
    outer loop
      vertex 25.3481 1.3379 0.0000
      vertex 25.3476 1.3398 0.0000
      vertex 25.4289 1.1034 0.5000
    endloop
  endfacet
  facet normal 0.961083 0.275015 -0.026190
    outer loop
      vertex 25.3481 1.3379 0.0000
      vertex 25.4289 1.1034 0.5000
      vertex 25.4294 1.1015 0.5000
    endloop
  endfacet
  facet normal 0.962227 0.270301 -0.032516
    outer loop
      vertex 25.3476 1.3398 0.0000
      vertex 24.9840 2.6340 0.0000
      vertex 25.0672 2.3982 0.5000
    endloop
  endfacet
  facet normal 0.962713 0.268928 -0.029337
    outer loop
      vertex 25.3476 1.3398 0.0000
      vertex 25.0672 2.3982 0.5000
      vertex 25.4289 1.1034 0.5000
    endloop
  endfacet
  facet normal 0.964310 0.262223 -0.036688
    outer loop
      vertex 24.9840 2.6340 0.0000
      vertex 24.9829 2.6382 0.0000
      vertex 25.0660 2.4025 0.5000
    endloop
  endfacet
  facet normal 0.964764 0.260417 -0.037598
    outer loop
      vertex 24.9840 2.6340 0.0000
      vertex 25.0660 2.4025 0.5000
      vertex 25.0672 2.3982 0.5000
    endloop
  endfacet
  facet normal 0.967016 0.251170 -0.042359
    outer loop
      vertex 24.9829 2.6382 0.0000
      vertex 24.9823 2.6404 0.0000
      vertex 25.0655 2.4046 0.5000
    endloop
  endfacet
  facet normal 0.967510 0.249078 -0.043418
    outer loop
      vertex 24.9829 2.6382 0.0000
      vertex 25.0655 2.4046 0.5000
      vertex 25.0660 2.4025 0.5000
    endloop
  endfacet
  facet normal 0.968007 0.245016 -0.054122
    outer loop
      vertex 24.9823 2.6404 0.0000
      vertex 24.5933 4.1773 0.0000
      vertex 24.6806 3.9430 0.5000
    endloop
  endfacet
  facet normal 0.969035 0.242447 -0.046808
    outer loop
      vertex 24.9823 2.6404 0.0000
      vertex 24.6806 3.9430 0.5000
      vertex 25.0655 2.4046 0.5000
    endloop
  endfacet
  facet normal 0.970533 0.233359 -0.060071
    outer loop
      vertex 24.5933 4.1773 0.0000
      vertex 24.5918 4.1836 0.0000
      vertex 24.6791 3.9493 0.5000
    endloop
  endfacet
  facet normal 0.971269 0.229817 -0.061813
    outer loop
      vertex 24.5933 4.1773 0.0000
      vertex 24.6791 3.9493 0.5000
      vertex 24.6806 3.9430 0.5000
    endloop
  endfacet
  facet normal 0.973759 0.217100 -0.068279
    outer loop
      vertex 24.5918 4.1836 0.0000
      vertex 24.5911 4.1867 0.0000
      vertex 24.6784 3.9525 0.5000
    endloop
  endfacet
  facet normal 0.974508 0.213062 -0.070275
    outer loop
      vertex 24.5918 4.1836 0.0000
      vertex 24.6784 3.9525 0.5000
      vertex 24.6791 3.9493 0.5000
    endloop
  endfacet
  facet normal 0.973881 0.208300 -0.090368
    outer loop
      vertex 24.5911 4.1867 0.0000
      vertex 24.2446 5.8067 0.0000
      vertex 24.3404 5.5757 0.5000
    endloop
  endfacet
  facet normal 0.976233 0.203262 -0.075194
    outer loop
      vertex 24.5911 4.1867 0.0000
      vertex 24.3404 5.5757 0.5000
      vertex 24.6784 3.9525 0.5000
    endloop
  endfacet
  facet normal 0.976074 0.194462 -0.097282
    outer loop
      vertex 24.2446 5.8067 0.0000
      vertex 24.2432 5.8136 0.0000
      vertex 24.3391 5.5827 0.5000
    endloop
  endfacet
  facet normal 0.977127 0.187312 -0.100683
    outer loop
      vertex 24.2446 5.8067 0.0000
      vertex 24.3391 5.5827 0.5000
      vertex 24.3404 5.5757 0.5000
    endloop
  endfacet
  facet normal 0.980037 0.164164 -0.112152
    outer loop
      vertex 24.2432 5.8136 0.0000
      vertex 24.2421 5.8207 0.0000
      vertex 24.3379 5.5898 0.5000
    endloop
  endfacet
  facet normal 0.980932 0.155929 -0.116008
    outer loop
      vertex 24.2432 5.8136 0.0000
      vertex 24.3379 5.5898 0.5000
      vertex 24.3391 5.5827 0.5000
    endloop
  endfacet
  facet normal 0.976759 0.150627 -0.152491
    outer loop
      vertex 24.2421 5.8207 0.0000
      vertex 24.0047 7.3596 0.0000
      vertex 24.1172 7.1363 0.5000
    endloop
  endfacet
  facet normal 0.982370 0.140203 -0.123663
    outer loop
      vertex 24.2421 5.8207 0.0000
      vertex 24.1172 7.1363 0.5000
      vertex 24.3379 5.5898 0.5000
    endloop
  endfacet
  facet normal 0.978331 0.126194 -0.164146
    outer loop
      vertex 24.0047 7.3596 0.0000
      vertex 24.0031 7.3724 0.0000
      vertex 24.1158 7.1492 0.5000
    endloop
  endfacet
  facet normal 0.979049 0.111038 -0.170683
    outer loop
      vertex 24.0047 7.3596 0.0000
      vertex 24.1158 7.1492 0.5000
      vertex 24.1172 7.1363 0.5000
    endloop
  endfacet
  facet normal 0.979324 0.071304 -0.189313
    outer loop
      vertex 24.0031 7.3724 0.0000
      vertex 24.0021 7.3852 0.0000
      vertex 24.1150 7.1622 0.5000
    endloop
  endfacet
  facet normal 0.979017 0.054166 -0.196450
    outer loop
      vertex 24.0031 7.3724 0.0000
      vertex 24.1150 7.1622 0.5000
      vertex 24.1158 7.1492 0.5000
    endloop
  endfacet
  facet normal 0.965865 0.047564 -0.254642
    outer loop
      vertex 24.0021 7.3852 0.0000
      vertex 23.9384 8.6799 0.0000
      vertex 24.0803 8.4741 0.5000
    endloop
  endfacet
  facet normal 0.977534 0.025853 -0.209186
    outer loop
      vertex 24.0021 7.3852 0.0000
      vertex 24.0803 8.4741 0.5000
      vertex 24.1150 7.1622 0.5000
    endloop
  endfacet
  facet normal 0.963972 0.022038 -0.265089
    outer loop
      vertex 23.9384 8.6799 0.0000
      vertex 23.9382 8.6883 0.0000
      vertex 24.0804 8.4827 0.5000
    endloop
  endfacet
  facet normal 0.961345 -0.005711 -0.275286
    outer loop
      vertex 23.9384 8.6799 0.0000
      vertex 24.0804 8.4827 0.5000
      vertex 24.0803 8.4741 0.5000
    endloop
  endfacet
  facet normal 0.951306 -0.069088 -0.300405
    outer loop
      vertex 23.9382 8.6883 0.0000
      vertex 23.9399 8.7124 0.0000
      vertex 24.0829 8.5073 0.5000
    endloop
  endfacet
  facet normal 0.945929 -0.097855 -0.309262
    outer loop
      vertex 23.9382 8.6883 0.0000
      vertex 24.0829 8.5073 0.5000
      vertex 24.0804 8.4827 0.5000
    endloop
  endfacet
  facet normal 0.980022 -0.198889 0.000000
    outer loop
      vertex 24.0829 8.5073 0.5000
      vertex 24.0847 8.5157 0.5000
      vertex 24.0847 8.5157 2.5000
    endloop
  endfacet
  facet normal 0.980022 -0.198889 0.000000
    outer loop
      vertex 24.0829 8.5073 0.5000
      vertex 24.0847 8.5157 2.5000
      vertex 24.0829 8.5073 2.5000
    endloop
  endfacet
  facet normal 0.973069 -0.230513 0.000000
    outer loop
      vertex 24.0847 8.5157 0.5000
      vertex 24.3030 9.4375 0.5000
      vertex 24.3030 9.4375 2.5000
    endloop
  endfacet
  facet normal 0.973069 -0.230513 0.000000
    outer loop
      vertex 24.0847 8.5157 0.5000
      vertex 24.3030 9.4375 2.5000
      vertex 24.0847 8.5157 2.5000
    endloop
  endfacet
  facet normal 0.964144 -0.265379 0.000000
    outer loop
      vertex 24.3030 9.4375 0.5000
      vertex 24.3056 9.4467 0.5000
      vertex 24.3056 9.4467 2.5000
    endloop
  endfacet
  facet normal 0.964144 -0.265379 0.000000
    outer loop
      vertex 24.3030 9.4375 0.5000
      vertex 24.3056 9.4467 2.5000
      vertex 24.3030 9.4375 2.5000
    endloop
  endfacet
  facet normal 0.929929 -0.367738 0.000000
    outer loop
      vertex 24.3056 9.4467 0.5000
      vertex 24.3132 9.4661 0.5000
      vertex 24.3132 9.4661 2.5000
    endloop
  endfacet
  facet normal 0.929929 -0.367738 0.000000
    outer loop
      vertex 24.3056 9.4467 0.5000
      vertex 24.3132 9.4661 2.5000
      vertex 24.3056 9.4467 2.5000
    endloop
  endfacet
  facet normal 0.867548 -0.497354 0.000000
    outer loop
      vertex 24.3132 9.4661 0.5000
      vertex 24.3203 9.4785 0.5000
      vertex 24.3203 9.4785 2.5000
    endloop
  endfacet
  facet normal 0.867548 -0.497354 0.000000
    outer loop
      vertex 24.3132 9.4661 0.5000
      vertex 24.3203 9.4785 2.5000
      vertex 24.3132 9.4661 2.5000
    endloop
  endfacet
  facet normal 0.787215 -0.616679 0.000000
    outer loop
      vertex 24.3203 9.4785 0.5000
      vertex 24.3291 9.4897 0.5000
      vertex 24.3291 9.4897 2.5000
    endloop
  endfacet
  facet normal 0.787215 -0.616679 0.000000
    outer loop
      vertex 24.3203 9.4785 0.5000
      vertex 24.3291 9.4897 2.5000
      vertex 24.3203 9.4785 2.5000
    endloop
  endfacet
  facet normal 0.690593 -0.723244 0.000000
    outer loop
      vertex 24.3291 9.4897 0.5000
      vertex 24.3442 9.5041 0.5000
      vertex 24.3442 9.5041 2.5000
    endloop
  endfacet
  facet normal 0.690593 -0.723244 0.000000
    outer loop
      vertex 24.3291 9.4897 0.5000
      vertex 24.3442 9.5041 2.5000
      vertex 24.3291 9.4897 2.5000
    endloop
  endfacet
  facet normal 0.608628 -0.793456 0.000000
    outer loop
      vertex 24.3442 9.5041 0.5000
      vertex 24.3518 9.5099 0.5000
      vertex 24.3518 9.5099 2.5000
    endloop
  endfacet
  facet normal 0.608628 -0.793456 0.000000
    outer loop
      vertex 24.3442 9.5041 0.5000
      vertex 24.3518 9.5099 2.5000
      vertex 24.3442 9.5041 2.5000
    endloop
  endfacet
  facet normal 0.579681 -0.814843 0.000000
    outer loop
      vertex 24.3518 9.5099 0.5000
      vertex 24.8875 9.8910 0.5000
      vertex 24.8875 9.8910 2.5000
    endloop
  endfacet
  facet normal 0.579681 -0.814843 0.000000
    outer loop
      vertex 24.3518 9.5099 0.5000
      vertex 24.8875 9.8910 2.5000
      vertex 24.3518 9.5099 2.5000
    endloop
  endfacet
  facet normal 0.552044 -0.833815 0.000000
    outer loop
      vertex 24.8875 9.8910 0.5000
      vertex 24.8949 9.8959 0.5000
      vertex 24.8949 9.8959 2.5000
    endloop
  endfacet
  facet normal 0.552044 -0.833815 0.000000
    outer loop
      vertex 24.8875 9.8910 0.5000
      vertex 24.8949 9.8959 2.5000
      vertex 24.8875 9.8910 2.5000
    endloop
  endfacet
  facet normal 0.465538 -0.885028 0.000000
    outer loop
      vertex 24.8949 9.8959 0.5000
      vertex 24.9121 9.9050 0.5000
      vertex 24.9121 9.9050 2.5000
    endloop
  endfacet
  facet normal 0.465538 -0.885028 0.000000
    outer loop
      vertex 24.8949 9.8959 0.5000
      vertex 24.9121 9.9050 2.5000
      vertex 24.8949 9.8959 2.5000
    endloop
  endfacet
  facet normal 0.343037 -0.939322 0.000000
    outer loop
      vertex 24.9121 9.9050 0.5000
      vertex 24.9246 9.9096 0.5000
      vertex 24.9246 9.9096 2.5000
    endloop
  endfacet
  facet normal 0.343037 -0.939322 0.000000
    outer loop
      vertex 24.9121 9.9050 0.5000
      vertex 24.9246 9.9096 2.5000
      vertex 24.9121 9.9050 2.5000
    endloop
  endfacet
  facet normal 0.214376 -0.976751 0.000000
    outer loop
      vertex 24.9246 9.9096 0.5000
      vertex 24.9376 9.9124 0.5000
      vertex 24.9376 9.9124 2.5000
    endloop
  endfacet
  facet normal 0.214376 -0.976751 0.000000
    outer loop
      vertex 24.9246 9.9096 0.5000
      vertex 24.9376 9.9124 2.5000
      vertex 24.9246 9.9096 2.5000
    endloop
  endfacet
  facet normal 0.081867 -0.996643 0.000000
    outer loop
      vertex 24.9376 9.9124 0.5000
      vertex 24.9508 9.9135 0.5000
      vertex 24.9508 9.9135 2.5000
    endloop
  endfacet
  facet normal 0.081867 -0.996643 0.000000
    outer loop
      vertex 24.9376 9.9124 0.5000
      vertex 24.9508 9.9135 2.5000
      vertex 24.9376 9.9124 2.5000
    endloop
  endfacet
  facet normal -0.052112 -0.998641 0.000000
    outer loop
      vertex 24.9508 9.9135 0.5000
      vertex 24.9641 9.9128 0.5000
      vertex 24.9641 9.9128 2.5000
    endloop
  endfacet
  facet normal -0.052112 -0.998641 0.000000
    outer loop
      vertex 24.9508 9.9135 0.5000
      vertex 24.9641 9.9128 2.5000
      vertex 24.9508 9.9135 2.5000
    endloop
  endfacet
  facet normal -0.185156 -0.982709 0.000000
    outer loop
      vertex 24.9641 9.9128 0.5000
      vertex 24.9832 9.9092 0.5000
      vertex 24.9832 9.9092 2.5000
    endloop
  endfacet
  facet normal -0.185156 -0.982709 0.000000
    outer loop
      vertex 24.9641 9.9128 0.5000
      vertex 24.9832 9.9092 2.5000
      vertex 24.9641 9.9128 2.5000
    endloop
  endfacet
  facet normal -0.282886 -0.959154 0.000000
    outer loop
      vertex 24.9832 9.9092 0.5000
      vertex 24.9917 9.9067 0.5000
      vertex 24.9917 9.9067 2.5000
    endloop
  endfacet
  facet normal -0.282886 -0.959154 0.000000
    outer loop
      vertex 24.9832 9.9092 0.5000
      vertex 24.9917 9.9067 2.5000
      vertex 24.9832 9.9092 2.5000
    endloop
  endfacet
  facet normal -0.314875 -0.949133 0.000000
    outer loop
      vertex 24.9917 9.9067 0.5000
      vertex 25.9292 9.5957 0.5000
      vertex 25.9292 9.5957 2.5000
    endloop
  endfacet
  facet normal -0.314875 -0.949133 0.000000
    outer loop
      vertex 24.9917 9.9067 0.5000
      vertex 25.9292 9.5957 2.5000
      vertex 24.9917 9.9067 2.5000
    endloop
  endfacet
  facet normal -0.323818 -0.946119 0.000000
    outer loop
      vertex 25.9292 9.5957 0.5000
      vertex 25.9338 9.5941 0.5000
      vertex 25.9338 9.5941 2.5000
    endloop
  endfacet
  facet normal -0.323818 -0.946119 0.000000
    outer loop
      vertex 25.9292 9.5957 0.5000
      vertex 25.9338 9.5941 2.5000
      vertex 25.9292 9.5957 2.5000
    endloop
  endfacet
  facet normal -0.335698 -0.941970 0.000000
    outer loop
      vertex 25.9338 9.5941 0.5000
      vertex 25.9360 9.5933 0.5000
      vertex 25.9360 9.5933 2.5000
    endloop
  endfacet
  facet normal -0.335698 -0.941970 0.000000
    outer loop
      vertex 25.9338 9.5941 0.5000
      vertex 25.9360 9.5933 2.5000
      vertex 25.9338 9.5941 2.5000
    endloop
  endfacet
  facet normal -0.342603 -0.939480 0.000000
    outer loop
      vertex 25.9360 9.5933 0.5000
      vertex 26.8191 9.2713 0.5000
      vertex 26.8191 9.2713 2.5000
    endloop
  endfacet
  facet normal -0.342603 -0.939480 0.000000
    outer loop
      vertex 25.9360 9.5933 0.5000
      vertex 26.8191 9.2713 2.5000
      vertex 25.9360 9.5933 2.5000
    endloop
  endfacet
  facet normal -0.273655 -0.961828 0.000000
    outer loop
      vertex 26.8191 9.2713 0.5000
      vertex 26.8887 9.2515 0.5000
      vertex 26.8887 9.2515 2.5000
    endloop
  endfacet
  facet normal -0.273655 -0.961828 0.000000
    outer loop
      vertex 26.8191 9.2713 0.5000
      vertex 26.8887 9.2515 2.5000
      vertex 26.8191 9.2713 2.5000
    endloop
  endfacet
  facet normal -0.131816 -0.991274 0.000000
    outer loop
      vertex 26.8887 9.2515 0.5000
      vertex 26.9605 9.2419 0.5000
      vertex 26.9605 9.2419 2.5000
    endloop
  endfacet
  facet normal -0.131816 -0.991274 0.000000
    outer loop
      vertex 26.8887 9.2515 0.5000
      vertex 26.9605 9.2419 2.5000
      vertex 26.8887 9.2515 2.5000
    endloop
  endfacet
  facet normal 0.012789 -0.999918 0.000000
    outer loop
      vertex 26.9605 9.2419 0.5000
      vertex 27.0330 9.2428 0.5000
      vertex 27.0330 9.2428 2.5000
    endloop
  endfacet
  facet normal 0.012789 -0.999918 0.000000
    outer loop
      vertex 26.9605 9.2419 0.5000
      vertex 27.0330 9.2428 2.5000
      vertex 26.9605 9.2419 2.5000
    endloop
  endfacet
  facet normal 0.157125 -0.987579 0.000000
    outer loop
      vertex 27.0330 9.2428 0.5000
      vertex 27.1045 9.2542 0.5000
      vertex 27.1045 9.2542 2.5000
    endloop
  endfacet
  facet normal 0.157125 -0.987579 0.000000
    outer loop
      vertex 27.0330 9.2428 0.5000
      vertex 27.1045 9.2542 2.5000
      vertex 27.0330 9.2428 2.5000
    endloop
  endfacet
  facet normal 0.228244 -0.973604 0.000000
    outer loop
      vertex 27.1045 9.2542 0.5000
      vertex 27.5725 9.3639 0.5000
      vertex 27.5725 9.3639 2.5000
    endloop
  endfacet
  facet normal 0.228244 -0.973604 0.000000
    outer loop
      vertex 27.1045 9.2542 0.5000
      vertex 27.5725 9.3639 2.5000
      vertex 27.1045 9.2542 2.5000
    endloop
  endfacet
  facet normal 0.299048 -0.954238 0.000000
    outer loop
      vertex 27.5725 9.3639 0.5000
      vertex 27.6425 9.3859 0.5000
      vertex 27.6425 9.3859 2.5000
    endloop
  endfacet
  facet normal 0.299048 -0.954238 0.000000
    outer loop
      vertex 27.5725 9.3639 0.5000
      vertex 27.6425 9.3859 2.5000
      vertex 27.5725 9.3639 2.5000
    endloop
  endfacet
  facet normal 0.435450 -0.900213 0.000000
    outer loop
      vertex 27.6425 9.3859 0.5000
      vertex 27.7085 9.4178 0.5000
      vertex 27.7085 9.4178 2.5000
    endloop
  endfacet
  facet normal 0.435450 -0.900213 0.000000
    outer loop
      vertex 27.6425 9.3859 0.5000
      vertex 27.7085 9.4178 2.5000
      vertex 27.6425 9.3859 2.5000
    endloop
  endfacet
  facet normal 0.562479 -0.826812 0.000000
    outer loop
      vertex 27.7085 9.4178 0.5000
      vertex 27.7692 9.4591 0.5000
      vertex 27.7692 9.4591 2.5000
    endloop
  endfacet
  facet normal 0.562479 -0.826812 0.000000
    outer loop
      vertex 27.7085 9.4178 0.5000
      vertex 27.7692 9.4591 2.5000
      vertex 27.7085 9.4178 2.5000
    endloop
  endfacet
  facet normal 0.677401 -0.735614 0.000000
    outer loop
      vertex 27.7692 9.4591 0.5000
      vertex 27.8232 9.5088 0.5000
      vertex 27.8232 9.5088 2.5000
    endloop
  endfacet
  facet normal 0.677401 -0.735614 0.000000
    outer loop
      vertex 27.7692 9.4591 0.5000
      vertex 27.8232 9.5088 2.5000
      vertex 27.7692 9.4591 2.5000
    endloop
  endfacet
  facet normal 0.729537 -0.683941 0.000000
    outer loop
      vertex 27.8232 9.5088 0.5000
      vertex 28.2039 9.9149 0.5000
      vertex 28.2039 9.9149 2.5000
    endloop
  endfacet
  facet normal 0.729537 -0.683941 0.000000
    outer loop
      vertex 27.8232 9.5088 0.5000
      vertex 28.2039 9.9149 2.5000
      vertex 27.8232 9.5088 2.5000
    endloop
  endfacet
  facet normal 0.771972 -0.635656 0.000000
    outer loop
      vertex 28.2039 9.9149 0.5000
      vertex 28.2447 9.9645 0.5000
      vertex 28.2447 9.9645 2.5000
    endloop
  endfacet
  facet normal 0.771972 -0.635656 0.000000
    outer loop
      vertex 28.2039 9.9149 0.5000
      vertex 28.2447 9.9645 2.5000
      vertex 28.2039 9.9149 2.5000
    endloop
  endfacet
  facet normal 0.847110 -0.531417 0.000000
    outer loop
      vertex 28.2447 9.9645 0.5000
      vertex 28.2789 10.0189 0.5000
      vertex 28.2789 10.0189 2.5000
    endloop
  endfacet
  facet normal 0.847110 -0.531417 0.000000
    outer loop
      vertex 28.2447 9.9645 0.5000
      vertex 28.2789 10.0189 2.5000
      vertex 28.2447 9.9645 2.5000
    endloop
  endfacet
  facet normal 0.908261 -0.418404 0.000000
    outer loop
      vertex 28.2789 10.0189 0.5000
      vertex 28.3058 10.0773 0.5000
      vertex 28.3058 10.0773 2.5000
    endloop
  endfacet
  facet normal 0.908261 -0.418404 0.000000
    outer loop
      vertex 28.2789 10.0189 0.5000
      vertex 28.3058 10.0773 2.5000
      vertex 28.2789 10.0189 2.5000
    endloop
  endfacet
  facet normal 0.933266 -0.359185 0.000000
    outer loop
      vertex 28.3058 10.0773 0.5000
      vertex 28.5868 10.8076 0.5000
      vertex 28.5868 10.8076 2.5000
    endloop
  endfacet
  facet normal 0.933266 -0.359185 0.000000
    outer loop
      vertex 28.3058 10.0773 0.5000
      vertex 28.5868 10.8076 2.5000
      vertex 28.3058 10.0773 2.5000
    endloop
  endfacet
  facet normal 0.954406 -0.298511 0.000000
    outer loop
      vertex 28.5868 10.8076 0.5000
      vertex 28.6060 10.8688 0.5000
      vertex 28.6060 10.8688 2.5000
    endloop
  endfacet
  facet normal 0.954406 -0.298511 0.000000
    outer loop
      vertex 28.5868 10.8076 0.5000
      vertex 28.6060 10.8688 2.5000
      vertex 28.5868 10.8076 2.5000
    endloop
  endfacet
  facet normal 0.984795 -0.173722 0.000000
    outer loop
      vertex 28.6060 10.8688 0.5000
      vertex 28.6171 10.9321 0.5000
      vertex 28.6171 10.9321 2.5000
    endloop
  endfacet
  facet normal 0.984795 -0.173722 0.000000
    outer loop
      vertex 28.6060 10.8688 0.5000
      vertex 28.6171 10.9321 2.5000
      vertex 28.6060 10.8688 2.5000
    endloop
  endfacet
  facet normal 0.993918 -0.110122 0.000000
    outer loop
      vertex 28.6171 10.9321 0.5000
      vertex 28.7183 11.8449 0.5000
      vertex 28.7183 11.8449 2.5000
    endloop
  endfacet
  facet normal 0.993918 -0.110122 0.000000
    outer loop
      vertex 28.6171 10.9321 0.5000
      vertex 28.7183 11.8449 2.5000
      vertex 28.6171 10.9321 2.5000
    endloop
  endfacet
  facet normal 0.998478 -0.055145 0.000000
    outer loop
      vertex 28.7183 11.8449 0.5000
      vertex 28.7213 11.9000 0.5000
      vertex 28.7213 11.9000 2.5000
    endloop
  endfacet
  facet normal 0.998478 -0.055145 0.000000
    outer loop
      vertex 28.7183 11.8449 0.5000
      vertex 28.7213 11.9000 2.5000
      vertex 28.7183 11.8449 2.5000
    endloop
  endfacet
  facet normal 0.998478 0.055145 0.000000
    outer loop
      vertex 28.7213 11.9000 0.5000
      vertex 28.7183 11.9551 0.5000
      vertex 28.7183 11.9551 2.5000
    endloop
  endfacet
  facet normal 0.998478 0.055145 -0.000000
    outer loop
      vertex 28.7213 11.9000 0.5000
      vertex 28.7183 11.9551 2.5000
      vertex 28.7213 11.9000 2.5000
    endloop
  endfacet
  facet normal 0.993918 0.110122 0.000000
    outer loop
      vertex 28.7183 11.9551 0.5000
      vertex 28.6171 12.8679 0.5000
      vertex 28.6171 12.8679 2.5000
    endloop
  endfacet
  facet normal 0.993918 0.110122 -0.000000
    outer loop
      vertex 28.7183 11.9551 0.5000
      vertex 28.6171 12.8679 2.5000
      vertex 28.7183 11.9551 2.5000
    endloop
  endfacet
  facet normal 0.984795 0.173722 0.000000
    outer loop
      vertex 28.6171 12.8679 0.5000
      vertex 28.6060 12.9312 0.5000
      vertex 28.6060 12.9312 2.5000
    endloop
  endfacet
  facet normal 0.984795 0.173722 -0.000000
    outer loop
      vertex 28.6171 12.8679 0.5000
      vertex 28.6060 12.9312 2.5000
      vertex 28.6171 12.8679 2.5000
    endloop
  endfacet
  facet normal 0.954406 0.298511 0.000000
    outer loop
      vertex 28.6060 12.9312 0.5000
      vertex 28.5868 12.9924 0.5000
      vertex 28.5868 12.9924 2.5000
    endloop
  endfacet
  facet normal 0.954406 0.298511 -0.000000
    outer loop
      vertex 28.6060 12.9312 0.5000
      vertex 28.5868 12.9924 2.5000
      vertex 28.6060 12.9312 2.5000
    endloop
  endfacet
  facet normal 0.933266 0.359185 0.000000
    outer loop
      vertex 28.5868 12.9924 0.5000
      vertex 28.3058 13.7227 0.5000
      vertex 28.3058 13.7227 2.5000
    endloop
  endfacet
  facet normal 0.933266 0.359185 -0.000000
    outer loop
      vertex 28.5868 12.9924 0.5000
      vertex 28.3058 13.7227 2.5000
      vertex 28.5868 12.9924 2.5000
    endloop
  endfacet
  facet normal 0.908261 0.418404 0.000000
    outer loop
      vertex 28.3058 13.7227 0.5000
      vertex 28.2789 13.7811 0.5000
      vertex 28.2789 13.7811 2.5000
    endloop
  endfacet
  facet normal 0.908261 0.418404 -0.000000
    outer loop
      vertex 28.3058 13.7227 0.5000
      vertex 28.2789 13.7811 2.5000
      vertex 28.3058 13.7227 2.5000
    endloop
  endfacet
  facet normal 0.847110 0.531417 0.000000
    outer loop
      vertex 28.2789 13.7811 0.5000
      vertex 28.2447 13.8355 0.5000
      vertex 28.2447 13.8355 2.5000
    endloop
  endfacet
  facet normal 0.847110 0.531417 -0.000000
    outer loop
      vertex 28.2789 13.7811 0.5000
      vertex 28.2447 13.8355 2.5000
      vertex 28.2789 13.7811 2.5000
    endloop
  endfacet
  facet normal 0.771972 0.635656 0.000000
    outer loop
      vertex 28.2447 13.8355 0.5000
      vertex 28.2039 13.8851 0.5000
      vertex 28.2039 13.8851 2.5000
    endloop
  endfacet
  facet normal 0.771972 0.635656 -0.000000
    outer loop
      vertex 28.2447 13.8355 0.5000
      vertex 28.2039 13.8851 2.5000
      vertex 28.2447 13.8355 2.5000
    endloop
  endfacet
  facet normal 0.729537 0.683941 0.000000
    outer loop
      vertex 28.2039 13.8851 0.5000
      vertex 27.8232 14.2912 0.5000
      vertex 27.8232 14.2912 2.5000
    endloop
  endfacet
  facet normal 0.729537 0.683941 -0.000000
    outer loop
      vertex 28.2039 13.8851 0.5000
      vertex 27.8232 14.2912 2.5000
      vertex 28.2039 13.8851 2.5000
    endloop
  endfacet
  facet normal 0.677401 0.735614 0.000000
    outer loop
      vertex 27.8232 14.2912 0.5000
      vertex 27.7692 14.3409 0.5000
      vertex 27.7692 14.3409 2.5000
    endloop
  endfacet
  facet normal 0.677401 0.735614 -0.000000
    outer loop
      vertex 27.8232 14.2912 0.5000
      vertex 27.7692 14.3409 2.5000
      vertex 27.8232 14.2912 2.5000
    endloop
  endfacet
  facet normal 0.562479 0.826812 0.000000
    outer loop
      vertex 27.7692 14.3409 0.5000
      vertex 27.7085 14.3822 0.5000
      vertex 27.7085 14.3822 2.5000
    endloop
  endfacet
  facet normal 0.562479 0.826812 -0.000000
    outer loop
      vertex 27.7692 14.3409 0.5000
      vertex 27.7085 14.3822 2.5000
      vertex 27.7692 14.3409 2.5000
    endloop
  endfacet
  facet normal 0.435450 0.900213 0.000000
    outer loop
      vertex 27.7085 14.3822 0.5000
      vertex 27.6425 14.4141 0.5000
      vertex 27.6425 14.4141 2.5000
    endloop
  endfacet
  facet normal 0.435450 0.900213 -0.000000
    outer loop
      vertex 27.7085 14.3822 0.5000
      vertex 27.6425 14.4141 2.5000
      vertex 27.7085 14.3822 2.5000
    endloop
  endfacet
  facet normal 0.299048 0.954238 0.000000
    outer loop
      vertex 27.6425 14.4141 0.5000
      vertex 27.5725 14.4361 0.5000
      vertex 27.5725 14.4361 2.5000
    endloop
  endfacet
  facet normal 0.299048 0.954238 -0.000000
    outer loop
      vertex 27.6425 14.4141 0.5000
      vertex 27.5725 14.4361 2.5000
      vertex 27.6425 14.4141 2.5000
    endloop
  endfacet
  facet normal 0.228244 0.973604 0.000000
    outer loop
      vertex 27.5725 14.4361 0.5000
      vertex 27.1045 14.5458 0.5000
      vertex 27.1045 14.5458 2.5000
    endloop
  endfacet
  facet normal 0.228244 0.973604 -0.000000
    outer loop
      vertex 27.5725 14.4361 0.5000
      vertex 27.1045 14.5458 2.5000
      vertex 27.5725 14.4361 2.5000
    endloop
  endfacet
  facet normal 0.157125 0.987579 0.000000
    outer loop
      vertex 27.1045 14.5458 0.5000
      vertex 27.0330 14.5572 0.5000
      vertex 27.0330 14.5572 2.5000
    endloop
  endfacet
  facet normal 0.157125 0.987579 -0.000000
    outer loop
      vertex 27.1045 14.5458 0.5000
      vertex 27.0330 14.5572 2.5000
      vertex 27.1045 14.5458 2.5000
    endloop
  endfacet
  facet normal 0.012789 0.999918 0.000000
    outer loop
      vertex 27.0330 14.5572 0.5000
      vertex 26.9605 14.5581 0.5000
      vertex 26.9605 14.5581 2.5000
    endloop
  endfacet
  facet normal 0.012789 0.999918 -0.000000
    outer loop
      vertex 27.0330 14.5572 0.5000
      vertex 26.9605 14.5581 2.5000
      vertex 27.0330 14.5572 2.5000
    endloop
  endfacet
  facet normal -0.131816 0.991274 0.000000
    outer loop
      vertex 26.9605 14.5581 0.5000
      vertex 26.8887 14.5485 0.5000
      vertex 26.8887 14.5485 2.5000
    endloop
  endfacet
  facet normal -0.131816 0.991274 0.000000
    outer loop
      vertex 26.9605 14.5581 0.5000
      vertex 26.8887 14.5485 2.5000
      vertex 26.9605 14.5581 2.5000
    endloop
  endfacet
  facet normal -0.273655 0.961828 0.000000
    outer loop
      vertex 26.8887 14.5485 0.5000
      vertex 26.8191 14.5287 0.5000
      vertex 26.8191 14.5287 2.5000
    endloop
  endfacet
  facet normal -0.273655 0.961828 0.000000
    outer loop
      vertex 26.8887 14.5485 0.5000
      vertex 26.8191 14.5287 2.5000
      vertex 26.8887 14.5485 2.5000
    endloop
  endfacet
  facet normal -0.342603 0.939480 0.000000
    outer loop
      vertex 26.8191 14.5287 0.5000
      vertex 25.9365 14.2069 0.5000
      vertex 25.9365 14.2069 2.5000
    endloop
  endfacet
  facet normal -0.342603 0.939480 0.000000
    outer loop
      vertex 26.8191 14.5287 0.5000
      vertex 25.9365 14.2069 2.5000
      vertex 26.8191 14.5287 2.5000
    endloop
  endfacet
  facet normal -0.333721 0.942672 0.000000
    outer loop
      vertex 25.9365 14.2069 0.5000
      vertex 25.9320 14.2053 0.5000
      vertex 25.9320 14.2053 2.5000
    endloop
  endfacet
  facet normal -0.333721 0.942672 0.000000
    outer loop
      vertex 25.9365 14.2069 0.5000
      vertex 25.9320 14.2053 2.5000
      vertex 25.9365 14.2069 2.5000
    endloop
  endfacet
  facet normal -0.321834 0.946796 0.000000
    outer loop
      vertex 25.9320 14.2053 0.5000
      vertex 25.9297 14.2045 0.5000
      vertex 25.9297 14.2045 2.5000
    endloop
  endfacet
  facet normal -0.321834 0.946796 0.000000
    outer loop
      vertex 25.9320 14.2053 0.5000
      vertex 25.9297 14.2045 2.5000
      vertex 25.9320 14.2053 2.5000
    endloop
  endfacet
  facet normal -0.314875 0.949133 0.000000
    outer loop
      vertex 25.9297 14.2045 0.5000
      vertex 24.9917 13.8933 0.5000
      vertex 24.9917 13.8933 2.5000
    endloop
  endfacet
  facet normal -0.314875 0.949133 0.000000
    outer loop
      vertex 25.9297 14.2045 0.5000
      vertex 24.9917 13.8933 2.5000
      vertex 25.9297 14.2045 2.5000
    endloop
  endfacet
  facet normal -0.282886 0.959154 0.000000
    outer loop
      vertex 24.9917 13.8933 0.5000
      vertex 24.9832 13.8908 0.5000
      vertex 24.9832 13.8908 2.5000
    endloop
  endfacet
  facet normal -0.282886 0.959154 0.000000
    outer loop
      vertex 24.9917 13.8933 0.5000
      vertex 24.9832 13.8908 2.5000
      vertex 24.9917 13.8933 2.5000
    endloop
  endfacet
  facet normal -0.185156 0.982709 0.000000
    outer loop
      vertex 24.9832 13.8908 0.5000
      vertex 24.9641 13.8872 0.5000
      vertex 24.9641 13.8872 2.5000
    endloop
  endfacet
  facet normal -0.185156 0.982709 0.000000
    outer loop
      vertex 24.9832 13.8908 0.5000
      vertex 24.9641 13.8872 2.5000
      vertex 24.9832 13.8908 2.5000
    endloop
  endfacet
  facet normal -0.052112 0.998641 0.000000
    outer loop
      vertex 24.9641 13.8872 0.5000
      vertex 24.9508 13.8865 0.5000
      vertex 24.9508 13.8865 2.5000
    endloop
  endfacet
  facet normal -0.052112 0.998641 0.000000
    outer loop
      vertex 24.9641 13.8872 0.5000
      vertex 24.9508 13.8865 2.5000
      vertex 24.9641 13.8872 2.5000
    endloop
  endfacet
  facet normal 0.081867 0.996643 0.000000
    outer loop
      vertex 24.9508 13.8865 0.5000
      vertex 24.9376 13.8876 0.5000
      vertex 24.9376 13.8876 2.5000
    endloop
  endfacet
  facet normal 0.081867 0.996643 -0.000000
    outer loop
      vertex 24.9508 13.8865 0.5000
      vertex 24.9376 13.8876 2.5000
      vertex 24.9508 13.8865 2.5000
    endloop
  endfacet
  facet normal 0.214376 0.976751 0.000000
    outer loop
      vertex 24.9376 13.8876 0.5000
      vertex 24.9246 13.8904 0.5000
      vertex 24.9246 13.8904 2.5000
    endloop
  endfacet
  facet normal 0.214376 0.976751 -0.000000
    outer loop
      vertex 24.9376 13.8876 0.5000
      vertex 24.9246 13.8904 2.5000
      vertex 24.9376 13.8876 2.5000
    endloop
  endfacet
  facet normal 0.343037 0.939322 0.000000
    outer loop
      vertex 24.9246 13.8904 0.5000
      vertex 24.9121 13.8950 0.5000
      vertex 24.9121 13.8950 2.5000
    endloop
  endfacet
  facet normal 0.343037 0.939322 -0.000000
    outer loop
      vertex 24.9246 13.8904 0.5000
      vertex 24.9121 13.8950 2.5000
      vertex 24.9246 13.8904 2.5000
    endloop
  endfacet
  facet normal 0.465538 0.885028 0.000000
    outer loop
      vertex 24.9121 13.8950 0.5000
      vertex 24.8949 13.9041 0.5000
      vertex 24.8949 13.9041 2.5000
    endloop
  endfacet
  facet normal 0.465538 0.885028 -0.000000
    outer loop
      vertex 24.9121 13.8950 0.5000
      vertex 24.8949 13.9041 2.5000
      vertex 24.9121 13.8950 2.5000
    endloop
  endfacet
  facet normal 0.552044 0.833815 0.000000
    outer loop
      vertex 24.8949 13.9041 0.5000
      vertex 24.8875 13.9090 0.5000
      vertex 24.8875 13.9090 2.5000
    endloop
  endfacet
  facet normal 0.552044 0.833815 -0.000000
    outer loop
      vertex 24.8949 13.9041 0.5000
      vertex 24.8875 13.9090 2.5000
      vertex 24.8949 13.9041 2.5000
    endloop
  endfacet
  facet normal 0.579681 0.814843 0.000000
    outer loop
      vertex 24.8875 13.9090 0.5000
      vertex 24.3518 14.2901 0.5000
      vertex 24.3518 14.2901 2.5000
    endloop
  endfacet
  facet normal 0.579681 0.814843 -0.000000
    outer loop
      vertex 24.8875 13.9090 0.5000
      vertex 24.3518 14.2901 2.5000
      vertex 24.8875 13.9090 2.5000
    endloop
  endfacet
  facet normal 0.608628 0.793456 0.000000
    outer loop
      vertex 24.3518 14.2901 0.5000
      vertex 24.3442 14.2959 0.5000
      vertex 24.3442 14.2959 2.5000
    endloop
  endfacet
  facet normal 0.608628 0.793456 -0.000000
    outer loop
      vertex 24.3518 14.2901 0.5000
      vertex 24.3442 14.2959 2.5000
      vertex 24.3518 14.2901 2.5000
    endloop
  endfacet
  facet normal 0.690593 0.723244 0.000000
    outer loop
      vertex 24.3442 14.2959 0.5000
      vertex 24.3291 14.3103 0.5000
      vertex 24.3291 14.3103 2.5000
    endloop
  endfacet
  facet normal 0.690593 0.723244 -0.000000
    outer loop
      vertex 24.3442 14.2959 0.5000
      vertex 24.3291 14.3103 2.5000
      vertex 24.3442 14.2959 2.5000
    endloop
  endfacet
  facet normal 0.787215 0.616679 0.000000
    outer loop
      vertex 24.3291 14.3103 0.5000
      vertex 24.3203 14.3215 0.5000
      vertex 24.3203 14.3215 2.5000
    endloop
  endfacet
  facet normal 0.787215 0.616679 -0.000000
    outer loop
      vertex 24.3291 14.3103 0.5000
      vertex 24.3203 14.3215 2.5000
      vertex 24.3291 14.3103 2.5000
    endloop
  endfacet
  facet normal 0.867548 0.497354 0.000000
    outer loop
      vertex 24.3203 14.3215 0.5000
      vertex 24.3132 14.3339 0.5000
      vertex 24.3132 14.3339 2.5000
    endloop
  endfacet
  facet normal 0.867548 0.497354 -0.000000
    outer loop
      vertex 24.3203 14.3215 0.5000
      vertex 24.3132 14.3339 2.5000
      vertex 24.3203 14.3215 2.5000
    endloop
  endfacet
  facet normal 0.929929 0.367738 0.000000
    outer loop
      vertex 24.3132 14.3339 0.5000
      vertex 24.3056 14.3533 0.5000
      vertex 24.3056 14.3533 2.5000
    endloop
  endfacet
  facet normal 0.929929 0.367738 -0.000000
    outer loop
      vertex 24.3132 14.3339 0.5000
      vertex 24.3056 14.3533 2.5000
      vertex 24.3132 14.3339 2.5000
    endloop
  endfacet
  facet normal 0.964144 0.265379 0.000000
    outer loop
      vertex 24.3056 14.3533 0.5000
      vertex 24.3030 14.3625 0.5000
      vertex 24.3030 14.3625 2.5000
    endloop
  endfacet
  facet normal 0.964144 0.265379 -0.000000
    outer loop
      vertex 24.3056 14.3533 0.5000
      vertex 24.3030 14.3625 2.5000
      vertex 24.3056 14.3533 2.5000
    endloop
  endfacet
  facet normal 0.973069 0.230513 0.000000
    outer loop
      vertex 24.3030 14.3625 0.5000
      vertex 24.0847 15.2843 0.5000
      vertex 24.0847 15.2843 2.5000
    endloop
  endfacet
  facet normal 0.973069 0.230513 -0.000000
    outer loop
      vertex 24.3030 14.3625 0.5000
      vertex 24.0847 15.2843 2.5000
      vertex 24.3030 14.3625 2.5000
    endloop
  endfacet
  facet normal 0.980022 0.198889 0.000000
    outer loop
      vertex 24.0847 15.2843 0.5000
      vertex 24.0829 15.2927 0.5000
      vertex 24.0829 15.2927 2.5000
    endloop
  endfacet
  facet normal 0.980022 0.198889 -0.000000
    outer loop
      vertex 24.0847 15.2843 0.5000
      vertex 24.0829 15.2927 2.5000
      vertex 24.0847 15.2843 2.5000
    endloop
  endfacet
  facet normal 0.994692 0.102900 0.000000
    outer loop
      vertex 24.0829 15.2927 0.5000
      vertex 24.0804 15.3173 0.5000
      vertex 24.0804 15.3173 2.5000
    endloop
  endfacet
  facet normal 0.994692 0.102900 -0.000000
    outer loop
      vertex 24.0829 15.2927 0.5000
      vertex 24.0804 15.3173 2.5000
      vertex 24.0829 15.2927 2.5000
    endloop
  endfacet
  facet normal 0.999982 0.005940 0.000000
    outer loop
      vertex 24.0804 15.3173 0.5000
      vertex 24.0803 15.3259 0.5000
      vertex 24.0803 15.3259 2.5000
    endloop
  endfacet
  facet normal 0.999982 0.005940 -0.000000
    outer loop
      vertex 24.0804 15.3173 0.5000
      vertex 24.0803 15.3259 2.5000
      vertex 24.0804 15.3173 2.5000
    endloop
  endfacet
  facet normal 0.999650 -0.026437 0.000000
    outer loop
      vertex 24.0803 15.3259 0.5000
      vertex 24.1150 16.6378 0.5000
      vertex 24.1150 16.6378 2.5000
    endloop
  endfacet
  facet normal 0.999650 -0.026437 0.000000
    outer loop
      vertex 24.0803 15.3259 0.5000
      vertex 24.1150 16.6378 2.5000
      vertex 24.0803 15.3259 2.5000
    endloop
  endfacet
  facet normal 0.998473 -0.055243 0.000000
    outer loop
      vertex 24.1150 16.6378 0.5000
      vertex 24.1158 16.6508 0.5000
      vertex 24.1158 16.6508 2.5000
    endloop
  endfacet
  facet normal 0.998473 -0.055243 0.000000
    outer loop
      vertex 24.1150 16.6378 0.5000
      vertex 24.1158 16.6508 2.5000
      vertex 24.1150 16.6378 2.5000
    endloop
  endfacet
  facet normal 0.993630 -0.112692 0.000000
    outer loop
      vertex 24.1158 16.6508 0.5000
      vertex 24.1172 16.6637 0.5000
      vertex 24.1172 16.6637 2.5000
    endloop
  endfacet
  facet normal 0.993630 -0.112692 0.000000
    outer loop
      vertex 24.1158 16.6508 0.5000
      vertex 24.1172 16.6637 2.5000
      vertex 24.1158 16.6508 2.5000
    endloop
  endfacet
  facet normal 0.989969 -0.141288 0.000000
    outer loop
      vertex 24.1172 16.6637 0.5000
      vertex 24.3379 18.2102 0.5000
      vertex 24.3379 18.2102 2.5000
    endloop
  endfacet
  facet normal 0.989969 -0.141288 0.000000
    outer loop
      vertex 24.1172 16.6637 0.5000
      vertex 24.3379 18.2102 2.5000
      vertex 24.1172 16.6637 2.5000
    endloop
  endfacet
  facet normal 0.987600 -0.156989 0.000000
    outer loop
      vertex 24.3379 18.2102 0.5000
      vertex 24.3391 18.2173 0.5000
      vertex 24.3391 18.2173 2.5000
    endloop
  endfacet
  facet normal 0.987600 -0.156989 0.000000
    outer loop
      vertex 24.3379 18.2102 0.5000
      vertex 24.3391 18.2173 2.5000
      vertex 24.3379 18.2102 2.5000
    endloop
  endfacet
  facet normal 0.982118 -0.188269 0.000000
    outer loop
      vertex 24.3391 18.2173 0.5000
      vertex 24.3404 18.2243 0.5000
      vertex 24.3404 18.2243 2.5000
    endloop
  endfacet
  facet normal 0.982118 -0.188269 0.000000
    outer loop
      vertex 24.3391 18.2173 0.5000
      vertex 24.3404 18.2243 2.5000
      vertex 24.3391 18.2173 2.5000
    endloop
  endfacet
  facet normal 0.979004 -0.203839 0.000000
    outer loop
      vertex 24.3404 18.2243 0.5000
      vertex 24.6782 19.8468 0.5000
      vertex 24.6782 19.8468 2.5000
    endloop
  endfacet
  facet normal 0.979004 -0.203839 0.000000
    outer loop
      vertex 24.3404 18.2243 0.5000
      vertex 24.6782 19.8468 2.5000
      vertex 24.3404 18.2243 2.5000
    endloop
  endfacet
  facet normal 0.976311 -0.216373 0.000000
    outer loop
      vertex 24.6782 19.8468 0.5000
      vertex 24.6796 19.8532 0.5000
      vertex 24.6796 19.8532 2.5000
    endloop
  endfacet
  facet normal 0.976311 -0.216373 0.000000
    outer loop
      vertex 24.6782 19.8468 0.5000
      vertex 24.6796 19.8532 2.5000
      vertex 24.6782 19.8468 2.5000
    endloop
  endfacet
  facet normal 0.972470 -0.233028 0.000000
    outer loop
      vertex 24.6796 19.8532 0.5000
      vertex 24.6804 19.8563 0.5000
      vertex 24.6804 19.8563 2.5000
    endloop
  endfacet
  facet normal 0.972470 -0.233028 0.000000
    outer loop
      vertex 24.6796 19.8532 0.5000
      vertex 24.6804 19.8563 2.5000
      vertex 24.6796 19.8532 2.5000
    endloop
  endfacet
  facet normal 0.970098 -0.242713 0.000000
    outer loop
      vertex 24.6804 19.8563 0.5000
      vertex 25.0654 21.3949 0.5000
      vertex 25.0654 21.3949 2.5000
    endloop
  endfacet
  facet normal 0.970098 -0.242713 0.000000
    outer loop
      vertex 24.6804 19.8563 0.5000
      vertex 25.0654 21.3949 2.5000
      vertex 24.6804 19.8563 2.5000
    endloop
  endfacet
  facet normal 0.967936 -0.251197 0.000000
    outer loop
      vertex 25.0654 21.3949 0.5000
      vertex 25.0665 21.3992 0.5000
      vertex 25.0665 21.3992 2.5000
    endloop
  endfacet
  facet normal 0.967936 -0.251197 0.000000
    outer loop
      vertex 25.0654 21.3949 0.5000
      vertex 25.0665 21.3992 2.5000
      vertex 25.0654 21.3949 2.5000
    endloop
  endfacet
  facet normal 0.964938 -0.262479 0.000000
    outer loop
      vertex 25.0665 21.3992 0.5000
      vertex 25.0670 21.4013 0.5000
      vertex 25.0670 21.4013 2.5000
    endloop
  endfacet
  facet normal 0.964938 -0.262479 0.000000
    outer loop
      vertex 25.0665 21.3992 0.5000
      vertex 25.0670 21.4013 2.5000
      vertex 25.0665 21.3992 2.5000
    endloop
  endfacet
  facet normal 0.963123 -0.269061 0.000000
    outer loop
      vertex 25.0670 21.4013 0.5000
      vertex 25.4297 22.6996 0.5000
      vertex 25.4297 22.6996 2.5000
    endloop
  endfacet
  facet normal 0.963123 -0.269061 0.000000
    outer loop
      vertex 25.0670 21.4013 0.5000
      vertex 25.4297 22.6996 2.5000
      vertex 25.0670 21.4013 2.5000
    endloop
  endfacet
  facet normal 0.959463 -0.281836 0.000000
    outer loop
      vertex 25.4297 22.6996 0.5000
      vertex 25.4303 22.7015 0.5000
      vertex 25.4303 22.7015 2.5000
    endloop
  endfacet
  facet normal 0.959463 -0.281836 0.000000
    outer loop
      vertex 25.4297 22.6996 0.5000
      vertex 25.4303 22.7015 2.5000
      vertex 25.4297 22.6996 2.5000
    endloop
  endfacet
  facet normal 0.957667 -0.287878 0.000000
    outer loop
      vertex 25.4303 22.7015 0.5000
      vertex 25.5669 23.1561 0.5000
      vertex 25.5669 23.1561 2.5000
    endloop
  endfacet
  facet normal 0.957667 -0.287878 0.000000
    outer loop
      vertex 25.4303 22.7015 0.5000
      vertex 25.5669 23.1561 2.5000
      vertex 25.4303 22.7015 2.5000
    endloop
  endfacet
  facet normal 0.974687 -0.223576 0.000000
    outer loop
      vertex 25.5669 23.1561 0.5000
      vertex 25.5818 23.2209 0.5000
      vertex 25.5818 23.2209 2.5000
    endloop
  endfacet
  facet normal 0.974687 -0.223576 0.000000
    outer loop
      vertex 25.5669 23.1561 0.5000
      vertex 25.5818 23.2209 2.5000
      vertex 25.5669 23.1561 2.5000
    endloop
  endfacet
  facet normal 0.995732 -0.092292 0.000000
    outer loop
      vertex 25.5818 23.2209 0.5000
      vertex 25.5879 23.2871 0.5000
      vertex 25.5879 23.2871 2.5000
    endloop
  endfacet
  facet normal 0.995732 -0.092292 0.000000
    outer loop
      vertex 25.5818 23.2209 0.5000
      vertex 25.5879 23.2871 2.5000
      vertex 25.5818 23.2209 2.5000
    endloop
  endfacet
  facet normal 0.999175 0.040623 0.000000
    outer loop
      vertex 25.5879 23.2871 0.5000
      vertex 25.5852 23.3535 0.5000
      vertex 25.5852 23.3535 2.5000
    endloop
  endfacet
  facet normal 0.999175 0.040623 -0.000000
    outer loop
      vertex 25.5879 23.2871 0.5000
      vertex 25.5852 23.3535 2.5000
      vertex 25.5879 23.2871 2.5000
    endloop
  endfacet
  facet normal 0.984954 0.172819 0.000000
    outer loop
      vertex 25.5852 23.3535 0.5000
      vertex 25.5737 23.4190 0.5000
      vertex 25.5737 23.4190 2.5000
    endloop
  endfacet
  facet normal 0.984954 0.172819 -0.000000
    outer loop
      vertex 25.5852 23.3535 0.5000
      vertex 25.5737 23.4190 2.5000
      vertex 25.5852 23.3535 2.5000
    endloop
  endfacet
  facet normal 0.953320 0.301961 0.000000
    outer loop
      vertex 25.5737 23.4190 0.5000
      vertex 25.5537 23.4823 0.5000
      vertex 25.5537 23.4823 2.5000
    endloop
  endfacet
  facet normal 0.953320 0.301961 -0.000000
    outer loop
      vertex 25.5737 23.4190 0.5000
      vertex 25.5537 23.4823 2.5000
      vertex 25.5737 23.4190 2.5000
    endloop
  endfacet
  facet normal 0.904834 0.425765 0.000000
    outer loop
      vertex 25.5537 23.4823 0.5000
      vertex 25.5254 23.5425 0.5000
      vertex 25.5254 23.5425 2.5000
    endloop
  endfacet
  facet normal 0.904834 0.425765 -0.000000
    outer loop
      vertex 25.5537 23.4823 0.5000
      vertex 25.5254 23.5425 2.5000
      vertex 25.5537 23.4823 2.5000
    endloop
  endfacet
  facet normal 0.840352 0.542041 0.000000
    outer loop
      vertex 25.5254 23.5425 0.5000
      vertex 25.4893 23.5984 0.5000
      vertex 25.4893 23.5984 2.5000
    endloop
  endfacet
  facet normal 0.840352 0.542041 -0.000000
    outer loop
      vertex 25.5254 23.5425 0.5000
      vertex 25.4893 23.5984 2.5000
      vertex 25.5254 23.5425 2.5000
    endloop
  endfacet
  facet normal 0.761014 0.648736 0.000000
    outer loop
      vertex 25.4893 23.5984 0.5000
      vertex 25.4462 23.6489 0.5000
      vertex 25.4462 23.6489 2.5000
    endloop
  endfacet
  facet normal 0.761014 0.648736 -0.000000
    outer loop
      vertex 25.4893 23.5984 0.5000
      vertex 25.4462 23.6489 2.5000
      vertex 25.4893 23.5984 2.5000
    endloop
  endfacet
  facet normal 0.668222 0.743962 0.000000
    outer loop
      vertex 25.4462 23.6489 0.5000
      vertex 25.3967 23.6934 0.5000
      vertex 25.3967 23.6934 2.5000
    endloop
  endfacet
  facet normal 0.668222 0.743962 -0.000000
    outer loop
      vertex 25.4462 23.6489 0.5000
      vertex 25.3967 23.6934 2.5000
      vertex 25.4462 23.6489 2.5000
    endloop
  endfacet
  facet normal 0.563618 0.826036 0.000000
    outer loop
      vertex 25.3967 23.6934 0.5000
      vertex 25.3418 23.7308 0.5000
      vertex 25.3418 23.7308 2.5000
    endloop
  endfacet
  facet normal 0.563618 0.826036 -0.000000
    outer loop
      vertex 25.3967 23.6934 0.5000
      vertex 25.3418 23.7308 2.5000
      vertex 25.3967 23.6934 2.5000
    endloop
  endfacet
  facet normal 0.449050 0.893507 0.000000
    outer loop
      vertex 25.3418 23.7308 0.5000
      vertex 25.2824 23.7607 0.5000
      vertex 25.2824 23.7607 2.5000
    endloop
  endfacet
  facet normal 0.449050 0.893507 -0.000000
    outer loop
      vertex 25.3418 23.7308 0.5000
      vertex 25.2824 23.7607 2.5000
      vertex 25.3418 23.7308 2.5000
    endloop
  endfacet
  facet normal 0.326543 0.945182 0.000000
    outer loop
      vertex 25.2824 23.7607 0.5000
      vertex 25.2196 23.7824 0.5000
      vertex 25.2196 23.7824 2.5000
    endloop
  endfacet
  facet normal 0.326543 0.945182 -0.000000
    outer loop
      vertex 25.2824 23.7607 0.5000
      vertex 25.2196 23.7824 2.5000
      vertex 25.2824 23.7607 2.5000
    endloop
  endfacet
  facet normal 0.198264 0.980149 0.000000
    outer loop
      vertex 25.2196 23.7824 0.5000
      vertex 25.1544 23.7956 0.5000
      vertex 25.1544 23.7956 2.5000
    endloop
  endfacet
  facet normal 0.198264 0.980149 -0.000000
    outer loop
      vertex 25.2196 23.7824 0.5000
      vertex 25.1544 23.7956 2.5000
      vertex 25.2196 23.7824 2.5000
    endloop
  endfacet
  facet normal 0.066480 0.997788 0.000000
    outer loop
      vertex 25.1544 23.7956 0.5000
      vertex 25.0881 23.8000 0.5000
      vertex 25.0881 23.8000 2.5000
    endloop
  endfacet
  facet normal 0.066480 0.997788 -0.000000
    outer loop
      vertex 25.1544 23.7956 0.5000
      vertex 25.0881 23.8000 2.5000
      vertex 25.1544 23.7956 2.5000
    endloop
  endfacet
  facet normal 0.000000 1.000000 0.000000
    outer loop
      vertex 25.0881 23.8000 0.5000
      vertex 0.5000 23.8000 0.5000
      vertex 0.5000 23.8000 2.5000
    endloop
  endfacet
  facet normal 0.000000 1.000000 -0.000000
    outer loop
      vertex 25.0881 23.8000 0.5000
      vertex 0.5000 23.8000 2.5000
      vertex 25.0881 23.8000 2.5000
    endloop
  endfacet
  facet normal -0.065403 0.997859 0.000000
    outer loop
      vertex 0.5000 23.8000 0.5000
      vertex 0.4347 23.7957 0.5000
      vertex 0.4347 23.7957 2.5000
    endloop
  endfacet
  facet normal -0.065403 0.997859 0.000000
    outer loop
      vertex 0.5000 23.8000 0.5000
      vertex 0.4347 23.7957 2.5000
      vertex 0.5000 23.8000 2.5000
    endloop
  endfacet
  facet normal -0.195090 0.980785 0.000000
    outer loop
      vertex 0.4347 23.7957 0.5000
      vertex 0.3706 23.7830 0.5000
      vertex 0.3706 23.7830 2.5000
    endloop
  endfacet
  facet normal -0.195090 0.980785 0.000000
    outer loop
      vertex 0.4347 23.7957 0.5000
      vertex 0.3706 23.7830 2.5000
      vertex 0.4347 23.7957 2.5000
    endloop
  endfacet
  facet normal -0.321439 0.946930 0.000000
    outer loop
      vertex 0.3706 23.7830 0.5000
      vertex 0.3087 23.7619 0.5000
      vertex 0.3087 23.7619 2.5000
    endloop
  endfacet
  facet normal -0.321439 0.946930 0.000000
    outer loop
      vertex 0.3706 23.7830 0.5000
      vertex 0.3087 23.7619 2.5000
      vertex 0.3706 23.7830 2.5000
    endloop
  endfacet
  facet normal -0.442289 0.896873 0.000000
    outer loop
      vertex 0.3087 23.7619 0.5000
      vertex 0.2500 23.7330 0.5000
      vertex 0.2500 23.7330 2.5000
    endloop
  endfacet
  facet normal -0.442289 0.896873 0.000000
    outer loop
      vertex 0.3087 23.7619 0.5000
      vertex 0.2500 23.7330 2.5000
      vertex 0.3087 23.7619 2.5000
    endloop
  endfacet
  facet normal -0.555570 0.831470 0.000000
    outer loop
      vertex 0.2500 23.7330 0.5000
      vertex 0.1956 23.6967 0.5000
      vertex 0.1956 23.6967 2.5000
    endloop
  endfacet
  facet normal -0.555570 0.831470 0.000000
    outer loop
      vertex 0.2500 23.7330 0.5000
      vertex 0.1956 23.6967 2.5000
      vertex 0.2500 23.7330 2.5000
    endloop
  endfacet
  facet normal -0.659346 0.751840 0.000000
    outer loop
      vertex 0.1956 23.6967 0.5000
      vertex 0.1464 23.6536 0.5000
      vertex 0.1464 23.6536 2.5000
    endloop
  endfacet
  facet normal -0.659346 0.751840 0.000000
    outer loop
      vertex 0.1956 23.6967 0.5000
      vertex 0.1464 23.6536 2.5000
      vertex 0.1956 23.6967 2.5000
    endloop
  endfacet
  facet normal -0.751840 0.659346 0.000000
    outer loop
      vertex 0.1464 23.6536 0.5000
      vertex 0.1033 23.6044 0.5000
      vertex 0.1033 23.6044 2.5000
    endloop
  endfacet
  facet normal -0.751840 0.659346 0.000000
    outer loop
      vertex 0.1464 23.6536 0.5000
      vertex 0.1033 23.6044 2.5000
      vertex 0.1464 23.6536 2.5000
    endloop
  endfacet
  facet normal -0.831470 0.555570 0.000000
    outer loop
      vertex 0.1033 23.6044 0.5000
      vertex 0.0670 23.5500 0.5000
      vertex 0.0670 23.5500 2.5000
    endloop
  endfacet
  facet normal -0.831470 0.555570 0.000000
    outer loop
      vertex 0.1033 23.6044 0.5000
      vertex 0.0670 23.5500 2.5000
      vertex 0.1033 23.6044 2.5000
    endloop
  endfacet
  facet normal -0.896873 0.442289 0.000000
    outer loop
      vertex 0.0670 23.5500 0.5000
      vertex 0.0381 23.4913 0.5000
      vertex 0.0381 23.4913 2.5000
    endloop
  endfacet
  facet normal -0.896873 0.442289 0.000000
    outer loop
      vertex 0.0670 23.5500 0.5000
      vertex 0.0381 23.4913 2.5000
      vertex 0.0670 23.5500 2.5000
    endloop
  endfacet
  facet normal -0.946930 0.321439 0.000000
    outer loop
      vertex 0.0381 23.4913 0.5000
      vertex 0.0170 23.4294 0.5000
      vertex 0.0170 23.4294 2.5000
    endloop
  endfacet
  facet normal -0.946930 0.321439 0.000000
    outer loop
      vertex 0.0381 23.4913 0.5000
      vertex 0.0170 23.4294 2.5000
      vertex 0.0381 23.4913 2.5000
    endloop
  endfacet
  facet normal -0.980785 0.195090 0.000000
    outer loop
      vertex 0.0170 23.4294 0.5000
      vertex 0.0043 23.3653 0.5000
      vertex 0.0043 23.3653 2.5000
    endloop
  endfacet
  facet normal -0.980785 0.195090 0.000000
    outer loop
      vertex 0.0170 23.4294 0.5000
      vertex 0.0043 23.3653 2.5000
      vertex 0.0170 23.4294 2.5000
    endloop
  endfacet
  facet normal -0.997859 0.065403 0.000000
    outer loop
      vertex 0.0043 23.3653 0.5000
      vertex 0.0000 23.3000 0.5000
      vertex 0.0000 23.3000 2.5000
    endloop
  endfacet
  facet normal -0.997859 0.065403 0.000000
    outer loop
      vertex 0.0043 23.3653 0.5000
      vertex 0.0000 23.3000 2.5000
      vertex 0.0043 23.3653 2.5000
    endloop
  endfacet
  facet normal -1.000000 0.000000 0.000000
    outer loop
      vertex 0.0000 23.3000 0.5000
      vertex 0.0000 0.5000 0.5000
      vertex 0.0000 0.5000 2.5000
    endloop
  endfacet
  facet normal -1.000000 0.000000 0.000000
    outer loop
      vertex 0.0000 23.3000 0.5000
      vertex 0.0000 0.5000 2.5000
      vertex 0.0000 23.3000 2.5000
    endloop
  endfacet
  facet normal -0.997859 -0.065403 0.000000
    outer loop
      vertex 0.0000 0.5000 0.5000
      vertex 0.0043 0.4347 0.5000
      vertex 0.0043 0.4347 2.5000
    endloop
  endfacet
  facet normal -0.997859 -0.065403 0.000000
    outer loop
      vertex 0.0000 0.5000 0.5000
      vertex 0.0043 0.4347 2.5000
      vertex 0.0000 0.5000 2.5000
    endloop
  endfacet
  facet normal -0.980785 -0.195090 0.000000
    outer loop
      vertex 0.0043 0.4347 0.5000
      vertex 0.0170 0.3706 0.5000
      vertex 0.0170 0.3706 2.5000
    endloop
  endfacet
  facet normal -0.980785 -0.195090 0.000000
    outer loop
      vertex 0.0043 0.4347 0.5000
      vertex 0.0170 0.3706 2.5000
      vertex 0.0043 0.4347 2.5000
    endloop
  endfacet
  facet normal -0.946930 -0.321439 0.000000
    outer loop
      vertex 0.0170 0.3706 0.5000
      vertex 0.0381 0.3087 0.5000
      vertex 0.0381 0.3087 2.5000
    endloop
  endfacet
  facet normal -0.946930 -0.321439 0.000000
    outer loop
      vertex 0.0170 0.3706 0.5000
      vertex 0.0381 0.3087 2.5000
      vertex 0.0170 0.3706 2.5000
    endloop
  endfacet
  facet normal -0.896873 -0.442289 0.000000
    outer loop
      vertex 0.0381 0.3087 0.5000
      vertex 0.0670 0.2500 0.5000
      vertex 0.0670 0.2500 2.5000
    endloop
  endfacet
  facet normal -0.896873 -0.442289 0.000000
    outer loop
      vertex 0.0381 0.3087 0.5000
      vertex 0.0670 0.2500 2.5000
      vertex 0.0381 0.3087 2.5000
    endloop
  endfacet
  facet normal -0.831470 -0.555570 0.000000
    outer loop
      vertex 0.0670 0.2500 0.5000
      vertex 0.1033 0.1956 0.5000
      vertex 0.1033 0.1956 2.5000
    endloop
  endfacet
  facet normal -0.831470 -0.555570 0.000000
    outer loop
      vertex 0.0670 0.2500 0.5000
      vertex 0.1033 0.1956 2.5000
      vertex 0.0670 0.2500 2.5000
    endloop
  endfacet
  facet normal -0.751840 -0.659346 0.000000
    outer loop
      vertex 0.1033 0.1956 0.5000
      vertex 0.1464 0.1464 0.5000
      vertex 0.1464 0.1464 2.5000
    endloop
  endfacet
  facet normal -0.751840 -0.659346 0.000000
    outer loop
      vertex 0.1033 0.1956 0.5000
      vertex 0.1464 0.1464 2.5000
      vertex 0.1033 0.1956 2.5000
    endloop
  endfacet
  facet normal -0.659346 -0.751840 0.000000
    outer loop
      vertex 0.1464 0.1464 0.5000
      vertex 0.1956 0.1033 0.5000
      vertex 0.1956 0.1033 2.5000
    endloop
  endfacet
  facet normal -0.659346 -0.751840 0.000000
    outer loop
      vertex 0.1464 0.1464 0.5000
      vertex 0.1956 0.1033 2.5000
      vertex 0.1464 0.1464 2.5000
    endloop
  endfacet
  facet normal -0.555570 -0.831470 0.000000
    outer loop
      vertex 0.1956 0.1033 0.5000
      vertex 0.2500 0.0670 0.5000
      vertex 0.2500 0.0670 2.5000
    endloop
  endfacet
  facet normal -0.555570 -0.831470 0.000000
    outer loop
      vertex 0.1956 0.1033 0.5000
      vertex 0.2500 0.0670 2.5000
      vertex 0.1956 0.1033 2.5000
    endloop
  endfacet
  facet normal -0.442289 -0.896873 0.000000
    outer loop
      vertex 0.2500 0.0670 0.5000
      vertex 0.3087 0.0381 0.5000
      vertex 0.3087 0.0381 2.5000
    endloop
  endfacet
  facet normal -0.442289 -0.896873 0.000000
    outer loop
      vertex 0.2500 0.0670 0.5000
      vertex 0.3087 0.0381 2.5000
      vertex 0.2500 0.0670 2.5000
    endloop
  endfacet
  facet normal -0.321439 -0.946930 0.000000
    outer loop
      vertex 0.3087 0.0381 0.5000
      vertex 0.3706 0.0170 0.5000
      vertex 0.3706 0.0170 2.5000
    endloop
  endfacet
  facet normal -0.321439 -0.946930 0.000000
    outer loop
      vertex 0.3087 0.0381 0.5000
      vertex 0.3706 0.0170 2.5000
      vertex 0.3087 0.0381 2.5000
    endloop
  endfacet
  facet normal -0.195090 -0.980785 0.000000
    outer loop
      vertex 0.3706 0.0170 0.5000
      vertex 0.4347 0.0043 0.5000
      vertex 0.4347 0.0043 2.5000
    endloop
  endfacet
  facet normal -0.195090 -0.980785 0.000000
    outer loop
      vertex 0.3706 0.0170 0.5000
      vertex 0.4347 0.0043 2.5000
      vertex 0.3706 0.0170 2.5000
    endloop
  endfacet
  facet normal -0.065403 -0.997859 0.000000
    outer loop
      vertex 0.4347 0.0043 0.5000
      vertex 0.5000 0.0000 0.5000
      vertex 0.5000 0.0000 2.5000
    endloop
  endfacet
  facet normal -0.065403 -0.997859 0.000000
    outer loop
      vertex 0.4347 0.0043 0.5000
      vertex 0.5000 0.0000 2.5000
      vertex 0.4347 0.0043 2.5000
    endloop
  endfacet
  facet normal 0.000000 -1.000000 0.000000
    outer loop
      vertex 0.5000 0.0000 0.5000
      vertex 25.0881 0.0000 0.5000
      vertex 25.0881 0.0000 2.5000
    endloop
  endfacet
  facet normal 0.000000 -1.000000 0.000000
    outer loop
      vertex 0.5000 0.0000 0.5000
      vertex 25.0881 0.0000 2.5000
      vertex 0.5000 0.0000 2.5000
    endloop
  endfacet
  facet normal 0.066478 -0.997788 0.000000
    outer loop
      vertex 25.0881 0.0000 0.5000
      vertex 25.1544 0.0044 0.5000
      vertex 25.1544 0.0044 2.5000
    endloop
  endfacet
  facet normal 0.066478 -0.997788 0.000000
    outer loop
      vertex 25.0881 0.0000 0.5000
      vertex 25.1544 0.0044 2.5000
      vertex 25.0881 0.0000 2.5000
    endloop
  endfacet
  facet normal 0.198259 -0.980150 0.000000
    outer loop
      vertex 25.1544 0.0044 0.5000
      vertex 25.2196 0.0176 0.5000
      vertex 25.2196 0.0176 2.5000
    endloop
  endfacet
  facet normal 0.198259 -0.980150 0.000000
    outer loop
      vertex 25.1544 0.0044 0.5000
      vertex 25.2196 0.0176 2.5000
      vertex 25.1544 0.0044 2.5000
    endloop
  endfacet
  facet normal 0.326535 -0.945185 0.000000
    outer loop
      vertex 25.2196 0.0176 0.5000
      vertex 25.2824 0.0393 0.5000
      vertex 25.2824 0.0393 2.5000
    endloop
  endfacet
  facet normal 0.326535 -0.945185 0.000000
    outer loop
      vertex 25.2196 0.0176 0.5000
      vertex 25.2824 0.0393 2.5000
      vertex 25.2196 0.0176 2.5000
    endloop
  endfacet
  facet normal 0.449039 -0.893512 0.000000
    outer loop
      vertex 25.2824 0.0393 0.5000
      vertex 25.3418 0.0692 0.5000
      vertex 25.3418 0.0692 2.5000
    endloop
  endfacet
  facet normal 0.449039 -0.893512 0.000000
    outer loop
      vertex 25.2824 0.0393 0.5000
      vertex 25.3418 0.0692 2.5000
      vertex 25.2824 0.0393 2.5000
    endloop
  endfacet
  facet normal 0.563605 -0.826045 0.000000
    outer loop
      vertex 25.3418 0.0692 0.5000
      vertex 25.3967 0.1066 0.5000
      vertex 25.3967 0.1066 2.5000
    endloop
  endfacet
  facet normal 0.563605 -0.826045 0.000000
    outer loop
      vertex 25.3418 0.0692 0.5000
      vertex 25.3967 0.1066 2.5000
      vertex 25.3418 0.0692 2.5000
    endloop
  endfacet
  facet normal 0.668208 -0.743975 0.000000
    outer loop
      vertex 25.3967 0.1066 0.5000
      vertex 25.4462 0.1510 0.5000
      vertex 25.4462 0.1510 2.5000
    endloop
  endfacet
  facet normal 0.668208 -0.743975 0.000000
    outer loop
      vertex 25.3967 0.1066 0.5000
      vertex 25.4462 0.1510 2.5000
      vertex 25.3967 0.1066 2.5000
    endloop
  endfacet
  facet normal 0.760999 -0.648753 0.000000
    outer loop
      vertex 25.4462 0.1510 0.5000
      vertex 25.4893 0.2016 0.5000
      vertex 25.4893 0.2016 2.5000
    endloop
  endfacet
  facet normal 0.760999 -0.648753 0.000000
    outer loop
      vertex 25.4462 0.1510 0.5000
      vertex 25.4893 0.2016 2.5000
      vertex 25.4462 0.1510 2.5000
    endloop
  endfacet
  facet normal 0.840337 -0.542064 0.000000
    outer loop
      vertex 25.4893 0.2016 0.5000
      vertex 25.5254 0.2575 0.5000
      vertex 25.5254 0.2575 2.5000
    endloop
  endfacet
  facet normal 0.840337 -0.542064 0.000000
    outer loop
      vertex 25.4893 0.2016 0.5000
      vertex 25.5254 0.2575 2.5000
      vertex 25.4893 0.2016 2.5000
    endloop
  endfacet
  facet normal 0.904821 -0.425792 0.000000
    outer loop
      vertex 25.5254 0.2575 0.5000
      vertex 25.5537 0.3177 0.5000
      vertex 25.5537 0.3177 2.5000
    endloop
  endfacet
  facet normal 0.904821 -0.425792 0.000000
    outer loop
      vertex 25.5254 0.2575 0.5000
      vertex 25.5537 0.3177 2.5000
      vertex 25.5254 0.2575 2.5000
    endloop
  endfacet
  facet normal 0.953310 -0.301993 0.000000
    outer loop
      vertex 25.5537 0.3177 0.5000
      vertex 25.5737 0.3810 0.5000
      vertex 25.5737 0.3810 2.5000
    endloop
  endfacet
  facet normal 0.953310 -0.301993 0.000000
    outer loop
      vertex 25.5537 0.3177 0.5000
      vertex 25.5737 0.3810 2.5000
      vertex 25.5537 0.3177 2.5000
    endloop
  endfacet
  facet normal 0.984947 -0.172856 0.000000
    outer loop
      vertex 25.5737 0.3810 0.5000
      vertex 25.5852 0.4465 0.5000
      vertex 25.5852 0.4465 2.5000
    endloop
  endfacet
  facet normal 0.984947 -0.172856 0.000000
    outer loop
      vertex 25.5737 0.3810 0.5000
      vertex 25.5852 0.4465 2.5000
      vertex 25.5737 0.3810 2.5000
    endloop
  endfacet
  facet normal 0.999173 -0.040664 0.000000
    outer loop
      vertex 25.5852 0.4465 0.5000
      vertex 25.5879 0.5129 0.5000
      vertex 25.5879 0.5129 2.5000
    endloop
  endfacet
  facet normal 0.999173 -0.040664 0.000000
    outer loop
      vertex 25.5852 0.4465 0.5000
      vertex 25.5879 0.5129 2.5000
      vertex 25.5852 0.4465 2.5000
    endloop
  endfacet
  facet normal 0.995736 0.092248 0.000000
    outer loop
      vertex 25.5879 0.5129 0.5000
      vertex 25.5818 0.5791 0.5000
      vertex 25.5818 0.5791 2.5000
    endloop
  endfacet
  facet normal 0.995736 0.092248 -0.000000
    outer loop
      vertex 25.5879 0.5129 0.5000
      vertex 25.5818 0.5791 2.5000
      vertex 25.5879 0.5129 2.5000
    endloop
  endfacet
  facet normal 0.974697 0.223529 0.000000
    outer loop
      vertex 25.5818 0.5791 0.5000
      vertex 25.5669 0.6439 0.5000
      vertex 25.5669 0.6439 2.5000
    endloop
  endfacet
  facet normal 0.974697 0.223529 -0.000000
    outer loop
      vertex 25.5818 0.5791 0.5000
      vertex 25.5669 0.6439 2.5000
      vertex 25.5818 0.5791 2.5000
    endloop
  endfacet
  facet normal 0.957682 0.287830 0.000000
    outer loop
      vertex 25.5669 0.6439 0.5000
      vertex 25.4294 1.1015 0.5000
      vertex 25.4294 1.1015 2.5000
    endloop
  endfacet
  facet normal 0.957682 0.287830 -0.000000
    outer loop
      vertex 25.5669 0.6439 0.5000
      vertex 25.4294 1.1015 2.5000
      vertex 25.5669 0.6439 2.5000
    endloop
  endfacet
  facet normal 0.961413 0.275109 0.000000
    outer loop
      vertex 25.4294 1.1015 0.5000
      vertex 25.4289 1.1034 0.5000
      vertex 25.4289 1.1034 2.5000
    endloop
  endfacet
  facet normal 0.961413 0.275109 -0.000000
    outer loop
      vertex 25.4294 1.1015 0.5000
      vertex 25.4289 1.1034 2.5000
      vertex 25.4294 1.1015 2.5000
    endloop
  endfacet
  facet normal 0.963128 0.269044 0.000000
    outer loop
      vertex 25.4289 1.1034 0.5000
      vertex 25.0672 2.3982 0.5000
      vertex 25.0672 2.3982 2.5000
    endloop
  endfacet
  facet normal 0.963128 0.269044 -0.000000
    outer loop
      vertex 25.4289 1.1034 0.5000
      vertex 25.0672 2.3982 2.5000
      vertex 25.4289 1.1034 2.5000
    endloop
  endfacet
  facet normal 0.965447 0.260601 0.000000
    outer loop
      vertex 25.0672 2.3982 0.5000
      vertex 25.0660 2.4025 0.5000
      vertex 25.0660 2.4025 2.5000
    endloop
  endfacet
  facet normal 0.965447 0.260601 -0.000000
    outer loop
      vertex 25.0672 2.3982 0.5000
      vertex 25.0660 2.4025 2.5000
      vertex 25.0672 2.3982 2.5000
    endloop
  endfacet
  facet normal 0.968423 0.249313 0.000000
    outer loop
      vertex 25.0660 2.4025 0.5000
      vertex 25.0655 2.4046 0.5000
      vertex 25.0655 2.4046 2.5000
    endloop
  endfacet
  facet normal 0.968423 0.249313 -0.000000
    outer loop
      vertex 25.0660 2.4025 0.5000
      vertex 25.0655 2.4046 2.5000
      vertex 25.0660 2.4025 2.5000
    endloop
  endfacet
  facet normal 0.970098 0.242713 0.000000
    outer loop
      vertex 25.0655 2.4046 0.5000
      vertex 24.6806 3.9430 0.5000
      vertex 24.6806 3.9430 2.5000
    endloop
  endfacet
  facet normal 0.970098 0.242713 -0.000000
    outer loop
      vertex 25.0655 2.4046 0.5000
      vertex 24.6806 3.9430 2.5000
      vertex 25.0655 2.4046 2.5000
    endloop
  endfacet
  facet normal 0.973130 0.230257 0.000000
    outer loop
      vertex 24.6806 3.9430 0.5000
      vertex 24.6791 3.9493 0.5000
      vertex 24.6791 3.9493 2.5000
    endloop
  endfacet
  facet normal 0.973130 0.230257 -0.000000
    outer loop
      vertex 24.6806 3.9430 0.5000
      vertex 24.6791 3.9493 2.5000
      vertex 24.6806 3.9430 2.5000
    endloop
  endfacet
  facet normal 0.976923 0.213590 0.000000
    outer loop
      vertex 24.6791 3.9493 0.5000
      vertex 24.6784 3.9525 0.5000
      vertex 24.6784 3.9525 2.5000
    endloop
  endfacet
  facet normal 0.976923 0.213590 -0.000000
    outer loop
      vertex 24.6791 3.9493 0.5000
      vertex 24.6784 3.9525 2.5000
      vertex 24.6791 3.9493 2.5000
    endloop
  endfacet
  facet normal 0.979004 0.203839 0.000000
    outer loop
      vertex 24.6784 3.9525 0.5000
      vertex 24.3404 5.5757 0.5000
      vertex 24.3404 5.5757 2.5000
    endloop
  endfacet
  facet normal 0.979004 0.203839 -0.000000
    outer loop
      vertex 24.6784 3.9525 0.5000
      vertex 24.3404 5.5757 2.5000
      vertex 24.6784 3.9525 2.5000
    endloop
  endfacet
  facet normal 0.982118 0.188269 0.000000
    outer loop
      vertex 24.3404 5.5757 0.5000
      vertex 24.3391 5.5827 0.5000
      vertex 24.3391 5.5827 2.5000
    endloop
  endfacet
  facet normal 0.982118 0.188269 -0.000000
    outer loop
      vertex 24.3404 5.5757 0.5000
      vertex 24.3391 5.5827 2.5000
      vertex 24.3404 5.5757 2.5000
    endloop
  endfacet
  facet normal 0.987600 0.156989 0.000000
    outer loop
      vertex 24.3391 5.5827 0.5000
      vertex 24.3379 5.5898 0.5000
      vertex 24.3379 5.5898 2.5000
    endloop
  endfacet
  facet normal 0.987600 0.156989 -0.000000
    outer loop
      vertex 24.3391 5.5827 0.5000
      vertex 24.3379 5.5898 2.5000
      vertex 24.3391 5.5827 2.5000
    endloop
  endfacet
  facet normal 0.989969 0.141288 0.000000
    outer loop
      vertex 24.3379 5.5898 0.5000
      vertex 24.1172 7.1363 0.5000
      vertex 24.1172 7.1363 2.5000
    endloop
  endfacet
  facet normal 0.989969 0.141288 -0.000000
    outer loop
      vertex 24.3379 5.5898 0.5000
      vertex 24.1172 7.1363 2.5000
      vertex 24.3379 5.5898 2.5000
    endloop
  endfacet
  facet normal 0.993630 0.112692 0.000000
    outer loop
      vertex 24.1172 7.1363 0.5000
      vertex 24.1158 7.1492 0.5000
      vertex 24.1158 7.1492 2.5000
    endloop
  endfacet
  facet normal 0.993630 0.112692 -0.000000
    outer loop
      vertex 24.1172 7.1363 0.5000
      vertex 24.1158 7.1492 2.5000
      vertex 24.1172 7.1363 2.5000
    endloop
  endfacet
  facet normal 0.998473 0.055243 0.000000
    outer loop
      vertex 24.1158 7.1492 0.5000
      vertex 24.1150 7.1622 0.5000
      vertex 24.1150 7.1622 2.5000
    endloop
  endfacet
  facet normal 0.998473 0.055243 -0.000000
    outer loop
      vertex 24.1158 7.1492 0.5000
      vertex 24.1150 7.1622 2.5000
      vertex 24.1158 7.1492 2.5000
    endloop
  endfacet
  facet normal 0.999650 0.026437 0.000000
    outer loop
      vertex 24.1150 7.1622 0.5000
      vertex 24.0803 8.4741 0.5000
      vertex 24.0803 8.4741 2.5000
    endloop
  endfacet
  facet normal 0.999650 0.026437 -0.000000
    outer loop
      vertex 24.1150 7.1622 0.5000
      vertex 24.0803 8.4741 2.5000
      vertex 24.1150 7.1622 2.5000
    endloop
  endfacet
  facet normal 0.999982 -0.005940 0.000000
    outer loop
      vertex 24.0803 8.4741 0.5000
      vertex 24.0804 8.4827 0.5000
      vertex 24.0804 8.4827 2.5000
    endloop
  endfacet
  facet normal 0.999982 -0.005940 0.000000
    outer loop
      vertex 24.0803 8.4741 0.5000
      vertex 24.0804 8.4827 2.5000
      vertex 24.0803 8.4741 2.5000
    endloop
  endfacet
  facet normal 0.994692 -0.102900 0.000000
    outer loop
      vertex 24.0804 8.4827 0.5000
      vertex 24.0829 8.5073 0.5000
      vertex 24.0829 8.5073 2.5000
    endloop
  endfacet
  facet normal 0.994692 -0.102900 0.000000
    outer loop
      vertex 24.0804 8.4827 0.5000
      vertex 24.0829 8.5073 2.5000
      vertex 24.0804 8.4827 2.5000
    endloop
  endfacet
  facet normal 0.921391 -0.186990 0.340694
    outer loop
      vertex 24.0829 8.5073 2.5000
      vertex 24.0847 8.5157 2.5000
      vertex 23.9414 8.7206 3.0000
    endloop
  endfacet
  facet normal 0.930139 -0.158744 0.331122
    outer loop
      vertex 24.0829 8.5073 2.5000
      vertex 23.9414 8.7206 3.0000
      vertex 23.9399 8.7124 3.0000
    endloop
  endfacet
  facet normal 0.893338 -0.211625 0.396436
    outer loop
      vertex 24.0847 8.5157 2.5000
      vertex 24.3030 9.4375 2.5000
      vertex 24.1220 9.6099 3.0000
    endloop
  endfacet
  facet normal 0.921347 -0.187128 0.340738
    outer loop
      vertex 24.0847 8.5157 2.5000
      vertex 24.1220 9.6099 3.0000
      vertex 23.9414 8.7206 3.0000
    endloop
  endfacet
  facet normal 0.882116 -0.242801 0.403633
    outer loop
      vertex 24.3030 9.4375 2.5000
      vertex 24.3056 9.4467 2.5000
      vertex 24.1241 9.6187 3.0000
    endloop
  endfacet
  facet normal 0.891805 -0.216154 0.397443
    outer loop
      vertex 24.3030 9.4375 2.5000
      vertex 24.1241 9.6187 3.0000
      vertex 24.1220 9.6099 3.0000
    endloop
  endfacet
  facet normal 0.843236 -0.333455 0.421617
    outer loop
      vertex 24.3056 9.4467 2.5000
      vertex 24.3132 9.4661 2.5000
      vertex 24.1308 9.6371 3.0000
    endloop
  endfacet
  facet normal 0.853453 -0.312394 0.417167
    outer loop
      vertex 24.3056 9.4467 2.5000
      vertex 24.1308 9.6371 3.0000
      vertex 24.1241 9.6187 3.0000
    endloop
  endfacet
  facet normal 0.779978 -0.447152 0.437824
    outer loop
      vertex 24.3132 9.4661 2.5000
      vertex 24.3203 9.4785 2.5000
      vertex 24.1373 9.6487 3.0000
    endloop
  endfacet
  facet normal 0.788118 -0.434436 0.436045
    outer loop
      vertex 24.3132 9.4661 2.5000
      vertex 24.1373 9.6487 3.0000
      vertex 24.1308 9.6371 3.0000
    endloop
  endfacet
  facet normal 0.704565 -0.551934 0.446047
    outer loop
      vertex 24.3203 9.4785 2.5000
      vertex 24.3291 9.4897 2.5000
      vertex 24.1454 9.6592 3.0000
    endloop
  endfacet
  facet normal 0.708112 -0.547631 0.445732
    outer loop
      vertex 24.3203 9.4785 2.5000
      vertex 24.1454 9.6592 3.0000
      vertex 24.1373 9.6487 3.0000
    endloop
  endfacet
  facet normal 0.617979 -0.647197 0.446360
    outer loop
      vertex 24.3291 9.4897 2.5000
      vertex 24.3442 9.5041 2.5000
      vertex 24.1595 9.6725 3.0000
    endloop
  endfacet
  facet normal 0.614737 -0.650264 0.446381
    outer loop
      vertex 24.3291 9.4897 2.5000
      vertex 24.1595 9.6725 3.0000
      vertex 24.1454 9.6592 3.0000
    endloop
  endfacet
  facet normal 0.546121 -0.711966 0.441425
    outer loop
      vertex 24.3442 9.5041 2.5000
      vertex 24.3518 9.5099 2.5000
      vertex 24.1666 9.6779 3.0000
    endloop
  endfacet
  facet normal 0.536902 -0.719373 0.440725
    outer loop
      vertex 24.3442 9.5041 2.5000
      vertex 24.1666 9.6779 3.0000
      vertex 24.1595 9.6725 3.0000
    endloop
  endfacet
  facet normal 0.526054 -0.739461 0.420077
    outer loop
      vertex 24.3518 9.5099 2.5000
      vertex 24.8875 9.8910 2.5000
      vertex 24.6763 10.0248 3.0000
    endloop
  endfacet
  facet normal 0.506076 -0.743478 0.437182
    outer loop
      vertex 24.3518 9.5099 2.5000
      vertex 24.6763 10.0248 3.0000
      vertex 24.1666 9.6779 3.0000
    endloop
  endfacet
  facet normal 0.502313 -0.758700 0.414795
    outer loop
      vertex 24.8875 9.8910 2.5000
      vertex 24.8949 9.8959 2.5000
      vertex 24.6835 10.0293 3.0000
    endloop
  endfacet
  facet normal 0.483082 -0.773148 0.410943
    outer loop
      vertex 24.8875 9.8910 2.5000
      vertex 24.6835 10.0293 3.0000
      vertex 24.6763 10.0248 3.0000
    endloop
  endfacet
  facet normal 0.427394 -0.812512 0.396432
    outer loop
      vertex 24.8949 9.8959 2.5000
      vertex 24.9121 9.9050 2.5000
      vertex 24.7001 10.0374 3.0000
    endloop
  endfacet
  facet normal 0.403506 -0.827106 0.391252
    outer loop
      vertex 24.8949 9.8959 2.5000
      vertex 24.7001 10.0374 3.0000
      vertex 24.6835 10.0293 3.0000
    endloop
  endfacet
  facet normal 0.319225 -0.874119 0.366076
    outer loop
      vertex 24.9121 9.9050 2.5000
      vertex 24.9246 9.9096 2.5000
      vertex 24.7122 10.0414 3.0000
    endloop
  endfacet
  facet normal 0.290680 -0.887227 0.358236
    outer loop
      vertex 24.9121 9.9050 2.5000
      vertex 24.7122 10.0414 3.0000
      vertex 24.7001 10.0374 3.0000
    endloop
  endfacet
  facet normal 0.202485 -0.922571 0.328425
    outer loop
      vertex 24.9246 9.9096 2.5000
      vertex 24.9376 9.9124 2.5000
      vertex 24.7248 10.0437 3.0000
    endloop
  endfacet
  facet normal 0.171484 -0.932238 0.318632
    outer loop
      vertex 24.9246 9.9096 2.5000
      vertex 24.7248 10.0437 3.0000
      vertex 24.7122 10.0414 3.0000
    endloop
  endfacet
  facet normal 0.078506 -0.955730 0.283579
    outer loop
      vertex 24.9376 9.9124 2.5000
      vertex 24.9508 9.9135 2.5000
      vertex 24.7378 10.0443 3.0000
    endloop
  endfacet
  facet normal 0.047839 -0.960911 0.272693
    outer loop
      vertex 24.9376 9.9124 2.5000
      vertex 24.7378 10.0443 3.0000
      vertex 24.7248 10.0437 3.0000
    endloop
  endfacet
  facet normal -0.050691 -0.971411 0.231928
    outer loop
      vertex 24.9508 9.9135 2.5000
      vertex 24.9641 9.9128 2.5000
      vertex 24.7508 10.0433 3.0000
    endloop
  endfacet
  facet normal -0.078079 -0.972108 0.221155
    outer loop
      vertex 24.9508 9.9135 2.5000
      vertex 24.7508 10.0433 3.0000
      vertex 24.7378 10.0443 3.0000
    endloop
  endfacet
  facet normal -0.182332 -0.967720 0.173993
    outer loop
      vertex 24.9641 9.9128 2.5000
      vertex 24.9832 9.9092 2.5000
      vertex 24.7697 10.0393 3.0000
    endloop
  endfacet
  facet normal -0.203779 -0.965017 0.164972
    outer loop
      vertex 24.9641 9.9128 2.5000
      vertex 24.7697 10.0393 3.0000
      vertex 24.7508 10.0433 3.0000
    endloop
  endfacet
  facet normal -0.280577 -0.951326 0.127495
    outer loop
      vertex 24.9832 9.9092 2.5000
      vertex 24.9917 9.9067 2.5000
      vertex 24.7782 10.0367 3.0000
    endloop
  endfacet
  facet normal -0.296328 -0.947509 0.120064
    outer loop
      vertex 24.9832 9.9092 2.5000
      vertex 24.7782 10.0367 3.0000
      vertex 24.7697 10.0393 3.0000
    endloop
  endfacet
  facet normal -0.313618 -0.945342 0.089290
    outer loop
      vertex 24.9917 9.9067 2.5000
      vertex 25.9292 9.5957 2.5000
      vertex 25.7099 9.7156 3.0000
    endloop
  endfacet
  facet normal -0.323914 -0.940122 0.106073
    outer loop
      vertex 24.9917 9.9067 2.5000
      vertex 25.7099 9.7156 3.0000
      vertex 24.7782 10.0367 3.0000
    endloop
  endfacet
  facet normal -0.322657 -0.942726 0.084614
    outer loop
      vertex 25.9292 9.5957 2.5000
      vertex 25.9338 9.5941 2.5000
      vertex 25.7144 9.7141 3.0000
    endloop
  endfacet
  facet normal -0.330987 -0.940201 0.080437
    outer loop
      vertex 25.9292 9.5957 2.5000
      vertex 25.7144 9.7141 3.0000
      vertex 25.7099 9.7156 3.0000
    endloop
  endfacet
  facet normal -0.334663 -0.939068 0.078432
    outer loop
      vertex 25.9338 9.5941 2.5000
      vertex 25.9360 9.5933 2.5000
      vertex 25.7166 9.7133 3.0000
    endloop
  endfacet
  facet normal -0.342356 -0.936612 0.074506
    outer loop
      vertex 25.9338 9.5941 2.5000
      vertex 25.7166 9.7133 3.0000
      vertex 25.7144 9.7141 3.0000
    endloop
  endfacet
  facet normal -0.341927 -0.937629 0.062750
    outer loop
      vertex 25.9360 9.5933 2.5000
      vertex 26.8191 9.2713 2.5000
      vertex 26.5968 9.3858 3.0000
    endloop
  endfacet
  facet normal -0.347788 -0.934831 0.071657
    outer loop
      vertex 25.9360 9.5933 2.5000
      vertex 26.5968 9.3858 3.0000
      vertex 25.7166 9.7133 3.0000
    endloop
  endfacet
  facet normal -0.272365 -0.957295 0.096972
    outer loop
      vertex 26.8191 9.2713 2.5000
      vertex 26.8887 9.2515 2.5000
      vertex 26.6662 9.3654 3.0000
    endloop
  endfacet
  facet normal -0.280413 -0.955253 0.094127
    outer loop
      vertex 26.8191 9.2713 2.5000
      vertex 26.6662 9.3654 3.0000
      vertex 26.5968 9.3858 3.0000
    endloop
  endfacet
  facet normal -0.130051 -0.977999 0.163107
    outer loop
      vertex 26.8887 9.2515 2.5000
      vertex 26.9605 9.2419 2.5000
      vertex 26.7375 9.3550 3.0000
    endloop
  endfacet
  facet normal -0.143322 -0.976844 0.158855
    outer loop
      vertex 26.8887 9.2515 2.5000
      vertex 26.7375 9.3550 3.0000
      vertex 26.6662 9.3654 3.0000
    endloop
  endfacet
  facet normal 0.012465 -0.974633 0.223461
    outer loop
      vertex 26.9605 9.2419 2.5000
      vertex 27.0330 9.2428 2.5000
      vertex 26.8093 9.3546 3.0000
    endloop
  endfacet
  facet normal -0.004556 -0.975809 0.218579
    outer loop
      vertex 26.9605 9.2419 2.5000
      vertex 26.8093 9.3546 3.0000
      vertex 26.7375 9.3550 3.0000
    endloop
  endfacet
  facet normal 0.150980 -0.948958 0.276919
    outer loop
      vertex 27.0330 9.2428 2.5000
      vertex 27.1045 9.2542 2.5000
      vertex 26.8801 9.3644 3.0000
    endloop
  endfacet
  facet normal 0.132117 -0.953137 0.272168
    outer loop
      vertex 27.0330 9.2428 2.5000
      vertex 26.8801 9.3644 3.0000
      vertex 26.8093 9.3546 3.0000
    endloop
  endfacet
  facet normal 0.218726 -0.933005 0.285762
    outer loop
      vertex 27.1045 9.2542 2.5000
      vertex 27.5725 9.3639 2.5000
      vertex 27.3431 9.4633 3.0000
    endloop
  endfacet
  facet normal 0.199514 -0.934288 0.295467
    outer loop
      vertex 27.1045 9.2542 2.5000
      vertex 27.3431 9.4633 3.0000
      vertex 26.8801 9.3644 3.0000
    endloop
  endfacet
  facet normal 0.284488 -0.907778 0.308231
    outer loop
      vertex 27.5725 9.3639 2.5000
      vertex 27.6425 9.3859 2.5000
      vertex 27.4124 9.4835 3.0000
    endloop
  endfacet
  facet normal 0.267007 -0.914416 0.304220
    outer loop
      vertex 27.5725 9.3639 2.5000
      vertex 27.4124 9.4835 3.0000
      vertex 27.3431 9.4633 3.0000
    endloop
  endfacet
  facet normal 0.407936 -0.843332 0.349827
    outer loop
      vertex 27.6425 9.3859 2.5000
      vertex 27.7085 9.4178 2.5000
      vertex 27.4776 9.5135 3.0000
    endloop
  endfacet
  facet normal 0.391786 -0.852207 0.346766
    outer loop
      vertex 27.6425 9.3859 2.5000
      vertex 27.4776 9.5135 3.0000
      vertex 27.4124 9.4835 3.0000
    endloop
  endfacet
  facet normal 0.519434 -0.763538 0.383663
    outer loop
      vertex 27.7085 9.4178 2.5000
      vertex 27.7692 9.4591 2.5000
      vertex 27.5373 9.5526 3.0000
    endloop
  endfacet
  facet normal 0.505907 -0.773527 0.381724
    outer loop
      vertex 27.7085 9.4178 2.5000
      vertex 27.5373 9.5526 3.0000
      vertex 27.4776 9.5135 3.0000
    endloop
  endfacet
  facet normal 0.617852 -0.670947 0.409986
    outer loop
      vertex 27.7692 9.4591 2.5000
      vertex 27.8232 9.5088 2.5000
      vertex 27.5904 9.5999 3.0000
    endloop
  endfacet
  facet normal 0.607709 -0.680681 0.409101
    outer loop
      vertex 27.7692 9.4591 2.5000
      vertex 27.5904 9.5999 3.0000
      vertex 27.5373 9.5526 3.0000
    endloop
  endfacet
  facet normal 0.665561 -0.623964 0.409509
    outer loop
      vertex 27.8232 9.5088 2.5000
      vertex 28.2039 9.9149 2.5000
      vertex 27.9648 9.9881 3.0000
    endloop
  endfacet
  facet normal 0.653383 -0.630408 0.419137
    outer loop
      vertex 27.8232 9.5088 2.5000
      vertex 27.9648 9.9881 3.0000
      vertex 27.5904 9.5999 3.0000
    endloop
  endfacet
  facet normal 0.701219 -0.577397 0.418215
    outer loop
      vertex 28.2039 9.9149 2.5000
      vertex 28.2447 9.9645 2.5000
      vertex 28.0051 10.0356 3.0000
    endloop
  endfacet
  facet normal 0.693597 -0.587034 0.417510
    outer loop
      vertex 28.2039 9.9149 2.5000
      vertex 28.0051 10.0356 3.0000
      vertex 27.9648 9.9881 3.0000
    endloop
  endfacet
  facet normal 0.763577 -0.479014 0.433008
    outer loop
      vertex 28.2447 9.9645 2.5000
      vertex 28.2789 10.0189 2.5000
      vertex 28.0386 10.0878 3.0000
    endloop
  endfacet
  facet normal 0.758800 -0.486627 0.432916
    outer loop
      vertex 28.2447 9.9645 2.5000
      vertex 28.0386 10.0878 3.0000
      vertex 28.0051 10.0356 3.0000
    endloop
  endfacet
  facet normal 0.814490 -0.375206 0.442523
    outer loop
      vertex 28.2789 10.0189 2.5000
      vertex 28.3058 10.0773 2.5000
      vertex 28.0648 10.1439 3.0000
    endloop
  endfacet
  facet normal 0.812187 -0.379937 0.442720
    outer loop
      vertex 28.2789 10.0189 2.5000
      vertex 28.0648 10.1439 3.0000
      vertex 28.0386 10.0878 3.0000
    endloop
  endfacet
  facet normal 0.838379 -0.322666 0.439326
    outer loop
      vertex 28.3058 10.0773 2.5000
      vertex 28.5868 10.8076 2.5000
      vertex 28.3399 10.8468 3.0000
    endloop
  endfacet
  facet normal 0.833785 -0.326349 0.445308
    outer loop
      vertex 28.3058 10.0773 2.5000
      vertex 28.3399 10.8468 3.0000
      vertex 28.0648 10.1439 3.0000
    endloop
  endfacet
  facet normal 0.855677 -0.267631 0.442934
    outer loop
      vertex 28.5868 10.8076 2.5000
      vertex 28.6060 10.8688 2.5000
      vertex 28.3587 10.9059 3.0000
    endloop
  endfacet
  facet normal 0.854099 -0.272303 0.443133
    outer loop
      vertex 28.5868 10.8076 2.5000
      vertex 28.3587 10.9059 3.0000
      vertex 28.3399 10.8468 3.0000
    endloop
  endfacet
  facet normal 0.880937 -0.155401 0.446991
    outer loop
      vertex 28.6060 10.8688 2.5000
      vertex 28.6171 10.9321 2.5000
      vertex 28.3696 10.9668 3.0000
    endloop
  endfacet
  facet normal 0.880715 -0.156396 0.447082
    outer loop
      vertex 28.6060 10.8688 2.5000
      vertex 28.3696 10.9668 3.0000
      vertex 28.3587 10.9059 3.0000
    endloop
  endfacet
  facet normal 0.889919 -0.098599 0.445334
    outer loop
      vertex 28.6171 10.9321 2.5000
      vertex 28.7183 11.8449 2.5000
      vertex 28.4683 11.8469 3.0000
    endloop
  endfacet
  facet normal 0.888920 -0.099714 0.447077
    outer loop
      vertex 28.6171 10.9321 2.5000
      vertex 28.4683 11.8469 3.0000
      vertex 28.3696 10.9668 3.0000
    endloop
  endfacet
  facet normal 0.893338 -0.049338 0.446669
    outer loop
      vertex 28.7183 11.8449 2.5000
      vertex 28.7213 11.9000 2.5000
      vertex 28.4713 11.9000 3.0000
    endloop
  endfacet
  facet normal 0.893187 -0.051026 0.446781
    outer loop
      vertex 28.7183 11.8449 2.5000
      vertex 28.4713 11.9000 3.0000
      vertex 28.4683 11.8469 3.0000
    endloop
  endfacet
  facet normal 0.893266 0.049334 0.446813
    outer loop
      vertex 28.7213 11.9000 2.5000
      vertex 28.7183 11.9551 2.5000
      vertex 28.4683 11.9531 3.0000
    endloop
  endfacet
  facet normal 0.893262 0.051031 0.446631
    outer loop
      vertex 28.7213 11.9000 2.5000
      vertex 28.4683 11.9531 3.0000
      vertex 28.4713 11.9000 3.0000
    endloop
  endfacet
  facet normal 0.889062 0.098504 0.447063
    outer loop
      vertex 28.7183 11.9551 2.5000
      vertex 28.6171 12.8679 2.5000
      vertex 28.3696 12.8332 3.0000
    endloop
  endfacet
  facet normal 0.889809 0.099814 0.445283
    outer loop
      vertex 28.7183 11.9551 2.5000
      vertex 28.3696 12.8332 3.0000
      vertex 28.4683 11.9531 3.0000
    endloop
  endfacet
  facet normal 0.880887 0.155392 0.447092
    outer loop
      vertex 28.6171 12.8679 2.5000
      vertex 28.6060 12.9312 2.5000
      vertex 28.3587 12.8942 3.0000
    endloop
  endfacet
  facet normal 0.880766 0.156406 0.446977
    outer loop
      vertex 28.6171 12.8679 2.5000
      vertex 28.3587 12.8942 3.0000
      vertex 28.3696 12.8332 3.0000
    endloop
  endfacet
  facet normal 0.855445 0.267559 0.443425
    outer loop
      vertex 28.6060 12.9312 2.5000
      vertex 28.5868 12.9924 2.5000
      vertex 28.3399 12.9532 3.0000
    endloop
  endfacet
  facet normal 0.854338 0.272380 0.442623
    outer loop
      vertex 28.6060 12.9312 2.5000
      vertex 28.3399 12.9532 3.0000
      vertex 28.3587 12.8942 3.0000
    endloop
  endfacet
  facet normal 0.835531 0.321570 0.445512
    outer loop
      vertex 28.5868 12.9924 2.5000
      vertex 28.3058 13.7227 2.5000
      vertex 28.0648 13.6561 3.0000
    endloop
  endfacet
  facet normal 0.836730 0.327502 0.438890
    outer loop
      vertex 28.5868 12.9924 2.5000
      vertex 28.0648 13.6561 3.0000
      vertex 28.3399 12.9532 3.0000
    endloop
  endfacet
  facet normal 0.814255 0.375098 0.443046
    outer loop
      vertex 28.3058 13.7227 2.5000
      vertex 28.2789 13.7811 2.5000
      vertex 28.0386 13.7122 3.0000
    endloop
  endfacet
  facet normal 0.812430 0.380051 0.442175
    outer loop
      vertex 28.3058 13.7227 2.5000
      vertex 28.0386 13.7122 3.0000
      vertex 28.0648 13.6561 3.0000
    endloop
  endfacet
  facet normal 0.763208 0.478783 0.433912
    outer loop
      vertex 28.2789 13.7811 2.5000
      vertex 28.2447 13.8355 2.5000
      vertex 28.0051 13.7644 3.0000
    endloop
  endfacet
  facet normal 0.759180 0.486871 0.431975
    outer loop
      vertex 28.2789 13.7811 2.5000
      vertex 28.0051 13.7644 3.0000
      vertex 28.0386 13.7122 3.0000
    endloop
  endfacet
  facet normal 0.700771 0.577028 0.419473
    outer loop
      vertex 28.2447 13.8355 2.5000
      vertex 28.2039 13.8851 2.5000
      vertex 27.9648 13.8119 3.0000
    endloop
  endfacet
  facet normal 0.694054 0.587422 0.416203
    outer loop
      vertex 28.2447 13.8355 2.5000
      vertex 27.9648 13.8119 3.0000
      vertex 28.0051 13.7644 3.0000
    endloop
  endfacet
  facet normal 0.661680 0.620325 0.421160
    outer loop
      vertex 28.2039 13.8851 2.5000
      vertex 27.8232 14.2912 2.5000
      vertex 27.5904 14.2001 3.0000
    endloop
  endfacet
  facet normal 0.657323 0.634210 0.407067
    outer loop
      vertex 28.2039 13.8851 2.5000
      vertex 27.5904 14.2001 3.0000
      vertex 27.9648 13.8119 3.0000
    endloop
  endfacet
  facet normal 0.617346 0.670398 0.411644
    outer loop
      vertex 27.8232 14.2912 2.5000
      vertex 27.7692 14.3409 2.5000
      vertex 27.5373 14.2474 3.0000
    endloop
  endfacet
  facet normal 0.608221 0.681255 0.407379
    outer loop
      vertex 27.8232 14.2912 2.5000
      vertex 27.5373 14.2474 3.0000
      vertex 27.5904 14.2001 3.0000
    endloop
  endfacet
  facet normal 0.518956 0.762836 0.385703
    outer loop
      vertex 27.7692 14.3409 2.5000
      vertex 27.7085 14.3822 2.5000
      vertex 27.4776 14.2865 3.0000
    endloop
  endfacet
  facet normal 0.506383 0.774255 0.379612
    outer loop
      vertex 27.7692 14.3409 2.5000
      vertex 27.4776 14.2865 3.0000
      vertex 27.5373 14.2474 3.0000
    endloop
  endfacet
  facet normal 0.407559 0.842553 0.352136
    outer loop
      vertex 27.7085 14.3822 2.5000
      vertex 27.6425 14.4141 2.5000
      vertex 27.4124 14.3165 3.0000
    endloop
  endfacet
  facet normal 0.392152 0.853005 0.344383
    outer loop
      vertex 27.7085 14.3822 2.5000
      vertex 27.4124 14.3165 3.0000
      vertex 27.4776 14.2865 3.0000
    endloop
  endfacet
  facet normal 0.284252 0.907024 0.310659
    outer loop
      vertex 27.6425 14.4141 2.5000
      vertex 27.5725 14.4361 2.5000
      vertex 27.3431 14.3367 3.0000
    endloop
  endfacet
  facet normal 0.267229 0.915177 0.301728
    outer loop
      vertex 27.6425 14.4141 2.5000
      vertex 27.3431 14.3367 3.0000
      vertex 27.4124 14.3165 3.0000
    endloop
  endfacet
  facet normal 0.217573 0.928083 0.302200
    outer loop
      vertex 27.5725 14.4361 2.5000
      vertex 27.1045 14.5458 2.5000
      vertex 26.8801 14.4356 3.0000
    endloop
  endfacet
  facet normal 0.200566 0.939214 0.278659
    outer loop
      vertex 27.5725 14.4361 2.5000
      vertex 26.8801 14.4356 3.0000
      vertex 27.3431 14.3367 3.0000
    endloop
  endfacet
  facet normal 0.150865 0.948233 0.279452
    outer loop
      vertex 27.1045 14.5458 2.5000
      vertex 27.0330 14.5572 2.5000
      vertex 26.8093 14.4454 3.0000
    endloop
  endfacet
  facet normal 0.132218 0.953860 0.269574
    outer loop
      vertex 27.1045 14.5458 2.5000
      vertex 26.8093 14.4454 3.0000
      vertex 26.8801 14.4356 3.0000
    endloop
  endfacet
  facet normal 0.012458 0.974100 0.225775
    outer loop
      vertex 27.0330 14.5572 2.5000
      vertex 26.9605 14.5581 2.5000
      vertex 26.7375 14.4450 3.0000
    endloop
  endfacet
  facet normal -0.004559 0.976334 0.216221
    outer loop
      vertex 27.0330 14.5572 2.5000
      vertex 26.7375 14.4450 3.0000
      vertex 26.8093 14.4454 3.0000
    endloop
  endfacet
  facet normal -0.130010 0.977693 0.164967
    outer loop
      vertex 26.9605 14.5581 2.5000
      vertex 26.8887 14.5485 2.5000
      vertex 26.6662 14.4346 3.0000
    endloop
  endfacet
  facet normal -0.143366 0.977142 0.156969
    outer loop
      vertex 26.9605 14.5581 2.5000
      vertex 26.6662 14.4346 3.0000
      vertex 26.7375 14.4450 3.0000
    endloop
  endfacet
  facet normal -0.272333 0.957184 0.098154
    outer loop
      vertex 26.8887 14.5485 2.5000
      vertex 26.8191 14.5287 2.5000
      vertex 26.5968 14.4142 3.0000
    endloop
  endfacet
  facet normal -0.280444 0.955361 0.092929
    outer loop
      vertex 26.8887 14.5485 2.5000
      vertex 26.5968 14.4142 3.0000
      vertex 26.6662 14.4346 3.0000
    endloop
  endfacet
  facet normal -0.341642 0.936847 0.074821
    outer loop
      vertex 26.8191 14.5287 2.5000
      vertex 25.9365 14.2069 2.5000
      vertex 25.7171 14.0869 3.0000
    endloop
  endfacet
  facet normal -0.348065 0.935578 0.059545
    outer loop
      vertex 26.8191 14.5287 2.5000
      vertex 25.7171 14.0869 3.0000
      vertex 26.5968 14.4142 3.0000
    endloop
  endfacet
  facet normal -0.332665 0.939687 0.079519
    outer loop
      vertex 25.9365 14.2069 2.5000
      vertex 25.9320 14.2053 2.5000
      vertex 25.7126 14.0853 3.0000
    endloop
  endfacet
  facet normal -0.340466 0.937226 0.075428
    outer loop
      vertex 25.9365 14.2069 2.5000
      vertex 25.7126 14.0853 3.0000
      vertex 25.7171 14.0869 3.0000
    endloop
  endfacet
  facet normal -0.320650 0.943313 0.085701
    outer loop
      vertex 25.9320 14.2053 2.5000
      vertex 25.9297 14.2045 2.5000
      vertex 25.7104 14.0845 3.0000
    endloop
  endfacet
  facet normal -0.329089 0.940788 0.081352
    outer loop
      vertex 25.9320 14.2053 2.5000
      vertex 25.7104 14.0845 3.0000
      vertex 25.7126 14.0853 3.0000
    endloop
  endfacet
  facet normal -0.312910 0.943208 0.111565
    outer loop
      vertex 25.9297 14.2045 2.5000
      vertex 24.9917 13.8933 2.5000
      vertex 24.7782 13.7633 3.0000
    endloop
  endfacet
  facet normal -0.324607 0.942140 0.083684
    outer loop
      vertex 25.9297 14.2045 2.5000
      vertex 24.7782 13.7633 3.0000
      vertex 25.7104 14.0845 3.0000
    endloop
  endfacet
  facet normal -0.280568 0.951292 0.127768
    outer loop
      vertex 24.9917 13.8933 2.5000
      vertex 24.9832 13.8908 2.5000
      vertex 24.7697 13.7607 3.0000
    endloop
  endfacet
  facet normal -0.296338 0.947544 0.119770
    outer loop
      vertex 24.9917 13.8933 2.5000
      vertex 24.7697 13.7607 3.0000
      vertex 24.7782 13.7633 3.0000
    endloop
  endfacet
  facet normal -0.182306 0.967581 0.174790
    outer loop
      vertex 24.9832 13.8908 2.5000
      vertex 24.9641 13.8872 2.5000
      vertex 24.7508 13.7567 3.0000
    endloop
  endfacet
  facet normal -0.203807 0.965152 0.164147
    outer loop
      vertex 24.9832 13.8908 2.5000
      vertex 24.7508 13.7567 3.0000
      vertex 24.7697 13.7607 3.0000
    endloop
  endfacet
  facet normal -0.050683 0.971252 0.232594
    outer loop
      vertex 24.9641 13.8872 2.5000
      vertex 24.9508 13.8865 2.5000
      vertex 24.7378 13.7557 3.0000
    endloop
  endfacet
  facet normal -0.078091 0.972266 0.220457
    outer loop
      vertex 24.9641 13.8872 2.5000
      vertex 24.7378 13.7557 3.0000
      vertex 24.7508 13.7567 3.0000
    endloop
  endfacet
  facet normal 0.078489 0.955515 0.284309
    outer loop
      vertex 24.9508 13.8865 2.5000
      vertex 24.9376 13.8876 2.5000
      vertex 24.7248 13.7563 3.0000
    endloop
  endfacet
  facet normal 0.047850 0.961128 0.271924
    outer loop
      vertex 24.9508 13.8865 2.5000
      vertex 24.7248 13.7563 3.0000
      vertex 24.7378 13.7557 3.0000
    endloop
  endfacet
  facet normal 0.202430 0.922322 0.329158
    outer loop
      vertex 24.9376 13.8876 2.5000
      vertex 24.9246 13.8904 2.5000
      vertex 24.7122 13.7586 3.0000
    endloop
  endfacet
  facet normal 0.171531 0.932495 0.317853
    outer loop
      vertex 24.9376 13.8876 2.5000
      vertex 24.7122 13.7586 3.0000
      vertex 24.7248 13.7563 3.0000
    endloop
  endfacet
  facet normal 0.319133 0.873866 0.366759
    outer loop
      vertex 24.9246 13.8904 2.5000
      vertex 24.9121 13.8950 2.5000
      vertex 24.7001 13.7626 3.0000
    endloop
  endfacet
  facet normal 0.290766 0.887493 0.357506
    outer loop
      vertex 24.9246 13.8904 2.5000
      vertex 24.7001 13.7626 3.0000
      vertex 24.7122 13.7586 3.0000
    endloop
  endfacet
  facet normal 0.427220 0.812181 0.397296
    outer loop
      vertex 24.9121 13.8950 2.5000
      vertex 24.8949 13.9041 2.5000
      vertex 24.6835 13.7707 3.0000
    endloop
  endfacet
  facet normal 0.403677 0.827460 0.390327
    outer loop
      vertex 24.9121 13.8950 2.5000
      vertex 24.6835 13.7707 3.0000
      vertex 24.7001 13.7626 3.0000
    endloop
  endfacet
  facet normal 0.502230 0.758575 0.415126
    outer loop
      vertex 24.8949 13.9041 2.5000
      vertex 24.8875 13.9090 2.5000
      vertex 24.6763 13.7752 3.0000
    endloop
  endfacet
  facet normal 0.483167 0.773286 0.410584
    outer loop
      vertex 24.8949 13.9041 2.5000
      vertex 24.6763 13.7752 3.0000
      vertex 24.6835 13.7707 3.0000
    endloop
  endfacet
  facet normal 0.520874 0.732180 0.438864
    outer loop
      vertex 24.8875 13.9090 2.5000
      vertex 24.3518 14.2901 2.5000
      vertex 24.1666 14.1221 3.0000
    endloop
  endfacet
  facet normal 0.511421 0.751332 0.417070
    outer loop
      vertex 24.8875 13.9090 2.5000
      vertex 24.1666 14.1221 3.0000
      vertex 24.6763 13.7752 3.0000
    endloop
  endfacet
  facet normal 0.546070 0.711901 0.441593
    outer loop
      vertex 24.3518 14.2901 2.5000
      vertex 24.3442 14.2959 2.5000
      vertex 24.1595 14.1275 3.0000
    endloop
  endfacet
  facet normal 0.536955 0.719446 0.440542
    outer loop
      vertex 24.3518 14.2901 2.5000
      vertex 24.1595 14.1275 3.0000
      vertex 24.1666 14.1221 3.0000
    endloop
  endfacet
  facet normal 0.617932 0.647147 0.446498
    outer loop
      vertex 24.3442 14.2959 2.5000
      vertex 24.3291 14.3103 2.5000
      vertex 24.1454 14.1408 3.0000
    endloop
  endfacet
  facet normal 0.614787 0.650319 0.446232
    outer loop
      vertex 24.3442 14.2959 2.5000
      vertex 24.1454 14.1408 3.0000
      vertex 24.1595 14.1275 3.0000
    endloop
  endfacet
  facet normal 0.704611 0.551970 0.445929
    outer loop
      vertex 24.3291 14.3103 2.5000
      vertex 24.3203 14.3215 2.5000
      vertex 24.1373 14.1513 3.0000
    endloop
  endfacet
  facet normal 0.708061 0.547593 0.445860
    outer loop
      vertex 24.3291 14.3103 2.5000
      vertex 24.1373 14.1513 3.0000
      vertex 24.1454 14.1408 3.0000
    endloop
  endfacet
  facet normal 0.780114 0.447230 0.437502
    outer loop
      vertex 24.3203 14.3215 2.5000
      vertex 24.3132 14.3339 2.5000
      vertex 24.1308 14.1629 3.0000
    endloop
  endfacet
  facet normal 0.787969 0.434355 0.436394
    outer loop
      vertex 24.3203 14.3215 2.5000
      vertex 24.1308 14.1629 3.0000
      vertex 24.1373 14.1513 3.0000
    endloop
  endfacet
  facet normal 0.843559 0.333583 0.420868
    outer loop
      vertex 24.3132 14.3339 2.5000
      vertex 24.3056 14.3533 2.5000
      vertex 24.1241 14.1813 3.0000
    endloop
  endfacet
  facet normal 0.853104 0.312267 0.417974
    outer loop
      vertex 24.3132 14.3339 2.5000
      vertex 24.1241 14.1813 3.0000
      vertex 24.1308 14.1629 3.0000
    endloop
  endfacet
  facet normal 0.882296 0.242851 0.403209
    outer loop
      vertex 24.3056 14.3533 2.5000
      vertex 24.3030 14.3625 2.5000
      vertex 24.1220 14.1901 3.0000
    endloop
  endfacet
  facet normal 0.891612 0.216108 0.397902
    outer loop
      vertex 24.3056 14.3533 2.5000
      vertex 24.1220 14.1901 3.0000
      vertex 24.1241 14.1813 3.0000
    endloop
  endfacet
  facet normal 0.911609 0.215954 0.349760
    outer loop
      vertex 24.3030 14.3625 2.5000
      vertex 24.0847 15.2843 2.5000
      vertex 23.9413 15.0794 3.0000
    endloop
  endfacet
  facet normal 0.902411 0.183282 0.389953
    outer loop
      vertex 24.3030 14.3625 2.5000
      vertex 23.9413 15.0794 3.0000
      vertex 24.1220 14.1901 3.0000
    endloop
  endfacet
  facet normal 0.921544 0.187021 0.340265
    outer loop
      vertex 24.0847 15.2843 2.5000
      vertex 24.0829 15.2927 2.5000
      vertex 23.9399 15.0876 3.0000
    endloop
  endfacet
  facet normal 0.929982 0.158716 0.331577
    outer loop
      vertex 24.0847 15.2843 2.5000
      vertex 23.9399 15.0876 3.0000
      vertex 23.9413 15.0794 3.0000
    endloop
  endfacet
  facet normal 0.945927 0.097855 0.309266
    outer loop
      vertex 24.0829 15.2927 2.5000
      vertex 24.0804 15.3173 2.5000
      vertex 23.9382 15.1117 3.0000
    endloop
  endfacet
  facet normal 0.951305 0.069087 0.300409
    outer loop
      vertex 24.0829 15.2927 2.5000
      vertex 23.9382 15.1117 3.0000
      vertex 23.9399 15.0876 3.0000
    endloop
  endfacet
  facet normal 0.961344 0.005711 0.275290
    outer loop
      vertex 24.0804 15.3173 2.5000
      vertex 24.0803 15.3259 2.5000
      vertex 23.9384 15.1202 3.0000
    endloop
  endfacet
  facet normal 0.963971 -0.022038 0.265094
    outer loop
      vertex 24.0804 15.3173 2.5000
      vertex 23.9384 15.1202 3.0000
      vertex 23.9382 15.1117 3.0000
    endloop
  endfacet
  facet normal 0.977533 -0.025852 0.209189
    outer loop
      vertex 24.0803 15.3259 2.5000
      vertex 24.1150 16.6378 2.5000
      vertex 24.0021 16.4148 3.0000
    endloop
  endfacet
  facet normal 0.965864 -0.047565 0.254647
    outer loop
      vertex 24.0803 15.3259 2.5000
      vertex 24.0021 16.4148 3.0000
      vertex 23.9384 15.1202 3.0000
    endloop
  endfacet
  facet normal 0.979016 -0.054166 0.196453
    outer loop
      vertex 24.1150 16.6378 2.5000
      vertex 24.1158 16.6508 2.5000
      vertex 24.0031 16.4276 3.0000
    endloop
  endfacet
  facet normal 0.979324 -0.071305 0.189316
    outer loop
      vertex 24.1150 16.6378 2.5000
      vertex 24.0031 16.4276 3.0000
      vertex 24.0021 16.4148 3.0000
    endloop
  endfacet
  facet normal 0.979049 -0.111038 0.170687
    outer loop
      vertex 24.1158 16.6508 2.5000
      vertex 24.1172 16.6637 2.5000
      vertex 24.0047 16.4404 3.0000
    endloop
  endfacet
  facet normal 0.978330 -0.126195 0.164150
    outer loop
      vertex 24.1158 16.6508 2.5000
      vertex 24.0047 16.4404 3.0000
      vertex 24.0031 16.4276 3.0000
    endloop
  endfacet
  facet normal 0.982369 -0.140203 0.123666
    outer loop
      vertex 24.1172 16.6637 2.5000
      vertex 24.3379 18.2102 2.5000
      vertex 24.2420 17.9793 3.0000
    endloop
  endfacet
  facet normal 0.976758 -0.150627 0.152494
    outer loop
      vertex 24.1172 16.6637 2.5000
      vertex 24.2420 17.9793 3.0000
      vertex 24.0047 16.4404 3.0000
    endloop
  endfacet
  facet normal 0.980932 -0.155929 0.116011
    outer loop
      vertex 24.3379 18.2102 2.5000
      vertex 24.3391 18.2173 2.5000
      vertex 24.2432 17.9864 3.0000
    endloop
  endfacet
  facet normal 0.980036 -0.164165 0.112154
    outer loop
      vertex 24.3379 18.2102 2.5000
      vertex 24.2432 17.9864 3.0000
      vertex 24.2420 17.9793 3.0000
    endloop
  endfacet
  facet normal 0.977127 -0.187312 0.100686
    outer loop
      vertex 24.3391 18.2173 2.5000
      vertex 24.3404 18.2243 2.5000
      vertex 24.2446 17.9933 3.0000
    endloop
  endfacet
  facet normal 0.976074 -0.194462 0.097285
    outer loop
      vertex 24.3391 18.2173 2.5000
      vertex 24.2446 17.9933 3.0000
      vertex 24.2432 17.9864 3.0000
    endloop
  endfacet
  facet normal 0.976232 -0.203262 0.075202
    outer loop
      vertex 24.3404 18.2243 2.5000
      vertex 24.6782 19.8468 2.5000
      vertex 24.5910 19.6126 3.0000
    endloop
  endfacet
  facet normal 0.973881 -0.208300 0.090370
    outer loop
      vertex 24.3404 18.2243 2.5000
      vertex 24.5910 19.6126 3.0000
      vertex 24.2446 17.9933 3.0000
    endloop
  endfacet
  facet normal 0.973994 -0.215859 0.068857
    outer loop
      vertex 24.6782 19.8468 2.5000
      vertex 24.6796 19.8532 2.5000
      vertex 24.5924 19.6189 3.0000
    endloop
  endfacet
  facet normal 0.973243 -0.219814 0.066925
    outer loop
      vertex 24.6782 19.8468 2.5000
      vertex 24.5924 19.6189 3.0000
      vertex 24.5910 19.6126 3.0000
    endloop
  endfacet
  facet normal 0.970694 -0.232603 0.060413
    outer loop
      vertex 24.6796 19.8532 2.5000
      vertex 24.6804 19.8563 2.5000
      vertex 24.5931 19.6220 3.0000
    endloop
  endfacet
  facet normal 0.969964 -0.236063 0.058687
    outer loop
      vertex 24.6796 19.8532 2.5000
      vertex 24.5931 19.6220 3.0000
      vertex 24.5924 19.6189 3.0000
    endloop
  endfacet
  facet normal 0.969035 -0.242447 0.046812
    outer loop
      vertex 24.6804 19.8563 2.5000
      vertex 25.0654 21.3949 2.5000
      vertex 24.9822 21.1592 3.0000
    endloop
  endfacet
  facet normal 0.968007 -0.245017 0.054128
    outer loop
      vertex 24.6804 19.8563 2.5000
      vertex 24.9822 21.1592 3.0000
      vertex 24.5931 19.6220 3.0000
    endloop
  endfacet
  facet normal 0.967064 -0.250971 0.042446
    outer loop
      vertex 25.0654 21.3949 2.5000
      vertex 25.0665 21.3992 2.5000
      vertex 24.9833 21.1635 3.0000
    endloop
  endfacet
  facet normal 0.966575 -0.253014 0.041420
    outer loop
      vertex 25.0654 21.3949 2.5000
      vertex 24.9833 21.1635 3.0000
      vertex 24.9822 21.1592 3.0000
    endloop
  endfacet
  facet normal 0.964290 -0.262303 0.036633
    outer loop
      vertex 25.0665 21.3992 2.5000
      vertex 25.0670 21.4013 2.5000
      vertex 24.9839 21.1656 3.0000
    endloop
  endfacet
  facet normal 0.963844 -0.264061 0.035738
    outer loop
      vertex 25.0665 21.3992 2.5000
      vertex 24.9839 21.1656 3.0000
      vertex 24.9833 21.1635 3.0000
    endloop
  endfacet
  facet normal 0.962709 -0.268945 0.029323
    outer loop
      vertex 25.0670 21.4013 2.5000
      vertex 25.4297 22.6996 2.5000
      vertex 25.3485 22.4632 3.0000
    endloop
  endfacet
  facet normal 0.962222 -0.270317 0.032510
    outer loop
      vertex 25.0670 21.4013 2.5000
      vertex 25.3485 22.4632 3.0000
      vertex 24.9839 21.1656 3.0000
    endloop
  endfacet
  facet normal 0.959216 -0.281763 0.022690
    outer loop
      vertex 25.4297 22.6996 2.5000
      vertex 25.4303 22.7015 2.5000
      vertex 25.3490 22.4651 3.0000
    endloop
  endfacet
  facet normal 0.958946 -0.282718 0.022198
    outer loop
      vertex 25.4297 22.6996 2.5000
      vertex 25.3490 22.4651 3.0000
      vertex 25.3485 22.4632 3.0000
    endloop
  endfacet
  facet normal 0.957499 -0.287827 0.018764
    outer loop
      vertex 25.4303 22.7015 2.5000
      vertex 25.5669 23.1561 2.5000
      vertex 25.4860 22.9195 3.0000
    endloop
  endfacet
  facet normal 0.957255 -0.288611 0.019133
    outer loop
      vertex 25.4303 22.7015 2.5000
      vertex 25.4860 22.9195 3.0000
      vertex 25.3490 22.4651 3.0000
    endloop
  endfacet
  facet normal 0.973389 -0.223278 0.051587
    outer loop
      vertex 25.5669 23.1561 2.5000
      vertex 25.5818 23.2209 2.5000
      vertex 25.5010 22.9843 3.0000
    endloop
  endfacet
  facet normal 0.972943 -0.225389 0.050803
    outer loop
      vertex 25.5669 23.1561 2.5000
      vertex 25.5010 22.9843 3.0000
      vertex 25.4860 22.9195 3.0000
    endloop
  endfacet
  facet normal 0.989037 -0.091672 0.115763
    outer loop
      vertex 25.5818 23.2209 2.5000
      vertex 25.5879 23.2871 2.5000
      vertex 25.5075 23.0504 3.0000
    endloop
  endfacet
  facet normal 0.988781 -0.096379 0.114120
    outer loop
      vertex 25.5818 23.2209 2.5000
      vertex 25.5075 23.0504 3.0000
      vertex 25.5010 22.9843 3.0000
    endloop
  endfacet
  facet normal 0.983525 0.039986 0.176293
    outer loop
      vertex 25.5879 23.2871 2.5000
      vertex 25.5852 23.3535 2.5000
      vertex 25.5052 23.1166 3.0000
    endloop
  endfacet
  facet normal 0.984175 0.033146 0.174069
    outer loop
      vertex 25.5879 23.2871 2.5000
      vertex 25.5052 23.1166 3.0000
      vertex 25.5075 23.0504 3.0000
    endloop
  endfacet
  facet normal 0.958126 0.168112 0.231805
    outer loop
      vertex 25.5852 23.3535 2.5000
      vertex 25.5737 23.4190 2.5000
      vertex 25.4944 23.1819 3.0000
    endloop
  endfacet
  facet normal 0.960128 0.159867 0.229339
    outer loop
      vertex 25.5852 23.3535 2.5000
      vertex 25.4944 23.1819 3.0000
      vertex 25.5052 23.1166 3.0000
    endloop
  endfacet
  facet normal 0.914808 0.289763 0.281361
    outer loop
      vertex 25.5737 23.4190 2.5000
      vertex 25.5537 23.4823 2.5000
      vertex 25.4751 23.2450 3.0000
    endloop
  endfacet
  facet normal 0.918277 0.280956 0.278982
    outer loop
      vertex 25.5737 23.4190 2.5000
      vertex 25.4751 23.2450 3.0000
      vertex 25.4944 23.1819 3.0000
    endloop
  endfacet
  facet normal 0.855890 0.402734 0.324434
    outer loop
      vertex 25.5537 23.4823 2.5000
      vertex 25.5254 23.5425 2.5000
      vertex 25.4476 23.3049 3.0000
    endloop
  endfacet
  facet normal 0.860627 0.394179 0.322402
    outer loop
      vertex 25.5537 23.4823 2.5000
      vertex 25.4476 23.3049 3.0000
      vertex 25.4751 23.2450 3.0000
    endloop
  endfacet
  facet normal 0.783739 0.505525 0.360829
    outer loop
      vertex 25.5254 23.5425 2.5000
      vertex 25.4893 23.5984 2.5000
      vertex 25.4126 23.3604 3.0000
    endloop
  endfacet
  facet normal 0.789302 0.497896 0.359306
    outer loop
      vertex 25.5254 23.5425 2.5000
      vertex 25.4126 23.3604 3.0000
      vertex 25.4476 23.3049 3.0000
    endloop
  endfacet
  facet normal 0.700565 0.597206 0.390581
    outer loop
      vertex 25.4893 23.5984 2.5000
      vertex 25.4462 23.6489 2.5000
      vertex 25.3706 23.4107 3.0000
    endloop
  endfacet
  facet normal 0.706362 0.590973 0.389618
    outer loop
      vertex 25.4893 23.5984 2.5000
      vertex 25.3706 23.4107 3.0000
      vertex 25.4126 23.3604 3.0000
    endloop
  endfacet
  facet normal 0.608312 0.677260 0.413854
    outer loop
      vertex 25.4462 23.6489 2.5000
      vertex 25.3967 23.6934 2.5000
      vertex 25.3223 23.4547 3.0000
    endloop
  endfacet
  facet normal 0.613691 0.672667 0.413403
    outer loop
      vertex 25.4462 23.6489 2.5000
      vertex 25.3223 23.4547 3.0000
      vertex 25.3706 23.4107 3.0000
    endloop
  endfacet
  facet normal 0.508619 0.745429 0.430862
    outer loop
      vertex 25.3967 23.6934 2.5000
      vertex 25.3418 23.7308 2.5000
      vertex 25.2686 23.4918 3.0000
    endloop
  endfacet
  facet normal 0.512951 0.742497 0.430790
    outer loop
      vertex 25.3967 23.6934 2.5000
      vertex 25.2686 23.4918 3.0000
      vertex 25.3223 23.4547 3.0000
    endloop
  endfacet
  facet normal 0.402847 0.801574 0.441806
    outer loop
      vertex 25.3418 23.7308 2.5000
      vertex 25.2824 23.7607 2.5000
      vertex 25.2105 23.5213 3.0000
    endloop
  endfacet
  facet normal 0.405589 0.800128 0.441920
    outer loop
      vertex 25.3418 23.7308 2.5000
      vertex 25.2105 23.5213 3.0000
      vertex 25.2686 23.4918 3.0000
    endloop
  endfacet
  facet normal 0.292131 0.845575 0.446835
    outer loop
      vertex 25.2824 23.7607 2.5000
      vertex 25.2196 23.7824 2.5000
      vertex 25.1489 23.5426 3.0000
    endloop
  endfacet
  facet normal 0.292873 0.845282 0.446905
    outer loop
      vertex 25.2824 23.7607 2.5000
      vertex 25.1489 23.5426 3.0000
      vertex 25.2105 23.5213 3.0000
    endloop
  endfacet
  facet normal 0.177451 0.877256 0.446019
    outer loop
      vertex 25.2196 23.7824 2.5000
      vertex 25.1544 23.7956 2.5000
      vertex 25.0850 23.5554 3.0000
    endloop
  endfacet
  facet normal 0.175954 0.877668 0.445803
    outer loop
      vertex 25.2196 23.7824 2.5000
      vertex 25.0850 23.5554 3.0000
      vertex 25.1489 23.5426 3.0000
    endloop
  endfacet
  facet normal 0.059720 0.896334 0.439338
    outer loop
      vertex 25.1544 23.7956 2.5000
      vertex 25.0881 23.8000 2.5000
      vertex 25.0200 23.5595 3.0000
    endloop
  endfacet
  facet normal 0.055941 0.896937 0.438606
    outer loop
      vertex 25.1544 23.7956 2.5000
      vertex 25.0200 23.5595 3.0000
      vertex 25.0850 23.5554 3.0000
    endloop
  endfacet
  facet normal 0.000000 0.971366 0.237586
    outer loop
      vertex 25.0881 23.8000 2.5000
      vertex 0.5000 23.8000 2.5000
      vertex 0.7180 23.6777 3.0000
    endloop
  endfacet
  facet normal 0.004383 0.900904 0.433995
    outer loop
      vertex 25.0881 23.8000 2.5000
      vertex 0.7180 23.6777 3.0000
      vertex 25.0200 23.5595 3.0000
    endloop
  endfacet
  facet normal -0.063111 0.962882 0.262441
    outer loop
      vertex 0.5000 23.8000 2.5000
      vertex 0.4347 23.7957 2.5000
      vertex 0.6530 23.6737 3.0000
    endloop
  endfacet
  facet normal -0.058602 0.963499 0.261218
    outer loop
      vertex 0.5000 23.8000 2.5000
      vertex 0.6530 23.6737 3.0000
      vertex 0.7180 23.6777 3.0000
    endloop
  endfacet
  facet normal -0.185606 0.933103 0.308010
    outer loop
      vertex 0.4347 23.7957 2.5000
      vertex 0.3706 23.7830 2.5000
      vertex 0.5890 23.6614 3.0000
    endloop
  endfacet
  facet normal -0.180933 0.934381 0.306912
    outer loop
      vertex 0.4347 23.7957 2.5000
      vertex 0.5890 23.6614 3.0000
      vertex 0.6530 23.6737 3.0000
    endloop
  endfacet
  facet normal -0.301461 0.888075 0.347049
    outer loop
      vertex 0.3706 23.7830 2.5000
      vertex 0.3087 23.7619 2.5000
      vertex 0.5273 23.6408 3.0000
    endloop
  endfacet
  facet normal -0.297015 0.889912 0.346178
    outer loop
      vertex 0.3706 23.7830 2.5000
      vertex 0.5273 23.6408 3.0000
      vertex 0.5890 23.6614 3.0000
    endloop
  endfacet
  facet normal -0.409207 0.829790 0.379470
    outer loop
      vertex 0.3087 23.7619 2.5000
      vertex 0.2500 23.7330 2.5000
      vertex 0.4689 23.6123 3.0000
    endloop
  endfacet
  facet normal -0.405312 0.831972 0.378874
    outer loop
      vertex 0.3087 23.7619 2.5000
      vertex 0.4689 23.6123 3.0000
      vertex 0.5273 23.6408 3.0000
    endloop
  endfacet
  facet normal -0.507880 0.760095 0.405356
    outer loop
      vertex 0.2500 23.7330 2.5000
      vertex 0.1956 23.6967 2.5000
      vertex 0.4148 23.5765 3.0000
    endloop
  endfacet
  facet normal -0.504759 0.762344 0.405031
    outer loop
      vertex 0.2500 23.7330 2.5000
      vertex 0.4148 23.5765 3.0000
      vertex 0.4689 23.6123 3.0000
    endloop
  endfacet
  facet normal -0.596872 0.680602 0.424881
    outer loop
      vertex 0.1956 23.6967 2.5000
      vertex 0.1464 23.6536 2.5000
      vertex 0.3660 23.5339 3.0000
    endloop
  endfacet
  facet normal -0.594645 0.682614 0.424777
    outer loop
      vertex 0.1956 23.6967 2.5000
      vertex 0.3660 23.5339 3.0000
      vertex 0.4148 23.5765 3.0000
    endloop
  endfacet
  facet normal -0.675798 0.592659 0.438238
    outer loop
      vertex 0.1464 23.6536 2.5000
      vertex 0.1033 23.6044 2.5000
      vertex 0.3232 23.4853 3.0000
    endloop
  endfacet
  facet normal -0.674476 0.594141 0.438269
    outer loop
      vertex 0.1464 23.6536 2.5000
      vertex 0.3232 23.4853 3.0000
      vertex 0.3660 23.5339 3.0000
    endloop
  endfacet
  facet normal -0.744365 0.497368 0.445585
    outer loop
      vertex 0.1033 23.6044 2.5000
      vertex 0.0670 23.5500 2.5000
      vertex 0.2871 23.4315 3.0000
    endloop
  endfacet
  facet normal -0.743863 0.498067 0.445642
    outer loop
      vertex 0.1033 23.6044 2.5000
      vertex 0.2871 23.4315 3.0000
      vertex 0.3232 23.4853 3.0000
    endloop
  endfacet
  facet normal -0.802274 0.395638 0.447020
    outer loop
      vertex 0.0670 23.5500 2.5000
      vertex 0.0381 23.4913 2.5000
      vertex 0.2585 23.3735 3.0000
    endloop
  endfacet
  facet normal -0.802429 0.395364 0.446983
    outer loop
      vertex 0.0670 23.5500 2.5000
      vertex 0.2585 23.3735 3.0000
      vertex 0.2871 23.4315 3.0000
    endloop
  endfacet
  facet normal -0.849148 0.288247 0.442561
    outer loop
      vertex 0.0381 23.4913 2.5000
      vertex 0.0170 23.4294 2.5000
      vertex 0.2378 23.3121 3.0000
    endloop
  endfacet
  facet normal -0.849737 0.286894 0.442311
    outer loop
      vertex 0.0381 23.4913 2.5000
      vertex 0.2378 23.3121 3.0000
      vertex 0.2585 23.3735 3.0000
    endloop
  endfacet
  facet normal -0.884478 0.175934 0.432142
    outer loop
      vertex 0.0170 23.4294 2.5000
      vertex 0.0043 23.3653 2.5000
      vertex 0.2253 23.2485 3.0000
    endloop
  endfacet
  facet normal -0.885237 0.173489 0.431574
    outer loop
      vertex 0.0170 23.4294 2.5000
      vertex 0.2253 23.2485 3.0000
      vertex 0.2378 23.3121 3.0000
    endloop
  endfacet
  facet normal -0.907589 0.059487 0.415624
    outer loop
      vertex 0.0043 23.3653 2.5000
      vertex 0.0000 23.3000 2.5000
      vertex 0.2214 23.1838 3.0000
    endloop
  endfacet
  facet normal -0.908248 0.056046 0.414662
    outer loop
      vertex 0.0043 23.3653 2.5000
      vertex 0.2214 23.1838 3.0000
      vertex 0.2253 23.2485 3.0000
    endloop
  endfacet
  facet normal -0.914399 0.000000 0.404814
    outer loop
      vertex 0.0000 23.3000 2.5000
      vertex 0.0000 0.5000 2.5000
      vertex 0.2214 0.6162 3.0000
    endloop
  endfacet
  facet normal -0.914399 0.000000 0.404815
    outer loop
      vertex 0.0000 23.3000 2.5000
      vertex 0.2214 0.6162 3.0000
      vertex 0.2214 23.1838 3.0000
    endloop
  endfacet
  facet normal -0.907759 -0.059498 0.415251
    outer loop
      vertex 0.0000 0.5000 2.5000
      vertex 0.0043 0.4347 2.5000
      vertex 0.2253 0.5515 3.0000
    endloop
  endfacet
  facet normal -0.908077 -0.056036 0.415038
    outer loop
      vertex 0.0000 0.5000 2.5000
      vertex 0.2253 0.5515 3.0000
      vertex 0.2214 0.6162 3.0000
    endloop
  endfacet
  facet normal -0.884604 -0.175959 0.431874
    outer loop
      vertex 0.0043 0.4347 2.5000
      vertex 0.0170 0.3706 2.5000
      vertex 0.2378 0.4879 3.0000
    endloop
  endfacet
  facet normal -0.885110 -0.173465 0.431845
    outer loop
      vertex 0.0043 0.4347 2.5000
      vertex 0.2378 0.4879 3.0000
      vertex 0.2253 0.5515 3.0000
    endloop
  endfacet
  facet normal -0.849220 -0.288271 0.442408
    outer loop
      vertex 0.0170 0.3706 2.5000
      vertex 0.0381 0.3087 2.5000
      vertex 0.2585 0.4265 3.0000
    endloop
  endfacet
  facet normal -0.849665 -0.286869 0.442466
    outer loop
      vertex 0.0170 0.3706 2.5000
      vertex 0.2585 0.4265 3.0000
      vertex 0.2378 0.4879 3.0000
    endloop
  endfacet
  facet normal -0.802289 -0.395645 0.446988
    outer loop
      vertex 0.0381 0.3087 2.5000
      vertex 0.0670 0.2500 2.5000
      vertex 0.2871 0.3685 3.0000
    endloop
  endfacet
  facet normal -0.802415 -0.395357 0.447016
    outer loop
      vertex 0.0381 0.3087 2.5000
      vertex 0.2871 0.3685 3.0000
      vertex 0.2585 0.4265 3.0000
    endloop
  endfacet
  facet normal -0.744328 -0.497344 0.445674
    outer loop
      vertex 0.0670 0.2500 2.5000
      vertex 0.1033 0.1956 2.5000
      vertex 0.3232 0.3147 3.0000
    endloop
  endfacet
  facet normal -0.743900 -0.498092 0.445552
    outer loop
      vertex 0.0670 0.2500 2.5000
      vertex 0.3232 0.3147 3.0000
      vertex 0.2871 0.3685 3.0000
    endloop
  endfacet
  facet normal -0.675722 -0.592592 0.438446
    outer loop
      vertex 0.1033 0.1956 2.5000
      vertex 0.1464 0.1464 2.5000
      vertex 0.3660 0.2661 3.0000
    endloop
  endfacet
  facet normal -0.674552 -0.594208 0.438059
    outer loop
      vertex 0.1033 0.1956 2.5000
      vertex 0.3660 0.2661 3.0000
      vertex 0.3232 0.3147 3.0000
    endloop
  endfacet
  facet normal -0.596773 -0.680490 0.425200
    outer loop
      vertex 0.1464 0.1464 2.5000
      vertex 0.1956 0.1033 2.5000
      vertex 0.4148 0.2235 3.0000
    endloop
  endfacet
  facet normal -0.594744 -0.682728 0.424456
    outer loop
      vertex 0.1464 0.1464 2.5000
      vertex 0.4148 0.2235 3.0000
      vertex 0.3660 0.2661 3.0000
    endloop
  endfacet
  facet normal -0.507777 -0.759942 0.405773
    outer loop
      vertex 0.1956 0.1033 2.5000
      vertex 0.2500 0.0670 2.5000
      vertex 0.4689 0.1877 3.0000
    endloop
  endfacet
  facet normal -0.504862 -0.762499 0.404611
    outer loop
      vertex 0.1956 0.1033 2.5000
      vertex 0.4689 0.1877 3.0000
      vertex 0.4148 0.2235 3.0000
    endloop
  endfacet
  facet normal -0.409117 -0.829608 0.379966
    outer loop
      vertex 0.2500 0.0670 2.5000
      vertex 0.3087 0.0381 2.5000
      vertex 0.5273 0.1592 3.0000
    endloop
  endfacet
  facet normal -0.405401 -0.832155 0.378375
    outer loop
      vertex 0.2500 0.0670 2.5000
      vertex 0.5273 0.1592 3.0000
      vertex 0.4689 0.1877 3.0000
    endloop
  endfacet
  facet normal -0.301396 -0.887883 0.347599
    outer loop
      vertex 0.3087 0.0381 2.5000
      vertex 0.3706 0.0170 2.5000
      vertex 0.5890 0.1386 3.0000
    endloop
  endfacet
  facet normal -0.297080 -0.890105 0.345626
    outer loop
      vertex 0.3087 0.0381 2.5000
      vertex 0.5890 0.1386 3.0000
      vertex 0.5273 0.1592 3.0000
    endloop
  endfacet
  facet normal -0.185570 -0.932921 0.308580
    outer loop
      vertex 0.3706 0.0170 2.5000
      vertex 0.4347 0.0043 2.5000
      vertex 0.6530 0.1263 3.0000
    endloop
  endfacet
  facet normal -0.180968 -0.934562 0.306340
    outer loop
      vertex 0.3706 0.0170 2.5000
      vertex 0.6530 0.1263 3.0000
      vertex 0.5890 0.1386 3.0000
    endloop
  endfacet
  facet normal -0.063101 -0.962732 0.262993
    outer loop
      vertex 0.4347 0.0043 2.5000
      vertex 0.5000 0.0000 2.5000
      vertex 0.7180 0.1223 3.0000
    endloop
  endfacet
  facet normal -0.058611 -0.963648 0.260665
    outer loop
      vertex 0.4347 0.0043 2.5000
      vertex 0.7180 0.1223 3.0000
      vertex 0.6530 0.1263 3.0000
    endloop
  endfacet
  facet normal 0.000000 -0.901146 0.433515
    outer loop
      vertex 0.5000 0.0000 2.5000
      vertex 25.0881 0.0000 2.5000
      vertex 25.0200 0.2405 3.0000
    endloop
  endfacet
  facet normal 0.004728 -0.971829 0.235639
    outer loop
      vertex 0.5000 0.0000 2.5000
      vertex 25.0200 0.2405 3.0000
      vertex 0.7180 0.1223 3.0000
    endloop
  endfacet
  facet normal 0.059732 -0.896530 0.438937
    outer loop
      vertex 25.0881 0.0000 2.5000
      vertex 25.1544 0.0044 2.5000
      vertex 25.0850 0.2446 3.0000
    endloop
  endfacet
  facet normal 0.055927 -0.896737 0.439015
    outer loop
      vertex 25.0881 0.0000 2.5000
      vertex 25.0850 0.2446 3.0000
      vertex 25.0200 0.2405 3.0000
    endloop
  endfacet
  facet normal 0.177462 -0.877336 0.445857
    outer loop
      vertex 25.1544 0.0044 2.5000
      vertex 25.2196 0.0176 2.5000
      vertex 25.1489 0.2574 3.0000
    endloop
  endfacet
  facet normal 0.175933 -0.877588 0.445967
    outer loop
      vertex 25.1544 0.0044 2.5000
      vertex 25.1489 0.2574 3.0000
      vertex 25.0850 0.2446 3.0000
    endloop
  endfacet
  facet normal 0.292110 -0.845539 0.446918
    outer loop
      vertex 25.2196 0.0176 2.5000
      vertex 25.2824 0.0393 2.5000
      vertex 25.2105 0.2787 3.0000
    endloop
  endfacet
  facet normal 0.292879 -0.845324 0.446820
    outer loop
      vertex 25.2196 0.0176 2.5000
      vertex 25.2105 0.2787 3.0000
      vertex 25.1489 0.2574 3.0000
    endloop
  endfacet
  facet normal 0.402765 -0.801436 0.442132
    outer loop
      vertex 25.2824 0.0393 2.5000
      vertex 25.3418 0.0692 2.5000
      vertex 25.2686 0.3082 3.0000
    endloop
  endfacet
  facet normal 0.405653 -0.800278 0.441589
    outer loop
      vertex 25.2824 0.0393 2.5000
      vertex 25.2686 0.3082 3.0000
      vertex 25.2105 0.2787 3.0000
    endloop
  endfacet
  facet normal 0.508457 -0.745218 0.431419
    outer loop
      vertex 25.3418 0.0692 2.5000
      vertex 25.3967 0.1066 2.5000
      vertex 25.3223 0.3453 3.0000
    endloop
  endfacet
  facet normal 0.513092 -0.742727 0.430225
    outer loop
      vertex 25.3418 0.0692 2.5000
      vertex 25.3223 0.3453 3.0000
      vertex 25.2686 0.3082 3.0000
    endloop
  endfacet
  facet normal 0.608065 -0.677012 0.414622
    outer loop
      vertex 25.3967 0.1066 2.5000
      vertex 25.4462 0.1510 2.5000
      vertex 25.3706 0.3893 3.0000
    endloop
  endfacet
  facet normal 0.613915 -0.672940 0.412626
    outer loop
      vertex 25.3967 0.1066 2.5000
      vertex 25.3706 0.3893 3.0000
      vertex 25.3223 0.3453 3.0000
    endloop
  endfacet
  facet normal 0.700245 -0.596961 0.391528
    outer loop
      vertex 25.4462 0.1510 2.5000
      vertex 25.4893 0.2016 2.5000
      vertex 25.4126 0.4396 3.0000
    endloop
  endfacet
  facet normal 0.706658 -0.591249 0.388663
    outer loop
      vertex 25.4462 0.1510 2.5000
      vertex 25.4126 0.4396 3.0000
      vertex 25.3706 0.3893 3.0000
    endloop
  endfacet
  facet normal 0.783373 -0.505319 0.361911
    outer loop
      vertex 25.4893 0.2016 2.5000
      vertex 25.5254 0.2575 2.5000
      vertex 25.4476 0.4951 3.0000
    endloop
  endfacet
  facet normal 0.789642 -0.498140 0.358220
    outer loop
      vertex 25.4893 0.2016 2.5000
      vertex 25.4476 0.4951 3.0000
      vertex 25.4126 0.4396 3.0000
    endloop
  endfacet
  facet normal 0.855518 -0.402591 0.325590
    outer loop
      vertex 25.5254 0.2575 2.5000
      vertex 25.5537 0.3177 2.5000
      vertex 25.4750 0.5550 3.0000
    endloop
  endfacet
  facet normal 0.860972 -0.394369 0.321248
    outer loop
      vertex 25.5254 0.2575 2.5000
      vertex 25.4750 0.5550 3.0000
      vertex 25.4476 0.4951 3.0000
    endloop
  endfacet
  facet normal 0.914474 -0.289691 0.282518
    outer loop
      vertex 25.5537 0.3177 2.5000
      vertex 25.5737 0.3810 2.5000
      vertex 25.4944 0.6181 3.0000
    endloop
  endfacet
  facet normal 0.918586 -0.281084 0.277834
    outer loop
      vertex 25.5537 0.3177 2.5000
      vertex 25.4944 0.6181 3.0000
      vertex 25.4750 0.5550 3.0000
    endloop
  endfacet
  facet normal 0.957867 -0.168104 0.232878
    outer loop
      vertex 25.5737 0.3810 2.5000
      vertex 25.5852 0.4465 2.5000
      vertex 25.5052 0.6834 3.0000
    endloop
  endfacet
  facet normal 0.960366 -0.159943 0.228286
    outer loop
      vertex 25.5737 0.3810 2.5000
      vertex 25.5052 0.6834 3.0000
      vertex 25.4944 0.6181 3.0000
    endloop
  endfacet
  facet normal 0.983362 -0.040020 0.177191
    outer loop
      vertex 25.5852 0.4465 2.5000
      vertex 25.5879 0.5129 2.5000
      vertex 25.5075 0.7496 3.0000
    endloop
  endfacet
  facet normal 0.984327 -0.033191 0.173201
    outer loop
      vertex 25.5852 0.4465 2.5000
      vertex 25.5075 0.7496 3.0000
      vertex 25.5052 0.6834 3.0000
    endloop
  endfacet
  facet normal 0.988967 0.091621 0.116400
    outer loop
      vertex 25.5879 0.5129 2.5000
      vertex 25.5818 0.5791 2.5000
      vertex 25.5010 0.8157 3.0000
    endloop
  endfacet
  facet normal 0.988853 0.096342 0.113521
    outer loop
      vertex 25.5879 0.5129 2.5000
      vertex 25.5010 0.8157 3.0000
      vertex 25.5075 0.7496 3.0000
    endloop
  endfacet
  facet normal 0.973384 0.223227 0.051895
    outer loop
      vertex 25.5818 0.5791 2.5000
      vertex 25.5669 0.6439 2.5000
      vertex 25.4860 0.8805 3.0000
    endloop
  endfacet
  facet normal 0.972967 0.225346 0.050539
    outer loop
      vertex 25.5818 0.5791 2.5000
      vertex 25.4860 0.8805 3.0000
      vertex 25.5010 0.8157 3.0000
    endloop
  endfacet
  facet normal 0.957498 0.287775 0.019573
    outer loop
      vertex 25.5669 0.6439 2.5000
      vertex 25.4294 1.1015 2.5000
      vertex 25.3481 1.3379 3.0000
    endloop
  endfacet
  facet normal 0.957283 0.288569 0.018378
    outer loop
      vertex 25.5669 0.6439 2.5000
      vertex 25.3481 1.3379 3.0000
      vertex 25.4860 0.8805 3.0000
    endloop
  endfacet
  facet normal 0.961083 0.275015 0.026194
    outer loop
      vertex 25.4294 1.1015 2.5000
      vertex 25.4289 1.1034 2.5000
      vertex 25.3476 1.3398 3.0000
    endloop
  endfacet
  facet normal 0.960782 0.276120 0.025618
    outer loop
      vertex 25.4294 1.1015 2.5000
      vertex 25.3476 1.3398 3.0000
      vertex 25.3481 1.3379 3.0000
    endloop
  endfacet
  facet normal 0.962596 0.268895 0.033240
    outer loop
      vertex 25.4289 1.1034 2.5000
      vertex 25.0672 2.3982 2.5000
      vertex 24.9840 2.6340 3.0000
    endloop
  endfacet
  facet normal 0.962342 0.270333 0.028613
    outer loop
      vertex 25.4289 1.1034 2.5000
      vertex 24.9840 2.6340 3.0000
      vertex 25.3476 1.3398 3.0000
    endloop
  endfacet
  facet normal 0.964763 0.260417 0.037615
    outer loop
      vertex 25.0672 2.3982 2.5000
      vertex 25.0660 2.4025 2.5000
      vertex 24.9829 2.6382 3.0000
    endloop
  endfacet
  facet normal 0.964310 0.262223 0.036671
    outer loop
      vertex 25.0672 2.3982 2.5000
      vertex 24.9829 2.6382 3.0000
      vertex 24.9840 2.6340 3.0000
    endloop
  endfacet
  facet normal 0.967509 0.249078 0.043428
    outer loop
      vertex 25.0660 2.4025 2.5000
      vertex 25.0655 2.4046 2.5000
      vertex 24.9823 2.6404 3.0000
    endloop
  endfacet
  facet normal 0.967016 0.251170 0.042350
    outer loop
      vertex 25.0660 2.4025 2.5000
      vertex 24.9823 2.6404 3.0000
      vertex 24.9829 2.6382 3.0000
    endloop
  endfacet
  facet normal 0.968604 0.242339 0.055480
    outer loop
      vertex 25.0655 2.4046 2.5000
      vertex 24.6806 3.9430 2.5000
      vertex 24.5933 4.1773 3.0000
    endloop
  endfacet
  facet normal 0.968426 0.245122 0.045445
    outer loop
      vertex 25.0655 2.4046 2.5000
      vertex 24.5933 4.1773 3.0000
      vertex 24.9823 2.6404 3.0000
    endloop
  endfacet
  facet normal 0.971266 0.229816 0.061859
    outer loop
      vertex 24.6806 3.9430 2.5000
      vertex 24.6791 3.9493 2.5000
      vertex 24.5918 4.1836 3.0000
    endloop
  endfacet
  facet normal 0.970536 0.233360 0.060025
    outer loop
      vertex 24.6806 3.9430 2.5000
      vertex 24.5918 4.1836 3.0000
      vertex 24.5933 4.1773 3.0000
    endloop
  endfacet
  facet normal 0.974506 0.213062 0.070301
    outer loop
      vertex 24.6791 3.9493 2.5000
      vertex 24.6784 3.9525 2.5000
      vertex 24.5911 4.1867 3.0000
    endloop
  endfacet
  facet normal 0.973760 0.217100 0.068253
    outer loop
      vertex 24.6791 3.9493 2.5000
      vertex 24.5911 4.1867 3.0000
      vertex 24.5918 4.1836 3.0000
    endloop
  endfacet
  facet normal 0.974761 0.202956 0.093005
    outer loop
      vertex 24.6784 3.9525 2.5000
      vertex 24.3404 5.5757 2.5000
      vertex 24.2446 5.8067 3.0000
    endloop
  endfacet
  facet normal 0.975307 0.208605 0.072529
    outer loop
      vertex 24.6784 3.9525 2.5000
      vertex 24.2446 5.8067 3.0000
      vertex 24.5911 4.1867 3.0000
    endloop
  endfacet
  facet normal 0.977117 0.187310 0.100785
    outer loop
      vertex 24.3404 5.5757 2.5000
      vertex 24.3391 5.5827 2.5000
      vertex 24.2432 5.8136 3.0000
    endloop
  endfacet
  facet normal 0.976084 0.194464 0.097180
    outer loop
      vertex 24.3404 5.5757 2.5000
      vertex 24.2432 5.8136 3.0000
      vertex 24.2446 5.8067 3.0000
    endloop
  endfacet
  facet normal 0.980919 0.155927 0.116125
    outer loop
      vertex 24.3391 5.5827 2.5000
      vertex 24.3379 5.5898 2.5000
      vertex 24.2421 5.8207 3.0000
    endloop
  endfacet
  facet normal 0.980050 0.164167 0.112035
    outer loop
      vertex 24.3391 5.5827 2.5000
      vertex 24.2421 5.8207 3.0000
      vertex 24.2432 5.8136 3.0000
    endloop
  endfacet
  facet normal 0.977591 0.139521 0.157637
    outer loop
      vertex 24.3379 5.5898 2.5000
      vertex 24.1172 7.1363 2.5000
      vertex 24.0047 7.3596 3.0000
    endloop
  endfacet
  facet normal 0.981374 0.151338 0.118331
    outer loop
      vertex 24.3379 5.5898 2.5000
      vertex 24.0047 7.3596 3.0000
      vertex 24.2421 5.8207 3.0000
    endloop
  endfacet
  facet normal 0.978984 0.111031 0.171062
    outer loop
      vertex 24.1172 7.1363 2.5000
      vertex 24.1158 7.1492 2.5000
      vertex 24.0031 7.3724 3.0000
    endloop
  endfacet
  facet normal 0.978394 0.126203 0.163764
    outer loop
      vertex 24.1172 7.1363 2.5000
      vertex 24.0031 7.3724 3.0000
      vertex 24.0047 7.3596 3.0000
    endloop
  endfacet
  facet normal 0.978932 0.054162 0.196872
    outer loop
      vertex 24.1158 7.1492 2.5000
      vertex 24.1150 7.1622 2.5000
      vertex 24.0021 7.3852 3.0000
    endloop
  endfacet
  facet normal 0.979406 0.071310 0.188886
    outer loop
      vertex 24.1158 7.1492 2.5000
      vertex 24.0021 7.3852 3.0000
      vertex 24.0031 7.3724 3.0000
    endloop
  endfacet
  facet normal 0.964377 0.025505 0.263299
    outer loop
      vertex 24.1150 7.1622 2.5000
      vertex 24.0803 8.4741 2.5000
      vertex 23.9384 8.6799 3.0000
    endloop
  endfacet
  facet normal 0.978715 0.048197 0.199484
    outer loop
      vertex 24.1150 7.1622 2.5000
      vertex 23.9384 8.6799 3.0000
      vertex 24.0021 7.3852 3.0000
    endloop
  endfacet
  facet normal 0.961222 -0.005710 0.275718
    outer loop
      vertex 24.0803 8.4741 2.5000
      vertex 24.0804 8.4827 2.5000
      vertex 23.9382 8.6883 3.0000
    endloop
  endfacet
  facet normal 0.964094 0.022040 0.264645
    outer loop
      vertex 24.0803 8.4741 2.5000
      vertex 23.9382 8.6883 3.0000
      vertex 23.9384 8.6799 3.0000
    endloop
  endfacet
  facet normal 0.945518 -0.097813 0.310531
    outer loop
      vertex 24.0804 8.4827 2.5000
      vertex 24.0829 8.5073 2.5000
      vertex 23.9399 8.7124 3.0000
    endloop
  endfacet
  facet normal 0.951718 -0.069117 0.299091
    outer loop
      vertex 24.0804 8.4827 2.5000
      vertex 23.9399 8.7124 3.0000
      vertex 23.9382 8.6883 3.0000
    endloop
  endfacet
  facet normal 0.000000 0.000000 1.000000
    outer loop
      vertex 26.5968 9.3858 3.0000
      vertex 26.6662 9.3654 3.0000
      vertex 26.7375 9.3550 3.0000
    endloop
  endfacet
  facet normal 0.000000 0.000000 1.000000
    outer loop
      vertex 26.5968 9.3858 3.0000
      vertex 26.7375 9.3550 3.0000
      vertex 26.8093 9.3546 3.0000
    endloop
  endfacet
  facet normal 0.000000 0.000000 1.000000
    outer loop
      vertex 25.7166 9.7133 3.0000
      vertex 26.5968 9.3858 3.0000
      vertex 26.8093 9.3546 3.0000
    endloop
  endfacet
  facet normal 0.000000 0.000000 1.000000
    outer loop
      vertex 25.7144 9.7141 3.0000
      vertex 25.7166 9.7133 3.0000
      vertex 26.8093 9.3546 3.0000
    endloop
  endfacet
  facet normal 0.000000 0.000000 1.000000
    outer loop
      vertex 25.7099 9.7156 3.0000
      vertex 25.7144 9.7141 3.0000
      vertex 26.8093 9.3546 3.0000
    endloop
  endfacet
  facet normal 0.000000 0.000000 1.000000
    outer loop
      vertex 24.7782 10.0367 3.0000
      vertex 25.7099 9.7156 3.0000
      vertex 26.8093 9.3546 3.0000
    endloop
  endfacet
  facet normal 0.000000 0.000000 1.000000
    outer loop
      vertex 24.7782 10.0367 3.0000
      vertex 26.8093 9.3546 3.0000
      vertex 26.8801 9.3644 3.0000
    endloop
  endfacet
  facet normal 0.000000 0.000000 1.000000
    outer loop
      vertex 24.7782 10.0367 3.0000
      vertex 26.8801 9.3644 3.0000
      vertex 27.3431 9.4633 3.0000
    endloop
  endfacet
  facet normal 0.000000 0.000000 1.000000
    outer loop
      vertex 24.7782 10.0367 3.0000
      vertex 27.3431 9.4633 3.0000
      vertex 27.4124 9.4835 3.0000
    endloop
  endfacet
  facet normal 0.000000 0.000000 1.000000
    outer loop
      vertex 24.7697 10.0393 3.0000
      vertex 24.7782 10.0367 3.0000
      vertex 27.4124 9.4835 3.0000
    endloop
  endfacet
  facet normal 0.000000 0.000000 1.000000
    outer loop
      vertex 24.7508 10.0433 3.0000
      vertex 24.7697 10.0393 3.0000
      vertex 27.4124 9.4835 3.0000
    endloop
  endfacet
  facet normal 0.000000 0.000000 1.000000
    outer loop
      vertex 24.7508 10.0433 3.0000
      vertex 27.4124 9.4835 3.0000
      vertex 27.4776 9.5135 3.0000
    endloop
  endfacet
  facet normal 0.000000 0.000000 1.000000
    outer loop
      vertex 24.7508 10.0433 3.0000
      vertex 27.4776 9.5135 3.0000
      vertex 27.5373 9.5526 3.0000
    endloop
  endfacet
  facet normal 0.000000 0.000000 1.000000
    outer loop
      vertex 24.7508 10.0433 3.0000
      vertex 27.5373 9.5526 3.0000
      vertex 27.5904 9.5999 3.0000
    endloop
  endfacet
  facet normal 0.000000 0.000000 1.000000
    outer loop
      vertex 24.7508 10.0433 3.0000
      vertex 27.5904 9.5999 3.0000
      vertex 27.9648 9.9881 3.0000
    endloop
  endfacet
  facet normal 0.000000 0.000000 1.000000
    outer loop
      vertex 24.7378 10.0443 3.0000
      vertex 24.7508 10.0433 3.0000
      vertex 27.9648 9.9881 3.0000
    endloop
  endfacet
  facet normal 0.000000 0.000000 1.000000
    outer loop
      vertex 24.7378 10.0443 3.0000
      vertex 27.9648 9.9881 3.0000
      vertex 28.0051 10.0356 3.0000
    endloop
  endfacet
  facet normal -0.000000 0.000000 1.000000
    outer loop
      vertex 24.7378 10.0443 3.0000
      vertex 28.0051 10.0356 3.0000
      vertex 28.0386 10.0878 3.0000
    endloop
  endfacet
  facet normal 0.000000 0.000000 1.000000
    outer loop
      vertex 24.7378 10.0443 3.0000
      vertex 28.0386 10.0878 3.0000
      vertex 28.0648 10.1439 3.0000
    endloop
  endfacet
  facet normal 0.000000 0.000000 1.000000
    outer loop
      vertex 24.7378 10.0443 3.0000
      vertex 28.0648 10.1439 3.0000
      vertex 28.3399 10.8468 3.0000
    endloop
  endfacet
  facet normal 0.000000 0.000000 1.000000
    outer loop
      vertex 24.7248 10.0437 3.0000
      vertex 24.7378 10.0443 3.0000
      vertex 28.3399 10.8468 3.0000
    endloop
  endfacet
  facet normal 0.000000 0.000000 1.000000
    outer loop
      vertex 24.7122 10.0414 3.0000
      vertex 24.7248 10.0437 3.0000
      vertex 28.3399 10.8468 3.0000
    endloop
  endfacet
  facet normal 0.000000 0.000000 1.000000
    outer loop
      vertex 24.7122 10.0414 3.0000
      vertex 28.3399 10.8468 3.0000
      vertex 28.3587 10.9059 3.0000
    endloop
  endfacet
  facet normal 0.000000 0.000000 1.000000
    outer loop
      vertex 24.7122 10.0414 3.0000
      vertex 28.3587 10.9059 3.0000
      vertex 28.3696 10.9668 3.0000
    endloop
  endfacet
  facet normal 0.000000 0.000000 1.000000
    outer loop
      vertex 24.7122 10.0414 3.0000
      vertex 28.3696 10.9668 3.0000
      vertex 28.4683 11.8469 3.0000
    endloop
  endfacet
  facet normal 0.000000 0.000000 1.000000
    outer loop
      vertex 24.7122 10.0414 3.0000
      vertex 28.4683 11.8469 3.0000
      vertex 28.4713 11.9000 3.0000
    endloop
  endfacet
  facet normal 0.000000 0.000000 1.000000
    outer loop
      vertex 24.7001 10.0374 3.0000
      vertex 24.7122 10.0414 3.0000
      vertex 28.4713 11.9000 3.0000
    endloop
  endfacet
  facet normal 0.000000 0.000000 1.000000
    outer loop
      vertex 24.6835 10.0293 3.0000
      vertex 24.7001 10.0374 3.0000
      vertex 28.4713 11.9000 3.0000
    endloop
  endfacet
  facet normal 0.000000 0.000000 1.000000
    outer loop
      vertex 24.6835 10.0293 3.0000
      vertex 28.4713 11.9000 3.0000
      vertex 28.4683 11.9531 3.0000
    endloop
  endfacet
  facet normal 0.000000 0.000000 1.000000
    outer loop
      vertex 24.6835 10.0293 3.0000
      vertex 28.4683 11.9531 3.0000
      vertex 28.3696 12.8332 3.0000
    endloop
  endfacet
  facet normal 0.000000 0.000000 1.000000
    outer loop
      vertex 24.6763 10.0248 3.0000
      vertex 24.6835 10.0293 3.0000
      vertex 28.3696 12.8332 3.0000
    endloop
  endfacet
  facet normal 0.000000 0.000000 1.000000
    outer loop
      vertex 24.1666 9.6779 3.0000
      vertex 24.6763 10.0248 3.0000
      vertex 28.3696 12.8332 3.0000
    endloop
  endfacet
  facet normal 0.000000 0.000000 1.000000
    outer loop
      vertex 24.1595 9.6725 3.0000
      vertex 24.1666 9.6779 3.0000
      vertex 28.3696 12.8332 3.0000
    endloop
  endfacet
  facet normal 0.000000 0.000000 1.000000
    outer loop
      vertex 24.1595 9.6725 3.0000
      vertex 28.3696 12.8332 3.0000
      vertex 28.3587 12.8942 3.0000
    endloop
  endfacet
  facet normal 0.000000 0.000000 1.000000
    outer loop
      vertex 24.1595 9.6725 3.0000
      vertex 28.3587 12.8942 3.0000
      vertex 28.3399 12.9532 3.0000
    endloop
  endfacet
  facet normal 0.000000 0.000000 1.000000
    outer loop
      vertex 24.1595 9.6725 3.0000
      vertex 28.3399 12.9532 3.0000
      vertex 28.0648 13.6561 3.0000
    endloop
  endfacet
  facet normal 0.000000 0.000000 1.000000
    outer loop
      vertex 24.1454 9.6592 3.0000
      vertex 24.1595 9.6725 3.0000
      vertex 28.0648 13.6561 3.0000
    endloop
  endfacet
  facet normal 0.000000 0.000000 1.000000
    outer loop
      vertex 24.1454 9.6592 3.0000
      vertex 28.0648 13.6561 3.0000
      vertex 28.0386 13.7122 3.0000
    endloop
  endfacet
  facet normal 0.000000 0.000000 1.000000
    outer loop
      vertex 24.1454 9.6592 3.0000
      vertex 28.0386 13.7122 3.0000
      vertex 28.0051 13.7644 3.0000
    endloop
  endfacet
  facet normal 0.000000 0.000000 1.000000
    outer loop
      vertex 24.1454 9.6592 3.0000
      vertex 28.0051 13.7644 3.0000
      vertex 27.9648 13.8119 3.0000
    endloop
  endfacet
  facet normal 0.000000 0.000000 1.000000
    outer loop
      vertex 24.1454 9.6592 3.0000
      vertex 27.9648 13.8119 3.0000
      vertex 27.5904 14.2001 3.0000
    endloop
  endfacet
  facet normal 0.000000 0.000000 1.000000
    outer loop
      vertex 24.1373 9.6487 3.0000
      vertex 24.1454 9.6592 3.0000
      vertex 27.5904 14.2001 3.0000
    endloop
  endfacet
  facet normal 0.000000 0.000000 1.000000
    outer loop
      vertex 24.1373 9.6487 3.0000
      vertex 27.5904 14.2001 3.0000
      vertex 27.5373 14.2474 3.0000
    endloop
  endfacet
  facet normal 0.000000 0.000000 1.000000
    outer loop
      vertex 24.1373 9.6487 3.0000
      vertex 27.5373 14.2474 3.0000
      vertex 27.4776 14.2865 3.0000
    endloop
  endfacet
  facet normal 0.000000 0.000000 1.000000
    outer loop
      vertex 24.1373 9.6487 3.0000
      vertex 27.4776 14.2865 3.0000
      vertex 27.4124 14.3165 3.0000
    endloop
  endfacet
  facet normal 0.000000 0.000000 1.000000
    outer loop
      vertex 24.1373 9.6487 3.0000
      vertex 27.4124 14.3165 3.0000
      vertex 27.3431 14.3367 3.0000
    endloop
  endfacet
  facet normal 0.000000 0.000000 1.000000
    outer loop
      vertex 24.1373 9.6487 3.0000
      vertex 27.3431 14.3367 3.0000
      vertex 26.8801 14.4356 3.0000
    endloop
  endfacet
  facet normal 0.000000 0.000000 1.000000
    outer loop
      vertex 24.1373 9.6487 3.0000
      vertex 26.8801 14.4356 3.0000
      vertex 26.8093 14.4454 3.0000
    endloop
  endfacet
  facet normal 0.000000 0.000000 1.000000
    outer loop
      vertex 24.1373 9.6487 3.0000
      vertex 26.8093 14.4454 3.0000
      vertex 26.7375 14.4450 3.0000
    endloop
  endfacet
  facet normal 0.000000 0.000000 1.000000
    outer loop
      vertex 24.1308 9.6371 3.0000
      vertex 24.1373 9.6487 3.0000
      vertex 26.7375 14.4450 3.0000
    endloop
  endfacet
  facet normal 0.000000 0.000000 1.000000
    outer loop
      vertex 24.1308 9.6371 3.0000
      vertex 26.7375 14.4450 3.0000
      vertex 26.6662 14.4346 3.0000
    endloop
  endfacet
  facet normal 0.000000 0.000000 1.000000
    outer loop
      vertex 24.1308 9.6371 3.0000
      vertex 26.6662 14.4346 3.0000
      vertex 26.5968 14.4142 3.0000
    endloop
  endfacet
  facet normal 0.000000 0.000000 1.000000
    outer loop
      vertex 24.1308 9.6371 3.0000
      vertex 26.5968 14.4142 3.0000
      vertex 25.7171 14.0869 3.0000
    endloop
  endfacet
  facet normal 0.000000 0.000000 1.000000
    outer loop
      vertex 24.1241 9.6187 3.0000
      vertex 24.1308 9.6371 3.0000
      vertex 25.7171 14.0869 3.0000
    endloop
  endfacet
  facet normal 0.000000 0.000000 1.000000
    outer loop
      vertex 24.1241 9.6187 3.0000
      vertex 25.7171 14.0869 3.0000
      vertex 25.7126 14.0853 3.0000
    endloop
  endfacet
  facet normal 0.000000 0.000000 1.000000
    outer loop
      vertex 24.1241 9.6187 3.0000
      vertex 25.7126 14.0853 3.0000
      vertex 25.7104 14.0845 3.0000
    endloop
  endfacet
  facet normal 0.000000 0.000000 1.000000
    outer loop
      vertex 24.1241 9.6187 3.0000
      vertex 25.7104 14.0845 3.0000
      vertex 24.7782 13.7633 3.0000
    endloop
  endfacet
  facet normal 0.000000 0.000000 1.000000
    outer loop
      vertex 24.1220 9.6099 3.0000
      vertex 24.1241 9.6187 3.0000
      vertex 24.7782 13.7633 3.0000
    endloop
  endfacet
  facet normal 0.000000 0.000000 1.000000
    outer loop
      vertex 23.9414 8.7206 3.0000
      vertex 24.1220 9.6099 3.0000
      vertex 24.7782 13.7633 3.0000
    endloop
  endfacet
  facet normal 0.000000 0.000000 1.000000
    outer loop
      vertex 23.9399 8.7124 3.0000
      vertex 23.9414 8.7206 3.0000
      vertex 24.7782 13.7633 3.0000
    endloop
  endfacet
  facet normal 0.000000 0.000000 1.000000
    outer loop
      vertex 23.9399 8.7124 3.0000
      vertex 24.7782 13.7633 3.0000
      vertex 24.7697 13.7607 3.0000
    endloop
  endfacet
  facet normal 0.000000 0.000000 1.000000
    outer loop
      vertex 23.9399 8.7124 3.0000
      vertex 24.7697 13.7607 3.0000
      vertex 24.7508 13.7567 3.0000
    endloop
  endfacet
  facet normal 0.000000 0.000000 1.000000
    outer loop
      vertex 23.9399 8.7124 3.0000
      vertex 24.7508 13.7567 3.0000
      vertex 24.7378 13.7557 3.0000
    endloop
  endfacet
  facet normal 0.000000 0.000000 1.000000
    outer loop
      vertex 23.9399 8.7124 3.0000
      vertex 24.7378 13.7557 3.0000
      vertex 24.7248 13.7563 3.0000
    endloop
  endfacet
  facet normal 0.000000 0.000000 1.000000
    outer loop
      vertex 23.9399 8.7124 3.0000
      vertex 24.7248 13.7563 3.0000
      vertex 24.7122 13.7586 3.0000
    endloop
  endfacet
  facet normal 0.000000 0.000000 1.000000
    outer loop
      vertex 23.9399 8.7124 3.0000
      vertex 24.7122 13.7586 3.0000
      vertex 24.7001 13.7626 3.0000
    endloop
  endfacet
  facet normal 0.000000 0.000000 1.000000
    outer loop
      vertex 23.9399 8.7124 3.0000
      vertex 24.7001 13.7626 3.0000
      vertex 24.6835 13.7707 3.0000
    endloop
  endfacet
  facet normal 0.000000 0.000000 1.000000
    outer loop
      vertex 23.9399 8.7124 3.0000
      vertex 24.6835 13.7707 3.0000
      vertex 24.6763 13.7752 3.0000
    endloop
  endfacet
  facet normal 0.000000 0.000000 1.000000
    outer loop
      vertex 23.9399 8.7124 3.0000
      vertex 24.6763 13.7752 3.0000
      vertex 24.1666 14.1221 3.0000
    endloop
  endfacet
  facet normal 0.000000 0.000000 1.000000
    outer loop
      vertex 23.9399 8.7124 3.0000
      vertex 24.1666 14.1221 3.0000
      vertex 24.1595 14.1275 3.0000
    endloop
  endfacet
  facet normal 0.000000 0.000000 1.000000
    outer loop
      vertex 23.9399 8.7124 3.0000
      vertex 24.1595 14.1275 3.0000
      vertex 24.1454 14.1408 3.0000
    endloop
  endfacet
  facet normal 0.000000 0.000000 1.000000
    outer loop
      vertex 23.9399 8.7124 3.0000
      vertex 24.1454 14.1408 3.0000
      vertex 24.1373 14.1513 3.0000
    endloop
  endfacet
  facet normal 0.000000 0.000000 1.000000
    outer loop
      vertex 23.9399 8.7124 3.0000
      vertex 24.1373 14.1513 3.0000
      vertex 24.1308 14.1629 3.0000
    endloop
  endfacet
  facet normal 0.000000 0.000000 1.000000
    outer loop
      vertex 23.9399 8.7124 3.0000
      vertex 24.1308 14.1629 3.0000
      vertex 24.1241 14.1813 3.0000
    endloop
  endfacet
  facet normal 0.000000 0.000000 1.000000
    outer loop
      vertex 23.9399 8.7124 3.0000
      vertex 24.1241 14.1813 3.0000
      vertex 24.1220 14.1901 3.0000
    endloop
  endfacet
  facet normal 0.000000 0.000000 1.000000
    outer loop
      vertex 23.9399 8.7124 3.0000
      vertex 24.1220 14.1901 3.0000
      vertex 23.9413 15.0794 3.0000
    endloop
  endfacet
  facet normal 0.000000 -0.000000 1.000000
    outer loop
      vertex 23.9399 8.7124 3.0000
      vertex 23.9413 15.0794 3.0000
      vertex 23.9399 15.0876 3.0000
    endloop
  endfacet
  facet normal 0.000000 0.000000 1.000000
    outer loop
      vertex 25.4860 22.9195 3.0000
      vertex 25.5010 22.9843 3.0000
      vertex 25.5075 23.0504 3.0000
    endloop
  endfacet
  facet normal 0.000000 0.000000 1.000000
    outer loop
      vertex 25.4860 22.9195 3.0000
      vertex 25.5075 23.0504 3.0000
      vertex 25.5052 23.1166 3.0000
    endloop
  endfacet
  facet normal 0.000000 0.000000 1.000000
    outer loop
      vertex 25.3490 22.4651 3.0000
      vertex 25.4860 22.9195 3.0000
      vertex 25.5052 23.1166 3.0000
    endloop
  endfacet
  facet normal 0.000000 0.000000 1.000000
    outer loop
      vertex 25.3485 22.4632 3.0000
      vertex 25.3490 22.4651 3.0000
      vertex 25.5052 23.1166 3.0000
    endloop
  endfacet
  facet normal 0.000000 0.000000 1.000000
    outer loop
      vertex 25.3485 22.4632 3.0000
      vertex 25.5052 23.1166 3.0000
      vertex 25.4944 23.1819 3.0000
    endloop
  endfacet
  facet normal 0.000000 0.000000 1.000000
    outer loop
      vertex 24.9839 21.1656 3.0000
      vertex 25.3485 22.4632 3.0000
      vertex 25.4944 23.1819 3.0000
    endloop
  endfacet
  facet normal 0.000000 0.000000 1.000000
    outer loop
      vertex 24.9833 21.1635 3.0000
      vertex 24.9839 21.1656 3.0000
      vertex 25.4944 23.1819 3.0000
    endloop
  endfacet
  facet normal 0.000000 0.000000 1.000000
    outer loop
      vertex 24.9822 21.1592 3.0000
      vertex 24.9833 21.1635 3.0000
      vertex 25.4944 23.1819 3.0000
    endloop
  endfacet
  facet normal 0.000000 0.000000 1.000000
    outer loop
      vertex 24.9822 21.1592 3.0000
      vertex 25.4944 23.1819 3.0000
      vertex 25.4751 23.2450 3.0000
    endloop
  endfacet
  facet normal 0.000000 0.000000 1.000000
    outer loop
      vertex 24.9822 21.1592 3.0000
      vertex 25.4751 23.2450 3.0000
      vertex 25.4476 23.3049 3.0000
    endloop
  endfacet
  facet normal 0.000000 0.000000 1.000000
    outer loop
      vertex 24.5931 19.6220 3.0000
      vertex 24.9822 21.1592 3.0000
      vertex 25.4476 23.3049 3.0000
    endloop
  endfacet
  facet normal 0.000000 0.000000 1.000000
    outer loop
      vertex 24.5931 19.6220 3.0000
      vertex 25.4476 23.3049 3.0000
      vertex 25.4126 23.3604 3.0000
    endloop
  endfacet
  facet normal 0.000000 0.000000 1.000000
    outer loop
      vertex 24.5924 19.6189 3.0000
      vertex 24.5931 19.6220 3.0000
      vertex 25.4126 23.3604 3.0000
    endloop
  endfacet
  facet normal 0.000000 0.000000 1.000000
    outer loop
      vertex 24.5910 19.6126 3.0000
      vertex 24.5924 19.6189 3.0000
      vertex 25.4126 23.3604 3.0000
    endloop
  endfacet
  facet normal 0.000000 0.000000 1.000000
    outer loop
      vertex 24.5910 19.6126 3.0000
      vertex 25.4126 23.3604 3.0000
      vertex 25.3706 23.4107 3.0000
    endloop
  endfacet
  facet normal 0.000000 0.000000 1.000000
    outer loop
      vertex 24.2446 17.9933 3.0000
      vertex 24.5910 19.6126 3.0000
      vertex 25.3706 23.4107 3.0000
    endloop
  endfacet
  facet normal 0.000000 0.000000 1.000000
    outer loop
      vertex 24.2446 17.9933 3.0000
      vertex 25.3706 23.4107 3.0000
      vertex 25.3223 23.4547 3.0000
    endloop
  endfacet
  facet normal 0.000000 0.000000 1.000000
    outer loop
      vertex 24.2432 17.9864 3.0000
      vertex 24.2446 17.9933 3.0000
      vertex 25.3223 23.4547 3.0000
    endloop
  endfacet
  facet normal 0.000000 0.000000 1.000000
    outer loop
      vertex 24.2432 17.9864 3.0000
      vertex 25.3223 23.4547 3.0000
      vertex 25.2686 23.4918 3.0000
    endloop
  endfacet
  facet normal 0.000000 0.000000 1.000000
    outer loop
      vertex 24.2432 17.9864 3.0000
      vertex 25.2686 23.4918 3.0000
      vertex 25.2105 23.5213 3.0000
    endloop
  endfacet
  facet normal 0.000000 0.000000 1.000000
    outer loop
      vertex 24.2432 17.9864 3.0000
      vertex 25.2105 23.5213 3.0000
      vertex 25.1489 23.5426 3.0000
    endloop
  endfacet
  facet normal 0.000000 0.000000 1.000000
    outer loop
      vertex 24.2420 17.9793 3.0000
      vertex 24.2432 17.9864 3.0000
      vertex 25.1489 23.5426 3.0000
    endloop
  endfacet
  facet normal 0.000000 0.000000 1.000000
    outer loop
      vertex 24.2420 17.9793 3.0000
      vertex 25.1489 23.5426 3.0000
      vertex 25.0850 23.5554 3.0000
    endloop
  endfacet
  facet normal 0.000000 0.000000 1.000000
    outer loop
      vertex 24.0047 16.4404 3.0000
      vertex 24.2420 17.9793 3.0000
      vertex 25.0850 23.5554 3.0000
    endloop
  endfacet
  facet normal 0.000000 0.000000 1.000000
    outer loop
      vertex 24.0047 16.4404 3.0000
      vertex 25.0850 23.5554 3.0000
      vertex 25.0200 23.5595 3.0000
    endloop
  endfacet
  facet normal 0.000000 -0.000000 1.000000
    outer loop
      vertex 24.0047 16.4404 3.0000
      vertex 25.0200 23.5595 3.0000
      vertex 0.7180 23.6777 3.0000
    endloop
  endfacet
  facet normal 0.000000 -0.000000 1.000000
    outer loop
      vertex 24.0031 16.4276 3.0000
      vertex 24.0047 16.4404 3.0000
      vertex 0.7180 23.6777 3.0000
    endloop
  endfacet
  facet normal 0.000000 -0.000000 1.000000
    outer loop
      vertex 24.0021 16.4148 3.0000
      vertex 24.0031 16.4276 3.0000
      vertex 0.7180 23.6777 3.0000
    endloop
  endfacet
  facet normal 0.000000 -0.000000 1.000000
    outer loop
      vertex 23.9384 15.1202 3.0000
      vertex 24.0021 16.4148 3.0000
      vertex 0.7180 23.6777 3.0000
    endloop
  endfacet
  facet normal 0.000000 -0.000000 1.000000
    outer loop
      vertex 23.9382 15.1117 3.0000
      vertex 23.9384 15.1202 3.0000
      vertex 0.7180 23.6777 3.0000
    endloop
  endfacet
  facet normal 0.000000 0.000000 1.000000
    outer loop
      vertex 23.9399 8.7124 3.0000
      vertex 23.9399 15.0876 3.0000
      vertex 23.9382 15.1117 3.0000
    endloop
  endfacet
  facet normal 0.000000 0.000000 1.000000
    outer loop
      vertex 23.9399 8.7124 3.0000
      vertex 23.9382 15.1117 3.0000
      vertex 0.7180 23.6777 3.0000
    endloop
  endfacet
  facet normal 0.000000 -0.000000 1.000000
    outer loop
      vertex 23.9382 8.6883 3.0000
      vertex 23.9399 8.7124 3.0000
      vertex 0.7180 23.6777 3.0000
    endloop
  endfacet
  facet normal 0.000000 0.000000 1.000000
    outer loop
      vertex 23.9382 8.6883 3.0000
      vertex 0.7180 23.6777 3.0000
      vertex 0.6530 23.6737 3.0000
    endloop
  endfacet
  facet normal 0.000000 0.000000 1.000000
    outer loop
      vertex 23.9382 8.6883 3.0000
      vertex 0.6530 23.6737 3.0000
      vertex 0.5890 23.6614 3.0000
    endloop
  endfacet
  facet normal 0.000000 0.000000 1.000000
    outer loop
      vertex 23.9382 8.6883 3.0000
      vertex 0.5890 23.6614 3.0000
      vertex 0.5273 23.6408 3.0000
    endloop
  endfacet
  facet normal 0.000000 0.000000 1.000000
    outer loop
      vertex 23.9382 8.6883 3.0000
      vertex 0.5273 23.6408 3.0000
      vertex 0.4689 23.6123 3.0000
    endloop
  endfacet
  facet normal 0.000000 0.000000 1.000000
    outer loop
      vertex 23.9382 8.6883 3.0000
      vertex 0.4689 23.6123 3.0000
      vertex 0.4148 23.5765 3.0000
    endloop
  endfacet
  facet normal 0.000000 0.000000 1.000000
    outer loop
      vertex 23.9382 8.6883 3.0000
      vertex 0.4148 23.5765 3.0000
      vertex 0.3660 23.5339 3.0000
    endloop
  endfacet
  facet normal 0.000000 0.000000 1.000000
    outer loop
      vertex 23.9382 8.6883 3.0000
      vertex 0.3660 23.5339 3.0000
      vertex 0.3232 23.4853 3.0000
    endloop
  endfacet
  facet normal 0.000000 0.000000 1.000000
    outer loop
      vertex 23.9382 8.6883 3.0000
      vertex 0.3232 23.4853 3.0000
      vertex 0.2871 23.4315 3.0000
    endloop
  endfacet
  facet normal 0.000000 0.000000 1.000000
    outer loop
      vertex 23.9382 8.6883 3.0000
      vertex 0.2871 23.4315 3.0000
      vertex 0.2585 23.3735 3.0000
    endloop
  endfacet
  facet normal 0.000000 0.000000 1.000000
    outer loop
      vertex 23.9382 8.6883 3.0000
      vertex 0.2585 23.3735 3.0000
      vertex 0.2378 23.3121 3.0000
    endloop
  endfacet
  facet normal 0.000000 0.000000 1.000000
    outer loop
      vertex 23.9382 8.6883 3.0000
      vertex 0.2378 23.3121 3.0000
      vertex 0.2253 23.2485 3.0000
    endloop
  endfacet
  facet normal 0.000000 0.000000 1.000000
    outer loop
      vertex 23.9382 8.6883 3.0000
      vertex 0.2253 23.2485 3.0000
      vertex 0.2214 23.1838 3.0000
    endloop
  endfacet
  facet normal 0.000000 0.000000 1.000000
    outer loop
      vertex 23.9382 8.6883 3.0000
      vertex 0.2214 23.1838 3.0000
      vertex 0.2214 0.6162 3.0000
    endloop
  endfacet
  facet normal 0.000000 0.000000 1.000000
    outer loop
      vertex 23.9382 8.6883 3.0000
      vertex 0.2214 0.6162 3.0000
      vertex 0.2253 0.5515 3.0000
    endloop
  endfacet
  facet normal 0.000000 0.000000 1.000000
    outer loop
      vertex 23.9382 8.6883 3.0000
      vertex 0.2253 0.5515 3.0000
      vertex 0.2378 0.4879 3.0000
    endloop
  endfacet
  facet normal 0.000000 0.000000 1.000000
    outer loop
      vertex 23.9382 8.6883 3.0000
      vertex 0.2378 0.4879 3.0000
      vertex 0.2585 0.4265 3.0000
    endloop
  endfacet
  facet normal 0.000000 0.000000 1.000000
    outer loop
      vertex 23.9382 8.6883 3.0000
      vertex 0.2585 0.4265 3.0000
      vertex 0.2871 0.3685 3.0000
    endloop
  endfacet
  facet normal 0.000000 0.000000 1.000000
    outer loop
      vertex 23.9382 8.6883 3.0000
      vertex 0.2871 0.3685 3.0000
      vertex 0.3232 0.3147 3.0000
    endloop
  endfacet
  facet normal 0.000000 0.000000 1.000000
    outer loop
      vertex 23.9382 8.6883 3.0000
      vertex 0.3232 0.3147 3.0000
      vertex 0.3660 0.2661 3.0000
    endloop
  endfacet
  facet normal 0.000000 0.000000 1.000000
    outer loop
      vertex 23.9382 8.6883 3.0000
      vertex 0.3660 0.2661 3.0000
      vertex 0.4148 0.2235 3.0000
    endloop
  endfacet
  facet normal 0.000000 0.000000 1.000000
    outer loop
      vertex 23.9382 8.6883 3.0000
      vertex 0.4148 0.2235 3.0000
      vertex 0.4689 0.1877 3.0000
    endloop
  endfacet
  facet normal 0.000000 0.000000 1.000000
    outer loop
      vertex 23.9382 8.6883 3.0000
      vertex 0.4689 0.1877 3.0000
      vertex 0.5273 0.1592 3.0000
    endloop
  endfacet
  facet normal 0.000000 0.000000 1.000000
    outer loop
      vertex 23.9382 8.6883 3.0000
      vertex 0.5273 0.1592 3.0000
      vertex 0.5890 0.1386 3.0000
    endloop
  endfacet
  facet normal 0.000000 0.000000 1.000000
    outer loop
      vertex 23.9382 8.6883 3.0000
      vertex 0.5890 0.1386 3.0000
      vertex 0.6530 0.1263 3.0000
    endloop
  endfacet
  facet normal 0.000000 0.000000 1.000000
    outer loop
      vertex 23.9382 8.6883 3.0000
      vertex 0.6530 0.1263 3.0000
      vertex 0.7180 0.1223 3.0000
    endloop
  endfacet
  facet normal 0.000000 0.000000 1.000000
    outer loop
      vertex 0.7180 0.1223 3.0000
      vertex 25.0200 0.2405 3.0000
      vertex 25.0850 0.2446 3.0000
    endloop
  endfacet
  facet normal 0.000000 0.000000 1.000000
    outer loop
      vertex 0.7180 0.1223 3.0000
      vertex 25.0850 0.2446 3.0000
      vertex 25.1489 0.2574 3.0000
    endloop
  endfacet
  facet normal 0.000000 0.000000 1.000000
    outer loop
      vertex 0.7180 0.1223 3.0000
      vertex 25.1489 0.2574 3.0000
      vertex 25.2105 0.2787 3.0000
    endloop
  endfacet
  facet normal 0.000000 0.000000 1.000000
    outer loop
      vertex 0.7180 0.1223 3.0000
      vertex 25.2105 0.2787 3.0000
      vertex 25.2686 0.3082 3.0000
    endloop
  endfacet
  facet normal 0.000000 0.000000 1.000000
    outer loop
      vertex 0.7180 0.1223 3.0000
      vertex 25.2686 0.3082 3.0000
      vertex 25.3223 0.3453 3.0000
    endloop
  endfacet
  facet normal 0.000000 0.000000 1.000000
    outer loop
      vertex 0.7180 0.1223 3.0000
      vertex 25.3223 0.3453 3.0000
      vertex 25.3706 0.3893 3.0000
    endloop
  endfacet
  facet normal 0.000000 0.000000 1.000000
    outer loop
      vertex 0.7180 0.1223 3.0000
      vertex 25.3706 0.3893 3.0000
      vertex 25.4126 0.4396 3.0000
    endloop
  endfacet
  facet normal 0.000000 0.000000 1.000000
    outer loop
      vertex 0.7180 0.1223 3.0000
      vertex 25.4126 0.4396 3.0000
      vertex 25.4476 0.4951 3.0000
    endloop
  endfacet
  facet normal 0.000000 0.000000 1.000000
    outer loop
      vertex 0.7180 0.1223 3.0000
      vertex 25.4476 0.4951 3.0000
      vertex 25.4750 0.5550 3.0000
    endloop
  endfacet
  facet normal 0.000000 0.000000 1.000000
    outer loop
      vertex 0.7180 0.1223 3.0000
      vertex 25.4750 0.5550 3.0000
      vertex 25.4944 0.6181 3.0000
    endloop
  endfacet
  facet normal 0.000000 0.000000 1.000000
    outer loop
      vertex 0.7180 0.1223 3.0000
      vertex 25.4944 0.6181 3.0000
      vertex 25.5052 0.6834 3.0000
    endloop
  endfacet
  facet normal 0.000000 0.000000 1.000000
    outer loop
      vertex 0.7180 0.1223 3.0000
      vertex 25.5052 0.6834 3.0000
      vertex 25.5075 0.7496 3.0000
    endloop
  endfacet
  facet normal 0.000000 0.000000 1.000000
    outer loop
      vertex 0.7180 0.1223 3.0000
      vertex 25.5075 0.7496 3.0000
      vertex 25.5010 0.8157 3.0000
    endloop
  endfacet
  facet normal 0.000000 0.000000 1.000000
    outer loop
      vertex 0.7180 0.1223 3.0000
      vertex 25.5010 0.8157 3.0000
      vertex 25.4860 0.8805 3.0000
    endloop
  endfacet
  facet normal 0.000000 0.000000 1.000000
    outer loop
      vertex 0.7180 0.1223 3.0000
      vertex 25.4860 0.8805 3.0000
      vertex 25.3481 1.3379 3.0000
    endloop
  endfacet
  facet normal 0.000000 0.000000 1.000000
    outer loop
      vertex 0.7180 0.1223 3.0000
      vertex 25.3481 1.3379 3.0000
      vertex 25.3476 1.3398 3.0000
    endloop
  endfacet
  facet normal 0.000000 0.000000 1.000000
    outer loop
      vertex 0.7180 0.1223 3.0000
      vertex 25.3476 1.3398 3.0000
      vertex 24.9840 2.6340 3.0000
    endloop
  endfacet
  facet normal 0.000000 0.000000 1.000000
    outer loop
      vertex 0.7180 0.1223 3.0000
      vertex 24.9840 2.6340 3.0000
      vertex 24.9829 2.6382 3.0000
    endloop
  endfacet
  facet normal 0.000000 0.000000 1.000000
    outer loop
      vertex 0.7180 0.1223 3.0000
      vertex 24.9829 2.6382 3.0000
      vertex 24.9823 2.6404 3.0000
    endloop
  endfacet
  facet normal 0.000000 0.000000 1.000000
    outer loop
      vertex 0.7180 0.1223 3.0000
      vertex 24.9823 2.6404 3.0000
      vertex 24.5933 4.1773 3.0000
    endloop
  endfacet
  facet normal 0.000000 0.000000 1.000000
    outer loop
      vertex 0.7180 0.1223 3.0000
      vertex 24.5933 4.1773 3.0000
      vertex 24.5918 4.1836 3.0000
    endloop
  endfacet
  facet normal 0.000000 0.000000 1.000000
    outer loop
      vertex 0.7180 0.1223 3.0000
      vertex 24.5918 4.1836 3.0000
      vertex 24.5911 4.1867 3.0000
    endloop
  endfacet
  facet normal 0.000000 0.000000 1.000000
    outer loop
      vertex 0.7180 0.1223 3.0000
      vertex 24.5911 4.1867 3.0000
      vertex 24.2446 5.8067 3.0000
    endloop
  endfacet
  facet normal 0.000000 0.000000 1.000000
    outer loop
      vertex 0.7180 0.1223 3.0000
      vertex 24.2446 5.8067 3.0000
      vertex 24.2432 5.8136 3.0000
    endloop
  endfacet
  facet normal 0.000000 0.000000 1.000000
    outer loop
      vertex 0.7180 0.1223 3.0000
      vertex 24.2432 5.8136 3.0000
      vertex 24.2421 5.8207 3.0000
    endloop
  endfacet
  facet normal 0.000000 0.000000 1.000000
    outer loop
      vertex 0.7180 0.1223 3.0000
      vertex 24.2421 5.8207 3.0000
      vertex 24.0047 7.3596 3.0000
    endloop
  endfacet
  facet normal 0.000000 0.000000 1.000000
    outer loop
      vertex 0.7180 0.1223 3.0000
      vertex 24.0047 7.3596 3.0000
      vertex 24.0031 7.3724 3.0000
    endloop
  endfacet
  facet normal 0.000000 0.000000 1.000000
    outer loop
      vertex 0.7180 0.1223 3.0000
      vertex 24.0031 7.3724 3.0000
      vertex 24.0021 7.3852 3.0000
    endloop
  endfacet
  facet normal 0.000000 0.000000 1.000000
    outer loop
      vertex 0.7180 0.1223 3.0000
      vertex 24.0021 7.3852 3.0000
      vertex 23.9384 8.6799 3.0000
    endloop
  endfacet
  facet normal 0.000000 0.000000 1.000000
    outer loop
      vertex 0.7180 0.1223 3.0000
      vertex 23.9384 8.6799 3.0000
      vertex 23.9382 8.6883 3.0000
    endloop
  endfacet
endsolid pyjigsaw-shrink-0p10-piece-01
