solid pyjigsaw-shrink-0p10-piece-02
  facet normal -0.000000 0.000000 -1.000000
    outer loop
      vertex 26.8661 0.1284 0.0000
      vertex 26.8010 0.1244 0.0000
      vertex 2.1425 0.2356 0.0000
    endloop
  endfacet
  facet normal -0.000000 0.000000 -1.000000
    outer loop
      vertex 26.9300 0.1407 0.0000
      vertex 26.8661 0.1284 0.0000
      vertex 2.1425 0.2356 0.0000
    endloop
  endfacet
  facet normal -0.000000 0.000000 -1.000000
    outer loop
      vertex 26.9917 0.1613 0.0000
      vertex 26.9300 0.1407 0.0000
      vertex 2.1425 0.2356 0.0000
    endloop
  endfacet
  facet normal -0.000000 0.000000 -1.000000
    outer loop
      vertex 27.0501 0.1898 0.0000
      vertex 26.9917 0.1613 0.0000
      vertex 2.1425 0.2356 0.0000
    endloop
  endfacet
  facet normal -0.000000 0.000000 -1.000000
    outer loop
      vertex 27.1042 0.2256 0.0000
      vertex 27.0501 0.1898 0.0000
      vertex 2.1425 0.2356 0.0000
    endloop
  endfacet
  facet normal 0.000000 0.000000 -1.000000
    outer loop
      vertex 27.1530 0.2681 0.0000
      vertex 27.1042 0.2256 0.0000
      vertex 2.1425 0.2356 0.0000
    endloop
  endfacet
  facet normal 0.000000 0.000000 -1.000000
    outer loop
      vertex 27.1958 0.3167 0.0000
      vertex 27.1530 0.2681 0.0000
      vertex 2.1425 0.2356 0.0000
    endloop
  endfacet
  facet normal 0.000000 0.000000 -1.000000
    outer loop
      vertex 27.2318 0.3705 0.0000
      vertex 27.1958 0.3167 0.0000
      vertex 2.1425 0.2356 0.0000
    endloop
  endfacet
  facet normal 0.000000 0.000000 -1.000000
    outer loop
      vertex 27.2604 0.4286 0.0000
      vertex 27.2318 0.3705 0.0000
      vertex 2.1425 0.2356 0.0000
    endloop
  endfacet
  facet normal 0.000000 0.000000 -1.000000
    outer loop
      vertex 27.2812 0.4899 0.0000
      vertex 27.2604 0.4286 0.0000
      vertex 2.1425 0.2356 0.0000
    endloop
  endfacet
  facet normal 0.000000 0.000000 -1.000000
    outer loop
      vertex 27.2936 0.5535 0.0000
      vertex 27.2812 0.4899 0.0000
      vertex 2.1425 0.2356 0.0000
    endloop
  endfacet
  facet normal 0.000000 0.000000 -1.000000
    outer loop
      vertex 27.2976 0.6182 0.0000
      vertex 27.2936 0.5535 0.0000
      vertex 2.1425 0.2356 0.0000
    endloop
  endfacet
  facet normal 0.000000 -0.000000 -1.000000
    outer loop
      vertex 27.2976 23.1818 0.0000
      vertex 27.2976 0.6182 0.0000
      vertex 2.1425 0.2356 0.0000
    endloop
  endfacet
  facet normal 0.000000 -0.000000 -1.000000
    outer loop
      vertex 27.2936 23.2465 0.0000
      vertex 27.2976 23.1818 0.0000
      vertex 2.1425 0.2356 0.0000
    endloop
  endfacet
  facet normal 0.000000 -0.000000 -1.000000
    outer loop
      vertex 27.2812 23.3101 0.0000
      vertex 27.2936 23.2465 0.0000
      vertex 2.1425 0.2356 0.0000
    endloop
  endfacet
  facet normal 0.000000 -0.000000 -1.000000
    outer loop
      vertex 27.2604 23.3714 0.0000
      vertex 27.2812 23.3101 0.0000
      vertex 2.1425 0.2356 0.0000
    endloop
  endfacet
  facet normal 0.000000 -0.000000 -1.000000
    outer loop
      vertex 27.2318 23.4295 0.0000
      vertex 27.2604 23.3714 0.0000
      vertex 2.1425 0.2356 0.0000
    endloop
  endfacet
  facet normal 0.000000 -0.000000 -1.000000
    outer loop
      vertex 27.1958 23.4833 0.0000
      vertex 27.2318 23.4295 0.0000
      vertex 2.1425 0.2356 0.0000
    endloop
  endfacet
  facet normal 0.000000 -0.000000 -1.000000
    outer loop
      vertex 27.1530 23.5319 0.0000
      vertex 27.1958 23.4833 0.0000
      vertex 2.1425 0.2356 0.0000
    endloop
  endfacet
  facet normal 0.000000 -0.000000 -1.000000
    outer loop
      vertex 27.1042 23.5744 0.0000
      vertex 27.1530 23.5319 0.0000
      vertex 2.1425 0.2356 0.0000
    endloop
  endfacet
  facet normal 0.000000 -0.000000 -1.000000
    outer loop
      vertex 27.0501 23.6102 0.0000
      vertex 27.1042 23.5744 0.0000
      vertex 2.1425 0.2356 0.0000
    endloop
  endfacet
  facet normal 0.000000 -0.000000 -1.000000
    outer loop
      vertex 26.9917 23.6387 0.0000
      vertex 27.0501 23.6102 0.0000
      vertex 2.1425 0.2356 0.0000
    endloop
  endfacet
  facet normal 0.000000 -0.000000 -1.000000
    outer loop
      vertex 26.9300 23.6593 0.0000
      vertex 26.9917 23.6387 0.0000
      vertex 2.1425 0.2356 0.0000
    endloop
  endfacet
  facet normal 0.000000 -0.000000 -1.000000
    outer loop
      vertex 26.8661 23.6716 0.0000
      vertex 26.9300 23.6593 0.0000
      vertex 2.1425 0.2356 0.0000
    endloop
  endfacet
  facet normal 0.000000 -0.000000 -1.000000
    outer loop
      vertex 26.8010 23.6756 0.0000
      vertex 26.8661 23.6716 0.0000
      vertex 2.1425 0.2356 0.0000
    endloop
  endfacet
  facet normal 0.000000 0.000000 -1.000000
    outer loop
      vertex 2.0799 23.5607 0.0000
      vertex 2.1425 23.5644 0.0000
      vertex 26.8010 23.6756 0.0000
    endloop
  endfacet
  facet normal 0.000000 0.000000 -1.000000
    outer loop
      vertex 2.0183 23.5489 0.0000
      vertex 2.0799 23.5607 0.0000
      vertex 26.8010 23.6756 0.0000
    endloop
  endfacet
  facet normal 0.000000 0.000000 -1.000000
    outer loop
      vertex 1.9589 23.5293 0.0000
      vertex 2.0183 23.5489 0.0000
      vertex 26.8010 23.6756 0.0000
    endloop
  endfacet
  facet normal 0.000000 0.000000 -1.000000
    outer loop
      vertex 1.9024 23.5021 0.0000
      vertex 1.9589 23.5293 0.0000
      vertex 26.8010 23.6756 0.0000
    endloop
  endfacet
  facet normal 0.000000 0.000000 -1.000000
    outer loop
      vertex 1.8500 23.4677 0.0000
      vertex 1.9024 23.5021 0.0000
      vertex 26.8010 23.6756 0.0000
    endloop
  endfacet
  facet normal 0.000000 0.000000 -1.000000
    outer loop
      vertex 1.8024 23.4268 0.0000
      vertex 1.8500 23.4677 0.0000
      vertex 26.8010 23.6756 0.0000
    endloop
  endfacet
  facet normal 0.000000 0.000000 -1.000000
    outer loop
      vertex 1.7604 23.3801 0.0000
      vertex 1.8024 23.4268 0.0000
      vertex 26.8010 23.6756 0.0000
    endloop
  endfacet
  facet normal 0.000000 0.000000 -1.000000
    outer loop
      vertex 1.7247 23.3281 0.0000
      vertex 1.7604 23.3801 0.0000
      vertex 26.8010 23.6756 0.0000
    endloop
  endfacet
  facet normal 0.000000 0.000000 -1.000000
    outer loop
      vertex 1.6958 23.2719 0.0000
      vertex 1.7247 23.3281 0.0000
      vertex 26.8010 23.6756 0.0000
    endloop
  endfacet
  facet normal 0.000000 0.000000 -1.000000
    outer loop
      vertex 1.6744 23.2124 0.0000
      vertex 1.6958 23.2719 0.0000
      vertex 26.8010 23.6756 0.0000
    endloop
  endfacet
  facet normal 0.000000 0.000000 -1.000000
    outer loop
      vertex 1.4452 22.4209 0.0000
      vertex 1.6744 23.2124 0.0000
      vertex 26.8010 23.6756 0.0000
    endloop
  endfacet
  facet normal 0.000000 0.000000 -1.000000
    outer loop
      vertex 1.4426 22.4115 0.0000
      vertex 1.4452 22.4209 0.0000
      vertex 26.8010 23.6756 0.0000
    endloop
  endfacet
  facet normal 0.000000 0.000000 -1.000000
    outer loop
      vertex 1.1015 21.1357 0.0000
      vertex 1.4426 22.4115 0.0000
      vertex 26.8010 23.6756 0.0000
    endloop
  endfacet
  facet normal 0.000000 0.000000 -1.000000
    outer loop
      vertex 1.0982 21.1226 0.0000
      vertex 1.1015 21.1357 0.0000
      vertex 26.8010 23.6756 0.0000
    endloop
  endfacet
  facet normal 0.000000 0.000000 -1.000000
    outer loop
      vertex 0.7403 19.6138 0.0000
      vertex 1.0982 21.1226 0.0000
      vertex 26.8010 23.6756 0.0000
    endloop
  endfacet
  facet normal 0.000000 0.000000 -1.000000
    outer loop
      vertex 0.7362 19.5946 0.0000
      vertex 0.7403 19.6138 0.0000
      vertex 26.8010 23.6756 0.0000
    endloop
  endfacet
  facet normal 0.000000 0.000000 -1.000000
    outer loop
      vertex 0.4299 18.0175 0.0000
      vertex 0.7362 19.5946 0.0000
      vertex 26.8010 23.6756 0.0000
    endloop
  endfacet
  facet normal 0.000000 0.000000 -1.000000
    outer loop
      vertex 0.4249 17.9868 0.0000
      vertex 0.4299 18.0175 0.0000
      vertex 26.8010 23.6756 0.0000
    endloop
  endfacet
  facet normal 0.000000 0.000000 -1.000000
    outer loop
      vertex 0.2357 16.5109 0.0000
      vertex 0.4249 17.9868 0.0000
      vertex 26.8010 23.6756 0.0000
    endloop
  endfacet
  facet normal 0.000000 0.000000 -1.000000
    outer loop
      vertex 0.2318 16.4547 0.0000
      vertex 0.2357 16.5109 0.0000
      vertex 26.8010 23.6756 0.0000
    endloop
  endfacet
  facet normal 0.000000 0.000000 -1.000000
    outer loop
      vertex 0.2185 15.2692 0.0000
      vertex 0.2318 16.4547 0.0000
      vertex 26.8010 23.6756 0.0000
    endloop
  endfacet
  facet normal 0.000000 0.000000 -1.000000
    outer loop
      vertex 0.2219 15.2062 0.0000
      vertex 0.2185 15.2692 0.0000
      vertex 26.8010 23.6756 0.0000
    endloop
  endfacet
  facet normal 0.000000 0.000000 -1.000000
    outer loop
      vertex 0.2336 15.1440 0.0000
      vertex 0.2219 15.2062 0.0000
      vertex 26.8010 23.6756 0.0000
    endloop
  endfacet
  facet normal 0.000000 0.000000 -1.000000
    outer loop
      vertex 0.3939 14.5179 0.0000
      vertex 0.2336 15.1440 0.0000
      vertex 26.8010 23.6756 0.0000
    endloop
  endfacet
  facet normal 0.000000 0.000000 -1.000000
    outer loop
      vertex 0.4163 14.4512 0.0000
      vertex 0.3939 14.5179 0.0000
      vertex 26.8010 23.6756 0.0000
    endloop
  endfacet
  facet normal 0.000000 0.000000 -1.000000
    outer loop
      vertex 0.4482 14.3880 0.0000
      vertex 0.4163 14.4512 0.0000
      vertex 26.8010 23.6756 0.0000
    endloop
  endfacet
  facet normal 0.000000 0.000000 -1.000000
    outer loop
      vertex 0.4890 14.3297 0.0000
      vertex 0.4482 14.3880 0.0000
      vertex 26.8010 23.6756 0.0000
    endloop
  endfacet
  facet normal 0.000000 0.000000 -1.000000
    outer loop
      vertex 0.5377 14.2775 0.0000
      vertex 0.4890 14.3297 0.0000
      vertex 26.8010 23.6756 0.0000
    endloop
  endfacet
  facet normal 0.000000 0.000000 -1.000000
    outer loop
      vertex 0.5935 14.2325 0.0000
      vertex 0.5377 14.2775 0.0000
      vertex 26.8010 23.6756 0.0000
    endloop
  endfacet
  facet normal 0.000000 0.000000 -1.000000
    outer loop
      vertex 0.7120 14.1498 0.0000
      vertex 0.5935 14.2325 0.0000
      vertex 26.8010 23.6756 0.0000
    endloop
  endfacet
  facet normal 0.000000 0.000000 -1.000000
    outer loop
      vertex 0.7692 14.1151 0.0000
      vertex 0.7120 14.1498 0.0000
      vertex 26.8010 23.6756 0.0000
    endloop
  endfacet
  facet normal 0.000000 0.000000 -1.000000
    outer loop
      vertex 0.8305 14.0880 0.0000
      vertex 0.7692 14.1151 0.0000
      vertex 26.8010 23.6756 0.0000
    endloop
  endfacet
  facet normal 0.000000 0.000000 -1.000000
    outer loop
      vertex 0.8947 14.0691 0.0000
      vertex 0.8305 14.0880 0.0000
      vertex 26.8010 23.6756 0.0000
    endloop
  endfacet
  facet normal 0.000000 0.000000 -1.000000
    outer loop
      vertex 0.9607 14.0585 0.0000
      vertex 0.8947 14.0691 0.0000
      vertex 26.8010 23.6756 0.0000
    endloop
  endfacet
  facet normal 0.000000 0.000000 -1.000000
    outer loop
      vertex 1.0273 14.0566 0.0000
      vertex 0.9607 14.0585 0.0000
      vertex 26.8010 23.6756 0.0000
    endloop
  endfacet
  facet normal -0.000000 0.000000 -1.000000
    outer loop
      vertex 1.0933 14.0632 0.0000
      vertex 1.0273 14.0566 0.0000
      vertex 26.8010 23.6756 0.0000
    endloop
  endfacet
  facet normal -0.000000 0.000000 -1.000000
    outer loop
      vertex 1.1575 14.0784 0.0000
      vertex 1.0933 14.0632 0.0000
      vertex 26.8010 23.6756 0.0000
    endloop
  endfacet
  facet normal -0.000000 0.000000 -1.000000
    outer loop
      vertex 1.7989 14.2750 0.0000
      vertex 1.1575 14.0784 0.0000
      vertex 26.8010 23.6756 0.0000
    endloop
  endfacet
  facet normal -0.000000 0.000000 -1.000000
    outer loop
      vertex 1.8125 14.2794 0.0000
      vertex 1.7989 14.2750 0.0000
      vertex 26.8010 23.6756 0.0000
    endloop
  endfacet
  facet normal -0.000000 0.000000 -1.000000
    outer loop
      vertex 2.8244 14.6201 0.0000
      vertex 1.8125 14.2794 0.0000
      vertex 26.8010 23.6756 0.0000
    endloop
  endfacet
  facet normal -0.000000 0.000000 -1.000000
    outer loop
      vertex 2.8333 14.6227 0.0000
      vertex 2.8244 14.6201 0.0000
      vertex 26.8010 23.6756 0.0000
    endloop
  endfacet
  facet normal -0.000000 0.000000 -1.000000
    outer loop
      vertex 2.8534 14.6263 0.0000
      vertex 2.8333 14.6227 0.0000
      vertex 26.8010 23.6756 0.0000
    endloop
  endfacet
  facet normal -0.000000 0.000000 -1.000000
    outer loop
      vertex 2.8674 14.6268 0.0000
      vertex 2.8534 14.6263 0.0000
      vertex 26.8010 23.6756 0.0000
    endloop
  endfacet
  facet normal 0.000000 0.000000 -1.000000
    outer loop
      vertex 2.8879 14.6245 0.0000
      vertex 2.8674 14.6268 0.0000
      vertex 26.8010 23.6756 0.0000
    endloop
  endfacet
  facet normal 0.000000 0.000000 -1.000000
    outer loop
      vertex 2.8972 14.6224 0.0000
      vertex 2.8879 14.6245 0.0000
      vertex 26.8010 23.6756 0.0000
    endloop
  endfacet
  facet normal 0.000000 0.000000 -1.000000
    outer loop
      vertex 3.6831 14.4173 0.0000
      vertex 2.8972 14.6224 0.0000
      vertex 26.8010 23.6756 0.0000
    endloop
  endfacet
  facet normal 0.000000 0.000000 -1.000000
    outer loop
      vertex 3.6923 14.4145 0.0000
      vertex 3.6831 14.4173 0.0000
      vertex 26.8010 23.6756 0.0000
    endloop
  endfacet
  facet normal 0.000000 0.000000 -1.000000
    outer loop
      vertex 3.7117 14.4063 0.0000
      vertex 3.6923 14.4145 0.0000
      vertex 26.8010 23.6756 0.0000
    endloop
  endfacet
  facet normal 0.000000 0.000000 -1.000000
    outer loop
      vertex 3.7241 14.3989 0.0000
      vertex 3.7117 14.4063 0.0000
      vertex 26.8010 23.6756 0.0000
    endloop
  endfacet
  facet normal 0.000000 0.000000 -1.000000
    outer loop
      vertex 3.7407 14.3855 0.0000
      vertex 3.7241 14.3989 0.0000
      vertex 26.8010 23.6756 0.0000
    endloop
  endfacet
  facet normal 0.000000 0.000000 -1.000000
    outer loop
      vertex 3.7476 14.3787 0.0000
      vertex 3.7407 14.3855 0.0000
      vertex 26.8010 23.6756 0.0000
    endloop
  endfacet
  facet normal 0.000000 0.000000 -1.000000
    outer loop
      vertex 4.3229 13.7694 0.0000
      vertex 3.7476 14.3787 0.0000
      vertex 26.8010 23.6756 0.0000
    endloop
  endfacet
  facet normal 0.000000 0.000000 -1.000000
    outer loop
      vertex 4.3286 13.7630 0.0000
      vertex 4.3229 13.7694 0.0000
      vertex 26.8010 23.6756 0.0000
    endloop
  endfacet
  facet normal 0.000000 0.000000 -1.000000
    outer loop
      vertex 4.3397 13.7481 0.0000
      vertex 4.3286 13.7630 0.0000
      vertex 26.8010 23.6756 0.0000
    endloop
  endfacet
  facet normal 0.000000 0.000000 -1.000000
    outer loop
      vertex 4.3489 13.7320 0.0000
      vertex 4.3397 13.7481 0.0000
      vertex 26.8010 23.6756 0.0000
    endloop
  endfacet
  facet normal 0.000000 0.000000 -1.000000
    outer loop
      vertex 4.3525 13.7244 0.0000
      vertex 4.3489 13.7320 0.0000
      vertex 26.8010 23.6756 0.0000
    endloop
  endfacet
  facet normal 0.000000 0.000000 -1.000000
    outer loop
      vertex 4.7283 12.8670 0.0000
      vertex 4.3525 13.7244 0.0000
      vertex 26.8010 23.6756 0.0000
    endloop
  endfacet
  facet normal 0.000000 0.000000 -1.000000
    outer loop
      vertex 4.7315 12.8594 0.0000
      vertex 4.7283 12.8670 0.0000
      vertex 26.8010 23.6756 0.0000
    endloop
  endfacet
  facet normal 0.000000 0.000000 -1.000000
    outer loop
      vertex 4.7384 12.8374 0.0000
      vertex 4.7315 12.8594 0.0000
      vertex 26.8010 23.6756 0.0000
    endloop
  endfacet
  facet normal 0.000000 0.000000 -1.000000
    outer loop
      vertex 4.7400 12.8296 0.0000
      vertex 4.7384 12.8374 0.0000
      vertex 26.8010 23.6756 0.0000
    endloop
  endfacet
  facet normal 0.000000 0.000000 -1.000000
    outer loop
      vertex 4.8915 11.9151 0.0000
      vertex 4.7400 12.8296 0.0000
      vertex 26.8010 23.6756 0.0000
    endloop
  endfacet
  facet normal 0.000000 0.000000 -1.000000
    outer loop
      vertex 4.8921 11.9089 0.0000
      vertex 4.8915 11.9151 0.0000
      vertex 26.8010 23.6756 0.0000
    endloop
  endfacet
  facet normal 0.000000 0.000000 -1.000000
    outer loop
      vertex 4.8921 11.8911 0.0000
      vertex 4.8921 11.9089 0.0000
      vertex 26.8010 23.6756 0.0000
    endloop
  endfacet
  facet normal 0.000000 0.000000 -1.000000
    outer loop
      vertex 4.8915 11.8849 0.0000
      vertex 4.8921 11.8911 0.0000
      vertex 26.8010 23.6756 0.0000
    endloop
  endfacet
  facet normal 0.000000 0.000000 -1.000000
    outer loop
      vertex 4.7400 10.9704 0.0000
      vertex 4.8915 11.8849 0.0000
      vertex 26.8010 23.6756 0.0000
    endloop
  endfacet
  facet normal 0.000000 0.000000 -1.000000
    outer loop
      vertex 4.7384 10.9626 0.0000
      vertex 4.7400 10.9704 0.0000
      vertex 26.8010 23.6756 0.0000
    endloop
  endfacet
  facet normal 0.000000 -0.000000 -1.000000
    outer loop
      vertex 4.7384 10.9626 0.0000
      vertex 26.8010 23.6756 0.0000
      vertex 2.1425 0.2356 0.0000
    endloop
  endfacet
  facet normal 0.000000 -0.000000 -1.000000
    outer loop
      vertex 4.7315 10.9406 0.0000
      vertex 4.7384 10.9626 0.0000
      vertex 2.1425 0.2356 0.0000
    endloop
  endfacet
  facet normal 0.000000 -0.000000 -1.000000
    outer loop
      vertex 4.7283 10.9330 0.0000
      vertex 4.7315 10.9406 0.0000
      vertex 2.1425 0.2356 0.0000
    endloop
  endfacet
  facet normal 0.000000 -0.000000 -1.000000
    outer loop
      vertex 4.3525 10.0756 0.0000
      vertex 4.7283 10.9330 0.0000
      vertex 2.1425 0.2356 0.0000
    endloop
  endfacet
  facet normal 0.000000 -0.000000 -1.000000
    outer loop
      vertex 4.3489 10.0680 0.0000
      vertex 4.3525 10.0756 0.0000
      vertex 2.1425 0.2356 0.0000
    endloop
  endfacet
  facet normal 0.000000 -0.000000 -1.000000
    outer loop
      vertex 4.3397 10.0519 0.0000
      vertex 4.3489 10.0680 0.0000
      vertex 2.1425 0.2356 0.0000
    endloop
  endfacet
  facet normal 0.000000 -0.000000 -1.000000
    outer loop
      vertex 4.3286 10.0370 0.0000
      vertex 4.3397 10.0519 0.0000
      vertex 2.1425 0.2356 0.0000
    endloop
  endfacet
  facet normal 0.000000 -0.000000 -1.000000
    outer loop
      vertex 4.3229 10.0306 0.0000
      vertex 4.3286 10.0370 0.0000
      vertex 2.1425 0.2356 0.0000
    endloop
  endfacet
  facet normal 0.000000 -0.000000 -1.000000
    outer loop
      vertex 3.7476 9.4213 0.0000
      vertex 4.3229 10.0306 0.0000
      vertex 2.1425 0.2356 0.0000
    endloop
  endfacet
  facet normal 0.000000 -0.000000 -1.000000
    outer loop
      vertex 3.7407 9.4145 0.0000
      vertex 3.7476 9.4213 0.0000
      vertex 2.1425 0.2356 0.0000
    endloop
  endfacet
  facet normal 0.000000 -0.000000 -1.000000
    outer loop
      vertex 3.7241 9.4011 0.0000
      vertex 3.7407 9.4145 0.0000
      vertex 2.1425 0.2356 0.0000
    endloop
  endfacet
  facet normal 0.000000 -0.000000 -1.000000
    outer loop
      vertex 3.7117 9.3937 0.0000
      vertex 3.7241 9.4011 0.0000
      vertex 2.1425 0.2356 0.0000
    endloop
  endfacet
  facet normal 0.000000 -0.000000 -1.000000
    outer loop
      vertex 3.6923 9.3855 0.0000
      vertex 3.7117 9.3937 0.0000
      vertex 2.1425 0.2356 0.0000
    endloop
  endfacet
  facet normal 0.000000 -0.000000 -1.000000
    outer loop
      vertex 3.6831 9.3827 0.0000
      vertex 3.6923 9.3855 0.0000
      vertex 2.1425 0.2356 0.0000
    endloop
  endfacet
  facet normal 0.000000 -0.000000 -1.000000
    outer loop
      vertex 2.8972 9.1776 0.0000
      vertex 3.6831 9.3827 0.0000
      vertex 2.1425 0.2356 0.0000
    endloop
  endfacet
  facet normal 0.000000 -0.000000 -1.000000
    outer loop
      vertex 2.8879 9.1755 0.0000
      vertex 2.8972 9.1776 0.0000
      vertex 2.1425 0.2356 0.0000
    endloop
  endfacet
  facet normal 0.000000 -0.000000 -1.000000
    outer loop
      vertex 2.8674 9.1732 0.0000
      vertex 2.8879 9.1755 0.0000
      vertex 2.1425 0.2356 0.0000
    endloop
  endfacet
  facet normal 0.000000 -0.000000 -1.000000
    outer loop
      vertex 2.8534 9.1737 0.0000
      vertex 2.8674 9.1732 0.0000
      vertex 2.1425 0.2356 0.0000
    endloop
  endfacet
  facet normal 0.000000 -0.000000 -1.000000
    outer loop
      vertex 2.8333 9.1773 0.0000
      vertex 2.8534 9.1737 0.0000
      vertex 2.1425 0.2356 0.0000
    endloop
  endfacet
  facet normal 0.000000 -0.000000 -1.000000
    outer loop
      vertex 2.8244 9.1799 0.0000
      vertex 2.8333 9.1773 0.0000
      vertex 2.1425 0.2356 0.0000
    endloop
  endfacet
  facet normal 0.000000 0.000000 -1.000000
    outer loop
      vertex 1.8125 9.5206 0.0000
      vertex 2.8244 9.1799 0.0000
      vertex 2.1425 0.2356 0.0000
    endloop
  endfacet
  facet normal 0.000000 0.000000 -1.000000
    outer loop
      vertex 1.7989 9.5250 0.0000
      vertex 1.8125 9.5206 0.0000
      vertex 2.1425 0.2356 0.0000
    endloop
  endfacet
  facet normal 0.000000 0.000000 -1.000000
    outer loop
      vertex 1.1575 9.7216 0.0000
      vertex 1.7989 9.5250 0.0000
      vertex 2.1425 0.2356 0.0000
    endloop
  endfacet
  facet normal 0.000000 0.000000 -1.000000
    outer loop
      vertex 1.0933 9.7368 0.0000
      vertex 1.1575 9.7216 0.0000
      vertex 2.1425 0.2356 0.0000
    endloop
  endfacet
  facet normal 0.000000 0.000000 -1.000000
    outer loop
      vertex 1.0273 9.7434 0.0000
      vertex 1.0933 9.7368 0.0000
      vertex 2.1425 0.2356 0.0000
    endloop
  endfacet
  facet normal 0.000000 0.000000 -1.000000
    outer loop
      vertex 0.9607 9.7415 0.0000
      vertex 1.0273 9.7434 0.0000
      vertex 2.1425 0.2356 0.0000
    endloop
  endfacet
  facet normal 0.000000 0.000000 -1.000000
    outer loop
      vertex 0.8947 9.7309 0.0000
      vertex 0.9607 9.7415 0.0000
      vertex 2.1425 0.2356 0.0000
    endloop
  endfacet
  facet normal 0.000000 0.000000 -1.000000
    outer loop
      vertex 0.8305 9.7120 0.0000
      vertex 0.8947 9.7309 0.0000
      vertex 2.1425 0.2356 0.0000
    endloop
  endfacet
  facet normal 0.000000 0.000000 -1.000000
    outer loop
      vertex 0.7692 9.6849 0.0000
      vertex 0.8305 9.7120 0.0000
      vertex 2.1425 0.2356 0.0000
    endloop
  endfacet
  facet normal 0.000000 0.000000 -1.000000
    outer loop
      vertex 0.7120 9.6502 0.0000
      vertex 0.7692 9.6849 0.0000
      vertex 2.1425 0.2356 0.0000
    endloop
  endfacet
  facet normal 0.000000 0.000000 -1.000000
    outer loop
      vertex 0.5935 9.5675 0.0000
      vertex 0.7120 9.6502 0.0000
      vertex 2.1425 0.2356 0.0000
    endloop
  endfacet
  facet normal 0.000000 0.000000 -1.000000
    outer loop
      vertex 0.5377 9.5225 0.0000
      vertex 0.5935 9.5675 0.0000
      vertex 2.1425 0.2356 0.0000
    endloop
  endfacet
  facet normal 0.000000 0.000000 -1.000000
    outer loop
      vertex 0.4890 9.4703 0.0000
      vertex 0.5377 9.5225 0.0000
      vertex 2.1425 0.2356 0.0000
    endloop
  endfacet
  facet normal 0.000000 0.000000 -1.000000
    outer loop
      vertex 0.4482 9.4120 0.0000
      vertex 0.4890 9.4703 0.0000
      vertex 2.1425 0.2356 0.0000
    endloop
  endfacet
  facet normal 0.000000 0.000000 -1.000000
    outer loop
      vertex 0.4163 9.3488 0.0000
      vertex 0.4482 9.4120 0.0000
      vertex 2.1425 0.2356 0.0000
    endloop
  endfacet
  facet normal 0.000000 0.000000 -1.000000
    outer loop
      vertex 0.3939 9.2821 0.0000
      vertex 0.4163 9.3488 0.0000
      vertex 2.1425 0.2356 0.0000
    endloop
  endfacet
  facet normal 0.000000 0.000000 -1.000000
    outer loop
      vertex 0.2336 8.6560 0.0000
      vertex 0.3939 9.2821 0.0000
      vertex 2.1425 0.2356 0.0000
    endloop
  endfacet
  facet normal 0.000000 0.000000 -1.000000
    outer loop
      vertex 0.2219 8.5938 0.0000
      vertex 0.2336 8.6560 0.0000
      vertex 2.1425 0.2356 0.0000
    endloop
  endfacet
  facet normal 0.000000 0.000000 -1.000000
    outer loop
      vertex 0.2185 8.5308 0.0000
      vertex 0.2219 8.5938 0.0000
      vertex 2.1425 0.2356 0.0000
    endloop
  endfacet
  facet normal 0.000000 0.000000 -1.000000
    outer loop
      vertex 0.2318 7.3453 0.0000
      vertex 0.2185 8.5308 0.0000
      vertex 2.1425 0.2356 0.0000
    endloop
  endfacet
  facet normal 0.000000 0.000000 -1.000000
    outer loop
      vertex 0.2357 7.2891 0.0000
      vertex 0.2318 7.3453 0.0000
      vertex 2.1425 0.2356 0.0000
    endloop
  endfacet
  facet normal 0.000000 0.000000 -1.000000
    outer loop
      vertex 0.4249 5.8132 0.0000
      vertex 0.2357 7.2891 0.0000
      vertex 2.1425 0.2356 0.0000
    endloop
  endfacet
  facet normal 0.000000 0.000000 -1.000000
    outer loop
      vertex 0.4299 5.7825 0.0000
      vertex 0.4249 5.8132 0.0000
      vertex 2.1425 0.2356 0.0000
    endloop
  endfacet
  facet normal 0.000000 0.000000 -1.000000
    outer loop
      vertex 0.7362 4.2054 0.0000
      vertex 0.4299 5.7825 0.0000
      vertex 2.1425 0.2356 0.0000
    endloop
  endfacet
  facet normal 0.000000 0.000000 -1.000000
    outer loop
      vertex 0.7403 4.1862 0.0000
      vertex 0.7362 4.2054 0.0000
      vertex 2.1425 0.2356 0.0000
    endloop
  endfacet
  facet normal 0.000000 0.000000 -1.000000
    outer loop
      vertex 1.0982 2.6774 0.0000
      vertex 0.7403 4.1862 0.0000
      vertex 2.1425 0.2356 0.0000
    endloop
  endfacet
  facet normal 0.000000 0.000000 -1.000000
    outer loop
      vertex 1.1015 2.6643 0.0000
      vertex 1.0982 2.6774 0.0000
      vertex 2.1425 0.2356 0.0000
    endloop
  endfacet
  facet normal 0.000000 0.000000 -1.000000
    outer loop
      vertex 1.4426 1.3885 0.0000
      vertex 1.1015 2.6643 0.0000
      vertex 2.1425 0.2356 0.0000
    endloop
  endfacet
  facet normal 0.000000 0.000000 -1.000000
    outer loop
      vertex 1.4452 1.3791 0.0000
      vertex 1.4426 1.3885 0.0000
      vertex 2.1425 0.2356 0.0000
    endloop
  endfacet
  facet normal 0.000000 0.000000 -1.000000
    outer loop
      vertex 1.6744 0.5876 0.0000
      vertex 1.4452 1.3791 0.0000
      vertex 2.1425 0.2356 0.0000
    endloop
  endfacet
  facet normal 0.000000 0.000000 -1.000000
    outer loop
      vertex 1.6958 0.5281 0.0000
      vertex 1.6744 0.5876 0.0000
      vertex 2.1425 0.2356 0.0000
    endloop
  endfacet
  facet normal 0.000000 0.000000 -1.000000
    outer loop
      vertex 1.7247 0.4719 0.0000
      vertex 1.6958 0.5281 0.0000
      vertex 2.1425 0.2356 0.0000
    endloop
  endfacet
  facet normal 0.000000 0.000000 -1.000000
    outer loop
      vertex 1.7604 0.4199 0.0000
      vertex 1.7247 0.4719 0.0000
      vertex 2.1425 0.2356 0.0000
    endloop
  endfacet
  facet normal 0.000000 0.000000 -1.000000
    outer loop
      vertex 1.8024 0.3732 0.0000
      vertex 1.7604 0.4199 0.0000
      vertex 2.1425 0.2356 0.0000
    endloop
  endfacet
  facet normal 0.000000 0.000000 -1.000000
    outer loop
      vertex 1.8500 0.3323 0.0000
      vertex 1.8024 0.3732 0.0000
      vertex 2.1425 0.2356 0.0000
    endloop
  endfacet
  facet normal 0.000000 0.000000 -1.000000
    outer loop
      vertex 1.9024 0.2979 0.0000
      vertex 1.8500 0.3323 0.0000
      vertex 2.1425 0.2356 0.0000
    endloop
  endfacet
  facet normal 0.000000 0.000000 -1.000000
    outer loop
      vertex 1.9589 0.2707 0.0000
      vertex 1.9024 0.2979 0.0000
      vertex 2.1425 0.2356 0.0000
    endloop
  endfacet
  facet normal 0.000000 0.000000 -1.000000
    outer loop
      vertex 2.0183 0.2511 0.0000
      vertex 1.9589 0.2707 0.0000
      vertex 2.1425 0.2356 0.0000
    endloop
  endfacet
  facet normal 0.000000 0.000000 -1.000000
    outer loop
      vertex 2.1425 0.2356 0.0000
      vertex 2.0799 0.2393 0.0000
      vertex 2.0183 0.2511 0.0000
    endloop
  endfacet
  facet normal 0.058434 -0.962678 -0.264265
    outer loop
      vertex 26.8010 0.1244 0.0000
      vertex 26.8661 0.1284 0.0000
      vertex 27.0831 0.0043 0.5000
    endloop
  endfacet
  facet normal 0.063035 -0.961734 -0.266635
    outer loop
      vertex 26.8010 0.1244 0.0000
      vertex 27.0831 0.0043 0.5000
      vertex 27.0179 0.0000 0.5000
    endloop
  endfacet
  facet normal 0.180679 -0.933588 -0.309464
    outer loop
      vertex 26.8661 0.1284 0.0000
      vertex 26.9300 0.1407 0.0000
      vertex 27.1473 0.0170 0.5000
    endloop
  endfacet
  facet normal 0.185369 -0.931914 -0.311729
    outer loop
      vertex 26.8661 0.1284 0.0000
      vertex 27.1473 0.0170 0.5000
      vertex 27.0831 0.0043 0.5000
    endloop
  endfacet
  facet normal 0.296702 -0.889204 -0.348260
    outer loop
      vertex 26.9300 0.1407 0.0000
      vertex 26.9917 0.1613 0.0000
      vertex 27.2092 0.0381 0.5000
    endloop
  endfacet
  facet normal 0.301079 -0.886951 -0.350242
    outer loop
      vertex 26.9300 0.1407 0.0000
      vertex 27.2092 0.0381 0.5000
      vertex 27.1473 0.0170 0.5000
    endloop
  endfacet
  facet normal 0.404976 -0.831384 -0.380520
    outer loop
      vertex 26.9917 0.1613 0.0000
      vertex 27.0501 0.1898 0.0000
      vertex 27.2679 0.0670 0.5000
    endloop
  endfacet
  facet normal 0.408727 -0.828816 -0.382107
    outer loop
      vertex 26.9917 0.1613 0.0000
      vertex 27.2679 0.0670 0.5000
      vertex 27.2092 0.0381 0.5000
    endloop
  endfacet
  facet normal 0.504442 -0.761890 -0.406277
    outer loop
      vertex 27.0501 0.1898 0.0000
      vertex 27.1042 0.2256 0.0000
      vertex 27.3222 0.1033 0.5000
    endloop
  endfacet
  facet normal 0.507368 -0.759330 -0.407427
    outer loop
      vertex 27.0501 0.1898 0.0000
      vertex 27.3222 0.1033 0.5000
      vertex 27.2679 0.0670 0.5000
    endloop
  endfacet
  facet normal 0.594386 -0.682291 -0.425657
    outer loop
      vertex 27.1042 0.2256 0.0000
      vertex 27.1530 0.2681 0.0000
      vertex 27.3714 0.1464 0.5000
    endloop
  endfacet
  facet normal 0.596406 -0.680071 -0.426385
    outer loop
      vertex 27.1042 0.2256 0.0000
      vertex 27.3714 0.1464 0.5000
      vertex 27.3222 0.1033 0.5000
    endloop
  endfacet
  facet normal 0.674308 -0.593933 -0.438809
    outer loop
      vertex 27.1530 0.2681 0.0000
      vertex 27.1958 0.3167 0.0000
      vertex 27.4145 0.1956 0.5000
    endloop
  endfacet
  facet normal 0.675453 -0.592356 -0.439179
    outer loop
      vertex 27.1530 0.2681 0.0000
      vertex 27.4145 0.1956 0.5000
      vertex 27.3714 0.1464 0.5000
    endloop
  endfacet
  facet normal 0.743812 -0.497948 -0.445861
    outer loop
      vertex 27.1958 0.3167 0.0000
      vertex 27.2318 0.3705 0.0000
      vertex 27.4509 0.2500 0.5000
    endloop
  endfacet
  facet normal 0.744205 -0.497262 -0.445970
    outer loop
      vertex 27.1958 0.3167 0.0000
      vertex 27.4509 0.2500 0.5000
      vertex 27.4145 0.1956 0.5000
    endloop
  endfacet
  facet normal 0.802512 -0.395303 -0.446889
    outer loop
      vertex 27.2318 0.3705 0.0000
      vertex 27.2604 0.4286 0.0000
      vertex 27.4798 0.3087 0.5000
    endloop
  endfacet
  facet normal 0.802349 -0.395675 -0.446854
    outer loop
      vertex 27.2318 0.3705 0.0000
      vertex 27.4798 0.3087 0.5000
      vertex 27.4509 0.2500 0.5000
    endloop
  endfacet
  facet normal 0.849962 -0.286856 -0.441904
    outer loop
      vertex 27.2604 0.4286 0.0000
      vertex 27.2812 0.4899 0.0000
      vertex 27.5008 0.3706 0.5000
    endloop
  endfacet
  facet normal 0.849482 -0.288360 -0.441847
    outer loop
      vertex 27.2604 0.4286 0.0000
      vertex 27.5008 0.3706 0.5000
      vertex 27.4798 0.3087 0.5000
    endloop
  endfacet
  facet normal 0.885602 -0.173442 -0.430843
    outer loop
      vertex 27.2812 0.4899 0.0000
      vertex 27.2936 0.5535 0.0000
      vertex 27.5136 0.4347 0.5000
    endloop
  endfacet
  facet normal 0.885068 -0.176051 -0.430883
    outer loop
      vertex 27.2812 0.4899 0.0000
      vertex 27.5136 0.4347 0.5000
      vertex 27.5008 0.3706 0.5000
    endloop
  endfacet
  facet normal 0.908742 -0.055958 -0.413589
    outer loop
      vertex 27.2936 0.5535 0.0000
      vertex 27.2976 0.6182 0.0000
      vertex 27.5179 0.5000 0.5000
    endloop
  endfacet
  facet normal 0.908408 -0.059540 -0.413823
    outer loop
      vertex 27.2936 0.5535 0.0000
      vertex 27.5179 0.5000 0.5000
      vertex 27.5136 0.4347 0.5000
    endloop
  endfacet
  facet normal 0.915125 0.000000 -0.403171
    outer loop
      vertex 27.2976 0.6182 0.0000
      vertex 27.2976 23.1818 0.0000
      vertex 27.5179 23.3000 0.5000
    endloop
  endfacet
  facet normal 0.915125 0.000000 -0.403171
    outer loop
      vertex 27.2976 0.6182 0.0000
      vertex 27.5179 23.3000 0.5000
      vertex 27.5179 0.5000 0.5000
    endloop
  endfacet
  facet normal 0.908919 0.055969 -0.413199
    outer loop
      vertex 27.2976 23.1818 0.0000
      vertex 27.2936 23.2465 0.0000
      vertex 27.5136 23.3653 0.5000
    endloop
  endfacet
  facet normal 0.908233 0.059529 -0.414209
    outer loop
      vertex 27.2976 23.1818 0.0000
      vertex 27.5136 23.3653 0.5000
      vertex 27.5179 23.3000 0.5000
    endloop
  endfacet
  facet normal 0.885735 0.173468 -0.430560
    outer loop
      vertex 27.2936 23.2465 0.0000
      vertex 27.2812 23.3101 0.0000
      vertex 27.5008 23.4294 0.5000
    endloop
  endfacet
  facet normal 0.884937 0.176025 -0.431164
    outer loop
      vertex 27.2936 23.2465 0.0000
      vertex 27.5008 23.4294 0.5000
      vertex 27.5136 23.3653 0.5000
    endloop
  endfacet
  facet normal 0.850039 0.286882 -0.441737
    outer loop
      vertex 27.2812 23.3101 0.0000
      vertex 27.2604 23.3714 0.0000
      vertex 27.4798 23.4913 0.5000
    endloop
  endfacet
  facet normal 0.849405 0.288334 -0.442012
    outer loop
      vertex 27.2812 23.3101 0.0000
      vertex 27.4798 23.4913 0.5000
      vertex 27.5008 23.4294 0.5000
    endloop
  endfacet
  facet normal 0.802531 0.395312 -0.446847
    outer loop
      vertex 27.2604 23.3714 0.0000
      vertex 27.2318 23.4295 0.0000
      vertex 27.4509 23.5500 0.5000
    endloop
  endfacet
  facet normal 0.802330 0.395665 -0.446896
    outer loop
      vertex 27.2604 23.3714 0.0000
      vertex 27.4509 23.5500 0.5000
      vertex 27.4798 23.4913 0.5000
    endloop
  endfacet
  facet normal 0.743778 0.497925 -0.445943
    outer loop
      vertex 27.2318 23.4295 0.0000
      vertex 27.1958 23.4833 0.0000
      vertex 27.4145 23.6044 0.5000
    endloop
  endfacet
  facet normal 0.744239 0.497285 -0.445888
    outer loop
      vertex 27.2318 23.4295 0.0000
      vertex 27.4145 23.6044 0.5000
      vertex 27.4509 23.5500 0.5000
    endloop
  endfacet
  facet normal 0.674233 0.593867 -0.439013
    outer loop
      vertex 27.1958 23.4833 0.0000
      vertex 27.1530 23.5319 0.0000
      vertex 27.3714 23.6536 0.5000
    endloop
  endfacet
  facet normal 0.675527 0.592421 -0.438976
    outer loop
      vertex 27.1958 23.4833 0.0000
      vertex 27.3714 23.6536 0.5000
      vertex 27.4145 23.6044 0.5000
    endloop
  endfacet
  facet normal 0.594287 0.682178 -0.425976
    outer loop
      vertex 27.1530 23.5319 0.0000
      vertex 27.1042 23.5744 0.0000
      vertex 27.3222 23.6967 0.5000
    endloop
  endfacet
  facet normal 0.596504 0.680183 -0.426069
    outer loop
      vertex 27.1530 23.5319 0.0000
      vertex 27.3222 23.6967 0.5000
      vertex 27.3714 23.6536 0.5000
    endloop
  endfacet
  facet normal 0.504339 0.761734 -0.406698
    outer loop
      vertex 27.1042 23.5744 0.0000
      vertex 27.0501 23.6102 0.0000
      vertex 27.2679 23.7330 0.5000
    endloop
  endfacet
  facet normal 0.507471 0.759484 -0.407010
    outer loop
      vertex 27.1042 23.5744 0.0000
      vertex 27.2679 23.7330 0.5000
      vertex 27.3222 23.6967 0.5000
    endloop
  endfacet
  facet normal 0.404885 0.831198 -0.381023
    outer loop
      vertex 27.0501 23.6102 0.0000
      vertex 26.9917 23.6387 0.0000
      vertex 27.2092 23.7619 0.5000
    endloop
  endfacet
  facet normal 0.408818 0.829001 -0.381608
    outer loop
      vertex 27.0501 23.6102 0.0000
      vertex 27.2092 23.7619 0.5000
      vertex 27.2679 23.7330 0.5000
    endloop
  endfacet
  facet normal 0.296636 0.889006 -0.348820
    outer loop
      vertex 26.9917 23.6387 0.0000
      vertex 26.9300 23.6593 0.0000
      vertex 27.1473 23.7830 0.5000
    endloop
  endfacet
  facet normal 0.301146 0.887147 -0.349687
    outer loop
      vertex 26.9917 23.6387 0.0000
      vertex 27.1473 23.7830 0.5000
      vertex 27.2092 23.7619 0.5000
    endloop
  endfacet
  facet normal 0.180643 0.933402 -0.310047
    outer loop
      vertex 26.9300 23.6593 0.0000
      vertex 26.8661 23.6716 0.0000
      vertex 27.0831 23.7957 0.5000
    endloop
  endfacet
  facet normal 0.185406 0.932100 -0.311150
    outer loop
      vertex 26.9300 23.6593 0.0000
      vertex 27.0831 23.7957 0.5000
      vertex 27.1473 23.7830 0.5000
    endloop
  endfacet
  facet normal 0.058424 0.962523 -0.264831
    outer loop
      vertex 26.8661 23.6716 0.0000
      vertex 26.8010 23.6756 0.0000
      vertex 27.0179 23.8000 0.5000
    endloop
  endfacet
  facet normal 0.063046 0.961889 -0.266071
    outer loop
      vertex 26.8661 23.6716 0.0000
      vertex 27.0179 23.8000 0.5000
      vertex 27.0831 23.7957 0.5000
    endloop
  endfacet
  facet normal -0.004079 0.904306 -0.426866
    outer loop
      vertex 26.8010 23.6756 0.0000
      vertex 2.1425 23.5644 0.0000
      vertex 2.0590 23.8000 0.5000
    endloop
  endfacet
  facet normal 0.000000 0.970412 -0.241456
    outer loop
      vertex 26.8010 23.6756 0.0000
      vertex 2.0590 23.8000 0.5000
      vertex 27.0179 23.8000 0.5000
    endloop
  endfacet
  facet normal -0.052810 0.900125 -0.432419
    outer loop
      vertex 2.1425 23.5644 0.0000
      vertex 2.0799 23.5607 0.0000
      vertex 1.9952 23.7959 0.5000
    endloop
  endfacet
  facet normal -0.057581 0.899333 -0.433457
    outer loop
      vertex 2.1425 23.5644 0.0000
      vertex 1.9952 23.7959 0.5000
      vertex 2.0590 23.8000 0.5000
    endloop
  endfacet
  facet normal -0.168235 0.880832 -0.442529
    outer loop
      vertex 2.0799 23.5607 0.0000
      vertex 2.0183 23.5489 0.0000
      vertex 1.9325 23.7837 0.5000
    endloop
  endfacet
  facet normal -0.170918 0.880085 -0.442986
    outer loop
      vertex 2.0799 23.5607 0.0000
      vertex 1.9325 23.7837 0.5000
      vertex 1.9952 23.7959 0.5000
    endloop
  endfacet
  facet normal -0.280568 0.849408 -0.446976
    outer loop
      vertex 2.0183 23.5489 0.0000
      vertex 1.9589 23.5293 0.0000
      vertex 1.8719 23.7637 0.5000
    endloop
  endfacet
  facet normal -0.281126 0.849187 -0.447045
    outer loop
      vertex 2.0183 23.5489 0.0000
      vertex 1.8719 23.7637 0.5000
      vertex 1.9325 23.7837 0.5000
    endloop
  endfacet
  facet normal -0.388845 0.806264 -0.445800
    outer loop
      vertex 1.9589 23.5293 0.0000
      vertex 1.9024 23.5021 0.0000
      vertex 1.8143 23.7360 0.5000
    endloop
  endfacet
  facet normal -0.387419 0.807008 -0.445695
    outer loop
      vertex 1.9589 23.5293 0.0000
      vertex 1.8143 23.7360 0.5000
      vertex 1.8719 23.7637 0.5000
    endloop
  endfacet
  facet normal -0.492103 0.751750 -0.438983
    outer loop
      vertex 1.9024 23.5021 0.0000
      vertex 1.8500 23.4677 0.0000
      vertex 1.7607 23.7012 0.5000
    endloop
  endfacet
  facet normal -0.488991 0.753813 -0.438922
    outer loop
      vertex 1.9024 23.5021 0.0000
      vertex 1.7607 23.7012 0.5000
      vertex 1.8143 23.7360 0.5000
    endloop
  endfacet
  facet normal -0.589314 0.686181 -0.426457
    outer loop
      vertex 1.8500 23.4677 0.0000
      vertex 1.8024 23.4268 0.0000
      vertex 1.7119 23.6599 0.5000
    endloop
  endfacet
  facet normal -0.584946 0.689794 -0.426640
    outer loop
      vertex 1.8500 23.4677 0.0000
      vertex 1.7119 23.6599 0.5000
      vertex 1.7607 23.7012 0.5000
    endloop
  endfacet
  facet normal -0.679331 0.609881 -0.408110
    outer loop
      vertex 1.8024 23.4268 0.0000
      vertex 1.7604 23.3801 0.0000
      vertex 1.6689 23.6127 0.5000
    endloop
  endfacet
  facet normal -0.674233 0.615123 -0.408697
    outer loop
      vertex 1.8024 23.4268 0.0000
      vertex 1.6689 23.6127 0.5000
      vertex 1.7119 23.6599 0.5000
    endloop
  endfacet
  facet normal -0.760847 0.523257 -0.383816
    outer loop
      vertex 1.7604 23.3801 0.0000
      vertex 1.7247 23.3281 0.0000
      vertex 1.6322 23.5604 0.5000
    endloop
  endfacet
  facet normal -0.755594 0.530021 -0.384909
    outer loop
      vertex 1.7604 23.3801 0.0000
      vertex 1.6322 23.5604 0.5000
      vertex 1.6689 23.6127 0.5000
    endloop
  endfacet
  facet normal -0.832372 0.426870 -0.353466
    outer loop
      vertex 1.7247 23.3281 0.0000
      vertex 1.6958 23.2719 0.0000
      vertex 1.6024 23.5038 0.5000
    endloop
  endfacet
  facet normal -0.827533 0.434857 -0.355090
    outer loop
      vertex 1.7247 23.3281 0.0000
      vertex 1.6024 23.5038 0.5000
      vertex 1.6322 23.5604 0.5000
    endloop
  endfacet
  facet normal -0.892249 0.321544 -0.317021
    outer loop
      vertex 1.6958 23.2719 0.0000
      vertex 1.6744 23.2124 0.0000
      vertex 1.5802 23.4439 0.5000
    endloop
  endfacet
  facet normal -0.888311 0.330261 -0.319109
    outer loop
      vertex 1.6958 23.2719 0.0000
      vertex 1.5802 23.4439 0.5000
      vertex 1.6024 23.5038 0.5000
    endloop
  endfacet
  facet normal -0.913054 0.264312 -0.310598
    outer loop
      vertex 1.6744 23.2124 0.0000
      vertex 1.4452 22.4209 0.0000
      vertex 1.3409 22.6480 0.5000
    endloop
  endfacet
  facet normal -0.913748 0.274675 -0.299364
    outer loop
      vertex 1.6744 23.2124 0.0000
      vertex 1.3409 22.6480 0.5000
      vertex 1.5802 23.4439 0.5000
    endloop
  endfacet
  facet normal -0.916666 0.255322 -0.307464
    outer loop
      vertex 1.4452 22.4209 0.0000
      vertex 1.4426 22.4115 0.0000
      vertex 1.3382 22.6386 0.5000
    endloop
  endfacet
  facet normal -0.912898 0.264689 -0.310737
    outer loop
      vertex 1.4452 22.4209 0.0000
      vertex 1.3382 22.6386 0.5000
      vertex 1.3409 22.6480 0.5000
    endloop
  endfacet
  facet normal -0.912167 0.243919 -0.329326
    outer loop
      vertex 1.4426 22.4115 0.0000
      vertex 1.1015 21.1357 0.0000
      vertex 0.9793 21.3538 0.5000
    endloop
  endfacet
  facet normal -0.916397 0.255990 -0.307711
    outer loop
      vertex 1.4426 22.4115 0.0000
      vertex 0.9793 21.3538 0.5000
      vertex 1.3382 22.6386 0.5000
    endloop
  endfacet
  facet normal -0.916892 0.231306 -0.325279
    outer loop
      vertex 1.1015 21.1357 0.0000
      vertex 1.0982 21.1226 0.0000
      vertex 0.9758 21.3406 0.5000
    endloop
  endfacet
  facet normal -0.913032 0.241695 -0.328567
    outer loop
      vertex 1.1015 21.1357 0.0000
      vertex 0.9758 21.3406 0.5000
      vertex 0.9793 21.3538 0.5000
    endloop
  endfacet
  facet normal -0.910338 0.215907 -0.353086
    outer loop
      vertex 1.0982 21.1226 0.0000
      vertex 0.7403 19.6138 0.0000
      vertex 0.5946 19.8169 0.5000
    endloop
  endfacet
  facet normal -0.917542 0.229564 -0.324679
    outer loop
      vertex 1.0982 21.1226 0.0000
      vertex 0.5946 19.8169 0.5000
      vertex 0.9758 21.3406 0.5000
    endloop
  endfacet
  facet normal -0.916483 0.197545 -0.347901
    outer loop
      vertex 0.7403 19.6138 0.0000
      vertex 0.7362 19.5946 0.0000
      vertex 0.5901 19.7975 0.5000
    endloop
  endfacet
  facet normal -0.912720 0.209110 -0.351019
    outer loop
      vertex 0.7403 19.6138 0.0000
      vertex 0.5901 19.7975 0.5000
      vertex 0.5946 19.8169 0.5000
    endloop
  endfacet
  facet normal -0.908904 0.176541 -0.377792
    outer loop
      vertex 0.7362 19.5946 0.0000
      vertex 0.4299 18.0175 0.0000
      vertex 0.2572 18.1983 0.5000
    endloop
  endfacet
  facet normal -0.918553 0.191252 -0.345953
    outer loop
      vertex 0.7362 19.5946 0.0000
      vertex 0.2572 18.1983 0.5000
      vertex 0.5901 19.7975 0.5000
    endloop
  endfacet
  facet normal -0.916880 0.147549 -0.370890
    outer loop
      vertex 0.4299 18.0175 0.0000
      vertex 0.4249 17.9868 0.0000
      vertex 0.2517 18.1670 0.5000
    endloop
  endfacet
  facet normal -0.913691 0.160154 -0.373522
    outer loop
      vertex 0.4299 18.0175 0.0000
      vertex 0.2517 18.1670 0.5000
      vertex 0.2572 18.1983 0.5000
    endloop
  endfacet
  facet normal -0.910282 0.116720 -0.397193
    outer loop
      vertex 0.4249 17.9868 0.0000
      vertex 0.2357 16.5109 0.0000
      vertex 0.0370 16.6626 0.5000
    endloop
  endfacet
  facet normal -0.921069 0.131455 -0.366540
    outer loop
      vertex 0.4249 17.9868 0.0000
      vertex 0.0370 16.6626 0.5000
      vertex 0.2517 18.1670 0.5000
    endloop
  endfacet
  facet normal -0.920028 0.063895 -0.386609
    outer loop
      vertex 0.2357 16.5109 0.0000
      vertex 0.2318 16.4547 0.0000
      vertex 0.0321 16.6051 0.5000
    endloop
  endfacet
  facet normal -0.918225 0.077407 -0.388422
    outer loop
      vertex 0.2357 16.5109 0.0000
      vertex 0.0321 16.6051 0.5000
      vertex 0.0370 16.6626 0.5000
    endloop
  endfacet
  facet normal -0.915373 0.010267 -0.402476
    outer loop
      vertex 0.2318 16.4547 0.0000
      vertex 0.2185 15.2692 0.0000
      vertex 0.0000 15.3907 0.5000
    endloop
  endfacet
  facet normal -0.925858 0.024486 -0.377079
    outer loop
      vertex 0.2318 16.4547 0.0000
      vertex 0.0000 15.3907 0.5000
      vertex 0.0321 16.6051 0.5000
    endloop
  endfacet
  facet normal -0.918911 -0.049803 -0.391308
    outer loop
      vertex 0.2185 15.2692 0.0000
      vertex 0.2219 15.2062 0.0000
      vertex 0.0025 15.3260 0.5000
    endloop
  endfacet
  facet normal -0.918883 -0.035230 -0.392953
    outer loop
      vertex 0.2185 15.2692 0.0000
      vertex 0.0025 15.3260 0.5000
      vertex 0.0000 15.3907 0.5000
    endloop
  endfacet
  facet normal -0.915891 -0.171630 -0.362886
    outer loop
      vertex 0.2219 15.2062 0.0000
      vertex 0.2336 15.1440 0.0000
      vertex 0.0133 15.2622 0.5000
    endloop
  endfacet
  facet normal -0.917744 -0.155500 -0.365466
    outer loop
      vertex 0.2219 15.2062 0.0000
      vertex 0.0133 15.2622 0.5000
      vertex 0.0025 15.3260 0.5000
    endloop
  endfacet
  facet normal -0.901882 -0.231034 -0.365010
    outer loop
      vertex 0.2336 15.1440 0.0000
      vertex 0.3939 14.5179 0.0000
      vertex 0.1655 14.6196 0.5000
    endloop
  endfacet
  facet normal -0.911368 -0.215896 -0.350424
    outer loop
      vertex 0.2336 15.1440 0.0000
      vertex 0.1655 14.6196 0.5000
      vertex 0.0133 15.2622 0.5000
    endloop
  endfacet
  facet normal -0.888847 -0.298093 -0.347983
    outer loop
      vertex 0.3939 14.5179 0.0000
      vertex 0.4163 14.4512 0.0000
      vertex 0.1871 14.5509 0.5000
    endloop
  endfacet
  facet normal -0.893288 -0.280825 -0.350961
    outer loop
      vertex 0.3939 14.5179 0.0000
      vertex 0.1871 14.5509 0.5000
      vertex 0.1655 14.6196 0.5000
    endloop
  endfacet
  facet normal -0.849697 -0.429035 -0.306504
    outer loop
      vertex 0.4163 14.4512 0.0000
      vertex 0.4482 14.3880 0.0000
      vertex 0.2183 14.4861 0.5000
    endloop
  endfacet
  facet normal -0.856565 -0.412249 -0.310399
    outer loop
      vertex 0.4163 14.4512 0.0000
      vertex 0.2183 14.4861 0.5000
      vertex 0.1871 14.5509 0.5000
    endloop
  endfacet
  facet normal -0.791827 -0.553629 -0.257885
    outer loop
      vertex 0.4482 14.3880 0.0000
      vertex 0.4890 14.3297 0.0000
      vertex 0.2585 14.4265 0.5000
    endloop
  endfacet
  facet normal -0.800484 -0.538909 -0.262304
    outer loop
      vertex 0.4482 14.3880 0.0000
      vertex 0.2585 14.4265 0.5000
      vertex 0.2183 14.4861 0.5000
    endloop
  endfacet
  facet normal -0.715567 -0.668521 -0.202591
    outer loop
      vertex 0.4890 14.3297 0.0000
      vertex 0.5377 14.2775 0.0000
      vertex 0.3068 14.3732 0.5000
    endloop
  endfacet
  facet normal -0.724786 -0.657161 -0.206939
    outer loop
      vertex 0.4890 14.3297 0.0000
      vertex 0.3068 14.3732 0.5000
      vertex 0.2585 14.4265 0.5000
    endloop
  endfacet
  facet normal -0.621954 -0.770170 -0.141460
    outer loop
      vertex 0.5377 14.2775 0.0000
      vertex 0.5935 14.2325 0.0000
      vertex 0.3622 14.3274 0.5000
    endloop
  endfacet
  facet normal -0.630054 -0.762888 -0.145030
    outer loop
      vertex 0.5377 14.2775 0.0000
      vertex 0.3622 14.3274 0.5000
      vertex 0.3068 14.3732 0.5000
    endloop
  endfacet
  facet normal -0.568912 -0.814875 -0.110984
    outer loop
      vertex 0.5935 14.2325 0.0000
      vertex 0.7120 14.1498 0.0000
      vertex 0.4802 14.2435 0.5000
    endloop
  endfacet
  facet normal -0.575988 -0.809652 -0.112703
    outer loop
      vertex 0.5935 14.2325 0.0000
      vertex 0.4802 14.2435 0.5000
      vertex 0.3622 14.3274 0.5000
    endloop
  endfacet
  facet normal -0.516444 -0.852530 -0.080491
    outer loop
      vertex 0.7120 14.1498 0.0000
      vertex 0.7692 14.1151 0.0000
      vertex 0.5373 14.2084 0.5000
    endloop
  endfacet
  facet normal -0.521986 -0.848921 -0.082851
    outer loop
      vertex 0.7120 14.1498 0.0000
      vertex 0.5373 14.2084 0.5000
      vertex 0.4802 14.2435 0.5000
    endloop
  endfacet
  facet normal -0.403843 -0.914673 -0.016853
    outer loop
      vertex 0.7692 14.1151 0.0000
      vertex 0.8305 14.0880 0.0000
      vertex 0.5985 14.1812 0.5000
    endloop
  endfacet
  facet normal -0.405137 -0.914091 -0.017372
    outer loop
      vertex 0.7692 14.1151 0.0000
      vertex 0.5985 14.1812 0.5000
      vertex 0.5373 14.2084 0.5000
    endloop
  endfacet
  facet normal -0.282908 -0.957952 0.047866
    outer loop
      vertex 0.8305 14.0880 0.0000
      vertex 0.8947 14.0691 0.0000
      vertex 0.6629 14.1625 0.5000
    endloop
  endfacet
  facet normal -0.278994 -0.959025 0.049338
    outer loop
      vertex 0.8305 14.0880 0.0000
      vertex 0.6629 14.1625 0.5000
      vertex 0.5985 14.1812 0.5000
    endloop
  endfacet
  facet normal -0.156794 -0.981264 0.111966
    outer loop
      vertex 0.8947 14.0691 0.0000
      vertex 0.9607 14.0585 0.0000
      vertex 0.7291 14.1526 0.5000
    endloop
  endfacet
  facet normal -0.147466 -0.982331 0.115234
    outer loop
      vertex 0.8947 14.0691 0.0000
      vertex 0.7291 14.1526 0.5000
      vertex 0.6629 14.1625 0.5000
    endloop
  endfacet
  facet normal -0.028783 -0.984370 0.173742
    outer loop
      vertex 0.9607 14.0585 0.0000
      vertex 1.0273 14.0566 0.0000
      vertex 0.7961 14.1516 0.5000
    endloop
  endfacet
  facet normal -0.014672 -0.983868 0.178295
    outer loop
      vertex 0.9607 14.0585 0.0000
      vertex 0.7961 14.1516 0.5000
      vertex 0.7291 14.1526 0.5000
    endloop
  endfacet
  facet normal 0.097981 -0.967860 0.231616
    outer loop
      vertex 1.0273 14.0566 0.0000
      vertex 1.0933 14.0632 0.0000
      vertex 0.8626 14.1595 0.5000
    endloop
  endfacet
  facet normal 0.115521 -0.964681 0.236739
    outer loop
      vertex 1.0273 14.0566 0.0000
      vertex 0.8626 14.1595 0.5000
      vertex 0.7961 14.1516 0.5000
    endloop
  endfacet
  facet normal 0.220721 -0.933003 0.284231
    outer loop
      vertex 1.0933 14.0632 0.0000
      vertex 1.1575 14.0784 0.0000
      vertex 0.9275 14.1763 0.5000
    endloop
  endfacet
  facet normal 0.239874 -0.926738 0.289167
    outer loop
      vertex 1.0933 14.0632 0.0000
      vertex 0.9275 14.1763 0.5000
      vertex 0.8626 14.1595 0.5000
    endloop
  endfacet
  facet normal 0.276278 -0.901451 0.333250
    outer loop
      vertex 1.1575 14.0784 0.0000
      vertex 1.7989 14.2750 0.0000
      vertex 1.5780 14.3921 0.5000
    endloop
  endfacet
  facet normal 0.298952 -0.901134 0.313983
    outer loop
      vertex 1.1575 14.0784 0.0000
      vertex 1.5780 14.3921 0.5000
      vertex 0.9275 14.1763 0.5000
    endloop
  endfacet
  facet normal 0.287970 -0.896076 0.337820
    outer loop
      vertex 1.7989 14.2750 0.0000
      vertex 1.8125 14.2794 0.0000
      vertex 1.5919 14.3970 0.5000
    endloop
  endfacet
  facet normal 0.308695 -0.886730 0.344119
    outer loop
      vertex 1.7989 14.2750 0.0000
      vertex 1.5919 14.3970 0.5000
      vertex 1.5780 14.3921 0.5000
    endloop
  endfacet
  facet normal 0.294357 -0.874209 0.386151
    outer loop
      vertex 1.8125 14.2794 0.0000
      vertex 2.8244 14.6201 0.0000
      vertex 2.6281 14.7748 0.5000
    endloop
  endfacet
  facet normal 0.321090 -0.880490 0.348767
    outer loop
      vertex 1.8125 14.2794 0.0000
      vertex 2.6281 14.7748 0.5000
      vertex 1.5919 14.3970 0.5000
    endloop
  endfacet
  facet normal 0.262574 -0.887664 0.378294
    outer loop
      vertex 2.8244 14.6201 0.0000
      vertex 2.8333 14.6227 0.0000
      vertex 2.6373 14.7778 0.5000
    endloop
  endfacet
  facet normal 0.284732 -0.878470 0.383690
    outer loop
      vertex 2.8244 14.6201 0.0000
      vertex 2.6373 14.7778 0.5000
      vertex 2.6281 14.7748 0.5000
    endloop
  endfacet
  facet normal 0.165095 -0.921467 0.351628
    outer loop
      vertex 2.8333 14.6227 0.0000
      vertex 2.8534 14.6263 0.0000
      vertex 2.6578 14.7821 0.5000
    endloop
  endfacet
  facet normal 0.189798 -0.914231 0.357993
    outer loop
      vertex 2.8333 14.6227 0.0000
      vertex 2.6578 14.7821 0.5000
      vertex 2.6373 14.7778 0.5000
    endloop
  endfacet
  facet normal 0.030561 -0.950621 0.308846
    outer loop
      vertex 2.8534 14.6263 0.0000
      vertex 2.8674 14.6268 0.0000
      vertex 2.6721 14.7829 0.5000
    endloop
  endfacet
  facet normal 0.056592 -0.946716 0.317059
    outer loop
      vertex 2.8534 14.6263 0.0000
      vertex 2.6721 14.7829 0.5000
      vertex 2.6578 14.7821 0.5000
    endloop
  endfacet
  facet normal -0.106808 -0.959913 0.259150
    outer loop
      vertex 2.8674 14.6268 0.0000
      vertex 2.8879 14.6245 0.0000
      vertex 2.6931 14.7811 0.5000
    endloop
  endfacet
  facet normal -0.082070 -0.959975 0.267792
    outer loop
      vertex 2.8674 14.6268 0.0000
      vertex 2.6931 14.7811 0.5000
      vertex 2.6721 14.7829 0.5000
    endloop
  endfacet
  facet normal -0.209866 -0.953268 0.217338
    outer loop
      vertex 2.8879 14.6245 0.0000
      vertex 2.8972 14.6224 0.0000
      vertex 2.7025 14.7793 0.5000
    endloop
  endfacet
  facet normal -0.187810 -0.955782 0.226293
    outer loop
      vertex 2.8879 14.6245 0.0000
      vertex 2.7025 14.7793 0.5000
      vertex 2.6931 14.7811 0.5000
    endloop
  endfacet
  facet normal -0.245201 -0.939488 0.239247
    outer loop
      vertex 2.8972 14.6224 0.0000
      vertex 3.6831 14.4173 0.0000
      vertex 3.5038 14.5915 0.5000
    endloop
  endfacet
  facet normal -0.223073 -0.951546 0.211656
    outer loop
      vertex 2.8972 14.6224 0.0000
      vertex 3.5038 14.5915 0.5000
      vertex 2.7025 14.7793 0.5000
    endloop
  endfacet
  facet normal -0.283180 -0.932600 0.223753
    outer loop
      vertex 3.6831 14.4173 0.0000
      vertex 3.6923 14.4145 0.0000
      vertex 3.5132 14.5889 0.5000
    endloop
  endfacet
  facet normal -0.256463 -0.937658 0.234570
    outer loop
      vertex 3.6831 14.4173 0.0000
      vertex 3.5132 14.5889 0.5000
      vertex 3.5038 14.5915 0.5000
    endloop
  endfacet
  facet normal -0.383516 -0.905927 0.179476
    outer loop
      vertex 3.6923 14.4145 0.0000
      vertex 3.7117 14.4063 0.0000
      vertex 3.5329 14.5810 0.5000
    endloop
  endfacet
  facet normal -0.361618 -0.913007 0.188815
    outer loop
      vertex 3.6923 14.4145 0.0000
      vertex 3.5329 14.5810 0.5000
      vertex 3.5132 14.5889 0.5000
    endloop
  endfacet
  facet normal -0.510426 -0.852097 0.115738
    outer loop
      vertex 3.7117 14.4063 0.0000
      vertex 3.7241 14.3989 0.0000
      vertex 3.5455 14.5738 0.5000
    endloop
  endfacet
  facet normal -0.496528 -0.859295 0.122769
    outer loop
      vertex 3.7117 14.4063 0.0000
      vertex 3.5455 14.5738 0.5000
      vertex 3.5329 14.5810 0.5000
    endloop
  endfacet
  facet normal -0.626182 -0.778148 0.048804
    outer loop
      vertex 3.7241 14.3989 0.0000
      vertex 3.7407 14.3855 0.0000
      vertex 3.5622 14.5606 0.5000
    endloop
  endfacet
  facet normal -0.620777 -0.782268 0.051888
    outer loop
      vertex 3.7241 14.3989 0.0000
      vertex 3.5622 14.5606 0.5000
      vertex 3.5455 14.5738 0.5000
    endloop
  endfacet
  facet normal -0.703686 -0.710507 -0.002551
    outer loop
      vertex 3.7407 14.3855 0.0000
      vertex 3.7476 14.3787 0.0000
      vertex 3.5691 14.5537 0.5000
    endloop
  endfacet
  facet normal -0.703941 -0.710253 -0.002724
    outer loop
      vertex 3.7407 14.3855 0.0000
      vertex 3.5691 14.5537 0.5000
      vertex 3.5622 14.5606 0.5000
    endloop
  endfacet
  facet normal -0.726862 -0.686318 -0.025267
    outer loop
      vertex 3.7476 14.3787 0.0000
      vertex 4.3229 13.7694 0.0000
      vertex 4.1423 13.9423 0.5000
    endloop
  endfacet
  facet normal -0.729375 -0.683789 -0.021075
    outer loop
      vertex 3.7476 14.3787 0.0000
      vertex 4.1423 13.9423 0.5000
      vertex 3.5691 14.5537 0.5000
    endloop
  endfacet
  facet normal -0.745725 -0.665079 -0.039548
    outer loop
      vertex 4.3229 13.7694 0.0000
      vertex 4.3286 13.7630 0.0000
      vertex 4.1480 13.9358 0.5000
    endloop
  endfacet
  facet normal -0.750446 -0.659528 -0.043048
    outer loop
      vertex 4.3229 13.7694 0.0000
      vertex 4.1480 13.9358 0.5000
      vertex 4.1423 13.9423 0.5000
    endloop
  endfacet
  facet normal -0.799346 -0.595011 -0.083709
    outer loop
      vertex 4.3286 13.7630 0.0000
      vertex 4.3397 13.7481 0.0000
      vertex 4.1589 13.9207 0.5000
    endloop
  endfacet
  facet normal -0.807881 -0.582340 -0.090602
    outer loop
      vertex 4.3286 13.7630 0.0000
      vertex 4.1589 13.9207 0.5000
      vertex 4.1480 13.9358 0.5000
    endloop
  endfacet
  facet normal -0.858466 -0.493043 -0.141230
    outer loop
      vertex 4.3397 13.7481 0.0000
      vertex 4.3489 13.7320 0.0000
      vertex 4.1678 13.9043 0.5000
    endloop
  endfacet
  facet normal -0.869279 -0.470362 -0.152034
    outer loop
      vertex 4.3397 13.7481 0.0000
      vertex 4.1678 13.9043 0.5000
      vertex 4.1589 13.9207 0.5000
    endloop
  endfacet
  facet normal -0.893073 -0.411239 -0.182490
    outer loop
      vertex 4.3489 13.7320 0.0000
      vertex 4.3525 13.7244 0.0000
      vertex 4.1711 13.8964 0.5000
    endloop
  endfacet
  facet normal -0.903381 -0.381454 -0.195949
    outer loop
      vertex 4.3489 13.7320 0.0000
      vertex 4.1711 13.8964 0.5000
      vertex 4.1678 13.9043 0.5000
    endloop
  endfacet
  facet normal -0.881489 -0.386406 -0.271417
    outer loop
      vertex 4.3525 13.7244 0.0000
      vertex 4.7283 12.8670 0.0000
      vertex 4.5163 12.9994 0.5000
    endloop
  endfacet
  facet normal -0.912420 -0.351162 -0.210180
    outer loop
      vertex 4.3525 13.7244 0.0000
      vertex 4.5163 12.9994 0.5000
      vertex 4.1711 13.8964 0.5000
    endloop
  endfacet
  facet normal -0.885783 -0.371468 -0.278209
    outer loop
      vertex 4.7283 12.8670 0.0000
      vertex 4.7315 12.8594 0.0000
      vertex 4.5191 12.9913 0.5000
    endloop
  endfacet
  facet normal -0.901141 -0.313972 -0.298941
    outer loop
      vertex 4.7283 12.8670 0.0000
      vertex 4.5191 12.9913 0.5000
      vertex 4.5163 12.9994 0.5000
    endloop
  endfacet
  facet normal -0.906354 -0.283698 -0.313109
    outer loop
      vertex 4.7315 12.8594 0.0000
      vertex 4.7384 12.8374 0.0000
      vertex 4.5249 12.9675 0.5000
    endloop
  endfacet
  facet normal -0.916989 -0.223304 -0.330554
    outer loop
      vertex 4.7315 12.8594 0.0000
      vertex 4.5249 12.9675 0.5000
      vertex 4.5191 12.9913 0.5000
    endloop
  endfacet
  facet normal -0.919205 -0.193017 -0.343231
    outer loop
      vertex 4.7384 12.8374 0.0000
      vertex 4.7400 12.8296 0.0000
      vertex 4.5261 12.9590 0.5000
    endloop
  endfacet
  facet normal -0.923570 -0.132485 -0.359814
    outer loop
      vertex 4.7384 12.8374 0.0000
      vertex 4.5261 12.9590 0.5000
      vertex 4.5249 12.9675 0.5000
    endloop
  endfacet
  facet normal -0.885095 -0.146598 -0.441720
    outer loop
      vertex 4.7400 12.8296 0.0000
      vertex 4.8915 11.9151 0.0000
      vertex 4.6415 11.9179 0.5000
    endloop
  endfacet
  facet normal -0.923893 -0.102363 -0.368705
    outer loop
      vertex 4.7400 12.8296 0.0000
      vertex 4.6415 11.9179 0.5000
      vertex 4.5261 12.9590 0.5000
    endloop
  endfacet
  facet normal -0.891024 -0.088642 -0.445217
    outer loop
      vertex 4.8915 11.9151 0.0000
      vertex 4.8921 11.9089 0.0000
      vertex 4.6421 11.9106 0.5000
    endloop
  endfacet
  facet normal -0.892147 -0.074002 -0.445642
    outer loop
      vertex 4.8915 11.9151 0.0000
      vertex 4.6421 11.9106 0.5000
      vertex 4.6415 11.9179 0.5000
    endloop
  endfacet
  facet normal -0.894431 -0.000000 -0.447206
    outer loop
      vertex 4.8921 11.9089 0.0000
      vertex 4.8921 11.8911 0.0000
      vertex 4.6421 11.8894 0.5000
    endloop
  endfacet
  facet normal -0.894431 0.000000 -0.447206
    outer loop
      vertex 4.8921 11.9089 0.0000
      vertex 4.6421 11.8894 0.5000
      vertex 4.6421 11.9106 0.5000
    endloop
  endfacet
  facet normal -0.891110 0.088651 -0.445044
    outer loop
      vertex 4.8921 11.8911 0.0000
      vertex 4.8915 11.8849 0.0000
      vertex 4.6415 11.8821 0.5000
    endloop
  endfacet
  facet normal -0.892074 0.073996 -0.445789
    outer loop
      vertex 4.8921 11.8911 0.0000
      vertex 4.6415 11.8821 0.5000
      vertex 4.6421 11.8894 0.5000
    endloop
  endfacet
  facet normal -0.922309 0.152762 -0.354980
    outer loop
      vertex 4.8915 11.8849 0.0000
      vertex 4.7400 10.9704 0.0000
      vertex 4.5261 10.8410 0.5000
    endloop
  endfacet
  facet normal -0.890291 0.098640 -0.444580
    outer loop
      vertex 4.8915 11.8849 0.0000
      vertex 4.5261 10.8410 0.5000
      vertex 4.6415 11.8821 0.5000
    endloop
  endfacet
  facet normal -0.919531 0.193085 -0.342317
    outer loop
      vertex 4.7400 10.9704 0.0000
      vertex 4.7384 10.9626 0.0000
      vertex 4.5249 10.8325 0.5000
    endloop
  endfacet
  facet normal -0.923253 0.132439 -0.360645
    outer loop
      vertex 4.7400 10.9704 0.0000
      vertex 4.5249 10.8325 0.5000
      vertex 4.5261 10.8410 0.5000
    endloop
  endfacet
  facet normal -0.907204 0.283964 -0.310394
    outer loop
      vertex 4.7384 10.9626 0.0000
      vertex 4.7315 10.9406 0.0000
      vertex 4.5191 10.8087 0.5000
    endloop
  endfacet
  facet normal -0.916134 0.223096 -0.333057
    outer loop
      vertex 4.7384 10.9626 0.0000
      vertex 4.5191 10.8087 0.5000
      vertex 4.5249 10.8325 0.5000
    endloop
  endfacet
  facet normal -0.886032 0.371573 -0.277273
    outer loop
      vertex 4.7315 10.9406 0.0000
      vertex 4.7283 10.9330 0.0000
      vertex 4.5163 10.8006 0.5000
    endloop
  endfacet
  facet normal -0.900882 0.313882 -0.299816
    outer loop
      vertex 4.7315 10.9406 0.0000
      vertex 4.5163 10.8006 0.5000
      vertex 4.5191 10.8087 0.5000
    endloop
  endfacet
  facet normal -0.899086 0.394120 -0.190562
    outer loop
      vertex 4.7283 10.9330 0.0000
      vertex 4.3525 10.0756 0.0000
      vertex 4.1711 9.9036 0.5000
    endloop
  endfacet
  facet normal -0.893763 0.343981 -0.287862
    outer loop
      vertex 4.7283 10.9330 0.0000
      vertex 4.1711 9.9036 0.5000
      vertex 4.5163 10.8006 0.5000
    endloop
  endfacet
  facet normal -0.893161 0.411280 -0.181970
    outer loop
      vertex 4.3525 10.0756 0.0000
      vertex 4.3489 10.0680 0.0000
      vertex 4.1678 9.8957 0.5000
    endloop
  endfacet
  facet normal -0.903287 0.381415 -0.196458
    outer loop
      vertex 4.3525 10.0756 0.0000
      vertex 4.1678 9.8957 0.5000
      vertex 4.1711 9.9036 0.5000
    endloop
  endfacet
  facet normal -0.858579 0.493108 -0.140312
    outer loop
      vertex 4.3489 10.0680 0.0000
      vertex 4.3397 10.0519 0.0000
      vertex 4.1589 9.8793 0.5000
    endloop
  endfacet
  facet normal -0.869156 0.470295 -0.152940
    outer loop
      vertex 4.3489 10.0680 0.0000
      vertex 4.1589 9.8793 0.5000
      vertex 4.1678 9.8957 0.5000
    endloop
  endfacet
  facet normal -0.799384 0.595039 -0.083143
    outer loop
      vertex 4.3397 10.0519 0.0000
      vertex 4.3286 10.0370 0.0000
      vertex 4.1480 9.8642 0.5000
    endloop
  endfacet
  facet normal -0.807839 0.582310 -0.091165
    outer loop
      vertex 4.3397 10.0519 0.0000
      vertex 4.1480 9.8642 0.5000
      vertex 4.1589 9.8793 0.5000
    endloop
  endfacet
  facet normal -0.745729 0.665082 -0.039423
    outer loop
      vertex 4.3286 10.0370 0.0000
      vertex 4.3229 10.0306 0.0000
      vertex 4.1423 9.8577 0.5000
    endloop
  endfacet
  facet normal -0.750442 0.659524 -0.043172
    outer loop
      vertex 4.3286 10.0370 0.0000
      vertex 4.1423 9.8577 0.5000
      vertex 4.1480 9.8642 0.5000
    endloop
  endfacet
  facet normal -0.726959 0.686410 -0.019295
    outer loop
      vertex 4.3229 10.0306 0.0000
      vertex 3.7476 9.4213 0.0000
      vertex 3.5691 9.2463 0.5000
    endloop
  endfacet
  facet normal -0.729270 0.683691 -0.027045
    outer loop
      vertex 4.3229 10.0306 0.0000
      vertex 3.5691 9.2463 0.5000
      vertex 4.1423 9.8577 0.5000
    endloop
  endfacet
  facet normal -0.703686 0.710507 -0.002544
    outer loop
      vertex 3.7476 9.4213 0.0000
      vertex 3.7407 9.4145 0.0000
      vertex 3.5622 9.2394 0.5000
    endloop
  endfacet
  facet normal -0.703941 0.710253 -0.002731
    outer loop
      vertex 3.7476 9.4213 0.0000
      vertex 3.5622 9.2394 0.5000
      vertex 3.5691 9.2463 0.5000
    endloop
  endfacet
  facet normal -0.626191 0.778159 0.048516
    outer loop
      vertex 3.7407 9.4145 0.0000
      vertex 3.7241 9.4011 0.0000
      vertex 3.5455 9.2262 0.5000
    endloop
  endfacet
  facet normal -0.620768 0.782256 0.052176
    outer loop
      vertex 3.7407 9.4145 0.0000
      vertex 3.5455 9.2262 0.5000
      vertex 3.5622 9.2394 0.5000
    endloop
  endfacet
  facet normal -0.510453 0.852142 0.115290
    outer loop
      vertex 3.7241 9.4011 0.0000
      vertex 3.7117 9.3937 0.0000
      vertex 3.5329 9.2190 0.5000
    endloop
  endfacet
  facet normal -0.496500 0.859247 0.123214
    outer loop
      vertex 3.7241 9.4011 0.0000
      vertex 3.5329 9.2190 0.5000
      vertex 3.5455 9.2262 0.5000
    endloop
  endfacet
  facet normal -0.383583 0.906086 0.178531
    outer loop
      vertex 3.7117 9.3937 0.0000
      vertex 3.6923 9.3855 0.0000
      vertex 3.5132 9.2111 0.5000
    endloop
  endfacet
  facet normal -0.361551 0.912840 0.189746
    outer loop
      vertex 3.7117 9.3937 0.0000
      vertex 3.5132 9.2111 0.5000
      vertex 3.5329 9.2190 0.5000
    endloop
  endfacet
  facet normal -0.283214 0.932711 0.223251
    outer loop
      vertex 3.6923 9.3855 0.0000
      vertex 3.6831 9.3827 0.0000
      vertex 3.5038 9.2085 0.5000
    endloop
  endfacet
  facet normal -0.256432 0.937544 0.235061
    outer loop
      vertex 3.6923 9.3855 0.0000
      vertex 3.5038 9.2085 0.5000
      vertex 3.5132 9.2111 0.5000
    endloop
  endfacet
  facet normal -0.247380 0.947835 0.201028
    outer loop
      vertex 3.6831 9.3827 0.0000
      vertex 2.8972 9.1776 0.0000
      vertex 2.7025 9.0207 0.5000
    endloop
  endfacet
  facet normal -0.221049 0.942913 0.249105
    outer loop
      vertex 3.6831 9.3827 0.0000
      vertex 2.7025 9.0207 0.5000
      vertex 3.5038 9.2085 0.5000
    endloop
  endfacet
  facet normal -0.209885 0.953357 0.216932
    outer loop
      vertex 2.8972 9.1776 0.0000
      vertex 2.8879 9.1755 0.0000
      vertex 2.6931 9.0189 0.5000
    endloop
  endfacet
  facet normal -0.187792 0.955691 0.226692
    outer loop
      vertex 2.8972 9.1776 0.0000
      vertex 2.6931 9.0189 0.5000
      vertex 2.7025 9.0207 0.5000
    endloop
  endfacet
  facet normal -0.106837 0.960170 0.258183
    outer loop
      vertex 2.8879 9.1755 0.0000
      vertex 2.8674 9.1732 0.0000
      vertex 2.6721 9.0171 0.5000
    endloop
  endfacet
  facet normal -0.082047 0.959713 0.268735
    outer loop
      vertex 2.8879 9.1755 0.0000
      vertex 2.6721 9.0171 0.5000
      vertex 2.6931 9.0189 0.5000
    endloop
  endfacet
  facet normal 0.030568 0.950841 0.308166
    outer loop
      vertex 2.8674 9.1732 0.0000
      vertex 2.8534 9.1737 0.0000
      vertex 2.6578 9.0179 0.5000
    endloop
  endfacet
  facet normal 0.056579 0.946496 0.317717
    outer loop
      vertex 2.8674 9.1732 0.0000
      vertex 2.6578 9.0179 0.5000
      vertex 2.6721 9.0171 0.5000
    endloop
  endfacet
  facet normal 0.165158 0.921816 0.350683
    outer loop
      vertex 2.8534 9.1737 0.0000
      vertex 2.8333 9.1773 0.0000
      vertex 2.6373 9.0222 0.5000
    endloop
  endfacet
  facet normal 0.189727 0.913890 0.358900
    outer loop
      vertex 2.8534 9.1737 0.0000
      vertex 2.6373 9.0222 0.5000
      vertex 2.6578 9.0179 0.5000
    endloop
  endfacet
  facet normal 0.262620 0.887819 0.377899
    outer loop
      vertex 2.8333 9.1773 0.0000
      vertex 2.8244 9.1799 0.0000
      vertex 2.6281 9.0252 0.5000
    endloop
  endfacet
  facet normal 0.284684 0.878321 0.384067
    outer loop
      vertex 2.8333 9.1773 0.0000
      vertex 2.6281 9.0252 0.5000
      vertex 2.6373 9.0222 0.5000
    endloop
  endfacet
  facet normal 0.299889 0.890640 0.341800
    outer loop
      vertex 2.8244 9.1799 0.0000
      vertex 1.8125 9.5206 0.0000
      vertex 1.5919 9.4030 0.5000
    endloop
  endfacet
  facet normal 0.315274 0.864540 0.391372
    outer loop
      vertex 2.8244 9.1799 0.0000
      vertex 1.5919 9.4030 0.5000
      vertex 2.6281 9.0252 0.5000
    endloop
  endfacet
  facet normal 0.288034 0.896277 0.337230
    outer loop
      vertex 1.8125 9.5206 0.0000
      vertex 1.7989 9.5250 0.0000
      vertex 1.5780 9.4079 0.5000
    endloop
  endfacet
  facet normal 0.308626 0.886532 0.344689
    outer loop
      vertex 1.8125 9.5206 0.0000
      vertex 1.5780 9.4079 0.5000
      vertex 1.5919 9.4030 0.5000
    endloop
  endfacet
  facet normal 0.278923 0.910081 0.306520
    outer loop
      vertex 1.7989 9.5250 0.0000
      vertex 1.1575 9.7216 0.0000
      vertex 0.9275 9.6237 0.5000
    endloop
  endfacet
  facet normal 0.296123 0.892608 0.339944
    outer loop
      vertex 1.7989 9.5250 0.0000
      vertex 0.9275 9.6237 0.5000
      vertex 1.5780 9.4079 0.5000
    endloop
  endfacet
  facet normal 0.220889 0.933715 0.281751
    outer loop
      vertex 1.1575 9.7216 0.0000
      vertex 1.0933 9.7368 0.0000
      vertex 0.8626 9.6405 0.5000
    endloop
  endfacet
  facet normal 0.239689 0.926025 0.291592
    outer loop
      vertex 1.1575 9.7216 0.0000
      vertex 0.8626 9.6405 0.5000
      vertex 0.9275 9.6237 0.5000
    endloop
  endfacet
  facet normal 0.098035 0.968393 0.229357
    outer loop
      vertex 1.0933 9.7368 0.0000
      vertex 1.0273 9.7434 0.0000
      vertex 0.7961 9.6484 0.5000
    endloop
  endfacet
  facet normal 0.115457 0.964140 0.238962
    outer loop
      vertex 1.0933 9.7368 0.0000
      vertex 0.7961 9.6484 0.5000
      vertex 0.8626 9.6405 0.5000
    endloop
  endfacet
  facet normal -0.028792 0.984692 0.171909
    outer loop
      vertex 1.0273 9.7434 0.0000
      vertex 0.9607 9.7415 0.0000
      vertex 0.7291 9.6474 0.5000
    endloop
  endfacet
  facet normal -0.014667 0.983537 0.180112
    outer loop
      vertex 1.0273 9.7434 0.0000
      vertex 0.7291 9.6474 0.5000
      vertex 0.7961 9.6484 0.5000
    endloop
  endfacet
  facet normal -0.156816 0.981401 0.110724
    outer loop
      vertex 0.9607 9.7415 0.0000
      vertex 0.8947 9.7309 0.0000
      vertex 0.6629 9.6375 0.5000
    endloop
  endfacet
  facet normal -0.147445 0.982189 0.116471
    outer loop
      vertex 0.9607 9.7415 0.0000
      vertex 0.6629 9.6375 0.5000
      vertex 0.7291 9.6474 0.5000
    endloop
  endfacet
  facet normal -0.282916 0.957977 0.047324
    outer loop
      vertex 0.8947 9.7309 0.0000
      vertex 0.8305 9.7120 0.0000
      vertex 0.5985 9.6188 0.5000
    endloop
  endfacet
  facet normal -0.278987 0.958999 0.049881
    outer loop
      vertex 0.8947 9.7309 0.0000
      vertex 0.5985 9.6188 0.5000
      vertex 0.6629 9.6375 0.5000
    endloop
  endfacet
  facet normal -0.403844 0.914676 -0.016663
    outer loop
      vertex 0.8305 9.7120 0.0000
      vertex 0.7692 9.6849 0.0000
      vertex 0.5373 9.5916 0.5000
    endloop
  endfacet
  facet normal -0.405136 0.914088 -0.017562
    outer loop
      vertex 0.8305 9.7120 0.0000
      vertex 0.5373 9.5916 0.5000
      vertex 0.5985 9.6188 0.5000
    endloop
  endfacet
  facet normal -0.516480 0.852590 -0.079611
    outer loop
      vertex 0.7692 9.6849 0.0000
      vertex 0.7120 9.6502 0.0000
      vertex 0.4802 9.5565 0.5000
    endloop
  endfacet
  facet normal -0.521947 0.848858 -0.083729
    outer loop
      vertex 0.7692 9.6849 0.0000
      vertex 0.4802 9.5565 0.5000
      vertex 0.5373 9.5916 0.5000
    endloop
  endfacet
  facet normal -0.569071 0.815103 -0.108469
    outer loop
      vertex 0.7120 9.6502 0.0000
      vertex 0.5935 9.5675 0.0000
      vertex 0.3622 9.4726 0.5000
    endloop
  endfacet
  facet normal -0.575821 0.809417 -0.115210
    outer loop
      vertex 0.7120 9.6502 0.0000
      vertex 0.3622 9.4726 0.5000
      vertex 0.4802 9.5565 0.5000
    endloop
  endfacet
  facet normal -0.622091 0.770340 -0.139926
    outer loop
      vertex 0.5935 9.5675 0.0000
      vertex 0.5377 9.5225 0.0000
      vertex 0.3068 9.4268 0.5000
    endloop
  endfacet
  facet normal -0.629910 0.762715 -0.146556
    outer loop
      vertex 0.5935 9.5675 0.0000
      vertex 0.3068 9.4268 0.5000
      vertex 0.3622 9.4726 0.5000
    endloop
  endfacet
  facet normal -0.715871 0.668804 -0.200575
    outer loop
      vertex 0.5377 9.5225 0.0000
      vertex 0.4890 9.4703 0.0000
      vertex 0.2585 9.3735 0.5000
    endloop
  endfacet
  facet normal -0.724472 0.656877 -0.208933
    outer loop
      vertex 0.5377 9.5225 0.0000
      vertex 0.2585 9.3735 0.5000
      vertex 0.3068 9.4268 0.5000
    endloop
  endfacet
  facet normal -0.792326 0.553978 -0.255594
    outer loop
      vertex 0.4890 9.4703 0.0000
      vertex 0.4482 9.4120 0.0000
      vertex 0.2183 9.3139 0.5000
    endloop
  endfacet
  facet normal -0.799973 0.538565 -0.264556
    outer loop
      vertex 0.4890 9.4703 0.0000
      vertex 0.2183 9.3139 0.5000
      vertex 0.2585 9.3735 0.5000
    endloop
  endfacet
  facet normal -0.850373 0.429376 -0.304142
    outer loop
      vertex 0.4482 9.4120 0.0000
      vertex 0.4163 9.3488 0.0000
      vertex 0.1871 9.2491 0.5000
    endloop
  endfacet
  facet normal -0.855883 0.411920 -0.312709
    outer loop
      vertex 0.4482 9.4120 0.0000
      vertex 0.1871 9.2491 0.5000
      vertex 0.2183 9.3139 0.5000
    endloop
  endfacet
  facet normal -0.889637 0.298358 -0.345729
    outer loop
      vertex 0.4163 9.3488 0.0000
      vertex 0.3939 9.2821 0.0000
      vertex 0.1655 9.1804 0.5000
    endloop
  endfacet
  facet normal -0.892501 0.280578 -0.353154
    outer loop
      vertex 0.4163 9.3488 0.0000
      vertex 0.1655 9.1804 0.5000
      vertex 0.1871 9.2491 0.5000
    endloop
  endfacet
  facet normal -0.909098 0.232882 -0.345407
    outer loop
      vertex 0.3939 9.2821 0.0000
      vertex 0.2336 8.6560 0.0000
      vertex 0.0133 8.5378 0.5000
    endloop
  endfacet
  facet normal -0.904208 0.214200 -0.369494
    outer loop
      vertex 0.3939 9.2821 0.0000
      vertex 0.0133 8.5378 0.5000
      vertex 0.1655 9.1804 0.5000
    endloop
  endfacet
  facet normal -0.916587 0.171761 -0.361062
    outer loop
      vertex 0.2336 8.6560 0.0000
      vertex 0.2219 8.5938 0.0000
      vertex 0.0025 8.4740 0.5000
    endloop
  endfacet
  facet normal -0.917055 0.155384 -0.367241
    outer loop
      vertex 0.2336 8.6560 0.0000
      vertex 0.0025 8.4740 0.5000
      vertex 0.0133 8.5378 0.5000
    endloop
  endfacet
  facet normal -0.919588 0.049840 -0.389710
    outer loop
      vertex 0.2219 8.5938 0.0000
      vertex 0.2185 8.5308 0.0000
      vertex 0.0000 8.4093 0.5000
    endloop
  endfacet
  facet normal -0.918220 0.035204 -0.394504
    outer loop
      vertex 0.2219 8.5938 0.0000
      vertex 0.0000 8.4093 0.5000
      vertex 0.0025 8.4740 0.5000
    endloop
  endfacet
  facet normal -0.927563 -0.010403 -0.373522
    outer loop
      vertex 0.2185 8.5308 0.0000
      vertex 0.2318 7.3453 0.0000
      vertex 0.0321 7.1949 0.5000
    endloop
  endfacet
  facet normal -0.913903 -0.024170 -0.405213
    outer loop
      vertex 0.2185 8.5308 0.0000
      vertex 0.0321 7.1949 0.5000
      vertex 0.0000 8.4093 0.5000
    endloop
  endfacet
  facet normal -0.920585 -0.063934 -0.385273
    outer loop
      vertex 0.2318 7.3453 0.0000
      vertex 0.2357 7.2891 0.0000
      vertex 0.0370 7.1374 0.5000
    endloop
  endfacet
  facet normal -0.917677 -0.077360 -0.389722
    outer loop
      vertex 0.2318 7.3453 0.0000
      vertex 0.0370 7.1374 0.5000
      vertex 0.0321 7.1949 0.5000
    endloop
  endfacet
  facet normal -0.924234 -0.118509 -0.362970
    outer loop
      vertex 0.2357 7.2891 0.0000
      vertex 0.4249 5.8132 0.0000
      vertex 0.2517 5.6330 0.5000
    endloop
  endfacet
  facet normal -0.907361 -0.129498 -0.399908
    outer loop
      vertex 0.2357 7.2891 0.0000
      vertex 0.2517 5.6330 0.5000
      vertex 0.0370 7.1374 0.5000
    endloop
  endfacet
  facet normal -0.917160 -0.147594 -0.370180
    outer loop
      vertex 0.4249 5.8132 0.0000
      vertex 0.4299 5.7825 0.0000
      vertex 0.2572 5.6017 0.5000
    endloop
  endfacet
  facet normal -0.913416 -0.160106 -0.374216
    outer loop
      vertex 0.4249 5.8132 0.0000
      vertex 0.2572 5.6017 0.5000
      vertex 0.2517 5.6330 0.5000
    endloop
  endfacet
  facet normal -0.922399 -0.179163 -0.342171
    outer loop
      vertex 0.4299 5.7825 0.0000
      vertex 0.7362 4.2054 0.0000
      vertex 0.5901 4.0025 0.5000
    endloop
  endfacet
  facet normal -0.905229 -0.188478 -0.380837
    outer loop
      vertex 0.4299 5.7825 0.0000
      vertex 0.5901 4.0025 0.5000
      vertex 0.2572 5.6017 0.5000
    endloop
  endfacet
  facet normal -0.916637 -0.197579 -0.347477
    outer loop
      vertex 0.7362 4.2054 0.0000
      vertex 0.7403 4.1862 0.0000
      vertex 0.5946 3.9831 0.5000
    endloop
  endfacet
  facet normal -0.912568 -0.209075 -0.351436
    outer loop
      vertex 0.7362 4.2054 0.0000
      vertex 0.5946 3.9831 0.5000
      vertex 0.5901 4.0025 0.5000
    endloop
  endfacet
  facet normal -0.921559 -0.218568 -0.320868
    outer loop
      vertex 0.7403 4.1862 0.0000
      vertex 1.0982 2.6774 0.0000
      vertex 0.9758 2.4594 0.5000
    endloop
  endfacet
  facet normal -0.906411 -0.226779 -0.356358
    outer loop
      vertex 0.7403 4.1862 0.0000
      vertex 0.9758 2.4594 0.5000
      vertex 0.5946 3.9831 0.5000
    endloop
  endfacet
  facet normal -0.916982 -0.231329 -0.325010
    outer loop
      vertex 1.0982 2.6774 0.0000
      vertex 1.1015 2.6643 0.0000
      vertex 0.9793 2.4462 0.5000
    endloop
  endfacet
  facet normal -0.912943 -0.241671 -0.328831
    outer loop
      vertex 1.0982 2.6774 0.0000
      vertex 0.9793 2.4462 0.5000
      vertex 0.9758 2.4594 0.5000
    endloop
  endfacet
  facet normal -0.920323 -0.246100 -0.304039
    outer loop
      vertex 1.1015 2.6643 0.0000
      vertex 1.4426 1.3885 0.0000
      vertex 1.3382 1.1614 0.5000
    endloop
  endfacet
  facet normal -0.908278 -0.253722 -0.332651
    outer loop
      vertex 1.1015 2.6643 0.0000
      vertex 1.3382 1.1614 0.5000
      vertex 0.9793 2.4462 0.5000
    endloop
  endfacet
  facet normal -0.916721 -0.255338 -0.307286
    outer loop
      vertex 1.4426 1.3885 0.0000
      vertex 1.4452 1.3791 0.0000
      vertex 1.3409 1.1520 0.5000
    endloop
  endfacet
  facet normal -0.912843 -0.264673 -0.310913
    outer loop
      vertex 1.4426 1.3885 0.0000
      vertex 1.3409 1.1520 0.5000
      vertex 1.3382 1.1614 0.5000
    endloop
  endfacet
  facet normal -0.917552 -0.265614 -0.295884
    outer loop
      vertex 1.4452 1.3791 0.0000
      vertex 1.6744 0.5876 0.0000
      vertex 1.5802 0.3561 0.5000
    endloop
  endfacet
  facet normal -0.909262 -0.273327 -0.313903
    outer loop
      vertex 1.4452 1.3791 0.0000
      vertex 1.5802 0.3561 0.5000
      vertex 1.3409 1.1520 0.5000
    endloop
  endfacet
  facet normal -0.892593 -0.321668 -0.315923
    outer loop
      vertex 1.6744 0.5876 0.0000
      vertex 1.6958 0.5281 0.0000
      vertex 1.6024 0.2962 0.5000
    endloop
  endfacet
  facet normal -0.887969 -0.330134 -0.320193
    outer loop
      vertex 1.6744 0.5876 0.0000
      vertex 1.6024 0.2962 0.5000
      vertex 1.5802 0.3561 0.5000
    endloop
  endfacet
  facet normal -0.832723 -0.427049 -0.352423
    outer loop
      vertex 1.6958 0.5281 0.0000
      vertex 1.7247 0.4719 0.0000
      vertex 1.6322 0.2396 0.5000
    endloop
  endfacet
  facet normal -0.827187 -0.434675 -0.356118
    outer loop
      vertex 1.6958 0.5281 0.0000
      vertex 1.6322 0.2396 0.5000
      vertex 1.6024 0.2962 0.5000
    endloop
  endfacet
  facet normal -0.761166 -0.523476 -0.382883
    outer loop
      vertex 1.7247 0.4719 0.0000
      vertex 1.7604 0.4199 0.0000
      vertex 1.6689 0.1873 0.5000
    endloop
  endfacet
  facet normal -0.755281 -0.529801 -0.385826
    outer loop
      vertex 1.7247 0.4719 0.0000
      vertex 1.6689 0.1873 0.5000
      vertex 1.6322 0.2396 0.5000
    endloop
  endfacet
  facet normal -0.679590 -0.610114 -0.407331
    outer loop
      vertex 1.7604 0.4199 0.0000
      vertex 1.8024 0.3732 0.0000
      vertex 1.7119 0.1401 0.5000
    endloop
  endfacet
  facet normal -0.673980 -0.614892 -0.409462
    outer loop
      vertex 1.7604 0.4199 0.0000
      vertex 1.7119 0.1401 0.5000
      vertex 1.6689 0.1873 0.5000
    endloop
  endfacet
  facet normal -0.589496 -0.686392 -0.425864
    outer loop
      vertex 1.8024 0.3732 0.0000
      vertex 1.8500 0.3323 0.0000
      vertex 1.7607 0.0988 0.5000
    endloop
  endfacet
  facet normal -0.584769 -0.689585 -0.427221
    outer loop
      vertex 1.8024 0.3732 0.0000
      vertex 1.7607 0.0988 0.5000
      vertex 1.7119 0.1401 0.5000
    endloop
  endfacet
  facet normal -0.492206 -0.751908 -0.438598
    outer loop
      vertex 1.8500 0.3323 0.0000
      vertex 1.9024 0.2979 0.0000
      vertex 1.8143 0.0640 0.5000
    endloop
  endfacet
  facet normal -0.488891 -0.753658 -0.439300
    outer loop
      vertex 1.8500 0.3323 0.0000
      vertex 1.8143 0.0640 0.5000
      vertex 1.7607 0.0988 0.5000
    endloop
  endfacet
  facet normal -0.388881 -0.806338 -0.445635
    outer loop
      vertex 1.9024 0.2979 0.0000
      vertex 1.9589 0.2707 0.0000
      vertex 1.8719 0.0363 0.5000
    endloop
  endfacet
  facet normal -0.387384 -0.806936 -0.445856
    outer loop
      vertex 1.9024 0.2979 0.0000
      vertex 1.8719 0.0363 0.5000
      vertex 1.8143 0.0640 0.5000
    endloop
  endfacet
  facet normal -0.280558 -0.849379 -0.447037
    outer loop
      vertex 1.9589 0.2707 0.0000
      vertex 2.0183 0.2511 0.0000
      vertex 1.9325 0.0163 0.5000
    endloop
  endfacet
  facet normal -0.281135 -0.849216 -0.446985
    outer loop
      vertex 1.9589 0.2707 0.0000
      vertex 1.9325 0.0163 0.5000
      vertex 1.8719 0.0363 0.5000
    endloop
  endfacet
  facet normal -0.168209 -0.880694 -0.442814
    outer loop
      vertex 2.0183 0.2511 0.0000
      vertex 2.0799 0.2393 0.0000
      vertex 1.9952 0.0041 0.5000
    endloop
  endfacet
  facet normal -0.170944 -0.880221 -0.442707
    outer loop
      vertex 2.0183 0.2511 0.0000
      vertex 1.9952 0.0041 0.5000
      vertex 1.9325 0.0163 0.5000
    endloop
  endfacet
  facet normal -0.052796 -0.899886 -0.432919
    outer loop
      vertex 2.0799 0.2393 0.0000
      vertex 2.1425 0.2356 0.0000
      vertex 2.0590 0.0000 0.5000
    endloop
  endfacet
  facet normal -0.057596 -0.899568 -0.432967
    outer loop
      vertex 2.0799 0.2393 0.0000
      vertex 2.0590 0.0000 0.5000
      vertex 1.9952 0.0041 0.5000
    endloop
  endfacet
  facet normal -0.004379 -0.970846 -0.239665
    outer loop
      vertex 2.1425 0.2356 0.0000
      vertex 26.8010 0.1244 0.0000
      vertex 27.0179 0.0000 0.5000
    endloop
  endfacet
  facet normal 0.000000 -0.904576 -0.426312
    outer loop
      vertex 2.1425 0.2356 0.0000
      vertex 27.0179 0.0000 0.5000
      vertex 2.0590 0.0000 0.5000
    endloop
  endfacet
  facet normal 0.065403 -0.997859 0.000000
    outer loop
      vertex 27.0179 0.0000 0.5000
      vertex 27.0831 0.0043 0.5000
      vertex 27.0831 0.0043 2.5000
    endloop
  endfacet
  facet normal 0.065403 -0.997859 0.000000
    outer loop
      vertex 27.0179 0.0000 0.5000
      vertex 27.0831 0.0043 2.5000
      vertex 27.0179 0.0000 2.5000
    endloop
  endfacet
  facet normal 0.195090 -0.980785 0.000000
    outer loop
      vertex 27.0831 0.0043 0.5000
      vertex 27.1473 0.0170 0.5000
      vertex 27.1473 0.0170 2.5000
    endloop
  endfacet
  facet normal 0.195090 -0.980785 0.000000
    outer loop
      vertex 27.0831 0.0043 0.5000
      vertex 27.1473 0.0170 2.5000
      vertex 27.0831 0.0043 2.5000
    endloop
  endfacet
  facet normal 0.321439 -0.946930 0.000000
    outer loop
      vertex 27.1473 0.0170 0.5000
      vertex 27.2092 0.0381 0.5000
      vertex 27.2092 0.0381 2.5000
    endloop
  endfacet
  facet normal 0.321439 -0.946930 0.000000
    outer loop
      vertex 27.1473 0.0170 0.5000
      vertex 27.2092 0.0381 2.5000
      vertex 27.1473 0.0170 2.5000
    endloop
  endfacet
  facet normal 0.442289 -0.896873 0.000000
    outer loop
      vertex 27.2092 0.0381 0.5000
      vertex 27.2679 0.0670 0.5000
      vertex 27.2679 0.0670 2.5000
    endloop
  endfacet
  facet normal 0.442289 -0.896873 0.000000
    outer loop
      vertex 27.2092 0.0381 0.5000
      vertex 27.2679 0.0670 2.5000
      vertex 27.2092 0.0381 2.5000
    endloop
  endfacet
  facet normal 0.555570 -0.831470 0.000000
    outer loop
      vertex 27.2679 0.0670 0.5000
      vertex 27.3222 0.1033 0.5000
      vertex 27.3222 0.1033 2.5000
    endloop
  endfacet
  facet normal 0.555570 -0.831470 0.000000
    outer loop
      vertex 27.2679 0.0670 0.5000
      vertex 27.3222 0.1033 2.5000
      vertex 27.2679 0.0670 2.5000
    endloop
  endfacet
  facet normal 0.659346 -0.751840 0.000000
    outer loop
      vertex 27.3222 0.1033 0.5000
      vertex 27.3714 0.1464 0.5000
      vertex 27.3714 0.1464 2.5000
    endloop
  endfacet
  facet normal 0.659346 -0.751840 0.000000
    outer loop
      vertex 27.3222 0.1033 0.5000
      vertex 27.3714 0.1464 2.5000
      vertex 27.3222 0.1033 2.5000
    endloop
  endfacet
  facet normal 0.751840 -0.659346 0.000000
    outer loop
      vertex 27.3714 0.1464 0.5000
      vertex 27.4145 0.1956 0.5000
      vertex 27.4145 0.1956 2.5000
    endloop
  endfacet
  facet normal 0.751840 -0.659346 0.000000
    outer loop
      vertex 27.3714 0.1464 0.5000
      vertex 27.4145 0.1956 2.5000
      vertex 27.3714 0.1464 2.5000
    endloop
  endfacet
  facet normal 0.831470 -0.555570 0.000000
    outer loop
      vertex 27.4145 0.1956 0.5000
      vertex 27.4509 0.2500 0.5000
      vertex 27.4509 0.2500 2.5000
    endloop
  endfacet
  facet normal 0.831470 -0.555570 0.000000
    outer loop
      vertex 27.4145 0.1956 0.5000
      vertex 27.4509 0.2500 2.5000
      vertex 27.4145 0.1956 2.5000
    endloop
  endfacet
  facet normal 0.896873 -0.442289 0.000000
    outer loop
      vertex 27.4509 0.2500 0.5000
      vertex 27.4798 0.3087 0.5000
      vertex 27.4798 0.3087 2.5000
    endloop
  endfacet
  facet normal 0.896873 -0.442289 0.000000
    outer loop
      vertex 27.4509 0.2500 0.5000
      vertex 27.4798 0.3087 2.5000
      vertex 27.4509 0.2500 2.5000
    endloop
  endfacet
  facet normal 0.946930 -0.321439 0.000000
    outer loop
      vertex 27.4798 0.3087 0.5000
      vertex 27.5008 0.3706 0.5000
      vertex 27.5008 0.3706 2.5000
    endloop
  endfacet
  facet normal 0.946930 -0.321439 0.000000
    outer loop
      vertex 27.4798 0.3087 0.5000
      vertex 27.5008 0.3706 2.5000
      vertex 27.4798 0.3087 2.5000
    endloop
  endfacet
  facet normal 0.980785 -0.195090 0.000000
    outer loop
      vertex 27.5008 0.3706 0.5000
      vertex 27.5136 0.4347 0.5000
      vertex 27.5136 0.4347 2.5000
    endloop
  endfacet
  facet normal 0.980785 -0.195090 0.000000
    outer loop
      vertex 27.5008 0.3706 0.5000
      vertex 27.5136 0.4347 2.5000
      vertex 27.5008 0.3706 2.5000
    endloop
  endfacet
  facet normal 0.997859 -0.065403 0.000000
    outer loop
      vertex 27.5136 0.4347 0.5000
      vertex 27.5179 0.5000 0.5000
      vertex 27.5179 0.5000 2.5000
    endloop
  endfacet
  facet normal 0.997859 -0.065403 0.000000
    outer loop
      vertex 27.5136 0.4347 0.5000
      vertex 27.5179 0.5000 2.5000
      vertex 27.5136 0.4347 2.5000
    endloop
  endfacet
  facet normal 1.000000 0.000000 0.000000
    outer loop
      vertex 27.5179 0.5000 0.5000
      vertex 27.5179 23.3000 0.5000
      vertex 27.5179 23.3000 2.5000
    endloop
  endfacet
  facet normal 1.000000 0.000000 0.000000
    outer loop
      vertex 27.5179 0.5000 0.5000
      vertex 27.5179 23.3000 2.5000
      vertex 27.5179 0.5000 2.5000
    endloop
  endfacet
  facet normal 0.997859 0.065403 0.000000
    outer loop
      vertex 27.5179 23.3000 0.5000
      vertex 27.5136 23.3653 0.5000
      vertex 27.5136 23.3653 2.5000
    endloop
  endfacet
  facet normal 0.997859 0.065403 -0.000000
    outer loop
      vertex 27.5179 23.3000 0.5000
      vertex 27.5136 23.3653 2.5000
      vertex 27.5179 23.3000 2.5000
    endloop
  endfacet
  facet normal 0.980785 0.195090 0.000000
    outer loop
      vertex 27.5136 23.3653 0.5000
      vertex 27.5008 23.4294 0.5000
      vertex 27.5008 23.4294 2.5000
    endloop
  endfacet
  facet normal 0.980785 0.195090 -0.000000
    outer loop
      vertex 27.5136 23.3653 0.5000
      vertex 27.5008 23.4294 2.5000
      vertex 27.5136 23.3653 2.5000
    endloop
  endfacet
  facet normal 0.946930 0.321439 0.000000
    outer loop
      vertex 27.5008 23.4294 0.5000
      vertex 27.4798 23.4913 0.5000
      vertex 27.4798 23.4913 2.5000
    endloop
  endfacet
  facet normal 0.946930 0.321439 -0.000000
    outer loop
      vertex 27.5008 23.4294 0.5000
      vertex 27.4798 23.4913 2.5000
      vertex 27.5008 23.4294 2.5000
    endloop
  endfacet
  facet normal 0.896873 0.442289 0.000000
    outer loop
      vertex 27.4798 23.4913 0.5000
      vertex 27.4509 23.5500 0.5000
      vertex 27.4509 23.5500 2.5000
    endloop
  endfacet
  facet normal 0.896873 0.442289 -0.000000
    outer loop
      vertex 27.4798 23.4913 0.5000
      vertex 27.4509 23.5500 2.5000
      vertex 27.4798 23.4913 2.5000
    endloop
  endfacet
  facet normal 0.831470 0.555570 0.000000
    outer loop
      vertex 27.4509 23.5500 0.5000
      vertex 27.4145 23.6044 0.5000
      vertex 27.4145 23.6044 2.5000
    endloop
  endfacet
  facet normal 0.831470 0.555570 -0.000000
    outer loop
      vertex 27.4509 23.5500 0.5000
      vertex 27.4145 23.6044 2.5000
      vertex 27.4509 23.5500 2.5000
    endloop
  endfacet
  facet normal 0.751840 0.659346 0.000000
    outer loop
      vertex 27.4145 23.6044 0.5000
      vertex 27.3714 23.6536 0.5000
      vertex 27.3714 23.6536 2.5000
    endloop
  endfacet
  facet normal 0.751840 0.659346 -0.000000
    outer loop
      vertex 27.4145 23.6044 0.5000
      vertex 27.3714 23.6536 2.5000
      vertex 27.4145 23.6044 2.5000
    endloop
  endfacet
  facet normal 0.659346 0.751840 0.000000
    outer loop
      vertex 27.3714 23.6536 0.5000
      vertex 27.3222 23.6967 0.5000
      vertex 27.3222 23.6967 2.5000
    endloop
  endfacet
  facet normal 0.659346 0.751840 -0.000000
    outer loop
      vertex 27.3714 23.6536 0.5000
      vertex 27.3222 23.6967 2.5000
      vertex 27.3714 23.6536 2.5000
    endloop
  endfacet
  facet normal 0.555570 0.831470 0.000000
    outer loop
      vertex 27.3222 23.6967 0.5000
      vertex 27.2679 23.7330 0.5000
      vertex 27.2679 23.7330 2.5000
    endloop
  endfacet
  facet normal 0.555570 0.831470 -0.000000
    outer loop
      vertex 27.3222 23.6967 0.5000
      vertex 27.2679 23.7330 2.5000
      vertex 27.3222 23.6967 2.5000
    endloop
  endfacet
  facet normal 0.442289 0.896873 0.000000
    outer loop
      vertex 27.2679 23.7330 0.5000
      vertex 27.2092 23.7619 0.5000
      vertex 27.2092 23.7619 2.5000
    endloop
  endfacet
  facet normal 0.442289 0.896873 -0.000000
    outer loop
      vertex 27.2679 23.7330 0.5000
      vertex 27.2092 23.7619 2.5000
      vertex 27.2679 23.7330 2.5000
    endloop
  endfacet
  facet normal 0.321439 0.946930 0.000000
    outer loop
      vertex 27.2092 23.7619 0.5000
      vertex 27.1473 23.7830 0.5000
      vertex 27.1473 23.7830 2.5000
    endloop
  endfacet
  facet normal 0.321439 0.946930 -0.000000
    outer loop
      vertex 27.2092 23.7619 0.5000
      vertex 27.1473 23.7830 2.5000
      vertex 27.2092 23.7619 2.5000
    endloop
  endfacet
  facet normal 0.195090 0.980785 0.000000
    outer loop
      vertex 27.1473 23.7830 0.5000
      vertex 27.0831 23.7957 0.5000
      vertex 27.0831 23.7957 2.5000
    endloop
  endfacet
  facet normal 0.195090 0.980785 -0.000000
    outer loop
      vertex 27.1473 23.7830 0.5000
      vertex 27.0831 23.7957 2.5000
      vertex 27.1473 23.7830 2.5000
    endloop
  endfacet
  facet normal 0.065403 0.997859 0.000000
    outer loop
      vertex 27.0831 23.7957 0.5000
      vertex 27.0179 23.8000 0.5000
      vertex 27.0179 23.8000 2.5000
    endloop
  endfacet
  facet normal 0.065403 0.997859 -0.000000
    outer loop
      vertex 27.0831 23.7957 0.5000
      vertex 27.0179 23.8000 2.5000
      vertex 27.0831 23.7957 2.5000
    endloop
  endfacet
  facet normal 0.000000 1.000000 0.000000
    outer loop
      vertex 27.0179 23.8000 0.5000
      vertex 2.0590 23.8000 0.5000
      vertex 2.0590 23.8000 2.5000
    endloop
  endfacet
  facet normal 0.000000 1.000000 -0.000000
    outer loop
      vertex 27.0179 23.8000 0.5000
      vertex 2.0590 23.8000 2.5000
      vertex 27.0179 23.8000 2.5000
    endloop
  endfacet
  facet normal -0.063896 0.997957 0.000000
    outer loop
      vertex 2.0590 23.8000 0.5000
      vertex 1.9952 23.7959 0.5000
      vertex 1.9952 23.7959 2.5000
    endloop
  endfacet
  facet normal -0.063896 0.997957 0.000000
    outer loop
      vertex 2.0590 23.8000 0.5000
      vertex 1.9952 23.7959 2.5000
      vertex 2.0590 23.8000 2.5000
    endloop
  endfacet
  facet normal -0.190644 0.981659 0.000000
    outer loop
      vertex 1.9952 23.7959 0.5000
      vertex 1.9325 23.7837 0.5000
      vertex 1.9325 23.7837 2.5000
    endloop
  endfacet
  facet normal -0.190644 0.981659 0.000000
    outer loop
      vertex 1.9952 23.7959 0.5000
      vertex 1.9325 23.7837 2.5000
      vertex 1.9952 23.7959 2.5000
    endloop
  endfacet
  facet normal -0.314279 0.949331 0.000000
    outer loop
      vertex 1.9325 23.7837 0.5000
      vertex 1.8719 23.7637 0.5000
      vertex 1.8719 23.7637 2.5000
    endloop
  endfacet
  facet normal -0.314279 0.949331 0.000000
    outer loop
      vertex 1.9325 23.7837 0.5000
      vertex 1.8719 23.7637 2.5000
      vertex 1.9325 23.7837 2.5000
    endloop
  endfacet
  facet normal -0.432781 0.901499 0.000000
    outer loop
      vertex 1.8719 23.7637 0.5000
      vertex 1.8143 23.7360 0.5000
      vertex 1.8143 23.7360 2.5000
    endloop
  endfacet
  facet normal -0.432781 0.901499 0.000000
    outer loop
      vertex 1.8719 23.7637 0.5000
      vertex 1.8143 23.7360 2.5000
      vertex 1.8719 23.7637 2.5000
    endloop
  endfacet
  facet normal -0.544216 0.838945 0.000000
    outer loop
      vertex 1.8143 23.7360 0.5000
      vertex 1.7607 23.7012 0.5000
      vertex 1.7607 23.7012 2.5000
    endloop
  endfacet
  facet normal -0.544216 0.838945 0.000000
    outer loop
      vertex 1.8143 23.7360 0.5000
      vertex 1.7607 23.7012 2.5000
      vertex 1.8143 23.7360 2.5000
    endloop
  endfacet
  facet normal -0.646763 0.762691 0.000000
    outer loop
      vertex 1.7607 23.7012 0.5000
      vertex 1.7119 23.6599 0.5000
      vertex 1.7119 23.6599 2.5000
    endloop
  endfacet
  facet normal -0.646763 0.762691 0.000000
    outer loop
      vertex 1.7607 23.7012 0.5000
      vertex 1.7119 23.6599 2.5000
      vertex 1.7607 23.7012 2.5000
    endloop
  endfacet
  facet normal -0.738748 0.673982 0.000000
    outer loop
      vertex 1.7119 23.6599 0.5000
      vertex 1.6689 23.6127 0.5000
      vertex 1.6689 23.6127 2.5000
    endloop
  endfacet
  facet normal -0.738748 0.673982 0.000000
    outer loop
      vertex 1.7119 23.6599 0.5000
      vertex 1.6689 23.6127 2.5000
      vertex 1.7119 23.6599 2.5000
    endloop
  endfacet
  facet normal -0.818669 0.574265 0.000000
    outer loop
      vertex 1.6689 23.6127 0.5000
      vertex 1.6322 23.5604 0.5000
      vertex 1.6322 23.5604 2.5000
    endloop
  endfacet
  facet normal -0.818669 0.574265 0.000000
    outer loop
      vertex 1.6689 23.6127 0.5000
      vertex 1.6322 23.5604 2.5000
      vertex 1.6689 23.6127 2.5000
    endloop
  endfacet
  facet normal -0.885221 0.465171 0.000000
    outer loop
      vertex 1.6322 23.5604 0.5000
      vertex 1.6024 23.5038 0.5000
      vertex 1.6024 23.5038 2.5000
    endloop
  endfacet
  facet normal -0.885221 0.465171 0.000000
    outer loop
      vertex 1.6322 23.5604 0.5000
      vertex 1.6024 23.5038 2.5000
      vertex 1.6322 23.5604 2.5000
    endloop
  endfacet
  facet normal -0.937316 0.348480 0.000000
    outer loop
      vertex 1.6024 23.5038 0.5000
      vertex 1.5802 23.4439 0.5000
      vertex 1.5802 23.4439 2.5000
    endloop
  endfacet
  facet normal -0.937316 0.348480 0.000000
    outer loop
      vertex 1.6024 23.5038 0.5000
      vertex 1.5802 23.4439 2.5000
      vertex 1.6024 23.5038 2.5000
    endloop
  endfacet
  facet normal -0.957667 0.287878 0.000000
    outer loop
      vertex 1.5802 23.4439 0.5000
      vertex 1.3409 22.6480 0.5000
      vertex 1.3409 22.6480 2.5000
    endloop
  endfacet
  facet normal -0.957667 0.287878 0.000000
    outer loop
      vertex 1.5802 23.4439 0.5000
      vertex 1.3409 22.6480 2.5000
      vertex 1.5802 23.4439 2.5000
    endloop
  endfacet
  facet normal -0.960444 0.278474 0.000000
    outer loop
      vertex 1.3409 22.6480 0.5000
      vertex 1.3382 22.6386 0.5000
      vertex 1.3382 22.6386 2.5000
    endloop
  endfacet
  facet normal -0.960444 0.278474 0.000000
    outer loop
      vertex 1.3409 22.6480 0.5000
      vertex 1.3382 22.6386 2.5000
      vertex 1.3409 22.6480 2.5000
    endloop
  endfacet
  facet normal -0.963128 0.269044 0.000000
    outer loop
      vertex 1.3382 22.6386 0.5000
      vertex 0.9793 21.3538 0.5000
      vertex 0.9793 21.3538 2.5000
    endloop
  endfacet
  facet normal -0.963128 0.269044 0.000000
    outer loop
      vertex 1.3382 22.6386 0.5000
      vertex 0.9793 21.3538 2.5000
      vertex 1.3382 22.6386 2.5000
    endloop
  endfacet
  facet normal -0.966703 0.255902 0.000000
    outer loop
      vertex 0.9793 21.3538 0.5000
      vertex 0.9758 21.3406 0.5000
      vertex 0.9758 21.3406 2.5000
    endloop
  endfacet
  facet normal -0.966703 0.255902 0.000000
    outer loop
      vertex 0.9793 21.3538 0.5000
      vertex 0.9758 21.3406 2.5000
      vertex 0.9793 21.3538 2.5000
    endloop
  endfacet
  facet normal -0.970098 0.242713 0.000000
    outer loop
      vertex 0.9758 21.3406 0.5000
      vertex 0.5946 19.8169 0.5000
      vertex 0.5946 19.8169 2.5000
    endloop
  endfacet
  facet normal -0.970098 0.242713 0.000000
    outer loop
      vertex 0.9758 21.3406 0.5000
      vertex 0.5946 19.8169 2.5000
      vertex 0.9758 21.3406 2.5000
    endloop
  endfacet
  facet normal -0.974745 0.223321 0.000000
    outer loop
      vertex 0.5946 19.8169 0.5000
      vertex 0.5901 19.7975 0.5000
      vertex 0.5901 19.7975 2.5000
    endloop
  endfacet
  facet normal -0.974745 0.223321 0.000000
    outer loop
      vertex 0.5946 19.8169 0.5000
      vertex 0.5901 19.7975 2.5000
      vertex 0.5946 19.8169 2.5000
    endloop
  endfacet
  facet normal -0.979004 0.203839 0.000000
    outer loop
      vertex 0.5901 19.7975 0.5000
      vertex 0.2572 18.1983 0.5000
      vertex 0.2572 18.1983 2.5000
    endloop
  endfacet
  facet normal -0.979004 0.203839 0.000000
    outer loop
      vertex 0.5901 19.7975 0.5000
      vertex 0.2572 18.1983 2.5000
      vertex 0.5901 19.7975 2.5000
    endloop
  endfacet
  facet normal -0.984983 0.172651 0.000000
    outer loop
      vertex 0.2572 18.1983 0.5000
      vertex 0.2517 18.1670 0.5000
      vertex 0.2517 18.1670 2.5000
    endloop
  endfacet
  facet normal -0.984983 0.172651 0.000000
    outer loop
      vertex 0.2572 18.1983 0.5000
      vertex 0.2517 18.1670 2.5000
      vertex 0.2572 18.1983 2.5000
    endloop
  endfacet
  facet normal -0.989969 0.141288 0.000000
    outer loop
      vertex 0.2517 18.1670 0.5000
      vertex 0.0370 16.6626 0.5000
      vertex 0.0370 16.6626 2.5000
    endloop
  endfacet
  facet normal -0.989969 0.141288 0.000000
    outer loop
      vertex 0.2517 18.1670 0.5000
      vertex 0.0370 16.6626 2.5000
      vertex 0.2517 18.1670 2.5000
    endloop
  endfacet
  facet normal -0.996466 0.084002 0.000000
    outer loop
      vertex 0.0370 16.6626 0.5000
      vertex 0.0321 16.6051 0.5000
      vertex 0.0321 16.6051 2.5000
    endloop
  endfacet
  facet normal -0.996466 0.084002 0.000000
    outer loop
      vertex 0.0370 16.6626 0.5000
      vertex 0.0321 16.6051 2.5000
      vertex 0.0370 16.6626 2.5000
    endloop
  endfacet
  facet normal -0.999650 0.026437 0.000000
    outer loop
      vertex 0.0321 16.6051 0.5000
      vertex 0.0000 15.3907 0.5000
      vertex 0.0000 15.3907 2.5000
    endloop
  endfacet
  facet normal -0.999650 0.026437 0.000000
    outer loop
      vertex 0.0321 16.6051 0.5000
      vertex 0.0000 15.3907 2.5000
      vertex 0.0321 16.6051 2.5000
    endloop
  endfacet
  facet normal -0.999266 -0.038311 0.000000
    outer loop
      vertex 0.0000 15.3907 0.5000
      vertex 0.0025 15.3260 0.5000
      vertex 0.0025 15.3260 2.5000
    endloop
  endfacet
  facet normal -0.999266 -0.038311 0.000000
    outer loop
      vertex 0.0000 15.3907 0.5000
      vertex 0.0025 15.3260 2.5000
      vertex 0.0000 15.3907 2.5000
    endloop
  endfacet
  facet normal -0.985947 -0.167056 0.000000
    outer loop
      vertex 0.0025 15.3260 0.5000
      vertex 0.0133 15.2622 0.5000
      vertex 0.0133 15.2622 2.5000
    endloop
  endfacet
  facet normal -0.985947 -0.167056 0.000000
    outer loop
      vertex 0.0025 15.3260 0.5000
      vertex 0.0133 15.2622 2.5000
      vertex 0.0025 15.3260 2.5000
    endloop
  endfacet
  facet normal -0.973069 -0.230513 0.000000
    outer loop
      vertex 0.0133 15.2622 0.5000
      vertex 0.1655 14.6196 0.5000
      vertex 0.1655 14.6196 2.5000
    endloop
  endfacet
  facet normal -0.973069 -0.230513 0.000000
    outer loop
      vertex 0.0133 15.2622 0.5000
      vertex 0.1655 14.6196 2.5000
      vertex 0.0133 15.2622 2.5000
    endloop
  endfacet
  facet normal -0.953970 -0.299902 0.000000
    outer loop
      vertex 0.1655 14.6196 0.5000
      vertex 0.1871 14.5509 0.5000
      vertex 0.1871 14.5509 2.5000
    endloop
  endfacet
  facet normal -0.953970 -0.299902 0.000000
    outer loop
      vertex 0.1655 14.6196 0.5000
      vertex 0.1871 14.5509 2.5000
      vertex 0.1655 14.6196 2.5000
    endloop
  endfacet
  facet normal -0.901072 -0.433669 0.000000
    outer loop
      vertex 0.1871 14.5509 0.5000
      vertex 0.2183 14.4861 0.5000
      vertex 0.2183 14.4861 2.5000
    endloop
  endfacet
  facet normal -0.901072 -0.433669 0.000000
    outer loop
      vertex 0.1871 14.5509 0.5000
      vertex 0.2183 14.4861 2.5000
      vertex 0.1871 14.5509 2.5000
    endloop
  endfacet
  facet normal -0.829529 -0.558463 0.000000
    outer loop
      vertex 0.2183 14.4861 0.5000
      vertex 0.2585 14.4265 0.5000
      vertex 0.2585 14.4265 2.5000
    endloop
  endfacet
  facet normal -0.829529 -0.558463 0.000000
    outer loop
      vertex 0.2183 14.4861 0.5000
      vertex 0.2585 14.4265 2.5000
      vertex 0.2183 14.4861 2.5000
    endloop
  endfacet
  facet normal -0.740822 -0.671701 0.000000
    outer loop
      vertex 0.2585 14.4265 0.5000
      vertex 0.3068 14.3732 0.5000
      vertex 0.3068 14.3732 2.5000
    endloop
  endfacet
  facet normal -0.740822 -0.671701 0.000000
    outer loop
      vertex 0.2585 14.4265 0.5000
      vertex 0.3068 14.3732 2.5000
      vertex 0.2585 14.4265 2.5000
    endloop
  endfacet
  facet normal -0.636786 -0.771040 0.000000
    outer loop
      vertex 0.3068 14.3732 0.5000
      vertex 0.3622 14.3274 0.5000
      vertex 0.3622 14.3274 2.5000
    endloop
  endfacet
  facet normal -0.636786 -0.771040 0.000000
    outer loop
      vertex 0.3068 14.3732 0.5000
      vertex 0.3622 14.3274 2.5000
      vertex 0.3068 14.3732 2.5000
    endloop
  endfacet
  facet normal -0.579681 -0.814843 0.000000
    outer loop
      vertex 0.3622 14.3274 0.5000
      vertex 0.4802 14.2435 0.5000
      vertex 0.4802 14.2435 2.5000
    endloop
  endfacet
  facet normal -0.579681 -0.814843 0.000000
    outer loop
      vertex 0.3622 14.3274 0.5000
      vertex 0.4802 14.2435 2.5000
      vertex 0.3622 14.3274 2.5000
    endloop
  endfacet
  facet normal -0.523787 -0.851849 0.000000
    outer loop
      vertex 0.4802 14.2435 0.5000
      vertex 0.5373 14.2084 0.5000
      vertex 0.5373 14.2084 2.5000
    endloop
  endfacet
  facet normal -0.523787 -0.851849 0.000000
    outer loop
      vertex 0.4802 14.2435 0.5000
      vertex 0.5373 14.2084 2.5000
      vertex 0.4802 14.2435 2.5000
    endloop
  endfacet
  facet normal -0.405198 -0.914229 0.000000
    outer loop
      vertex 0.5373 14.2084 0.5000
      vertex 0.5985 14.1812 0.5000
      vertex 0.5985 14.1812 2.5000
    endloop
  endfacet
  facet normal -0.405198 -0.914229 0.000000
    outer loop
      vertex 0.5373 14.2084 0.5000
      vertex 0.5985 14.1812 2.5000
      vertex 0.5373 14.2084 2.5000
    endloop
  endfacet
  facet normal -0.279334 -0.960194 0.000000
    outer loop
      vertex 0.5985 14.1812 0.5000
      vertex 0.6629 14.1625 0.5000
      vertex 0.6629 14.1625 2.5000
    endloop
  endfacet
  facet normal -0.279334 -0.960194 0.000000
    outer loop
      vertex 0.5985 14.1812 0.5000
      vertex 0.6629 14.1625 2.5000
      vertex 0.5985 14.1812 2.5000
    endloop
  endfacet
  facet normal -0.148455 -0.988919 0.000000
    outer loop
      vertex 0.6629 14.1625 0.5000
      vertex 0.7291 14.1526 0.5000
      vertex 0.7291 14.1526 2.5000
    endloop
  endfacet
  facet normal -0.148455 -0.988919 0.000000
    outer loop
      vertex 0.6629 14.1625 0.5000
      vertex 0.7291 14.1526 2.5000
      vertex 0.6629 14.1625 2.5000
    endloop
  endfacet
  facet normal -0.014911 -0.999889 0.000000
    outer loop
      vertex 0.7291 14.1526 0.5000
      vertex 0.7961 14.1516 0.5000
      vertex 0.7961 14.1516 2.5000
    endloop
  endfacet
  facet normal -0.014911 -0.999889 0.000000
    outer loop
      vertex 0.7291 14.1526 0.5000
      vertex 0.7961 14.1516 2.5000
      vertex 0.7291 14.1526 2.5000
    endloop
  endfacet
  facet normal 0.118901 -0.992906 0.000000
    outer loop
      vertex 0.7961 14.1516 0.5000
      vertex 0.8626 14.1595 0.5000
      vertex 0.8626 14.1595 2.5000
    endloop
  endfacet
  facet normal 0.118901 -0.992906 0.000000
    outer loop
      vertex 0.7961 14.1516 0.5000
      vertex 0.8626 14.1595 2.5000
      vertex 0.7961 14.1516 2.5000
    endloop
  endfacet
  facet normal 0.250579 -0.968096 0.000000
    outer loop
      vertex 0.8626 14.1595 0.5000
      vertex 0.9275 14.1763 0.5000
      vertex 0.9275 14.1763 2.5000
    endloop
  endfacet
  facet normal 0.250579 -0.968096 0.000000
    outer loop
      vertex 0.8626 14.1595 0.5000
      vertex 0.9275 14.1763 2.5000
      vertex 0.8626 14.1595 2.5000
    endloop
  endfacet
  facet normal 0.314875 -0.949133 0.000000
    outer loop
      vertex 0.9275 14.1763 0.5000
      vertex 1.5780 14.3921 0.5000
      vertex 1.5780 14.3921 2.5000
    endloop
  endfacet
  facet normal 0.314875 -0.949133 0.000000
    outer loop
      vertex 0.9275 14.1763 0.5000
      vertex 1.5780 14.3921 2.5000
      vertex 0.9275 14.1763 2.5000
    endloop
  endfacet
  facet normal 0.328774 -0.944408 0.000000
    outer loop
      vertex 1.5780 14.3921 0.5000
      vertex 1.5919 14.3970 0.5000
      vertex 1.5919 14.3970 2.5000
    endloop
  endfacet
  facet normal 0.328774 -0.944408 0.000000
    outer loop
      vertex 1.5780 14.3921 0.5000
      vertex 1.5919 14.3970 2.5000
      vertex 1.5780 14.3921 2.5000
    endloop
  endfacet
  facet normal 0.342603 -0.939480 0.000000
    outer loop
      vertex 1.5919 14.3970 0.5000
      vertex 2.6281 14.7748 0.5000
      vertex 2.6281 14.7748 2.5000
    endloop
  endfacet
  facet normal 0.342603 -0.939480 0.000000
    outer loop
      vertex 1.5919 14.3970 0.5000
      vertex 2.6281 14.7748 2.5000
      vertex 1.5919 14.3970 2.5000
    endloop
  endfacet
  facet normal 0.308331 -0.951279 0.000000
    outer loop
      vertex 2.6281 14.7748 0.5000
      vertex 2.6373 14.7778 0.5000
      vertex 2.6373 14.7778 2.5000
    endloop
  endfacet
  facet normal 0.308331 -0.951279 0.000000
    outer loop
      vertex 2.6281 14.7748 0.5000
      vertex 2.6373 14.7778 2.5000
      vertex 2.6281 14.7748 2.5000
    endloop
  endfacet
  facet normal 0.203269 -0.979123 0.000000
    outer loop
      vertex 2.6373 14.7778 0.5000
      vertex 2.6578 14.7821 0.5000
      vertex 2.6578 14.7821 2.5000
    endloop
  endfacet
  facet normal 0.203269 -0.979123 0.000000
    outer loop
      vertex 2.6373 14.7778 0.5000
      vertex 2.6578 14.7821 2.5000
      vertex 2.6373 14.7778 2.5000
    endloop
  endfacet
  facet normal 0.059670 -0.998218 0.000000
    outer loop
      vertex 2.6578 14.7821 0.5000
      vertex 2.6721 14.7829 0.5000
      vertex 2.6721 14.7829 2.5000
    endloop
  endfacet
  facet normal 0.059670 -0.998218 0.000000
    outer loop
      vertex 2.6578 14.7821 0.5000
      vertex 2.6721 14.7829 2.5000
      vertex 2.6578 14.7821 2.5000
    endloop
  endfacet
  facet normal -0.085181 -0.996366 0.000000
    outer loop
      vertex 2.6721 14.7829 0.5000
      vertex 2.6931 14.7811 0.5000
      vertex 2.6931 14.7811 2.5000
    endloop
  endfacet
  facet normal -0.085181 -0.996366 0.000000
    outer loop
      vertex 2.6721 14.7829 0.5000
      vertex 2.6931 14.7811 2.5000
      vertex 2.6721 14.7829 2.5000
    endloop
  endfacet
  facet normal -0.192811 -0.981236 0.000000
    outer loop
      vertex 2.6931 14.7811 0.5000
      vertex 2.7025 14.7793 0.5000
      vertex 2.7025 14.7793 2.5000
    endloop
  endfacet
  facet normal -0.192811 -0.981236 0.000000
    outer loop
      vertex 2.6931 14.7811 0.5000
      vertex 2.7025 14.7793 2.5000
      vertex 2.6931 14.7811 2.5000
    endloop
  endfacet
  facet normal -0.228244 -0.973604 0.000000
    outer loop
      vertex 2.7025 14.7793 0.5000
      vertex 3.5038 14.5915 0.5000
      vertex 3.5038 14.5915 2.5000
    endloop
  endfacet
  facet normal -0.228244 -0.973604 0.000000
    outer loop
      vertex 2.7025 14.7793 0.5000
      vertex 3.5038 14.5915 2.5000
      vertex 2.7025 14.7793 2.5000
    endloop
  endfacet
  facet normal -0.263824 -0.964571 0.000000
    outer loop
      vertex 3.5038 14.5915 0.5000
      vertex 3.5132 14.5889 0.5000
      vertex 3.5132 14.5889 2.5000
    endloop
  endfacet
  facet normal -0.263824 -0.964571 0.000000
    outer loop
      vertex 3.5038 14.5915 0.5000
      vertex 3.5132 14.5889 2.5000
      vertex 3.5038 14.5915 2.5000
    endloop
  endfacet
  facet normal -0.368241 -0.929730 0.000000
    outer loop
      vertex 3.5132 14.5889 0.5000
      vertex 3.5329 14.5810 0.5000
      vertex 3.5329 14.5810 2.5000
    endloop
  endfacet
  facet normal -0.368241 -0.929730 0.000000
    outer loop
      vertex 3.5132 14.5889 0.5000
      vertex 3.5329 14.5810 2.5000
      vertex 3.5132 14.5889 2.5000
    endloop
  endfacet
  facet normal -0.500312 -0.865845 0.000000
    outer loop
      vertex 3.5329 14.5810 0.5000
      vertex 3.5455 14.5738 0.5000
      vertex 3.5455 14.5738 2.5000
    endloop
  endfacet
  facet normal -0.500312 -0.865845 0.000000
    outer loop
      vertex 3.5329 14.5810 0.5000
      vertex 3.5455 14.5738 2.5000
      vertex 3.5329 14.5810 2.5000
    endloop
  endfacet
  facet normal -0.621615 -0.783323 0.000000
    outer loop
      vertex 3.5455 14.5738 0.5000
      vertex 3.5622 14.5606 0.5000
      vertex 3.5622 14.5606 2.5000
    endloop
  endfacet
  facet normal -0.621615 -0.783323 0.000000
    outer loop
      vertex 3.5455 14.5738 0.5000
      vertex 3.5622 14.5606 2.5000
      vertex 3.5455 14.5738 2.5000
    endloop
  endfacet
  facet normal -0.703943 -0.710256 0.000000
    outer loop
      vertex 3.5622 14.5606 0.5000
      vertex 3.5691 14.5537 0.5000
      vertex 3.5691 14.5537 2.5000
    endloop
  endfacet
  facet normal -0.703943 -0.710256 0.000000
    outer loop
      vertex 3.5622 14.5606 0.5000
      vertex 3.5691 14.5537 2.5000
      vertex 3.5622 14.5606 2.5000
    endloop
  endfacet
  facet normal -0.729537 -0.683941 0.000000
    outer loop
      vertex 3.5691 14.5537 0.5000
      vertex 4.1423 13.9423 0.5000
      vertex 4.1423 13.9423 2.5000
    endloop
  endfacet
  facet normal -0.729537 -0.683941 0.000000
    outer loop
      vertex 3.5691 14.5537 0.5000
      vertex 4.1423 13.9423 2.5000
      vertex 3.5691 14.5537 2.5000
    endloop
  endfacet
  facet normal -0.751143 -0.660140 0.000000
    outer loop
      vertex 4.1423 13.9423 0.5000
      vertex 4.1480 13.9358 0.5000
      vertex 4.1480 13.9358 2.5000
    endloop
  endfacet
  facet normal -0.751143 -0.660140 0.000000
    outer loop
      vertex 4.1423 13.9423 0.5000
      vertex 4.1480 13.9358 2.5000
      vertex 4.1423 13.9423 2.5000
    endloop
  endfacet
  facet normal -0.811217 -0.584745 0.000000
    outer loop
      vertex 4.1480 13.9358 0.5000
      vertex 4.1589 13.9207 0.5000
      vertex 4.1589 13.9207 2.5000
    endloop
  endfacet
  facet normal -0.811217 -0.584745 0.000000
    outer loop
      vertex 4.1480 13.9358 0.5000
      vertex 4.1589 13.9207 2.5000
      vertex 4.1480 13.9358 2.5000
    endloop
  endfacet
  facet normal -0.879503 -0.475894 0.000000
    outer loop
      vertex 4.1589 13.9207 0.5000
      vertex 4.1678 13.9043 0.5000
      vertex 4.1678 13.9043 2.5000
    endloop
  endfacet
  facet normal -0.879503 -0.475894 0.000000
    outer loop
      vertex 4.1589 13.9207 0.5000
      vertex 4.1678 13.9043 2.5000
      vertex 4.1589 13.9207 2.5000
    endloop
  endfacet
  facet normal -0.921240 -0.388995 0.000000
    outer loop
      vertex 4.1678 13.9043 0.5000
      vertex 4.1711 13.8964 0.5000
      vertex 4.1711 13.8964 2.5000
    endloop
  endfacet
  facet normal -0.921240 -0.388995 0.000000
    outer loop
      vertex 4.1678 13.9043 0.5000
      vertex 4.1711 13.8964 2.5000
      vertex 4.1678 13.9043 2.5000
    endloop
  endfacet
  facet normal -0.933266 -0.359185 0.000000
    outer loop
      vertex 4.1711 13.8964 0.5000
      vertex 4.5163 12.9994 0.5000
      vertex 4.5163 12.9994 2.5000
    endloop
  endfacet
  facet normal -0.933266 -0.359185 0.000000
    outer loop
      vertex 4.1711 13.8964 0.5000
      vertex 4.5163 12.9994 2.5000
      vertex 4.1711 13.8964 2.5000
    endloop
  endfacet
  facet normal -0.944324 -0.329018 0.000000
    outer loop
      vertex 4.5163 12.9994 0.5000
      vertex 4.5191 12.9913 0.5000
      vertex 4.5191 12.9913 2.5000
    endloop
  endfacet
  facet normal -0.944324 -0.329018 0.000000
    outer loop
      vertex 4.5163 12.9994 0.5000
      vertex 4.5191 12.9913 2.5000
      vertex 4.5163 12.9994 2.5000
    endloop
  endfacet
  facet normal -0.971606 -0.236605 0.000000
    outer loop
      vertex 4.5191 12.9913 0.5000
      vertex 4.5249 12.9675 0.5000
      vertex 4.5249 12.9675 2.5000
    endloop
  endfacet
  facet normal -0.971606 -0.236605 0.000000
    outer loop
      vertex 4.5191 12.9913 0.5000
      vertex 4.5249 12.9675 2.5000
      vertex 4.5191 12.9913 2.5000
    endloop
  endfacet
  facet normal -0.989867 -0.141995 0.000000
    outer loop
      vertex 4.5249 12.9675 0.5000
      vertex 4.5261 12.9590 0.5000
      vertex 4.5261 12.9590 2.5000
    endloop
  endfacet
  facet normal -0.989867 -0.141995 0.000000
    outer loop
      vertex 4.5249 12.9675 0.5000
      vertex 4.5261 12.9590 2.5000
      vertex 4.5249 12.9675 2.5000
    endloop
  endfacet
  facet normal -0.993918 -0.110122 0.000000
    outer loop
      vertex 4.5261 12.9590 0.5000
      vertex 4.6415 11.9179 0.5000
      vertex 4.6415 11.9179 2.5000
    endloop
  endfacet
  facet normal -0.993918 -0.110122 0.000000
    outer loop
      vertex 4.5261 12.9590 0.5000
      vertex 4.6415 11.9179 2.5000
      vertex 4.5261 12.9590 2.5000
    endloop
  endfacet
  facet normal -0.996577 -0.082665 0.000000
    outer loop
      vertex 4.6415 11.9179 0.5000
      vertex 4.6421 11.9106 0.5000
      vertex 4.6421 11.9106 2.5000
    endloop
  endfacet
  facet normal -0.996577 -0.082665 0.000000
    outer loop
      vertex 4.6415 11.9179 0.5000
      vertex 4.6421 11.9106 2.5000
      vertex 4.6415 11.9179 2.5000
    endloop
  endfacet
  facet normal -1.000000 0.000000 0.000000
    outer loop
      vertex 4.6421 11.9106 0.5000
      vertex 4.6421 11.8894 0.5000
      vertex 4.6421 11.8894 2.5000
    endloop
  endfacet
  facet normal -1.000000 0.000000 0.000000
    outer loop
      vertex 4.6421 11.9106 0.5000
      vertex 4.6421 11.8894 2.5000
      vertex 4.6421 11.9106 2.5000
    endloop
  endfacet
  facet normal -0.996577 0.082665 0.000000
    outer loop
      vertex 4.6421 11.8894 0.5000
      vertex 4.6415 11.8821 0.5000
      vertex 4.6415 11.8821 2.5000
    endloop
  endfacet
  facet normal -0.996577 0.082665 0.000000
    outer loop
      vertex 4.6421 11.8894 0.5000
      vertex 4.6415 11.8821 2.5000
      vertex 4.6421 11.8894 2.5000
    endloop
  endfacet
  facet normal -0.993918 0.110122 0.000000
    outer loop
      vertex 4.6415 11.8821 0.5000
      vertex 4.5261 10.8410 0.5000
      vertex 4.5261 10.8410 2.5000
    endloop
  endfacet
  facet normal -0.993918 0.110122 0.000000
    outer loop
      vertex 4.6415 11.8821 0.5000
      vertex 4.5261 10.8410 2.5000
      vertex 4.6415 11.8821 2.5000
    endloop
  endfacet
  facet normal -0.989867 0.141995 0.000000
    outer loop
      vertex 4.5261 10.8410 0.5000
      vertex 4.5249 10.8325 0.5000
      vertex 4.5249 10.8325 2.5000
    endloop
  endfacet
  facet normal -0.989867 0.141995 0.000000
    outer loop
      vertex 4.5261 10.8410 0.5000
      vertex 4.5249 10.8325 2.5000
      vertex 4.5261 10.8410 2.5000
    endloop
  endfacet
  facet normal -0.971606 0.236605 0.000000
    outer loop
      vertex 4.5249 10.8325 0.5000
      vertex 4.5191 10.8087 0.5000
      vertex 4.5191 10.8087 2.5000
    endloop
  endfacet
  facet normal -0.971606 0.236605 0.000000
    outer loop
      vertex 4.5249 10.8325 0.5000
      vertex 4.5191 10.8087 2.5000
      vertex 4.5249 10.8325 2.5000
    endloop
  endfacet
  facet normal -0.944324 0.329018 0.000000
    outer loop
      vertex 4.5191 10.8087 0.5000
      vertex 4.5163 10.8006 0.5000
      vertex 4.5163 10.8006 2.5000
    endloop
  endfacet
  facet normal -0.944324 0.329018 0.000000
    outer loop
      vertex 4.5191 10.8087 0.5000
      vertex 4.5163 10.8006 2.5000
      vertex 4.5191 10.8087 2.5000
    endloop
  endfacet
  facet normal -0.933266 0.359185 0.000000
    outer loop
      vertex 4.5163 10.8006 0.5000
      vertex 4.1711 9.9036 0.5000
      vertex 4.1711 9.9036 2.5000
    endloop
  endfacet
  facet normal -0.933266 0.359185 0.000000
    outer loop
      vertex 4.5163 10.8006 0.5000
      vertex 4.1711 9.9036 2.5000
      vertex 4.5163 10.8006 2.5000
    endloop
  endfacet
  facet normal -0.921240 0.388995 0.000000
    outer loop
      vertex 4.1711 9.9036 0.5000
      vertex 4.1678 9.8957 0.5000
      vertex 4.1678 9.8957 2.5000
    endloop
  endfacet
  facet normal -0.921240 0.388995 0.000000
    outer loop
      vertex 4.1711 9.9036 0.5000
      vertex 4.1678 9.8957 2.5000
      vertex 4.1711 9.9036 2.5000
    endloop
  endfacet
  facet normal -0.879503 0.475894 0.000000
    outer loop
      vertex 4.1678 9.8957 0.5000
      vertex 4.1589 9.8793 0.5000
      vertex 4.1589 9.8793 2.5000
    endloop
  endfacet
  facet normal -0.879503 0.475894 0.000000
    outer loop
      vertex 4.1678 9.8957 0.5000
      vertex 4.1589 9.8793 2.5000
      vertex 4.1678 9.8957 2.5000
    endloop
  endfacet
  facet normal -0.811217 0.584745 0.000000
    outer loop
      vertex 4.1589 9.8793 0.5000
      vertex 4.1480 9.8642 0.5000
      vertex 4.1480 9.8642 2.5000
    endloop
  endfacet
  facet normal -0.811217 0.584745 0.000000
    outer loop
      vertex 4.1589 9.8793 0.5000
      vertex 4.1480 9.8642 2.5000
      vertex 4.1589 9.8793 2.5000
    endloop
  endfacet
  facet normal -0.751143 0.660140 0.000000
    outer loop
      vertex 4.1480 9.8642 0.5000
      vertex 4.1423 9.8577 0.5000
      vertex 4.1423 9.8577 2.5000
    endloop
  endfacet
  facet normal -0.751143 0.660140 0.000000
    outer loop
      vertex 4.1480 9.8642 0.5000
      vertex 4.1423 9.8577 2.5000
      vertex 4.1480 9.8642 2.5000
    endloop
  endfacet
  facet normal -0.729537 0.683941 0.000000
    outer loop
      vertex 4.1423 9.8577 0.5000
      vertex 3.5691 9.2463 0.5000
      vertex 3.5691 9.2463 2.5000
    endloop
  endfacet
  facet normal -0.729537 0.683941 0.000000
    outer loop
      vertex 4.1423 9.8577 0.5000
      vertex 3.5691 9.2463 2.5000
      vertex 4.1423 9.8577 2.5000
    endloop
  endfacet
  facet normal -0.703943 0.710256 0.000000
    outer loop
      vertex 3.5691 9.2463 0.5000
      vertex 3.5622 9.2394 0.5000
      vertex 3.5622 9.2394 2.5000
    endloop
  endfacet
  facet normal -0.703943 0.710256 0.000000
    outer loop
      vertex 3.5691 9.2463 0.5000
      vertex 3.5622 9.2394 2.5000
      vertex 3.5691 9.2463 2.5000
    endloop
  endfacet
  facet normal -0.621615 0.783323 0.000000
    outer loop
      vertex 3.5622 9.2394 0.5000
      vertex 3.5455 9.2262 0.5000
      vertex 3.5455 9.2262 2.5000
    endloop
  endfacet
  facet normal -0.621615 0.783323 0.000000
    outer loop
      vertex 3.5622 9.2394 0.5000
      vertex 3.5455 9.2262 2.5000
      vertex 3.5622 9.2394 2.5000
    endloop
  endfacet
  facet normal -0.500312 0.865845 0.000000
    outer loop
      vertex 3.5455 9.2262 0.5000
      vertex 3.5329 9.2190 0.5000
      vertex 3.5329 9.2190 2.5000
    endloop
  endfacet
  facet normal -0.500312 0.865845 0.000000
    outer loop
      vertex 3.5455 9.2262 0.5000
      vertex 3.5329 9.2190 2.5000
      vertex 3.5455 9.2262 2.5000
    endloop
  endfacet
  facet normal -0.368241 0.929730 0.000000
    outer loop
      vertex 3.5329 9.2190 0.5000
      vertex 3.5132 9.2111 0.5000
      vertex 3.5132 9.2111 2.5000
    endloop
  endfacet
  facet normal -0.368241 0.929730 0.000000
    outer loop
      vertex 3.5329 9.2190 0.5000
      vertex 3.5132 9.2111 2.5000
      vertex 3.5329 9.2190 2.5000
    endloop
  endfacet
  facet normal -0.263824 0.964571 0.000000
    outer loop
      vertex 3.5132 9.2111 0.5000
      vertex 3.5038 9.2085 0.5000
      vertex 3.5038 9.2085 2.5000
    endloop
  endfacet
  facet normal -0.263824 0.964571 0.000000
    outer loop
      vertex 3.5132 9.2111 0.5000
      vertex 3.5038 9.2085 2.5000
      vertex 3.5132 9.2111 2.5000
    endloop
  endfacet
  facet normal -0.228244 0.973604 0.000000
    outer loop
      vertex 3.5038 9.2085 0.5000
      vertex 2.7025 9.0207 0.5000
      vertex 2.7025 9.0207 2.5000
    endloop
  endfacet
  facet normal -0.228244 0.973604 0.000000
    outer loop
      vertex 3.5038 9.2085 0.5000
      vertex 2.7025 9.0207 2.5000
      vertex 3.5038 9.2085 2.5000
    endloop
  endfacet
  facet normal -0.192811 0.981236 0.000000
    outer loop
      vertex 2.7025 9.0207 0.5000
      vertex 2.6931 9.0189 0.5000
      vertex 2.6931 9.0189 2.5000
    endloop
  endfacet
  facet normal -0.192811 0.981236 0.000000
    outer loop
      vertex 2.7025 9.0207 0.5000
      vertex 2.6931 9.0189 2.5000
      vertex 2.7025 9.0207 2.5000
    endloop
  endfacet
  facet normal -0.085181 0.996366 0.000000
    outer loop
      vertex 2.6931 9.0189 0.5000
      vertex 2.6721 9.0171 0.5000
      vertex 2.6721 9.0171 2.5000
    endloop
  endfacet
  facet normal -0.085181 0.996366 0.000000
    outer loop
      vertex 2.6931 9.0189 0.5000
      vertex 2.6721 9.0171 2.5000
      vertex 2.6931 9.0189 2.5000
    endloop
  endfacet
  facet normal 0.059670 0.998218 0.000000
    outer loop
      vertex 2.6721 9.0171 0.5000
      vertex 2.6578 9.0179 0.5000
      vertex 2.6578 9.0179 2.5000
    endloop
  endfacet
  facet normal 0.059670 0.998218 -0.000000
    outer loop
      vertex 2.6721 9.0171 0.5000
      vertex 2.6578 9.0179 2.5000
      vertex 2.6721 9.0171 2.5000
    endloop
  endfacet
  facet normal 0.203269 0.979123 0.000000
    outer loop
      vertex 2.6578 9.0179 0.5000
      vertex 2.6373 9.0222 0.5000
      vertex 2.6373 9.0222 2.5000
    endloop
  endfacet
  facet normal 0.203269 0.979123 -0.000000
    outer loop
      vertex 2.6578 9.0179 0.5000
      vertex 2.6373 9.0222 2.5000
      vertex 2.6578 9.0179 2.5000
    endloop
  endfacet
  facet normal 0.308331 0.951279 0.000000
    outer loop
      vertex 2.6373 9.0222 0.5000
      vertex 2.6281 9.0252 0.5000
      vertex 2.6281 9.0252 2.5000
    endloop
  endfacet
  facet normal 0.308331 0.951279 -0.000000
    outer loop
      vertex 2.6373 9.0222 0.5000
      vertex 2.6281 9.0252 2.5000
      vertex 2.6373 9.0222 2.5000
    endloop
  endfacet
  facet normal 0.342603 0.939480 0.000000
    outer loop
      vertex 2.6281 9.0252 0.5000
      vertex 1.5919 9.4030 0.5000
      vertex 1.5919 9.4030 2.5000
    endloop
  endfacet
  facet normal 0.342603 0.939480 -0.000000
    outer loop
      vertex 2.6281 9.0252 0.5000
      vertex 1.5919 9.4030 2.5000
      vertex 2.6281 9.0252 2.5000
    endloop
  endfacet
  facet normal 0.328774 0.944408 0.000000
    outer loop
      vertex 1.5919 9.4030 0.5000
      vertex 1.5780 9.4079 0.5000
      vertex 1.5780 9.4079 2.5000
    endloop
  endfacet
  facet normal 0.328774 0.944408 -0.000000
    outer loop
      vertex 1.5919 9.4030 0.5000
      vertex 1.5780 9.4079 2.5000
      vertex 1.5919 9.4030 2.5000
    endloop
  endfacet
  facet normal 0.314875 0.949133 0.000000
    outer loop
      vertex 1.5780 9.4079 0.5000
      vertex 0.9275 9.6237 0.5000
      vertex 0.9275 9.6237 2.5000
    endloop
  endfacet
  facet normal 0.314875 0.949133 -0.000000
    outer loop
      vertex 1.5780 9.4079 0.5000
      vertex 0.9275 9.6237 2.5000
      vertex 1.5780 9.4079 2.5000
    endloop
  endfacet
  facet normal 0.250579 0.968096 0.000000
    outer loop
      vertex 0.9275 9.6237 0.5000
      vertex 0.8626 9.6405 0.5000
      vertex 0.8626 9.6405 2.5000
    endloop
  endfacet
  facet normal 0.250579 0.968096 -0.000000
    outer loop
      vertex 0.9275 9.6237 0.5000
      vertex 0.8626 9.6405 2.5000
      vertex 0.9275 9.6237 2.5000
    endloop
  endfacet
  facet normal 0.118901 0.992906 0.000000
    outer loop
      vertex 0.8626 9.6405 0.5000
      vertex 0.7961 9.6484 0.5000
      vertex 0.7961 9.6484 2.5000
    endloop
  endfacet
  facet normal 0.118901 0.992906 -0.000000
    outer loop
      vertex 0.8626 9.6405 0.5000
      vertex 0.7961 9.6484 2.5000
      vertex 0.8626 9.6405 2.5000
    endloop
  endfacet
  facet normal -0.014911 0.999889 0.000000
    outer loop
      vertex 0.7961 9.6484 0.5000
      vertex 0.7291 9.6474 0.5000
      vertex 0.7291 9.6474 2.5000
    endloop
  endfacet
  facet normal -0.014911 0.999889 0.000000
    outer loop
      vertex 0.7961 9.6484 0.5000
      vertex 0.7291 9.6474 2.5000
      vertex 0.7961 9.6484 2.5000
    endloop
  endfacet
  facet normal -0.148455 0.988919 0.000000
    outer loop
      vertex 0.7291 9.6474 0.5000
      vertex 0.6629 9.6375 0.5000
      vertex 0.6629 9.6375 2.5000
    endloop
  endfacet
  facet normal -0.148455 0.988919 0.000000
    outer loop
      vertex 0.7291 9.6474 0.5000
      vertex 0.6629 9.6375 2.5000
      vertex 0.7291 9.6474 2.5000
    endloop
  endfacet
  facet normal -0.279334 0.960194 0.000000
    outer loop
      vertex 0.6629 9.6375 0.5000
      vertex 0.5985 9.6188 0.5000
      vertex 0.5985 9.6188 2.5000
    endloop
  endfacet
  facet normal -0.279334 0.960194 0.000000
    outer loop
      vertex 0.6629 9.6375 0.5000
      vertex 0.5985 9.6188 2.5000
      vertex 0.6629 9.6375 2.5000
    endloop
  endfacet
  facet normal -0.405198 0.914229 0.000000
    outer loop
      vertex 0.5985 9.6188 0.5000
      vertex 0.5373 9.5916 0.5000
      vertex 0.5373 9.5916 2.5000
    endloop
  endfacet
  facet normal -0.405198 0.914229 0.000000
    outer loop
      vertex 0.5985 9.6188 0.5000
      vertex 0.5373 9.5916 2.5000
      vertex 0.5985 9.6188 2.5000
    endloop
  endfacet
  facet normal -0.523787 0.851849 0.000000
    outer loop
      vertex 0.5373 9.5916 0.5000
      vertex 0.4802 9.5565 0.5000
      vertex 0.4802 9.5565 2.5000
    endloop
  endfacet
  facet normal -0.523787 0.851849 0.000000
    outer loop
      vertex 0.5373 9.5916 0.5000
      vertex 0.4802 9.5565 2.5000
      vertex 0.5373 9.5916 2.5000
    endloop
  endfacet
  facet normal -0.579681 0.814843 0.000000
    outer loop
      vertex 0.4802 9.5565 0.5000
      vertex 0.3622 9.4726 0.5000
      vertex 0.3622 9.4726 2.5000
    endloop
  endfacet
  facet normal -0.579681 0.814843 0.000000
    outer loop
      vertex 0.4802 9.5565 0.5000
      vertex 0.3622 9.4726 2.5000
      vertex 0.4802 9.5565 2.5000
    endloop
  endfacet
  facet normal -0.636786 0.771040 0.000000
    outer loop
      vertex 0.3622 9.4726 0.5000
      vertex 0.3068 9.4268 0.5000
      vertex 0.3068 9.4268 2.5000
    endloop
  endfacet
  facet normal -0.636786 0.771040 0.000000
    outer loop
      vertex 0.3622 9.4726 0.5000
      vertex 0.3068 9.4268 2.5000
      vertex 0.3622 9.4726 2.5000
    endloop
  endfacet
  facet normal -0.740822 0.671701 0.000000
    outer loop
      vertex 0.3068 9.4268 0.5000
      vertex 0.2585 9.3735 0.5000
      vertex 0.2585 9.3735 2.5000
    endloop
  endfacet
  facet normal -0.740822 0.671701 0.000000
    outer loop
      vertex 0.3068 9.4268 0.5000
      vertex 0.2585 9.3735 2.5000
      vertex 0.3068 9.4268 2.5000
    endloop
  endfacet
  facet normal -0.829529 0.558463 0.000000
    outer loop
      vertex 0.2585 9.3735 0.5000
      vertex 0.2183 9.3139 0.5000
      vertex 0.2183 9.3139 2.5000
    endloop
  endfacet
  facet normal -0.829529 0.558463 0.000000
    outer loop
      vertex 0.2585 9.3735 0.5000
      vertex 0.2183 9.3139 2.5000
      vertex 0.2585 9.3735 2.5000
    endloop
  endfacet
  facet normal -0.901072 0.433669 0.000000
    outer loop
      vertex 0.2183 9.3139 0.5000
      vertex 0.1871 9.2491 0.5000
      vertex 0.1871 9.2491 2.5000
    endloop
  endfacet
  facet normal -0.901072 0.433669 0.000000
    outer loop
      vertex 0.2183 9.3139 0.5000
      vertex 0.1871 9.2491 2.5000
      vertex 0.2183 9.3139 2.5000
    endloop
  endfacet
  facet normal -0.953970 0.299902 0.000000
    outer loop
      vertex 0.1871 9.2491 0.5000
      vertex 0.1655 9.1804 0.5000
      vertex 0.1655 9.1804 2.5000
    endloop
  endfacet
  facet normal -0.953970 0.299902 0.000000
    outer loop
      vertex 0.1871 9.2491 0.5000
      vertex 0.1655 9.1804 2.5000
      vertex 0.1871 9.2491 2.5000
    endloop
  endfacet
  facet normal -0.973069 0.230513 0.000000
    outer loop
      vertex 0.1655 9.1804 0.5000
      vertex 0.0133 8.5378 0.5000
      vertex 0.0133 8.5378 2.5000
    endloop
  endfacet
  facet normal -0.973069 0.230513 0.000000
    outer loop
      vertex 0.1655 9.1804 0.5000
      vertex 0.0133 8.5378 2.5000
      vertex 0.1655 9.1804 2.5000
    endloop
  endfacet
  facet normal -0.985947 0.167056 0.000000
    outer loop
      vertex 0.0133 8.5378 0.5000
      vertex 0.0025 8.4740 0.5000
      vertex 0.0025 8.4740 2.5000
    endloop
  endfacet
  facet normal -0.985947 0.167056 0.000000
    outer loop
      vertex 0.0133 8.5378 0.5000
      vertex 0.0025 8.4740 2.5000
      vertex 0.0133 8.5378 2.5000
    endloop
  endfacet
  facet normal -0.999266 0.038311 0.000000
    outer loop
      vertex 0.0025 8.4740 0.5000
      vertex 0.0000 8.4093 0.5000
      vertex 0.0000 8.4093 2.5000
    endloop
  endfacet
  facet normal -0.999266 0.038311 0.000000
    outer loop
      vertex 0.0025 8.4740 0.5000
      vertex 0.0000 8.4093 2.5000
      vertex 0.0025 8.4740 2.5000
    endloop
  endfacet
  facet normal -0.999650 -0.026437 0.000000
    outer loop
      vertex 0.0000 8.4093 0.5000
      vertex 0.0321 7.1949 0.5000
      vertex 0.0321 7.1949 2.5000
    endloop
  endfacet
  facet normal -0.999650 -0.026437 0.000000
    outer loop
      vertex 0.0000 8.4093 0.5000
      vertex 0.0321 7.1949 2.5000
      vertex 0.0000 8.4093 2.5000
    endloop
  endfacet
  facet normal -0.996466 -0.084002 0.000000
    outer loop
      vertex 0.0321 7.1949 0.5000
      vertex 0.0370 7.1374 0.5000
      vertex 0.0370 7.1374 2.5000
    endloop
  endfacet
  facet normal -0.996466 -0.084002 0.000000
    outer loop
      vertex 0.0321 7.1949 0.5000
      vertex 0.0370 7.1374 2.5000
      vertex 0.0321 7.1949 2.5000
    endloop
  endfacet
  facet normal -0.989969 -0.141288 0.000000
    outer loop
      vertex 0.0370 7.1374 0.5000
      vertex 0.2517 5.6330 0.5000
      vertex 0.2517 5.6330 2.5000
    endloop
  endfacet
  facet normal -0.989969 -0.141288 0.000000
    outer loop
      vertex 0.0370 7.1374 0.5000
      vertex 0.2517 5.6330 2.5000
      vertex 0.0370 7.1374 2.5000
    endloop
  endfacet
  facet normal -0.984983 -0.172651 0.000000
    outer loop
      vertex 0.2517 5.6330 0.5000
      vertex 0.2572 5.6017 0.5000
      vertex 0.2572 5.6017 2.5000
    endloop
  endfacet
  facet normal -0.984983 -0.172651 0.000000
    outer loop
      vertex 0.2517 5.6330 0.5000
      vertex 0.2572 5.6017 2.5000
      vertex 0.2517 5.6330 2.5000
    endloop
  endfacet
  facet normal -0.979004 -0.203839 0.000000
    outer loop
      vertex 0.2572 5.6017 0.5000
      vertex 0.5901 4.0025 0.5000
      vertex 0.5901 4.0025 2.5000
    endloop
  endfacet
  facet normal -0.979004 -0.203839 0.000000
    outer loop
      vertex 0.2572 5.6017 0.5000
      vertex 0.5901 4.0025 2.5000
      vertex 0.2572 5.6017 2.5000
    endloop
  endfacet
  facet normal -0.974745 -0.223321 0.000000
    outer loop
      vertex 0.5901 4.0025 0.5000
      vertex 0.5946 3.9831 0.5000
      vertex 0.5946 3.9831 2.5000
    endloop
  endfacet
  facet normal -0.974745 -0.223321 0.000000
    outer loop
      vertex 0.5901 4.0025 0.5000
      vertex 0.5946 3.9831 2.5000
      vertex 0.5901 4.0025 2.5000
    endloop
  endfacet
  facet normal -0.970098 -0.242713 0.000000
    outer loop
      vertex 0.5946 3.9831 0.5000
      vertex 0.9758 2.4594 0.5000
      vertex 0.9758 2.4594 2.5000
    endloop
  endfacet
  facet normal -0.970098 -0.242713 0.000000
    outer loop
      vertex 0.5946 3.9831 0.5000
      vertex 0.9758 2.4594 2.5000
      vertex 0.5946 3.9831 2.5000
    endloop
  endfacet
  facet normal -0.966703 -0.255902 0.000000
    outer loop
      vertex 0.9758 2.4594 0.5000
      vertex 0.9793 2.4462 0.5000
      vertex 0.9793 2.4462 2.5000
    endloop
  endfacet
  facet normal -0.966703 -0.255902 0.000000
    outer loop
      vertex 0.9758 2.4594 0.5000
      vertex 0.9793 2.4462 2.5000
      vertex 0.9758 2.4594 2.5000
    endloop
  endfacet
  facet normal -0.963128 -0.269044 0.000000
    outer loop
      vertex 0.9793 2.4462 0.5000
      vertex 1.3382 1.1614 0.5000
      vertex 1.3382 1.1614 2.5000
    endloop
  endfacet
  facet normal -0.963128 -0.269044 0.000000
    outer loop
      vertex 0.9793 2.4462 0.5000
      vertex 1.3382 1.1614 2.5000
      vertex 0.9793 2.4462 2.5000
    endloop
  endfacet
  facet normal -0.960444 -0.278474 0.000000
    outer loop
      vertex 1.3382 1.1614 0.5000
      vertex 1.3409 1.1520 0.5000
      vertex 1.3409 1.1520 2.5000
    endloop
  endfacet
  facet normal -0.960444 -0.278474 0.000000
    outer loop
      vertex 1.3382 1.1614 0.5000
      vertex 1.3409 1.1520 2.5000
      vertex 1.3382 1.1614 2.5000
    endloop
  endfacet
  facet normal -0.957667 -0.287878 0.000000
    outer loop
      vertex 1.3409 1.1520 0.5000
      vertex 1.5802 0.3561 0.5000
      vertex 1.5802 0.3561 2.5000
    endloop
  endfacet
  facet normal -0.957667 -0.287878 0.000000
    outer loop
      vertex 1.3409 1.1520 0.5000
      vertex 1.5802 0.3561 2.5000
      vertex 1.3409 1.1520 2.5000
    endloop
  endfacet
  facet normal -0.937316 -0.348480 0.000000
    outer loop
      vertex 1.5802 0.3561 0.5000
      vertex 1.6024 0.2962 0.5000
      vertex 1.6024 0.2962 2.5000
    endloop
  endfacet
  facet normal -0.937316 -0.348480 0.000000
    outer loop
      vertex 1.5802 0.3561 0.5000
      vertex 1.6024 0.2962 2.5000
      vertex 1.5802 0.3561 2.5000
    endloop
  endfacet
  facet normal -0.885221 -0.465171 0.000000
    outer loop
      vertex 1.6024 0.2962 0.5000
      vertex 1.6322 0.2396 0.5000
      vertex 1.6322 0.2396 2.5000
    endloop
  endfacet
  facet normal -0.885221 -0.465171 0.000000
    outer loop
      vertex 1.6024 0.2962 0.5000
      vertex 1.6322 0.2396 2.5000
      vertex 1.6024 0.2962 2.5000
    endloop
  endfacet
  facet normal -0.818669 -0.574265 0.000000
    outer loop
      vertex 1.6322 0.2396 0.5000
      vertex 1.6689 0.1873 0.5000
      vertex 1.6689 0.1873 2.5000
    endloop
  endfacet
  facet normal -0.818669 -0.574265 0.000000
    outer loop
      vertex 1.6322 0.2396 0.5000
      vertex 1.6689 0.1873 2.5000
      vertex 1.6322 0.2396 2.5000
    endloop
  endfacet
  facet normal -0.738748 -0.673982 0.000000
    outer loop
      vertex 1.6689 0.1873 0.5000
      vertex 1.7119 0.1401 0.5000
      vertex 1.7119 0.1401 2.5000
    endloop
  endfacet
  facet normal -0.738748 -0.673982 0.000000
    outer loop
      vertex 1.6689 0.1873 0.5000
      vertex 1.7119 0.1401 2.5000
      vertex 1.6689 0.1873 2.5000
    endloop
  endfacet
  facet normal -0.646763 -0.762691 0.000000
    outer loop
      vertex 1.7119 0.1401 0.5000
      vertex 1.7607 0.0988 0.5000
      vertex 1.7607 0.0988 2.5000
    endloop
  endfacet
  facet normal -0.646763 -0.762691 0.000000
    outer loop
      vertex 1.7119 0.1401 0.5000
      vertex 1.7607 0.0988 2.5000
      vertex 1.7119 0.1401 2.5000
    endloop
  endfacet
  facet normal -0.544216 -0.838945 0.000000
    outer loop
      vertex 1.7607 0.0988 0.5000
      vertex 1.8143 0.0640 0.5000
      vertex 1.8143 0.0640 2.5000
    endloop
  endfacet
  facet normal -0.544216 -0.838945 0.000000
    outer loop
      vertex 1.7607 0.0988 0.5000
      vertex 1.8143 0.0640 2.5000
      vertex 1.7607 0.0988 2.5000
    endloop
  endfacet
  facet normal -0.432781 -0.901499 0.000000
    outer loop
      vertex 1.8143 0.0640 0.5000
      vertex 1.8719 0.0363 0.5000
      vertex 1.8719 0.0363 2.5000
    endloop
  endfacet
  facet normal -0.432781 -0.901499 0.000000
    outer loop
      vertex 1.8143 0.0640 0.5000
      vertex 1.8719 0.0363 2.5000
      vertex 1.8143 0.0640 2.5000
    endloop
  endfacet
  facet normal -0.314279 -0.949331 0.000000
    outer loop
      vertex 1.8719 0.0363 0.5000
      vertex 1.9325 0.0163 0.5000
      vertex 1.9325 0.0163 2.5000
    endloop
  endfacet
  facet normal -0.314279 -0.949331 0.000000
    outer loop
      vertex 1.8719 0.0363 0.5000
      vertex 1.9325 0.0163 2.5000
      vertex 1.8719 0.0363 2.5000
    endloop
  endfacet
  facet normal -0.190644 -0.981659 0.000000
    outer loop
      vertex 1.9325 0.0163 0.5000
      vertex 1.9952 0.0041 0.5000
      vertex 1.9952 0.0041 2.5000
    endloop
  endfacet
  facet normal -0.190644 -0.981659 0.000000
    outer loop
      vertex 1.9325 0.0163 0.5000
      vertex 1.9952 0.0041 2.5000
      vertex 1.9325 0.0163 2.5000
    endloop
  endfacet
  facet normal -0.063896 -0.997957 0.000000
    outer loop
      vertex 1.9952 0.0041 0.5000
      vertex 2.0590 0.0000 0.5000
      vertex 2.0590 0.0000 2.5000
    endloop
  endfacet
  facet normal -0.063896 -0.997957 0.000000
    outer loop
      vertex 1.9952 0.0041 0.5000
      vertex 2.0590 0.0000 2.5000
      vertex 1.9952 0.0041 2.5000
    endloop
  endfacet
  facet normal 0.000000 -1.000000 0.000000
    outer loop
      vertex 2.0590 0.0000 0.5000
      vertex 27.0179 0.0000 0.5000
      vertex 27.0179 0.0000 2.5000
    endloop
  endfacet
  facet normal 0.000000 -1.000000 0.000000
    outer loop
      vertex 2.0590 0.0000 0.5000
      vertex 27.0179 0.0000 2.5000
      vertex 2.0590 0.0000 2.5000
    endloop
  endfacet
  facet normal 0.063046 -0.961889 0.266071
    outer loop
      vertex 27.0179 0.0000 2.5000
      vertex 27.0831 0.0043 2.5000
      vertex 26.8661 0.1284 3.0000
    endloop
  endfacet
  facet normal 0.058424 -0.962523 0.264831
    outer loop
      vertex 27.0179 0.0000 2.5000
      vertex 26.8661 0.1284 3.0000
      vertex 26.8010 0.1244 3.0000
    endloop
  endfacet
  facet normal 0.185406 -0.932100 0.311150
    outer loop
      vertex 27.0831 0.0043 2.5000
      vertex 27.1473 0.0170 2.5000
      vertex 26.9300 0.1407 3.0000
    endloop
  endfacet
  facet normal 0.180643 -0.933402 0.310047
    outer loop
      vertex 27.0831 0.0043 2.5000
      vertex 26.9300 0.1407 3.0000
      vertex 26.8661 0.1284 3.0000
    endloop
  endfacet
  facet normal 0.301146 -0.887147 0.349687
    outer loop
      vertex 27.1473 0.0170 2.5000
      vertex 27.2092 0.0381 2.5000
      vertex 26.9917 0.1613 3.0000
    endloop
  endfacet
  facet normal 0.296636 -0.889006 0.348820
    outer loop
      vertex 27.1473 0.0170 2.5000
      vertex 26.9917 0.1613 3.0000
      vertex 26.9300 0.1407 3.0000
    endloop
  endfacet
  facet normal 0.408818 -0.829001 0.381608
    outer loop
      vertex 27.2092 0.0381 2.5000
      vertex 27.2679 0.0670 2.5000
      vertex 27.0501 0.1898 3.0000
    endloop
  endfacet
  facet normal 0.404885 -0.831198 0.381023
    outer loop
      vertex 27.2092 0.0381 2.5000
      vertex 27.0501 0.1898 3.0000
      vertex 26.9917 0.1613 3.0000
    endloop
  endfacet
  facet normal 0.507471 -0.759484 0.407010
    outer loop
      vertex 27.2679 0.0670 2.5000
      vertex 27.3222 0.1033 2.5000
      vertex 27.1042 0.2256 3.0000
    endloop
  endfacet
  facet normal 0.504339 -0.761734 0.406698
    outer loop
      vertex 27.2679 0.0670 2.5000
      vertex 27.1042 0.2256 3.0000
      vertex 27.0501 0.1898 3.0000
    endloop
  endfacet
  facet normal 0.596504 -0.680183 0.426069
    outer loop
      vertex 27.3222 0.1033 2.5000
      vertex 27.3714 0.1464 2.5000
      vertex 27.1530 0.2681 3.0000
    endloop
  endfacet
  facet normal 0.594287 -0.682178 0.425976
    outer loop
      vertex 27.3222 0.1033 2.5000
      vertex 27.1530 0.2681 3.0000
      vertex 27.1042 0.2256 3.0000
    endloop
  endfacet
  facet normal 0.675527 -0.592421 0.438976
    outer loop
      vertex 27.3714 0.1464 2.5000
      vertex 27.4145 0.1956 2.5000
      vertex 27.1958 0.3167 3.0000
    endloop
  endfacet
  facet normal 0.674233 -0.593867 0.439013
    outer loop
      vertex 27.3714 0.1464 2.5000
      vertex 27.1958 0.3167 3.0000
      vertex 27.1530 0.2681 3.0000
    endloop
  endfacet
  facet normal 0.744239 -0.497285 0.445888
    outer loop
      vertex 27.4145 0.1956 2.5000
      vertex 27.4509 0.2500 2.5000
      vertex 27.2318 0.3705 3.0000
    endloop
  endfacet
  facet normal 0.743778 -0.497925 0.445943
    outer loop
      vertex 27.4145 0.1956 2.5000
      vertex 27.2318 0.3705 3.0000
      vertex 27.1958 0.3167 3.0000
    endloop
  endfacet
  facet normal 0.802330 -0.395665 0.446896
    outer loop
      vertex 27.4509 0.2500 2.5000
      vertex 27.4798 0.3087 2.5000
      vertex 27.2604 0.4286 3.0000
    endloop
  endfacet
  facet normal 0.802531 -0.395312 0.446847
    outer loop
      vertex 27.4509 0.2500 2.5000
      vertex 27.2604 0.4286 3.0000
      vertex 27.2318 0.3705 3.0000
    endloop
  endfacet
  facet normal 0.849405 -0.288334 0.442012
    outer loop
      vertex 27.4798 0.3087 2.5000
      vertex 27.5008 0.3706 2.5000
      vertex 27.2812 0.4899 3.0000
    endloop
  endfacet
  facet normal 0.850039 -0.286882 0.441737
    outer loop
      vertex 27.4798 0.3087 2.5000
      vertex 27.2812 0.4899 3.0000
      vertex 27.2604 0.4286 3.0000
    endloop
  endfacet
  facet normal 0.884937 -0.176025 0.431164
    outer loop
      vertex 27.5008 0.3706 2.5000
      vertex 27.5136 0.4347 2.5000
      vertex 27.2936 0.5535 3.0000
    endloop
  endfacet
  facet normal 0.885735 -0.173468 0.430560
    outer loop
      vertex 27.5008 0.3706 2.5000
      vertex 27.2936 0.5535 3.0000
      vertex 27.2812 0.4899 3.0000
    endloop
  endfacet
  facet normal 0.908233 -0.059529 0.414209
    outer loop
      vertex 27.5136 0.4347 2.5000
      vertex 27.5179 0.5000 2.5000
      vertex 27.2976 0.6182 3.0000
    endloop
  endfacet
  facet normal 0.908919 -0.055969 0.413199
    outer loop
      vertex 27.5136 0.4347 2.5000
      vertex 27.2976 0.6182 3.0000
      vertex 27.2936 0.5535 3.0000
    endloop
  endfacet
  facet normal 0.915125 -0.000000 0.403171
    outer loop
      vertex 27.5179 0.5000 2.5000
      vertex 27.5179 23.3000 2.5000
      vertex 27.2976 23.1818 3.0000
    endloop
  endfacet
  facet normal 0.915125 0.000000 0.403171
    outer loop
      vertex 27.5179 0.5000 2.5000
      vertex 27.2976 23.1818 3.0000
      vertex 27.2976 0.6182 3.0000
    endloop
  endfacet
  facet normal 0.908408 0.059540 0.413823
    outer loop
      vertex 27.5179 23.3000 2.5000
      vertex 27.5136 23.3653 2.5000
      vertex 27.2936 23.2465 3.0000
    endloop
  endfacet
  facet normal 0.908742 0.055958 0.413589
    outer loop
      vertex 27.5179 23.3000 2.5000
      vertex 27.2936 23.2465 3.0000
      vertex 27.2976 23.1818 3.0000
    endloop
  endfacet
  facet normal 0.885068 0.176051 0.430883
    outer loop
      vertex 27.5136 23.3653 2.5000
      vertex 27.5008 23.4294 2.5000
      vertex 27.2812 23.3101 3.0000
    endloop
  endfacet
  facet normal 0.885602 0.173442 0.430843
    outer loop
      vertex 27.5136 23.3653 2.5000
      vertex 27.2812 23.3101 3.0000
      vertex 27.2936 23.2465 3.0000
    endloop
  endfacet
  facet normal 0.849482 0.288360 0.441847
    outer loop
      vertex 27.5008 23.4294 2.5000
      vertex 27.4798 23.4913 2.5000
      vertex 27.2604 23.3714 3.0000
    endloop
  endfacet
  facet normal 0.849962 0.286856 0.441904
    outer loop
      vertex 27.5008 23.4294 2.5000
      vertex 27.2604 23.3714 3.0000
      vertex 27.2812 23.3101 3.0000
    endloop
  endfacet
  facet normal 0.802349 0.395675 0.446854
    outer loop
      vertex 27.4798 23.4913 2.5000
      vertex 27.4509 23.5500 2.5000
      vertex 27.2318 23.4295 3.0000
    endloop
  endfacet
  facet normal 0.802512 0.395303 0.446889
    outer loop
      vertex 27.4798 23.4913 2.5000
      vertex 27.2318 23.4295 3.0000
      vertex 27.2604 23.3714 3.0000
    endloop
  endfacet
  facet normal 0.744205 0.497262 0.445970
    outer loop
      vertex 27.4509 23.5500 2.5000
      vertex 27.4145 23.6044 2.5000
      vertex 27.1958 23.4833 3.0000
    endloop
  endfacet
  facet normal 0.743812 0.497948 0.445861
    outer loop
      vertex 27.4509 23.5500 2.5000
      vertex 27.1958 23.4833 3.0000
      vertex 27.2318 23.4295 3.0000
    endloop
  endfacet
  facet normal 0.675453 0.592356 0.439179
    outer loop
      vertex 27.4145 23.6044 2.5000
      vertex 27.3714 23.6536 2.5000
      vertex 27.1530 23.5319 3.0000
    endloop
  endfacet
  facet normal 0.674308 0.593933 0.438809
    outer loop
      vertex 27.4145 23.6044 2.5000
      vertex 27.1530 23.5319 3.0000
      vertex 27.1958 23.4833 3.0000
    endloop
  endfacet
  facet normal 0.596406 0.680071 0.426385
    outer loop
      vertex 27.3714 23.6536 2.5000
      vertex 27.3222 23.6967 2.5000
      vertex 27.1042 23.5744 3.0000
    endloop
  endfacet
  facet normal 0.594386 0.682291 0.425657
    outer loop
      vertex 27.3714 23.6536 2.5000
      vertex 27.1042 23.5744 3.0000
      vertex 27.1530 23.5319 3.0000
    endloop
  endfacet
  facet normal 0.507368 0.759330 0.407427
    outer loop
      vertex 27.3222 23.6967 2.5000
      vertex 27.2679 23.7330 2.5000
      vertex 27.0501 23.6102 3.0000
    endloop
  endfacet
  facet normal 0.504442 0.761890 0.406277
    outer loop
      vertex 27.3222 23.6967 2.5000
      vertex 27.0501 23.6102 3.0000
      vertex 27.1042 23.5744 3.0000
    endloop
  endfacet
  facet normal 0.408727 0.828816 0.382107
    outer loop
      vertex 27.2679 23.7330 2.5000
      vertex 27.2092 23.7619 2.5000
      vertex 26.9917 23.6387 3.0000
    endloop
  endfacet
  facet normal 0.404976 0.831384 0.380520
    outer loop
      vertex 27.2679 23.7330 2.5000
      vertex 26.9917 23.6387 3.0000
      vertex 27.0501 23.6102 3.0000
    endloop
  endfacet
  facet normal 0.301079 0.886951 0.350242
    outer loop
      vertex 27.2092 23.7619 2.5000
      vertex 27.1473 23.7830 2.5000
      vertex 26.9300 23.6593 3.0000
    endloop
  endfacet
  facet normal 0.296702 0.889204 0.348260
    outer loop
      vertex 27.2092 23.7619 2.5000
      vertex 26.9300 23.6593 3.0000
      vertex 26.9917 23.6387 3.0000
    endloop
  endfacet
  facet normal 0.185369 0.931914 0.311729
    outer loop
      vertex 27.1473 23.7830 2.5000
      vertex 27.0831 23.7957 2.5000
      vertex 26.8661 23.6716 3.0000
    endloop
  endfacet
  facet normal 0.180679 0.933588 0.309464
    outer loop
      vertex 27.1473 23.7830 2.5000
      vertex 26.8661 23.6716 3.0000
      vertex 26.9300 23.6593 3.0000
    endloop
  endfacet
  facet normal 0.063035 0.961734 0.266635
    outer loop
      vertex 27.0831 23.7957 2.5000
      vertex 27.0179 23.8000 2.5000
      vertex 26.8010 23.6756 3.0000
    endloop
  endfacet
  facet normal 0.058434 0.962678 0.264265
    outer loop
      vertex 27.0831 23.7957 2.5000
      vertex 26.8010 23.6756 3.0000
      vertex 26.8661 23.6716 3.0000
    endloop
  endfacet
  facet normal 0.000000 0.904576 0.426312
    outer loop
      vertex 27.0179 23.8000 2.5000
      vertex 2.0590 23.8000 2.5000
      vertex 2.1425 23.5644 3.0000
    endloop
  endfacet
  facet normal -0.004379 0.970846 0.239665
    outer loop
      vertex 27.0179 23.8000 2.5000
      vertex 2.1425 23.5644 3.0000
      vertex 26.8010 23.6756 3.0000
    endloop
  endfacet
  facet normal -0.057596 0.899568 0.432967
    outer loop
      vertex 2.0590 23.8000 2.5000
      vertex 1.9952 23.7959 2.5000
      vertex 2.0799 23.5607 3.0000
    endloop
  endfacet
  facet normal -0.052796 0.899886 0.432919
    outer loop
      vertex 2.0590 23.8000 2.5000
      vertex 2.0799 23.5607 3.0000
      vertex 2.1425 23.5644 3.0000
    endloop
  endfacet
  facet normal -0.170944 0.880221 0.442707
    outer loop
      vertex 1.9952 23.7959 2.5000
      vertex 1.9325 23.7837 2.5000
      vertex 2.0183 23.5489 3.0000
    endloop
  endfacet
  facet normal -0.168209 0.880694 0.442814
    outer loop
      vertex 1.9952 23.7959 2.5000
      vertex 2.0183 23.5489 3.0000
      vertex 2.0799 23.5607 3.0000
    endloop
  endfacet
  facet normal -0.281135 0.849216 0.446985
    outer loop
      vertex 1.9325 23.7837 2.5000
      vertex 1.8719 23.7637 2.5000
      vertex 1.9589 23.5293 3.0000
    endloop
  endfacet
  facet normal -0.280558 0.849379 0.447037
    outer loop
      vertex 1.9325 23.7837 2.5000
      vertex 1.9589 23.5293 3.0000
      vertex 2.0183 23.5489 3.0000
    endloop
  endfacet
  facet normal -0.387384 0.806936 0.445856
    outer loop
      vertex 1.8719 23.7637 2.5000
      vertex 1.8143 23.7360 2.5000
      vertex 1.9024 23.5021 3.0000
    endloop
  endfacet
  facet normal -0.388881 0.806338 0.445635
    outer loop
      vertex 1.8719 23.7637 2.5000
      vertex 1.9024 23.5021 3.0000
      vertex 1.9589 23.5293 3.0000
    endloop
  endfacet
  facet normal -0.488891 0.753658 0.439300
    outer loop
      vertex 1.8143 23.7360 2.5000
      vertex 1.7607 23.7012 2.5000
      vertex 1.8500 23.4677 3.0000
    endloop
  endfacet
  facet normal -0.492206 0.751908 0.438598
    outer loop
      vertex 1.8143 23.7360 2.5000
      vertex 1.8500 23.4677 3.0000
      vertex 1.9024 23.5021 3.0000
    endloop
  endfacet
  facet normal -0.584769 0.689585 0.427221
    outer loop
      vertex 1.7607 23.7012 2.5000
      vertex 1.7119 23.6599 2.5000
      vertex 1.8024 23.4268 3.0000
    endloop
  endfacet
  facet normal -0.589496 0.686392 0.425864
    outer loop
      vertex 1.7607 23.7012 2.5000
      vertex 1.8024 23.4268 3.0000
      vertex 1.8500 23.4677 3.0000
    endloop
  endfacet
  facet normal -0.673980 0.614892 0.409462
    outer loop
      vertex 1.7119 23.6599 2.5000
      vertex 1.6689 23.6127 2.5000
      vertex 1.7604 23.3801 3.0000
    endloop
  endfacet
  facet normal -0.679590 0.610114 0.407331
    outer loop
      vertex 1.7119 23.6599 2.5000
      vertex 1.7604 23.3801 3.0000
      vertex 1.8024 23.4268 3.0000
    endloop
  endfacet
  facet normal -0.755281 0.529801 0.385826
    outer loop
      vertex 1.6689 23.6127 2.5000
      vertex 1.6322 23.5604 2.5000
      vertex 1.7247 23.3281 3.0000
    endloop
  endfacet
  facet normal -0.761166 0.523476 0.382883
    outer loop
      vertex 1.6689 23.6127 2.5000
      vertex 1.7247 23.3281 3.0000
      vertex 1.7604 23.3801 3.0000
    endloop
  endfacet
  facet normal -0.827187 0.434675 0.356118
    outer loop
      vertex 1.6322 23.5604 2.5000
      vertex 1.6024 23.5038 2.5000
      vertex 1.6958 23.2719 3.0000
    endloop
  endfacet
  facet normal -0.832723 0.427049 0.352423
    outer loop
      vertex 1.6322 23.5604 2.5000
      vertex 1.6958 23.2719 3.0000
      vertex 1.7247 23.3281 3.0000
    endloop
  endfacet
  facet normal -0.887969 0.330134 0.320193
    outer loop
      vertex 1.6024 23.5038 2.5000
      vertex 1.5802 23.4439 2.5000
      vertex 1.6744 23.2124 3.0000
    endloop
  endfacet
  facet normal -0.892593 0.321668 0.315923
    outer loop
      vertex 1.6024 23.5038 2.5000
      vertex 1.6744 23.2124 3.0000
      vertex 1.6958 23.2719 3.0000
    endloop
  endfacet
  facet normal -0.909262 0.273327 0.313903
    outer loop
      vertex 1.5802 23.4439 2.5000
      vertex 1.3409 22.6480 2.5000
      vertex 1.4452 22.4209 3.0000
    endloop
  endfacet
  facet normal -0.917552 0.265614 0.295884
    outer loop
      vertex 1.5802 23.4439 2.5000
      vertex 1.4452 22.4209 3.0000
      vertex 1.6744 23.2124 3.0000
    endloop
  endfacet
  facet normal -0.912843 0.264673 0.310913
    outer loop
      vertex 1.3409 22.6480 2.5000
      vertex 1.3382 22.6386 2.5000
      vertex 1.4426 22.4115 3.0000
    endloop
  endfacet
  facet normal -0.916721 0.255338 0.307286
    outer loop
      vertex 1.3409 22.6480 2.5000
      vertex 1.4426 22.4115 3.0000
      vertex 1.4452 22.4209 3.0000
    endloop
  endfacet
  facet normal -0.908278 0.253722 0.332651
    outer loop
      vertex 1.3382 22.6386 2.5000
      vertex 0.9793 21.3538 2.5000
      vertex 1.1015 21.1357 3.0000
    endloop
  endfacet
  facet normal -0.920323 0.246100 0.304039
    outer loop
      vertex 1.3382 22.6386 2.5000
      vertex 1.1015 21.1357 3.0000
      vertex 1.4426 22.4115 3.0000
    endloop
  endfacet
  facet normal -0.912943 0.241671 0.328831
    outer loop
      vertex 0.9793 21.3538 2.5000
      vertex 0.9758 21.3406 2.5000
      vertex 1.0982 21.1226 3.0000
    endloop
  endfacet
  facet normal -0.916982 0.231329 0.325010
    outer loop
      vertex 0.9793 21.3538 2.5000
      vertex 1.0982 21.1226 3.0000
      vertex 1.1015 21.1357 3.0000
    endloop
  endfacet
  facet normal -0.906411 0.226779 0.356358
    outer loop
      vertex 0.9758 21.3406 2.5000
      vertex 0.5946 19.8169 2.5000
      vertex 0.7403 19.6138 3.0000
    endloop
  endfacet
  facet normal -0.921559 0.218568 0.320868
    outer loop
      vertex 0.9758 21.3406 2.5000
      vertex 0.7403 19.6138 3.0000
      vertex 1.0982 21.1226 3.0000
    endloop
  endfacet
  facet normal -0.912568 0.209075 0.351436
    outer loop
      vertex 0.5946 19.8169 2.5000
      vertex 0.5901 19.7975 2.5000
      vertex 0.7362 19.5946 3.0000
    endloop
  endfacet
  facet normal -0.916637 0.197579 0.347477
    outer loop
      vertex 0.5946 19.8169 2.5000
      vertex 0.7362 19.5946 3.0000
      vertex 0.7403 19.6138 3.0000
    endloop
  endfacet
  facet normal -0.905229 0.188478 0.380837
    outer loop
      vertex 0.5901 19.7975 2.5000
      vertex 0.2572 18.1983 2.5000
      vertex 0.4299 18.0175 3.0000
    endloop
  endfacet
  facet normal -0.922399 0.179163 0.342171
    outer loop
      vertex 0.5901 19.7975 2.5000
      vertex 0.4299 18.0175 3.0000
      vertex 0.7362 19.5946 3.0000
    endloop
  endfacet
  facet normal -0.913416 0.160106 0.374216
    outer loop
      vertex 0.2572 18.1983 2.5000
      vertex 0.2517 18.1670 2.5000
      vertex 0.4249 17.9868 3.0000
    endloop
  endfacet
  facet normal -0.917160 0.147594 0.370180
    outer loop
      vertex 0.2572 18.1983 2.5000
      vertex 0.4249 17.9868 3.0000
      vertex 0.4299 18.0175 3.0000
    endloop
  endfacet
  facet normal -0.907361 0.129498 0.399908
    outer loop
      vertex 0.2517 18.1670 2.5000
      vertex 0.0370 16.6626 2.5000
      vertex 0.2357 16.5109 3.0000
    endloop
  endfacet
  facet normal -0.924234 0.118509 0.362970
    outer loop
      vertex 0.2517 18.1670 2.5000
      vertex 0.2357 16.5109 3.0000
      vertex 0.4249 17.9868 3.0000
    endloop
  endfacet
  facet normal -0.917677 0.077360 0.389722
    outer loop
      vertex 0.0370 16.6626 2.5000
      vertex 0.0321 16.6051 2.5000
      vertex 0.2318 16.4547 3.0000
    endloop
  endfacet
  facet normal -0.920585 0.063934 0.385273
    outer loop
      vertex 0.0370 16.6626 2.5000
      vertex 0.2318 16.4547 3.0000
      vertex 0.2357 16.5109 3.0000
    endloop
  endfacet
  facet normal -0.913903 0.024170 0.405213
    outer loop
      vertex 0.0321 16.6051 2.5000
      vertex 0.0000 15.3907 2.5000
      vertex 0.2185 15.2692 3.0000
    endloop
  endfacet
  facet normal -0.927563 0.010403 0.373522
    outer loop
      vertex 0.0321 16.6051 2.5000
      vertex 0.2185 15.2692 3.0000
      vertex 0.2318 16.4547 3.0000
    endloop
  endfacet
  facet normal -0.918220 -0.035204 0.394504
    outer loop
      vertex 0.0000 15.3907 2.5000
      vertex 0.0025 15.3260 2.5000
      vertex 0.2219 15.2062 3.0000
    endloop
  endfacet
  facet normal -0.919588 -0.049840 0.389710
    outer loop
      vertex 0.0000 15.3907 2.5000
      vertex 0.2219 15.2062 3.0000
      vertex 0.2185 15.2692 3.0000
    endloop
  endfacet
  facet normal -0.917055 -0.155384 0.367241
    outer loop
      vertex 0.0025 15.3260 2.5000
      vertex 0.0133 15.2622 2.5000
      vertex 0.2336 15.1440 3.0000
    endloop
  endfacet
  facet normal -0.916587 -0.171761 0.361062
    outer loop
      vertex 0.0025 15.3260 2.5000
      vertex 0.2336 15.1440 3.0000
      vertex 0.2219 15.2062 3.0000
    endloop
  endfacet
  facet normal -0.904208 -0.214200 0.369494
    outer loop
      vertex 0.0133 15.2622 2.5000
      vertex 0.1655 14.6196 2.5000
      vertex 0.3939 14.5179 3.0000
    endloop
  endfacet
  facet normal -0.909098 -0.232882 0.345407
    outer loop
      vertex 0.0133 15.2622 2.5000
      vertex 0.3939 14.5179 3.0000
      vertex 0.2336 15.1440 3.0000
    endloop
  endfacet
  facet normal -0.892501 -0.280578 0.353154
    outer loop
      vertex 0.1655 14.6196 2.5000
      vertex 0.1871 14.5509 2.5000
      vertex 0.4163 14.4512 3.0000
    endloop
  endfacet
  facet normal -0.889637 -0.298358 0.345729
    outer loop
      vertex 0.1655 14.6196 2.5000
      vertex 0.4163 14.4512 3.0000
      vertex 0.3939 14.5179 3.0000
    endloop
  endfacet
  facet normal -0.855883 -0.411920 0.312709
    outer loop
      vertex 0.1871 14.5509 2.5000
      vertex 0.2183 14.4861 2.5000
      vertex 0.4482 14.3880 3.0000
    endloop
  endfacet
  facet normal -0.850373 -0.429376 0.304142
    outer loop
      vertex 0.1871 14.5509 2.5000
      vertex 0.4482 14.3880 3.0000
      vertex 0.4163 14.4512 3.0000
    endloop
  endfacet
  facet normal -0.799973 -0.538565 0.264556
    outer loop
      vertex 0.2183 14.4861 2.5000
      vertex 0.2585 14.4265 2.5000
      vertex 0.4890 14.3297 3.0000
    endloop
  endfacet
  facet normal -0.792326 -0.553978 0.255594
    outer loop
      vertex 0.2183 14.4861 2.5000
      vertex 0.4890 14.3297 3.0000
      vertex 0.4482 14.3880 3.0000
    endloop
  endfacet
  facet normal -0.724472 -0.656877 0.208933
    outer loop
      vertex 0.2585 14.4265 2.5000
      vertex 0.3068 14.3732 2.5000
      vertex 0.5377 14.2775 3.0000
    endloop
  endfacet
  facet normal -0.715871 -0.668804 0.200575
    outer loop
      vertex 0.2585 14.4265 2.5000
      vertex 0.5377 14.2775 3.0000
      vertex 0.4890 14.3297 3.0000
    endloop
  endfacet
  facet normal -0.629910 -0.762715 0.146556
    outer loop
      vertex 0.3068 14.3732 2.5000
      vertex 0.3622 14.3274 2.5000
      vertex 0.5935 14.2325 3.0000
    endloop
  endfacet
  facet normal -0.622091 -0.770340 0.139926
    outer loop
      vertex 0.3068 14.3732 2.5000
      vertex 0.5935 14.2325 3.0000
      vertex 0.5377 14.2775 3.0000
    endloop
  endfacet
  facet normal -0.575821 -0.809417 0.115210
    outer loop
      vertex 0.3622 14.3274 2.5000
      vertex 0.4802 14.2435 2.5000
      vertex 0.7120 14.1498 3.0000
    endloop
  endfacet
  facet normal -0.569071 -0.815103 0.108469
    outer loop
      vertex 0.3622 14.3274 2.5000
      vertex 0.7120 14.1498 3.0000
      vertex 0.5935 14.2325 3.0000
    endloop
  endfacet
  facet normal -0.521947 -0.848858 0.083729
    outer loop
      vertex 0.4802 14.2435 2.5000
      vertex 0.5373 14.2084 2.5000
      vertex 0.7692 14.1151 3.0000
    endloop
  endfacet
  facet normal -0.516480 -0.852590 0.079611
    outer loop
      vertex 0.4802 14.2435 2.5000
      vertex 0.7692 14.1151 3.0000
      vertex 0.7120 14.1498 3.0000
    endloop
  endfacet
  facet normal -0.405136 -0.914088 0.017562
    outer loop
      vertex 0.5373 14.2084 2.5000
      vertex 0.5985 14.1812 2.5000
      vertex 0.8305 14.0880 3.0000
    endloop
  endfacet
  facet normal -0.403844 -0.914676 0.016663
    outer loop
      vertex 0.5373 14.2084 2.5000
      vertex 0.8305 14.0880 3.0000
      vertex 0.7692 14.1151 3.0000
    endloop
  endfacet
  facet normal -0.278987 -0.958999 -0.049881
    outer loop
      vertex 0.5985 14.1812 2.5000
      vertex 0.6629 14.1625 2.5000
      vertex 0.8947 14.0691 3.0000
    endloop
  endfacet
  facet normal -0.282916 -0.957977 -0.047324
    outer loop
      vertex 0.5985 14.1812 2.5000
      vertex 0.8947 14.0691 3.0000
      vertex 0.8305 14.0880 3.0000
    endloop
  endfacet
  facet normal -0.147445 -0.982189 -0.116471
    outer loop
      vertex 0.6629 14.1625 2.5000
      vertex 0.7291 14.1526 2.5000
      vertex 0.9607 14.0585 3.0000
    endloop
  endfacet
  facet normal -0.156816 -0.981401 -0.110724
    outer loop
      vertex 0.6629 14.1625 2.5000
      vertex 0.9607 14.0585 3.0000
      vertex 0.8947 14.0691 3.0000
    endloop
  endfacet
  facet normal -0.014667 -0.983537 -0.180112
    outer loop
      vertex 0.7291 14.1526 2.5000
      vertex 0.7961 14.1516 2.5000
      vertex 1.0273 14.0566 3.0000
    endloop
  endfacet
  facet normal -0.028792 -0.984692 -0.171909
    outer loop
      vertex 0.7291 14.1526 2.5000
      vertex 1.0273 14.0566 3.0000
      vertex 0.9607 14.0585 3.0000
    endloop
  endfacet
  facet normal 0.115457 -0.964140 -0.238962
    outer loop
      vertex 0.7961 14.1516 2.5000
      vertex 0.8626 14.1595 2.5000
      vertex 1.0933 14.0632 3.0000
    endloop
  endfacet
  facet normal 0.098035 -0.968393 -0.229357
    outer loop
      vertex 0.7961 14.1516 2.5000
      vertex 1.0933 14.0632 3.0000
      vertex 1.0273 14.0566 3.0000
    endloop
  endfacet
  facet normal 0.239689 -0.926025 -0.291592
    outer loop
      vertex 0.8626 14.1595 2.5000
      vertex 0.9275 14.1763 2.5000
      vertex 1.1575 14.0784 3.0000
    endloop
  endfacet
  facet normal 0.220889 -0.933715 -0.281751
    outer loop
      vertex 0.8626 14.1595 2.5000
      vertex 1.1575 14.0784 3.0000
      vertex 1.0933 14.0632 3.0000
    endloop
  endfacet
  facet normal 0.296123 -0.892608 -0.339944
    outer loop
      vertex 0.9275 14.1763 2.5000
      vertex 1.5780 14.3921 2.5000
      vertex 1.7989 14.2750 3.0000
    endloop
  endfacet
  facet normal 0.278923 -0.910081 -0.306520
    outer loop
      vertex 0.9275 14.1763 2.5000
      vertex 1.7989 14.2750 3.0000
      vertex 1.1575 14.0784 3.0000
    endloop
  endfacet
  facet normal 0.308626 -0.886532 -0.344689
    outer loop
      vertex 1.5780 14.3921 2.5000
      vertex 1.5919 14.3970 2.5000
      vertex 1.8125 14.2794 3.0000
    endloop
  endfacet
  facet normal 0.288034 -0.896277 -0.337230
    outer loop
      vertex 1.5780 14.3921 2.5000
      vertex 1.8125 14.2794 3.0000
      vertex 1.7989 14.2750 3.0000
    endloop
  endfacet
  facet normal 0.315274 -0.864540 -0.391372
    outer loop
      vertex 1.5919 14.3970 2.5000
      vertex 2.6281 14.7748 2.5000
      vertex 2.8244 14.6201 3.0000
    endloop
  endfacet
  facet normal 0.299889 -0.890640 -0.341800
    outer loop
      vertex 1.5919 14.3970 2.5000
      vertex 2.8244 14.6201 3.0000
      vertex 1.8125 14.2794 3.0000
    endloop
  endfacet
  facet normal 0.284684 -0.878321 -0.384067
    outer loop
      vertex 2.6281 14.7748 2.5000
      vertex 2.6373 14.7778 2.5000
      vertex 2.8333 14.6227 3.0000
    endloop
  endfacet
  facet normal 0.262620 -0.887819 -0.377899
    outer loop
      vertex 2.6281 14.7748 2.5000
      vertex 2.8333 14.6227 3.0000
      vertex 2.8244 14.6201 3.0000
    endloop
  endfacet
  facet normal 0.189727 -0.913890 -0.358900
    outer loop
      vertex 2.6373 14.7778 2.5000
      vertex 2.6578 14.7821 2.5000
      vertex 2.8534 14.6263 3.0000
    endloop
  endfacet
  facet normal 0.165158 -0.921816 -0.350683
    outer loop
      vertex 2.6373 14.7778 2.5000
      vertex 2.8534 14.6263 3.0000
      vertex 2.8333 14.6227 3.0000
    endloop
  endfacet
  facet normal 0.056579 -0.946496 -0.317717
    outer loop
      vertex 2.6578 14.7821 2.5000
      vertex 2.6721 14.7829 2.5000
      vertex 2.8674 14.6268 3.0000
    endloop
  endfacet
  facet normal 0.030568 -0.950841 -0.308166
    outer loop
      vertex 2.6578 14.7821 2.5000
      vertex 2.8674 14.6268 3.0000
      vertex 2.8534 14.6263 3.0000
    endloop
  endfacet
  facet normal -0.082047 -0.959713 -0.268735
    outer loop
      vertex 2.6721 14.7829 2.5000
      vertex 2.6931 14.7811 2.5000
      vertex 2.8879 14.6245 3.0000
    endloop
  endfacet
  facet normal -0.106837 -0.960170 -0.258183
    outer loop
      vertex 2.6721 14.7829 2.5000
      vertex 2.8879 14.6245 3.0000
      vertex 2.8674 14.6268 3.0000
    endloop
  endfacet
  facet normal -0.187792 -0.955691 -0.226692
    outer loop
      vertex 2.6931 14.7811 2.5000
      vertex 2.7025 14.7793 2.5000
      vertex 2.8972 14.6224 3.0000
    endloop
  endfacet
  facet normal -0.209885 -0.953357 -0.216932
    outer loop
      vertex 2.6931 14.7811 2.5000
      vertex 2.8972 14.6224 3.0000
      vertex 2.8879 14.6245 3.0000
    endloop
  endfacet
  facet normal -0.221049 -0.942913 -0.249105
    outer loop
      vertex 2.7025 14.7793 2.5000
      vertex 3.5038 14.5915 2.5000
      vertex 3.6831 14.4173 3.0000
    endloop
  endfacet
  facet normal -0.247380 -0.947835 -0.201028
    outer loop
      vertex 2.7025 14.7793 2.5000
      vertex 3.6831 14.4173 3.0000
      vertex 2.8972 14.6224 3.0000
    endloop
  endfacet
  facet normal -0.256432 -0.937544 -0.235061
    outer loop
      vertex 3.5038 14.5915 2.5000
      vertex 3.5132 14.5889 2.5000
      vertex 3.6923 14.4145 3.0000
    endloop
  endfacet
  facet normal -0.283214 -0.932711 -0.223251
    outer loop
      vertex 3.5038 14.5915 2.5000
      vertex 3.6923 14.4145 3.0000
      vertex 3.6831 14.4173 3.0000
    endloop
  endfacet
  facet normal -0.361551 -0.912840 -0.189746
    outer loop
      vertex 3.5132 14.5889 2.5000
      vertex 3.5329 14.5810 2.5000
      vertex 3.7117 14.4063 3.0000
    endloop
  endfacet
  facet normal -0.383583 -0.906086 -0.178531
    outer loop
      vertex 3.5132 14.5889 2.5000
      vertex 3.7117 14.4063 3.0000
      vertex 3.6923 14.4145 3.0000
    endloop
  endfacet
  facet normal -0.496500 -0.859247 -0.123214
    outer loop
      vertex 3.5329 14.5810 2.5000
      vertex 3.5455 14.5738 2.5000
      vertex 3.7241 14.3989 3.0000
    endloop
  endfacet
  facet normal -0.510453 -0.852142 -0.115290
    outer loop
      vertex 3.5329 14.5810 2.5000
      vertex 3.7241 14.3989 3.0000
      vertex 3.7117 14.4063 3.0000
    endloop
  endfacet
  facet normal -0.620768 -0.782256 -0.052176
    outer loop
      vertex 3.5455 14.5738 2.5000
      vertex 3.5622 14.5606 2.5000
      vertex 3.7407 14.3855 3.0000
    endloop
  endfacet
  facet normal -0.626191 -0.778159 -0.048516
    outer loop
      vertex 3.5455 14.5738 2.5000
      vertex 3.7407 14.3855 3.0000
      vertex 3.7241 14.3989 3.0000
    endloop
  endfacet
  facet normal -0.703941 -0.710253 0.002731
    outer loop
      vertex 3.5622 14.5606 2.5000
      vertex 3.5691 14.5537 2.5000
      vertex 3.7476 14.3787 3.0000
    endloop
  endfacet
  facet normal -0.703686 -0.710507 0.002544
    outer loop
      vertex 3.5622 14.5606 2.5000
      vertex 3.7476 14.3787 3.0000
      vertex 3.7407 14.3855 3.0000
    endloop
  endfacet
  facet normal -0.729270 -0.683691 0.027045
    outer loop
      vertex 3.5691 14.5537 2.5000
      vertex 4.1423 13.9423 2.5000
      vertex 4.3229 13.7694 3.0000
    endloop
  endfacet
  facet normal -0.726959 -0.686410 0.019295
    outer loop
      vertex 3.5691 14.5537 2.5000
      vertex 4.3229 13.7694 3.0000
      vertex 3.7476 14.3787 3.0000
    endloop
  endfacet
  facet normal -0.750442 -0.659524 0.043172
    outer loop
      vertex 4.1423 13.9423 2.5000
      vertex 4.1480 13.9358 2.5000
      vertex 4.3286 13.7630 3.0000
    endloop
  endfacet
  facet normal -0.745729 -0.665082 0.039423
    outer loop
      vertex 4.1423 13.9423 2.5000
      vertex 4.3286 13.7630 3.0000
      vertex 4.3229 13.7694 3.0000
    endloop
  endfacet
  facet normal -0.807839 -0.582310 0.091165
    outer loop
      vertex 4.1480 13.9358 2.5000
      vertex 4.1589 13.9207 2.5000
      vertex 4.3397 13.7481 3.0000
    endloop
  endfacet
  facet normal -0.799384 -0.595039 0.083143
    outer loop
      vertex 4.1480 13.9358 2.5000
      vertex 4.3397 13.7481 3.0000
      vertex 4.3286 13.7630 3.0000
    endloop
  endfacet
  facet normal -0.869156 -0.470295 0.152940
    outer loop
      vertex 4.1589 13.9207 2.5000
      vertex 4.1678 13.9043 2.5000
      vertex 4.3489 13.7320 3.0000
    endloop
  endfacet
  facet normal -0.858579 -0.493108 0.140312
    outer loop
      vertex 4.1589 13.9207 2.5000
      vertex 4.3489 13.7320 3.0000
      vertex 4.3397 13.7481 3.0000
    endloop
  endfacet
  facet normal -0.903287 -0.381415 0.196458
    outer loop
      vertex 4.1678 13.9043 2.5000
      vertex 4.1711 13.8964 2.5000
      vertex 4.3525 13.7244 3.0000
    endloop
  endfacet
  facet normal -0.893161 -0.411280 0.181970
    outer loop
      vertex 4.1678 13.9043 2.5000
      vertex 4.3525 13.7244 3.0000
      vertex 4.3489 13.7320 3.0000
    endloop
  endfacet
  facet normal -0.893763 -0.343981 0.287862
    outer loop
      vertex 4.1711 13.8964 2.5000
      vertex 4.5163 12.9994 2.5000
      vertex 4.7283 12.8670 3.0000
    endloop
  endfacet
  facet normal -0.899086 -0.394120 0.190562
    outer loop
      vertex 4.1711 13.8964 2.5000
      vertex 4.7283 12.8670 3.0000
      vertex 4.3525 13.7244 3.0000
    endloop
  endfacet
  facet normal -0.900882 -0.313882 0.299816
    outer loop
      vertex 4.5163 12.9994 2.5000
      vertex 4.5191 12.9913 2.5000
      vertex 4.7315 12.8594 3.0000
    endloop
  endfacet
  facet normal -0.886032 -0.371573 0.277273
    outer loop
      vertex 4.5163 12.9994 2.5000
      vertex 4.7315 12.8594 3.0000
      vertex 4.7283 12.8670 3.0000
    endloop
  endfacet
  facet normal -0.916134 -0.223096 0.333057
    outer loop
      vertex 4.5191 12.9913 2.5000
      vertex 4.5249 12.9675 2.5000
      vertex 4.7384 12.8374 3.0000
    endloop
  endfacet
  facet normal -0.907204 -0.283964 0.310394
    outer loop
      vertex 4.5191 12.9913 2.5000
      vertex 4.7384 12.8374 3.0000
      vertex 4.7315 12.8594 3.0000
    endloop
  endfacet
  facet normal -0.923253 -0.132439 0.360645
    outer loop
      vertex 4.5249 12.9675 2.5000
      vertex 4.5261 12.9590 2.5000
      vertex 4.7400 12.8296 3.0000
    endloop
  endfacet
  facet normal -0.919531 -0.193085 0.342317
    outer loop
      vertex 4.5249 12.9675 2.5000
      vertex 4.7400 12.8296 3.0000
      vertex 4.7384 12.8374 3.0000
    endloop
  endfacet
  facet normal -0.890291 -0.098640 0.444580
    outer loop
      vertex 4.5261 12.9590 2.5000
      vertex 4.6415 11.9179 2.5000
      vertex 4.8915 11.9151 3.0000
    endloop
  endfacet
  facet normal -0.922309 -0.152762 0.354980
    outer loop
      vertex 4.5261 12.9590 2.5000
      vertex 4.8915 11.9151 3.0000
      vertex 4.7400 12.8296 3.0000
    endloop
  endfacet
  facet normal -0.892074 -0.073996 0.445789
    outer loop
      vertex 4.6415 11.9179 2.5000
      vertex 4.6421 11.9106 2.5000
      vertex 4.8921 11.9089 3.0000
    endloop
  endfacet
  facet normal -0.891110 -0.088651 0.445044
    outer loop
      vertex 4.6415 11.9179 2.5000
      vertex 4.8921 11.9089 3.0000
      vertex 4.8915 11.9151 3.0000
    endloop
  endfacet
  facet normal -0.894431 0.000000 0.447206
    outer loop
      vertex 4.6421 11.9106 2.5000
      vertex 4.6421 11.8894 2.5000
      vertex 4.8921 11.8911 3.0000
    endloop
  endfacet
  facet normal -0.894431 0.000000 0.447206
    outer loop
      vertex 4.6421 11.9106 2.5000
      vertex 4.8921 11.8911 3.0000
      vertex 4.8921 11.9089 3.0000
    endloop
  endfacet
  facet normal -0.892147 0.074002 0.445642
    outer loop
      vertex 4.6421 11.8894 2.5000
      vertex 4.6415 11.8821 2.5000
      vertex 4.8915 11.8849 3.0000
    endloop
  endfacet
  facet normal -0.891024 0.088642 0.445217
    outer loop
      vertex 4.6421 11.8894 2.5000
      vertex 4.8915 11.8849 3.0000
      vertex 4.8921 11.8911 3.0000
    endloop
  endfacet
  facet normal -0.923893 0.102363 0.368705
    outer loop
      vertex 4.6415 11.8821 2.5000
      vertex 4.5261 10.8410 2.5000
      vertex 4.7400 10.9704 3.0000
    endloop
  endfacet
  facet normal -0.885095 0.146598 0.441720
    outer loop
      vertex 4.6415 11.8821 2.5000
      vertex 4.7400 10.9704 3.0000
      vertex 4.8915 11.8849 3.0000
    endloop
  endfacet
  facet normal -0.923570 0.132485 0.359814
    outer loop
      vertex 4.5261 10.8410 2.5000
      vertex 4.5249 10.8325 2.5000
      vertex 4.7384 10.9626 3.0000
    endloop
  endfacet
  facet normal -0.919205 0.193017 0.343231
    outer loop
      vertex 4.5261 10.8410 2.5000
      vertex 4.7384 10.9626 3.0000
      vertex 4.7400 10.9704 3.0000
    endloop
  endfacet
  facet normal -0.916989 0.223304 0.330554
    outer loop
      vertex 4.5249 10.8325 2.5000
      vertex 4.5191 10.8087 2.5000
      vertex 4.7315 10.9406 3.0000
    endloop
  endfacet
  facet normal -0.906354 0.283698 0.313109
    outer loop
      vertex 4.5249 10.8325 2.5000
      vertex 4.7315 10.9406 3.0000
      vertex 4.7384 10.9626 3.0000
    endloop
  endfacet
  facet normal -0.901141 0.313972 0.298941
    outer loop
      vertex 4.5191 10.8087 2.5000
      vertex 4.5163 10.8006 2.5000
      vertex 4.7283 10.9330 3.0000
    endloop
  endfacet
  facet normal -0.885783 0.371468 0.278209
    outer loop
      vertex 4.5191 10.8087 2.5000
      vertex 4.7283 10.9330 3.0000
      vertex 4.7315 10.9406 3.0000
    endloop
  endfacet
  facet normal -0.912420 0.351162 0.210180
    outer loop
      vertex 4.5163 10.8006 2.5000
      vertex 4.1711 9.9036 2.5000
      vertex 4.3525 10.0756 3.0000
    endloop
  endfacet
  facet normal -0.881489 0.386406 0.271417
    outer loop
      vertex 4.5163 10.8006 2.5000
      vertex 4.3525 10.0756 3.0000
      vertex 4.7283 10.9330 3.0000
    endloop
  endfacet
  facet normal -0.903381 0.381454 0.195949
    outer loop
      vertex 4.1711 9.9036 2.5000
      vertex 4.1678 9.8957 2.5000
      vertex 4.3489 10.0680 3.0000
    endloop
  endfacet
  facet normal -0.893073 0.411239 0.182490
    outer loop
      vertex 4.1711 9.9036 2.5000
      vertex 4.3489 10.0680 3.0000
      vertex 4.3525 10.0756 3.0000
    endloop
  endfacet
  facet normal -0.869279 0.470362 0.152034
    outer loop
      vertex 4.1678 9.8957 2.5000
      vertex 4.1589 9.8793 2.5000
      vertex 4.3397 10.0519 3.0000
    endloop
  endfacet
  facet normal -0.858466 0.493043 0.141230
    outer loop
      vertex 4.1678 9.8957 2.5000
      vertex 4.3397 10.0519 3.0000
      vertex 4.3489 10.0680 3.0000
    endloop
  endfacet
  facet normal -0.807881 0.582340 0.090602
    outer loop
      vertex 4.1589 9.8793 2.5000
      vertex 4.1480 9.8642 2.5000
      vertex 4.3286 10.0370 3.0000
    endloop
  endfacet
  facet normal -0.799346 0.595011 0.083709
    outer loop
      vertex 4.1589 9.8793 2.5000
      vertex 4.3286 10.0370 3.0000
      vertex 4.3397 10.0519 3.0000
    endloop
  endfacet
  facet normal -0.750446 0.659528 0.043048
    outer loop
      vertex 4.1480 9.8642 2.5000
      vertex 4.1423 9.8577 2.5000
      vertex 4.3229 10.0306 3.0000
    endloop
  endfacet
  facet normal -0.745725 0.665079 0.039548
    outer loop
      vertex 4.1480 9.8642 2.5000
      vertex 4.3229 10.0306 3.0000
      vertex 4.3286 10.0370 3.0000
    endloop
  endfacet
  facet normal -0.729375 0.683789 0.021075
    outer loop
      vertex 4.1423 9.8577 2.5000
      vertex 3.5691 9.2463 2.5000
      vertex 3.7476 9.4213 3.0000
    endloop
  endfacet
  facet normal -0.726862 0.686318 0.025267
    outer loop
      vertex 4.1423 9.8577 2.5000
      vertex 3.7476 9.4213 3.0000
      vertex 4.3229 10.0306 3.0000
    endloop
  endfacet
  facet normal -0.703941 0.710253 0.002724
    outer loop
      vertex 3.5691 9.2463 2.5000
      vertex 3.5622 9.2394 2.5000
      vertex 3.7407 9.4145 3.0000
    endloop
  endfacet
  facet normal -0.703686 0.710507 0.002551
    outer loop
      vertex 3.5691 9.2463 2.5000
      vertex 3.7407 9.4145 3.0000
      vertex 3.7476 9.4213 3.0000
    endloop
  endfacet
  facet normal -0.620777 0.782268 -0.051888
    outer loop
      vertex 3.5622 9.2394 2.5000
      vertex 3.5455 9.2262 2.5000
      vertex 3.7241 9.4011 3.0000
    endloop
  endfacet
  facet normal -0.626182 0.778148 -0.048804
    outer loop
      vertex 3.5622 9.2394 2.5000
      vertex 3.7241 9.4011 3.0000
      vertex 3.7407 9.4145 3.0000
    endloop
  endfacet
  facet normal -0.496528 0.859295 -0.122769
    outer loop
      vertex 3.5455 9.2262 2.5000
      vertex 3.5329 9.2190 2.5000
      vertex 3.7117 9.3937 3.0000
    endloop
  endfacet
  facet normal -0.510426 0.852097 -0.115738
    outer loop
      vertex 3.5455 9.2262 2.5000
      vertex 3.7117 9.3937 3.0000
      vertex 3.7241 9.4011 3.0000
    endloop
  endfacet
  facet normal -0.361618 0.913007 -0.188815
    outer loop
      vertex 3.5329 9.2190 2.5000
      vertex 3.5132 9.2111 2.5000
      vertex 3.6923 9.3855 3.0000
    endloop
  endfacet
  facet normal -0.383516 0.905927 -0.179476
    outer loop
      vertex 3.5329 9.2190 2.5000
      vertex 3.6923 9.3855 3.0000
      vertex 3.7117 9.3937 3.0000
    endloop
  endfacet
  facet normal -0.256463 0.937658 -0.234570
    outer loop
      vertex 3.5132 9.2111 2.5000
      vertex 3.5038 9.2085 2.5000
      vertex 3.6831 9.3827 3.0000
    endloop
  endfacet
  facet normal -0.283180 0.932600 -0.223753
    outer loop
      vertex 3.5132 9.2111 2.5000
      vertex 3.6831 9.3827 3.0000
      vertex 3.6923 9.3855 3.0000
    endloop
  endfacet
  facet normal -0.223073 0.951546 -0.211656
    outer loop
      vertex 3.5038 9.2085 2.5000
      vertex 2.7025 9.0207 2.5000
      vertex 2.8972 9.1776 3.0000
    endloop
  endfacet
  facet normal -0.245201 0.939488 -0.239247
    outer loop
      vertex 3.5038 9.2085 2.5000
      vertex 2.8972 9.1776 3.0000
      vertex 3.6831 9.3827 3.0000
    endloop
  endfacet
  facet normal -0.187810 0.955782 -0.226293
    outer loop
      vertex 2.7025 9.0207 2.5000
      vertex 2.6931 9.0189 2.5000
      vertex 2.8879 9.1755 3.0000
    endloop
  endfacet
  facet normal -0.209866 0.953268 -0.217338
    outer loop
      vertex 2.7025 9.0207 2.5000
      vertex 2.8879 9.1755 3.0000
      vertex 2.8972 9.1776 3.0000
    endloop
  endfacet
  facet normal -0.082070 0.959975 -0.267792
    outer loop
      vertex 2.6931 9.0189 2.5000
      vertex 2.6721 9.0171 2.5000
      vertex 2.8674 9.1732 3.0000
    endloop
  endfacet
  facet normal -0.106808 0.959913 -0.259150
    outer loop
      vertex 2.6931 9.0189 2.5000
      vertex 2.8674 9.1732 3.0000
      vertex 2.8879 9.1755 3.0000
    endloop
  endfacet
  facet normal 0.056592 0.946716 -0.317059
    outer loop
      vertex 2.6721 9.0171 2.5000
      vertex 2.6578 9.0179 2.5000
      vertex 2.8534 9.1737 3.0000
    endloop
  endfacet
  facet normal 0.030561 0.950621 -0.308846
    outer loop
      vertex 2.6721 9.0171 2.5000
      vertex 2.8534 9.1737 3.0000
      vertex 2.8674 9.1732 3.0000
    endloop
  endfacet
  facet normal 0.189798 0.914231 -0.357993
    outer loop
      vertex 2.6578 9.0179 2.5000
      vertex 2.6373 9.0222 2.5000
      vertex 2.8333 9.1773 3.0000
    endloop
  endfacet
  facet normal 0.165095 0.921467 -0.351628
    outer loop
      vertex 2.6578 9.0179 2.5000
      vertex 2.8333 9.1773 3.0000
      vertex 2.8534 9.1737 3.0000
    endloop
  endfacet
  facet normal 0.284732 0.878470 -0.383690
    outer loop
      vertex 2.6373 9.0222 2.5000
      vertex 2.6281 9.0252 2.5000
      vertex 2.8244 9.1799 3.0000
    endloop
  endfacet
  facet normal 0.262574 0.887664 -0.378294
    outer loop
      vertex 2.6373 9.0222 2.5000
      vertex 2.8244 9.1799 3.0000
      vertex 2.8333 9.1773 3.0000
    endloop
  endfacet
  facet normal 0.321090 0.880490 -0.348767
    outer loop
      vertex 2.6281 9.0252 2.5000
      vertex 1.5919 9.4030 2.5000
      vertex 1.8125 9.5206 3.0000
    endloop
  endfacet
  facet normal 0.294357 0.874209 -0.386151
    outer loop
      vertex 2.6281 9.0252 2.5000
      vertex 1.8125 9.5206 3.0000
      vertex 2.8244 9.1799 3.0000
    endloop
  endfacet
  facet normal 0.308695 0.886730 -0.344119
    outer loop
      vertex 1.5919 9.4030 2.5000
      vertex 1.5780 9.4079 2.5000
      vertex 1.7989 9.5250 3.0000
    endloop
  endfacet
  facet normal 0.287970 0.896076 -0.337820
    outer loop
      vertex 1.5919 9.4030 2.5000
      vertex 1.7989 9.5250 3.0000
      vertex 1.8125 9.5206 3.0000
    endloop
  endfacet
  facet normal 0.298952 0.901134 -0.313983
    outer loop
      vertex 1.5780 9.4079 2.5000
      vertex 0.9275 9.6237 2.5000
      vertex 1.1575 9.7216 3.0000
    endloop
  endfacet
  facet normal 0.276278 0.901451 -0.333250
    outer loop
      vertex 1.5780 9.4079 2.5000
      vertex 1.1575 9.7216 3.0000
      vertex 1.7989 9.5250 3.0000
    endloop
  endfacet
  facet normal 0.239874 0.926738 -0.289167
    outer loop
      vertex 0.9275 9.6237 2.5000
      vertex 0.8626 9.6405 2.5000
      vertex 1.0933 9.7368 3.0000
    endloop
  endfacet
  facet normal 0.220721 0.933003 -0.284231
    outer loop
      vertex 0.9275 9.6237 2.5000
      vertex 1.0933 9.7368 3.0000
      vertex 1.1575 9.7216 3.0000
    endloop
  endfacet
  facet normal 0.115521 0.964681 -0.236739
    outer loop
      vertex 0.8626 9.6405 2.5000
      vertex 0.7961 9.6484 2.5000
      vertex 1.0273 9.7434 3.0000
    endloop
  endfacet
  facet normal 0.097981 0.967860 -0.231616
    outer loop
      vertex 0.8626 9.6405 2.5000
      vertex 1.0273 9.7434 3.0000
      vertex 1.0933 9.7368 3.0000
    endloop
  endfacet
  facet normal -0.014672 0.983868 -0.178295
    outer loop
      vertex 0.7961 9.6484 2.5000
      vertex 0.7291 9.6474 2.5000
      vertex 0.9607 9.7415 3.0000
    endloop
  endfacet
  facet normal -0.028783 0.984370 -0.173742
    outer loop
      vertex 0.7961 9.6484 2.5000
      vertex 0.9607 9.7415 3.0000
      vertex 1.0273 9.7434 3.0000
    endloop
  endfacet
  facet normal -0.147466 0.982331 -0.115234
    outer loop
      vertex 0.7291 9.6474 2.5000
      vertex 0.6629 9.6375 2.5000
      vertex 0.8947 9.7309 3.0000
    endloop
  endfacet
  facet normal -0.156794 0.981264 -0.111966
    outer loop
      vertex 0.7291 9.6474 2.5000
      vertex 0.8947 9.7309 3.0000
      vertex 0.9607 9.7415 3.0000
    endloop
  endfacet
  facet normal -0.278994 0.959025 -0.049338
    outer loop
      vertex 0.6629 9.6375 2.5000
      vertex 0.5985 9.6188 2.5000
      vertex 0.8305 9.7120 3.0000
    endloop
  endfacet
  facet normal -0.282908 0.957952 -0.047866
    outer loop
      vertex 0.6629 9.6375 2.5000
      vertex 0.8305 9.7120 3.0000
      vertex 0.8947 9.7309 3.0000
    endloop
  endfacet
  facet normal -0.405137 0.914091 0.017372
    outer loop
      vertex 0.5985 9.6188 2.5000
      vertex 0.5373 9.5916 2.5000
      vertex 0.7692 9.6849 3.0000
    endloop
  endfacet
  facet normal -0.403843 0.914673 0.016853
    outer loop
      vertex 0.5985 9.6188 2.5000
      vertex 0.7692 9.6849 3.0000
      vertex 0.8305 9.7120 3.0000
    endloop
  endfacet
  facet normal -0.521986 0.848921 0.082851
    outer loop
      vertex 0.5373 9.5916 2.5000
      vertex 0.4802 9.5565 2.5000
      vertex 0.7120 9.6502 3.0000
    endloop
  endfacet
  facet normal -0.516444 0.852530 0.080491
    outer loop
      vertex 0.5373 9.5916 2.5000
      vertex 0.7120 9.6502 3.0000
      vertex 0.7692 9.6849 3.0000
    endloop
  endfacet
  facet normal -0.575988 0.809652 0.112703
    outer loop
      vertex 0.4802 9.5565 2.5000
      vertex 0.3622 9.4726 2.5000
      vertex 0.5935 9.5675 3.0000
    endloop
  endfacet
  facet normal -0.568912 0.814875 0.110984
    outer loop
      vertex 0.4802 9.5565 2.5000
      vertex 0.5935 9.5675 3.0000
      vertex 0.7120 9.6502 3.0000
    endloop
  endfacet
  facet normal -0.630054 0.762888 0.145030
    outer loop
      vertex 0.3622 9.4726 2.5000
      vertex 0.3068 9.4268 2.5000
      vertex 0.5377 9.5225 3.0000
    endloop
  endfacet
  facet normal -0.621954 0.770170 0.141460
    outer loop
      vertex 0.3622 9.4726 2.5000
      vertex 0.5377 9.5225 3.0000
      vertex 0.5935 9.5675 3.0000
    endloop
  endfacet
  facet normal -0.724786 0.657161 0.206939
    outer loop
      vertex 0.3068 9.4268 2.5000
      vertex 0.2585 9.3735 2.5000
      vertex 0.4890 9.4703 3.0000
    endloop
  endfacet
  facet normal -0.715567 0.668521 0.202591
    outer loop
      vertex 0.3068 9.4268 2.5000
      vertex 0.4890 9.4703 3.0000
      vertex 0.5377 9.5225 3.0000
    endloop
  endfacet
  facet normal -0.800484 0.538909 0.262304
    outer loop
      vertex 0.2585 9.3735 2.5000
      vertex 0.2183 9.3139 2.5000
      vertex 0.4482 9.4120 3.0000
    endloop
  endfacet
  facet normal -0.791827 0.553629 0.257885
    outer loop
      vertex 0.2585 9.3735 2.5000
      vertex 0.4482 9.4120 3.0000
      vertex 0.4890 9.4703 3.0000
    endloop
  endfacet
  facet normal -0.856565 0.412249 0.310399
    outer loop
      vertex 0.2183 9.3139 2.5000
      vertex 0.1871 9.2491 2.5000
      vertex 0.4163 9.3488 3.0000
    endloop
  endfacet
  facet normal -0.849697 0.429035 0.306504
    outer loop
      vertex 0.2183 9.3139 2.5000
      vertex 0.4163 9.3488 3.0000
      vertex 0.4482 9.4120 3.0000
    endloop
  endfacet
  facet normal -0.893288 0.280825 0.350961
    outer loop
      vertex 0.1871 9.2491 2.5000
      vertex 0.1655 9.1804 2.5000
      vertex 0.3939 9.2821 3.0000
    endloop
  endfacet
  facet normal -0.888847 0.298093 0.347983
    outer loop
      vertex 0.1871 9.2491 2.5000
      vertex 0.3939 9.2821 3.0000
      vertex 0.4163 9.3488 3.0000
    endloop
  endfacet
  facet normal -0.911368 0.215896 0.350424
    outer loop
      vertex 0.1655 9.1804 2.5000
      vertex 0.0133 8.5378 2.5000
      vertex 0.2336 8.6560 3.0000
    endloop
  endfacet
  facet normal -0.901882 0.231034 0.365010
    outer loop
      vertex 0.1655 9.1804 2.5000
      vertex 0.2336 8.6560 3.0000
      vertex 0.3939 9.2821 3.0000
    endloop
  endfacet
  facet normal -0.917744 0.155500 0.365466
    outer loop
      vertex 0.0133 8.5378 2.5000
      vertex 0.0025 8.4740 2.5000
      vertex 0.2219 8.5938 3.0000
    endloop
  endfacet
  facet normal -0.915891 0.171630 0.362886
    outer loop
      vertex 0.0133 8.5378 2.5000
      vertex 0.2219 8.5938 3.0000
      vertex 0.2336 8.6560 3.0000
    endloop
  endfacet
  facet normal -0.918883 0.035230 0.392953
    outer loop
      vertex 0.0025 8.4740 2.5000
      vertex 0.0000 8.4093 2.5000
      vertex 0.2185 8.5308 3.0000
    endloop
  endfacet
  facet normal -0.918911 0.049803 0.391308
    outer loop
      vertex 0.0025 8.4740 2.5000
      vertex 0.2185 8.5308 3.0000
      vertex 0.2219 8.5938 3.0000
    endloop
  endfacet
  facet normal -0.925858 -0.024486 0.377079
    outer loop
      vertex 0.0000 8.4093 2.5000
      vertex 0.0321 7.1949 2.5000
      vertex 0.2318 7.3453 3.0000
    endloop
  endfacet
  facet normal -0.915373 -0.010267 0.402476
    outer loop
      vertex 0.0000 8.4093 2.5000
      vertex 0.2318 7.3453 3.0000
      vertex 0.2185 8.5308 3.0000
    endloop
  endfacet
  facet normal -0.918225 -0.077407 0.388422
    outer loop
      vertex 0.0321 7.1949 2.5000
      vertex 0.0370 7.1374 2.5000
      vertex 0.2357 7.2891 3.0000
    endloop
  endfacet
  facet normal -0.920028 -0.063895 0.386609
    outer loop
      vertex 0.0321 7.1949 2.5000
      vertex 0.2357 7.2891 3.0000
      vertex 0.2318 7.3453 3.0000
    endloop
  endfacet
  facet normal -0.921069 -0.131455 0.366540
    outer loop
      vertex 0.0370 7.1374 2.5000
      vertex 0.2517 5.6330 2.5000
      vertex 0.4249 5.8132 3.0000
    endloop
  endfacet
  facet normal -0.910282 -0.116720 0.397193
    outer loop
      vertex 0.0370 7.1374 2.5000
      vertex 0.4249 5.8132 3.0000
      vertex 0.2357 7.2891 3.0000
    endloop
  endfacet
  facet normal -0.913691 -0.160154 0.373522
    outer loop
      vertex 0.2517 5.6330 2.5000
      vertex 0.2572 5.6017 2.5000
      vertex 0.4299 5.7825 3.0000
    endloop
  endfacet
  facet normal -0.916880 -0.147549 0.370890
    outer loop
      vertex 0.2517 5.6330 2.5000
      vertex 0.4299 5.7825 3.0000
      vertex 0.4249 5.8132 3.0000
    endloop
  endfacet
  facet normal -0.918553 -0.191252 0.345953
    outer loop
      vertex 0.2572 5.6017 2.5000
      vertex 0.5901 4.0025 2.5000
      vertex 0.7362 4.2054 3.0000
    endloop
  endfacet
  facet normal -0.908904 -0.176541 0.377792
    outer loop
      vertex 0.2572 5.6017 2.5000
      vertex 0.7362 4.2054 3.0000
      vertex 0.4299 5.7825 3.0000
    endloop
  endfacet
  facet normal -0.912720 -0.209110 0.351019
    outer loop
      vertex 0.5901 4.0025 2.5000
      vertex 0.5946 3.9831 2.5000
      vertex 0.7403 4.1862 3.0000
    endloop
  endfacet
  facet normal -0.916483 -0.197545 0.347901
    outer loop
      vertex 0.5901 4.0025 2.5000
      vertex 0.7403 4.1862 3.0000
      vertex 0.7362 4.2054 3.0000
    endloop
  endfacet
  facet normal -0.917542 -0.229564 0.324679
    outer loop
      vertex 0.5946 3.9831 2.5000
      vertex 0.9758 2.4594 2.5000
      vertex 1.0982 2.6774 3.0000
    endloop
  endfacet
  facet normal -0.910338 -0.215907 0.353086
    outer loop
      vertex 0.5946 3.9831 2.5000
      vertex 1.0982 2.6774 3.0000
      vertex 0.7403 4.1862 3.0000
    endloop
  endfacet
  facet normal -0.913032 -0.241695 0.328567
    outer loop
      vertex 0.9758 2.4594 2.5000
      vertex 0.9793 2.4462 2.5000
      vertex 1.1015 2.6643 3.0000
    endloop
  endfacet
  facet normal -0.916892 -0.231306 0.325279
    outer loop
      vertex 0.9758 2.4594 2.5000
      vertex 1.1015 2.6643 3.0000
      vertex 1.0982 2.6774 3.0000
    endloop
  endfacet
  facet normal -0.916397 -0.255990 0.307711
    outer loop
      vertex 0.9793 2.4462 2.5000
      vertex 1.3382 1.1614 2.5000
      vertex 1.4426 1.3885 3.0000
    endloop
  endfacet
  facet normal -0.912167 -0.243919 0.329326
    outer loop
      vertex 0.9793 2.4462 2.5000
      vertex 1.4426 1.3885 3.0000
      vertex 1.1015 2.6643 3.0000
    endloop
  endfacet
  facet normal -0.912898 -0.264689 0.310737
    outer loop
      vertex 1.3382 1.1614 2.5000
      vertex 1.3409 1.1520 2.5000
      vertex 1.4452 1.3791 3.0000
    endloop
  endfacet
  facet normal -0.916666 -0.255322 0.307464
    outer loop
      vertex 1.3382 1.1614 2.5000
      vertex 1.4452 1.3791 3.0000
      vertex 1.4426 1.3885 3.0000
    endloop
  endfacet
  facet normal -0.913748 -0.274675 0.299364
    outer loop
      vertex 1.3409 1.1520 2.5000
      vertex 1.5802 0.3561 2.5000
      vertex 1.6744 0.5876 3.0000
    endloop
  endfacet
  facet normal -0.913054 -0.264312 0.310598
    outer loop
      vertex 1.3409 1.1520 2.5000
      vertex 1.6744 0.5876 3.0000
      vertex 1.4452 1.3791 3.0000
    endloop
  endfacet
  facet normal -0.888311 -0.330261 0.319109
    outer loop
      vertex 1.5802 0.3561 2.5000
      vertex 1.6024 0.2962 2.5000
      vertex 1.6958 0.5281 3.0000
    endloop
  endfacet
  facet normal -0.892249 -0.321544 0.317021
    outer loop
      vertex 1.5802 0.3561 2.5000
      vertex 1.6958 0.5281 3.0000
      vertex 1.6744 0.5876 3.0000
    endloop
  endfacet
  facet normal -0.827533 -0.434857 0.355090
    outer loop
      vertex 1.6024 0.2962 2.5000
      vertex 1.6322 0.2396 2.5000
      vertex 1.7247 0.4719 3.0000
    endloop
  endfacet
  facet normal -0.832372 -0.426870 0.353466
    outer loop
      vertex 1.6024 0.2962 2.5000
      vertex 1.7247 0.4719 3.0000
      vertex 1.6958 0.5281 3.0000
    endloop
  endfacet
  facet normal -0.755594 -0.530021 0.384909
    outer loop
      vertex 1.6322 0.2396 2.5000
      vertex 1.6689 0.1873 2.5000
      vertex 1.7604 0.4199 3.0000
    endloop
  endfacet
  facet normal -0.760847 -0.523257 0.383816
    outer loop
      vertex 1.6322 0.2396 2.5000
      vertex 1.7604 0.4199 3.0000
      vertex 1.7247 0.4719 3.0000
    endloop
  endfacet
  facet normal -0.674233 -0.615123 0.408697
    outer loop
      vertex 1.6689 0.1873 2.5000
      vertex 1.7119 0.1401 2.5000
      vertex 1.8024 0.3732 3.0000
    endloop
  endfacet
  facet normal -0.679331 -0.609881 0.408110
    outer loop
      vertex 1.6689 0.1873 2.5000
      vertex 1.8024 0.3732 3.0000
      vertex 1.7604 0.4199 3.0000
    endloop
  endfacet
  facet normal -0.584946 -0.689794 0.426640
    outer loop
      vertex 1.7119 0.1401 2.5000
      vertex 1.7607 0.0988 2.5000
      vertex 1.8500 0.3323 3.0000
    endloop
  endfacet
  facet normal -0.589314 -0.686181 0.426457
    outer loop
      vertex 1.7119 0.1401 2.5000
      vertex 1.8500 0.3323 3.0000
      vertex 1.8024 0.3732 3.0000
    endloop
  endfacet
  facet normal -0.488991 -0.753813 0.438922
    outer loop
      vertex 1.7607 0.0988 2.5000
      vertex 1.8143 0.0640 2.5000
      vertex 1.9024 0.2979 3.0000
    endloop
  endfacet
  facet normal -0.492103 -0.751750 0.438983
    outer loop
      vertex 1.7607 0.0988 2.5000
      vertex 1.9024 0.2979 3.0000
      vertex 1.8500 0.3323 3.0000
    endloop
  endfacet
  facet normal -0.387419 -0.807008 0.445695
    outer loop
      vertex 1.8143 0.0640 2.5000
      vertex 1.8719 0.0363 2.5000
      vertex 1.9589 0.2707 3.0000
    endloop
  endfacet
  facet normal -0.388845 -0.806264 0.445800
    outer loop
      vertex 1.8143 0.0640 2.5000
      vertex 1.9589 0.2707 3.0000
      vertex 1.9024 0.2979 3.0000
    endloop
  endfacet
  facet normal -0.281126 -0.849187 0.447045
    outer loop
      vertex 1.8719 0.0363 2.5000
      vertex 1.9325 0.0163 2.5000
      vertex 2.0183 0.2511 3.0000
    endloop
  endfacet
  facet normal -0.280568 -0.849408 0.446976
    outer loop
      vertex 1.8719 0.0363 2.5000
      vertex 2.0183 0.2511 3.0000
      vertex 1.9589 0.2707 3.0000
    endloop
  endfacet
  facet normal -0.170918 -0.880085 0.442986
    outer loop
      vertex 1.9325 0.0163 2.5000
      vertex 1.9952 0.0041 2.5000
      vertex 2.0799 0.2393 3.0000
    endloop
  endfacet
  facet normal -0.168235 -0.880832 0.442529
    outer loop
      vertex 1.9325 0.0163 2.5000
      vertex 2.0799 0.2393 3.0000
      vertex 2.0183 0.2511 3.0000
    endloop
  endfacet
  facet normal -0.057581 -0.899333 0.433457
    outer loop
      vertex 1.9952 0.0041 2.5000
      vertex 2.0590 0.0000 2.5000
      vertex 2.1425 0.2356 3.0000
    endloop
  endfacet
  facet normal -0.052810 -0.900125 0.432419
    outer loop
      vertex 1.9952 0.0041 2.5000
      vertex 2.1425 0.2356 3.0000
      vertex 2.0799 0.2393 3.0000
    endloop
  endfacet
  facet normal 0.000000 -0.970412 0.241456
    outer loop
      vertex 2.0590 0.0000 2.5000
      vertex 27.0179 0.0000 2.5000
      vertex 26.8010 0.1244 3.0000
    endloop
  endfacet
  facet normal -0.004079 -0.904306 0.426866
    outer loop
      vertex 2.0590 0.0000 2.5000
      vertex 26.8010 0.1244 3.0000
      vertex 2.1425 0.2356 3.0000
    endloop
  endfacet
  facet normal 0.000000 0.000000 1.000000
    outer loop
      vertex 2.1425 0.2356 3.0000
      vertex 26.8010 0.1244 3.0000
      vertex 26.8661 0.1284 3.0000
    endloop
  endfacet
  facet normal 0.000000 0.000000 1.000000
    outer loop
      vertex 2.1425 0.2356 3.0000
      vertex 26.8661 0.1284 3.0000
      vertex 26.9300 0.1407 3.0000
    endloop
  endfacet
  facet normal 0.000000 0.000000 1.000000
    outer loop
      vertex 2.1425 0.2356 3.0000
      vertex 26.9300 0.1407 3.0000
      vertex 26.9917 0.1613 3.0000
    endloop
  endfacet
  facet normal 0.000000 0.000000 1.000000
    outer loop
      vertex 2.1425 0.2356 3.0000
      vertex 26.9917 0.1613 3.0000
      vertex 27.0501 0.1898 3.0000
    endloop
  endfacet
  facet normal 0.000000 0.000000 1.000000
    outer loop
      vertex 2.1425 0.2356 3.0000
      vertex 27.0501 0.1898 3.0000
      vertex 27.1042 0.2256 3.0000
    endloop
  endfacet
  facet normal -0.000000 0.000000 1.000000
    outer loop
      vertex 2.1425 0.2356 3.0000
      vertex 27.1042 0.2256 3.0000
      vertex 27.1530 0.2681 3.0000
    endloop
  endfacet
  facet normal 0.000000 0.000000 1.000000
    outer loop
      vertex 2.1425 0.2356 3.0000
      vertex 27.1530 0.2681 3.0000
      vertex 27.1958 0.3167 3.0000
    endloop
  endfacet
  facet normal 0.000000 0.000000 1.000000
    outer loop
      vertex 2.1425 0.2356 3.0000
      vertex 27.1958 0.3167 3.0000
      vertex 27.2318 0.3705 3.0000
    endloop
  endfacet
  facet normal 0.000000 0.000000 1.000000
    outer loop
      vertex 2.1425 0.2356 3.0000
      vertex 27.2318 0.3705 3.0000
      vertex 27.2604 0.4286 3.0000
    endloop
  endfacet
  facet normal 0.000000 0.000000 1.000000
    outer loop
      vertex 2.1425 0.2356 3.0000
      vertex 27.2604 0.4286 3.0000
      vertex 27.2812 0.4899 3.0000
    endloop
  endfacet
  facet normal 0.000000 0.000000 1.000000
    outer loop
      vertex 2.1425 0.2356 3.0000
      vertex 27.2812 0.4899 3.0000
      vertex 27.2936 0.5535 3.0000
    endloop
  endfacet
  facet normal 0.000000 0.000000 1.000000
    outer loop
      vertex 2.1425 0.2356 3.0000
      vertex 27.2936 0.5535 3.0000
      vertex 27.2976 0.6182 3.0000
    endloop
  endfacet
  facet normal 0.000000 0.000000 1.000000
    outer loop
      vertex 2.1425 0.2356 3.0000
      vertex 27.2976 0.6182 3.0000
      vertex 27.2976 23.1818 3.0000
    endloop
  endfacet
  facet normal 0.000000 0.000000 1.000000
    outer loop
      vertex 2.1425 0.2356 3.0000
      vertex 27.2976 23.1818 3.0000
      vertex 27.2936 23.2465 3.0000
    endloop
  endfacet
  facet normal 0.000000 0.000000 1.000000
    outer loop
      vertex 2.1425 0.2356 3.0000
      vertex 27.2936 23.2465 3.0000
      vertex 27.2812 23.3101 3.0000
    endloop
  endfacet
  facet normal 0.000000 0.000000 1.000000
    outer loop
      vertex 2.1425 0.2356 3.0000
      vertex 27.2812 23.3101 3.0000
      vertex 27.2604 23.3714 3.0000
    endloop
  endfacet
  facet normal 0.000000 0.000000 1.000000
    outer loop
      vertex 2.1425 0.2356 3.0000
      vertex 27.2604 23.3714 3.0000
      vertex 27.2318 23.4295 3.0000
    endloop
  endfacet
  facet normal 0.000000 0.000000 1.000000
    outer loop
      vertex 2.1425 0.2356 3.0000
      vertex 27.2318 23.4295 3.0000
      vertex 27.1958 23.4833 3.0000
    endloop
  endfacet
  facet normal 0.000000 0.000000 1.000000
    outer loop
      vertex 2.1425 0.2356 3.0000
      vertex 27.1958 23.4833 3.0000
      vertex 27.1530 23.5319 3.0000
    endloop
  endfacet
  facet normal 0.000000 0.000000 1.000000
    outer loop
      vertex 2.1425 0.2356 3.0000
      vertex 27.1530 23.5319 3.0000
      vertex 27.1042 23.5744 3.0000
    endloop
  endfacet
  facet normal 0.000000 0.000000 1.000000
    outer loop
      vertex 2.1425 0.2356 3.0000
      vertex 27.1042 23.5744 3.0000
      vertex 27.0501 23.6102 3.0000
    endloop
  endfacet
  facet normal 0.000000 0.000000 1.000000
    outer loop
      vertex 2.1425 0.2356 3.0000
      vertex 27.0501 23.6102 3.0000
      vertex 26.9917 23.6387 3.0000
    endloop
  endfacet
  facet normal 0.000000 0.000000 1.000000
    outer loop
      vertex 2.1425 0.2356 3.0000
      vertex 26.9917 23.6387 3.0000
      vertex 26.9300 23.6593 3.0000
    endloop
  endfacet
  facet normal 0.000000 0.000000 1.000000
    outer loop
      vertex 2.1425 0.2356 3.0000
      vertex 26.9300 23.6593 3.0000
      vertex 26.8661 23.6716 3.0000
    endloop
  endfacet
  facet normal 0.000000 0.000000 1.000000
    outer loop
      vertex 2.1425 0.2356 3.0000
      vertex 26.8661 23.6716 3.0000
      vertex 26.8010 23.6756 3.0000
    endloop
  endfacet
  facet normal 0.000000 0.000000 1.000000
    outer loop
      vertex 26.8010 23.6756 3.0000
      vertex 2.1425 23.5644 3.0000
      vertex 2.0799 23.5607 3.0000
    endloop
  endfacet
  facet normal 0.000000 0.000000 1.000000
    outer loop
      vertex 26.8010 23.6756 3.0000
      vertex 2.0799 23.5607 3.0000
      vertex 2.0183 23.5489 3.0000
    endloop
  endfacet
  facet normal 0.000000 0.000000 1.000000
    outer loop
      vertex 26.8010 23.6756 3.0000
      vertex 2.0183 23.5489 3.0000
      vertex 1.9589 23.5293 3.0000
    endloop
  endfacet
  facet normal 0.000000 0.000000 1.000000
    outer loop
      vertex 26.8010 23.6756 3.0000
      vertex 1.9589 23.5293 3.0000
      vertex 1.9024 23.5021 3.0000
    endloop
  endfacet
  facet normal 0.000000 0.000000 1.000000
    outer loop
      vertex 26.8010 23.6756 3.0000
      vertex 1.9024 23.5021 3.0000
      vertex 1.8500 23.4677 3.0000
    endloop
  endfacet
  facet normal 0.000000 0.000000 1.000000
    outer loop
      vertex 26.8010 23.6756 3.0000
      vertex 1.8500 23.4677 3.0000
      vertex 1.8024 23.4268 3.0000
    endloop
  endfacet
  facet normal 0.000000 0.000000 1.000000
    outer loop
      vertex 26.8010 23.6756 3.0000
      vertex 1.8024 23.4268 3.0000
      vertex 1.7604 23.3801 3.0000
    endloop
  endfacet
  facet normal 0.000000 0.000000 1.000000
    outer loop
      vertex 26.8010 23.6756 3.0000
      vertex 1.7604 23.3801 3.0000
      vertex 1.7247 23.3281 3.0000
    endloop
  endfacet
  facet normal 0.000000 0.000000 1.000000
    outer loop
      vertex 26.8010 23.6756 3.0000
      vertex 1.7247 23.3281 3.0000
      vertex 1.6958 23.2719 3.0000
    endloop
  endfacet
  facet normal 0.000000 0.000000 1.000000
    outer loop
      vertex 26.8010 23.6756 3.0000
      vertex 1.6958 23.2719 3.0000
      vertex 1.6744 23.2124 3.0000
    endloop
  endfacet
  facet normal 0.000000 0.000000 1.000000
    outer loop
      vertex 26.8010 23.6756 3.0000
      vertex 1.6744 23.2124 3.0000
      vertex 1.4452 22.4209 3.0000
    endloop
  endfacet
  facet normal 0.000000 0.000000 1.000000
    outer loop
      vertex 26.8010 23.6756 3.0000
      vertex 1.4452 22.4209 3.0000
      vertex 1.4426 22.4115 3.0000
    endloop
  endfacet
  facet normal 0.000000 0.000000 1.000000
    outer loop
      vertex 26.8010 23.6756 3.0000
      vertex 1.4426 22.4115 3.0000
      vertex 1.1015 21.1357 3.0000
    endloop
  endfacet
  facet normal 0.000000 0.000000 1.000000
    outer loop
      vertex 26.8010 23.6756 3.0000
      vertex 1.1015 21.1357 3.0000
      vertex 1.0982 21.1226 3.0000
    endloop
  endfacet
  facet normal 0.000000 0.000000 1.000000
    outer loop
      vertex 26.8010 23.6756 3.0000
      vertex 1.0982 21.1226 3.0000
      vertex 0.7403 19.6138 3.0000
    endloop
  endfacet
  facet normal 0.000000 0.000000 1.000000
    outer loop
      vertex 26.8010 23.6756 3.0000
      vertex 0.7403 19.6138 3.0000
      vertex 0.7362 19.5946 3.0000
    endloop
  endfacet
  facet normal 0.000000 0.000000 1.000000
    outer loop
      vertex 26.8010 23.6756 3.0000
      vertex 0.7362 19.5946 3.0000
      vertex 0.4299 18.0175 3.0000
    endloop
  endfacet
  facet normal 0.000000 0.000000 1.000000
    outer loop
      vertex 26.8010 23.6756 3.0000
      vertex 0.4299 18.0175 3.0000
      vertex 0.4249 17.9868 3.0000
    endloop
  endfacet
  facet normal 0.000000 0.000000 1.000000
    outer loop
      vertex 26.8010 23.6756 3.0000
      vertex 0.4249 17.9868 3.0000
      vertex 0.2357 16.5109 3.0000
    endloop
  endfacet
  facet normal 0.000000 0.000000 1.000000
    outer loop
      vertex 26.8010 23.6756 3.0000
      vertex 0.2357 16.5109 3.0000
      vertex 0.2318 16.4547 3.0000
    endloop
  endfacet
  facet normal 0.000000 0.000000 1.000000
    outer loop
      vertex 26.8010 23.6756 3.0000
      vertex 0.2318 16.4547 3.0000
      vertex 0.2185 15.2692 3.0000
    endloop
  endfacet
  facet normal 0.000000 0.000000 1.000000
    outer loop
      vertex 26.8010 23.6756 3.0000
      vertex 0.2185 15.2692 3.0000
      vertex 0.2219 15.2062 3.0000
    endloop
  endfacet
  facet normal 0.000000 0.000000 1.000000
    outer loop
      vertex 26.8010 23.6756 3.0000
      vertex 0.2219 15.2062 3.0000
      vertex 0.2336 15.1440 3.0000
    endloop
  endfacet
  facet normal 0.000000 0.000000 1.000000
    outer loop
      vertex 26.8010 23.6756 3.0000
      vertex 0.2336 15.1440 3.0000
      vertex 0.3939 14.5179 3.0000
    endloop
  endfacet
  facet normal 0.000000 0.000000 1.000000
    outer loop
      vertex 26.8010 23.6756 3.0000
      vertex 0.3939 14.5179 3.0000
      vertex 0.4163 14.4512 3.0000
    endloop
  endfacet
  facet normal 0.000000 0.000000 1.000000
    outer loop
      vertex 26.8010 23.6756 3.0000
      vertex 0.4163 14.4512 3.0000
      vertex 0.4482 14.3880 3.0000
    endloop
  endfacet
  facet normal 0.000000 0.000000 1.000000
    outer loop
      vertex 26.8010 23.6756 3.0000
      vertex 0.4482 14.3880 3.0000
      vertex 0.4890 14.3297 3.0000
    endloop
  endfacet
  facet normal 0.000000 0.000000 1.000000
    outer loop
      vertex 26.8010 23.6756 3.0000
      vertex 0.4890 14.3297 3.0000
      vertex 0.5377 14.2775 3.0000
    endloop
  endfacet
  facet normal 0.000000 0.000000 1.000000
    outer loop
      vertex 26.8010 23.6756 3.0000
      vertex 0.5377 14.2775 3.0000
      vertex 0.5935 14.2325 3.0000
    endloop
  endfacet
  facet normal 0.000000 0.000000 1.000000
    outer loop
      vertex 26.8010 23.6756 3.0000
      vertex 0.5935 14.2325 3.0000
      vertex 0.7120 14.1498 3.0000
    endloop
  endfacet
  facet normal 0.000000 0.000000 1.000000
    outer loop
      vertex 26.8010 23.6756 3.0000
      vertex 0.7120 14.1498 3.0000
      vertex 0.7692 14.1151 3.0000
    endloop
  endfacet
  facet normal 0.000000 0.000000 1.000000
    outer loop
      vertex 26.8010 23.6756 3.0000
      vertex 0.7692 14.1151 3.0000
      vertex 0.8305 14.0880 3.0000
    endloop
  endfacet
  facet normal 0.000000 0.000000 1.000000
    outer loop
      vertex 26.8010 23.6756 3.0000
      vertex 0.8305 14.0880 3.0000
      vertex 0.8947 14.0691 3.0000
    endloop
  endfacet
  facet normal 0.000000 0.000000 1.000000
    outer loop
      vertex 26.8010 23.6756 3.0000
      vertex 0.8947 14.0691 3.0000
      vertex 0.9607 14.0585 3.0000
    endloop
  endfacet
  facet normal 0.000000 0.000000 1.000000
    outer loop
      vertex 26.8010 23.6756 3.0000
      vertex 0.9607 14.0585 3.0000
      vertex 1.0273 14.0566 3.0000
    endloop
  endfacet
  facet normal 0.000000 0.000000 1.000000
    outer loop
      vertex 26.8010 23.6756 3.0000
      vertex 1.0273 14.0566 3.0000
      vertex 1.0933 14.0632 3.0000
    endloop
  endfacet
  facet normal 0.000000 0.000000 1.000000
    outer loop
      vertex 26.8010 23.6756 3.0000
      vertex 1.0933 14.0632 3.0000
      vertex 1.1575 14.0784 3.0000
    endloop
  endfacet
  facet normal 0.000000 0.000000 1.000000
    outer loop
      vertex 26.8010 23.6756 3.0000
      vertex 1.1575 14.0784 3.0000
      vertex 1.7989 14.2750 3.0000
    endloop
  endfacet
  facet normal 0.000000 0.000000 1.000000
    outer loop
      vertex 26.8010 23.6756 3.0000
      vertex 1.7989 14.2750 3.0000
      vertex 1.8125 14.2794 3.0000
    endloop
  endfacet
  facet normal 0.000000 0.000000 1.000000
    outer loop
      vertex 26.8010 23.6756 3.0000
      vertex 1.8125 14.2794 3.0000
      vertex 2.8244 14.6201 3.0000
    endloop
  endfacet
  facet normal 0.000000 0.000000 1.000000
    outer loop
      vertex 26.8010 23.6756 3.0000
      vertex 2.8244 14.6201 3.0000
      vertex 2.8333 14.6227 3.0000
    endloop
  endfacet
  facet normal 0.000000 0.000000 1.000000
    outer loop
      vertex 26.8010 23.6756 3.0000
      vertex 2.8333 14.6227 3.0000
      vertex 2.8534 14.6263 3.0000
    endloop
  endfacet
  facet normal 0.000000 0.000000 1.000000
    outer loop
      vertex 26.8010 23.6756 3.0000
      vertex 2.8534 14.6263 3.0000
      vertex 2.8674 14.6268 3.0000
    endloop
  endfacet
  facet normal 0.000000 0.000000 1.000000
    outer loop
      vertex 26.8010 23.6756 3.0000
      vertex 2.8674 14.6268 3.0000
      vertex 2.8879 14.6245 3.0000
    endloop
  endfacet
  facet normal 0.000000 0.000000 1.000000
    outer loop
      vertex 26.8010 23.6756 3.0000
      vertex 2.8879 14.6245 3.0000
      vertex 2.8972 14.6224 3.0000
    endloop
  endfacet
  facet normal 0.000000 0.000000 1.000000
    outer loop
      vertex 26.8010 23.6756 3.0000
      vertex 2.8972 14.6224 3.0000
      vertex 3.6831 14.4173 3.0000
    endloop
  endfacet
  facet normal 0.000000 0.000000 1.000000
    outer loop
      vertex 26.8010 23.6756 3.0000
      vertex 3.6831 14.4173 3.0000
      vertex 3.6923 14.4145 3.0000
    endloop
  endfacet
  facet normal 0.000000 0.000000 1.000000
    outer loop
      vertex 26.8010 23.6756 3.0000
      vertex 3.6923 14.4145 3.0000
      vertex 3.7117 14.4063 3.0000
    endloop
  endfacet
  facet normal 0.000000 0.000000 1.000000
    outer loop
      vertex 26.8010 23.6756 3.0000
      vertex 3.7117 14.4063 3.0000
      vertex 3.7241 14.3989 3.0000
    endloop
  endfacet
  facet normal 0.000000 0.000000 1.000000
    outer loop
      vertex 26.8010 23.6756 3.0000
      vertex 3.7241 14.3989 3.0000
      vertex 3.7407 14.3855 3.0000
    endloop
  endfacet
  facet normal 0.000000 0.000000 1.000000
    outer loop
      vertex 26.8010 23.6756 3.0000
      vertex 3.7407 14.3855 3.0000
      vertex 3.7476 14.3787 3.0000
    endloop
  endfacet
  facet normal 0.000000 0.000000 1.000000
    outer loop
      vertex 26.8010 23.6756 3.0000
      vertex 3.7476 14.3787 3.0000
      vertex 4.3229 13.7694 3.0000
    endloop
  endfacet
  facet normal 0.000000 0.000000 1.000000
    outer loop
      vertex 26.8010 23.6756 3.0000
      vertex 4.3229 13.7694 3.0000
      vertex 4.3286 13.7630 3.0000
    endloop
  endfacet
  facet normal 0.000000 0.000000 1.000000
    outer loop
      vertex 26.8010 23.6756 3.0000
      vertex 4.3286 13.7630 3.0000
      vertex 4.3397 13.7481 3.0000
    endloop
  endfacet
  facet normal 0.000000 0.000000 1.000000
    outer loop
      vertex 26.8010 23.6756 3.0000
      vertex 4.3397 13.7481 3.0000
      vertex 4.3489 13.7320 3.0000
    endloop
  endfacet
  facet normal 0.000000 0.000000 1.000000
    outer loop
      vertex 26.8010 23.6756 3.0000
      vertex 4.3489 13.7320 3.0000
      vertex 4.3525 13.7244 3.0000
    endloop
  endfacet
  facet normal 0.000000 0.000000 1.000000
    outer loop
      vertex 26.8010 23.6756 3.0000
      vertex 4.3525 13.7244 3.0000
      vertex 4.7283 12.8670 3.0000
    endloop
  endfacet
  facet normal 0.000000 0.000000 1.000000
    outer loop
      vertex 26.8010 23.6756 3.0000
      vertex 4.7283 12.8670 3.0000
      vertex 4.7315 12.8594 3.0000
    endloop
  endfacet
  facet normal 0.000000 0.000000 1.000000
    outer loop
      vertex 26.8010 23.6756 3.0000
      vertex 4.7315 12.8594 3.0000
      vertex 4.7384 12.8374 3.0000
    endloop
  endfacet
  facet normal 0.000000 0.000000 1.000000
    outer loop
      vertex 26.8010 23.6756 3.0000
      vertex 4.7384 12.8374 3.0000
      vertex 4.7400 12.8296 3.0000
    endloop
  endfacet
  facet normal 0.000000 0.000000 1.000000
    outer loop
      vertex 26.8010 23.6756 3.0000
      vertex 4.7400 12.8296 3.0000
      vertex 4.8915 11.9151 3.0000
    endloop
  endfacet
  facet normal 0.000000 0.000000 1.000000
    outer loop
      vertex 26.8010 23.6756 3.0000
      vertex 4.8915 11.9151 3.0000
      vertex 4.8921 11.9089 3.0000
    endloop
  endfacet
  facet normal 0.000000 0.000000 1.000000
    outer loop
      vertex 26.8010 23.6756 3.0000
      vertex 4.8921 11.9089 3.0000
      vertex 4.8921 11.8911 3.0000
    endloop
  endfacet
  facet normal 0.000000 0.000000 1.000000
    outer loop
      vertex 26.8010 23.6756 3.0000
      vertex 4.8921 11.8911 3.0000
      vertex 4.8915 11.8849 3.0000
    endloop
  endfacet
  facet normal 0.000000 0.000000 1.000000
    outer loop
      vertex 26.8010 23.6756 3.0000
      vertex 4.8915 11.8849 3.0000
      vertex 4.7400 10.9704 3.0000
    endloop
  endfacet
  facet normal 0.000000 0.000000 1.000000
    outer loop
      vertex 26.8010 23.6756 3.0000
      vertex 4.7400 10.9704 3.0000
      vertex 4.7384 10.9626 3.0000
    endloop
  endfacet
  facet normal 0.000000 0.000000 1.000000
    outer loop
      vertex 2.1425 0.2356 3.0000
      vertex 26.8010 23.6756 3.0000
      vertex 4.7384 10.9626 3.0000
    endloop
  endfacet
  facet normal 0.000000 0.000000 1.000000
    outer loop
      vertex 2.1425 0.2356 3.0000
      vertex 4.7384 10.9626 3.0000
      vertex 4.7315 10.9406 3.0000
    endloop
  endfacet
  facet normal 0.000000 0.000000 1.000000
    outer loop
      vertex 2.1425 0.2356 3.0000
      vertex 4.7315 10.9406 3.0000
      vertex 4.7283 10.9330 3.0000
    endloop
  endfacet
  facet normal 0.000000 0.000000 1.000000
    outer loop
      vertex 2.1425 0.2356 3.0000
      vertex 4.7283 10.9330 3.0000
      vertex 4.3525 10.0756 3.0000
    endloop
  endfacet
  facet normal 0.000000 0.000000 1.000000
    outer loop
      vertex 2.1425 0.2356 3.0000
      vertex 4.3525 10.0756 3.0000
      vertex 4.3489 10.0680 3.0000
    endloop
  endfacet
  facet normal 0.000000 0.000000 1.000000
    outer loop
      vertex 2.1425 0.2356 3.0000
      vertex 4.3489 10.0680 3.0000
      vertex 4.3397 10.0519 3.0000
    endloop
  endfacet
  facet normal 0.000000 0.000000 1.000000
    outer loop
      vertex 2.1425 0.2356 3.0000
      vertex 4.3397 10.0519 3.0000
      vertex 4.3286 10.0370 3.0000
    endloop
  endfacet
  facet normal 0.000000 0.000000 1.000000
    outer loop
      vertex 2.1425 0.2356 3.0000
      vertex 4.3286 10.0370 3.0000
      vertex 4.3229 10.0306 3.0000
    endloop
  endfacet
  facet normal 0.000000 0.000000 1.000000
    outer loop
      vertex 2.1425 0.2356 3.0000
      vertex 4.3229 10.0306 3.0000
      vertex 3.7476 9.4213 3.0000
    endloop
  endfacet
  facet normal 0.000000 0.000000 1.000000
    outer loop
      vertex 2.1425 0.2356 3.0000
      vertex 3.7476 9.4213 3.0000
      vertex 3.7407 9.4145 3.0000
    endloop
  endfacet
  facet normal 0.000000 0.000000 1.000000
    outer loop
      vertex 2.1425 0.2356 3.0000
      vertex 3.7407 9.4145 3.0000
      vertex 3.7241 9.4011 3.0000
    endloop
  endfacet
  facet normal 0.000000 0.000000 1.000000
    outer loop
      vertex 2.1425 0.2356 3.0000
      vertex 3.7241 9.4011 3.0000
      vertex 3.7117 9.3937 3.0000
    endloop
  endfacet
  facet normal 0.000000 0.000000 1.000000
    outer loop
      vertex 2.1425 0.2356 3.0000
      vertex 3.7117 9.3937 3.0000
      vertex 3.6923 9.3855 3.0000
    endloop
  endfacet
  facet normal 0.000000 0.000000 1.000000
    outer loop
      vertex 2.1425 0.2356 3.0000
      vertex 3.6923 9.3855 3.0000
      vertex 3.6831 9.3827 3.0000
    endloop
  endfacet
  facet normal 0.000000 0.000000 1.000000
    outer loop
      vertex 2.1425 0.2356 3.0000
      vertex 3.6831 9.3827 3.0000
      vertex 2.8972 9.1776 3.0000
    endloop
  endfacet
  facet normal 0.000000 0.000000 1.000000
    outer loop
      vertex 2.1425 0.2356 3.0000
      vertex 2.8972 9.1776 3.0000
      vertex 2.8879 9.1755 3.0000
    endloop
  endfacet
  facet normal 0.000000 0.000000 1.000000
    outer loop
      vertex 2.1425 0.2356 3.0000
      vertex 2.8879 9.1755 3.0000
      vertex 2.8674 9.1732 3.0000
    endloop
  endfacet
  facet normal 0.000000 0.000000 1.000000
    outer loop
      vertex 2.1425 0.2356 3.0000
      vertex 2.8674 9.1732 3.0000
      vertex 2.8534 9.1737 3.0000
    endloop
  endfacet
  facet normal 0.000000 0.000000 1.000000
    outer loop
      vertex 2.1425 0.2356 3.0000
      vertex 2.8534 9.1737 3.0000
      vertex 2.8333 9.1773 3.0000
    endloop
  endfacet
  facet normal 0.000000 0.000000 1.000000
    outer loop
      vertex 2.1425 0.2356 3.0000
      vertex 2.8333 9.1773 3.0000
      vertex 2.8244 9.1799 3.0000
    endloop
  endfacet
  facet normal 0.000000 -0.000000 1.000000
    outer loop
      vertex 2.1425 0.2356 3.0000
      vertex 2.8244 9.1799 3.0000
      vertex 1.8125 9.5206 3.0000
    endloop
  endfacet
  facet normal 0.000000 0.000000 1.000000
    outer loop
      vertex 2.1425 0.2356 3.0000
      vertex 1.8125 9.5206 3.0000
      vertex 1.7989 9.5250 3.0000
    endloop
  endfacet
  facet normal 0.000000 0.000000 1.000000
    outer loop
      vertex 2.1425 0.2356 3.0000
      vertex 1.7989 9.5250 3.0000
      vertex 1.1575 9.7216 3.0000
    endloop
  endfacet
  facet normal 0.000000 0.000000 1.000000
    outer loop
      vertex 2.1425 0.2356 3.0000
      vertex 1.1575 9.7216 3.0000
      vertex 1.0933 9.7368 3.0000
    endloop
  endfacet
  facet normal 0.000000 0.000000 1.000000
    outer loop
      vertex 2.1425 0.2356 3.0000
      vertex 1.0933 9.7368 3.0000
      vertex 1.0273 9.7434 3.0000
    endloop
  endfacet
  facet normal 0.000000 0.000000 1.000000
    outer loop
      vertex 2.1425 0.2356 3.0000
      vertex 1.0273 9.7434 3.0000
      vertex 0.9607 9.7415 3.0000
    endloop
  endfacet
  facet normal 0.000000 0.000000 1.000000
    outer loop
      vertex 2.1425 0.2356 3.0000
      vertex 0.9607 9.7415 3.0000
      vertex 0.8947 9.7309 3.0000
    endloop
  endfacet
  facet normal 0.000000 0.000000 1.000000
    outer loop
      vertex 2.1425 0.2356 3.0000
      vertex 0.8947 9.7309 3.0000
      vertex 0.8305 9.7120 3.0000
    endloop
  endfacet
  facet normal 0.000000 0.000000 1.000000
    outer loop
      vertex 2.1425 0.2356 3.0000
      vertex 0.8305 9.7120 3.0000
      vertex 0.7692 9.6849 3.0000
    endloop
  endfacet
  facet normal 0.000000 0.000000 1.000000
    outer loop
      vertex 2.1425 0.2356 3.0000
      vertex 0.7692 9.6849 3.0000
      vertex 0.7120 9.6502 3.0000
    endloop
  endfacet
  facet normal 0.000000 0.000000 1.000000
    outer loop
      vertex 2.1425 0.2356 3.0000
      vertex 0.7120 9.6502 3.0000
      vertex 0.5935 9.5675 3.0000
    endloop
  endfacet
  facet normal 0.000000 0.000000 1.000000
    outer loop
      vertex 2.1425 0.2356 3.0000
      vertex 0.5935 9.5675 3.0000
      vertex 0.5377 9.5225 3.0000
    endloop
  endfacet
  facet normal 0.000000 0.000000 1.000000
    outer loop
      vertex 2.1425 0.2356 3.0000
      vertex 0.5377 9.5225 3.0000
      vertex 0.4890 9.4703 3.0000
    endloop
  endfacet
  facet normal 0.000000 0.000000 1.000000
    outer loop
      vertex 2.1425 0.2356 3.0000
      vertex 0.4890 9.4703 3.0000
      vertex 0.4482 9.4120 3.0000
    endloop
  endfacet
  facet normal 0.000000 0.000000 1.000000
    outer loop
      vertex 2.1425 0.2356 3.0000
      vertex 0.4482 9.4120 3.0000
      vertex 0.4163 9.3488 3.0000
    endloop
  endfacet
  facet normal 0.000000 0.000000 1.000000
    outer loop
      vertex 2.1425 0.2356 3.0000
      vertex 0.4163 9.3488 3.0000
      vertex 0.3939 9.2821 3.0000
    endloop
  endfacet
  facet normal 0.000000 0.000000 1.000000
    outer loop
      vertex 2.1425 0.2356 3.0000
      vertex 0.3939 9.2821 3.0000
      vertex 0.2336 8.6560 3.0000
    endloop
  endfacet
  facet normal 0.000000 0.000000 1.000000
    outer loop
      vertex 2.1425 0.2356 3.0000
      vertex 0.2336 8.6560 3.0000
      vertex 0.2219 8.5938 3.0000
    endloop
  endfacet
  facet normal 0.000000 0.000000 1.000000
    outer loop
      vertex 2.1425 0.2356 3.0000
      vertex 0.2219 8.5938 3.0000
      vertex 0.2185 8.5308 3.0000
    endloop
  endfacet
  facet normal 0.000000 0.000000 1.000000
    outer loop
      vertex 2.1425 0.2356 3.0000
      vertex 0.2185 8.5308 3.0000
      vertex 0.2318 7.3453 3.0000
    endloop
  endfacet
  facet normal 0.000000 0.000000 1.000000
    outer loop
      vertex 2.1425 0.2356 3.0000
      vertex 0.2318 7.3453 3.0000
      vertex 0.2357 7.2891 3.0000
    endloop
  endfacet
  facet normal 0.000000 0.000000 1.000000
    outer loop
      vertex 2.1425 0.2356 3.0000
      vertex 0.2357 7.2891 3.0000
      vertex 0.4249 5.8132 3.0000
    endloop
  endfacet
  facet normal 0.000000 0.000000 1.000000
    outer loop
      vertex 2.1425 0.2356 3.0000
      vertex 0.4249 5.8132 3.0000
      vertex 0.4299 5.7825 3.0000
    endloop
  endfacet
  facet normal 0.000000 0.000000 1.000000
    outer loop
      vertex 2.1425 0.2356 3.0000
      vertex 0.4299 5.7825 3.0000
      vertex 0.7362 4.2054 3.0000
    endloop
  endfacet
  facet normal 0.000000 0.000000 1.000000
    outer loop
      vertex 2.1425 0.2356 3.0000
      vertex 0.7362 4.2054 3.0000
      vertex 0.7403 4.1862 3.0000
    endloop
  endfacet
  facet normal 0.000000 0.000000 1.000000
    outer loop
      vertex 2.1425 0.2356 3.0000
      vertex 0.7403 4.1862 3.0000
      vertex 1.0982 2.6774 3.0000
    endloop
  endfacet
  facet normal 0.000000 0.000000 1.000000
    outer loop
      vertex 2.1425 0.2356 3.0000
      vertex 1.0982 2.6774 3.0000
      vertex 1.1015 2.6643 3.0000
    endloop
  endfacet
  facet normal 0.000000 0.000000 1.000000
    outer loop
      vertex 2.1425 0.2356 3.0000
      vertex 1.1015 2.6643 3.0000
      vertex 1.4426 1.3885 3.0000
    endloop
  endfacet
  facet normal 0.000000 0.000000 1.000000
    outer loop
      vertex 2.1425 0.2356 3.0000
      vertex 1.4426 1.3885 3.0000
      vertex 1.4452 1.3791 3.0000
    endloop
  endfacet
  facet normal 0.000000 0.000000 1.000000
    outer loop
      vertex 2.1425 0.2356 3.0000
      vertex 1.4452 1.3791 3.0000
      vertex 1.6744 0.5876 3.0000
    endloop
  endfacet
  facet normal 0.000000 0.000000 1.000000
    outer loop
      vertex 2.1425 0.2356 3.0000
      vertex 1.6744 0.5876 3.0000
      vertex 1.6958 0.5281 3.0000
    endloop
  endfacet
  facet normal 0.000000 0.000000 1.000000
    outer loop
      vertex 2.1425 0.2356 3.0000
      vertex 1.6958 0.5281 3.0000
      vertex 1.7247 0.4719 3.0000
    endloop
  endfacet
  facet normal 0.000000 0.000000 1.000000
    outer loop
      vertex 2.1425 0.2356 3.0000
      vertex 1.7247 0.4719 3.0000
      vertex 1.7604 0.4199 3.0000
    endloop
  endfacet
  facet normal 0.000000 0.000000 1.000000
    outer loop
      vertex 2.1425 0.2356 3.0000
      vertex 1.7604 0.4199 3.0000
      vertex 1.8024 0.3732 3.0000
    endloop
  endfacet
  facet normal 0.000000 0.000000 1.000000
    outer loop
      vertex 2.1425 0.2356 3.0000
      vertex 1.8024 0.3732 3.0000
      vertex 1.8500 0.3323 3.0000
    endloop
  endfacet
  facet normal 0.000000 0.000000 1.000000
    outer loop
      vertex 2.1425 0.2356 3.0000
      vertex 1.8500 0.3323 3.0000
      vertex 1.9024 0.2979 3.0000
    endloop
  endfacet
  facet normal 0.000000 0.000000 1.000000
    outer loop
      vertex 2.1425 0.2356 3.0000
      vertex 1.9024 0.2979 3.0000
      vertex 1.9589 0.2707 3.0000
    endloop
  endfacet
  facet normal 0.000000 0.000000 1.000000
    outer loop
      vertex 2.1425 0.2356 3.0000
      vertex 1.9589 0.2707 3.0000
      vertex 2.0183 0.2511 3.0000
    endloop
  endfacet
  facet normal 0.000000 0.000000 1.000000
    outer loop
      vertex 2.0183 0.2511 3.0000
      vertex 2.0799 0.2393 3.0000
      vertex 2.1425 0.2356 3.0000
    endloop
  endfacet
endsolid pyjigsaw-shrink-0p10-piece-02
