solid pyjigsaw-shrink-0p10-piece-03
  facet normal 0.000000 0.000000 -1.000000
    outer loop
      vertex 1.3834 1.3460 0.0000
      vertex 1.3746 1.3483 0.0000
      vertex 0.5939 1.5592 0.0000
    endloop
  endfacet
  facet normal 0.000000 0.000000 -1.000000
    outer loop
      vertex 2.6631 1.0260 0.0000
      vertex 1.3834 1.3460 0.0000
      vertex 0.5939 1.5592 0.0000
    endloop
  endfacet
  facet normal 0.000000 0.000000 -1.000000
    outer loop
      vertex 2.6754 1.0231 0.0000
      vertex 2.6631 1.0260 0.0000
      vertex 0.5939 1.5592 0.0000
    endloop
  endfacet
  facet normal 0.000000 0.000000 -1.000000
    outer loop
      vertex 4.1916 0.6853 0.0000
      vertex 2.6754 1.0231 0.0000
      vertex 0.5939 1.5592 0.0000
    endloop
  endfacet
  facet normal 0.000000 0.000000 -1.000000
    outer loop
      vertex 4.2097 0.6817 0.0000
      vertex 4.1916 0.6853 0.0000
      vertex 0.5939 1.5592 0.0000
    endloop
  endfacet
  facet normal 0.000000 0.000000 -1.000000
    outer loop
      vertex 5.7996 0.3899 0.0000
      vertex 4.2097 0.6817 0.0000
      vertex 0.5939 1.5592 0.0000
    endloop
  endfacet
  facet normal 0.000000 0.000000 -1.000000
    outer loop
      vertex 5.8285 0.3855 0.0000
      vertex 5.7996 0.3899 0.0000
      vertex 0.5939 1.5592 0.0000
    endloop
  endfacet
  facet normal 0.000000 0.000000 -1.000000
    outer loop
      vertex 7.3239 0.2022 0.0000
      vertex 5.8285 0.3855 0.0000
      vertex 0.5939 1.5592 0.0000
    endloop
  endfacet
  facet normal 0.000000 0.000000 -1.000000
    outer loop
      vertex 7.3765 0.1986 0.0000
      vertex 7.3239 0.2022 0.0000
      vertex 0.5939 1.5592 0.0000
    endloop
  endfacet
  facet normal 0.000000 0.000000 -1.000000
    outer loop
      vertex 8.5876 0.1809 0.0000
      vertex 7.3765 0.1986 0.0000
      vertex 0.5939 1.5592 0.0000
    endloop
  endfacet
  facet normal -0.000000 0.000000 -1.000000
    outer loop
      vertex 8.6468 0.1836 0.0000
      vertex 8.5876 0.1809 0.0000
      vertex 0.5939 1.5592 0.0000
    endloop
  endfacet
  facet normal -0.000000 0.000000 -1.000000
    outer loop
      vertex 8.7054 0.1934 0.0000
      vertex 8.6468 0.1836 0.0000
      vertex 0.5939 1.5592 0.0000
    endloop
  endfacet
  facet normal -0.000000 0.000000 -1.000000
    outer loop
      vertex 9.3538 0.3418 0.0000
      vertex 8.7054 0.1934 0.0000
      vertex 0.5939 1.5592 0.0000
    endloop
  endfacet
  facet normal -0.000000 0.000000 -1.000000
    outer loop
      vertex 9.4202 0.3620 0.0000
      vertex 9.3538 0.3418 0.0000
      vertex 0.5939 1.5592 0.0000
    endloop
  endfacet
  facet normal -0.000000 0.000000 -1.000000
    outer loop
      vertex 9.4834 0.3912 0.0000
      vertex 9.4202 0.3620 0.0000
      vertex 0.5939 1.5592 0.0000
    endloop
  endfacet
  facet normal -0.000000 0.000000 -1.000000
    outer loop
      vertex 9.5420 0.4288 0.0000
      vertex 9.4834 0.3912 0.0000
      vertex 0.5939 1.5592 0.0000
    endloop
  endfacet
  facet normal -0.000000 0.000000 -1.000000
    outer loop
      vertex 9.5951 0.4742 0.0000
      vertex 9.5420 0.4288 0.0000
      vertex 0.5939 1.5592 0.0000
    endloop
  endfacet
  facet normal -0.000000 0.000000 -1.000000
    outer loop
      vertex 9.6414 0.5264 0.0000
      vertex 9.5951 0.4742 0.0000
      vertex 0.5939 1.5592 0.0000
    endloop
  endfacet
  facet normal -0.000000 0.000000 -1.000000
    outer loop
      vertex 9.6988 0.6006 0.0000
      vertex 9.6414 0.5264 0.0000
      vertex 0.5939 1.5592 0.0000
    endloop
  endfacet
  facet normal -0.000000 0.000000 -1.000000
    outer loop
      vertex 9.7339 0.6523 0.0000
      vertex 9.6988 0.6006 0.0000
      vertex 0.5939 1.5592 0.0000
    endloop
  endfacet
  facet normal -0.000000 0.000000 -1.000000
    outer loop
      vertex 9.7624 0.7079 0.0000
      vertex 9.7339 0.6523 0.0000
      vertex 0.5939 1.5592 0.0000
    endloop
  endfacet
  facet normal -0.000000 0.000000 -1.000000
    outer loop
      vertex 9.7839 0.7665 0.0000
      vertex 9.7624 0.7079 0.0000
      vertex 0.5939 1.5592 0.0000
    endloop
  endfacet
  facet normal -0.000000 0.000000 -1.000000
    outer loop
      vertex 9.7980 0.8271 0.0000
      vertex 9.7839 0.7665 0.0000
      vertex 0.5939 1.5592 0.0000
    endloop
  endfacet
  facet normal -0.000000 0.000000 -1.000000
    outer loop
      vertex 9.8044 0.8889 0.0000
      vertex 9.7980 0.8271 0.0000
      vertex 0.5939 1.5592 0.0000
    endloop
  endfacet
  facet normal -0.000000 -0.000000 -1.000000
    outer loop
      vertex 9.8031 0.9508 0.0000
      vertex 9.8044 0.8889 0.0000
      vertex 0.5939 1.5592 0.0000
    endloop
  endfacet
  facet normal -0.000000 -0.000000 -1.000000
    outer loop
      vertex 9.7941 1.0118 0.0000
      vertex 9.8031 0.9508 0.0000
      vertex 0.5939 1.5592 0.0000
    endloop
  endfacet
  facet normal -0.000000 -0.000000 -1.000000
    outer loop
      vertex 9.7776 1.0711 0.0000
      vertex 9.7941 1.0118 0.0000
      vertex 0.5939 1.5592 0.0000
    endloop
  endfacet
  facet normal 0.000000 -0.000000 -1.000000
    outer loop
      vertex 9.5862 1.6196 0.0000
      vertex 9.7776 1.0711 0.0000
      vertex 0.5939 1.5592 0.0000
    endloop
  endfacet
  facet normal 0.000000 -0.000000 -1.000000
    outer loop
      vertex 9.5809 1.6340 0.0000
      vertex 9.5862 1.6196 0.0000
      vertex 0.5939 1.5592 0.0000
    endloop
  endfacet
  facet normal 0.000000 -0.000000 -1.000000
    outer loop
      vertex 9.2185 2.5732 0.0000
      vertex 9.5809 1.6340 0.0000
      vertex 0.5939 1.5592 0.0000
    endloop
  endfacet
  facet normal 0.000000 -0.000000 -1.000000
    outer loop
      vertex 9.2158 2.5809 0.0000
      vertex 9.2185 2.5732 0.0000
      vertex 0.5939 1.5592 0.0000
    endloop
  endfacet
  facet normal 0.000000 -0.000000 -1.000000
    outer loop
      vertex 9.2116 2.5981 0.0000
      vertex 9.2158 2.5809 0.0000
      vertex 0.5939 1.5592 0.0000
    endloop
  endfacet
  facet normal 0.000000 -0.000000 -1.000000
    outer loop
      vertex 9.2102 2.6102 0.0000
      vertex 9.2116 2.5981 0.0000
      vertex 0.5939 1.5592 0.0000
    endloop
  endfacet
  facet normal 0.000000 0.000000 -1.000000
    outer loop
      vertex 9.2103 2.6224 0.0000
      vertex 9.2102 2.6102 0.0000
      vertex 0.5939 1.5592 0.0000
    endloop
  endfacet
  facet normal 0.000000 0.000000 -1.000000
    outer loop
      vertex 9.2127 2.6402 0.0000
      vertex 9.2103 2.6224 0.0000
      vertex 0.5939 1.5592 0.0000
    endloop
  endfacet
  facet normal 0.000000 0.000000 -1.000000
    outer loop
      vertex 9.2146 2.6482 0.0000
      vertex 9.2127 2.6402 0.0000
      vertex 0.5939 1.5592 0.0000
    endloop
  endfacet
  facet normal 0.000000 0.000000 -1.000000
    outer loop
      vertex 9.4100 3.3801 0.0000
      vertex 9.2146 2.6482 0.0000
      vertex 0.5939 1.5592 0.0000
    endloop
  endfacet
  facet normal 0.000000 0.000000 -1.000000
    outer loop
      vertex 9.4123 3.3878 0.0000
      vertex 9.4100 3.3801 0.0000
      vertex 0.5939 1.5592 0.0000
    endloop
  endfacet
  facet normal 0.000000 0.000000 -1.000000
    outer loop
      vertex 9.4188 3.4041 0.0000
      vertex 9.4123 3.3878 0.0000
      vertex 0.5939 1.5592 0.0000
    endloop
  endfacet
  facet normal 0.000000 0.000000 -1.000000
    outer loop
      vertex 9.4246 3.4146 0.0000
      vertex 9.4188 3.4041 0.0000
      vertex 0.5939 1.5592 0.0000
    endloop
  endfacet
  facet normal 0.000000 0.000000 -1.000000
    outer loop
      vertex 9.4316 3.4244 0.0000
      vertex 9.4246 3.4146 0.0000
      vertex 0.5939 1.5592 0.0000
    endloop
  endfacet
  facet normal 0.000000 0.000000 -1.000000
    outer loop
      vertex 9.4435 3.4374 0.0000
      vertex 9.4316 3.4244 0.0000
      vertex 0.5939 1.5592 0.0000
    endloop
  endfacet
  facet normal 0.000000 0.000000 -1.000000
    outer loop
      vertex 9.4495 3.4429 0.0000
      vertex 9.4435 3.4374 0.0000
      vertex 0.5939 1.5592 0.0000
    endloop
  endfacet
  facet normal 0.000000 0.000000 -1.000000
    outer loop
      vertex 10.0629 3.9714 0.0000
      vertex 9.4495 3.4429 0.0000
      vertex 0.5939 1.5592 0.0000
    endloop
  endfacet
  facet normal 0.000000 0.000000 -1.000000
    outer loop
      vertex 10.0693 3.9766 0.0000
      vertex 10.0629 3.9714 0.0000
      vertex 0.5939 1.5592 0.0000
    endloop
  endfacet
  facet normal 0.000000 0.000000 -1.000000
    outer loop
      vertex 10.0843 3.9866 0.0000
      vertex 10.0693 3.9766 0.0000
      vertex 0.5939 1.5592 0.0000
    endloop
  endfacet
  facet normal 0.000000 0.000000 -1.000000
    outer loop
      vertex 10.1003 3.9947 0.0000
      vertex 10.0843 3.9866 0.0000
      vertex 0.5939 1.5592 0.0000
    endloop
  endfacet
  facet normal 0.000000 0.000000 -1.000000
    outer loop
      vertex 10.1080 3.9978 0.0000
      vertex 10.1003 3.9947 0.0000
      vertex 0.5939 1.5592 0.0000
    endloop
  endfacet
  facet normal 0.000000 0.000000 -1.000000
    outer loop
      vertex 11.0005 4.3235 0.0000
      vertex 10.1080 3.9978 0.0000
      vertex 0.5939 1.5592 0.0000
    endloop
  endfacet
  facet normal 0.000000 0.000000 -1.000000
    outer loop
      vertex 11.0080 4.3260 0.0000
      vertex 11.0005 4.3235 0.0000
      vertex 0.5939 1.5592 0.0000
    endloop
  endfacet
  facet normal 0.000000 0.000000 -1.000000
    outer loop
      vertex 14.4733 1.6793 0.0000
      vertex 14.4788 1.6939 0.0000
      vertex 14.8551 2.6504 0.0000
    endloop
  endfacet
  facet normal 0.000000 0.000000 -1.000000
    outer loop
      vertex 14.2733 1.1223 0.0000
      vertex 14.4733 1.6793 0.0000
      vertex 14.8551 2.6504 0.0000
    endloop
  endfacet
  facet normal 0.000000 0.000000 -1.000000
    outer loop
      vertex 14.2558 1.0622 0.0000
      vertex 14.2733 1.1223 0.0000
      vertex 14.8551 2.6504 0.0000
    endloop
  endfacet
  facet normal 0.000000 0.000000 -1.000000
    outer loop
      vertex 14.2457 1.0006 0.0000
      vertex 14.2558 1.0622 0.0000
      vertex 14.8551 2.6504 0.0000
    endloop
  endfacet
  facet normal 0.000000 0.000000 -1.000000
    outer loop
      vertex 14.2432 0.9382 0.0000
      vertex 14.2457 1.0006 0.0000
      vertex 14.8551 2.6504 0.0000
    endloop
  endfacet
  facet normal 0.000000 0.000000 -1.000000
    outer loop
      vertex 14.2432 0.9382 0.0000
      vertex 14.8551 2.6504 0.0000
      vertex 14.8579 2.6582 0.0000
    endloop
  endfacet
  facet normal 0.000000 0.000000 -1.000000
    outer loop
      vertex 14.2483 0.8762 0.0000
      vertex 14.2432 0.9382 0.0000
      vertex 14.8579 2.6582 0.0000
    endloop
  endfacet
  facet normal 0.000000 0.000000 -1.000000
    outer loop
      vertex 14.2610 0.8154 0.0000
      vertex 14.2483 0.8762 0.0000
      vertex 14.8579 2.6582 0.0000
    endloop
  endfacet
  facet normal 0.000000 0.000000 -1.000000
    outer loop
      vertex 14.2811 0.7568 0.0000
      vertex 14.2610 0.8154 0.0000
      vertex 14.8579 2.6582 0.0000
    endloop
  endfacet
  facet normal 0.000000 0.000000 -1.000000
    outer loop
      vertex 14.3082 0.7014 0.0000
      vertex 14.2811 0.7568 0.0000
      vertex 14.8579 2.6582 0.0000
    endloop
  endfacet
  facet normal 0.000000 0.000000 -1.000000
    outer loop
      vertex 14.3419 0.6500 0.0000
      vertex 14.3082 0.7014 0.0000
      vertex 14.8579 2.6582 0.0000
    endloop
  endfacet
  facet normal 0.000000 0.000000 -1.000000
    outer loop
      vertex 14.3419 0.6500 0.0000
      vertex 14.8579 2.6582 0.0000
      vertex 14.8625 2.6758 0.0000
    endloop
  endfacet
  facet normal 0.000000 0.000000 -1.000000
    outer loop
      vertex 14.3971 0.5763 0.0000
      vertex 14.3419 0.6500 0.0000
      vertex 14.8625 2.6758 0.0000
    endloop
  endfacet
  facet normal 0.000000 0.000000 -1.000000
    outer loop
      vertex 14.4419 0.5246 0.0000
      vertex 14.3971 0.5763 0.0000
      vertex 14.8625 2.6758 0.0000
    endloop
  endfacet
  facet normal 0.000000 0.000000 -1.000000
    outer loop
      vertex 14.4935 0.4799 0.0000
      vertex 14.4419 0.5246 0.0000
      vertex 14.8625 2.6758 0.0000
    endloop
  endfacet
  facet normal 0.000000 0.000000 -1.000000
    outer loop
      vertex 14.5507 0.4430 0.0000
      vertex 14.4935 0.4799 0.0000
      vertex 14.8625 2.6758 0.0000
    endloop
  endfacet
  facet normal 0.000000 0.000000 -1.000000
    outer loop
      vertex 14.6125 0.4147 0.0000
      vertex 14.5507 0.4430 0.0000
      vertex 14.8625 2.6758 0.0000
    endloop
  endfacet
  facet normal 0.000000 0.000000 -1.000000
    outer loop
      vertex 14.6125 0.4147 0.0000
      vertex 14.8625 2.6758 0.0000
      vertex 14.8641 2.6880 0.0000
    endloop
  endfacet
  facet normal 0.000000 0.000000 -1.000000
    outer loop
      vertex 14.6777 0.3956 0.0000
      vertex 14.6125 0.4147 0.0000
      vertex 14.8641 2.6880 0.0000
    endloop
  endfacet
  facet normal 0.000000 0.000000 -1.000000
    outer loop
      vertex 15.3142 0.2567 0.0000
      vertex 14.6777 0.3956 0.0000
      vertex 14.8641 2.6880 0.0000
    endloop
  endfacet
  facet normal 0.000000 0.000000 -1.000000
    outer loop
      vertex 15.3142 0.2567 0.0000
      vertex 14.8641 2.6880 0.0000
      vertex 14.8643 2.7004 0.0000
    endloop
  endfacet
  facet normal 0.000000 0.000000 -1.000000
    outer loop
      vertex 15.3718 0.2477 0.0000
      vertex 15.3142 0.2567 0.0000
      vertex 14.8643 2.7004 0.0000
    endloop
  endfacet
  facet normal 0.000000 0.000000 -1.000000
    outer loop
      vertex 15.3718 0.2477 0.0000
      vertex 14.8643 2.7004 0.0000
      vertex 14.8623 2.7183 0.0000
    endloop
  endfacet
  facet normal 0.000000 0.000000 -1.000000
    outer loop
      vertex 15.3718 0.2477 0.0000
      vertex 14.8623 2.7183 0.0000
      vertex 14.8606 2.7263 0.0000
    endloop
  endfacet
  facet normal 0.000000 0.000000 -1.000000
    outer loop
      vertex 15.4301 0.2459 0.0000
      vertex 15.3718 0.2477 0.0000
      vertex 14.8606 2.7263 0.0000
    endloop
  endfacet
  facet normal -0.000000 0.000000 -1.000000
    outer loop
      vertex 16.6200 0.2796 0.0000
      vertex 15.4301 0.2459 0.0000
      vertex 14.8606 2.7263 0.0000
    endloop
  endfacet
  facet normal 0.000000 0.000000 -1.000000
    outer loop
      vertex 16.6200 0.2796 0.0000
      vertex 14.8606 2.7263 0.0000
      vertex 14.6880 3.4614 0.0000
    endloop
  endfacet
  facet normal 0.000000 0.000000 -1.000000
    outer loop
      vertex 16.6200 0.2796 0.0000
      vertex 14.6880 3.4614 0.0000
      vertex 14.6859 3.4691 0.0000
    endloop
  endfacet
  facet normal 0.000000 0.000000 -1.000000
    outer loop
      vertex 16.6200 0.2796 0.0000
      vertex 14.6859 3.4691 0.0000
      vertex 14.6800 3.4854 0.0000
    endloop
  endfacet
  facet normal -0.000000 0.000000 -1.000000
    outer loop
      vertex 16.6717 0.2838 0.0000
      vertex 16.6200 0.2796 0.0000
      vertex 14.6800 3.4854 0.0000
    endloop
  endfacet
  facet normal -0.000000 0.000000 -1.000000
    outer loop
      vertex 18.1377 0.4807 0.0000
      vertex 16.6717 0.2838 0.0000
      vertex 14.6800 3.4854 0.0000
    endloop
  endfacet
  facet normal 0.000000 0.000000 -1.000000
    outer loop
      vertex 18.1377 0.4807 0.0000
      vertex 14.6800 3.4854 0.0000
      vertex 14.6746 3.4959 0.0000
    endloop
  endfacet
  facet normal 0.000000 0.000000 -1.000000
    outer loop
      vertex 18.1377 0.4807 0.0000
      vertex 14.6746 3.4959 0.0000
      vertex 14.6680 3.5056 0.0000
    endloop
  endfacet
  facet normal 0.000000 0.000000 -1.000000
    outer loop
      vertex 18.1377 0.4807 0.0000
      vertex 14.6680 3.5056 0.0000
      vertex 14.6568 3.5185 0.0000
    endloop
  endfacet
  facet normal 0.000000 0.000000 -1.000000
    outer loop
      vertex 18.1377 0.4807 0.0000
      vertex 14.6568 3.5185 0.0000
      vertex 14.6511 3.5239 0.0000
    endloop
  endfacet
  facet normal 0.000000 0.000000 -1.000000
    outer loop
      vertex 18.1377 0.4807 0.0000
      vertex 14.6511 3.5239 0.0000
      vertex 14.0671 4.0393 0.0000
    endloop
  endfacet
  facet normal -0.000000 0.000000 -1.000000
    outer loop
      vertex 18.1660 0.4853 0.0000
      vertex 18.1377 0.4807 0.0000
      vertex 14.0671 4.0393 0.0000
    endloop
  endfacet
  facet normal -0.000000 0.000000 -1.000000
    outer loop
      vertex 19.7227 0.7830 0.0000
      vertex 18.1660 0.4853 0.0000
      vertex 14.0671 4.0393 0.0000
    endloop
  endfacet
  facet normal 0.000000 0.000000 -1.000000
    outer loop
      vertex 19.7227 0.7830 0.0000
      vertex 14.0671 4.0393 0.0000
      vertex 14.0610 4.0443 0.0000
    endloop
  endfacet
  facet normal -0.000000 0.000000 -1.000000
    outer loop
      vertex 19.7403 0.7867 0.0000
      vertex 19.7227 0.7830 0.0000
      vertex 14.0610 4.0443 0.0000
    endloop
  endfacet
  facet normal -0.000000 0.000000 -1.000000
    outer loop
      vertex 21.2262 1.1223 0.0000
      vertex 19.7403 0.7867 0.0000
      vertex 14.0610 4.0443 0.0000
    endloop
  endfacet
  facet normal 0.000000 0.000000 -1.000000
    outer loop
      vertex 21.2262 1.1223 0.0000
      vertex 14.0610 4.0443 0.0000
      vertex 14.0466 4.0539 0.0000
    endloop
  endfacet
  facet normal -0.000000 0.000000 -1.000000
    outer loop
      vertex 21.2382 1.1251 0.0000
      vertex 21.2262 1.1223 0.0000
      vertex 14.0466 4.0539 0.0000
    endloop
  endfacet
  facet normal -0.000000 0.000000 -1.000000
    outer loop
      vertex 22.4953 1.4389 0.0000
      vertex 21.2382 1.1251 0.0000
      vertex 14.0466 4.0539 0.0000
    endloop
  endfacet
  facet normal 0.000000 0.000000 -1.000000
    outer loop
      vertex 22.4953 1.4389 0.0000
      vertex 14.0466 4.0539 0.0000
      vertex 14.0312 4.0616 0.0000
    endloop
  endfacet
  facet normal 0.000000 0.000000 -1.000000
    outer loop
      vertex 22.4953 1.4389 0.0000
      vertex 14.0312 4.0616 0.0000
      vertex 14.0238 4.0645 0.0000
    endloop
  endfacet
  facet normal 0.000000 0.000000 -1.000000
    outer loop
      vertex 22.4953 1.4389 0.0000
      vertex 14.0238 4.0645 0.0000
      vertex 13.1562 4.3620 0.0000
    endloop
  endfacet
  facet normal -0.000000 0.000000 -1.000000
    outer loop
      vertex 22.5039 1.4412 0.0000
      vertex 22.4953 1.4389 0.0000
      vertex 13.1562 4.3620 0.0000
    endloop
  endfacet
  facet normal -0.000000 0.000000 -1.000000
    outer loop
      vertex 23.1336 1.6097 0.0000
      vertex 22.5039 1.4412 0.0000
      vertex 13.1562 4.3620 0.0000
    endloop
  endfacet
  facet normal 0.000000 0.000000 -1.000000
    outer loop
      vertex 23.1336 1.6097 0.0000
      vertex 13.1562 4.3620 0.0000
      vertex 13.1489 4.3642 0.0000
    endloop
  endfacet
  facet normal -0.000000 0.000000 -1.000000
    outer loop
      vertex 23.1941 1.6303 0.0000
      vertex 23.1336 1.6097 0.0000
      vertex 13.1489 4.3642 0.0000
    endloop
  endfacet
  facet normal -0.000000 0.000000 -1.000000
    outer loop
      vertex 23.2513 1.6587 0.0000
      vertex 23.1941 1.6303 0.0000
      vertex 13.1489 4.3642 0.0000
    endloop
  endfacet
  facet normal -0.000000 0.000000 -1.000000
    outer loop
      vertex 23.3041 1.6945 0.0000
      vertex 23.2513 1.6587 0.0000
      vertex 13.1489 4.3642 0.0000
    endloop
  endfacet
  facet normal -0.000000 0.000000 -1.000000
    outer loop
      vertex 23.3516 1.7369 0.0000
      vertex 23.3041 1.6945 0.0000
      vertex 13.1489 4.3642 0.0000
    endloop
  endfacet
  facet normal -0.000000 0.000000 -1.000000
    outer loop
      vertex 23.3931 1.7854 0.0000
      vertex 23.3516 1.7369 0.0000
      vertex 13.1489 4.3642 0.0000
    endloop
  endfacet
  facet normal -0.000000 0.000000 -1.000000
    outer loop
      vertex 23.4277 1.8391 0.0000
      vertex 23.3931 1.7854 0.0000
      vertex 13.1489 4.3642 0.0000
    endloop
  endfacet
  facet normal -0.000000 0.000000 -1.000000
    outer loop
      vertex 23.4550 1.8970 0.0000
      vertex 23.4277 1.8391 0.0000
      vertex 13.1489 4.3642 0.0000
    endloop
  endfacet
  facet normal -0.000000 0.000000 -1.000000
    outer loop
      vertex 23.4744 1.9581 0.0000
      vertex 23.4550 1.8970 0.0000
      vertex 13.1489 4.3642 0.0000
    endloop
  endfacet
  facet normal -0.000000 0.000000 -1.000000
    outer loop
      vertex 23.4856 2.0215 0.0000
      vertex 23.4744 1.9581 0.0000
      vertex 13.1489 4.3642 0.0000
    endloop
  endfacet
  facet normal -0.000000 0.000000 -1.000000
    outer loop
      vertex 23.4884 2.0860 0.0000
      vertex 23.4856 2.0215 0.0000
      vertex 13.1489 4.3642 0.0000
    endloop
  endfacet
  facet normal -0.000000 -0.000000 -1.000000
    outer loop
      vertex 23.4828 2.1505 0.0000
      vertex 23.4884 2.0860 0.0000
      vertex 13.1489 4.3642 0.0000
    endloop
  endfacet
  facet normal -0.000000 -0.000000 -1.000000
    outer loop
      vertex 23.4688 2.2139 0.0000
      vertex 23.4828 2.1505 0.0000
      vertex 13.1489 4.3642 0.0000
    endloop
  endfacet
  facet normal -0.000000 -0.000000 -1.000000
    outer loop
      vertex 23.2801 2.8653 0.0000
      vertex 23.4688 2.2139 0.0000
      vertex 13.1489 4.3642 0.0000
    endloop
  endfacet
  facet normal -0.000000 -0.000000 -1.000000
    outer loop
      vertex 23.2796 2.8671 0.0000
      vertex 23.2801 2.8653 0.0000
      vertex 13.1489 4.3642 0.0000
    endloop
  endfacet
  facet normal -0.000000 -0.000000 -1.000000
    outer loop
      vertex 22.9311 4.1460 0.0000
      vertex 23.2796 2.8671 0.0000
      vertex 13.1489 4.3642 0.0000
    endloop
  endfacet
  facet normal 0.000000 0.000000 -1.000000
    outer loop
      vertex 22.9311 4.1460 0.0000
      vertex 13.1489 4.3642 0.0000
      vertex 13.1271 4.3687 0.0000
    endloop
  endfacet
  facet normal 0.000000 0.000000 -1.000000
    outer loop
      vertex 22.9311 4.1460 0.0000
      vertex 13.1271 4.3687 0.0000
      vertex 13.1195 4.3696 0.0000
    endloop
  endfacet
  facet normal 0.000000 0.000000 -1.000000
    outer loop
      vertex 22.9311 4.1460 0.0000
      vertex 13.1195 4.3696 0.0000
      vertex 12.0997 4.4548 0.0000
    endloop
  endfacet
  facet normal 0.000000 0.000000 -1.000000
    outer loop
      vertex 22.9311 4.1460 0.0000
      vertex 12.0997 4.4548 0.0000
      vertex 12.0931 4.4552 0.0000
    endloop
  endfacet
  facet normal -0.000000 -0.000000 -1.000000
    outer loop
      vertex 22.9301 4.1500 0.0000
      vertex 22.9311 4.1460 0.0000
      vertex 12.0931 4.4552 0.0000
    endloop
  endfacet
  facet normal -0.000000 -0.000000 -1.000000
    outer loop
      vertex 22.9296 4.1519 0.0000
      vertex 22.9301 4.1500 0.0000
      vertex 12.0931 4.4552 0.0000
    endloop
  endfacet
  facet normal 0.000000 -0.000000 -1.000000
    outer loop
      vertex 22.5534 5.6617 0.0000
      vertex 22.9296 4.1519 0.0000
      vertex 12.0931 4.4552 0.0000
    endloop
  endfacet
  facet normal 0.000000 0.000000 -1.000000
    outer loop
      vertex 22.5534 5.6617 0.0000
      vertex 12.0931 4.4552 0.0000
      vertex 12.0739 4.4548 0.0000
    endloop
  endfacet
  facet normal 0.000000 0.000000 -1.000000
    outer loop
      vertex 22.5534 5.6617 0.0000
      vertex 12.0739 4.4548 0.0000
      vertex 12.0672 4.4542 0.0000
    endloop
  endfacet
  facet normal 0.000000 -0.000000 -1.000000
    outer loop
      vertex 22.5520 5.6674 0.0000
      vertex 22.5534 5.6617 0.0000
      vertex 12.0672 4.4542 0.0000
    endloop
  endfacet
  facet normal 0.000000 -0.000000 -1.000000
    outer loop
      vertex 22.5514 5.6703 0.0000
      vertex 22.5520 5.6674 0.0000
      vertex 12.0672 4.4542 0.0000
    endloop
  endfacet
  facet normal 0.000000 -0.000000 -1.000000
    outer loop
      vertex 22.2164 7.2455 0.0000
      vertex 22.5514 5.6703 0.0000
      vertex 12.0672 4.4542 0.0000
    endloop
  endfacet
  facet normal 0.000000 0.000000 -1.000000
    outer loop
      vertex 22.2164 7.2455 0.0000
      vertex 12.0672 4.4542 0.0000
      vertex 11.0379 4.3324 0.0000
    endloop
  endfacet
  facet normal 0.000000 0.000000 -1.000000
    outer loop
      vertex 22.2164 7.2455 0.0000
      vertex 11.0379 4.3324 0.0000
      vertex 11.0301 4.3313 0.0000
    endloop
  endfacet
  facet normal 0.000000 0.000000 -1.000000
    outer loop
      vertex 22.2164 7.2455 0.0000
      vertex 11.0301 4.3313 0.0000
      vertex 11.0080 4.3260 0.0000
    endloop
  endfacet
  facet normal 0.000000 -0.000000 -1.000000
    outer loop
      vertex 22.2151 7.2518 0.0000
      vertex 22.2164 7.2455 0.0000
      vertex 11.0080 4.3260 0.0000
    endloop
  endfacet
  facet normal 0.000000 -0.000000 -1.000000
    outer loop
      vertex 22.2141 7.2581 0.0000
      vertex 22.2151 7.2518 0.0000
      vertex 11.0080 4.3260 0.0000
    endloop
  endfacet
  facet normal 0.000000 -0.000000 -1.000000
    outer loop
      vertex 21.9970 8.7392 0.0000
      vertex 22.2141 7.2581 0.0000
      vertex 11.0080 4.3260 0.0000
    endloop
  endfacet
  facet normal 0.000000 0.000000 -1.000000
    outer loop
      vertex 21.9970 8.7392 0.0000
      vertex 11.0080 4.3260 0.0000
      vertex 0.5939 1.5592 0.0000
    endloop
  endfacet
  facet normal 0.000000 -0.000000 -1.000000
    outer loop
      vertex 21.9957 8.7506 0.0000
      vertex 21.9970 8.7392 0.0000
      vertex 0.5939 1.5592 0.0000
    endloop
  endfacet
  facet normal 0.000000 -0.000000 -1.000000
    outer loop
      vertex 21.9951 8.7620 0.0000
      vertex 21.9957 8.7506 0.0000
      vertex 0.5939 1.5592 0.0000
    endloop
  endfacet
  facet normal 0.000000 -0.000000 -1.000000
    outer loop
      vertex 21.9673 10.0125 0.0000
      vertex 21.9951 8.7620 0.0000
      vertex 0.5939 1.5592 0.0000
    endloop
  endfacet
  facet normal 0.000000 0.000000 -1.000000
    outer loop
      vertex 21.9674 10.0201 0.0000
      vertex 21.9673 10.0125 0.0000
      vertex 0.5939 1.5592 0.0000
    endloop
  endfacet
  facet normal 0.000000 0.000000 -1.000000
    outer loop
      vertex 21.9698 10.0419 0.0000
      vertex 21.9674 10.0201 0.0000
      vertex 0.5939 1.5592 0.0000
    endloop
  endfacet
  facet normal 0.000000 0.000000 -1.000000
    outer loop
      vertex 21.9713 10.0494 0.0000
      vertex 21.9698 10.0419 0.0000
      vertex 0.5939 1.5592 0.0000
    endloop
  endfacet
  facet normal 0.000000 0.000000 -1.000000
    outer loop
      vertex 22.1834 10.9356 0.0000
      vertex 21.9713 10.0494 0.0000
      vertex 0.5939 1.5592 0.0000
    endloop
  endfacet
  facet normal 0.000000 0.000000 -1.000000
    outer loop
      vertex 22.1858 10.9443 0.0000
      vertex 22.1834 10.9356 0.0000
      vertex 0.5939 1.5592 0.0000
    endloop
  endfacet
  facet normal 0.000000 0.000000 -1.000000
    outer loop
      vertex 22.1931 10.9627 0.0000
      vertex 22.1858 10.9443 0.0000
      vertex 0.5939 1.5592 0.0000
    endloop
  endfacet
  facet normal 0.000000 0.000000 -1.000000
    outer loop
      vertex 22.1998 10.9745 0.0000
      vertex 22.1931 10.9627 0.0000
      vertex 0.5939 1.5592 0.0000
    endloop
  endfacet
  facet normal 0.000000 0.000000 -1.000000
    outer loop
      vertex 22.2081 10.9853 0.0000
      vertex 22.1998 10.9745 0.0000
      vertex 0.5939 1.5592 0.0000
    endloop
  endfacet
  facet normal 0.000000 0.000000 -1.000000
    outer loop
      vertex 22.2224 10.9994 0.0000
      vertex 22.2081 10.9853 0.0000
      vertex 0.5939 1.5592 0.0000
    endloop
  endfacet
  facet normal 0.000000 0.000000 -1.000000
    outer loop
      vertex 22.2296 11.0052 0.0000
      vertex 22.2224 10.9994 0.0000
      vertex 0.5939 1.5592 0.0000
    endloop
  endfacet
  facet normal 0.000000 0.000000 -1.000000
    outer loop
      vertex 22.7267 11.3797 0.0000
      vertex 22.2296 11.0052 0.0000
      vertex 0.5939 1.5592 0.0000
    endloop
  endfacet
  facet normal 0.000000 0.000000 -1.000000
    outer loop
      vertex 22.7335 11.3845 0.0000
      vertex 22.7267 11.3797 0.0000
      vertex 0.5939 1.5592 0.0000
    endloop
  endfacet
  facet normal 0.000000 0.000000 -1.000000
    outer loop
      vertex 24.6055 10.7792 0.0000
      vertex 24.5444 10.7902 0.0000
      vertex 24.4852 10.8085 0.0000
    endloop
  endfacet
  facet normal 0.000000 0.000000 -1.000000
    outer loop
      vertex 24.6677 10.7758 0.0000
      vertex 24.6055 10.7792 0.0000
      vertex 24.4852 10.8085 0.0000
    endloop
  endfacet
  facet normal 0.000000 0.000000 -1.000000
    outer loop
      vertex 24.6677 10.7758 0.0000
      vertex 24.4852 10.8085 0.0000
      vertex 23.6997 11.1043 0.0000
    endloop
  endfacet
  facet normal 0.000000 0.000000 -1.000000
    outer loop
      vertex 24.6677 10.7758 0.0000
      vertex 23.6997 11.1043 0.0000
      vertex 23.6974 11.1051 0.0000
    endloop
  endfacet
  facet normal 0.000000 0.000000 -1.000000
    outer loop
      vertex 24.6677 10.7758 0.0000
      vertex 23.6974 11.1051 0.0000
      vertex 23.6927 11.1068 0.0000
    endloop
  endfacet
  facet normal -0.000000 0.000000 -1.000000
    outer loop
      vertex 24.7300 10.7799 0.0000
      vertex 24.6677 10.7758 0.0000
      vertex 23.6927 11.1068 0.0000
    endloop
  endfacet
  facet normal 0.000000 0.000000 -1.000000
    outer loop
      vertex 24.7300 10.7799 0.0000
      vertex 23.6927 11.1068 0.0000
      vertex 22.8348 11.3976 0.0000
    endloop
  endfacet
  facet normal -0.000000 0.000000 -1.000000
    outer loop
      vertex 24.7914 10.7915 0.0000
      vertex 24.7300 10.7799 0.0000
      vertex 22.8348 11.3976 0.0000
    endloop
  endfacet
  facet normal -0.000000 0.000000 -1.000000
    outer loop
      vertex 25.1769 10.8891 0.0000
      vertex 24.7914 10.7915 0.0000
      vertex 22.8348 11.3976 0.0000
    endloop
  endfacet
  facet normal -0.000000 0.000000 -1.000000
    outer loop
      vertex 25.2349 10.9075 0.0000
      vertex 25.1769 10.8891 0.0000
      vertex 22.8348 11.3976 0.0000
    endloop
  endfacet
  facet normal -0.000000 0.000000 -1.000000
    outer loop
      vertex 25.2902 10.9326 0.0000
      vertex 25.2349 10.9075 0.0000
      vertex 22.8348 11.3976 0.0000
    endloop
  endfacet
  facet normal 0.000000 0.000000 -1.000000
    outer loop
      vertex 25.2902 10.9326 0.0000
      vertex 22.8348 11.3976 0.0000
      vertex 22.8269 11.4000 0.0000
    endloop
  endfacet
  facet normal 0.000000 0.000000 -1.000000
    outer loop
      vertex 25.2902 10.9326 0.0000
      vertex 22.8269 11.4000 0.0000
      vertex 22.8093 11.4036 0.0000
    endloop
  endfacet
  facet normal -0.000000 0.000000 -1.000000
    outer loop
      vertex 25.3421 10.9640 0.0000
      vertex 25.2902 10.9326 0.0000
      vertex 22.8093 11.4036 0.0000
    endloop
  endfacet
  facet normal -0.000000 0.000000 -1.000000
    outer loop
      vertex 25.3898 11.0013 0.0000
      vertex 25.3421 10.9640 0.0000
      vertex 22.8093 11.4036 0.0000
    endloop
  endfacet
  facet normal -0.000000 0.000000 -1.000000
    outer loop
      vertex 25.4325 11.0439 0.0000
      vertex 25.3898 11.0013 0.0000
      vertex 22.8093 11.4036 0.0000
    endloop
  endfacet
  facet normal 0.000000 0.000000 -1.000000
    outer loop
      vertex 25.7773 11.4320 0.0000
      vertex 25.4325 11.0439 0.0000
      vertex 22.8093 11.4036 0.0000
    endloop
  endfacet
  facet normal 0.000000 0.000000 -1.000000
    outer loop
      vertex 25.8152 11.4803 0.0000
      vertex 25.7773 11.4320 0.0000
      vertex 22.8093 11.4036 0.0000
    endloop
  endfacet
  facet normal 0.000000 0.000000 -1.000000
    outer loop
      vertex 25.8467 11.5328 0.0000
      vertex 25.8152 11.4803 0.0000
      vertex 22.8093 11.4036 0.0000
    endloop
  endfacet
  facet normal 0.000000 0.000000 -1.000000
    outer loop
      vertex 25.8713 11.5885 0.0000
      vertex 25.8467 11.5328 0.0000
      vertex 22.8093 11.4036 0.0000
    endloop
  endfacet
  facet normal 0.000000 0.000000 -1.000000
    outer loop
      vertex 25.8713 11.5885 0.0000
      vertex 22.8093 11.4036 0.0000
      vertex 22.7971 11.4046 0.0000
    endloop
  endfacet
  facet normal 0.000000 0.000000 -1.000000
    outer loop
      vertex 25.8713 11.5885 0.0000
      vertex 22.7971 11.4046 0.0000
      vertex 22.7847 11.4040 0.0000
    endloop
  endfacet
  facet normal 0.000000 0.000000 -1.000000
    outer loop
      vertex 26.1383 12.3108 0.0000
      vertex 25.8713 11.5885 0.0000
      vertex 22.7847 11.4040 0.0000
    endloop
  endfacet
  facet normal 0.000000 0.000000 -1.000000
    outer loop
      vertex 26.1553 12.3672 0.0000
      vertex 26.1383 12.3108 0.0000
      vertex 22.7847 11.4040 0.0000
    endloop
  endfacet
  facet normal 0.000000 0.000000 -1.000000
    outer loop
      vertex 26.1654 12.4250 0.0000
      vertex 26.1553 12.3672 0.0000
      vertex 22.7847 11.4040 0.0000
    endloop
  endfacet
  facet normal 0.000000 0.000000 -1.000000
    outer loop
      vertex 26.1654 12.4250 0.0000
      vertex 22.7847 11.4040 0.0000
      vertex 22.7725 11.4020 0.0000
    endloop
  endfacet
  facet normal 0.000000 0.000000 -1.000000
    outer loop
      vertex 26.1654 12.4250 0.0000
      vertex 22.7725 11.4020 0.0000
      vertex 22.7606 11.3985 0.0000
    endloop
  endfacet
  facet normal 0.000000 0.000000 -1.000000
    outer loop
      vertex 26.2675 13.3297 0.0000
      vertex 26.1654 12.4250 0.0000
      vertex 22.7606 11.3985 0.0000
    endloop
  endfacet
  facet normal 0.000000 0.000000 -1.000000
    outer loop
      vertex 26.2706 13.3796 0.0000
      vertex 26.2675 13.3297 0.0000
      vertex 22.7606 11.3985 0.0000
    endloop
  endfacet
  facet normal 0.000000 -0.000000 -1.000000
    outer loop
      vertex 26.2685 13.4294 0.0000
      vertex 26.2706 13.3796 0.0000
      vertex 22.7606 11.3985 0.0000
    endloop
  endfacet
  facet normal 0.000000 -0.000000 -1.000000
    outer loop
      vertex 26.1835 14.3347 0.0000
      vertex 26.2685 13.4294 0.0000
      vertex 22.7606 11.3985 0.0000
    endloop
  endfacet
  facet normal 0.000000 0.000000 -1.000000
    outer loop
      vertex 26.1835 14.3347 0.0000
      vertex 22.7606 11.3985 0.0000
      vertex 22.7492 11.3936 0.0000
    endloop
  endfacet
  facet normal 0.000000 0.000000 -1.000000
    outer loop
      vertex 22.7492 11.3936 0.0000
      vertex 22.7335 11.3845 0.0000
      vertex 0.5939 1.5592 0.0000
    endloop
  endfacet
  facet normal 0.000000 0.000000 -1.000000
    outer loop
      vertex 26.1835 14.3347 0.0000
      vertex 22.7492 11.3936 0.0000
      vertex 0.5939 1.5592 0.0000
    endloop
  endfacet
  facet normal 0.000000 -0.000000 -1.000000
    outer loop
      vertex 26.1745 14.3926 0.0000
      vertex 26.1835 14.3347 0.0000
      vertex 0.5939 1.5592 0.0000
    endloop
  endfacet
  facet normal 0.000000 -0.000000 -1.000000
    outer loop
      vertex 26.1586 14.4489 0.0000
      vertex 26.1745 14.3926 0.0000
      vertex 0.5939 1.5592 0.0000
    endloop
  endfacet
  facet normal 0.000000 -0.000000 -1.000000
    outer loop
      vertex 25.9059 15.1718 0.0000
      vertex 26.1586 14.4489 0.0000
      vertex 0.5939 1.5592 0.0000
    endloop
  endfacet
  facet normal 0.000000 -0.000000 -1.000000
    outer loop
      vertex 25.8824 15.2277 0.0000
      vertex 25.9059 15.1718 0.0000
      vertex 0.5939 1.5592 0.0000
    endloop
  endfacet
  facet normal 0.000000 -0.000000 -1.000000
    outer loop
      vertex 25.8520 15.2801 0.0000
      vertex 25.8824 15.2277 0.0000
      vertex 0.5939 1.5592 0.0000
    endloop
  endfacet
  facet normal 0.000000 -0.000000 -1.000000
    outer loop
      vertex 25.8153 15.3282 0.0000
      vertex 25.8520 15.2801 0.0000
      vertex 0.5939 1.5592 0.0000
    endloop
  endfacet
  facet normal 0.000000 -0.000000 -1.000000
    outer loop
      vertex 25.4796 15.7149 0.0000
      vertex 25.8153 15.3282 0.0000
      vertex 0.5939 1.5592 0.0000
    endloop
  endfacet
  facet normal 0.000000 -0.000000 -1.000000
    outer loop
      vertex 25.4379 15.7573 0.0000
      vertex 25.4796 15.7149 0.0000
      vertex 0.5939 1.5592 0.0000
    endloop
  endfacet
  facet normal 0.000000 -0.000000 -1.000000
    outer loop
      vertex 25.3913 15.7942 0.0000
      vertex 25.4379 15.7573 0.0000
      vertex 0.5939 1.5592 0.0000
    endloop
  endfacet
  facet normal 0.000000 -0.000000 -1.000000
    outer loop
      vertex 25.3403 15.8252 0.0000
      vertex 25.3913 15.7942 0.0000
      vertex 0.5939 1.5592 0.0000
    endloop
  endfacet
  facet normal 0.000000 -0.000000 -1.000000
    outer loop
      vertex 25.2859 15.8496 0.0000
      vertex 25.3403 15.8252 0.0000
      vertex 0.5939 1.5592 0.0000
    endloop
  endfacet
  facet normal 0.000000 -0.000000 -1.000000
    outer loop
      vertex 25.2287 15.8673 0.0000
      vertex 25.2859 15.8496 0.0000
      vertex 0.5939 1.5592 0.0000
    endloop
  endfacet
  facet normal 0.000000 -0.000000 -1.000000
    outer loop
      vertex 24.8481 15.9594 0.0000
      vertex 25.2287 15.8673 0.0000
      vertex 0.5939 1.5592 0.0000
    endloop
  endfacet
  facet normal 0.000000 -0.000000 -1.000000
    outer loop
      vertex 24.7875 15.9701 0.0000
      vertex 24.8481 15.9594 0.0000
      vertex 0.5939 1.5592 0.0000
    endloop
  endfacet
  facet normal 0.000000 -0.000000 -1.000000
    outer loop
      vertex 24.7259 15.9732 0.0000
      vertex 24.7875 15.9701 0.0000
      vertex 0.5939 1.5592 0.0000
    endloop
  endfacet
  facet normal 0.000000 -0.000000 -1.000000
    outer loop
      vertex 24.6642 15.9685 0.0000
      vertex 24.7259 15.9732 0.0000
      vertex 0.5939 1.5592 0.0000
    endloop
  endfacet
  facet normal 0.000000 -0.000000 -1.000000
    outer loop
      vertex 24.6034 15.9562 0.0000
      vertex 24.6642 15.9685 0.0000
      vertex 0.5939 1.5592 0.0000
    endloop
  endfacet
  facet normal 0.000000 -0.000000 -1.000000
    outer loop
      vertex 24.5444 15.9365 0.0000
      vertex 24.6034 15.9562 0.0000
      vertex 0.5939 1.5592 0.0000
    endloop
  endfacet
  facet normal 0.000000 -0.000000 -1.000000
    outer loop
      vertex 23.7604 15.6189 0.0000
      vertex 24.5444 15.9365 0.0000
      vertex 0.5939 1.5592 0.0000
    endloop
  endfacet
  facet normal 0.000000 -0.000000 -1.000000
    outer loop
      vertex 23.7557 15.6171 0.0000
      vertex 23.7604 15.6189 0.0000
      vertex 0.5939 1.5592 0.0000
    endloop
  endfacet
  facet normal 0.000000 -0.000000 -1.000000
    outer loop
      vertex 23.7534 15.6162 0.0000
      vertex 23.7557 15.6171 0.0000
      vertex 0.5939 1.5592 0.0000
    endloop
  endfacet
  facet normal 0.000000 -0.000000 -1.000000
    outer loop
      vertex 22.8956 15.2975 0.0000
      vertex 23.7534 15.6162 0.0000
      vertex 0.5939 1.5592 0.0000
    endloop
  endfacet
  facet normal 0.000000 -0.000000 -1.000000
    outer loop
      vertex 22.8877 15.2948 0.0000
      vertex 22.8956 15.2975 0.0000
      vertex 0.5939 1.5592 0.0000
    endloop
  endfacet
  facet normal 0.000000 -0.000000 -1.000000
    outer loop
      vertex 22.8702 15.2907 0.0000
      vertex 22.8877 15.2948 0.0000
      vertex 0.5939 1.5592 0.0000
    endloop
  endfacet
  facet normal 0.000000 -0.000000 -1.000000
    outer loop
      vertex 22.8580 15.2893 0.0000
      vertex 22.8702 15.2907 0.0000
      vertex 0.5939 1.5592 0.0000
    endloop
  endfacet
  facet normal 0.000000 -0.000000 -1.000000
    outer loop
      vertex 22.8458 15.2895 0.0000
      vertex 22.8580 15.2893 0.0000
      vertex 0.5939 1.5592 0.0000
    endloop
  endfacet
  facet normal 0.000000 -0.000000 -1.000000
    outer loop
      vertex 22.8337 15.2913 0.0000
      vertex 22.8458 15.2895 0.0000
      vertex 0.5939 1.5592 0.0000
    endloop
  endfacet
  facet normal 0.000000 -0.000000 -1.000000
    outer loop
      vertex 22.8221 15.2945 0.0000
      vertex 22.8337 15.2913 0.0000
      vertex 0.5939 1.5592 0.0000
    endloop
  endfacet
  facet normal 0.000000 -0.000000 -1.000000
    outer loop
      vertex 22.8109 15.2992 0.0000
      vertex 22.8221 15.2945 0.0000
      vertex 0.5939 1.5592 0.0000
    endloop
  endfacet
  facet normal 0.000000 -0.000000 -1.000000
    outer loop
      vertex 22.7956 15.3080 0.0000
      vertex 22.8109 15.2992 0.0000
      vertex 0.5939 1.5592 0.0000
    endloop
  endfacet
  facet normal 0.000000 -0.000000 -1.000000
    outer loop
      vertex 22.7890 15.3127 0.0000
      vertex 22.7956 15.3080 0.0000
      vertex 0.5939 1.5592 0.0000
    endloop
  endfacet
  facet normal 0.000000 -0.000000 -1.000000
    outer loop
      vertex 22.3081 15.6823 0.0000
      vertex 22.7890 15.3127 0.0000
      vertex 0.5939 1.5592 0.0000
    endloop
  endfacet
  facet normal 0.000000 -0.000000 -1.000000
    outer loop
      vertex 22.3012 15.6880 0.0000
      vertex 22.3081 15.6823 0.0000
      vertex 0.5939 1.5592 0.0000
    endloop
  endfacet
  facet normal 0.000000 -0.000000 -1.000000
    outer loop
      vertex 22.2875 15.7021 0.0000
      vertex 22.3012 15.6880 0.0000
      vertex 0.5939 1.5592 0.0000
    endloop
  endfacet
  facet normal 0.000000 -0.000000 -1.000000
    outer loop
      vertex 22.2796 15.7130 0.0000
      vertex 22.2875 15.7021 0.0000
      vertex 0.5939 1.5592 0.0000
    endloop
  endfacet
  facet normal 0.000000 -0.000000 -1.000000
    outer loop
      vertex 22.2733 15.7250 0.0000
      vertex 22.2796 15.7130 0.0000
      vertex 0.5939 1.5592 0.0000
    endloop
  endfacet
  facet normal 0.000000 -0.000000 -1.000000
    outer loop
      vertex 22.2666 15.7437 0.0000
      vertex 22.2733 15.7250 0.0000
      vertex 0.5939 1.5592 0.0000
    endloop
  endfacet
  facet normal 0.000000 -0.000000 -1.000000
    outer loop
      vertex 22.2645 15.7526 0.0000
      vertex 22.2666 15.7437 0.0000
      vertex 0.5939 1.5592 0.0000
    endloop
  endfacet
  facet normal 0.000000 -0.000000 -1.000000
    outer loop
      vertex 22.0785 16.6638 0.0000
      vertex 22.2645 15.7526 0.0000
      vertex 0.5939 1.5592 0.0000
    endloop
  endfacet
  facet normal 0.000000 -0.000000 -1.000000
    outer loop
      vertex 22.0771 16.6716 0.0000
      vertex 22.0785 16.6638 0.0000
      vertex 0.5939 1.5592 0.0000
    endloop
  endfacet
  facet normal 0.000000 -0.000000 -1.000000
    outer loop
      vertex 22.0753 16.6942 0.0000
      vertex 22.0771 16.6716 0.0000
      vertex 0.5939 1.5592 0.0000
    endloop
  endfacet
  facet normal 0.000000 0.000000 -1.000000
    outer loop
      vertex 22.0753 16.7021 0.0000
      vertex 22.0753 16.6942 0.0000
      vertex 0.5939 1.5592 0.0000
    endloop
  endfacet
  facet normal 0.000000 0.000000 -1.000000
    outer loop
      vertex 22.1214 18.0065 0.0000
      vertex 22.0753 16.7021 0.0000
      vertex 0.5939 1.5592 0.0000
    endloop
  endfacet
  facet normal 0.000000 0.000000 -1.000000
    outer loop
      vertex 22.1221 18.0184 0.0000
      vertex 22.1214 18.0065 0.0000
      vertex 0.5939 1.5592 0.0000
    endloop
  endfacet
  facet normal 0.000000 0.000000 -1.000000
    outer loop
      vertex 22.1235 18.0303 0.0000
      vertex 22.1221 18.0184 0.0000
      vertex 0.5939 1.5592 0.0000
    endloop
  endfacet
  facet normal 0.000000 0.000000 -1.000000
    outer loop
      vertex 22.3380 19.5719 0.0000
      vertex 22.1235 18.0303 0.0000
      vertex 0.5939 1.5592 0.0000
    endloop
  endfacet
  facet normal 0.000000 0.000000 -1.000000
    outer loop
      vertex 22.3390 19.5785 0.0000
      vertex 22.3380 19.5719 0.0000
      vertex 0.5939 1.5592 0.0000
    endloop
  endfacet
  facet normal 0.000000 0.000000 -1.000000
    outer loop
      vertex 22.3402 19.5850 0.0000
      vertex 22.3390 19.5785 0.0000
      vertex 0.5939 1.5592 0.0000
    endloop
  endfacet
  facet normal 0.000000 0.000000 -1.000000
    outer loop
      vertex 22.6596 21.2045 0.0000
      vertex 22.3402 19.5850 0.0000
      vertex 0.5939 1.5592 0.0000
    endloop
  endfacet
  facet normal 0.000000 0.000000 -1.000000
    outer loop
      vertex 22.6608 21.2103 0.0000
      vertex 22.6596 21.2045 0.0000
      vertex 0.5939 1.5592 0.0000
    endloop
  endfacet
  facet normal 0.000000 0.000000 -1.000000
    outer loop
      vertex 22.6615 21.2133 0.0000
      vertex 22.6608 21.2103 0.0000
      vertex 0.5939 1.5592 0.0000
    endloop
  endfacet
  facet normal 0.000000 0.000000 -1.000000
    outer loop
      vertex 23.0218 22.7500 0.0000
      vertex 22.6615 21.2133 0.0000
      vertex 0.5939 1.5592 0.0000
    endloop
  endfacet
  facet normal 0.000000 0.000000 -1.000000
    outer loop
      vertex 23.0227 22.7540 0.0000
      vertex 23.0218 22.7500 0.0000
      vertex 0.5939 1.5592 0.0000
    endloop
  endfacet
  facet normal 0.000000 0.000000 -1.000000
    outer loop
      vertex 23.0232 22.7560 0.0000
      vertex 23.0227 22.7540 0.0000
      vertex 0.5939 1.5592 0.0000
    endloop
  endfacet
  facet normal 0.000000 0.000000 -1.000000
    outer loop
      vertex 23.3610 24.0530 0.0000
      vertex 23.0232 22.7560 0.0000
      vertex 0.5939 1.5592 0.0000
    endloop
  endfacet
  facet normal 0.000000 0.000000 -1.000000
    outer loop
      vertex 23.3614 24.0548 0.0000
      vertex 23.3610 24.0530 0.0000
      vertex 0.5939 1.5592 0.0000
    endloop
  endfacet
  facet normal 0.000000 0.000000 -1.000000
    outer loop
      vertex 23.4919 24.5214 0.0000
      vertex 23.3614 24.0548 0.0000
      vertex 0.5939 1.5592 0.0000
    endloop
  endfacet
  facet normal 0.000000 0.000000 -1.000000
    outer loop
      vertex 23.5054 24.5857 0.0000
      vertex 23.4919 24.5214 0.0000
      vertex 0.5939 1.5592 0.0000
    endloop
  endfacet
  facet normal 0.000000 0.000000 -1.000000
    outer loop
      vertex 23.5105 24.6511 0.0000
      vertex 23.5054 24.5857 0.0000
      vertex 0.5939 1.5592 0.0000
    endloop
  endfacet
  facet normal 0.000000 -0.000000 -1.000000
    outer loop
      vertex 23.5071 24.7166 0.0000
      vertex 23.5105 24.6511 0.0000
      vertex 0.5939 1.5592 0.0000
    endloop
  endfacet
  facet normal 0.000000 -0.000000 -1.000000
    outer loop
      vertex 23.4951 24.7809 0.0000
      vertex 23.5071 24.7166 0.0000
      vertex 0.5939 1.5592 0.0000
    endloop
  endfacet
  facet normal 0.000000 -0.000000 -1.000000
    outer loop
      vertex 23.4750 24.8430 0.0000
      vertex 23.4951 24.7809 0.0000
      vertex 0.5939 1.5592 0.0000
    endloop
  endfacet
  facet normal 0.000000 -0.000000 -1.000000
    outer loop
      vertex 23.4469 24.9019 0.0000
      vertex 23.4750 24.8430 0.0000
      vertex 0.5939 1.5592 0.0000
    endloop
  endfacet
  facet normal 0.000000 -0.000000 -1.000000
    outer loop
      vertex 23.4113 24.9564 0.0000
      vertex 23.4469 24.9019 0.0000
      vertex 0.5939 1.5592 0.0000
    endloop
  endfacet
  facet normal 0.000000 -0.000000 -1.000000
    outer loop
      vertex 23.3690 25.0057 0.0000
      vertex 23.4113 24.9564 0.0000
      vertex 0.5939 1.5592 0.0000
    endloop
  endfacet
  facet normal 0.000000 -0.000000 -1.000000
    outer loop
      vertex 23.3206 25.0488 0.0000
      vertex 23.3690 25.0057 0.0000
      vertex 0.5939 1.5592 0.0000
    endloop
  endfacet
  facet normal 0.000000 -0.000000 -1.000000
    outer loop
      vertex 23.2669 25.0852 0.0000
      vertex 23.3206 25.0488 0.0000
      vertex 0.5939 1.5592 0.0000
    endloop
  endfacet
  facet normal 0.000000 -0.000000 -1.000000
    outer loop
      vertex 23.2089 25.1140 0.0000
      vertex 23.2669 25.0852 0.0000
      vertex 0.5939 1.5592 0.0000
    endloop
  endfacet
  facet normal 0.000000 -0.000000 -1.000000
    outer loop
      vertex 23.1476 25.1349 0.0000
      vertex 23.2089 25.1140 0.0000
      vertex 0.5939 1.5592 0.0000
    endloop
  endfacet
  facet normal 0.000000 -0.000000 -1.000000
    outer loop
      vertex 23.0840 25.1475 0.0000
      vertex 23.1476 25.1349 0.0000
      vertex 0.5939 1.5592 0.0000
    endloop
  endfacet
  facet normal 0.000000 -0.000000 -1.000000
    outer loop
      vertex 23.0193 25.1515 0.0000
      vertex 23.0840 25.1475 0.0000
      vertex 0.5939 1.5592 0.0000
    endloop
  endfacet
  facet normal 0.000000 -0.000000 -1.000000
    outer loop
      vertex 0.6779 25.2102 0.0000
      vertex 23.0193 25.1515 0.0000
      vertex 0.5939 1.5592 0.0000
    endloop
  endfacet
  facet normal 0.000000 -0.000000 -1.000000
    outer loop
      vertex 0.6130 25.2063 0.0000
      vertex 0.6779 25.2102 0.0000
      vertex 0.5939 1.5592 0.0000
    endloop
  endfacet
  facet normal 0.000000 0.000000 -1.000000
    outer loop
      vertex 0.5492 25.1939 0.0000
      vertex 0.6130 25.2063 0.0000
      vertex 0.5939 1.5592 0.0000
    endloop
  endfacet
  facet normal 0.000000 0.000000 -1.000000
    outer loop
      vertex 0.4877 25.1734 0.0000
      vertex 0.5492 25.1939 0.0000
      vertex 0.5939 1.5592 0.0000
    endloop
  endfacet
  facet normal 0.000000 0.000000 -1.000000
    outer loop
      vertex 0.4295 25.1449 0.0000
      vertex 0.4877 25.1734 0.0000
      vertex 0.5939 1.5592 0.0000
    endloop
  endfacet
  facet normal 0.000000 0.000000 -1.000000
    outer loop
      vertex 0.3756 25.1091 0.0000
      vertex 0.4295 25.1449 0.0000
      vertex 0.5939 1.5592 0.0000
    endloop
  endfacet
  facet normal 0.000000 0.000000 -1.000000
    outer loop
      vertex 0.3269 25.0664 0.0000
      vertex 0.3756 25.1091 0.0000
      vertex 0.5939 1.5592 0.0000
    endloop
  endfacet
  facet normal 0.000000 0.000000 -1.000000
    outer loop
      vertex 0.2843 25.0178 0.0000
      vertex 0.3269 25.0664 0.0000
      vertex 0.5939 1.5592 0.0000
    endloop
  endfacet
  facet normal 0.000000 0.000000 -1.000000
    outer loop
      vertex 0.2484 24.9639 0.0000
      vertex 0.2843 25.0178 0.0000
      vertex 0.5939 1.5592 0.0000
    endloop
  endfacet
  facet normal 0.000000 0.000000 -1.000000
    outer loop
      vertex 0.2200 24.9057 0.0000
      vertex 0.2484 24.9639 0.0000
      vertex 0.5939 1.5592 0.0000
    endloop
  endfacet
  facet normal 0.000000 0.000000 -1.000000
    outer loop
      vertex 0.1994 24.8442 0.0000
      vertex 0.2200 24.9057 0.0000
      vertex 0.5939 1.5592 0.0000
    endloop
  endfacet
  facet normal 0.000000 0.000000 -1.000000
    outer loop
      vertex 0.1870 24.7805 0.0000
      vertex 0.1994 24.8442 0.0000
      vertex 0.5939 1.5592 0.0000
    endloop
  endfacet
  facet normal 0.000000 0.000000 -1.000000
    outer loop
      vertex 0.1831 24.7157 0.0000
      vertex 0.1870 24.7805 0.0000
      vertex 0.5939 1.5592 0.0000
    endloop
  endfacet
  facet normal 0.000000 0.000000 -1.000000
    outer loop
      vertex 0.2307 2.0336 0.0000
      vertex 0.1831 24.7157 0.0000
      vertex 0.5939 1.5592 0.0000
    endloop
  endfacet
  facet normal 0.000000 0.000000 -1.000000
    outer loop
      vertex 0.2346 1.9696 0.0000
      vertex 0.2307 2.0336 0.0000
      vertex 0.5939 1.5592 0.0000
    endloop
  endfacet
  facet normal 0.000000 0.000000 -1.000000
    outer loop
      vertex 0.2469 1.9066 0.0000
      vertex 0.2346 1.9696 0.0000
      vertex 0.5939 1.5592 0.0000
    endloop
  endfacet
  facet normal 0.000000 0.000000 -1.000000
    outer loop
      vertex 0.2673 1.8459 0.0000
      vertex 0.2469 1.9066 0.0000
      vertex 0.5939 1.5592 0.0000
    endloop
  endfacet
  facet normal 0.000000 0.000000 -1.000000
    outer loop
      vertex 0.2955 1.7883 0.0000
      vertex 0.2673 1.8459 0.0000
      vertex 0.5939 1.5592 0.0000
    endloop
  endfacet
  facet normal 0.000000 0.000000 -1.000000
    outer loop
      vertex 0.3310 1.7350 0.0000
      vertex 0.2955 1.7883 0.0000
      vertex 0.5939 1.5592 0.0000
    endloop
  endfacet
  facet normal 0.000000 0.000000 -1.000000
    outer loop
      vertex 0.3733 1.6867 0.0000
      vertex 0.3310 1.7350 0.0000
      vertex 0.5939 1.5592 0.0000
    endloop
  endfacet
  facet normal 0.000000 0.000000 -1.000000
    outer loop
      vertex 0.4215 1.6443 0.0000
      vertex 0.3733 1.6867 0.0000
      vertex 0.5939 1.5592 0.0000
    endloop
  endfacet
  facet normal 0.000000 0.000000 -1.000000
    outer loop
      vertex 0.4750 1.6086 0.0000
      vertex 0.4215 1.6443 0.0000
      vertex 0.5939 1.5592 0.0000
    endloop
  endfacet
  facet normal 0.000000 0.000000 -1.000000
    outer loop
      vertex 0.5939 1.5592 0.0000
      vertex 0.5328 1.5800 0.0000
      vertex 0.4750 1.6086 0.0000
    endloop
  endfacet
  facet normal -0.248449 -0.955155 -0.161094
    outer loop
      vertex 1.3746 1.3483 0.0000
      vertex 1.3834 1.3460 0.0000
      vertex 1.1591 1.2357 1.0000
    endloop
  endfacet
  facet normal -0.255115 -0.953190 -0.162310
    outer loop
      vertex 1.3746 1.3483 0.0000
      vertex 1.1591 1.2357 1.0000
      vertex 1.1502 1.2381 1.0000
    endloop
  endfacet
  facet normal -0.239162 -0.956221 -0.168649
    outer loop
      vertex 1.3834 1.3460 0.0000
      vertex 2.6631 1.0260 0.0000
      vertex 2.4448 0.9042 1.0000
    endloop
  endfacet
  facet normal -0.246443 -0.955740 -0.160708
    outer loop
      vertex 1.3834 1.3460 0.0000
      vertex 2.4448 0.9042 1.0000
      vertex 1.1591 1.2357 1.0000
    endloop
  endfacet
  facet normal -0.226862 -0.959595 -0.166468
    outer loop
      vertex 2.6631 1.0260 0.0000
      vertex 2.6754 1.0231 0.0000
      vertex 2.4571 0.9012 1.0000
    endloop
  endfacet
  facet normal -0.234014 -0.957661 -0.167700
    outer loop
      vertex 2.6631 1.0260 0.0000
      vertex 2.4571 0.9012 1.0000
      vertex 2.4448 0.9042 1.0000
    endloop
  endfacet
  facet normal -0.214034 -0.960870 -0.175836
    outer loop
      vertex 2.6754 1.0231 0.0000
      vertex 4.1916 0.6853 0.0000
      vertex 3.9821 0.5490 1.0000
    endloop
  endfacet
  facet normal -0.221920 -0.960908 -0.165549
    outer loop
      vertex 2.6754 1.0231 0.0000
      vertex 3.9821 0.5490 1.0000
      vertex 2.4571 0.9012 1.0000
    endloop
  endfacet
  facet normal -0.196003 -0.965257 -0.172804
    outer loop
      vertex 4.1916 0.6853 0.0000
      vertex 4.2097 0.6817 0.0000
      vertex 4.0002 0.5452 1.0000
    endloop
  endfacet
  facet normal -0.203761 -0.963428 -0.174032
    outer loop
      vertex 4.1916 0.6853 0.0000
      vertex 4.0002 0.5452 1.0000
      vertex 3.9821 0.5490 1.0000
    endloop
  endfacet
  facet normal -0.177453 -0.967037 -0.182622
    outer loop
      vertex 4.2097 0.6817 0.0000
      vertex 5.7996 0.3899 0.0000
      vertex 5.6015 0.2374 1.0000
    endloop
  endfacet
  facet normal -0.185960 -0.967560 -0.171014
    outer loop
      vertex 4.2097 0.6817 0.0000
      vertex 5.6015 0.2374 1.0000
      vertex 4.0002 0.5452 1.0000
    endloop
  endfacet
  facet normal -0.148712 -0.972720 -0.178047
    outer loop
      vertex 5.7996 0.3899 0.0000
      vertex 5.8285 0.3855 0.0000
      vertex 5.6306 0.2327 1.0000
    endloop
  endfacet
  facet normal -0.157159 -0.971173 -0.179232
    outer loop
      vertex 5.7996 0.3899 0.0000
      vertex 5.6306 0.2327 1.0000
      vertex 5.6015 0.2374 1.0000
    endloop
  endfacet
  facet normal -0.119515 -0.975221 -0.186170
    outer loop
      vertex 5.8285 0.3855 0.0000
      vertex 7.3239 0.2022 0.0000
      vertex 7.1389 0.0340 1.0000
    endloop
  endfacet
  facet normal -0.128606 -0.976204 -0.174601
    outer loop
      vertex 5.8285 0.3855 0.0000
      vertex 7.1389 0.0340 1.0000
      vertex 5.6306 0.2327 1.0000
    endloop
  endfacet
  facet normal -0.067132 -0.981725 -0.178072
    outer loop
      vertex 7.3239 0.2022 0.0000
      vertex 7.3765 0.1986 0.0000
      vertex 7.1920 0.0299 1.0000
    endloop
  endfacet
  facet normal -0.076363 -0.980856 -0.179139
    outer loop
      vertex 7.3239 0.2022 0.0000
      vertex 7.1920 0.0299 1.0000
      vertex 7.1389 0.0340 1.0000
    endloop
  endfacet
  facet normal -0.014404 -0.983489 -0.180391
    outer loop
      vertex 7.3765 0.1986 0.0000
      vertex 8.5876 0.1809 0.0000
      vertex 8.4150 0.0000 1.0000
    endloop
  endfacet
  facet normal -0.024047 -0.985032 -0.170684
    outer loop
      vertex 7.3765 0.1986 0.0000
      vertex 8.4150 0.0000 1.0000
      vertex 7.1920 0.0299 1.0000
    endloop
  endfacet
  facet normal 0.044941 -0.984265 -0.170887
    outer loop
      vertex 8.5876 0.1809 0.0000
      vertex 8.6468 0.1836 0.0000
      vertex 8.4749 0.0021 1.0000
    endloop
  endfacet
  facet normal 0.034978 -0.984468 -0.172047
    outer loop
      vertex 8.5876 0.1809 0.0000
      vertex 8.4749 0.0021 1.0000
      vertex 8.4150 0.0000 1.0000
    endloop
  endfacet
  facet normal 0.162563 -0.975289 -0.149613
    outer loop
      vertex 8.6468 0.1836 0.0000
      vertex 8.7054 0.1934 0.0000
      vertex 8.5340 0.0114 1.0000
    endloop
  endfacet
  facet normal 0.152962 -0.976639 -0.150929
    outer loop
      vertex 8.6468 0.1836 0.0000
      vertex 8.5340 0.0114 1.0000
      vertex 8.4749 0.0021 1.0000
    endloop
  endfacet
  facet normal 0.220835 -0.964598 -0.144160
    outer loop
      vertex 8.7054 0.1934 0.0000
      vertex 9.3538 0.3418 0.0000
      vertex 9.1882 0.1545 1.0000
    endloop
  endfacet
  facet normal 0.211525 -0.967327 -0.139771
    outer loop
      vertex 8.7054 0.1934 0.0000
      vertex 9.1882 0.1545 1.0000
      vertex 8.5340 0.0114 1.0000
    endloop
  endfacet
  facet normal 0.288026 -0.948659 -0.130716
    outer loop
      vertex 9.3538 0.3418 0.0000
      vertex 9.4202 0.3620 0.0000
      vertex 9.2553 0.1741 1.0000
    endloop
  endfacet
  facet normal 0.278859 -0.951210 -0.132047
    outer loop
      vertex 9.3538 0.3418 0.0000
      vertex 9.2553 0.1741 1.0000
      vertex 9.1882 0.1545 1.0000
    endloop
  endfacet
  facet normal 0.417417 -0.903044 -0.101362
    outer loop
      vertex 9.4202 0.3620 0.0000
      vertex 9.4834 0.3912 0.0000
      vertex 9.3189 0.2029 1.0000
    endloop
  endfacet
  facet normal 0.410102 -0.906249 -0.102613
    outer loop
      vertex 9.4202 0.3620 0.0000
      vertex 9.3189 0.2029 1.0000
      vertex 9.2553 0.1741 1.0000
    endloop
  endfacet
  facet normal 0.538797 -0.839535 -0.069847
    outer loop
      vertex 9.4834 0.3912 0.0000
      vertex 9.5420 0.4288 0.0000
      vertex 9.3779 0.2403 1.0000
    endloop
  endfacet
  facet normal 0.533847 -0.842609 -0.070833
    outer loop
      vertex 9.4834 0.3912 0.0000
      vertex 9.3779 0.2403 1.0000
      vertex 9.3189 0.2029 1.0000
    endloop
  endfacet
  facet normal 0.649647 -0.759347 -0.036753
    outer loop
      vertex 9.5420 0.4288 0.0000
      vertex 9.5951 0.4742 0.0000
      vertex 9.4311 0.2855 1.0000
    endloop
  endfacet
  facet normal 0.647214 -0.761395 -0.037316
    outer loop
      vertex 9.5420 0.4288 0.0000
      vertex 9.4311 0.2855 1.0000
      vertex 9.3779 0.2403 1.0000
    endloop
  endfacet
  facet normal 0.747660 -0.664076 -0.002719
    outer loop
      vertex 9.5951 0.4742 0.0000
      vertex 9.6414 0.5264 0.0000
      vertex 9.4775 0.3377 1.0000
    endloop
  endfacet
  facet normal 0.747501 -0.664255 -0.002762
    outer loop
      vertex 9.5951 0.4742 0.0000
      vertex 9.4775 0.3377 1.0000
      vertex 9.4311 0.2855 1.0000
    endloop
  endfacet
  facet normal 0.791201 -0.611385 0.014485
    outer loop
      vertex 9.6414 0.5264 0.0000
      vertex 9.6988 0.6006 0.0000
      vertex 9.5347 0.4120 1.0000
    endloop
  endfacet
  facet normal 0.791981 -0.610369 0.014684
    outer loop
      vertex 9.6414 0.5264 0.0000
      vertex 9.5347 0.4120 1.0000
      vertex 9.4775 0.3377 1.0000
    endloop
  endfacet
  facet normal 0.826848 -0.561631 0.029884
    outer loop
      vertex 9.6988 0.6006 0.0000
      vertex 9.7339 0.6523 0.0000
      vertex 9.5697 0.4638 1.0000
    endloop
  endfacet
  facet normal 0.828322 -0.559428 0.030376
    outer loop
      vertex 9.6988 0.6006 0.0000
      vertex 9.5697 0.4638 1.0000
      vertex 9.5347 0.4120 1.0000
    endloop
  endfacet
  facet normal 0.888106 -0.455673 0.060246
    outer loop
      vertex 9.7339 0.6523 0.0000
      vertex 9.7624 0.7079 0.0000
      vertex 9.5980 0.5196 1.0000
    endloop
  endfacet
  facet normal 0.890438 -0.450972 0.061187
    outer loop
      vertex 9.7339 0.6523 0.0000
      vertex 9.5980 0.5196 1.0000
      vertex 9.5697 0.4638 1.0000
    endloop
  endfacet
  facet normal 0.935180 -0.342612 0.089748
    outer loop
      vertex 9.7624 0.7079 0.0000
      vertex 9.7839 0.7665 0.0000
      vertex 9.6191 0.5785 1.0000
    endloop
  endfacet
  facet normal 0.937640 -0.335480 0.091024
    outer loop
      vertex 9.7624 0.7079 0.0000
      vertex 9.6191 0.5785 1.0000
      vertex 9.5980 0.5196 1.0000
    endloop
  endfacet
  facet normal 0.967364 -0.224301 0.117878
    outer loop
      vertex 9.7839 0.7665 0.0000
      vertex 9.7980 0.8271 0.0000
      vertex 9.6326 0.6396 1.0000
    endloop
  endfacet
  facet normal 0.969270 -0.215116 0.119332
    outer loop
      vertex 9.7839 0.7665 0.0000
      vertex 9.6326 0.6396 1.0000
      vertex 9.6191 0.5785 1.0000
    endloop
  endfacet
  facet normal 0.984218 -0.102656 0.144140
    outer loop
      vertex 9.7980 0.8271 0.0000
      vertex 9.8044 0.8889 0.0000
      vertex 9.6384 0.7019 1.0000
    endloop
  endfacet
  facet normal 0.985051 -0.092066 0.145599
    outer loop
      vertex 9.7980 0.8271 0.0000
      vertex 9.6384 0.7019 1.0000
      vertex 9.6326 0.6396 1.0000
    endloop
  endfacet
  facet normal 0.985565 0.020383 0.168068
    outer loop
      vertex 9.8044 0.8889 0.0000
      vertex 9.8031 0.9508 0.0000
      vertex 9.6364 0.7644 1.0000
    endloop
  endfacet
  facet normal 0.985048 0.031544 0.169370
    outer loop
      vertex 9.8044 0.8889 0.0000
      vertex 9.6364 0.7644 1.0000
      vertex 9.6384 0.7019 1.0000
    endloop
  endfacet
  facet normal 0.971480 0.142888 0.189234
    outer loop
      vertex 9.8031 0.9508 0.0000
      vertex 9.7941 1.0118 0.0000
      vertex 9.6267 0.8262 1.0000
    endloop
  endfacet
  facet normal 0.969627 0.153709 0.190254
    outer loop
      vertex 9.8031 0.9508 0.0000
      vertex 9.6267 0.8262 1.0000
      vertex 9.6364 0.7644 1.0000
    endloop
  endfacet
  facet normal 0.942279 0.262971 0.207258
    outer loop
      vertex 9.7941 1.0118 0.0000
      vertex 9.7776 1.0711 0.0000
      vertex 9.6092 0.8863 1.0000
    endloop
  endfacet
  facet normal 0.939393 0.272589 0.207932
    outer loop
      vertex 9.7941 1.0118 0.0000
      vertex 9.6092 0.8863 1.0000
      vertex 9.6267 0.8262 1.0000
    endloop
  endfacet
  facet normal 0.921078 0.321366 0.219862
    outer loop
      vertex 9.7776 1.0711 0.0000
      vertex 9.5862 1.6196 0.0000
      vertex 9.4091 1.4432 1.0000
    endloop
  endfacet
  facet normal 0.918904 0.330251 0.215755
    outer loop
      vertex 9.7776 1.0711 0.0000
      vertex 9.4091 1.4432 1.0000
      vertex 9.6092 0.8863 1.0000
    endloop
  endfacet
  facet normal 0.915423 0.336012 0.221578
    outer loop
      vertex 9.5862 1.6196 0.0000
      vertex 9.5809 1.6340 0.0000
      vertex 9.4036 1.4578 1.0000
    endloop
  endfacet
  facet normal 0.912262 0.344036 0.222299
    outer loop
      vertex 9.5862 1.6196 0.0000
      vertex 9.4036 1.4578 1.0000
      vertex 9.4091 1.4432 1.0000
    endloop
  endfacet
  facet normal 0.907780 0.350307 0.230697
    outer loop
      vertex 9.5809 1.6340 0.0000
      vertex 9.2185 2.5732 0.0000
      vertex 9.0259 2.4139 1.0000
    endloop
  endfacet
  facet normal 0.906445 0.358102 0.223877
    outer loop
      vertex 9.5809 1.6340 0.0000
      vertex 9.0259 2.4139 1.0000
      vertex 9.4036 1.4578 1.0000
    endloop
  endfacet
  facet normal 0.918756 0.322073 0.228376
    outer loop
      vertex 9.2185 2.5732 0.0000
      vertex 9.2158 2.5809 0.0000
      vertex 9.0231 2.4217 1.0000
    endloop
  endfacet
  facet normal 0.916084 0.329210 0.228935
    outer loop
      vertex 9.2185 2.5732 0.0000
      vertex 9.0231 2.4217 1.0000
      vertex 9.0259 2.4139 1.0000
    endloop
  endfacet
  facet normal 0.947130 0.233614 0.219931
    outer loop
      vertex 9.2158 2.5809 0.0000
      vertex 9.2116 2.5981 0.0000
      vertex 9.0185 2.4392 1.0000
    endloop
  endfacet
  facet normal 0.944716 0.242485 0.220711
    outer loop
      vertex 9.2158 2.5809 0.0000
      vertex 9.0185 2.4392 1.0000
      vertex 9.0231 2.4217 1.0000
    endloop
  endfacet
  facet normal 0.972136 0.112511 0.205650
    outer loop
      vertex 9.2116 2.5981 0.0000
      vertex 9.2102 2.6102 0.0000
      vertex 9.0170 2.4515 1.0000
    endloop
  endfacet
  facet normal 0.970571 0.123201 0.206912
    outer loop
      vertex 9.2116 2.5981 0.0000
      vertex 9.0170 2.4515 1.0000
      vertex 9.0185 2.4392 1.0000
    endloop
  endfacet
  facet normal 0.982076 -0.010510 0.188194
    outer loop
      vertex 9.2102 2.6102 0.0000
      vertex 9.2103 2.6224 0.0000
      vertex 9.0170 2.4639 1.0000
    endloop
  endfacet
  facet normal 0.981810 0.001248 0.189862
    outer loop
      vertex 9.2102 2.6102 0.0000
      vertex 9.0170 2.4639 1.0000
      vertex 9.0170 2.4515 1.0000
    endloop
  endfacet
  facet normal 0.976720 -0.133554 0.167872
    outer loop
      vertex 9.2103 2.6224 0.0000
      vertex 9.2127 2.6402 0.0000
      vertex 9.0192 2.4819 1.0000
    endloop
  endfacet
  facet normal 0.977949 -0.121613 0.169785
    outer loop
      vertex 9.2103 2.6224 0.0000
      vertex 9.0192 2.4819 1.0000
      vertex 9.0170 2.4639 1.0000
    endloop
  endfacet
  facet normal 0.962685 -0.224698 0.150828
    outer loop
      vertex 9.2127 2.6402 0.0000
      vertex 9.2146 2.6482 0.0000
      vertex 9.0210 2.4901 1.0000
    endloop
  endfacet
  facet normal 0.964954 -0.213213 0.152987
    outer loop
      vertex 9.2127 2.6402 0.0000
      vertex 9.0210 2.4901 1.0000
      vertex 9.0192 2.4819 1.0000
    endloop
  endfacet
  facet normal 0.954688 -0.254851 0.153692
    outer loop
      vertex 9.2146 2.6482 0.0000
      vertex 9.4100 3.3801 0.0000
      vertex 9.2092 3.2311 1.0000
    endloop
  endfacet
  facet normal 0.958689 -0.243477 0.147084
    outer loop
      vertex 9.2146 2.6482 0.0000
      vertex 9.2092 3.2311 1.0000
      vertex 9.0210 2.4901 1.0000
    endloop
  endfacet
  facet normal 0.947241 -0.284358 0.147901
    outer loop
      vertex 9.4100 3.3801 0.0000
      vertex 9.4123 3.3878 0.0000
      vertex 9.2114 3.2389 1.0000
    endloop
  endfacet
  facet normal 0.950384 -0.272409 0.150212
    outer loop
      vertex 9.4100 3.3801 0.0000
      vertex 9.2114 3.2389 1.0000
      vertex 9.2092 3.2311 1.0000
    endloop
  endfacet
  facet normal 0.920011 -0.369729 0.129926
    outer loop
      vertex 9.4123 3.3878 0.0000
      vertex 9.4188 3.4041 0.0000
      vertex 9.2178 3.2554 1.0000
    endloop
  endfacet
  facet normal 0.923989 -0.358866 0.132138
    outer loop
      vertex 9.4123 3.3878 0.0000
      vertex 9.2178 3.2554 1.0000
      vertex 9.2114 3.2389 1.0000
    endloop
  endfacet
  facet normal 0.871768 -0.478721 0.104144
    outer loop
      vertex 9.4188 3.4041 0.0000
      vertex 9.4246 3.4146 0.0000
      vertex 9.2235 3.2660 1.0000
    endloop
  endfacet
  facet normal 0.876306 -0.469892 0.106249
    outer loop
      vertex 9.4188 3.4041 0.0000
      vertex 9.2235 3.2660 1.0000
      vertex 9.2178 3.2554 1.0000
    endloop
  endfacet
  facet normal 0.810513 -0.580667 0.076774
    outer loop
      vertex 9.4246 3.4146 0.0000
      vertex 9.4316 3.4244 0.0000
      vertex 9.2305 3.2759 1.0000
    endloop
  endfacet
  facet normal 0.814858 -0.574320 0.078498
    outer loop
      vertex 9.4246 3.4146 0.0000
      vertex 9.2305 3.2759 1.0000
      vertex 9.2235 3.2660 1.0000
    endloop
  endfacet
  facet normal 0.737140 -0.674016 0.048243
    outer loop
      vertex 9.4316 3.4244 0.0000
      vertex 9.4435 3.4374 0.0000
      vertex 9.2424 3.2890 1.0000
    endloop
  endfacet
  facet normal 0.740462 -0.670282 0.049378
    outer loop
      vertex 9.4316 3.4244 0.0000
      vertex 9.2424 3.2890 1.0000
      vertex 9.2305 3.2759 1.0000
    endloop
  endfacet
  facet normal 0.674811 -0.737522 0.026301
    outer loop
      vertex 9.4435 3.4374 0.0000
      vertex 9.4495 3.4429 0.0000
      vertex 9.2483 3.2945 1.0000
    endloop
  endfacet
  facet normal 0.676839 -0.735637 0.026966
    outer loop
      vertex 9.4435 3.4374 0.0000
      vertex 9.2483 3.2945 1.0000
      vertex 9.2424 3.2890 1.0000
    endloop
  endfacet
  facet normal 0.652587 -0.757432 0.020641
    outer loop
      vertex 9.4495 3.4429 0.0000
      vertex 10.0629 3.9714 0.0000
      vertex 9.8607 3.8244 1.0000
    endloop
  endfacet
  facet normal 0.654253 -0.756026 0.019419
    outer loop
      vertex 9.4495 3.4429 0.0000
      vertex 9.8607 3.8244 1.0000
      vertex 9.2483 3.2945 1.0000
    endloop
  endfacet
  facet normal 0.629394 -0.776976 0.013090
    outer loop
      vertex 10.0629 3.9714 0.0000
      vertex 10.0693 3.9766 0.0000
      vertex 9.8671 3.8296 1.0000
    endloop
  endfacet
  facet normal 0.630568 -0.776018 0.013456
    outer loop
      vertex 10.0629 3.9714 0.0000
      vertex 9.8671 3.8296 1.0000
      vertex 9.8607 3.8244 1.0000
    endloop
  endfacet
  facet normal 0.556718 -0.830647 -0.009515
    outer loop
      vertex 10.0693 3.9766 0.0000
      vertex 10.0843 3.9866 0.0000
      vertex 9.8821 3.8396 1.0000
    endloop
  endfacet
  facet normal 0.555800 -0.831258 -0.009771
    outer loop
      vertex 10.0693 3.9766 0.0000
      vertex 9.8821 3.8396 1.0000
      vertex 9.8671 3.8296 1.0000
    endloop
  endfacet
  facet normal 0.452439 -0.890918 -0.039544
    outer loop
      vertex 10.0843 3.9866 0.0000
      vertex 10.1003 3.9947 0.0000
      vertex 9.8981 3.8477 1.0000
    endloop
  endfacet
  facet normal 0.448372 -0.892925 -0.040580
    outer loop
      vertex 10.0843 3.9866 0.0000
      vertex 9.8981 3.8477 1.0000
      vertex 9.8821 3.8396 1.0000
    endloop
  endfacet
  facet normal 0.369582 -0.927149 -0.061681
    outer loop
      vertex 10.1003 3.9947 0.0000
      vertex 10.1080 3.9978 0.0000
      vertex 9.9058 3.8507 1.0000
    endloop
  endfacet
  facet normal 0.363081 -0.929605 -0.063299
    outer loop
      vertex 10.1003 3.9947 0.0000
      vertex 9.9058 3.8507 1.0000
      vertex 9.8981 3.8477 1.0000
    endloop
  endfacet
  facet normal 0.341815 -0.936622 -0.076827
    outer loop
      vertex 10.1080 3.9978 0.0000
      vertex 11.0005 4.3235 0.0000
      vertex 10.8035 4.1696 1.0000
    endloop
  endfacet
  facet normal 0.333926 -0.939939 -0.070770
    outer loop
      vertex 10.1080 3.9978 0.0000
      vertex 10.8035 4.1696 1.0000
      vertex 9.9058 3.8507 1.0000
    endloop
  endfacet
  facet normal 0.315061 -0.945388 -0.083528
    outer loop
      vertex 11.0005 4.3235 0.0000
      vertex 11.0080 4.3260 0.0000
      vertex 10.8111 4.1720 1.0000
    endloop
  endfacet
  facet normal 0.305286 -0.948385 -0.085833
    outer loop
      vertex 11.0005 4.3235 0.0000
      vertex 10.8111 4.1720 1.0000
      vertex 10.8035 4.1696 1.0000
    endloop
  endfacet
  facet normal 0.230571 -0.967498 -0.103853
    outer loop
      vertex 11.0080 4.3260 0.0000
      vertex 11.0301 4.3313 0.0000
      vertex 10.8334 4.1771 1.0000
    endloop
  endfacet
  facet normal 0.218581 -0.970009 -0.106321
    outer loop
      vertex 11.0080 4.3260 0.0000
      vertex 10.8334 4.1771 1.0000
      vertex 10.8111 4.1720 1.0000
    endloop
  endfacet
  facet normal 0.144214 -0.981851 -0.123168
    outer loop
      vertex 11.0301 4.3313 0.0000
      vertex 11.0379 4.3324 0.0000
      vertex 10.8413 4.1781 1.0000
    endloop
  endfacet
  facet normal 0.130418 -0.983418 -0.126014
    outer loop
      vertex 11.0301 4.3313 0.0000
      vertex 10.8413 4.1781 1.0000
      vertex 10.8334 4.1771 1.0000
    endloop
  endfacet
  facet normal 0.116244 -0.982550 -0.145198
    outer loop
      vertex 11.0379 4.3324 0.0000
      vertex 12.0672 4.4542 0.0000
      vertex 11.8835 4.2847 1.0000
    endloop
  endfacet
  facet normal 0.100847 -0.986060 -0.132347
    outer loop
      vertex 11.0379 4.3324 0.0000
      vertex 11.8835 4.2847 1.0000
      vertex 10.8413 4.1781 1.0000
    endloop
  endfacet
  facet normal 0.092809 -0.984332 -0.149924
    outer loop
      vertex 12.0672 4.4542 0.0000
      vertex 12.0739 4.4548 0.0000
      vertex 11.8903 4.2852 1.0000
    endloop
  endfacet
  facet normal 0.075463 -0.985316 -0.153161
    outer loop
      vertex 12.0672 4.4542 0.0000
      vertex 11.8903 4.2852 1.0000
      vertex 11.8835 4.2847 1.0000
    endloop
  endfacet
  facet normal 0.017831 -0.986238 -0.164365
    outer loop
      vertex 12.0739 4.4548 0.0000
      vertex 12.0931 4.4552 0.0000
      vertex 11.9097 4.2852 1.0000
    endloop
  endfacet
  facet normal 0.000000 -0.985917 -0.167238
    outer loop
      vertex 12.0739 4.4548 0.0000
      vertex 11.9097 4.2852 1.0000
      vertex 11.8903 4.2852 1.0000
    endloop
  endfacet
  facet normal -0.057326 -0.982429 -0.177617
    outer loop
      vertex 12.0931 4.4552 0.0000
      vertex 12.0997 4.4548 0.0000
      vertex 11.9165 4.2847 1.0000
    endloop
  endfacet
  facet normal -0.075111 -0.980709 -0.180464
    outer loop
      vertex 12.0931 4.4552 0.0000
      vertex 11.9165 4.2847 1.0000
      vertex 11.9097 4.2852 1.0000
    endloop
  endfacet
  facet normal -0.081580 -0.976377 -0.200079
    outer loop
      vertex 12.0997 4.4548 0.0000
      vertex 13.1195 4.3696 0.0000
      vertex 12.9587 4.1781 1.0000
    endloop
  endfacet
  facet normal -0.099993 -0.977708 -0.184631
    outer loop
      vertex 12.0997 4.4548 0.0000
      vertex 12.9587 4.1781 1.0000
      vertex 11.9165 4.2847 1.0000
    endloop
  endfacet
  facet normal -0.110893 -0.972625 -0.204215
    outer loop
      vertex 13.1195 4.3696 0.0000
      vertex 13.1271 4.3687 0.0000
      vertex 12.9666 4.1771 1.0000
    endloop
  endfacet
  facet normal -0.128635 -0.969972 -0.206415
    outer loop
      vertex 13.1195 4.3696 0.0000
      vertex 12.9666 4.1771 1.0000
      vertex 12.9587 4.1781 1.0000
    endloop
  endfacet
  facet normal -0.198900 -0.956026 -0.215529
    outer loop
      vertex 13.1271 4.3687 0.0000
      vertex 13.1489 4.3642 0.0000
      vertex 12.9889 4.1720 1.0000
    endloop
  endfacet
  facet normal -0.214591 -0.952301 -0.216965
    outer loop
      vertex 13.1271 4.3687 0.0000
      vertex 12.9889 4.1720 1.0000
      vertex 12.9666 4.1771 1.0000
    endloop
  endfacet
  facet normal -0.285446 -0.931659 -0.224795
    outer loop
      vertex 13.1489 4.3642 0.0000
      vertex 13.1562 4.3620 0.0000
      vertex 12.9965 4.1696 1.0000
    endloop
  endfacet
  facet normal -0.298494 -0.927285 -0.225931
    outer loop
      vertex 13.1489 4.3642 0.0000
      vertex 12.9965 4.1696 1.0000
      vertex 12.9889 4.1720 1.0000
    endloop
  endfacet
  facet normal -0.315090 -0.918921 -0.237283
    outer loop
      vertex 13.1562 4.3620 0.0000
      vertex 14.0238 4.0645 0.0000
      vertex 13.8942 3.8507 1.0000
    endloop
  endfacet
  facet normal -0.325908 -0.917370 -0.228507
    outer loop
      vertex 13.1562 4.3620 0.0000
      vertex 13.8942 3.8507 1.0000
      vertex 12.9965 4.1696 1.0000
    endloop
  endfacet
  facet normal -0.346727 -0.907032 -0.238900
    outer loop
      vertex 14.0238 4.0645 0.0000
      vertex 14.0312 4.0616 0.0000
      vertex 13.9019 3.8477 1.0000
    endloop
  endfacet
  facet normal -0.353256 -0.904447 -0.239135
    outer loop
      vertex 14.0238 4.0645 0.0000
      vertex 13.9019 3.8477 1.0000
      vertex 13.8942 3.8507 1.0000
    endloop
  endfacet
  facet normal -0.432569 -0.868563 -0.241829
    outer loop
      vertex 14.0312 4.0616 0.0000
      vertex 14.0466 4.0539 0.0000
      vertex 13.9179 3.8396 1.0000
    endloop
  endfacet
  facet normal -0.435422 -0.867135 -0.241835
    outer loop
      vertex 14.0312 4.0616 0.0000
      vertex 13.9179 3.8396 1.0000
      vertex 13.9019 3.8477 1.0000
    endloop
  endfacet
  facet normal -0.541007 -0.805387 -0.242207
    outer loop
      vertex 14.0466 4.0539 0.0000
      vertex 14.0610 4.0443 0.0000
      vertex 13.9329 3.8296 1.0000
    endloop
  endfacet
  facet normal -0.539269 -0.806534 -0.242266
    outer loop
      vertex 14.0466 4.0539 0.0000
      vertex 13.9329 3.8296 1.0000
      vertex 13.9179 3.8396 1.0000
    endloop
  endfacet
  facet normal -0.616825 -0.749650 -0.239900
    outer loop
      vertex 14.0610 4.0443 0.0000
      vertex 14.0671 4.0393 0.0000
      vertex 13.9393 3.8244 1.0000
    endloop
  endfacet
  facet normal -0.612170 -0.753376 -0.240153
    outer loop
      vertex 14.0610 4.0443 0.0000
      vertex 13.9393 3.8244 1.0000
      vertex 13.9329 3.8296 1.0000
    endloop
  endfacet
  facet normal -0.643772 -0.729419 -0.231314
    outer loop
      vertex 14.0671 4.0393 0.0000
      vertex 14.6511 3.5239 0.0000
      vertex 14.5517 3.2945 1.0000
    endloop
  endfacet
  facet normal -0.635418 -0.734260 -0.238969
    outer loop
      vertex 14.0671 4.0393 0.0000
      vertex 14.5517 3.2945 1.0000
      vertex 13.9393 3.8244 1.0000
    endloop
  endfacet
  facet normal -0.668293 -0.707868 -0.228707
    outer loop
      vertex 14.6511 3.5239 0.0000
      vertex 14.6568 3.5185 0.0000
      vertex 14.5576 3.2890 1.0000
    endloop
  endfacet
  facet normal -0.658966 -0.716211 -0.229794
    outer loop
      vertex 14.6511 3.5239 0.0000
      vertex 14.5576 3.2890 1.0000
      vertex 14.5517 3.2945 1.0000
    endloop
  endfacet
  facet normal -0.733301 -0.643305 -0.220064
    outer loop
      vertex 14.6568 3.5185 0.0000
      vertex 14.6680 3.5056 0.0000
      vertex 14.5695 3.2759 1.0000
    endloop
  endfacet
  facet normal -0.722893 -0.654379 -0.221842
    outer loop
      vertex 14.6568 3.5185 0.0000
      vertex 14.5695 3.2759 1.0000
      vertex 14.5576 3.2890 1.0000
    endloop
  endfacet
  facet normal -0.810079 -0.549033 -0.205753
    outer loop
      vertex 14.6680 3.5056 0.0000
      vertex 14.6746 3.4959 0.0000
      vertex 14.5765 3.2660 1.0000
    endloop
  endfacet
  facet normal -0.799462 -0.563469 -0.208240
    outer loop
      vertex 14.6680 3.5056 0.0000
      vertex 14.5765 3.2660 1.0000
      vertex 14.5695 3.2759 1.0000
    endloop
  endfacet
  facet normal -0.874579 -0.446809 -0.188345
    outer loop
      vertex 14.6746 3.4959 0.0000
      vertex 14.6800 3.4854 0.0000
      vertex 14.5822 3.2554 1.0000
    endloop
  endfacet
  facet normal -0.864976 -0.463817 -0.191549
    outer loop
      vertex 14.6746 3.4959 0.0000
      vertex 14.5822 3.2554 1.0000
      vertex 14.5765 3.2660 1.0000
    endloop
  endfacet
  facet normal -0.925939 -0.338233 -0.168036
    outer loop
      vertex 14.6800 3.4854 0.0000
      vertex 14.6859 3.4691 0.0000
      vertex 14.5886 3.2389 1.0000
    endloop
  endfacet
  facet normal -0.918290 -0.356652 -0.171878
    outer loop
      vertex 14.6800 3.4854 0.0000
      vertex 14.5886 3.2389 1.0000
      vertex 14.5822 3.2554 1.0000
    endloop
  endfacet
  facet normal -0.955404 -0.253618 -0.151264
    outer loop
      vertex 14.6859 3.4691 0.0000
      vertex 14.6880 3.4614 0.0000
      vertex 14.5908 3.2311 1.0000
    endloop
  endfacet
  facet normal -0.949652 -0.272199 -0.155140
    outer loop
      vertex 14.6859 3.4691 0.0000
      vertex 14.5908 3.2311 1.0000
      vertex 14.5886 3.2389 1.0000
    endloop
  endfacet
  facet normal -0.964945 -0.226650 -0.132333
    outer loop
      vertex 14.6880 3.4614 0.0000
      vertex 14.8606 2.7263 0.0000
      vertex 14.7790 2.4901 1.0000
    endloop
  endfacet
  facet normal -0.958382 -0.243399 -0.149200
    outer loop
      vertex 14.6880 3.4614 0.0000
      vertex 14.7790 2.4901 1.0000
      vertex 14.5908 3.2311 1.0000
    endloop
  endfacet
  facet normal -0.971998 -0.198302 -0.126077
    outer loop
      vertex 14.8606 2.7263 0.0000
      vertex 14.8623 2.7183 0.0000
      vertex 14.7808 2.4819 1.0000
    endloop
  endfacet
  facet normal -0.968214 -0.213933 -0.129595
    outer loop
      vertex 14.8606 2.7263 0.0000
      vertex 14.7808 2.4819 1.0000
      vertex 14.7790 2.4901 1.0000
    endloop
  endfacet
  facet normal -0.988425 -0.108586 -0.105953
    outer loop
      vertex 14.8623 2.7183 0.0000
      vertex 14.8643 2.7004 0.0000
      vertex 14.7830 2.4639 1.0000
    endloop
  endfacet
  facet normal -0.986403 -0.122664 -0.109374
    outer loop
      vertex 14.8623 2.7183 0.0000
      vertex 14.7830 2.4639 1.0000
      vertex 14.7808 2.4819 1.0000
    endloop
  endfacet
  facet normal -0.996883 0.012259 -0.077932
    outer loop
      vertex 14.8643 2.7004 0.0000
      vertex 14.8641 2.6880 0.0000
      vertex 14.7830 2.4515 1.0000
    endloop
  endfacet
  facet normal -0.996741 0.001267 -0.080655
    outer loop
      vertex 14.8643 2.7004 0.0000
      vertex 14.7830 2.4515 1.0000
      vertex 14.7830 2.4639 1.0000
    endloop
  endfacet
  facet normal -0.989939 0.132823 -0.048769
    outer loop
      vertex 14.8641 2.6880 0.0000
      vertex 14.8625 2.6758 0.0000
      vertex 14.7815 2.4392 1.0000
    endloop
  endfacet
  facet normal -0.990769 0.125765 -0.050593
    outer loop
      vertex 14.8641 2.6880 0.0000
      vertex 14.7815 2.4392 1.0000
      vertex 14.7830 2.4515 1.0000
    endloop
  endfacet
  facet normal -0.967729 0.251282 -0.018902
    outer loop
      vertex 14.8625 2.6758 0.0000
      vertex 14.8579 2.6582 0.0000
      vertex 14.7769 2.4217 1.0000
    endloop
  endfacet
  facet normal -0.968415 0.248568 -0.019650
    outer loop
      vertex 14.8625 2.6758 0.0000
      vertex 14.7769 2.4217 1.0000
      vertex 14.7815 2.4392 1.0000
    endloop
  endfacet
  facet normal -0.941255 0.337677 0.003672
    outer loop
      vertex 14.8579 2.6582 0.0000
      vertex 14.8551 2.6504 0.0000
      vertex 14.7741 2.4139 1.0000
    endloop
  endfacet
  facet normal -0.941071 0.338189 0.003813
    outer loop
      vertex 14.8579 2.6582 0.0000
      vertex 14.7741 2.4139 1.0000
      vertex 14.7769 2.4217 1.0000
    endloop
  endfacet
  facet normal -0.930537 0.366067 0.009770
    outer loop
      vertex 14.8551 2.6504 0.0000
      vertex 14.4788 1.6939 0.0000
      vertex 14.3964 1.4578 1.0000
    endloop
  endfacet
  facet normal -0.929989 0.367403 0.011615
    outer loop
      vertex 14.8551 2.6504 0.0000
      vertex 14.3964 1.4578 1.0000
      vertex 14.7741 2.4139 1.0000
    endloop
  endfacet
  facet normal -0.935930 0.352135 0.006025
    outer loop
      vertex 14.4788 1.6939 0.0000
      vertex 14.4733 1.6793 0.0000
      vertex 14.3909 1.4432 1.0000
    endloop
  endfacet
  facet normal -0.935656 0.352858 0.006231
    outer loop
      vertex 14.4788 1.6939 0.0000
      vertex 14.3909 1.4432 1.0000
      vertex 14.3964 1.4578 1.0000
    endloop
  endfacet
  facet normal -0.941157 0.337964 0.002091
    outer loop
      vertex 14.4733 1.6793 0.0000
      vertex 14.2733 1.1223 0.0000
      vertex 14.1908 0.8863 1.0000
    endloop
  endfacet
  facet normal -0.941066 0.338216 0.002317
    outer loop
      vertex 14.4733 1.6793 0.0000
      vertex 14.1908 0.8863 1.0000
      vertex 14.3909 1.4432 1.0000
    endloop
  endfacet
  facet normal -0.959871 0.280142 -0.013002
    outer loop
      vertex 14.2733 1.1223 0.0000
      vertex 14.2558 1.0622 0.0000
      vertex 14.1733 0.8262 1.0000
    endloop
  endfacet
  facet normal -0.960297 0.278655 -0.013484
    outer loop
      vertex 14.2733 1.1223 0.0000
      vertex 14.1733 0.8262 1.0000
      vertex 14.1908 0.8863 1.0000
    endloop
  endfacet
  facet normal -0.985965 0.161352 -0.042877
    outer loop
      vertex 14.2558 1.0622 0.0000
      vertex 14.2457 1.0006 0.0000
      vertex 14.1636 0.7644 1.0000
    endloop
  endfacet
  facet normal -0.986692 0.156414 -0.044415
    outer loop
      vertex 14.2558 1.0622 0.0000
      vertex 14.1636 0.7644 1.0000
      vertex 14.1733 0.8262 1.0000
    endloop
  endfacet
  facet normal -0.996610 0.039979 -0.071906
    outer loop
      vertex 14.2457 1.0006 0.0000
      vertex 14.2432 0.9382 0.0000
      vertex 14.1616 0.7019 1.0000
    endloop
  endfacet
  facet normal -0.996723 0.031918 -0.074323
    outer loop
      vertex 14.2457 1.0006 0.0000
      vertex 14.1616 0.7019 1.0000
      vertex 14.1636 0.7644 1.0000
    endloop
  endfacet
  facet normal -0.991632 -0.082045 -0.099671
    outer loop
      vertex 14.2432 0.9382 0.0000
      vertex 14.2483 0.8762 0.0000
      vertex 14.1674 0.6396 1.0000
    endloop
  endfacet
  facet normal -0.990394 -0.092565 -0.102718
    outer loop
      vertex 14.2432 0.9382 0.0000
      vertex 14.1674 0.6396 1.0000
      vertex 14.1616 0.7019 1.0000
    endloop
  endfacet
  facet normal -0.971113 -0.202773 -0.125788
    outer loop
      vertex 14.2483 0.8762 0.0000
      vertex 14.2610 0.8154 0.0000
      vertex 14.1809 0.5785 1.0000
    endloop
  endfacet
  facet normal -0.968067 -0.214849 -0.129176
    outer loop
      vertex 14.2483 0.8762 0.0000
      vertex 14.1809 0.5785 1.0000
      vertex 14.1674 0.6396 1.0000
    endloop
  endfacet
  facet normal -0.935386 -0.320281 -0.149908
    outer loop
      vertex 14.2610 0.8154 0.0000
      vertex 14.2811 0.7568 0.0000
      vertex 14.2020 0.5196 1.0000
    endloop
  endfacet
  facet normal -0.930412 -0.332894 -0.153345
    outer loop
      vertex 14.2610 0.8154 0.0000
      vertex 14.2020 0.5196 1.0000
      vertex 14.1809 0.5785 1.0000
    endloop
  endfacet
  facet normal -0.885033 -0.432698 -0.171723
    outer loop
      vertex 14.2811 0.7568 0.0000
      vertex 14.3082 0.7014 0.0000
      vertex 14.2303 0.4638 1.0000
    endloop
  endfacet
  facet normal -0.878352 -0.444851 -0.174944
    outer loop
      vertex 14.2811 0.7568 0.0000
      vertex 14.2303 0.4638 1.0000
      vertex 14.2020 0.5196 1.0000
    endloop
  endfacet
  facet normal -0.820867 -0.538247 -0.190962
    outer loop
      vertex 14.3082 0.7014 0.0000
      vertex 14.3419 0.6500 0.0000
      vertex 14.2653 0.4120 1.0000
    endloop
  endfacet
  facet normal -0.813000 -0.549080 -0.193760
    outer loop
      vertex 14.3082 0.7014 0.0000
      vertex 14.2653 0.4120 1.0000
      vertex 14.2303 0.4638 1.0000
    endloop
  endfacet
  facet normal -0.784042 -0.588017 -0.198780
    outer loop
      vertex 14.3419 0.6500 0.0000
      vertex 14.3971 0.5763 0.0000
      vertex 14.3225 0.3377 1.0000
    endloop
  endfacet
  facet normal -0.775787 -0.597888 -0.201702
    outer loop
      vertex 14.3419 0.6500 0.0000
      vertex 14.3225 0.3377 1.0000
      vertex 14.2653 0.4120 1.0000
    endloop
  endfacet
  facet normal -0.739266 -0.640752 -0.207179
    outer loop
      vertex 14.3971 0.5763 0.0000
      vertex 14.4419 0.5246 0.0000
      vertex 14.3689 0.2855 1.0000
    endloop
  endfacet
  facet normal -0.730917 -0.649517 -0.209493
    outer loop
      vertex 14.3971 0.5763 0.0000
      vertex 14.3689 0.2855 1.0000
      vertex 14.3225 0.3377 1.0000
    endloop
  endfacet
  facet normal -0.639063 -0.736409 -0.222039
    outer loop
      vertex 14.4419 0.5246 0.0000
      vertex 14.4935 0.4799 0.0000
      vertex 14.4221 0.2403 1.0000
    endloop
  endfacet
  facet normal -0.631259 -0.742625 -0.223652
    outer loop
      vertex 14.4419 0.5246 0.0000
      vertex 14.4221 0.2403 1.0000
      vertex 14.3689 0.2855 1.0000
    endloop
  endfacet
  facet normal -0.526515 -0.817623 -0.232967
    outer loop
      vertex 14.4935 0.4799 0.0000
      vertex 14.5507 0.4430 0.0000
      vertex 14.4811 0.2029 1.0000
    endloop
  endfacet
  facet normal -0.520344 -0.821297 -0.233909
    outer loop
      vertex 14.4935 0.4799 0.0000
      vertex 14.4811 0.2029 1.0000
      vertex 14.4221 0.2403 1.0000
    endloop
  endfacet
  facet normal -0.403808 -0.882852 -0.239817
    outer loop
      vertex 14.5507 0.4430 0.0000
      vertex 14.6125 0.4147 0.0000
      vertex 14.5447 0.1741 1.0000
    endloop
  endfacet
  facet normal -0.400207 -0.884384 -0.240208
    outer loop
      vertex 14.5507 0.4430 0.0000
      vertex 14.5447 0.1741 1.0000
      vertex 14.4811 0.2029 1.0000
    endloop
  endfacet
  facet normal -0.273299 -0.930862 -0.242496
    outer loop
      vertex 14.6125 0.4147 0.0000
      vertex 14.6777 0.3956 0.0000
      vertex 14.6118 0.1545 1.0000
    endloop
  endfacet
  facet normal -0.272924 -0.930965 -0.242523
    outer loop
      vertex 14.6125 0.4147 0.0000
      vertex 14.6118 0.1545 1.0000
      vertex 14.5447 0.1741 1.0000
    endloop
  endfacet
  facet normal -0.206840 -0.947849 -0.242487
    outer loop
      vertex 14.6777 0.3956 0.0000
      vertex 15.3142 0.2567 0.0000
      vertex 15.2660 0.0114 1.0000
    endloop
  endfacet
  facet normal -0.207260 -0.947823 -0.242230
    outer loop
      vertex 14.6777 0.3956 0.0000
      vertex 15.2660 0.0114 1.0000
      vertex 14.6118 0.1545 1.0000
    endloop
  endfacet
  facet normal -0.149166 -0.958639 -0.242408
    outer loop
      vertex 15.3142 0.2567 0.0000
      vertex 15.3718 0.2477 0.0000
      vertex 15.3251 0.0021 1.0000
    endloop
  endfacet
  facet normal -0.150122 -0.958501 -0.242362
    outer loop
      vertex 15.3142 0.2567 0.0000
      vertex 15.3251 0.0021 1.0000
      vertex 15.2660 0.0114 1.0000
    endloop
  endfacet
  facet normal -0.030492 -0.970301 -0.239971
    outer loop
      vertex 15.3718 0.2477 0.0000
      vertex 15.4301 0.2459 0.0000
      vertex 15.3850 0.0000 1.0000
    endloop
  endfacet
  facet normal -0.034470 -0.970188 -0.239891
    outer loop
      vertex 15.3718 0.2477 0.0000
      vertex 15.3850 0.0000 1.0000
      vertex 15.3251 0.0021 1.0000
    endloop
  endfacet
  facet normal 0.027440 -0.969922 -0.241866
    outer loop
      vertex 15.4301 0.2459 0.0000
      vertex 16.6200 0.2796 0.0000
      vertex 16.6080 0.0299 1.0000
    endloop
  endfacet
  facet normal 0.023705 -0.971047 -0.237711
    outer loop
      vertex 15.4301 0.2459 0.0000
      vertex 16.6080 0.0299 1.0000
      vertex 15.3850 0.0000 1.0000
    endloop
  endfacet
  facet normal 0.078693 -0.967381 -0.240793
    outer loop
      vertex 16.6200 0.2796 0.0000
      vertex 16.6717 0.2838 0.0000
      vertex 16.6611 0.0340 1.0000
    endloop
  endfacet
  facet normal 0.075336 -0.967665 -0.240725
    outer loop
      vertex 16.6200 0.2796 0.0000
      vertex 16.6611 0.0340 1.0000
      vertex 16.6080 0.0299 1.0000
    endloop
  endfacet
  facet normal 0.129150 -0.961509 -0.242531
    outer loop
      vertex 16.6717 0.2838 0.0000
      vertex 18.1377 0.4807 0.0000
      vertex 18.1694 0.2327 1.0000
    endloop
  endfacet
  facet normal 0.126824 -0.962675 -0.239107
    outer loop
      vertex 16.6717 0.2838 0.0000
      vertex 18.1694 0.2327 1.0000
      vertex 16.6611 0.0340 1.0000
    endloop
  endfacet
  facet normal 0.155860 -0.957568 -0.242426
    outer loop
      vertex 18.1377 0.4807 0.0000
      vertex 18.1660 0.4853 0.0000
      vertex 18.1985 0.2374 1.0000
    endloop
  endfacet
  facet normal 0.154981 -0.957716 -0.242408
    outer loop
      vertex 18.1377 0.4807 0.0000
      vertex 18.1985 0.2374 1.0000
      vertex 18.1694 0.2327 1.0000
    endloop
  endfacet
  facet normal 0.182306 -0.953308 -0.240765
    outer loop
      vertex 18.1660 0.4853 0.0000
      vertex 19.7227 0.7830 0.0000
      vertex 19.7998 0.5452 1.0000
    endloop
  endfacet
  facet normal 0.183124 -0.952805 -0.242131
    outer loop
      vertex 18.1660 0.4853 0.0000
      vertex 19.7998 0.5452 1.0000
      vertex 18.1985 0.2374 1.0000
    endloop
  endfacet
  facet normal 0.197933 -0.950089 -0.241150
    outer loop
      vertex 19.7227 0.7830 0.0000
      vertex 19.7403 0.7867 0.0000
      vertex 19.8179 0.5490 1.0000
    endloop
  endfacet
  facet normal 0.200805 -0.949454 -0.241275
    outer loop
      vertex 19.7227 0.7830 0.0000
      vertex 19.8179 0.5490 1.0000
      vertex 19.7998 0.5452 1.0000
    endloop
  endfacet
  facet normal 0.214177 -0.948197 -0.234630
    outer loop
      vertex 19.7403 0.7867 0.0000
      vertex 21.2262 1.1223 0.0000
      vertex 21.3429 0.9012 1.0000
    endloop
  endfacet
  facet normal 0.218357 -0.945479 -0.241639
    outer loop
      vertex 19.7403 0.7867 0.0000
      vertex 21.3429 0.9012 1.0000
      vertex 19.8179 0.5490 1.0000
    endloop
  endfacet
  facet normal 0.224485 -0.945670 -0.235193
    outer loop
      vertex 21.2262 1.1223 0.0000
      vertex 21.2382 1.1251 0.0000
      vertex 21.3552 0.9042 1.0000
    endloop
  endfacet
  facet normal 0.230692 -0.944062 -0.235643
    outer loop
      vertex 21.2262 1.1223 0.0000
      vertex 21.3552 0.9042 1.0000
      vertex 21.3429 0.9012 1.0000
    endloop
  endfacet
  facet normal 0.235905 -0.945038 -0.226388
    outer loop
      vertex 21.2382 1.1251 0.0000
      vertex 22.4953 1.4389 0.0000
      vertex 22.6409 1.2357 1.0000
    endloop
  endfacet
  facet normal 0.242620 -0.940912 -0.236263
    outer loop
      vertex 21.2382 1.1251 0.0000
      vertex 22.6409 1.2357 1.0000
      vertex 21.3552 0.9042 1.0000
    endloop
  endfacet
  facet normal 0.243513 -0.942960 -0.226996
    outer loop
      vertex 22.4953 1.4389 0.0000
      vertex 22.5039 1.4412 0.0000
      vertex 22.6498 1.2381 1.0000
    endloop
  endfacet
  facet normal 0.251747 -0.940603 -0.227794
    outer loop
      vertex 22.4953 1.4389 0.0000
      vertex 22.6498 1.2381 1.0000
      vertex 22.6409 1.2357 1.0000
    endloop
  endfacet
  facet normal 0.252123 -0.941862 -0.222104
    outer loop
      vertex 22.5039 1.4412 0.0000
      vertex 23.1336 1.6097 0.0000
      vertex 23.2920 1.4163 1.0000
    endloop
  endfacet
  facet normal 0.260306 -0.938108 -0.228459
    outer loop
      vertex 22.5039 1.4412 0.0000
      vertex 23.2920 1.4163 1.0000
      vertex 22.6498 1.2381 1.0000
    endloop
  endfacet
  facet normal 0.313443 -0.921969 -0.227434
    outer loop
      vertex 23.1336 1.6097 0.0000
      vertex 23.1941 1.6303 0.0000
      vertex 23.3537 1.4379 1.0000
    endloop
  endfacet
  facet normal 0.321091 -0.919041 -0.228615
    outer loop
      vertex 23.1336 1.6097 0.0000
      vertex 23.3537 1.4379 1.0000
      vertex 23.2920 1.4163 1.0000
    endloop
  endfacet
  facet normal 0.432527 -0.870157 -0.236108
    outer loop
      vertex 23.1941 1.6303 0.0000
      vertex 23.2513 1.6587 0.0000
      vertex 23.4121 1.4673 1.0000
    endloop
  endfacet
  facet normal 0.437425 -0.867531 -0.236747
    outer loop
      vertex 23.1941 1.6303 0.0000
      vertex 23.4121 1.4673 1.0000
      vertex 23.3537 1.4379 1.0000
    endloop
  endfacet
  facet normal 0.544154 -0.803581 -0.241150
    outer loop
      vertex 23.2513 1.6587 0.0000
      vertex 23.3041 1.6945 0.0000
      vertex 23.4662 1.5041 1.0000
    endloop
  endfacet
  facet normal 0.546275 -0.802074 -0.241373
    outer loop
      vertex 23.2513 1.6587 0.0000
      vertex 23.4662 1.5041 1.0000
      vertex 23.4121 1.4673 1.0000
    endloop
  endfacet
  facet normal 0.646479 -0.723365 -0.242502
    outer loop
      vertex 23.3041 1.6945 0.0000
      vertex 23.3516 1.7369 0.0000
      vertex 23.5150 1.5477 1.0000
    endloop
  endfacet
  facet normal 0.646108 -0.723706 -0.242473
    outer loop
      vertex 23.3041 1.6945 0.0000
      vertex 23.5150 1.5477 1.0000
      vertex 23.4662 1.5041 1.0000
    endloop
  endfacet
  facet normal 0.737812 -0.630844 -0.240144
    outer loop
      vertex 23.3516 1.7369 0.0000
      vertex 23.3931 1.7854 0.0000
      vertex 23.5577 1.5972 1.0000
    endloop
  endfacet
  facet normal 0.735498 -0.633576 -0.240049
    outer loop
      vertex 23.3516 1.7369 0.0000
      vertex 23.5577 1.5972 1.0000
      vertex 23.5150 1.5477 1.0000
    endloop
  endfacet
  facet normal 0.816633 -0.527548 -0.234100
    outer loop
      vertex 23.3931 1.7854 0.0000
      vertex 23.4277 1.8391 0.0000
      vertex 23.5935 1.6519 1.0000
    endloop
  endfacet
  facet normal 0.813114 -0.532950 -0.234116
    outer loop
      vertex 23.3931 1.7854 0.0000
      vertex 23.5935 1.6519 1.0000
      vertex 23.5577 1.5972 1.0000
    endloop
  endfacet
  facet normal 0.881621 -0.415182 -0.224431
    outer loop
      vertex 23.4277 1.8391 0.0000
      vertex 23.4550 1.8970 0.0000
      vertex 23.6219 1.7109 1.0000
    endloop
  endfacet
  facet normal 0.877719 -0.423223 -0.224704
    outer loop
      vertex 23.4277 1.8391 0.0000
      vertex 23.6219 1.7109 1.0000
      vertex 23.5935 1.6519 1.0000
    endloop
  endfacet
  facet normal 0.931661 -0.295609 -0.211243
    outer loop
      vertex 23.4550 1.8970 0.0000
      vertex 23.4744 1.9581 0.0000
      vertex 23.6424 1.7730 1.0000
    endloop
  endfacet
  facet normal 0.928177 -0.305938 -0.211871
    outer loop
      vertex 23.4550 1.8970 0.0000
      vertex 23.6424 1.7730 1.0000
      vertex 23.6219 1.7109 1.0000
    endloop
  endfacet
  facet normal 0.965876 -0.170826 -0.194686
    outer loop
      vertex 23.4744 1.9581 0.0000
      vertex 23.4856 2.0215 0.0000
      vertex 23.6546 1.8372 1.0000
    endloop
  endfacet
  facet normal 0.963476 -0.182799 -0.195701
    outer loop
      vertex 23.4744 1.9581 0.0000
      vertex 23.6546 1.8372 1.0000
      vertex 23.6424 1.7730 1.0000
    endloop
  endfacet
  facet normal 0.983638 -0.042942 -0.174961
    outer loop
      vertex 23.4856 2.0215 0.0000
      vertex 23.4884 2.0860 0.0000
      vertex 23.6583 1.9025 1.0000
    endloop
  endfacet
  facet normal 0.982756 -0.055687 -0.176325
    outer loop
      vertex 23.4856 2.0215 0.0000
      vertex 23.6583 1.9025 1.0000
      vertex 23.6546 1.8372 1.0000
    endloop
  endfacet
  facet normal 0.984595 0.085858 -0.152318
    outer loop
      vertex 23.4884 2.0860 0.0000
      vertex 23.4828 2.1505 0.0000
      vertex 23.6534 1.9677 1.0000
    endloop
  endfacet
  facet normal 0.985357 0.073341 -0.153924
    outer loop
      vertex 23.4884 2.0860 0.0000
      vertex 23.6534 1.9677 1.0000
      vertex 23.6583 1.9025 1.0000
    endloop
  endfacet
  facet normal 0.968679 0.213346 -0.127061
    outer loop
      vertex 23.4828 2.1505 0.0000
      vertex 23.4688 2.2139 0.0000
      vertex 23.6401 2.0318 1.0000
    endloop
  endfacet
  facet normal 0.970874 0.202059 -0.128746
    outer loop
      vertex 23.4828 2.1505 0.0000
      vertex 23.6401 2.0318 1.0000
      vertex 23.6534 1.9677 1.0000
    endloop
  endfacet
  facet normal 0.953476 0.276252 -0.120703
    outer loop
      vertex 23.4688 2.2139 0.0000
      vertex 23.2801 2.8653 0.0000
      vertex 23.4577 2.6893 1.0000
    endloop
  endfacet
  facet normal 0.957143 0.265556 -0.115577
    outer loop
      vertex 23.4688 2.2139 0.0000
      vertex 23.4577 2.6893 1.0000
      vertex 23.6401 2.0318 1.0000
    endloop
  endfacet
  facet normal 0.956316 0.265112 -0.123190
    outer loop
      vertex 23.2801 2.8653 0.0000
      vertex 23.2796 2.8671 0.0000
      vertex 23.4572 2.6911 1.0000
    endloop
  endfacet
  facet normal 0.959166 0.253357 -0.125742
    outer loop
      vertex 23.2801 2.8653 0.0000
      vertex 23.4572 2.6911 1.0000
      vertex 23.4577 2.6893 1.0000
    endloop
  endfacet
  facet normal 0.955059 0.260236 -0.141914
    outer loop
      vertex 23.2796 2.8671 0.0000
      vertex 22.9311 4.1460 0.0000
      vertex 23.1233 3.9861 1.0000
    endloop
  endfacet
  facet normal 0.960485 0.247667 -0.127000
    outer loop
      vertex 23.2796 2.8671 0.0000
      vertex 23.1233 3.9861 1.0000
      vertex 23.4572 2.6911 1.0000
    endloop
  endfacet
  facet normal 0.956561 0.253894 -0.143279
    outer loop
      vertex 22.9311 4.1460 0.0000
      vertex 22.9301 4.1500 0.0000
      vertex 23.1223 3.9901 1.0000
    endloop
  endfacet
  facet normal 0.959904 0.239180 -0.146212
    outer loop
      vertex 22.9311 4.1460 0.0000
      vertex 23.1223 3.9901 1.0000
      vertex 23.1233 3.9861 1.0000
    endloop
  endfacet
  facet normal 0.958936 0.243502 -0.145428
    outer loop
      vertex 22.9301 4.1500 0.0000
      vertex 22.9296 4.1519 0.0000
      vertex 23.1218 3.9921 1.0000
    endloop
  endfacet
  facet normal 0.962134 0.228646 -0.148387
    outer loop
      vertex 22.9301 4.1500 0.0000
      vertex 23.1218 3.9921 1.0000
      vertex 23.1223 3.9901 1.0000
    endloop
  endfacet
  facet normal 0.955795 0.238144 -0.172461
    outer loop
      vertex 22.9296 4.1519 0.0000
      vertex 22.5534 5.6617 0.0000
      vertex 22.7664 5.5309 1.0000
    endloop
  endfacet
  facet normal 0.963382 0.222492 -0.149641
    outer loop
      vertex 22.9296 4.1519 0.0000
      vertex 22.7664 5.5309 1.0000
      vertex 23.1218 3.9921 1.0000
    endloop
  endfacet
  facet normal 0.957853 0.228337 -0.174295
    outer loop
      vertex 22.5534 5.6617 0.0000
      vertex 22.5520 5.6674 0.0000
      vertex 22.7651 5.5367 1.0000
    endloop
  endfacet
  facet normal 0.961479 0.210011 -0.177353
    outer loop
      vertex 22.5534 5.6617 0.0000
      vertex 22.7651 5.5367 1.0000
      vertex 22.7664 5.5309 1.0000
    endloop
  endfacet
  facet normal 0.960892 0.212965 -0.177008
    outer loop
      vertex 22.5520 5.6674 0.0000
      vertex 22.5514 5.6703 0.0000
      vertex 22.7646 5.5397 1.0000
    endloop
  endfacet
  facet normal 0.964214 0.194604 -0.180059
    outer loop
      vertex 22.5520 5.6674 0.0000
      vertex 22.7646 5.5397 1.0000
      vertex 22.7651 5.5367 1.0000
    endloop
  endfacet
  facet normal 0.956494 0.203427 -0.209132
    outer loop
      vertex 22.5514 5.6703 0.0000
      vertex 22.2164 7.2455 0.0000
      vertex 22.4525 7.1634 1.0000
    endloop
  endfacet
  facet normal 0.965697 0.185602 -0.181606
    outer loop
      vertex 22.5514 5.6703 0.0000
      vertex 22.4525 7.1634 1.0000
      vertex 22.7646 5.5397 1.0000
    endloop
  endfacet
  facet normal 0.959063 0.188813 -0.211063
    outer loop
      vertex 22.2164 7.2455 0.0000
      vertex 22.2151 7.2518 0.0000
      vertex 22.4513 7.1699 1.0000
    endloop
  endfacet
  facet normal 0.962066 0.170256 -0.213172
    outer loop
      vertex 22.2164 7.2455 0.0000
      vertex 22.4513 7.1699 1.0000
      vertex 22.4525 7.1634 1.0000
    endloop
  endfacet
  facet normal 0.963556 0.159669 -0.214631
    outer loop
      vertex 22.2151 7.2518 0.0000
      vertex 22.2141 7.2581 0.0000
      vertex 22.4504 7.1765 1.0000
    endloop
  endfacet
  facet normal 0.965928 0.141750 -0.216540
    outer loop
      vertex 22.2151 7.2518 0.0000
      vertex 22.4504 7.1765 1.0000
      vertex 22.4513 7.1699 1.0000
    endloop
  endfacet
  facet normal 0.961084 0.140870 -0.237642
    outer loop
      vertex 22.2141 7.2581 0.0000
      vertex 21.9970 8.7392 0.0000
      vertex 22.2465 8.7238 1.0000
    endloop
  endfacet
  facet normal 0.967543 0.127465 -0.218204
    outer loop
      vertex 22.2141 7.2581 0.0000
      vertex 22.2465 8.7238 1.0000
      vertex 22.4504 7.1765 1.0000
    endloop
  endfacet
  facet normal 0.964842 0.108996 -0.239166
    outer loop
      vertex 21.9970 8.7392 0.0000
      vertex 21.9957 8.7506 0.0000
      vertex 22.2453 8.7357 1.0000
    endloop
  endfacet
  facet normal 0.965642 0.101124 -0.239392
    outer loop
      vertex 21.9970 8.7392 0.0000
      vertex 22.2453 8.7357 1.0000
      vertex 22.2465 8.7238 1.0000
    endloop
  endfacet
  facet normal 0.968960 0.054821 -0.241062
    outer loop
      vertex 21.9957 8.7506 0.0000
      vertex 21.9951 8.7620 0.0000
      vertex 22.2447 8.7477 1.0000
    endloop
  endfacet
  facet normal 0.969225 0.049524 -0.241143
    outer loop
      vertex 21.9957 8.7506 0.0000
      vertex 22.2447 8.7477 1.0000
      vertex 22.2453 8.7357 1.0000
    endloop
  endfacet
  facet normal 0.970738 0.021559 -0.239171
    outer loop
      vertex 21.9951 8.7620 0.0000
      vertex 21.9673 10.0125 0.0000
      vertex 22.2126 10.0607 1.0000
    endloop
  endfacet
  facet normal 0.970043 0.023681 -0.241777
    outer loop
      vertex 21.9951 8.7620 0.0000
      vertex 22.2126 10.0607 1.0000
      vertex 22.2447 8.7477 1.0000
    endloop
  endfacet
  facet normal 0.971280 -0.014810 -0.237477
    outer loop
      vertex 21.9673 10.0125 0.0000
      vertex 21.9674 10.0201 0.0000
      vertex 22.2127 10.0687 1.0000
    endloop
  endfacet
  facet normal 0.971251 -0.005394 -0.237998
    outer loop
      vertex 21.9673 10.0125 0.0000
      vertex 22.2127 10.0687 1.0000
      vertex 22.2126 10.0607 1.0000
    endloop
  endfacet
  facet normal 0.967000 -0.105962 -0.231695
    outer loop
      vertex 21.9674 10.0201 0.0000
      vertex 21.9698 10.0419 0.0000
      vertex 22.2148 10.0915 1.0000
    endloop
  endfacet
  facet normal 0.968073 -0.092671 -0.232909
    outer loop
      vertex 21.9674 10.0201 0.0000
      vertex 22.2148 10.0915 1.0000
      vertex 22.2127 10.0687 1.0000
    endloop
  endfacet
  facet normal 0.954653 -0.196033 -0.224071
    outer loop
      vertex 21.9698 10.0419 0.0000
      vertex 21.9713 10.0494 0.0000
      vertex 22.2163 10.0993 1.0000
    endloop
  endfacet
  facet normal 0.957511 -0.179506 -0.225724
    outer loop
      vertex 21.9698 10.0419 0.0000
      vertex 22.2163 10.0993 1.0000
      vertex 22.2148 10.0915 1.0000
    endloop
  endfacet
  facet normal 0.952141 -0.227853 -0.203741
    outer loop
      vertex 21.9713 10.0494 0.0000
      vertex 22.1834 10.9356 0.0000
      vertex 22.4180 11.0219 1.0000
    endloop
  endfacet
  facet normal 0.952340 -0.208248 -0.222894
    outer loop
      vertex 21.9713 10.0494 0.0000
      vertex 22.4180 11.0219 1.0000
      vertex 22.2163 10.0993 1.0000
    endloop
  endfacet
  facet normal 0.944231 -0.262579 -0.198697
    outer loop
      vertex 22.1834 10.9356 0.0000
      vertex 22.1858 10.9443 0.0000
      vertex 22.4203 11.0309 1.0000
    endloop
  endfacet
  facet normal 0.948939 -0.242533 -0.201723
    outer loop
      vertex 22.1834 10.9356 0.0000
      vertex 22.4203 11.0309 1.0000
      vertex 22.4180 11.0219 1.0000
    endloop
  endfacet
  facet normal 0.914092 -0.362083 -0.182571
    outer loop
      vertex 22.1858 10.9443 0.0000
      vertex 22.1931 10.9627 0.0000
      vertex 22.4274 11.0499 1.0000
    endloop
  endfacet
  facet normal 0.921183 -0.341553 -0.186452
    outer loop
      vertex 22.1858 10.9443 0.0000
      vertex 22.4274 11.0499 1.0000
      vertex 22.4203 11.0309 1.0000
    endloop
  endfacet
  facet normal 0.858448 -0.487874 -0.158260
    outer loop
      vertex 22.1931 10.9627 0.0000
      vertex 22.1998 10.9745 0.0000
      vertex 22.4340 11.0621 1.0000
    endloop
  endfacet
  facet normal 0.868337 -0.468577 -0.162561
    outer loop
      vertex 22.1931 10.9627 0.0000
      vertex 22.4340 11.0621 1.0000
      vertex 22.4274 11.0499 1.0000
    endloop
  endfacet
  facet normal 0.786380 -0.603701 -0.130963
    outer loop
      vertex 22.1998 10.9745 0.0000
      vertex 22.2081 10.9853 0.0000
      vertex 22.4422 11.0732 1.0000
    endloop
  endfacet
  facet normal 0.797883 -0.587419 -0.135358
    outer loop
      vertex 22.1998 10.9745 0.0000
      vertex 22.4422 11.0732 1.0000
      vertex 22.4340 11.0621 1.0000
    endloop
  endfacet
  facet normal 0.699449 -0.707487 -0.101157
    outer loop
      vertex 22.2081 10.9853 0.0000
      vertex 22.2224 10.9994 0.0000
      vertex 22.4563 11.0877 1.0000
    endloop
  endfacet
  facet normal 0.710868 -0.695409 -0.105228
    outer loop
      vertex 22.2081 10.9853 0.0000
      vertex 22.4563 11.0877 1.0000
      vertex 22.4422 11.0732 1.0000
    endloop
  endfacet
  facet normal 0.625529 -0.776325 -0.077668
    outer loop
      vertex 22.2224 10.9994 0.0000
      vertex 22.2296 11.0052 0.0000
      vertex 22.4635 11.0936 1.0000
    endloop
  endfacet
  facet normal 0.635644 -0.767730 -0.080916
    outer loop
      vertex 22.2224 10.9994 0.0000
      vertex 22.4635 11.0936 1.0000
      vertex 22.4563 11.0877 1.0000
    endloop
  endfacet
  facet normal 0.600511 -0.797119 -0.063147
    outer loop
      vertex 22.2296 11.0052 0.0000
      vertex 22.7267 11.3797 0.0000
      vertex 22.9580 11.4747 1.0000
    endloop
  endfacet
  facet normal 0.608826 -0.789979 -0.072555
    outer loop
      vertex 22.2296 11.0052 0.0000
      vertex 22.9580 11.4747 1.0000
      vertex 22.4635 11.0936 1.0000
    endloop
  endfacet
  facet normal 0.577216 -0.814668 -0.056019
    outer loop
      vertex 22.7267 11.3797 0.0000
      vertex 22.7335 11.3845 0.0000
      vertex 22.9647 11.4796 1.0000
    endloop
  endfacet
  facet normal 0.584353 -0.809406 -0.058243
    outer loop
      vertex 22.7267 11.3797 0.0000
      vertex 22.9647 11.4796 1.0000
      vertex 22.9580 11.4747 1.0000
    endloop
  endfacet
  facet normal 0.501766 -0.864345 -0.033752
    outer loop
      vertex 22.7335 11.3845 0.0000
      vertex 22.7492 11.3936 0.0000
      vertex 22.9804 11.4888 1.0000
    endloop
  endfacet
  facet normal 0.506431 -0.861562 -0.035194
    outer loop
      vertex 22.7335 11.3845 0.0000
      vertex 22.9804 11.4888 1.0000
      vertex 22.9647 11.4796 1.0000
    endloop
  endfacet
  facet normal 0.394558 -0.918863 -0.003773
    outer loop
      vertex 22.7492 11.3936 0.0000
      vertex 22.7606 11.3985 0.0000
      vertex 22.9918 11.4937 1.0000
    endloop
  endfacet
  facet normal 0.395120 -0.918621 -0.003933
    outer loop
      vertex 22.7492 11.3936 0.0000
      vertex 22.9918 11.4937 1.0000
      vertex 22.9804 11.4888 1.0000
    endloop
  endfacet
  facet normal 0.281266 -0.959272 0.026211
    outer loop
      vertex 22.7606 11.3985 0.0000
      vertex 22.7725 11.4020 0.0000
      vertex 23.0037 11.4971 1.0000
    endloop
  endfacet
  facet normal 0.277211 -0.960421 0.027311
    outer loop
      vertex 22.7606 11.3985 0.0000
      vertex 23.0037 11.4971 1.0000
      vertex 22.9918 11.4937 1.0000
    endloop
  endfacet
  facet normal 0.163566 -0.984955 0.055758
    outer loop
      vertex 22.7725 11.4020 0.0000
      vertex 22.7847 11.4040 0.0000
      vertex 23.0160 11.4991 1.0000
    endloop
  endfacet
  facet normal 0.154903 -0.986226 0.057990
    outer loop
      vertex 22.7725 11.4020 0.0000
      vertex 23.0160 11.4991 1.0000
      vertex 23.0037 11.4971 1.0000
    endloop
  endfacet
  facet normal 0.043205 -0.995492 0.084433
    outer loop
      vertex 22.7847 11.4040 0.0000
      vertex 22.7971 11.4046 0.0000
      vertex 23.0284 11.4994 1.0000
    endloop
  endfacet
  facet normal 0.030468 -0.995694 0.087556
    outer loop
      vertex 22.7847 11.4040 0.0000
      vertex 23.0284 11.4994 1.0000
      vertex 23.0160 11.4991 1.0000
    endloop
  endfacet
  facet normal -0.078017 -0.990662 0.111817
    outer loop
      vertex 22.7971 11.4046 0.0000
      vertex 22.8093 11.4036 0.0000
      vertex 23.0407 11.4983 1.0000
    endloop
  endfacet
  facet normal -0.093840 -0.988864 0.115504
    outer loop
      vertex 22.7971 11.4046 0.0000
      vertex 23.0407 11.4983 1.0000
      vertex 23.0284 11.4994 1.0000
    endloop
  endfacet
  facet normal -0.198269 -0.970469 0.137402
    outer loop
      vertex 22.8093 11.4036 0.0000
      vertex 22.8269 11.4000 0.0000
      vertex 23.0585 11.4943 1.0000
    endloop
  endfacet
  facet normal -0.215861 -0.966133 0.141391
    outer loop
      vertex 22.8093 11.4036 0.0000
      vertex 23.0585 11.4943 1.0000
      vertex 23.0407 11.4983 1.0000
    endloop
  endfacet
  facet normal -0.286696 -0.945342 0.155349
    outer loop
      vertex 22.8269 11.4000 0.0000
      vertex 22.8348 11.3976 0.0000
      vertex 23.0664 11.4917 1.0000
    endloop
  endfacet
  facet normal -0.304670 -0.939080 0.159079
    outer loop
      vertex 22.8269 11.4000 0.0000
      vertex 23.0664 11.4917 1.0000
      vertex 23.0585 11.4943 1.0000
    endloop
  endfacet
  facet normal -0.317673 -0.937013 0.145229
    outer loop
      vertex 22.8348 11.3976 0.0000
      vertex 23.6927 11.1068 0.0000
      vertex 23.9315 11.1808 1.0000
    endloop
  endfacet
  facet normal -0.333603 -0.928232 0.164604
    outer loop
      vertex 22.8348 11.3976 0.0000
      vertex 23.9315 11.1808 1.0000
      vertex 23.0664 11.4917 1.0000
    endloop
  endfacet
  facet normal -0.328067 -0.933094 0.147336
    outer loop
      vertex 23.6927 11.1068 0.0000
      vertex 23.6974 11.1051 0.0000
      vertex 23.9362 11.1791 1.0000
    endloop
  endfacet
  facet normal -0.343673 -0.926920 0.150690
    outer loop
      vertex 23.6927 11.1068 0.0000
      vertex 23.9362 11.1791 1.0000
      vertex 23.9315 11.1808 1.0000
    endloop
  endfacet
  facet normal -0.340288 -0.928303 0.149858
    outer loop
      vertex 23.6974 11.1051 0.0000
      vertex 23.6997 11.1043 0.0000
      vertex 23.9386 11.1782 1.0000
    endloop
  endfacet
  facet normal -0.355908 -0.921885 0.153156
    outer loop
      vertex 23.6974 11.1051 0.0000
      vertex 23.9386 11.1782 1.0000
      vertex 23.9362 11.1791 1.0000
    endloop
  endfacet
  facet normal -0.349056 -0.926835 0.138336
    outer loop
      vertex 23.6997 11.1043 0.0000
      vertex 24.4852 10.8085 0.0000
      vertex 24.7285 10.8661 1.0000
    endloop
  endfacet
  facet normal -0.363011 -0.918872 0.154588
    outer loop
      vertex 23.6997 11.1043 0.0000
      vertex 24.7285 10.8661 1.0000
      vertex 23.9386 11.1782 1.0000
    endloop
  endfacet
  facet normal -0.292872 -0.947944 0.125011
    outer loop
      vertex 24.4852 10.8085 0.0000
      vertex 24.5444 10.7902 0.0000
      vertex 24.7879 10.8468 1.0000
    endloop
  endfacet
  facet normal -0.306053 -0.943258 0.128821
    outer loop
      vertex 24.4852 10.8085 0.0000
      vertex 24.7879 10.8468 1.0000
      vertex 24.7285 10.8661 1.0000
    endloop
  endfacet
  facet normal -0.175358 -0.979668 0.097471
    outer loop
      vertex 24.5444 10.7902 0.0000
      vertex 24.6055 10.7792 0.0000
      vertex 24.8492 10.8351 1.0000
    endloop
  endfacet
  facet normal -0.186682 -0.977234 0.100813
    outer loop
      vertex 24.5444 10.7902 0.0000
      vertex 24.8492 10.8351 1.0000
      vertex 24.7879 10.8468 1.0000
    endloop
  endfacet
  facet normal -0.055115 -0.996123 0.068561
    outer loop
      vertex 24.6055 10.7792 0.0000
      vertex 24.6677 10.7758 0.0000
      vertex 24.9115 10.8311 1.0000
    endloop
  endfacet
  facet normal -0.063561 -0.995441 0.071110
    outer loop
      vertex 24.6055 10.7792 0.0000
      vertex 24.9115 10.8311 1.0000
      vertex 24.8492 10.8351 1.0000
    endloop
  endfacet
  facet normal 0.066025 -0.997064 0.038773
    outer loop
      vertex 24.6677 10.7758 0.0000
      vertex 24.7300 10.7799 0.0000
      vertex 24.9739 10.8349 1.0000
    endloop
  endfacet
  facet normal 0.061136 -0.997316 0.040285
    outer loop
      vertex 24.6677 10.7758 0.0000
      vertex 24.9739 10.8349 1.0000
      vertex 24.9115 10.8311 1.0000
    endloop
  endfacet
  facet normal 0.186205 -0.982473 0.008595
    outer loop
      vertex 24.7300 10.7799 0.0000
      vertex 24.7914 10.7915 0.0000
      vertex 25.0353 10.8465 1.0000
    endloop
  endfacet
  facet normal 0.185133 -0.982673 0.008935
    outer loop
      vertex 24.7300 10.7799 0.0000
      vertex 25.0353 10.8465 1.0000
      vertex 24.9739 10.8349 1.0000
    endloop
  endfacet
  facet normal 0.245387 -0.969405 -0.006245
    outer loop
      vertex 24.7914 10.7915 0.0000
      vertex 25.1769 10.8891 0.0000
      vertex 25.4207 10.9444 1.0000
    endloop
  endfacet
  facet normal 0.246148 -0.969209 -0.006754
    outer loop
      vertex 24.7914 10.7915 0.0000
      vertex 25.4207 10.9444 1.0000
      vertex 25.0353 10.8465 1.0000
    endloop
  endfacet
  facet normal 0.302221 -0.953010 -0.020856
    outer loop
      vertex 25.1769 10.8891 0.0000
      vertex 25.2349 10.9075 0.0000
      vertex 25.4787 10.9629 1.0000
    endloop
  endfacet
  facet normal 0.304590 -0.952238 -0.021628
    outer loop
      vertex 25.1769 10.8891 0.0000
      vertex 25.4787 10.9629 1.0000
      vertex 25.4207 10.9444 1.0000
    endloop
  endfacet
  facet normal 0.412290 -0.909694 -0.049737
    outer loop
      vertex 25.2349 10.9075 0.0000
      vertex 25.2902 10.9326 0.0000
      vertex 25.5339 10.9884 1.0000
    endloop
  endfacet
  facet normal 0.417523 -0.907206 -0.051503
    outer loop
      vertex 25.2349 10.9075 0.0000
      vertex 25.5339 10.9884 1.0000
      vertex 25.4787 10.9629 1.0000
    endloop
  endfacet
  facet normal 0.516293 -0.852878 -0.077722
    outer loop
      vertex 25.2902 10.9326 0.0000
      vertex 25.3421 10.9640 0.0000
      vertex 25.5857 11.0203 1.0000
    endloop
  endfacet
  facet normal 0.523609 -0.848166 -0.080297
    outer loop
      vertex 25.2902 10.9326 0.0000
      vertex 25.5857 11.0203 1.0000
      vertex 25.5339 10.9884 1.0000
    endloop
  endfacet
  facet normal 0.612665 -0.783413 -0.104435
    outer loop
      vertex 25.3421 10.9640 0.0000
      vertex 25.3898 11.0013 0.0000
      vertex 25.6332 11.0583 1.0000
    endloop
  endfacet
  facet normal 0.621131 -0.776289 -0.107571
    outer loop
      vertex 25.3421 10.9640 0.0000
      vertex 25.6332 11.0583 1.0000
      vertex 25.5857 11.0203 1.0000
    endloop
  endfacet
  facet normal 0.699952 -0.702346 -0.129529
    outer loop
      vertex 25.3898 11.0013 0.0000
      vertex 25.4325 11.0439 0.0000
      vertex 25.6757 11.1018 1.0000
    endloop
  endfacet
  facet normal 0.708612 -0.692960 -0.132949
    outer loop
      vertex 25.3898 11.0013 0.0000
      vertex 25.6757 11.1018 1.0000
      vertex 25.6332 11.0583 1.0000
    endloop
  endfacet
  facet normal 0.740725 -0.658051 -0.135262
    outer loop
      vertex 25.4325 11.0439 0.0000
      vertex 25.7773 11.4320 0.0000
      vertex 26.0185 11.4979 1.0000
    endloop
  endfacet
  facet normal 0.748238 -0.647514 -0.144449
    outer loop
      vertex 25.4325 11.0439 0.0000
      vertex 26.0185 11.4979 1.0000
      vertex 25.6757 11.1018 1.0000
    endloop
  endfacet
  facet normal 0.778756 -0.609907 -0.146807
    outer loop
      vertex 25.7773 11.4320 0.0000
      vertex 25.8152 11.4803 0.0000
      vertex 26.0561 11.5472 1.0000
    endloop
  endfacet
  facet normal 0.786251 -0.599398 -0.150106
    outer loop
      vertex 25.7773 11.4320 0.0000
      vertex 26.0561 11.5472 1.0000
      vertex 26.0185 11.4979 1.0000
    endloop
  endfacet
  facet normal 0.844969 -0.507485 -0.168782
    outer loop
      vertex 25.8152 11.4803 0.0000
      vertex 25.8467 11.5328 0.0000
      vertex 26.0872 11.6007 1.0000
    endloop
  endfacet
  facet normal 0.851275 -0.495759 -0.171910
    outer loop
      vertex 25.8152 11.4803 0.0000
      vertex 26.0872 11.6007 1.0000
      vertex 26.0561 11.5472 1.0000
    endloop
  endfacet
  facet normal 0.898138 -0.397377 -0.188256
    outer loop
      vertex 25.8467 11.5328 0.0000
      vertex 25.8713 11.5885 0.0000
      vertex 26.1116 11.6577 1.0000
    endloop
  endfacet
  facet normal 0.902815 -0.385281 -0.191006
    outer loop
      vertex 25.8467 11.5328 0.0000
      vertex 26.1116 11.6577 1.0000
      vertex 26.0872 11.6007 1.0000
    endloop
  endfacet
  facet normal 0.921256 -0.340507 -0.187995
    outer loop
      vertex 25.8713 11.5885 0.0000
      vertex 26.1383 12.3108 0.0000
      vertex 26.3736 12.3953 1.0000
    endloop
  endfacet
  facet normal 0.923430 -0.328061 -0.199129
    outer loop
      vertex 25.8713 11.5885 0.0000
      vertex 26.3736 12.3953 1.0000
      vertex 26.1116 11.6577 1.0000
    endloop
  endfacet
  facet normal 0.938594 -0.283844 -0.196148
    outer loop
      vertex 26.1383 12.3108 0.0000
      vertex 26.1553 12.3672 0.0000
      vertex 26.3902 12.4528 1.0000
    endloop
  endfacet
  facet normal 0.941519 -0.272264 -0.198529
    outer loop
      vertex 26.1383 12.3108 0.0000
      vertex 26.3902 12.4528 1.0000
      vertex 26.3736 12.3953 1.0000
    endloop
  endfacet
  facet normal 0.962911 -0.167997 -0.211139
    outer loop
      vertex 26.1553 12.3672 0.0000
      vertex 26.1654 12.4250 0.0000
      vertex 26.3999 12.5118 1.0000
    endloop
  endfacet
  facet normal 0.964291 -0.157376 -0.213013
    outer loop
      vertex 26.1553 12.3672 0.0000
      vertex 26.3999 12.5118 1.0000
      vertex 26.3902 12.4528 1.0000
    endloop
  endfacet
  facet normal 0.971791 -0.109678 -0.208787
    outer loop
      vertex 26.1654 12.4250 0.0000
      vertex 26.2675 13.3297 0.0000
      vertex 26.4943 13.4350 1.0000
    endloop
  endfacet
  facet normal 0.970677 -0.099274 -0.218929
    outer loop
      vertex 26.1654 12.4250 0.0000
      vertex 26.4943 13.4350 1.0000
      vertex 26.3999 12.5118 1.0000
    endloop
  endfacet
  facet normal 0.974953 -0.059616 -0.214273
    outer loop
      vertex 26.2675 13.3297 0.0000
      vertex 26.2706 13.3796 0.0000
      vertex 26.4969 13.4859 1.0000
    endloop
  endfacet
  facet normal 0.975156 -0.049736 -0.215863
    outer loop
      vertex 26.2675 13.3297 0.0000
      vertex 26.4969 13.4859 1.0000
      vertex 26.4943 13.4350 1.0000
    endloop
  endfacet
  facet normal 0.973651 0.041275 -0.224276
    outer loop
      vertex 26.2706 13.3796 0.0000
      vertex 26.2685 13.4294 0.0000
      vertex 26.4943 13.5367 1.0000
    endloop
  endfacet
  facet normal 0.972992 0.049626 -0.225441
    outer loop
      vertex 26.2706 13.3796 0.0000
      vertex 26.4943 13.5367 1.0000
      vertex 26.4969 13.4859 1.0000
    endloop
  endfacet
  facet normal 0.970892 0.091158 -0.221494
    outer loop
      vertex 26.2685 13.4294 0.0000
      vertex 26.1835 14.3347 0.0000
      vertex 26.3999 14.4599 1.0000
    endloop
  endfacet
  facet normal 0.968312 0.099032 -0.229269
    outer loop
      vertex 26.2685 13.4294 0.0000
      vertex 26.3999 14.4599 1.0000
      vertex 26.4943 13.5367 1.0000
    endloop
  endfacet
  facet normal 0.962497 0.149317 -0.226502
    outer loop
      vertex 26.1835 14.3347 0.0000
      vertex 26.1745 14.3926 0.0000
      vertex 26.3902 14.5189 1.0000
    endloop
  endfacet
  facet normal 0.961043 0.156846 -0.227588
    outer loop
      vertex 26.1835 14.3347 0.0000
      vertex 26.3902 14.5189 1.0000
      vertex 26.3999 14.4599 1.0000
    endloop
  endfacet
  facet normal 0.935282 0.264722 -0.234881
    outer loop
      vertex 26.1745 14.3926 0.0000
      vertex 26.1586 14.4489 0.0000
      vertex 26.3736 14.5764 1.0000
    endloop
  endfacet
  facet normal 0.933618 0.269979 -0.235516
    outer loop
      vertex 26.1745 14.3926 0.0000
      vertex 26.3736 14.5764 1.0000
      vertex 26.3902 14.5189 1.0000
    endloop
  endfacet
  facet normal 0.917734 0.320715 -0.234320
    outer loop
      vertex 26.1586 14.4489 0.0000
      vertex 25.9059 15.1718 0.0000
      vertex 26.1116 15.3140 1.0000
    endloop
  endfacet
  facet normal 0.915166 0.325125 -0.238256
    outer loop
      vertex 26.1586 14.4489 0.0000
      vertex 26.1116 15.3140 1.0000
      vertex 26.3736 14.5764 1.0000
    endloop
  endfacet
  facet normal 0.895193 0.377167 -0.237433
    outer loop
      vertex 25.9059 15.1718 0.0000
      vertex 25.8824 15.2277 0.0000
      vertex 26.0872 15.3710 1.0000
    endloop
  endfacet
  facet normal 0.893341 0.381238 -0.237908
    outer loop
      vertex 25.9059 15.1718 0.0000
      vertex 26.0872 15.3710 1.0000
      vertex 26.1116 15.3140 1.0000
    endloop
  endfacet
  facet normal 0.839506 0.486683 -0.241599
    outer loop
      vertex 25.8824 15.2277 0.0000
      vertex 25.8520 15.2801 0.0000
      vertex 26.0561 15.4245 1.0000
    endloop
  endfacet
  facet normal 0.838509 0.488324 -0.241749
    outer loop
      vertex 25.8824 15.2277 0.0000
      vertex 26.0561 15.4245 1.0000
      vertex 26.0872 15.3710 1.0000
    endloop
  endfacet
  facet normal 0.771094 0.588763 -0.242429
    outer loop
      vertex 25.8520 15.2801 0.0000
      vertex 25.8153 15.3282 0.0000
      vertex 26.0185 15.4738 1.0000
    endloop
  endfacet
  facet normal 0.771545 0.588187 -0.242393
    outer loop
      vertex 25.8520 15.2801 0.0000
      vertex 26.0185 15.4738 1.0000
      vertex 26.0561 15.4245 1.0000
    endloop
  endfacet
  facet normal 0.732636 0.636033 -0.242295
    outer loop
      vertex 25.8153 15.3282 0.0000
      vertex 25.4796 15.7149 0.0000
      vertex 25.6757 15.8699 1.0000
    endloop
  endfacet
  facet normal 0.733773 0.634996 -0.241575
    outer loop
      vertex 25.8153 15.3282 0.0000
      vertex 25.6757 15.8699 1.0000
      vertex 26.0185 15.4738 1.0000
    endloop
  endfacet
  facet normal 0.692217 0.680138 -0.241346
    outer loop
      vertex 25.4796 15.7149 0.0000
      vertex 25.4379 15.7573 0.0000
      vertex 25.6332 15.9134 1.0000
    endloop
  endfacet
  facet normal 0.693837 0.678511 -0.241272
    outer loop
      vertex 25.4796 15.7149 0.0000
      vertex 25.6332 15.9134 1.0000
      vertex 25.6757 15.8699 1.0000
    endloop
  endfacet
  facet normal 0.603217 0.761560 -0.236972
    outer loop
      vertex 25.4379 15.7573 0.0000
      vertex 25.3913 15.7942 0.0000
      vertex 25.5857 15.9514 1.0000
    endloop
  endfacet
  facet normal 0.606965 0.758584 -0.236948
    outer loop
      vertex 25.4379 15.7573 0.0000
      vertex 25.5857 15.9514 1.0000
      vertex 25.6332 15.9134 1.0000
    endloop
  endfacet
  facet normal 0.505299 0.831890 -0.229418
    outer loop
      vertex 25.3913 15.7942 0.0000
      vertex 25.3403 15.8252 0.0000
      vertex 25.5339 15.9834 1.0000
    endloop
  endfacet
  facet normal 0.511276 0.828188 -0.229570
    outer loop
      vertex 25.3913 15.7942 0.0000
      vertex 25.5339 15.9834 1.0000
      vertex 25.5857 15.9514 1.0000
    endloop
  endfacet
  facet normal 0.399837 0.890099 -0.218753
    outer loop
      vertex 25.3403 15.8252 0.0000
      vertex 25.2859 15.8496 0.0000
      vertex 25.4787 16.0088 1.0000
    endloop
  endfacet
  facet normal 0.407912 0.886323 -0.219177
    outer loop
      vertex 25.3403 15.8252 0.0000
      vertex 25.4787 16.0088 1.0000
      vertex 25.5339 15.9834 1.0000
    endloop
  endfacet
  facet normal 0.288326 0.935313 -0.205080
    outer loop
      vertex 25.2859 15.8496 0.0000
      vertex 25.2287 15.8673 0.0000
      vertex 25.4207 16.0273 1.0000
    endloop
  endfacet
  facet normal 0.298138 0.932067 -0.205826
    outer loop
      vertex 25.2859 15.8496 0.0000
      vertex 25.4207 16.0273 1.0000
      vertex 25.4787 16.0088 1.0000
    endloop
  endfacet
  facet normal 0.230609 0.952063 -0.200988
    outer loop
      vertex 25.2287 15.8673 0.0000
      vertex 24.8481 15.9594 0.0000
      vertex 25.0353 16.1252 1.0000
    endloop
  endfacet
  facet normal 0.241261 0.949966 -0.198387
    outer loop
      vertex 25.2287 15.8673 0.0000
      vertex 25.0353 16.1252 1.0000
      vertex 25.4207 16.0273 1.0000
    endloop
  endfacet
  facet normal 0.170551 0.966299 -0.192816
    outer loop
      vertex 24.8481 15.9594 0.0000
      vertex 24.7875 15.9701 0.0000
      vertex 24.9739 16.1368 1.0000
    endloop
  endfacet
  facet normal 0.181630 0.964078 -0.193815
    outer loop
      vertex 24.8481 15.9594 0.0000
      vertex 24.9739 16.1368 1.0000
      vertex 25.0353 16.1252 1.0000
    endloop
  endfacet
  facet normal 0.048541 0.983603 -0.173695
    outer loop
      vertex 24.7875 15.9701 0.0000
      vertex 24.7259 15.9732 0.0000
      vertex 24.9115 16.1406 1.0000
    endloop
  endfacet
  facet normal 0.060242 0.982724 -0.174996
    outer loop
      vertex 24.7875 15.9701 0.0000
      vertex 24.9115 16.1406 1.0000
      vertex 24.9739 16.1368 1.0000
    endloop
  endfacet
  facet normal -0.074449 0.985586 -0.151911
    outer loop
      vertex 24.7259 15.9732 0.0000
      vertex 24.6642 15.9685 0.0000
      vertex 24.8492 16.1366 1.0000
    endloop
  endfacet
  facet normal -0.062968 0.986153 -0.153420
    outer loop
      vertex 24.7259 15.9732 0.0000
      vertex 24.8492 16.1366 1.0000
      vertex 24.9115 16.1406 1.0000
    endloop
  endfacet
  facet normal -0.196477 0.972153 -0.127734
    outer loop
      vertex 24.6642 15.9685 0.0000
      vertex 24.6034 15.9562 0.0000
      vertex 24.7879 16.1249 1.0000
    endloop
  endfacet
  facet normal -0.186062 0.973992 -0.129309
    outer loop
      vertex 24.6642 15.9685 0.0000
      vertex 24.7879 16.1249 1.0000
      vertex 24.8492 16.1366 1.0000
    endloop
  endfacet
  facet normal -0.315592 0.943453 -0.101477
    outer loop
      vertex 24.6034 15.9562 0.0000
      vertex 24.5444 15.9365 0.0000
      vertex 24.7285 16.1056 1.0000
    endloop
  endfacet
  facet normal -0.306985 0.946129 -0.102954
    outer loop
      vertex 24.6034 15.9562 0.0000
      vertex 24.7285 16.1056 1.0000
      vertex 24.7879 16.1249 1.0000
    endloop
  endfacet
  facet normal -0.373779 0.922685 -0.094563
    outer loop
      vertex 24.5444 15.9365 0.0000
      vertex 23.7604 15.6189 0.0000
      vertex 23.9391 15.7938 1.0000
    endloop
  endfacet
  facet normal -0.365960 0.926335 -0.089309
    outer loop
      vertex 24.5444 15.9365 0.0000
      vertex 23.9391 15.7938 1.0000
      vertex 24.7285 16.1056 1.0000
    endloop
  endfacet
  facet normal -0.365199 0.925893 -0.096705
    outer loop
      vertex 23.7604 15.6189 0.0000
      vertex 23.7557 15.6171 0.0000
      vertex 23.9343 15.7920 1.0000
    endloop
  endfacet
  facet normal -0.356324 0.929123 -0.098807
    outer loop
      vertex 23.7604 15.6189 0.0000
      vertex 23.9343 15.7920 1.0000
      vertex 23.9391 15.7938 1.0000
    endloop
  endfacet
  facet normal -0.352899 0.930334 -0.099703
    outer loop
      vertex 23.7557 15.6171 0.0000
      vertex 23.7534 15.6162 0.0000
      vertex 23.9320 15.7911 1.0000
    endloop
  endfacet
  facet normal -0.343754 0.933518 -0.101869
    outer loop
      vertex 23.7557 15.6171 0.0000
      vertex 23.9320 15.7911 1.0000
      vertex 23.9343 15.7920 1.0000
    endloop
  endfacet
  facet normal -0.346113 0.931614 -0.110915
    outer loop
      vertex 23.7534 15.6162 0.0000
      vertex 22.8956 15.2975 0.0000
      vertex 23.0664 15.4800 1.0000
    endloop
  endfacet
  facet normal -0.336395 0.936000 -0.103642
    outer loop
      vertex 23.7534 15.6162 0.0000
      vertex 23.0664 15.4800 1.0000
      vertex 23.9320 15.7911 1.0000
    endloop
  endfacet
  facet normal -0.317863 0.940825 -0.117522
    outer loop
      vertex 22.8956 15.2975 0.0000
      vertex 22.8877 15.2948 0.0000
      vertex 23.0585 15.4774 1.0000
    endloop
  endfacet
  facet normal -0.306369 0.944316 -0.120023
    outer loop
      vertex 22.8956 15.2975 0.0000
      vertex 23.0585 15.4774 1.0000
      vertex 23.0664 15.4800 1.0000
    endloop
  endfacet
  facet normal -0.228885 0.963745 -0.137141
    outer loop
      vertex 22.8877 15.2948 0.0000
      vertex 22.8702 15.2907 0.0000
      vertex 23.0407 15.4735 1.0000
    endloop
  endfacet
  facet normal -0.215916 0.966381 -0.139597
    outer loop
      vertex 22.8877 15.2948 0.0000
      vertex 23.0407 15.4735 1.0000
      vertex 23.0585 15.4774 1.0000
    endloop
  endfacet
  facet normal -0.107281 0.981070 -0.161222
    outer loop
      vertex 22.8702 15.2907 0.0000
      vertex 22.8580 15.2893 0.0000
      vertex 23.0284 15.4723 1.0000
    endloop
  endfacet
  facet normal -0.093199 0.982108 -0.163638
    outer loop
      vertex 22.8702 15.2907 0.0000
      vertex 23.0284 15.4723 1.0000
      vertex 23.0407 15.4735 1.0000
    endloop
  endfacet
  facet normal 0.015972 0.983029 -0.182753
    outer loop
      vertex 22.8580 15.2893 0.0000
      vertex 22.8458 15.2895 0.0000
      vertex 23.0160 15.4727 1.0000
    endloop
  endfacet
  facet normal 0.030058 0.982308 -0.184846
    outer loop
      vertex 22.8580 15.2893 0.0000
      vertex 23.0160 15.4727 1.0000
      vertex 23.0284 15.4723 1.0000
    endloop
  endfacet
  facet normal 0.138941 0.969608 -0.201385
    outer loop
      vertex 22.8458 15.2895 0.0000
      vertex 22.8337 15.2913 0.0000
      vertex 23.0037 15.4746 1.0000
    endloop
  endfacet
  facet normal 0.151933 0.967317 -0.203013
    outer loop
      vertex 22.8458 15.2895 0.0000
      vertex 23.0037 15.4746 1.0000
      vertex 23.0160 15.4727 1.0000
    endloop
  endfacet
  facet normal 0.259712 0.941032 -0.216814
    outer loop
      vertex 22.8337 15.2913 0.0000
      vertex 22.8221 15.2945 0.0000
      vertex 22.9918 15.4781 1.0000
    endloop
  endfacet
  facet normal 0.270650 0.937689 -0.217918
    outer loop
      vertex 22.8337 15.2913 0.0000
      vertex 22.9918 15.4781 1.0000
      vertex 23.0037 15.4746 1.0000
    endloop
  endfacet
  facet normal 0.376406 0.897761 -0.228788
    outer loop
      vertex 22.8221 15.2945 0.0000
      vertex 22.8109 15.2992 0.0000
      vertex 22.9804 15.4830 1.0000
    endloop
  endfacet
  facet normal 0.384586 0.894131 -0.229399
    outer loop
      vertex 22.8221 15.2945 0.0000
      vertex 22.9804 15.4830 1.0000
      vertex 22.9918 15.4781 1.0000
    endloop
  endfacet
  facet normal 0.487213 0.840468 -0.237144
    outer loop
      vertex 22.8109 15.2992 0.0000
      vertex 22.7956 15.3080 0.0000
      vertex 22.9647 15.4922 1.0000
    endloop
  endfacet
  facet normal 0.492266 0.837463 -0.237342
    outer loop
      vertex 22.8109 15.2992 0.0000
      vertex 22.9647 15.4922 1.0000
      vertex 22.9804 15.4830 1.0000
    endloop
  endfacet
  facet normal 0.565423 0.788840 -0.240892
    outer loop
      vertex 22.7956 15.3080 0.0000
      vertex 22.7890 15.3127 0.0000
      vertex 22.9580 15.4970 1.0000
    endloop
  endfacet
  facet normal 0.568100 0.786894 -0.240958
    outer loop
      vertex 22.7956 15.3080 0.0000
      vertex 22.9580 15.4970 1.0000
      vertex 22.9647 15.4922 1.0000
    endloop
  endfacet
  facet normal 0.591090 0.769287 -0.242508
    outer loop
      vertex 22.7890 15.3127 0.0000
      vertex 22.3081 15.6823 0.0000
      vertex 22.4635 15.8781 1.0000
    endloop
  endfacet
  facet normal 0.592335 0.768582 -0.241705
    outer loop
      vertex 22.7890 15.3127 0.0000
      vertex 22.4635 15.8781 1.0000
      vertex 22.9580 15.4970 1.0000
    endloop
  endfacet
  facet normal 0.619178 0.746876 -0.242477
    outer loop
      vertex 22.3081 15.6823 0.0000
      vertex 22.3012 15.6880 0.0000
      vertex 22.4563 15.8840 1.0000
    endloop
  endfacet
  facet normal 0.618702 0.747268 -0.242485
    outer loop
      vertex 22.3081 15.6823 0.0000
      vertex 22.4563 15.8840 1.0000
      vertex 22.4635 15.8781 1.0000
    endloop
  endfacet
  facet normal 0.696382 0.676167 -0.240520
    outer loop
      vertex 22.3012 15.6880 0.0000
      vertex 22.2875 15.7021 0.0000
      vertex 22.4422 15.8985 1.0000
    endloop
  endfacet
  facet normal 0.693820 0.678732 -0.240699
    outer loop
      vertex 22.3012 15.6880 0.0000
      vertex 22.4422 15.8985 1.0000
      vertex 22.4563 15.8840 1.0000
    endloop
  endfacet
  facet normal 0.787322 0.570517 -0.233738
    outer loop
      vertex 22.2875 15.7021 0.0000
      vertex 22.2796 15.7130 0.0000
      vertex 22.4340 15.9097 1.0000
    endloop
  endfacet
  facet normal 0.782878 0.576372 -0.234302
    outer loop
      vertex 22.2875 15.7021 0.0000
      vertex 22.4340 15.9097 1.0000
      vertex 22.4422 15.8985 1.0000
    endloop
  endfacet
  facet normal 0.862946 0.453763 -0.222313
    outer loop
      vertex 22.2796 15.7130 0.0000
      vertex 22.2733 15.7250 0.0000
      vertex 22.4274 15.9218 1.0000
    endloop
  endfacet
  facet normal 0.857790 0.462886 -0.223455
    outer loop
      vertex 22.2796 15.7130 0.0000
      vertex 22.4274 15.9218 1.0000
      vertex 22.4340 15.9097 1.0000
    endloop
  endfacet
  facet normal 0.921797 0.328162 -0.206399
    outer loop
      vertex 22.2733 15.7250 0.0000
      vertex 22.2666 15.7437 0.0000
      vertex 22.4203 15.9408 1.0000
    endloop
  endfacet
  facet normal 0.917065 0.340026 -0.208264
    outer loop
      vertex 22.2733 15.7250 0.0000
      vertex 22.4203 15.9408 1.0000
      vertex 22.4274 15.9218 1.0000
    endloop
  endfacet
  facet normal 0.954193 0.229608 -0.191820
    outer loop
      vertex 22.2666 15.7437 0.0000
      vertex 22.2645 15.7526 0.0000
      vertex 22.4180 15.9498 1.0000
    endloop
  endfacet
  facet normal 0.950450 0.242919 -0.193998
    outer loop
      vertex 22.2666 15.7437 0.0000
      vertex 22.4180 15.9498 1.0000
      vertex 22.4203 15.9408 1.0000
    endloop
  endfacet
  facet normal 0.964839 0.196947 -0.174064
    outer loop
      vertex 22.2645 15.7526 0.0000
      vertex 22.0785 16.6638 0.0000
      vertex 22.2163 16.8724 1.0000
    endloop
  endfacet
  facet normal 0.959365 0.209784 -0.188704
    outer loop
      vertex 22.2645 15.7526 0.0000
      vertex 22.2163 16.8724 1.0000
      vertex 22.4180 15.9498 1.0000
    endloop
  endfacet
  facet normal 0.971118 0.168534 -0.168898
    outer loop
      vertex 22.0785 16.6638 0.0000
      vertex 22.0771 16.6716 0.0000
      vertex 22.2148 16.8802 1.0000
    endloop
  endfacet
  facet normal 0.968344 0.181537 -0.171333
    outer loop
      vertex 22.0785 16.6638 0.0000
      vertex 22.2148 16.8802 1.0000
      vertex 22.2163 16.8724 1.0000
    endloop
  endfacet
  facet normal 0.984989 0.081251 -0.152299
    outer loop
      vertex 22.0771 16.6716 0.0000
      vertex 22.0753 16.6942 0.0000
      vertex 22.2127 16.9030 1.0000
    endloop
  endfacet
  facet normal 0.983408 0.094140 -0.155068
    outer loop
      vertex 22.0771 16.6716 0.0000
      vertex 22.2127 16.9030 1.0000
      vertex 22.2148 16.8802 1.0000
    endloop
  endfacet
  facet normal 0.990873 -0.006739 -0.134632
    outer loop
      vertex 22.0753 16.6942 0.0000
      vertex 22.0753 16.7021 0.0000
      vertex 22.2126 16.9110 1.0000
    endloop
  endfacet
  facet normal 0.990523 0.005501 -0.137238
    outer loop
      vertex 22.0753 16.6942 0.0000
      vertex 22.2126 16.9110 1.0000
      vertex 22.2127 16.9030 1.0000
    endloop
  endfacet
  facet normal 0.992778 -0.035086 -0.114724
    outer loop
      vertex 22.0753 16.7021 0.0000
      vertex 22.1214 18.0065 0.0000
      vertex 22.2447 18.2240 1.0000
    endloop
  endfacet
  facet normal 0.991085 -0.024195 -0.131014
    outer loop
      vertex 22.0753 16.7021 0.0000
      vertex 22.2447 18.2240 1.0000
      vertex 22.2126 16.9110 1.0000
    endloop
  endfacet
  facet normal 0.992209 -0.060181 -0.109082
    outer loop
      vertex 22.1214 18.0065 0.0000
      vertex 22.1221 18.0184 0.0000
      vertex 22.2453 18.2360 1.0000
    endloop
  endfacet
  facet normal 0.992493 -0.050713 -0.111290
    outer loop
      vertex 22.1214 18.0065 0.0000
      vertex 22.2453 18.2360 1.0000
      vertex 22.2447 18.2240 1.0000
    endloop
  endfacet
  facet normal 0.988910 -0.112256 -0.097242
    outer loop
      vertex 22.1221 18.0184 0.0000
      vertex 22.1235 18.0303 0.0000
      vertex 22.2465 18.2479 1.0000
    endloop
  endfacet
  facet normal 0.989645 -0.103638 -0.099311
    outer loop
      vertex 22.1221 18.0184 0.0000
      vertex 22.2465 18.2479 1.0000
      vertex 22.2453 18.2360 1.0000
    endloop
  endfacet
  facet normal 0.987262 -0.137403 -0.080209
    outer loop
      vertex 22.1235 18.0303 0.0000
      vertex 22.3380 19.5719 0.0000
      vertex 22.4504 19.7953 1.0000
    endloop
  endfacet
  facet normal 0.987123 -0.130045 -0.093151
    outer loop
      vertex 22.1235 18.0303 0.0000
      vertex 22.4504 19.7953 1.0000
      vertex 22.2465 18.2479 1.0000
    endloop
  endfacet
  facet normal 0.985549 -0.150895 -0.076962
    outer loop
      vertex 22.3380 19.5719 0.0000
      vertex 22.3390 19.5785 0.0000
      vertex 22.4513 19.8018 1.0000
    endloop
  endfacet
  facet normal 0.986353 -0.144747 -0.078467
    outer loop
      vertex 22.3380 19.5719 0.0000
      vertex 22.4513 19.8018 1.0000
      vertex 22.4504 19.7953 1.0000
    endloop
  endfacet
  facet normal 0.981271 -0.179438 -0.070069
    outer loop
      vertex 22.3390 19.5785 0.0000
      vertex 22.3402 19.5850 0.0000
      vertex 22.4525 19.8084 1.0000
    endloop
  endfacet
  facet normal 0.982182 -0.173816 -0.071464
    outer loop
      vertex 22.3390 19.5785 0.0000
      vertex 22.4525 19.8084 1.0000
      vertex 22.4513 19.8018 1.0000
    endloop
  endfacet
  facet normal 0.979405 -0.193146 -0.058829
    outer loop
      vertex 22.3402 19.5850 0.0000
      vertex 22.6596 21.2045 0.0000
      vertex 22.7644 21.4314 1.0000
    endloop
  endfacet
  facet normal 0.979759 -0.188304 -0.067918
    outer loop
      vertex 22.3402 19.5850 0.0000
      vertex 22.7644 21.4314 1.0000
      vertex 22.4525 19.8084 1.0000
    endloop
  endfacet
  facet normal 0.977339 -0.204111 -0.056099
    outer loop
      vertex 22.6596 21.2045 0.0000
      vertex 22.6608 21.2103 0.0000
      vertex 22.7656 21.4373 1.0000
    endloop
  endfacet
  facet normal 0.978108 -0.200107 -0.057113
    outer loop
      vertex 22.6596 21.2045 0.0000
      vertex 22.7656 21.4373 1.0000
      vertex 22.7644 21.4314 1.0000
    endloop
  endfacet
  facet normal 0.974231 -0.219407 -0.052290
    outer loop
      vertex 22.6608 21.2103 0.0000
      vertex 22.6615 21.2133 0.0000
      vertex 22.7663 21.4402 1.0000
    endloop
  endfacet
  facet normal 0.975013 -0.215675 -0.053230
    outer loop
      vertex 22.6608 21.2103 0.0000
      vertex 22.7663 21.4402 1.0000
      vertex 22.7656 21.4373 1.0000
    endloop
  endfacet
  facet normal 0.972621 -0.228004 -0.044970
    outer loop
      vertex 22.6615 21.2133 0.0000
      vertex 23.0218 22.7500 0.0000
      vertex 23.1217 22.9792 1.0000
    endloop
  endfacet
  facet normal 0.973087 -0.224733 -0.050961
    outer loop
      vertex 22.6615 21.2133 0.0000
      vertex 23.1217 22.9792 1.0000
      vertex 22.7663 21.4402 1.0000
    endloop
  endfacet
  facet normal 0.970917 -0.235510 -0.043068
    outer loop
      vertex 23.0218 22.7500 0.0000
      vertex 23.0227 22.7540 0.0000
      vertex 23.1227 22.9832 1.0000
    endloop
  endfacet
  facet normal 0.971552 -0.232746 -0.043777
    outer loop
      vertex 23.0218 22.7500 0.0000
      vertex 23.1227 22.9832 1.0000
      vertex 23.1217 22.9792 1.0000
    endloop
  endfacet
  facet normal 0.968446 -0.245923 -0.040430
    outer loop
      vertex 23.0227 22.7540 0.0000
      vertex 23.0232 22.7560 0.0000
      vertex 23.1232 22.9852 1.0000
    endloop
  endfacet
  facet normal 0.969072 -0.243332 -0.041092
    outer loop
      vertex 23.0227 22.7540 0.0000
      vertex 23.1232 22.9852 1.0000
      vertex 23.1227 22.9832 1.0000
    endloop
  endfacet
  facet normal 0.967110 -0.251832 -0.035773
    outer loop
      vertex 23.0232 22.7560 0.0000
      vertex 23.3610 24.0530 0.0000
      vertex 23.4580 24.2835 1.0000
    endloop
  endfacet
  facet normal 0.967566 -0.249509 -0.039520
    outer loop
      vertex 23.0232 22.7560 0.0000
      vertex 23.4580 24.2835 1.0000
      vertex 23.1232 22.9852 1.0000
    endloop
  endfacet
  facet normal 0.964106 -0.263486 -0.032792
    outer loop
      vertex 23.3610 24.0530 0.0000
      vertex 23.3614 24.0548 0.0000
      vertex 23.4584 24.2852 1.0000
    endloop
  endfacet
  facet normal 0.964614 -0.261556 -0.033290
    outer loop
      vertex 23.3610 24.0530 0.0000
      vertex 23.4584 24.2852 1.0000
      vertex 23.4580 24.2835 1.0000
    endloop
  endfacet
  facet normal 0.962646 -0.269041 -0.030471
    outer loop
      vertex 23.3614 24.0548 0.0000
      vertex 23.4919 24.5214 0.0000
      vertex 23.5880 24.7522 1.0000
    endloop
  endfacet
  facet normal 0.963104 -0.267242 -0.031830
    outer loop
      vertex 23.3614 24.0548 0.0000
      vertex 23.5880 24.7522 1.0000
      vertex 23.4584 24.2852 1.0000
    endloop
  endfacet
  facet normal 0.977476 -0.205909 -0.046288
    outer loop
      vertex 23.4919 24.5214 0.0000
      vertex 23.5054 24.5857 0.0000
      vertex 23.6014 24.8165 1.0000
    endloop
  endfacet
  facet normal 0.977993 -0.203247 -0.047130
    outer loop
      vertex 23.4919 24.5214 0.0000
      vertex 23.6014 24.8165 1.0000
      vertex 23.5880 24.7522 1.0000
    endloop
  endfacet
  facet normal 0.994001 -0.077430 -0.077246
    outer loop
      vertex 23.5054 24.5857 0.0000
      vertex 23.5105 24.6511 0.0000
      vertex 23.6062 24.8821 1.0000
    endloop
  endfacet
  facet normal 0.994227 -0.073078 -0.078559
    outer loop
      vertex 23.5054 24.5857 0.0000
      vertex 23.6062 24.8821 1.0000
      vertex 23.6014 24.8165 1.0000
    endloop
  endfacet
  facet normal 0.992925 0.052121 -0.106690
    outer loop
      vertex 23.5105 24.6511 0.0000
      vertex 23.5071 24.7166 0.0000
      vertex 23.6024 24.9477 1.0000
    endloop
  endfacet
  facet normal 0.992434 0.057788 -0.108326
    outer loop
      vertex 23.5105 24.6511 0.0000
      vertex 23.6024 24.9477 1.0000
      vertex 23.6062 24.8821 1.0000
    endloop
  endfacet
  facet normal 0.974414 0.180352 -0.134127
    outer loop
      vertex 23.5071 24.7166 0.0000
      vertex 23.4951 24.7809 0.0000
      vertex 23.5900 25.0122 1.0000
    endloop
  endfacet
  facet normal 0.972949 0.186811 -0.135915
    outer loop
      vertex 23.5071 24.7166 0.0000
      vertex 23.5900 25.0122 1.0000
      vertex 23.6024 24.9477 1.0000
    endloop
  endfacet
  facet normal 0.938976 0.304965 -0.159124
    outer loop
      vertex 23.4951 24.7809 0.0000
      vertex 23.4750 24.8430 0.0000
      vertex 23.5692 25.0746 1.0000
    endloop
  endfacet
  facet normal 0.936486 0.311620 -0.160894
    outer loop
      vertex 23.4951 24.7809 0.0000
      vertex 23.5692 25.0746 1.0000
      vertex 23.5900 25.0122 1.0000
    endloop
  endfacet
  facet normal 0.887425 0.423795 -0.181312
    outer loop
      vertex 23.4750 24.8430 0.0000
      vertex 23.4469 24.9019 0.0000
      vertex 23.5405 25.1337 1.0000
    endloop
  endfacet
  facet normal 0.884070 0.430071 -0.182917
    outer loop
      vertex 23.4750 24.8430 0.0000
      vertex 23.5405 25.1337 1.0000
      vertex 23.5692 25.0746 1.0000
    endloop
  endfacet
  facet normal 0.820836 0.534858 -0.200387
    outer loop
      vertex 23.4469 24.9019 0.0000
      vertex 23.4113 24.9564 0.0000
      vertex 23.5042 25.1885 1.0000
    endloop
  endfacet
  facet normal 0.816955 0.540274 -0.201717
    outer loop
      vertex 23.4469 24.9019 0.0000
      vertex 23.5042 25.1885 1.0000
      vertex 23.5405 25.1337 1.0000
    endloop
  endfacet
  facet normal 0.740498 0.636366 -0.216105
    outer loop
      vertex 23.4113 24.9564 0.0000
      vertex 23.3690 25.0057 0.0000
      vertex 23.4611 25.2381 1.0000
    endloop
  endfacet
  facet normal 0.736553 0.640592 -0.217100
    outer loop
      vertex 23.4113 24.9564 0.0000
      vertex 23.4611 25.2381 1.0000
      vertex 23.5042 25.1885 1.0000
    endloop
  endfacet
  facet normal 0.647874 0.726738 -0.228280
    outer loop
      vertex 23.3690 25.0057 0.0000
      vertex 23.3206 25.0488 0.0000
      vertex 23.4118 25.2816 1.0000
    endloop
  endfacet
  facet normal 0.644382 0.729632 -0.228929
    outer loop
      vertex 23.3690 25.0057 0.0000
      vertex 23.4118 25.2816 1.0000
      vertex 23.4611 25.2381 1.0000
    endloop
  endfacet
  facet normal 0.544565 0.804603 -0.236775
    outer loop
      vertex 23.3206 25.0488 0.0000
      vertex 23.2669 25.0852 0.0000
      vertex 23.3573 25.3182 1.0000
    endloop
  endfacet
  facet normal 0.542027 0.806215 -0.237115
    outer loop
      vertex 23.3206 25.0488 0.0000
      vertex 23.3573 25.3182 1.0000
      vertex 23.4118 25.2816 1.0000
    endloop
  endfacet
  facet normal 0.432283 0.868798 -0.241498
    outer loop
      vertex 23.2669 25.0852 0.0000
      vertex 23.2089 25.1140 0.0000
      vertex 23.2984 25.3474 1.0000
    endloop
  endfacet
  facet normal 0.431115 0.869348 -0.241606
    outer loop
      vertex 23.2669 25.0852 0.0000
      vertex 23.2984 25.3474 1.0000
      vertex 23.3573 25.3182 1.0000
    endloop
  endfacet
  facet normal 0.312833 0.918356 -0.242402
    outer loop
      vertex 23.2089 25.1140 0.0000
      vertex 23.1476 25.1349 0.0000
      vertex 23.2362 25.3687 1.0000
    endloop
  endfacet
  facet normal 0.313310 0.918200 -0.242375
    outer loop
      vertex 23.2089 25.1140 0.0000
      vertex 23.2362 25.3687 1.0000
      vertex 23.2984 25.3474 1.0000
    endloop
  endfacet
  facet normal 0.188098 0.952508 -0.239473
    outer loop
      vertex 23.1476 25.1349 0.0000
      vertex 23.0840 25.1475 0.0000
      vertex 23.1718 25.3815 1.0000
    endloop
  endfacet
  facet normal 0.190321 0.952080 -0.239421
    outer loop
      vertex 23.1476 25.1349 0.0000
      vertex 23.1718 25.3815 1.0000
      vertex 23.2362 25.3687 1.0000
    endloop
  endfacet
  facet normal 0.060036 0.970685 -0.232738
    outer loop
      vertex 23.0840 25.1475 0.0000
      vertex 23.0193 25.1515 0.0000
      vertex 23.1062 25.3859 1.0000
    endloop
  endfacet
  facet normal 0.063914 0.970431 -0.232764
    outer loop
      vertex 23.0840 25.1475 0.0000
      vertex 23.1062 25.3859 1.0000
      vertex 23.1718 25.3815 1.0000
    endloop
  endfacet
  facet normal 0.002588 0.984991 -0.172584
    outer loop
      vertex 23.0193 25.1515 0.0000
      vertex 0.6779 25.2102 0.0000
      vertex 0.5000 25.3859 1.0000
    endloop
  endfacet
  facet normal 0.000000 0.973613 -0.228204
    outer loop
      vertex 23.0193 25.1515 0.0000
      vertex 0.5000 25.3859 1.0000
      vertex 23.1062 25.3859 1.0000
    endloop
  endfacet
  facet normal -0.059038 0.981418 -0.182572
    outer loop
      vertex 0.6779 25.2102 0.0000
      vertex 0.6130 25.2063 0.0000
      vertex 0.4347 25.3816 1.0000
    endloop
  endfacet
  facet normal -0.064289 0.980868 -0.183755
    outer loop
      vertex 0.6779 25.2102 0.0000
      vertex 0.4347 25.3816 1.0000
      vertex 0.5000 25.3859 1.0000
    endloop
  endfacet
  facet normal -0.186258 0.961626 -0.201455
    outer loop
      vertex 0.6130 25.2063 0.0000
      vertex 0.5492 25.1939 0.0000
      vertex 0.3706 25.3688 1.0000
    endloop
  endfacet
  facet normal -0.191051 0.960480 -0.202431
    outer loop
      vertex 0.6130 25.2063 0.0000
      vertex 0.3706 25.3688 1.0000
      vertex 0.4347 25.3816 1.0000
    endloop
  endfacet
  facet normal -0.309749 0.925734 -0.216960
    outer loop
      vertex 0.5492 25.1939 0.0000
      vertex 0.4877 25.1734 0.0000
      vertex 0.3087 25.3478 1.0000
    endloop
  endfacet
  facet normal -0.313731 0.924222 -0.217685
    outer loop
      vertex 0.5492 25.1939 0.0000
      vertex 0.3087 25.3478 1.0000
      vertex 0.3706 25.3688 1.0000
    endloop
  endfacet
  facet normal -0.427567 0.874522 -0.228908
    outer loop
      vertex 0.4877 25.1734 0.0000
      vertex 0.4295 25.1449 0.0000
      vertex 0.2500 25.3189 1.0000
    endloop
  endfacet
  facet normal -0.430496 0.872960 -0.229377
    outer loop
      vertex 0.4877 25.1734 0.0000
      vertex 0.2500 25.3189 1.0000
      vertex 0.3087 25.3478 1.0000
    endloop
  endfacet
  facet normal -0.537912 0.808951 -0.237169
    outer loop
      vertex 0.4295 25.1449 0.0000
      vertex 0.3756 25.1091 0.0000
      vertex 0.1956 25.2825 1.0000
    endloop
  endfacet
  facet normal -0.539686 0.807697 -0.237411
    outer loop
      vertex 0.4295 25.1449 0.0000
      vertex 0.1956 25.2825 1.0000
      vertex 0.2500 25.3189 1.0000
    endloop
  endfacet
  facet normal -0.639135 0.730142 -0.241660
    outer loop
      vertex 0.3756 25.1091 0.0000
      vertex 0.3269 25.0664 0.0000
      vertex 0.1464 25.2394 1.0000
    endloop
  endfacet
  facet normal -0.639792 0.729542 -0.241732
    outer loop
      vertex 0.3756 25.1091 0.0000
      vertex 0.1464 25.2394 1.0000
      vertex 0.1956 25.2825 1.0000
    endloop
  endfacet
  facet normal -0.729725 0.639356 -0.242336
    outer loop
      vertex 0.3269 25.0664 0.0000
      vertex 0.2843 25.0178 0.0000
      vertex 0.1033 25.1902 1.0000
    endloop
  endfacet
  facet normal -0.729434 0.639696 -0.242313
    outer loop
      vertex 0.3269 25.0664 0.0000
      vertex 0.1033 25.1902 1.0000
      vertex 0.1464 25.2394 1.0000
    endloop
  endfacet
  facet normal -0.808310 0.537982 -0.239188
    outer loop
      vertex 0.2843 25.0178 0.0000
      vertex 0.2484 24.9639 0.0000
      vertex 0.0670 25.1359 1.0000
    endloop
  endfacet
  facet normal -0.807342 0.539449 -0.239151
    outer loop
      vertex 0.2843 25.0178 0.0000
      vertex 0.0670 25.1359 1.0000
      vertex 0.1033 25.1902 1.0000
    endloop
  endfacet
  facet normal -0.873654 0.427541 -0.232245
    outer loop
      vertex 0.2484 24.9639 0.0000
      vertex 0.2200 24.9057 0.0000
      vertex 0.0381 25.0772 1.0000
    endloop
  endfacet
  facet normal -0.872345 0.430193 -0.232270
    outer loop
      vertex 0.2484 24.9639 0.0000
      vertex 0.0381 25.0772 1.0000
      vertex 0.0670 25.1359 1.0000
    endloop
  endfacet
  facet normal -0.924662 0.309686 -0.221572
    outer loop
      vertex 0.2200 24.9057 0.0000
      vertex 0.1994 24.8442 0.0000
      vertex 0.0170 25.0153 1.0000
    endloop
  endfacet
  facet normal -0.923362 0.313439 -0.221719
    outer loop
      vertex 0.2200 24.9057 0.0000
      vertex 0.0170 25.0153 1.0000
      vertex 0.0381 25.0772 1.0000
    endloop
  endfacet
  facet normal -0.960397 0.186206 -0.207279
    outer loop
      vertex 0.1994 24.8442 0.0000
      vertex 0.1870 24.7805 0.0000
      vertex 0.0043 24.9511 1.0000
    endloop
  endfacet
  facet normal -0.959421 0.190841 -0.207584
    outer loop
      vertex 0.1994 24.8442 0.0000
      vertex 0.0043 24.9511 1.0000
      vertex 0.0170 25.0153 1.0000
    endloop
  endfacet
  facet normal -0.980100 0.059032 -0.189525
    outer loop
      vertex 0.1870 24.7805 0.0000
      vertex 0.1831 24.7157 0.0000
      vertex 0.0000 24.8859 1.0000
    endloop
  endfacet
  facet normal -0.979683 0.064212 -0.189993
    outer loop
      vertex 0.1870 24.7805 0.0000
      vertex 0.0000 24.8859 1.0000
      vertex 0.0043 24.9511 1.0000
    endloop
  endfacet
  facet normal -0.974352 -0.002045 -0.225018
    outer loop
      vertex 0.1831 24.7157 0.0000
      vertex 0.2307 2.0336 0.0000
      vertex 0.0000 1.9374 1.0000
    endloop
  endfacet
  facet normal -0.983643 0.000000 -0.180127
    outer loop
      vertex 0.1831 24.7157 0.0000
      vertex 0.0000 1.9374 1.0000
      vertex 0.0000 24.8859 1.0000
    endloop
  endfacet
  facet normal -0.971491 -0.059129 -0.229584
    outer loop
      vertex 0.2307 2.0336 0.0000
      vertex 0.2346 1.9696 0.0000
      vertex 0.0042 1.8726 1.0000
    endloop
  endfacet
  facet normal -0.971099 -0.063217 -0.230154
    outer loop
      vertex 0.2307 2.0336 0.0000
      vertex 0.0042 1.8726 1.0000
      vertex 0.0000 1.9374 1.0000
    endloop
  endfacet
  facet normal -0.953477 -0.185636 -0.237531
    outer loop
      vertex 0.2346 1.9696 0.0000
      vertex 0.2469 1.9066 0.0000
      vertex 0.0168 1.8089 1.0000
    endloop
  endfacet
  facet normal -0.952897 -0.188225 -0.237821
    outer loop
      vertex 0.2346 1.9696 0.0000
      vertex 0.0168 1.8089 1.0000
      vertex 0.0042 1.8726 1.0000
    endloop
  endfacet
  facet normal -0.919857 -0.308879 -0.241779
    outer loop
      vertex 0.2469 1.9066 0.0000
      vertex 0.2673 1.8459 0.0000
      vertex 0.0376 1.7473 1.0000
    endloop
  endfacet
  facet normal -0.919506 -0.309858 -0.241862
    outer loop
      vertex 0.2469 1.9066 0.0000
      vertex 0.0376 1.7473 1.0000
      vertex 0.0168 1.8089 1.0000
    endloop
  endfacet
  facet normal -0.871199 -0.426978 -0.242285
    outer loop
      vertex 0.2673 1.8459 0.0000
      vertex 0.2955 1.7883 0.0000
      vertex 0.0661 1.6890 1.0000
    endloop
  endfacet
  facet normal -0.871486 -0.426410 -0.242254
    outer loop
      vertex 0.2673 1.8459 0.0000
      vertex 0.0661 1.6890 1.0000
      vertex 0.0376 1.7473 1.0000
    endloop
  endfacet
  facet normal -0.808254 -0.538130 -0.239042
    outer loop
      vertex 0.2955 1.7883 0.0000
      vertex 0.3310 1.7350 0.0000
      vertex 0.1020 1.6348 1.0000
    endloop
  endfacet
  facet normal -0.809521 -0.536243 -0.238997
    outer loop
      vertex 0.2955 1.7883 0.0000
      vertex 0.1020 1.6348 1.0000
      vertex 0.0661 1.6890 1.0000
    endloop
  endfacet
  facet normal -0.731954 -0.640612 -0.232078
    outer loop
      vertex 0.3310 1.7350 0.0000
      vertex 0.3733 1.6867 0.0000
      vertex 0.1446 1.5857 1.0000
    endloop
  endfacet
  facet normal -0.734426 -0.637763 -0.232114
    outer loop
      vertex 0.3310 1.7350 0.0000
      vertex 0.1446 1.5857 1.0000
      vertex 0.1020 1.6348 1.0000
    endloop
  endfacet
  facet normal -0.643411 -0.732788 -0.221460
    outer loop
      vertex 0.3733 1.6867 0.0000
      vertex 0.4215 1.6443 0.0000
      vertex 0.1932 1.5426 1.0000
    endloop
  endfacet
  facet normal -0.647162 -0.729419 -0.221651
    outer loop
      vertex 0.3733 1.6867 0.0000
      vertex 0.1932 1.5426 1.0000
      vertex 0.1446 1.5857 1.0000
    endloop
  endfacet
  facet normal -0.543924 -0.813126 -0.207298
    outer loop
      vertex 0.4215 1.6443 0.0000
      vertex 0.4750 1.6086 0.0000
      vertex 0.2469 1.5062 1.0000
    endloop
  endfacet
  facet normal -0.548855 -0.809706 -0.207687
    outer loop
      vertex 0.4215 1.6443 0.0000
      vertex 0.2469 1.5062 1.0000
      vertex 0.1932 1.5426 1.0000
    endloop
  endfacet
  facet normal -0.434988 -0.880217 -0.189748
    outer loop
      vertex 0.4750 1.6086 0.0000
      vertex 0.5328 1.5800 0.0000
      vertex 0.3050 1.4770 1.0000
    endloop
  endfacet
  facet normal -0.440829 -0.877177 -0.190341
    outer loop
      vertex 0.4750 1.6086 0.0000
      vertex 0.3050 1.4770 1.0000
      vertex 0.2469 1.5062 1.0000
    endloop
  endfacet
  facet normal -0.318287 -0.932806 -0.169019
    outer loop
      vertex 0.5328 1.5800 0.0000
      vertex 0.5939 1.5592 0.0000
      vertex 0.3663 1.4556 1.0000
    endloop
  endfacet
  facet normal -0.324625 -0.930479 -0.169785
    outer loop
      vertex 0.5328 1.5800 0.0000
      vertex 0.3663 1.4556 1.0000
      vertex 0.3050 1.4770 1.0000
    endloop
  endfacet
  facet normal -0.257242 -0.952549 -0.162716
    outer loop
      vertex 0.5939 1.5592 0.0000
      vertex 1.3746 1.3483 0.0000
      vertex 1.1502 1.2381 1.0000
    endloop
  endfacet
  facet normal -0.263994 -0.951397 -0.158590
    outer loop
      vertex 0.5939 1.5592 0.0000
      vertex 1.1502 1.2381 1.0000
      vertex 0.3663 1.4556 1.0000
    endloop
  endfacet
  facet normal -0.258544 -0.966000 0.000000
    outer loop
      vertex 1.1502 1.2381 1.0000
      vertex 1.1591 1.2357 1.0000
      vertex 1.1591 1.2357 2.0000
    endloop
  endfacet
  facet normal -0.258544 -0.966000 0.000000
    outer loop
      vertex 1.1502 1.2381 1.0000
      vertex 1.1591 1.2357 2.0000
      vertex 1.1502 1.2381 2.0000
    endloop
  endfacet
  facet normal -0.249689 -0.968326 0.000000
    outer loop
      vertex 1.1591 1.2357 1.0000
      vertex 2.4448 0.9042 1.0000
      vertex 2.4448 0.9042 2.0000
    endloop
  endfacet
  facet normal -0.249689 -0.968326 0.000000
    outer loop
      vertex 1.1591 1.2357 1.0000
      vertex 2.4448 0.9042 2.0000
      vertex 1.1591 1.2357 2.0000
    endloop
  endfacet
  facet normal -0.237376 -0.971418 0.000000
    outer loop
      vertex 2.4448 0.9042 1.0000
      vertex 2.4571 0.9012 1.0000
      vertex 2.4571 0.9012 2.0000
    endloop
  endfacet
  facet normal -0.237376 -0.971418 0.000000
    outer loop
      vertex 2.4448 0.9042 1.0000
      vertex 2.4571 0.9012 2.0000
      vertex 2.4448 0.9042 2.0000
    endloop
  endfacet
  facet normal -0.225026 -0.974353 0.000000
    outer loop
      vertex 2.4571 0.9012 1.0000
      vertex 3.9821 0.5490 1.0000
      vertex 3.9821 0.5490 2.0000
    endloop
  endfacet
  facet normal -0.225026 -0.974353 0.000000
    outer loop
      vertex 2.4571 0.9012 1.0000
      vertex 3.9821 0.5490 2.0000
      vertex 2.4571 0.9012 2.0000
    endloop
  endfacet
  facet normal -0.206918 -0.978358 0.000000
    outer loop
      vertex 3.9821 0.5490 1.0000
      vertex 4.0002 0.5452 1.0000
      vertex 4.0002 0.5452 2.0000
    endloop
  endfacet
  facet normal -0.206918 -0.978358 0.000000
    outer loop
      vertex 3.9821 0.5490 1.0000
      vertex 4.0002 0.5452 2.0000
      vertex 3.9821 0.5490 2.0000
    endloop
  endfacet
  facet normal -0.188740 -0.982027 0.000000
    outer loop
      vertex 4.0002 0.5452 1.0000
      vertex 5.6015 0.2374 1.0000
      vertex 5.6015 0.2374 2.0000
    endloop
  endfacet
  facet normal -0.188740 -0.982027 0.000000
    outer loop
      vertex 4.0002 0.5452 1.0000
      vertex 5.6015 0.2374 2.0000
      vertex 4.0002 0.5452 2.0000
    endloop
  endfacet
  facet normal -0.159746 -0.987158 0.000000
    outer loop
      vertex 5.6015 0.2374 1.0000
      vertex 5.6306 0.2327 1.0000
      vertex 5.6306 0.2327 2.0000
    endloop
  endfacet
  facet normal -0.159746 -0.987158 0.000000
    outer loop
      vertex 5.6015 0.2374 1.0000
      vertex 5.6306 0.2327 2.0000
      vertex 5.6015 0.2374 2.0000
    endloop
  endfacet
  facet normal -0.130613 -0.991433 0.000000
    outer loop
      vertex 5.6306 0.2327 1.0000
      vertex 7.1389 0.0340 1.0000
      vertex 7.1389 0.0340 2.0000
    endloop
  endfacet
  facet normal -0.130613 -0.991433 0.000000
    outer loop
      vertex 5.6306 0.2327 1.0000
      vertex 7.1389 0.0340 2.0000
      vertex 5.6306 0.2327 2.0000
    endloop
  endfacet
  facet normal -0.077619 -0.996983 0.000000
    outer loop
      vertex 7.1389 0.0340 1.0000
      vertex 7.1920 0.0299 1.0000
      vertex 7.1920 0.0299 2.0000
    endloop
  endfacet
  facet normal -0.077619 -0.996983 0.000000
    outer loop
      vertex 7.1389 0.0340 1.0000
      vertex 7.1920 0.0299 2.0000
      vertex 7.1389 0.0340 2.0000
    endloop
  endfacet
  facet normal -0.024405 -0.999702 0.000000
    outer loop
      vertex 7.1920 0.0299 1.0000
      vertex 8.4150 0.0000 1.0000
      vertex 8.4150 0.0000 2.0000
    endloop
  endfacet
  facet normal -0.024405 -0.999702 0.000000
    outer loop
      vertex 7.1920 0.0299 1.0000
      vertex 8.4150 0.0000 2.0000
      vertex 7.1920 0.0299 2.0000
    endloop
  endfacet
  facet normal 0.035507 -0.999369 0.000000
    outer loop
      vertex 8.4150 0.0000 1.0000
      vertex 8.4749 0.0021 1.0000
      vertex 8.4749 0.0021 2.0000
    endloop
  endfacet
  facet normal 0.035507 -0.999369 0.000000
    outer loop
      vertex 8.4150 0.0000 1.0000
      vertex 8.4749 0.0021 2.0000
      vertex 8.4150 0.0000 2.0000
    endloop
  endfacet
  facet normal 0.154735 -0.987956 0.000000
    outer loop
      vertex 8.4749 0.0021 1.0000
      vertex 8.5340 0.0114 1.0000
      vertex 8.5340 0.0114 2.0000
    endloop
  endfacet
  facet normal 0.154735 -0.987956 0.000000
    outer loop
      vertex 8.4749 0.0021 1.0000
      vertex 8.5340 0.0114 2.0000
      vertex 8.4749 0.0021 2.0000
    endloop
  endfacet
  facet normal 0.213622 -0.976916 0.000000
    outer loop
      vertex 8.5340 0.0114 1.0000
      vertex 9.1882 0.1545 1.0000
      vertex 9.1882 0.1545 2.0000
    endloop
  endfacet
  facet normal 0.213622 -0.976916 0.000000
    outer loop
      vertex 8.5340 0.0114 1.0000
      vertex 9.1882 0.1545 2.0000
      vertex 8.5340 0.0114 2.0000
    endloop
  endfacet
  facet normal 0.281323 -0.959613 0.000000
    outer loop
      vertex 9.1882 0.1545 1.0000
      vertex 9.2553 0.1741 1.0000
      vertex 9.2553 0.1741 2.0000
    endloop
  endfacet
  facet normal 0.281323 -0.959613 0.000000
    outer loop
      vertex 9.1882 0.1545 1.0000
      vertex 9.2553 0.1741 2.0000
      vertex 9.1882 0.1545 2.0000
    endloop
  endfacet
  facet normal 0.412278 -0.911058 0.000000
    outer loop
      vertex 9.2553 0.1741 1.0000
      vertex 9.3189 0.2029 1.0000
      vertex 9.3189 0.2029 2.0000
    endloop
  endfacet
  facet normal 0.412278 -0.911058 0.000000
    outer loop
      vertex 9.2553 0.1741 1.0000
      vertex 9.3189 0.2029 2.0000
      vertex 9.2553 0.1741 2.0000
    endloop
  endfacet
  facet normal 0.535191 -0.844731 0.000000
    outer loop
      vertex 9.3189 0.2029 1.0000
      vertex 9.3779 0.2403 1.0000
      vertex 9.3779 0.2403 2.0000
    endloop
  endfacet
  facet normal 0.535191 -0.844731 0.000000
    outer loop
      vertex 9.3189 0.2029 1.0000
      vertex 9.3779 0.2403 2.0000
      vertex 9.3189 0.2029 2.0000
    endloop
  endfacet
  facet normal 0.647665 -0.761925 0.000000
    outer loop
      vertex 9.3779 0.2403 1.0000
      vertex 9.4311 0.2855 1.0000
      vertex 9.4311 0.2855 2.0000
    endloop
  endfacet
  facet normal 0.647665 -0.761925 0.000000
    outer loop
      vertex 9.3779 0.2403 1.0000
      vertex 9.4311 0.2855 2.0000
      vertex 9.3779 0.2403 2.0000
    endloop
  endfacet
  facet normal 0.747504 -0.664257 0.000000
    outer loop
      vertex 9.4311 0.2855 1.0000
      vertex 9.4775 0.3377 1.0000
      vertex 9.4775 0.3377 2.0000
    endloop
  endfacet
  facet normal 0.747504 -0.664257 0.000000
    outer loop
      vertex 9.4311 0.2855 1.0000
      vertex 9.4775 0.3377 2.0000
      vertex 9.4311 0.2855 2.0000
    endloop
  endfacet
  facet normal 0.792067 -0.610434 0.000000
    outer loop
      vertex 9.4775 0.3377 1.0000
      vertex 9.5347 0.4120 1.0000
      vertex 9.5347 0.4120 2.0000
    endloop
  endfacet
  facet normal 0.792067 -0.610434 0.000000
    outer loop
      vertex 9.4775 0.3377 1.0000
      vertex 9.5347 0.4120 2.0000
      vertex 9.4775 0.3377 2.0000
    endloop
  endfacet
  facet normal 0.828705 -0.559686 0.000000
    outer loop
      vertex 9.5347 0.4120 1.0000
      vertex 9.5697 0.4638 1.0000
      vertex 9.5697 0.4638 2.0000
    endloop
  endfacet
  facet normal 0.828705 -0.559686 0.000000
    outer loop
      vertex 9.5347 0.4120 1.0000
      vertex 9.5697 0.4638 2.0000
      vertex 9.5347 0.4120 2.0000
    endloop
  endfacet
  facet normal 0.892110 -0.451819 0.000000
    outer loop
      vertex 9.5697 0.4638 1.0000
      vertex 9.5980 0.5196 1.0000
      vertex 9.5980 0.5196 2.0000
    endloop
  endfacet
  facet normal 0.892110 -0.451819 0.000000
    outer loop
      vertex 9.5697 0.4638 1.0000
      vertex 9.5980 0.5196 2.0000
      vertex 9.5697 0.4638 2.0000
    endloop
  endfacet
  facet normal 0.941548 -0.336878 0.000000
    outer loop
      vertex 9.5980 0.5196 1.0000
      vertex 9.6191 0.5785 1.0000
      vertex 9.6191 0.5785 2.0000
    endloop
  endfacet
  facet normal 0.941548 -0.336878 0.000000
    outer loop
      vertex 9.5980 0.5196 1.0000
      vertex 9.6191 0.5785 2.0000
      vertex 9.5980 0.5196 2.0000
    endloop
  endfacet
  facet normal 0.976246 -0.216664 0.000000
    outer loop
      vertex 9.6191 0.5785 1.0000
      vertex 9.6326 0.6396 1.0000
      vertex 9.6326 0.6396 2.0000
    endloop
  endfacet
  facet normal 0.976246 -0.216664 0.000000
    outer loop
      vertex 9.6191 0.5785 1.0000
      vertex 9.6326 0.6396 2.0000
      vertex 9.6191 0.5785 2.0000
    endloop
  endfacet
  facet normal 0.995661 -0.093057 0.000000
    outer loop
      vertex 9.6326 0.6396 1.0000
      vertex 9.6384 0.7019 1.0000
      vertex 9.6384 0.7019 2.0000
    endloop
  endfacet
  facet normal 0.995661 -0.093057 0.000000
    outer loop
      vertex 9.6326 0.6396 1.0000
      vertex 9.6384 0.7019 2.0000
      vertex 9.6326 0.6396 2.0000
    endloop
  endfacet
  facet normal 0.999488 0.032006 0.000000
    outer loop
      vertex 9.6384 0.7019 1.0000
      vertex 9.6364 0.7644 1.0000
      vertex 9.6364 0.7644 2.0000
    endloop
  endfacet
  facet normal 0.999488 0.032006 -0.000000
    outer loop
      vertex 9.6384 0.7019 1.0000
      vertex 9.6364 0.7644 2.0000
      vertex 9.6384 0.7019 2.0000
    endloop
  endfacet
  facet normal 0.987667 0.156569 0.000000
    outer loop
      vertex 9.6364 0.7644 1.0000
      vertex 9.6267 0.8262 1.0000
      vertex 9.6267 0.8262 2.0000
    endloop
  endfacet
  facet normal 0.987667 0.156569 -0.000000
    outer loop
      vertex 9.6364 0.7644 1.0000
      vertex 9.6267 0.8262 2.0000
      vertex 9.6364 0.7644 2.0000
    endloop
  endfacet
  facet normal 0.960384 0.278680 0.000000
    outer loop
      vertex 9.6267 0.8262 1.0000
      vertex 9.6092 0.8863 1.0000
      vertex 9.6092 0.8863 2.0000
    endloop
  endfacet
  facet normal 0.960384 0.278680 -0.000000
    outer loop
      vertex 9.6267 0.8262 1.0000
      vertex 9.6092 0.8863 2.0000
      vertex 9.6267 0.8262 2.0000
    endloop
  endfacet
  facet normal 0.941068 0.338217 0.000000
    outer loop
      vertex 9.6092 0.8863 1.0000
      vertex 9.4091 1.4432 1.0000
      vertex 9.4091 1.4432 2.0000
    endloop
  endfacet
  facet normal 0.941068 0.338217 -0.000000
    outer loop
      vertex 9.6092 0.8863 1.0000
      vertex 9.4091 1.4432 2.0000
      vertex 9.6092 0.8863 2.0000
    endloop
  endfacet
  facet normal 0.935674 0.352865 0.000000
    outer loop
      vertex 9.4091 1.4432 1.0000
      vertex 9.4036 1.4578 1.0000
      vertex 9.4036 1.4578 2.0000
    endloop
  endfacet
  facet normal 0.935674 0.352865 -0.000000
    outer loop
      vertex 9.4091 1.4432 1.0000
      vertex 9.4036 1.4578 2.0000
      vertex 9.4091 1.4432 2.0000
    endloop
  endfacet
  facet normal 0.930052 0.367428 0.000000
    outer loop
      vertex 9.4036 1.4578 1.0000
      vertex 9.0259 2.4139 1.0000
      vertex 9.0259 2.4139 2.0000
    endloop
  endfacet
  facet normal 0.930052 0.367428 -0.000000
    outer loop
      vertex 9.4036 1.4578 1.0000
      vertex 9.0259 2.4139 2.0000
      vertex 9.4036 1.4578 2.0000
    endloop
  endfacet
  facet normal 0.941077 0.338191 0.000000
    outer loop
      vertex 9.0259 2.4139 1.0000
      vertex 9.0231 2.4217 1.0000
      vertex 9.0231 2.4217 2.0000
    endloop
  endfacet
  facet normal 0.941077 0.338191 -0.000000
    outer loop
      vertex 9.0259 2.4139 1.0000
      vertex 9.0231 2.4217 2.0000
      vertex 9.0259 2.4139 2.0000
    endloop
  endfacet
  facet normal 0.968602 0.248616 0.000000
    outer loop
      vertex 9.0231 2.4217 1.0000
      vertex 9.0185 2.4392 1.0000
      vertex 9.0185 2.4392 2.0000
    endloop
  endfacet
  facet normal 0.968602 0.248616 -0.000000
    outer loop
      vertex 9.0231 2.4217 1.0000
      vertex 9.0185 2.4392 2.0000
      vertex 9.0231 2.4217 2.0000
    endloop
  endfacet
  facet normal 0.992040 0.125926 0.000000
    outer loop
      vertex 9.0185 2.4392 1.0000
      vertex 9.0170 2.4515 1.0000
      vertex 9.0170 2.4515 2.0000
    endloop
  endfacet
  facet normal 0.992040 0.125926 -0.000000
    outer loop
      vertex 9.0185 2.4392 1.0000
      vertex 9.0170 2.4515 2.0000
      vertex 9.0185 2.4392 2.0000
    endloop
  endfacet
  facet normal 0.999999 0.001271 0.000000
    outer loop
      vertex 9.0170 2.4515 1.0000
      vertex 9.0170 2.4639 1.0000
      vertex 9.0170 2.4639 2.0000
    endloop
  endfacet
  facet normal 0.999999 0.001271 -0.000000
    outer loop
      vertex 9.0170 2.4515 1.0000
      vertex 9.0170 2.4639 2.0000
      vertex 9.0170 2.4515 2.0000
    endloop
  endfacet
  facet normal 0.992356 -0.123404 0.000000
    outer loop
      vertex 9.0170 2.4639 1.0000
      vertex 9.0192 2.4819 1.0000
      vertex 9.0192 2.4819 2.0000
    endloop
  endfacet
  facet normal 0.992356 -0.123404 0.000000
    outer loop
      vertex 9.0170 2.4639 1.0000
      vertex 9.0192 2.4819 2.0000
      vertex 9.0170 2.4639 2.0000
    endloop
  endfacet
  facet normal 0.976448 -0.215752 0.000000
    outer loop
      vertex 9.0192 2.4819 1.0000
      vertex 9.0210 2.4901 1.0000
      vertex 9.0210 2.4901 2.0000
    endloop
  endfacet
  facet normal 0.976448 -0.215752 0.000000
    outer loop
      vertex 9.0192 2.4819 1.0000
      vertex 9.0210 2.4901 2.0000
      vertex 9.0192 2.4819 2.0000
    endloop
  endfacet
  facet normal 0.969231 -0.246154 0.000000
    outer loop
      vertex 9.0210 2.4901 1.0000
      vertex 9.2092 3.2311 1.0000
      vertex 9.2092 3.2311 2.0000
    endloop
  endfacet
  facet normal 0.969231 -0.246154 0.000000
    outer loop
      vertex 9.0210 2.4901 1.0000
      vertex 9.2092 3.2311 2.0000
      vertex 9.0210 2.4901 2.0000
    endloop
  endfacet
  facet normal 0.961291 -0.275535 0.000000
    outer loop
      vertex 9.2092 3.2311 1.0000
      vertex 9.2114 3.2389 1.0000
      vertex 9.2114 3.2389 2.0000
    endloop
  endfacet
  facet normal 0.961291 -0.275535 0.000000
    outer loop
      vertex 9.2092 3.2311 1.0000
      vertex 9.2114 3.2389 2.0000
      vertex 9.2092 3.2311 2.0000
    endloop
  endfacet
  facet normal 0.932162 -0.362040 0.000000
    outer loop
      vertex 9.2114 3.2389 1.0000
      vertex 9.2178 3.2554 1.0000
      vertex 9.2178 3.2554 2.0000
    endloop
  endfacet
  facet normal 0.932162 -0.362040 0.000000
    outer loop
      vertex 9.2114 3.2389 1.0000
      vertex 9.2178 3.2554 2.0000
      vertex 9.2114 3.2389 2.0000
    endloop
  endfacet
  facet normal 0.881295 -0.472567 0.000000
    outer loop
      vertex 9.2178 3.2554 1.0000
      vertex 9.2235 3.2660 1.0000
      vertex 9.2235 3.2660 2.0000
    endloop
  endfacet
  facet normal 0.881295 -0.472567 0.000000
    outer loop
      vertex 9.2178 3.2554 1.0000
      vertex 9.2235 3.2660 2.0000
      vertex 9.2178 3.2554 2.0000
    endloop
  endfacet
  facet normal 0.817381 -0.576098 0.000000
    outer loop
      vertex 9.2235 3.2660 1.0000
      vertex 9.2305 3.2759 1.0000
      vertex 9.2305 3.2759 2.0000
    endloop
  endfacet
  facet normal 0.817381 -0.576098 0.000000
    outer loop
      vertex 9.2235 3.2660 1.0000
      vertex 9.2305 3.2759 2.0000
      vertex 9.2235 3.2660 2.0000
    endloop
  endfacet
  facet normal 0.741366 -0.671101 0.000000
    outer loop
      vertex 9.2305 3.2759 1.0000
      vertex 9.2424 3.2890 1.0000
      vertex 9.2424 3.2890 2.0000
    endloop
  endfacet
  facet normal 0.741366 -0.671101 0.000000
    outer loop
      vertex 9.2305 3.2759 1.0000
      vertex 9.2424 3.2890 2.0000
      vertex 9.2305 3.2759 2.0000
    endloop
  endfacet
  facet normal 0.677085 -0.735905 0.000000
    outer loop
      vertex 9.2424 3.2890 1.0000
      vertex 9.2483 3.2945 1.0000
      vertex 9.2483 3.2945 2.0000
    endloop
  endfacet
  facet normal 0.677085 -0.735905 0.000000
    outer loop
      vertex 9.2424 3.2890 1.0000
      vertex 9.2483 3.2945 2.0000
      vertex 9.2424 3.2890 2.0000
    endloop
  endfacet
  facet normal 0.654377 -0.756169 0.000000
    outer loop
      vertex 9.2483 3.2945 1.0000
      vertex 9.8607 3.8244 1.0000
      vertex 9.8607 3.8244 2.0000
    endloop
  endfacet
  facet normal 0.654377 -0.756169 0.000000
    outer loop
      vertex 9.2483 3.2945 1.0000
      vertex 9.8607 3.8244 2.0000
      vertex 9.2483 3.2945 2.0000
    endloop
  endfacet
  facet normal 0.630625 -0.776088 0.000000
    outer loop
      vertex 9.8607 3.8244 1.0000
      vertex 9.8671 3.8296 1.0000
      vertex 9.8671 3.8296 2.0000
    endloop
  endfacet
  facet normal 0.630625 -0.776088 0.000000
    outer loop
      vertex 9.8607 3.8244 1.0000
      vertex 9.8671 3.8296 2.0000
      vertex 9.8607 3.8244 2.0000
    endloop
  endfacet
  facet normal 0.555827 -0.831298 0.000000
    outer loop
      vertex 9.8671 3.8296 1.0000
      vertex 9.8821 3.8396 1.0000
      vertex 9.8821 3.8396 2.0000
    endloop
  endfacet
  facet normal 0.555827 -0.831298 0.000000
    outer loop
      vertex 9.8671 3.8296 1.0000
      vertex 9.8821 3.8396 2.0000
      vertex 9.8671 3.8296 2.0000
    endloop
  endfacet
  facet normal 0.448742 -0.893662 0.000000
    outer loop
      vertex 9.8821 3.8396 1.0000
      vertex 9.8981 3.8477 1.0000
      vertex 9.8981 3.8477 2.0000
    endloop
  endfacet
  facet normal 0.448742 -0.893662 0.000000
    outer loop
      vertex 9.8821 3.8396 1.0000
      vertex 9.8981 3.8477 2.0000
      vertex 9.8821 3.8396 2.0000
    endloop
  endfacet
  facet normal 0.363811 -0.931473 0.000000
    outer loop
      vertex 9.8981 3.8477 1.0000
      vertex 9.9058 3.8507 1.0000
      vertex 9.9058 3.8507 2.0000
    endloop
  endfacet
  facet normal 0.363811 -0.931473 0.000000
    outer loop
      vertex 9.8981 3.8477 1.0000
      vertex 9.9058 3.8507 2.0000
      vertex 9.8981 3.8477 2.0000
    endloop
  endfacet
  facet normal 0.334765 -0.942302 0.000000
    outer loop
      vertex 9.9058 3.8507 1.0000
      vertex 10.8035 4.1696 1.0000
      vertex 10.8035 4.1696 2.0000
    endloop
  endfacet
  facet normal 0.334765 -0.942302 0.000000
    outer loop
      vertex 9.9058 3.8507 1.0000
      vertex 10.8035 4.1696 2.0000
      vertex 9.9058 3.8507 2.0000
    endloop
  endfacet
  facet normal 0.306417 -0.951898 0.000000
    outer loop
      vertex 10.8035 4.1696 1.0000
      vertex 10.8111 4.1720 1.0000
      vertex 10.8111 4.1720 2.0000
    endloop
  endfacet
  facet normal 0.306417 -0.951898 0.000000
    outer loop
      vertex 10.8035 4.1696 1.0000
      vertex 10.8111 4.1720 2.0000
      vertex 10.8035 4.1696 2.0000
    endloop
  endfacet
  facet normal 0.219827 -0.975539 0.000000
    outer loop
      vertex 10.8111 4.1720 1.0000
      vertex 10.8334 4.1771 1.0000
      vertex 10.8334 4.1771 2.0000
    endloop
  endfacet
  facet normal 0.219827 -0.975539 0.000000
    outer loop
      vertex 10.8111 4.1720 1.0000
      vertex 10.8334 4.1771 2.0000
      vertex 10.8111 4.1720 2.0000
    endloop
  endfacet
  facet normal 0.131466 -0.991321 0.000000
    outer loop
      vertex 10.8334 4.1771 1.0000
      vertex 10.8413 4.1781 1.0000
      vertex 10.8413 4.1781 2.0000
    endloop
  endfacet
  facet normal 0.131466 -0.991321 0.000000
    outer loop
      vertex 10.8334 4.1771 1.0000
      vertex 10.8413 4.1781 2.0000
      vertex 10.8334 4.1771 2.0000
    endloop
  endfacet
  facet normal 0.101742 -0.994811 0.000000
    outer loop
      vertex 10.8413 4.1781 1.0000
      vertex 11.8835 4.2847 1.0000
      vertex 11.8835 4.2847 2.0000
    endloop
  endfacet
  facet normal 0.101742 -0.994811 0.000000
    outer loop
      vertex 10.8413 4.1781 1.0000
      vertex 11.8835 4.2847 2.0000
      vertex 10.8413 4.1781 2.0000
    endloop
  endfacet
  facet normal 0.076364 -0.997080 0.000000
    outer loop
      vertex 11.8835 4.2847 1.0000
      vertex 11.8903 4.2852 1.0000
      vertex 11.8903 4.2852 2.0000
    endloop
  endfacet
  facet normal 0.076364 -0.997080 0.000000
    outer loop
      vertex 11.8835 4.2847 1.0000
      vertex 11.8903 4.2852 2.0000
      vertex 11.8835 4.2847 2.0000
    endloop
  endfacet
  facet normal 0.000000 -1.000000 0.000000
    outer loop
      vertex 11.8903 4.2852 1.0000
      vertex 11.9097 4.2852 1.0000
      vertex 11.9097 4.2852 2.0000
    endloop
  endfacet
  facet normal 0.000000 -1.000000 0.000000
    outer loop
      vertex 11.8903 4.2852 1.0000
      vertex 11.9097 4.2852 2.0000
      vertex 11.8903 4.2852 2.0000
    endloop
  endfacet
  facet normal -0.076364 -0.997080 0.000000
    outer loop
      vertex 11.9097 4.2852 1.0000
      vertex 11.9165 4.2847 1.0000
      vertex 11.9165 4.2847 2.0000
    endloop
  endfacet
  facet normal -0.076364 -0.997080 0.000000
    outer loop
      vertex 11.9097 4.2852 1.0000
      vertex 11.9165 4.2847 2.0000
      vertex 11.9097 4.2852 2.0000
    endloop
  endfacet
  facet normal -0.101742 -0.994811 0.000000
    outer loop
      vertex 11.9165 4.2847 1.0000
      vertex 12.9587 4.1781 1.0000
      vertex 12.9587 4.1781 2.0000
    endloop
  endfacet
  facet normal -0.101742 -0.994811 0.000000
    outer loop
      vertex 11.9165 4.2847 1.0000
      vertex 12.9587 4.1781 2.0000
      vertex 11.9165 4.2847 2.0000
    endloop
  endfacet
  facet normal -0.131466 -0.991321 0.000000
    outer loop
      vertex 12.9587 4.1781 1.0000
      vertex 12.9666 4.1771 1.0000
      vertex 12.9666 4.1771 2.0000
    endloop
  endfacet
  facet normal -0.131466 -0.991321 0.000000
    outer loop
      vertex 12.9587 4.1781 1.0000
      vertex 12.9666 4.1771 2.0000
      vertex 12.9587 4.1781 2.0000
    endloop
  endfacet
  facet normal -0.219827 -0.975539 0.000000
    outer loop
      vertex 12.9666 4.1771 1.0000
      vertex 12.9889 4.1720 1.0000
      vertex 12.9889 4.1720 2.0000
    endloop
  endfacet
  facet normal -0.219827 -0.975539 0.000000
    outer loop
      vertex 12.9666 4.1771 1.0000
      vertex 12.9889 4.1720 2.0000
      vertex 12.9666 4.1771 2.0000
    endloop
  endfacet
  facet normal -0.306417 -0.951898 0.000000
    outer loop
      vertex 12.9889 4.1720 1.0000
      vertex 12.9965 4.1696 1.0000
      vertex 12.9965 4.1696 2.0000
    endloop
  endfacet
  facet normal -0.306417 -0.951898 0.000000
    outer loop
      vertex 12.9889 4.1720 1.0000
      vertex 12.9965 4.1696 2.0000
      vertex 12.9889 4.1720 2.0000
    endloop
  endfacet
  facet normal -0.334765 -0.942302 0.000000
    outer loop
      vertex 12.9965 4.1696 1.0000
      vertex 13.8942 3.8507 1.0000
      vertex 13.8942 3.8507 2.0000
    endloop
  endfacet
  facet normal -0.334765 -0.942302 0.000000
    outer loop
      vertex 12.9965 4.1696 1.0000
      vertex 13.8942 3.8507 2.0000
      vertex 12.9965 4.1696 2.0000
    endloop
  endfacet
  facet normal -0.363811 -0.931473 0.000000
    outer loop
      vertex 13.8942 3.8507 1.0000
      vertex 13.9019 3.8477 1.0000
      vertex 13.9019 3.8477 2.0000
    endloop
  endfacet
  facet normal -0.363811 -0.931473 0.000000
    outer loop
      vertex 13.8942 3.8507 1.0000
      vertex 13.9019 3.8477 2.0000
      vertex 13.8942 3.8507 2.0000
    endloop
  endfacet
  facet normal -0.448742 -0.893662 0.000000
    outer loop
      vertex 13.9019 3.8477 1.0000
      vertex 13.9179 3.8396 1.0000
      vertex 13.9179 3.8396 2.0000
    endloop
  endfacet
  facet normal -0.448742 -0.893662 0.000000
    outer loop
      vertex 13.9019 3.8477 1.0000
      vertex 13.9179 3.8396 2.0000
      vertex 13.9019 3.8477 2.0000
    endloop
  endfacet
  facet normal -0.555827 -0.831298 0.000000
    outer loop
      vertex 13.9179 3.8396 1.0000
      vertex 13.9329 3.8296 1.0000
      vertex 13.9329 3.8296 2.0000
    endloop
  endfacet
  facet normal -0.555827 -0.831298 0.000000
    outer loop
      vertex 13.9179 3.8396 1.0000
      vertex 13.9329 3.8296 2.0000
      vertex 13.9179 3.8396 2.0000
    endloop
  endfacet
  facet normal -0.630625 -0.776088 0.000000
    outer loop
      vertex 13.9329 3.8296 1.0000
      vertex 13.9393 3.8244 1.0000
      vertex 13.9393 3.8244 2.0000
    endloop
  endfacet
  facet normal -0.630625 -0.776088 0.000000
    outer loop
      vertex 13.9329 3.8296 1.0000
      vertex 13.9393 3.8244 2.0000
      vertex 13.9329 3.8296 2.0000
    endloop
  endfacet
  facet normal -0.654377 -0.756169 0.000000
    outer loop
      vertex 13.9393 3.8244 1.0000
      vertex 14.5517 3.2945 1.0000
      vertex 14.5517 3.2945 2.0000
    endloop
  endfacet
  facet normal -0.654377 -0.756169 0.000000
    outer loop
      vertex 13.9393 3.8244 1.0000
      vertex 14.5517 3.2945 2.0000
      vertex 13.9393 3.8244 2.0000
    endloop
  endfacet
  facet normal -0.677085 -0.735905 0.000000
    outer loop
      vertex 14.5517 3.2945 1.0000
      vertex 14.5576 3.2890 1.0000
      vertex 14.5576 3.2890 2.0000
    endloop
  endfacet
  facet normal -0.677085 -0.735905 0.000000
    outer loop
      vertex 14.5517 3.2945 1.0000
      vertex 14.5576 3.2890 2.0000
      vertex 14.5517 3.2945 2.0000
    endloop
  endfacet
  facet normal -0.741366 -0.671101 0.000000
    outer loop
      vertex 14.5576 3.2890 1.0000
      vertex 14.5695 3.2759 1.0000
      vertex 14.5695 3.2759 2.0000
    endloop
  endfacet
  facet normal -0.741366 -0.671101 0.000000
    outer loop
      vertex 14.5576 3.2890 1.0000
      vertex 14.5695 3.2759 2.0000
      vertex 14.5576 3.2890 2.0000
    endloop
  endfacet
  facet normal -0.817381 -0.576098 0.000000
    outer loop
      vertex 14.5695 3.2759 1.0000
      vertex 14.5765 3.2660 1.0000
      vertex 14.5765 3.2660 2.0000
    endloop
  endfacet
  facet normal -0.817381 -0.576098 0.000000
    outer loop
      vertex 14.5695 3.2759 1.0000
      vertex 14.5765 3.2660 2.0000
      vertex 14.5695 3.2759 2.0000
    endloop
  endfacet
  facet normal -0.881295 -0.472567 0.000000
    outer loop
      vertex 14.5765 3.2660 1.0000
      vertex 14.5822 3.2554 1.0000
      vertex 14.5822 3.2554 2.0000
    endloop
  endfacet
  facet normal -0.881295 -0.472567 0.000000
    outer loop
      vertex 14.5765 3.2660 1.0000
      vertex 14.5822 3.2554 2.0000
      vertex 14.5765 3.2660 2.0000
    endloop
  endfacet
  facet normal -0.932162 -0.362040 0.000000
    outer loop
      vertex 14.5822 3.2554 1.0000
      vertex 14.5886 3.2389 1.0000
      vertex 14.5886 3.2389 2.0000
    endloop
  endfacet
  facet normal -0.932162 -0.362040 0.000000
    outer loop
      vertex 14.5822 3.2554 1.0000
      vertex 14.5886 3.2389 2.0000
      vertex 14.5822 3.2554 2.0000
    endloop
  endfacet
  facet normal -0.961291 -0.275535 0.000000
    outer loop
      vertex 14.5886 3.2389 1.0000
      vertex 14.5908 3.2311 1.0000
      vertex 14.5908 3.2311 2.0000
    endloop
  endfacet
  facet normal -0.961291 -0.275535 0.000000
    outer loop
      vertex 14.5886 3.2389 1.0000
      vertex 14.5908 3.2311 2.0000
      vertex 14.5886 3.2389 2.0000
    endloop
  endfacet
  facet normal -0.969231 -0.246154 0.000000
    outer loop
      vertex 14.5908 3.2311 1.0000
      vertex 14.7790 2.4901 1.0000
      vertex 14.7790 2.4901 2.0000
    endloop
  endfacet
  facet normal -0.969231 -0.246154 0.000000
    outer loop
      vertex 14.5908 3.2311 1.0000
      vertex 14.7790 2.4901 2.0000
      vertex 14.5908 3.2311 2.0000
    endloop
  endfacet
  facet normal -0.976448 -0.215752 0.000000
    outer loop
      vertex 14.7790 2.4901 1.0000
      vertex 14.7808 2.4819 1.0000
      vertex 14.7808 2.4819 2.0000
    endloop
  endfacet
  facet normal -0.976448 -0.215752 0.000000
    outer loop
      vertex 14.7790 2.4901 1.0000
      vertex 14.7808 2.4819 2.0000
      vertex 14.7790 2.4901 2.0000
    endloop
  endfacet
  facet normal -0.992356 -0.123404 0.000000
    outer loop
      vertex 14.7808 2.4819 1.0000
      vertex 14.7830 2.4639 1.0000
      vertex 14.7830 2.4639 2.0000
    endloop
  endfacet
  facet normal -0.992356 -0.123404 0.000000
    outer loop
      vertex 14.7808 2.4819 1.0000
      vertex 14.7830 2.4639 2.0000
      vertex 14.7808 2.4819 2.0000
    endloop
  endfacet
  facet normal -0.999999 0.001271 0.000000
    outer loop
      vertex 14.7830 2.4639 1.0000
      vertex 14.7830 2.4515 1.0000
      vertex 14.7830 2.4515 2.0000
    endloop
  endfacet
  facet normal -0.999999 0.001271 0.000000
    outer loop
      vertex 14.7830 2.4639 1.0000
      vertex 14.7830 2.4515 2.0000
      vertex 14.7830 2.4639 2.0000
    endloop
  endfacet
  facet normal -0.992040 0.125926 0.000000
    outer loop
      vertex 14.7830 2.4515 1.0000
      vertex 14.7815 2.4392 1.0000
      vertex 14.7815 2.4392 2.0000
    endloop
  endfacet
  facet normal -0.992040 0.125926 0.000000
    outer loop
      vertex 14.7830 2.4515 1.0000
      vertex 14.7815 2.4392 2.0000
      vertex 14.7830 2.4515 2.0000
    endloop
  endfacet
  facet normal -0.968602 0.248616 0.000000
    outer loop
      vertex 14.7815 2.4392 1.0000
      vertex 14.7769 2.4217 1.0000
      vertex 14.7769 2.4217 2.0000
    endloop
  endfacet
  facet normal -0.968602 0.248616 0.000000
    outer loop
      vertex 14.7815 2.4392 1.0000
      vertex 14.7769 2.4217 2.0000
      vertex 14.7815 2.4392 2.0000
    endloop
  endfacet
  facet normal -0.941077 0.338191 0.000000
    outer loop
      vertex 14.7769 2.4217 1.0000
      vertex 14.7741 2.4139 1.0000
      vertex 14.7741 2.4139 2.0000
    endloop
  endfacet
  facet normal -0.941077 0.338191 0.000000
    outer loop
      vertex 14.7769 2.4217 1.0000
      vertex 14.7741 2.4139 2.0000
      vertex 14.7769 2.4217 2.0000
    endloop
  endfacet
  facet normal -0.930052 0.367428 0.000000
    outer loop
      vertex 14.7741 2.4139 1.0000
      vertex 14.3964 1.4578 1.0000
      vertex 14.3964 1.4578 2.0000
    endloop
  endfacet
  facet normal -0.930052 0.367428 0.000000
    outer loop
      vertex 14.7741 2.4139 1.0000
      vertex 14.3964 1.4578 2.0000
      vertex 14.7741 2.4139 2.0000
    endloop
  endfacet
  facet normal -0.935674 0.352865 0.000000
    outer loop
      vertex 14.3964 1.4578 1.0000
      vertex 14.3909 1.4432 1.0000
      vertex 14.3909 1.4432 2.0000
    endloop
  endfacet
  facet normal -0.935674 0.352865 0.000000
    outer loop
      vertex 14.3964 1.4578 1.0000
      vertex 14.3909 1.4432 2.0000
      vertex 14.3964 1.4578 2.0000
    endloop
  endfacet
  facet normal -0.941068 0.338217 0.000000
    outer loop
      vertex 14.3909 1.4432 1.0000
      vertex 14.1908 0.8863 1.0000
      vertex 14.1908 0.8863 2.0000
    endloop
  endfacet
  facet normal -0.941068 0.338217 0.000000
    outer loop
      vertex 14.3909 1.4432 1.0000
      vertex 14.1908 0.8863 2.0000
      vertex 14.3909 1.4432 2.0000
    endloop
  endfacet
  facet normal -0.960384 0.278680 0.000000
    outer loop
      vertex 14.1908 0.8863 1.0000
      vertex 14.1733 0.8262 1.0000
      vertex 14.1733 0.8262 2.0000
    endloop
  endfacet
  facet normal -0.960384 0.278680 0.000000
    outer loop
      vertex 14.1908 0.8863 1.0000
      vertex 14.1733 0.8262 2.0000
      vertex 14.1908 0.8863 2.0000
    endloop
  endfacet
  facet normal -0.987667 0.156569 0.000000
    outer loop
      vertex 14.1733 0.8262 1.0000
      vertex 14.1636 0.7644 1.0000
      vertex 14.1636 0.7644 2.0000
    endloop
  endfacet
  facet normal -0.987667 0.156569 0.000000
    outer loop
      vertex 14.1733 0.8262 1.0000
      vertex 14.1636 0.7644 2.0000
      vertex 14.1733 0.8262 2.0000
    endloop
  endfacet
  facet normal -0.999488 0.032006 0.000000
    outer loop
      vertex 14.1636 0.7644 1.0000
      vertex 14.1616 0.7019 1.0000
      vertex 14.1616 0.7019 2.0000
    endloop
  endfacet
  facet normal -0.999488 0.032006 0.000000
    outer loop
      vertex 14.1636 0.7644 1.0000
      vertex 14.1616 0.7019 2.0000
      vertex 14.1636 0.7644 2.0000
    endloop
  endfacet
  facet normal -0.995661 -0.093057 0.000000
    outer loop
      vertex 14.1616 0.7019 1.0000
      vertex 14.1674 0.6396 1.0000
      vertex 14.1674 0.6396 2.0000
    endloop
  endfacet
  facet normal -0.995661 -0.093057 0.000000
    outer loop
      vertex 14.1616 0.7019 1.0000
      vertex 14.1674 0.6396 2.0000
      vertex 14.1616 0.7019 2.0000
    endloop
  endfacet
  facet normal -0.976246 -0.216664 0.000000
    outer loop
      vertex 14.1674 0.6396 1.0000
      vertex 14.1809 0.5785 1.0000
      vertex 14.1809 0.5785 2.0000
    endloop
  endfacet
  facet normal -0.976246 -0.216664 0.000000
    outer loop
      vertex 14.1674 0.6396 1.0000
      vertex 14.1809 0.5785 2.0000
      vertex 14.1674 0.6396 2.0000
    endloop
  endfacet
  facet normal -0.941548 -0.336878 0.000000
    outer loop
      vertex 14.1809 0.5785 1.0000
      vertex 14.2020 0.5196 1.0000
      vertex 14.2020 0.5196 2.0000
    endloop
  endfacet
  facet normal -0.941548 -0.336878 0.000000
    outer loop
      vertex 14.1809 0.5785 1.0000
      vertex 14.2020 0.5196 2.0000
      vertex 14.1809 0.5785 2.0000
    endloop
  endfacet
  facet normal -0.892110 -0.451819 0.000000
    outer loop
      vertex 14.2020 0.5196 1.0000
      vertex 14.2303 0.4638 1.0000
      vertex 14.2303 0.4638 2.0000
    endloop
  endfacet
  facet normal -0.892110 -0.451819 0.000000
    outer loop
      vertex 14.2020 0.5196 1.0000
      vertex 14.2303 0.4638 2.0000
      vertex 14.2020 0.5196 2.0000
    endloop
  endfacet
  facet normal -0.828705 -0.559686 0.000000
    outer loop
      vertex 14.2303 0.4638 1.0000
      vertex 14.2653 0.4120 1.0000
      vertex 14.2653 0.4120 2.0000
    endloop
  endfacet
  facet normal -0.828705 -0.559686 0.000000
    outer loop
      vertex 14.2303 0.4638 1.0000
      vertex 14.2653 0.4120 2.0000
      vertex 14.2303 0.4638 2.0000
    endloop
  endfacet
  facet normal -0.792067 -0.610434 0.000000
    outer loop
      vertex 14.2653 0.4120 1.0000
      vertex 14.3225 0.3377 1.0000
      vertex 14.3225 0.3377 2.0000
    endloop
  endfacet
  facet normal -0.792067 -0.610434 0.000000
    outer loop
      vertex 14.2653 0.4120 1.0000
      vertex 14.3225 0.3377 2.0000
      vertex 14.2653 0.4120 2.0000
    endloop
  endfacet
  facet normal -0.747504 -0.664257 0.000000
    outer loop
      vertex 14.3225 0.3377 1.0000
      vertex 14.3689 0.2855 1.0000
      vertex 14.3689 0.2855 2.0000
    endloop
  endfacet
  facet normal -0.747504 -0.664257 0.000000
    outer loop
      vertex 14.3225 0.3377 1.0000
      vertex 14.3689 0.2855 2.0000
      vertex 14.3225 0.3377 2.0000
    endloop
  endfacet
  facet normal -0.647665 -0.761925 0.000000
    outer loop
      vertex 14.3689 0.2855 1.0000
      vertex 14.4221 0.2403 1.0000
      vertex 14.4221 0.2403 2.0000
    endloop
  endfacet
  facet normal -0.647665 -0.761925 0.000000
    outer loop
      vertex 14.3689 0.2855 1.0000
      vertex 14.4221 0.2403 2.0000
      vertex 14.3689 0.2855 2.0000
    endloop
  endfacet
  facet normal -0.535191 -0.844731 0.000000
    outer loop
      vertex 14.4221 0.2403 1.0000
      vertex 14.4811 0.2029 1.0000
      vertex 14.4811 0.2029 2.0000
    endloop
  endfacet
  facet normal -0.535191 -0.844731 0.000000
    outer loop
      vertex 14.4221 0.2403 1.0000
      vertex 14.4811 0.2029 2.0000
      vertex 14.4221 0.2403 2.0000
    endloop
  endfacet
  facet normal -0.412278 -0.911058 0.000000
    outer loop
      vertex 14.4811 0.2029 1.0000
      vertex 14.5447 0.1741 1.0000
      vertex 14.5447 0.1741 2.0000
    endloop
  endfacet
  facet normal -0.412278 -0.911058 0.000000
    outer loop
      vertex 14.4811 0.2029 1.0000
      vertex 14.5447 0.1741 2.0000
      vertex 14.4811 0.2029 2.0000
    endloop
  endfacet
  facet normal -0.281323 -0.959613 0.000000
    outer loop
      vertex 14.5447 0.1741 1.0000
      vertex 14.6118 0.1545 1.0000
      vertex 14.6118 0.1545 2.0000
    endloop
  endfacet
  facet normal -0.281323 -0.959613 0.000000
    outer loop
      vertex 14.5447 0.1741 1.0000
      vertex 14.6118 0.1545 2.0000
      vertex 14.5447 0.1741 2.0000
    endloop
  endfacet
  facet normal -0.213622 -0.976916 0.000000
    outer loop
      vertex 14.6118 0.1545 1.0000
      vertex 15.2660 0.0114 1.0000
      vertex 15.2660 0.0114 2.0000
    endloop
  endfacet
  facet normal -0.213622 -0.976916 0.000000
    outer loop
      vertex 14.6118 0.1545 1.0000
      vertex 15.2660 0.0114 2.0000
      vertex 14.6118 0.1545 2.0000
    endloop
  endfacet
  facet normal -0.154735 -0.987956 0.000000
    outer loop
      vertex 15.2660 0.0114 1.0000
      vertex 15.3251 0.0021 1.0000
      vertex 15.3251 0.0021 2.0000
    endloop
  endfacet
  facet normal -0.154735 -0.987956 0.000000
    outer loop
      vertex 15.2660 0.0114 1.0000
      vertex 15.3251 0.0021 2.0000
      vertex 15.2660 0.0114 2.0000
    endloop
  endfacet
  facet normal -0.035507 -0.999369 0.000000
    outer loop
      vertex 15.3251 0.0021 1.0000
      vertex 15.3850 0.0000 1.0000
      vertex 15.3850 0.0000 2.0000
    endloop
  endfacet
  facet normal -0.035507 -0.999369 0.000000
    outer loop
      vertex 15.3251 0.0021 1.0000
      vertex 15.3850 0.0000 2.0000
      vertex 15.3251 0.0021 2.0000
    endloop
  endfacet
  facet normal 0.024405 -0.999702 0.000000
    outer loop
      vertex 15.3850 0.0000 1.0000
      vertex 16.6080 0.0299 1.0000
      vertex 16.6080 0.0299 2.0000
    endloop
  endfacet
  facet normal 0.024405 -0.999702 0.000000
    outer loop
      vertex 15.3850 0.0000 1.0000
      vertex 16.6080 0.0299 2.0000
      vertex 15.3850 0.0000 2.0000
    endloop
  endfacet
  facet normal 0.077619 -0.996983 0.000000
    outer loop
      vertex 16.6080 0.0299 1.0000
      vertex 16.6611 0.0340 1.0000
      vertex 16.6611 0.0340 2.0000
    endloop
  endfacet
  facet normal 0.077619 -0.996983 0.000000
    outer loop
      vertex 16.6080 0.0299 1.0000
      vertex 16.6611 0.0340 2.0000
      vertex 16.6080 0.0299 2.0000
    endloop
  endfacet
  facet normal 0.130613 -0.991433 0.000000
    outer loop
      vertex 16.6611 0.0340 1.0000
      vertex 18.1694 0.2327 1.0000
      vertex 18.1694 0.2327 2.0000
    endloop
  endfacet
  facet normal 0.130613 -0.991433 0.000000
    outer loop
      vertex 16.6611 0.0340 1.0000
      vertex 18.1694 0.2327 2.0000
      vertex 16.6611 0.0340 2.0000
    endloop
  endfacet
  facet normal 0.159746 -0.987158 0.000000
    outer loop
      vertex 18.1694 0.2327 1.0000
      vertex 18.1985 0.2374 1.0000
      vertex 18.1985 0.2374 2.0000
    endloop
  endfacet
  facet normal 0.159746 -0.987158 0.000000
    outer loop
      vertex 18.1694 0.2327 1.0000
      vertex 18.1985 0.2374 2.0000
      vertex 18.1694 0.2327 2.0000
    endloop
  endfacet
  facet normal 0.188740 -0.982027 0.000000
    outer loop
      vertex 18.1985 0.2374 1.0000
      vertex 19.7998 0.5452 1.0000
      vertex 19.7998 0.5452 2.0000
    endloop
  endfacet
  facet normal 0.188740 -0.982027 0.000000
    outer loop
      vertex 18.1985 0.2374 1.0000
      vertex 19.7998 0.5452 2.0000
      vertex 18.1985 0.2374 2.0000
    endloop
  endfacet
  facet normal 0.206918 -0.978358 0.000000
    outer loop
      vertex 19.7998 0.5452 1.0000
      vertex 19.8179 0.5490 1.0000
      vertex 19.8179 0.5490 2.0000
    endloop
  endfacet
  facet normal 0.206918 -0.978358 0.000000
    outer loop
      vertex 19.7998 0.5452 1.0000
      vertex 19.8179 0.5490 2.0000
      vertex 19.7998 0.5452 2.0000
    endloop
  endfacet
  facet normal 0.225026 -0.974353 0.000000
    outer loop
      vertex 19.8179 0.5490 1.0000
      vertex 21.3429 0.9012 1.0000
      vertex 21.3429 0.9012 2.0000
    endloop
  endfacet
  facet normal 0.225026 -0.974353 0.000000
    outer loop
      vertex 19.8179 0.5490 1.0000
      vertex 21.3429 0.9012 2.0000
      vertex 19.8179 0.5490 2.0000
    endloop
  endfacet
  facet normal 0.237376 -0.971418 0.000000
    outer loop
      vertex 21.3429 0.9012 1.0000
      vertex 21.3552 0.9042 1.0000
      vertex 21.3552 0.9042 2.0000
    endloop
  endfacet
  facet normal 0.237376 -0.971418 0.000000
    outer loop
      vertex 21.3429 0.9012 1.0000
      vertex 21.3552 0.9042 2.0000
      vertex 21.3429 0.9012 2.0000
    endloop
  endfacet
  facet normal 0.249689 -0.968326 0.000000
    outer loop
      vertex 21.3552 0.9042 1.0000
      vertex 22.6409 1.2357 1.0000
      vertex 22.6409 1.2357 2.0000
    endloop
  endfacet
  facet normal 0.249689 -0.968326 0.000000
    outer loop
      vertex 21.3552 0.9042 1.0000
      vertex 22.6409 1.2357 2.0000
      vertex 21.3552 0.9042 2.0000
    endloop
  endfacet
  facet normal 0.258544 -0.966000 0.000000
    outer loop
      vertex 22.6409 1.2357 1.0000
      vertex 22.6498 1.2381 1.0000
      vertex 22.6498 1.2381 2.0000
    endloop
  endfacet
  facet normal 0.258544 -0.966000 0.000000
    outer loop
      vertex 22.6409 1.2357 1.0000
      vertex 22.6498 1.2381 2.0000
      vertex 22.6409 1.2357 2.0000
    endloop
  endfacet
  facet normal 0.267377 -0.963592 0.000000
    outer loop
      vertex 22.6498 1.2381 1.0000
      vertex 23.2920 1.4163 1.0000
      vertex 23.2920 1.4163 2.0000
    endloop
  endfacet
  facet normal 0.267377 -0.963592 0.000000
    outer loop
      vertex 22.6498 1.2381 1.0000
      vertex 23.2920 1.4163 2.0000
      vertex 22.6498 1.2381 2.0000
    endloop
  endfacet
  facet normal 0.329826 -0.944042 0.000000
    outer loop
      vertex 23.2920 1.4163 1.0000
      vertex 23.3537 1.4379 1.0000
      vertex 23.3537 1.4379 2.0000
    endloop
  endfacet
  facet normal 0.329826 -0.944042 0.000000
    outer loop
      vertex 23.2920 1.4163 1.0000
      vertex 23.3537 1.4379 2.0000
      vertex 23.2920 1.4163 2.0000
    endloop
  endfacet
  facet normal 0.450224 -0.892916 0.000000
    outer loop
      vertex 23.3537 1.4379 1.0000
      vertex 23.4121 1.4673 1.0000
      vertex 23.4121 1.4673 2.0000
    endloop
  endfacet
  facet normal 0.450224 -0.892916 0.000000
    outer loop
      vertex 23.3537 1.4379 1.0000
      vertex 23.4121 1.4673 2.0000
      vertex 23.3537 1.4379 2.0000
    endloop
  endfacet
  facet normal 0.562919 -0.826512 0.000000
    outer loop
      vertex 23.4121 1.4673 1.0000
      vertex 23.4662 1.5041 1.0000
      vertex 23.4662 1.5041 2.0000
    endloop
  endfacet
  facet normal 0.562919 -0.826512 0.000000
    outer loop
      vertex 23.4121 1.4673 1.0000
      vertex 23.4662 1.5041 2.0000
      vertex 23.4121 1.4673 2.0000
    endloop
  endfacet
  facet normal 0.665983 -0.745967 0.000000
    outer loop
      vertex 23.4662 1.5041 1.0000
      vertex 23.5150 1.5477 1.0000
      vertex 23.5150 1.5477 2.0000
    endloop
  endfacet
  facet normal 0.665983 -0.745967 0.000000
    outer loop
      vertex 23.4662 1.5041 1.0000
      vertex 23.5150 1.5477 2.0000
      vertex 23.4662 1.5041 2.0000
    endloop
  endfacet
  facet normal 0.757652 -0.652659 0.000000
    outer loop
      vertex 23.5150 1.5477 1.0000
      vertex 23.5577 1.5972 1.0000
      vertex 23.5577 1.5972 2.0000
    endloop
  endfacet
  facet normal 0.757652 -0.652659 0.000000
    outer loop
      vertex 23.5150 1.5477 1.0000
      vertex 23.5577 1.5972 2.0000
      vertex 23.5150 1.5477 2.0000
    endloop
  endfacet
  facet normal 0.836358 -0.548184 0.000000
    outer loop
      vertex 23.5577 1.5972 1.0000
      vertex 23.5935 1.6519 1.0000
      vertex 23.5935 1.6519 2.0000
    endloop
  endfacet
  facet normal 0.836358 -0.548184 0.000000
    outer loop
      vertex 23.5577 1.5972 1.0000
      vertex 23.5935 1.6519 2.0000
      vertex 23.5577 1.5972 2.0000
    endloop
  endfacet
  facet normal 0.900754 -0.434330 0.000000
    outer loop
      vertex 23.5935 1.6519 1.0000
      vertex 23.6219 1.7109 1.0000
      vertex 23.6219 1.7109 2.0000
    endloop
  endfacet
  facet normal 0.900754 -0.434330 0.000000
    outer loop
      vertex 23.5935 1.6519 1.0000
      vertex 23.6219 1.7109 2.0000
      vertex 23.5935 1.6519 2.0000
    endloop
  endfacet
  facet normal 0.949738 -0.313045 0.000000
    outer loop
      vertex 23.6219 1.7109 1.0000
      vertex 23.6424 1.7730 1.0000
      vertex 23.6424 1.7730 2.0000
    endloop
  endfacet
  facet normal 0.949738 -0.313045 0.000000
    outer loop
      vertex 23.6219 1.7109 1.0000
      vertex 23.6424 1.7730 2.0000
      vertex 23.6219 1.7109 2.0000
    endloop
  endfacet
  facet normal 0.982473 -0.186404 0.000000
    outer loop
      vertex 23.6424 1.7730 1.0000
      vertex 23.6546 1.8372 1.0000
      vertex 23.6546 1.8372 2.0000
    endloop
  endfacet
  facet normal 0.982473 -0.186404 0.000000
    outer loop
      vertex 23.6424 1.7730 1.0000
      vertex 23.6546 1.8372 2.0000
      vertex 23.6424 1.7730 2.0000
    endloop
  endfacet
  facet normal 0.998398 -0.056573 0.000000
    outer loop
      vertex 23.6546 1.8372 1.0000
      vertex 23.6583 1.9025 1.0000
      vertex 23.6583 1.9025 2.0000
    endloop
  endfacet
  facet normal 0.998398 -0.056573 0.000000
    outer loop
      vertex 23.6546 1.8372 1.0000
      vertex 23.6583 1.9025 2.0000
      vertex 23.6546 1.8372 2.0000
    endloop
  endfacet
  facet normal 0.997241 0.074226 0.000000
    outer loop
      vertex 23.6583 1.9025 1.0000
      vertex 23.6534 1.9677 1.0000
      vertex 23.6534 1.9677 2.0000
    endloop
  endfacet
  facet normal 0.997241 0.074226 -0.000000
    outer loop
      vertex 23.6583 1.9025 1.0000
      vertex 23.6534 1.9677 2.0000
      vertex 23.6583 1.9025 2.0000
    endloop
  endfacet
  facet normal 0.979022 0.203754 0.000000
    outer loop
      vertex 23.6534 1.9677 1.0000
      vertex 23.6401 2.0318 1.0000
      vertex 23.6401 2.0318 2.0000
    endloop
  endfacet
  facet normal 0.979022 0.203754 -0.000000
    outer loop
      vertex 23.6534 1.9677 1.0000
      vertex 23.6401 2.0318 2.0000
      vertex 23.6534 1.9677 2.0000
    endloop
  endfacet
  facet normal 0.963600 0.267348 0.000000
    outer loop
      vertex 23.6401 2.0318 1.0000
      vertex 23.4577 2.6893 1.0000
      vertex 23.4577 2.6893 2.0000
    endloop
  endfacet
  facet normal 0.963600 0.267348 -0.000000
    outer loop
      vertex 23.6401 2.0318 1.0000
      vertex 23.4577 2.6893 2.0000
      vertex 23.6401 2.0318 2.0000
    endloop
  endfacet
  facet normal 0.966840 0.255384 0.000000
    outer loop
      vertex 23.4577 2.6893 1.0000
      vertex 23.4572 2.6911 1.0000
      vertex 23.4572 2.6911 2.0000
    endloop
  endfacet
  facet normal 0.966840 0.255384 -0.000000
    outer loop
      vertex 23.4577 2.6893 1.0000
      vertex 23.4572 2.6911 2.0000
      vertex 23.4577 2.6893 2.0000
    endloop
  endfacet
  facet normal 0.968326 0.249689 0.000000
    outer loop
      vertex 23.4572 2.6911 1.0000
      vertex 23.1233 3.9861 1.0000
      vertex 23.1233 3.9861 2.0000
    endloop
  endfacet
  facet normal 0.968326 0.249689 -0.000000
    outer loop
      vertex 23.4572 2.6911 1.0000
      vertex 23.1233 3.9861 2.0000
      vertex 23.4572 2.6911 2.0000
    endloop
  endfacet
  facet normal 0.970332 0.241778 0.000000
    outer loop
      vertex 23.1233 3.9861 1.0000
      vertex 23.1223 3.9901 1.0000
      vertex 23.1223 3.9901 2.0000
    endloop
  endfacet
  facet normal 0.970332 0.241778 -0.000000
    outer loop
      vertex 23.1233 3.9861 1.0000
      vertex 23.1223 3.9901 2.0000
      vertex 23.1233 3.9861 2.0000
    endloop
  endfacet
  facet normal 0.972905 0.231205 0.000000
    outer loop
      vertex 23.1223 3.9901 1.0000
      vertex 23.1218 3.9921 1.0000
      vertex 23.1218 3.9921 2.0000
    endloop
  endfacet
  facet normal 0.972905 0.231205 -0.000000
    outer loop
      vertex 23.1223 3.9901 1.0000
      vertex 23.1218 3.9921 2.0000
      vertex 23.1223 3.9901 2.0000
    endloop
  endfacet
  facet normal 0.974353 0.225026 0.000000
    outer loop
      vertex 23.1218 3.9921 1.0000
      vertex 22.7664 5.5309 1.0000
      vertex 22.7664 5.5309 2.0000
    endloop
  endfacet
  facet normal 0.974353 0.225026 -0.000000
    outer loop
      vertex 23.1218 3.9921 1.0000
      vertex 22.7664 5.5309 2.0000
      vertex 23.1218 3.9921 2.0000
    endloop
  endfacet
  facet normal 0.976966 0.213394 0.000000
    outer loop
      vertex 22.7664 5.5309 1.0000
      vertex 22.7651 5.5367 1.0000
      vertex 22.7651 5.5367 2.0000
    endloop
  endfacet
  facet normal 0.976966 0.213394 -0.000000
    outer loop
      vertex 22.7664 5.5309 1.0000
      vertex 22.7651 5.5367 2.0000
      vertex 22.7664 5.5309 2.0000
    endloop
  endfacet
  facet normal 0.980235 0.197838 0.000000
    outer loop
      vertex 22.7651 5.5367 1.0000
      vertex 22.7646 5.5397 1.0000
      vertex 22.7646 5.5397 2.0000
    endloop
  endfacet
  facet normal 0.980235 0.197838 -0.000000
    outer loop
      vertex 22.7651 5.5367 1.0000
      vertex 22.7646 5.5397 2.0000
      vertex 22.7651 5.5367 2.0000
    endloop
  endfacet
  facet normal 0.982027 0.188740 0.000000
    outer loop
      vertex 22.7646 5.5397 1.0000
      vertex 22.4525 7.1634 1.0000
      vertex 22.4525 7.1634 2.0000
    endloop
  endfacet
  facet normal 0.982027 0.188740 -0.000000
    outer loop
      vertex 22.7646 5.5397 1.0000
      vertex 22.4525 7.1634 2.0000
      vertex 22.7646 5.5397 2.0000
    endloop
  endfacet
  facet normal 0.984699 0.174262 0.000000
    outer loop
      vertex 22.4525 7.1634 1.0000
      vertex 22.4513 7.1699 1.0000
      vertex 22.4513 7.1699 2.0000
    endloop
  endfacet
  facet normal 0.984699 0.174262 -0.000000
    outer loop
      vertex 22.4525 7.1634 1.0000
      vertex 22.4513 7.1699 2.0000
      vertex 22.4525 7.1634 2.0000
    endloop
  endfacet
  facet normal 0.989403 0.145195 0.000000
    outer loop
      vertex 22.4513 7.1699 1.0000
      vertex 22.4504 7.1765 1.0000
      vertex 22.4504 7.1765 2.0000
    endloop
  endfacet
  facet normal 0.989403 0.145195 -0.000000
    outer loop
      vertex 22.4513 7.1699 1.0000
      vertex 22.4504 7.1765 2.0000
      vertex 22.4513 7.1699 2.0000
    endloop
  endfacet
  facet normal 0.991433 0.130613 0.000000
    outer loop
      vertex 22.4504 7.1765 1.0000
      vertex 22.2465 8.7238 1.0000
      vertex 22.2465 8.7238 2.0000
    endloop
  endfacet
  facet normal 0.991433 0.130613 -0.000000
    outer loop
      vertex 22.4504 7.1765 1.0000
      vertex 22.2465 8.7238 2.0000
      vertex 22.4504 7.1765 2.0000
    endloop
  endfacet
  facet normal 0.994561 0.104153 0.000000
    outer loop
      vertex 22.2465 8.7238 1.0000
      vertex 22.2453 8.7357 1.0000
      vertex 22.2453 8.7357 2.0000
    endloop
  endfacet
  facet normal 0.994561 0.104153 -0.000000
    outer loop
      vertex 22.2465 8.7238 1.0000
      vertex 22.2453 8.7357 2.0000
      vertex 22.2465 8.7238 2.0000
    endloop
  endfacet
  facet normal 0.998697 0.051030 0.000000
    outer loop
      vertex 22.2453 8.7357 1.0000
      vertex 22.2447 8.7477 1.0000
      vertex 22.2447 8.7477 2.0000
    endloop
  endfacet
  facet normal 0.998697 0.051030 -0.000000
    outer loop
      vertex 22.2453 8.7357 1.0000
      vertex 22.2447 8.7477 2.0000
      vertex 22.2453 8.7357 2.0000
    endloop
  endfacet
  facet normal 0.999702 0.024405 0.000000
    outer loop
      vertex 22.2447 8.7477 1.0000
      vertex 22.2126 10.0607 1.0000
      vertex 22.2126 10.0607 2.0000
    endloop
  endfacet
  facet normal 0.999702 0.024405 -0.000000
    outer loop
      vertex 22.2447 8.7477 1.0000
      vertex 22.2126 10.0607 2.0000
      vertex 22.2447 8.7477 2.0000
    endloop
  endfacet
  facet normal 0.999985 -0.005554 0.000000
    outer loop
      vertex 22.2126 10.0607 1.0000
      vertex 22.2127 10.0687 1.0000
      vertex 22.2127 10.0687 2.0000
    endloop
  endfacet
  facet normal 0.999985 -0.005554 0.000000
    outer loop
      vertex 22.2126 10.0607 1.0000
      vertex 22.2127 10.0687 2.0000
      vertex 22.2126 10.0607 2.0000
    endloop
  endfacet
  facet normal 0.995449 -0.095292 0.000000
    outer loop
      vertex 22.2127 10.0687 1.0000
      vertex 22.2148 10.0915 1.0000
      vertex 22.2148 10.0915 2.0000
    endloop
  endfacet
  facet normal 0.995449 -0.095292 0.000000
    outer loop
      vertex 22.2127 10.0687 1.0000
      vertex 22.2148 10.0915 2.0000
      vertex 22.2127 10.0687 2.0000
    endloop
  endfacet
  facet normal 0.982877 -0.184261 0.000000
    outer loop
      vertex 22.2148 10.0915 1.0000
      vertex 22.2163 10.0993 1.0000
      vertex 22.2163 10.0993 2.0000
    endloop
  endfacet
  facet normal 0.982877 -0.184261 0.000000
    outer loop
      vertex 22.2148 10.0915 1.0000
      vertex 22.2163 10.0993 2.0000
      vertex 22.2148 10.0915 2.0000
    endloop
  endfacet
  facet normal 0.976916 -0.213622 0.000000
    outer loop
      vertex 22.2163 10.0993 1.0000
      vertex 22.4180 11.0219 1.0000
      vertex 22.4180 11.0219 2.0000
    endloop
  endfacet
  facet normal 0.976916 -0.213622 0.000000
    outer loop
      vertex 22.2163 10.0993 1.0000
      vertex 22.4180 11.0219 2.0000
      vertex 22.2163 10.0993 2.0000
    endloop
  endfacet
  facet normal 0.968856 -0.247624 0.000000
    outer loop
      vertex 22.4180 11.0219 1.0000
      vertex 22.4203 11.0309 1.0000
      vertex 22.4203 11.0309 2.0000
    endloop
  endfacet
  facet normal 0.968856 -0.247624 0.000000
    outer loop
      vertex 22.4180 11.0219 1.0000
      vertex 22.4203 11.0309 2.0000
      vertex 22.4180 11.0219 2.0000
    endloop
  endfacet
  facet normal 0.937625 -0.347649 0.000000
    outer loop
      vertex 22.4203 11.0309 1.0000
      vertex 22.4274 11.0499 1.0000
      vertex 22.4274 11.0499 2.0000
    endloop
  endfacet
  facet normal 0.937625 -0.347649 0.000000
    outer loop
      vertex 22.4203 11.0309 1.0000
      vertex 22.4274 11.0499 2.0000
      vertex 22.4203 11.0309 2.0000
    endloop
  endfacet
  facet normal 0.880043 -0.474894 0.000000
    outer loop
      vertex 22.4274 11.0499 1.0000
      vertex 22.4340 11.0621 1.0000
      vertex 22.4340 11.0621 2.0000
    endloop
  endfacet
  facet normal 0.880043 -0.474894 0.000000
    outer loop
      vertex 22.4274 11.0499 1.0000
      vertex 22.4340 11.0621 2.0000
      vertex 22.4274 11.0499 2.0000
    endloop
  endfacet
  facet normal 0.805294 -0.592876 0.000000
    outer loop
      vertex 22.4340 11.0621 1.0000
      vertex 22.4422 11.0732 1.0000
      vertex 22.4422 11.0732 2.0000
    endloop
  endfacet
  facet normal 0.805294 -0.592876 0.000000
    outer loop
      vertex 22.4340 11.0621 1.0000
      vertex 22.4422 11.0732 2.0000
      vertex 22.4340 11.0621 2.0000
    endloop
  endfacet
  facet normal 0.714836 -0.699292 0.000000
    outer loop
      vertex 22.4422 11.0732 1.0000
      vertex 22.4563 11.0877 1.0000
      vertex 22.4563 11.0877 2.0000
    endloop
  endfacet
  facet normal 0.714836 -0.699292 0.000000
    outer loop
      vertex 22.4422 11.0732 1.0000
      vertex 22.4563 11.0877 2.0000
      vertex 22.4422 11.0732 2.0000
    endloop
  endfacet
  facet normal 0.637735 -0.770256 0.000000
    outer loop
      vertex 22.4563 11.0877 1.0000
      vertex 22.4635 11.0936 1.0000
      vertex 22.4635 11.0936 2.0000
    endloop
  endfacet
  facet normal 0.637735 -0.770256 0.000000
    outer loop
      vertex 22.4563 11.0877 1.0000
      vertex 22.4635 11.0936 2.0000
      vertex 22.4563 11.0877 2.0000
    endloop
  endfacet
  facet normal 0.610434 -0.792067 0.000000
    outer loop
      vertex 22.4635 11.0936 1.0000
      vertex 22.9580 11.4747 1.0000
      vertex 22.9580 11.4747 2.0000
    endloop
  endfacet
  facet normal 0.610434 -0.792067 0.000000
    outer loop
      vertex 22.4635 11.0936 1.0000
      vertex 22.9580 11.4747 2.0000
      vertex 22.4635 11.0936 2.0000
    endloop
  endfacet
  facet normal 0.585347 -0.810783 0.000000
    outer loop
      vertex 22.9580 11.4747 1.0000
      vertex 22.9647 11.4796 1.0000
      vertex 22.9647 11.4796 2.0000
    endloop
  endfacet
  facet normal 0.585347 -0.810783 0.000000
    outer loop
      vertex 22.9580 11.4747 1.0000
      vertex 22.9647 11.4796 2.0000
      vertex 22.9580 11.4747 2.0000
    endloop
  endfacet
  facet normal 0.506745 -0.862096 0.000000
    outer loop
      vertex 22.9647 11.4796 1.0000
      vertex 22.9804 11.4888 1.0000
      vertex 22.9804 11.4888 2.0000
    endloop
  endfacet
  facet normal 0.506745 -0.862096 0.000000
    outer loop
      vertex 22.9647 11.4796 1.0000
      vertex 22.9804 11.4888 2.0000
      vertex 22.9647 11.4796 2.0000
    endloop
  endfacet
  facet normal 0.395123 -0.918628 0.000000
    outer loop
      vertex 22.9804 11.4888 1.0000
      vertex 22.9918 11.4937 1.0000
      vertex 22.9918 11.4937 2.0000
    endloop
  endfacet
  facet normal 0.395123 -0.918628 0.000000
    outer loop
      vertex 22.9804 11.4888 1.0000
      vertex 22.9918 11.4937 2.0000
      vertex 22.9804 11.4888 2.0000
    endloop
  endfacet
  facet normal 0.277314 -0.960779 0.000000
    outer loop
      vertex 22.9918 11.4937 1.0000
      vertex 23.0037 11.4971 1.0000
      vertex 23.0037 11.4971 2.0000
    endloop
  endfacet
  facet normal 0.277314 -0.960779 0.000000
    outer loop
      vertex 22.9918 11.4937 1.0000
      vertex 23.0037 11.4971 2.0000
      vertex 22.9918 11.4937 2.0000
    endloop
  endfacet
  facet normal 0.155164 -0.987889 0.000000
    outer loop
      vertex 23.0037 11.4971 1.0000
      vertex 23.0160 11.4991 1.0000
      vertex 23.0160 11.4991 2.0000
    endloop
  endfacet
  facet normal 0.155164 -0.987889 0.000000
    outer loop
      vertex 23.0037 11.4971 1.0000
      vertex 23.0160 11.4991 2.0000
      vertex 23.0037 11.4971 2.0000
    endloop
  endfacet
  facet normal 0.030585 -0.999532 0.000000
    outer loop
      vertex 23.0160 11.4991 1.0000
      vertex 23.0284 11.4994 1.0000
      vertex 23.0284 11.4994 2.0000
    endloop
  endfacet
  facet normal 0.030585 -0.999532 0.000000
    outer loop
      vertex 23.0160 11.4991 1.0000
      vertex 23.0284 11.4994 2.0000
      vertex 23.0160 11.4991 2.0000
    endloop
  endfacet
  facet normal -0.094473 -0.995527 0.000000
    outer loop
      vertex 23.0284 11.4994 1.0000
      vertex 23.0407 11.4983 1.0000
      vertex 23.0407 11.4983 2.0000
    endloop
  endfacet
  facet normal -0.094473 -0.995527 0.000000
    outer loop
      vertex 23.0284 11.4994 1.0000
      vertex 23.0407 11.4983 2.0000
      vertex 23.0284 11.4994 2.0000
    endloop
  endfacet
  facet normal -0.218051 -0.975937 0.000000
    outer loop
      vertex 23.0407 11.4983 1.0000
      vertex 23.0585 11.4943 1.0000
      vertex 23.0585 11.4943 2.0000
    endloop
  endfacet
  facet normal -0.218051 -0.975937 0.000000
    outer loop
      vertex 23.0407 11.4983 1.0000
      vertex 23.0585 11.4943 2.0000
      vertex 23.0407 11.4983 2.0000
    endloop
  endfacet
  facet normal -0.308599 -0.951192 0.000000
    outer loop
      vertex 23.0585 11.4943 1.0000
      vertex 23.0664 11.4917 1.0000
      vertex 23.0664 11.4917 2.0000
    endloop
  endfacet
  facet normal -0.308599 -0.951192 0.000000
    outer loop
      vertex 23.0585 11.4943 1.0000
      vertex 23.0664 11.4917 2.0000
      vertex 23.0585 11.4943 2.0000
    endloop
  endfacet
  facet normal -0.338217 -0.941068 0.000000
    outer loop
      vertex 23.0664 11.4917 1.0000
      vertex 23.9315 11.1808 1.0000
      vertex 23.9315 11.1808 2.0000
    endloop
  endfacet
  facet normal -0.338217 -0.941068 0.000000
    outer loop
      vertex 23.0664 11.4917 1.0000
      vertex 23.9315 11.1808 2.0000
      vertex 23.0664 11.4917 2.0000
    endloop
  endfacet
  facet normal -0.347643 -0.937627 0.000000
    outer loop
      vertex 23.9315 11.1808 1.0000
      vertex 23.9362 11.1791 1.0000
      vertex 23.9362 11.1791 2.0000
    endloop
  endfacet
  facet normal -0.347643 -0.937627 0.000000
    outer loop
      vertex 23.9315 11.1808 1.0000
      vertex 23.9362 11.1791 2.0000
      vertex 23.9315 11.1808 2.0000
    endloop
  endfacet
  facet normal -0.360158 -0.932891 0.000000
    outer loop
      vertex 23.9362 11.1791 1.0000
      vertex 23.9386 11.1782 1.0000
      vertex 23.9386 11.1782 2.0000
    endloop
  endfacet
  facet normal -0.360158 -0.932891 0.000000
    outer loop
      vertex 23.9362 11.1791 1.0000
      vertex 23.9386 11.1782 2.0000
      vertex 23.9362 11.1791 2.0000
    endloop
  endfacet
  facet normal -0.367428 -0.930052 0.000000
    outer loop
      vertex 23.9386 11.1782 1.0000
      vertex 24.7285 10.8661 1.0000
      vertex 24.7285 10.8661 2.0000
    endloop
  endfacet
  facet normal -0.367428 -0.930052 0.000000
    outer loop
      vertex 23.9386 11.1782 1.0000
      vertex 24.7285 10.8661 2.0000
      vertex 23.9386 11.1782 2.0000
    endloop
  endfacet
  facet normal -0.308625 -0.951184 0.000000
    outer loop
      vertex 24.7285 10.8661 1.0000
      vertex 24.7879 10.8468 1.0000
      vertex 24.7879 10.8468 2.0000
    endloop
  endfacet
  facet normal -0.308625 -0.951184 0.000000
    outer loop
      vertex 24.7285 10.8661 1.0000
      vertex 24.7879 10.8468 2.0000
      vertex 24.7285 10.8661 2.0000
    endloop
  endfacet
  facet normal -0.187638 -0.982238 0.000000
    outer loop
      vertex 24.7879 10.8468 1.0000
      vertex 24.8492 10.8351 1.0000
      vertex 24.8492 10.8351 2.0000
    endloop
  endfacet
  facet normal -0.187638 -0.982238 0.000000
    outer loop
      vertex 24.7879 10.8468 1.0000
      vertex 24.8492 10.8351 2.0000
      vertex 24.7879 10.8468 2.0000
    endloop
  endfacet
  facet normal -0.063723 -0.997968 0.000000
    outer loop
      vertex 24.8492 10.8351 1.0000
      vertex 24.9115 10.8311 1.0000
      vertex 24.9115 10.8311 2.0000
    endloop
  endfacet
  facet normal -0.063723 -0.997968 0.000000
    outer loop
      vertex 24.8492 10.8351 1.0000
      vertex 24.9115 10.8311 2.0000
      vertex 24.8492 10.8351 2.0000
    endloop
  endfacet
  facet normal 0.061186 -0.998126 0.000000
    outer loop
      vertex 24.9115 10.8311 1.0000
      vertex 24.9739 10.8349 1.0000
      vertex 24.9739 10.8349 2.0000
    endloop
  endfacet
  facet normal 0.061186 -0.998126 0.000000
    outer loop
      vertex 24.9115 10.8311 1.0000
      vertex 24.9739 10.8349 2.0000
      vertex 24.9115 10.8311 2.0000
    endloop
  endfacet
  facet normal 0.185140 -0.982712 0.000000
    outer loop
      vertex 24.9739 10.8349 1.0000
      vertex 25.0353 10.8465 1.0000
      vertex 25.0353 10.8465 2.0000
    endloop
  endfacet
  facet normal 0.185140 -0.982712 0.000000
    outer loop
      vertex 24.9739 10.8349 1.0000
      vertex 25.0353 10.8465 2.0000
      vertex 24.9739 10.8349 2.0000
    endloop
  endfacet
  facet normal 0.246154 -0.969231 0.000000
    outer loop
      vertex 25.0353 10.8465 1.0000
      vertex 25.4207 10.9444 1.0000
      vertex 25.4207 10.9444 2.0000
    endloop
  endfacet
  facet normal 0.246154 -0.969231 0.000000
    outer loop
      vertex 25.0353 10.8465 1.0000
      vertex 25.4207 10.9444 2.0000
      vertex 25.0353 10.8465 2.0000
    endloop
  endfacet
  facet normal 0.304661 -0.952461 0.000000
    outer loop
      vertex 25.4207 10.9444 1.0000
      vertex 25.4787 10.9629 1.0000
      vertex 25.4787 10.9629 2.0000
    endloop
  endfacet
  facet normal 0.304661 -0.952461 0.000000
    outer loop
      vertex 25.4207 10.9444 1.0000
      vertex 25.4787 10.9629 2.0000
      vertex 25.4207 10.9444 2.0000
    endloop
  endfacet
  facet normal 0.418078 -0.908411 0.000000
    outer loop
      vertex 25.4787 10.9629 1.0000
      vertex 25.5339 10.9884 1.0000
      vertex 25.5339 10.9884 2.0000
    endloop
  endfacet
  facet normal 0.418078 -0.908411 0.000000
    outer loop
      vertex 25.4787 10.9629 1.0000
      vertex 25.5339 10.9884 2.0000
      vertex 25.4787 10.9629 2.0000
    endloop
  endfacet
  facet normal 0.525306 -0.850914 0.000000
    outer loop
      vertex 25.5339 10.9884 1.0000
      vertex 25.5857 11.0203 1.0000
      vertex 25.5857 11.0203 2.0000
    endloop
  endfacet
  facet normal 0.525306 -0.850914 0.000000
    outer loop
      vertex 25.5339 10.9884 1.0000
      vertex 25.5857 11.0203 2.0000
      vertex 25.5339 10.9884 2.0000
    endloop
  endfacet
  facet normal 0.624757 -0.780820 0.000000
    outer loop
      vertex 25.5857 11.0203 1.0000
      vertex 25.6332 11.0583 1.0000
      vertex 25.6332 11.0583 2.0000
    endloop
  endfacet
  facet normal 0.624757 -0.780820 0.000000
    outer loop
      vertex 25.5857 11.0203 1.0000
      vertex 25.6332 11.0583 2.0000
      vertex 25.5857 11.0203 2.0000
    endloop
  endfacet
  facet normal 0.714959 -0.699166 0.000000
    outer loop
      vertex 25.6332 11.0583 1.0000
      vertex 25.6757 11.1018 1.0000
      vertex 25.6757 11.1018 2.0000
    endloop
  endfacet
  facet normal 0.714959 -0.699166 0.000000
    outer loop
      vertex 25.6332 11.0583 1.0000
      vertex 25.6757 11.1018 2.0000
      vertex 25.6332 11.0583 2.0000
    endloop
  endfacet
  facet normal 0.756169 -0.654377 0.000000
    outer loop
      vertex 25.6757 11.1018 1.0000
      vertex 26.0185 11.4979 1.0000
      vertex 26.0185 11.4979 2.0000
    endloop
  endfacet
  facet normal 0.756169 -0.654377 0.000000
    outer loop
      vertex 25.6757 11.1018 1.0000
      vertex 26.0185 11.4979 2.0000
      vertex 25.6757 11.1018 2.0000
    endloop
  endfacet
  facet normal 0.795261 -0.606267 0.000000
    outer loop
      vertex 26.0185 11.4979 1.0000
      vertex 26.0561 11.5472 1.0000
      vertex 26.0561 11.5472 2.0000
    endloop
  endfacet
  facet normal 0.795261 -0.606267 0.000000
    outer loop
      vertex 26.0185 11.4979 1.0000
      vertex 26.0561 11.5472 2.0000
      vertex 26.0185 11.4979 2.0000
    endloop
  endfacet
  facet normal 0.864140 -0.503251 0.000000
    outer loop
      vertex 26.0561 11.5472 1.0000
      vertex 26.0872 11.6007 1.0000
      vertex 26.0872 11.6007 2.0000
    endloop
  endfacet
  facet normal 0.864140 -0.503251 0.000000
    outer loop
      vertex 26.0561 11.5472 1.0000
      vertex 26.0872 11.6007 2.0000
      vertex 26.0561 11.5472 2.0000
    endloop
  endfacet
  facet normal 0.919749 -0.392507 0.000000
    outer loop
      vertex 26.0872 11.6007 1.0000
      vertex 26.1116 11.6577 1.0000
      vertex 26.1116 11.6577 2.0000
    endloop
  endfacet
  facet normal 0.919749 -0.392507 0.000000
    outer loop
      vertex 26.0872 11.6007 1.0000
      vertex 26.1116 11.6577 2.0000
      vertex 26.0872 11.6007 2.0000
    endloop
  endfacet
  facet normal 0.942302 -0.334765 0.000000
    outer loop
      vertex 26.1116 11.6577 1.0000
      vertex 26.3736 12.3953 1.0000
      vertex 26.3736 12.3953 2.0000
    endloop
  endfacet
  facet normal 0.942302 -0.334765 0.000000
    outer loop
      vertex 26.1116 11.6577 1.0000
      vertex 26.3736 12.3953 2.0000
      vertex 26.1116 11.6577 2.0000
    endloop
  endfacet
  facet normal 0.960641 -0.277794 0.000000
    outer loop
      vertex 26.3736 12.3953 1.0000
      vertex 26.3902 12.4528 1.0000
      vertex 26.3902 12.4528 2.0000
    endloop
  endfacet
  facet normal 0.960641 -0.277794 0.000000
    outer loop
      vertex 26.3736 12.3953 1.0000
      vertex 26.3902 12.4528 2.0000
      vertex 26.3736 12.3953 2.0000
    endloop
  endfacet
  facet normal 0.986942 -0.161073 0.000000
    outer loop
      vertex 26.3902 12.4528 1.0000
      vertex 26.3999 12.5118 1.0000
      vertex 26.3999 12.5118 2.0000
    endloop
  endfacet
  facet normal 0.986942 -0.161073 0.000000
    outer loop
      vertex 26.3902 12.4528 1.0000
      vertex 26.3999 12.5118 2.0000
      vertex 26.3902 12.4528 2.0000
    endloop
  endfacet
  facet normal 0.994811 -0.101742 0.000000
    outer loop
      vertex 26.3999 12.5118 1.0000
      vertex 26.4943 13.4350 1.0000
      vertex 26.4943 13.4350 2.0000
    endloop
  endfacet
  facet normal 0.994811 -0.101742 0.000000
    outer loop
      vertex 26.3999 12.5118 1.0000
      vertex 26.4943 13.4350 2.0000
      vertex 26.3999 12.5118 2.0000
    endloop
  endfacet
  facet normal 0.998702 -0.050937 0.000000
    outer loop
      vertex 26.4943 13.4350 1.0000
      vertex 26.4969 13.4859 1.0000
      vertex 26.4969 13.4859 2.0000
    endloop
  endfacet
  facet normal 0.998702 -0.050937 0.000000
    outer loop
      vertex 26.4943 13.4350 1.0000
      vertex 26.4969 13.4859 2.0000
      vertex 26.4943 13.4350 2.0000
    endloop
  endfacet
  facet normal 0.998702 0.050937 0.000000
    outer loop
      vertex 26.4969 13.4859 1.0000
      vertex 26.4943 13.5367 1.0000
      vertex 26.4943 13.5367 2.0000
    endloop
  endfacet
  facet normal 0.998702 0.050937 -0.000000
    outer loop
      vertex 26.4969 13.4859 1.0000
      vertex 26.4943 13.5367 2.0000
      vertex 26.4969 13.4859 2.0000
    endloop
  endfacet
  facet normal 0.994811 0.101742 0.000000
    outer loop
      vertex 26.4943 13.5367 1.0000
      vertex 26.3999 14.4599 1.0000
      vertex 26.3999 14.4599 2.0000
    endloop
  endfacet
  facet normal 0.994811 0.101742 -0.000000
    outer loop
      vertex 26.4943 13.5367 1.0000
      vertex 26.3999 14.4599 2.0000
      vertex 26.4943 13.5367 2.0000
    endloop
  endfacet
  facet normal 0.986942 0.161073 0.000000
    outer loop
      vertex 26.3999 14.4599 1.0000
      vertex 26.3902 14.5189 1.0000
      vertex 26.3902 14.5189 2.0000
    endloop
  endfacet
  facet normal 0.986942 0.161073 -0.000000
    outer loop
      vertex 26.3999 14.4599 1.0000
      vertex 26.3902 14.5189 2.0000
      vertex 26.3999 14.4599 2.0000
    endloop
  endfacet
  facet normal 0.960641 0.277794 0.000000
    outer loop
      vertex 26.3902 14.5189 1.0000
      vertex 26.3736 14.5764 1.0000
      vertex 26.3736 14.5764 2.0000
    endloop
  endfacet
  facet normal 0.960641 0.277794 -0.000000
    outer loop
      vertex 26.3902 14.5189 1.0000
      vertex 26.3736 14.5764 2.0000
      vertex 26.3902 14.5189 2.0000
    endloop
  endfacet
  facet normal 0.942302 0.334765 0.000000
    outer loop
      vertex 26.3736 14.5764 1.0000
      vertex 26.1116 15.3140 1.0000
      vertex 26.1116 15.3140 2.0000
    endloop
  endfacet
  facet normal 0.942302 0.334765 -0.000000
    outer loop
      vertex 26.3736 14.5764 1.0000
      vertex 26.1116 15.3140 2.0000
      vertex 26.3736 14.5764 2.0000
    endloop
  endfacet
  facet normal 0.919749 0.392507 0.000000
    outer loop
      vertex 26.1116 15.3140 1.0000
      vertex 26.0872 15.3710 1.0000
      vertex 26.0872 15.3710 2.0000
    endloop
  endfacet
  facet normal 0.919749 0.392507 -0.000000
    outer loop
      vertex 26.1116 15.3140 1.0000
      vertex 26.0872 15.3710 2.0000
      vertex 26.1116 15.3140 2.0000
    endloop
  endfacet
  facet normal 0.864140 0.503251 0.000000
    outer loop
      vertex 26.0872 15.3710 1.0000
      vertex 26.0561 15.4245 1.0000
      vertex 26.0561 15.4245 2.0000
    endloop
  endfacet
  facet normal 0.864140 0.503251 -0.000000
    outer loop
      vertex 26.0872 15.3710 1.0000
      vertex 26.0561 15.4245 2.0000
      vertex 26.0872 15.3710 2.0000
    endloop
  endfacet
  facet normal 0.795261 0.606267 0.000000
    outer loop
      vertex 26.0561 15.4245 1.0000
      vertex 26.0185 15.4738 1.0000
      vertex 26.0185 15.4738 2.0000
    endloop
  endfacet
  facet normal 0.795261 0.606267 -0.000000
    outer loop
      vertex 26.0561 15.4245 1.0000
      vertex 26.0185 15.4738 2.0000
      vertex 26.0561 15.4245 2.0000
    endloop
  endfacet
  facet normal 0.756169 0.654377 0.000000
    outer loop
      vertex 26.0185 15.4738 1.0000
      vertex 25.6757 15.8699 1.0000
      vertex 25.6757 15.8699 2.0000
    endloop
  endfacet
  facet normal 0.756169 0.654377 -0.000000
    outer loop
      vertex 26.0185 15.4738 1.0000
      vertex 25.6757 15.8699 2.0000
      vertex 26.0185 15.4738 2.0000
    endloop
  endfacet
  facet normal 0.714959 0.699166 0.000000
    outer loop
      vertex 25.6757 15.8699 1.0000
      vertex 25.6332 15.9134 1.0000
      vertex 25.6332 15.9134 2.0000
    endloop
  endfacet
  facet normal 0.714959 0.699166 -0.000000
    outer loop
      vertex 25.6757 15.8699 1.0000
      vertex 25.6332 15.9134 2.0000
      vertex 25.6757 15.8699 2.0000
    endloop
  endfacet
  facet normal 0.624757 0.780820 0.000000
    outer loop
      vertex 25.6332 15.9134 1.0000
      vertex 25.5857 15.9514 1.0000
      vertex 25.5857 15.9514 2.0000
    endloop
  endfacet
  facet normal 0.624757 0.780820 -0.000000
    outer loop
      vertex 25.6332 15.9134 1.0000
      vertex 25.5857 15.9514 2.0000
      vertex 25.6332 15.9134 2.0000
    endloop
  endfacet
  facet normal 0.525306 0.850914 0.000000
    outer loop
      vertex 25.5857 15.9514 1.0000
      vertex 25.5339 15.9834 1.0000
      vertex 25.5339 15.9834 2.0000
    endloop
  endfacet
  facet normal 0.525306 0.850914 -0.000000
    outer loop
      vertex 25.5857 15.9514 1.0000
      vertex 25.5339 15.9834 2.0000
      vertex 25.5857 15.9514 2.0000
    endloop
  endfacet
  facet normal 0.418078 0.908411 0.000000
    outer loop
      vertex 25.5339 15.9834 1.0000
      vertex 25.4787 16.0088 1.0000
      vertex 25.4787 16.0088 2.0000
    endloop
  endfacet
  facet normal 0.418078 0.908411 -0.000000
    outer loop
      vertex 25.5339 15.9834 1.0000
      vertex 25.4787 16.0088 2.0000
      vertex 25.5339 15.9834 2.0000
    endloop
  endfacet
  facet normal 0.304661 0.952461 0.000000
    outer loop
      vertex 25.4787 16.0088 1.0000
      vertex 25.4207 16.0273 1.0000
      vertex 25.4207 16.0273 2.0000
    endloop
  endfacet
  facet normal 0.304661 0.952461 -0.000000
    outer loop
      vertex 25.4787 16.0088 1.0000
      vertex 25.4207 16.0273 2.0000
      vertex 25.4787 16.0088 2.0000
    endloop
  endfacet
  facet normal 0.246154 0.969231 0.000000
    outer loop
      vertex 25.4207 16.0273 1.0000
      vertex 25.0353 16.1252 1.0000
      vertex 25.0353 16.1252 2.0000
    endloop
  endfacet
  facet normal 0.246154 0.969231 -0.000000
    outer loop
      vertex 25.4207 16.0273 1.0000
      vertex 25.0353 16.1252 2.0000
      vertex 25.4207 16.0273 2.0000
    endloop
  endfacet
  facet normal 0.185140 0.982712 0.000000
    outer loop
      vertex 25.0353 16.1252 1.0000
      vertex 24.9739 16.1368 1.0000
      vertex 24.9739 16.1368 2.0000
    endloop
  endfacet
  facet normal 0.185140 0.982712 -0.000000
    outer loop
      vertex 25.0353 16.1252 1.0000
      vertex 24.9739 16.1368 2.0000
      vertex 25.0353 16.1252 2.0000
    endloop
  endfacet
  facet normal 0.061186 0.998126 0.000000
    outer loop
      vertex 24.9739 16.1368 1.0000
      vertex 24.9115 16.1406 1.0000
      vertex 24.9115 16.1406 2.0000
    endloop
  endfacet
  facet normal 0.061186 0.998126 -0.000000
    outer loop
      vertex 24.9739 16.1368 1.0000
      vertex 24.9115 16.1406 2.0000
      vertex 24.9739 16.1368 2.0000
    endloop
  endfacet
  facet normal -0.063723 0.997968 0.000000
    outer loop
      vertex 24.9115 16.1406 1.0000
      vertex 24.8492 16.1366 1.0000
      vertex 24.8492 16.1366 2.0000
    endloop
  endfacet
  facet normal -0.063723 0.997968 0.000000
    outer loop
      vertex 24.9115 16.1406 1.0000
      vertex 24.8492 16.1366 2.0000
      vertex 24.9115 16.1406 2.0000
    endloop
  endfacet
  facet normal -0.187638 0.982238 0.000000
    outer loop
      vertex 24.8492 16.1366 1.0000
      vertex 24.7879 16.1249 1.0000
      vertex 24.7879 16.1249 2.0000
    endloop
  endfacet
  facet normal -0.187638 0.982238 0.000000
    outer loop
      vertex 24.8492 16.1366 1.0000
      vertex 24.7879 16.1249 2.0000
      vertex 24.8492 16.1366 2.0000
    endloop
  endfacet
  facet normal -0.308625 0.951184 0.000000
    outer loop
      vertex 24.7879 16.1249 1.0000
      vertex 24.7285 16.1056 1.0000
      vertex 24.7285 16.1056 2.0000
    endloop
  endfacet
  facet normal -0.308625 0.951184 0.000000
    outer loop
      vertex 24.7879 16.1249 1.0000
      vertex 24.7285 16.1056 2.0000
      vertex 24.7879 16.1249 2.0000
    endloop
  endfacet
  facet normal -0.367428 0.930052 0.000000
    outer loop
      vertex 24.7285 16.1056 1.0000
      vertex 23.9391 15.7938 1.0000
      vertex 23.9391 15.7938 2.0000
    endloop
  endfacet
  facet normal -0.367428 0.930052 0.000000
    outer loop
      vertex 24.7285 16.1056 1.0000
      vertex 23.9391 15.7938 2.0000
      vertex 24.7285 16.1056 2.0000
    endloop
  endfacet
  facet normal -0.358076 0.933692 0.000000
    outer loop
      vertex 23.9391 15.7938 1.0000
      vertex 23.9343 15.7920 1.0000
      vertex 23.9343 15.7920 2.0000
    endloop
  endfacet
  facet normal -0.358076 0.933692 0.000000
    outer loop
      vertex 23.9391 15.7938 1.0000
      vertex 23.9343 15.7920 2.0000
      vertex 23.9391 15.7938 2.0000
    endloop
  endfacet
  facet normal -0.345551 0.938400 0.000000
    outer loop
      vertex 23.9343 15.7920 1.0000
      vertex 23.9320 15.7911 1.0000
      vertex 23.9320 15.7911 2.0000
    endloop
  endfacet
  facet normal -0.345551 0.938400 0.000000
    outer loop
      vertex 23.9343 15.7920 1.0000
      vertex 23.9320 15.7911 2.0000
      vertex 23.9343 15.7920 2.0000
    endloop
  endfacet
  facet normal -0.338217 0.941068 0.000000
    outer loop
      vertex 23.9320 15.7911 1.0000
      vertex 23.0664 15.4800 1.0000
      vertex 23.0664 15.4800 2.0000
    endloop
  endfacet
  facet normal -0.338217 0.941068 0.000000
    outer loop
      vertex 23.9320 15.7911 1.0000
      vertex 23.0664 15.4800 2.0000
      vertex 23.9320 15.7911 2.0000
    endloop
  endfacet
  facet normal -0.308599 0.951192 0.000000
    outer loop
      vertex 23.0664 15.4800 1.0000
      vertex 23.0585 15.4774 1.0000
      vertex 23.0585 15.4774 2.0000
    endloop
  endfacet
  facet normal -0.308599 0.951192 0.000000
    outer loop
      vertex 23.0664 15.4800 1.0000
      vertex 23.0585 15.4774 2.0000
      vertex 23.0664 15.4800 2.0000
    endloop
  endfacet
  facet normal -0.218051 0.975937 0.000000
    outer loop
      vertex 23.0585 15.4774 1.0000
      vertex 23.0407 15.4735 1.0000
      vertex 23.0407 15.4735 2.0000
    endloop
  endfacet
  facet normal -0.218051 0.975937 0.000000
    outer loop
      vertex 23.0585 15.4774 1.0000
      vertex 23.0407 15.4735 2.0000
      vertex 23.0585 15.4774 2.0000
    endloop
  endfacet
  facet normal -0.094473 0.995527 0.000000
    outer loop
      vertex 23.0407 15.4735 1.0000
      vertex 23.0284 15.4723 1.0000
      vertex 23.0284 15.4723 2.0000
    endloop
  endfacet
  facet normal -0.094473 0.995527 0.000000
    outer loop
      vertex 23.0407 15.4735 1.0000
      vertex 23.0284 15.4723 2.0000
      vertex 23.0407 15.4735 2.0000
    endloop
  endfacet
  facet normal 0.030585 0.999532 0.000000
    outer loop
      vertex 23.0284 15.4723 1.0000
      vertex 23.0160 15.4727 1.0000
      vertex 23.0160 15.4727 2.0000
    endloop
  endfacet
  facet normal 0.030585 0.999532 -0.000000
    outer loop
      vertex 23.0284 15.4723 1.0000
      vertex 23.0160 15.4727 2.0000
      vertex 23.0284 15.4723 2.0000
    endloop
  endfacet
  facet normal 0.155164 0.987889 0.000000
    outer loop
      vertex 23.0160 15.4727 1.0000
      vertex 23.0037 15.4746 1.0000
      vertex 23.0037 15.4746 2.0000
    endloop
  endfacet
  facet normal 0.155164 0.987889 -0.000000
    outer loop
      vertex 23.0160 15.4727 1.0000
      vertex 23.0037 15.4746 2.0000
      vertex 23.0160 15.4727 2.0000
    endloop
  endfacet
  facet normal 0.277314 0.960779 0.000000
    outer loop
      vertex 23.0037 15.4746 1.0000
      vertex 22.9918 15.4781 1.0000
      vertex 22.9918 15.4781 2.0000
    endloop
  endfacet
  facet normal 0.277314 0.960779 -0.000000
    outer loop
      vertex 23.0037 15.4746 1.0000
      vertex 22.9918 15.4781 2.0000
      vertex 23.0037 15.4746 2.0000
    endloop
  endfacet
  facet normal 0.395123 0.918628 0.000000
    outer loop
      vertex 22.9918 15.4781 1.0000
      vertex 22.9804 15.4830 1.0000
      vertex 22.9804 15.4830 2.0000
    endloop
  endfacet
  facet normal 0.395123 0.918628 -0.000000
    outer loop
      vertex 22.9918 15.4781 1.0000
      vertex 22.9804 15.4830 2.0000
      vertex 22.9918 15.4781 2.0000
    endloop
  endfacet
  facet normal 0.506745 0.862096 0.000000
    outer loop
      vertex 22.9804 15.4830 1.0000
      vertex 22.9647 15.4922 1.0000
      vertex 22.9647 15.4922 2.0000
    endloop
  endfacet
  facet normal 0.506745 0.862096 -0.000000
    outer loop
      vertex 22.9804 15.4830 1.0000
      vertex 22.9647 15.4922 2.0000
      vertex 22.9804 15.4830 2.0000
    endloop
  endfacet
  facet normal 0.585347 0.810783 0.000000
    outer loop
      vertex 22.9647 15.4922 1.0000
      vertex 22.9580 15.4970 1.0000
      vertex 22.9580 15.4970 2.0000
    endloop
  endfacet
  facet normal 0.585347 0.810783 -0.000000
    outer loop
      vertex 22.9647 15.4922 1.0000
      vertex 22.9580 15.4970 2.0000
      vertex 22.9647 15.4922 2.0000
    endloop
  endfacet
  facet normal 0.610434 0.792067 0.000000
    outer loop
      vertex 22.9580 15.4970 1.0000
      vertex 22.4635 15.8781 1.0000
      vertex 22.4635 15.8781 2.0000
    endloop
  endfacet
  facet normal 0.610434 0.792067 -0.000000
    outer loop
      vertex 22.9580 15.4970 1.0000
      vertex 22.4635 15.8781 2.0000
      vertex 22.9580 15.4970 2.0000
    endloop
  endfacet
  facet normal 0.637735 0.770256 0.000000
    outer loop
      vertex 22.4635 15.8781 1.0000
      vertex 22.4563 15.8840 1.0000
      vertex 22.4563 15.8840 2.0000
    endloop
  endfacet
  facet normal 0.637735 0.770256 -0.000000
    outer loop
      vertex 22.4635 15.8781 1.0000
      vertex 22.4563 15.8840 2.0000
      vertex 22.4635 15.8781 2.0000
    endloop
  endfacet
  facet normal 0.714836 0.699292 0.000000
    outer loop
      vertex 22.4563 15.8840 1.0000
      vertex 22.4422 15.8985 1.0000
      vertex 22.4422 15.8985 2.0000
    endloop
  endfacet
  facet normal 0.714836 0.699292 -0.000000
    outer loop
      vertex 22.4563 15.8840 1.0000
      vertex 22.4422 15.8985 2.0000
      vertex 22.4563 15.8840 2.0000
    endloop
  endfacet
  facet normal 0.805294 0.592876 0.000000
    outer loop
      vertex 22.4422 15.8985 1.0000
      vertex 22.4340 15.9097 1.0000
      vertex 22.4340 15.9097 2.0000
    endloop
  endfacet
  facet normal 0.805294 0.592876 -0.000000
    outer loop
      vertex 22.4422 15.8985 1.0000
      vertex 22.4340 15.9097 2.0000
      vertex 22.4422 15.8985 2.0000
    endloop
  endfacet
  facet normal 0.880043 0.474894 0.000000
    outer loop
      vertex 22.4340 15.9097 1.0000
      vertex 22.4274 15.9218 1.0000
      vertex 22.4274 15.9218 2.0000
    endloop
  endfacet
  facet normal 0.880043 0.474894 -0.000000
    outer loop
      vertex 22.4340 15.9097 1.0000
      vertex 22.4274 15.9218 2.0000
      vertex 22.4340 15.9097 2.0000
    endloop
  endfacet
  facet normal 0.937625 0.347649 0.000000
    outer loop
      vertex 22.4274 15.9218 1.0000
      vertex 22.4203 15.9408 1.0000
      vertex 22.4203 15.9408 2.0000
    endloop
  endfacet
  facet normal 0.937625 0.347649 -0.000000
    outer loop
      vertex 22.4274 15.9218 1.0000
      vertex 22.4203 15.9408 2.0000
      vertex 22.4274 15.9218 2.0000
    endloop
  endfacet
  facet normal 0.968856 0.247624 0.000000
    outer loop
      vertex 22.4203 15.9408 1.0000
      vertex 22.4180 15.9498 1.0000
      vertex 22.4180 15.9498 2.0000
    endloop
  endfacet
  facet normal 0.968856 0.247624 -0.000000
    outer loop
      vertex 22.4203 15.9408 1.0000
      vertex 22.4180 15.9498 2.0000
      vertex 22.4203 15.9408 2.0000
    endloop
  endfacet
  facet normal 0.976916 0.213622 0.000000
    outer loop
      vertex 22.4180 15.9498 1.0000
      vertex 22.2163 16.8724 1.0000
      vertex 22.2163 16.8724 2.0000
    endloop
  endfacet
  facet normal 0.976916 0.213622 -0.000000
    outer loop
      vertex 22.4180 15.9498 1.0000
      vertex 22.2163 16.8724 2.0000
      vertex 22.4180 15.9498 2.0000
    endloop
  endfacet
  facet normal 0.982877 0.184261 0.000000
    outer loop
      vertex 22.2163 16.8724 1.0000
      vertex 22.2148 16.8802 1.0000
      vertex 22.2148 16.8802 2.0000
    endloop
  endfacet
  facet normal 0.982877 0.184261 -0.000000
    outer loop
      vertex 22.2163 16.8724 1.0000
      vertex 22.2148 16.8802 2.0000
      vertex 22.2163 16.8724 2.0000
    endloop
  endfacet
  facet normal 0.995449 0.095292 0.000000
    outer loop
      vertex 22.2148 16.8802 1.0000
      vertex 22.2127 16.9030 1.0000
      vertex 22.2127 16.9030 2.0000
    endloop
  endfacet
  facet normal 0.995449 0.095292 -0.000000
    outer loop
      vertex 22.2148 16.8802 1.0000
      vertex 22.2127 16.9030 2.0000
      vertex 22.2148 16.8802 2.0000
    endloop
  endfacet
  facet normal 0.999985 0.005554 0.000000
    outer loop
      vertex 22.2127 16.9030 1.0000
      vertex 22.2126 16.9110 1.0000
      vertex 22.2126 16.9110 2.0000
    endloop
  endfacet
  facet normal 0.999985 0.005554 -0.000000
    outer loop
      vertex 22.2127 16.9030 1.0000
      vertex 22.2126 16.9110 2.0000
      vertex 22.2127 16.9030 2.0000
    endloop
  endfacet
  facet normal 0.999702 -0.024405 0.000000
    outer loop
      vertex 22.2126 16.9110 1.0000
      vertex 22.2447 18.2240 1.0000
      vertex 22.2447 18.2240 2.0000
    endloop
  endfacet
  facet normal 0.999702 -0.024405 0.000000
    outer loop
      vertex 22.2126 16.9110 1.0000
      vertex 22.2447 18.2240 2.0000
      vertex 22.2126 16.9110 2.0000
    endloop
  endfacet
  facet normal 0.998697 -0.051030 0.000000
    outer loop
      vertex 22.2447 18.2240 1.0000
      vertex 22.2453 18.2360 1.0000
      vertex 22.2453 18.2360 2.0000
    endloop
  endfacet
  facet normal 0.998697 -0.051030 0.000000
    outer loop
      vertex 22.2447 18.2240 1.0000
      vertex 22.2453 18.2360 2.0000
      vertex 22.2447 18.2240 2.0000
    endloop
  endfacet
  facet normal 0.994561 -0.104153 0.000000
    outer loop
      vertex 22.2453 18.2360 1.0000
      vertex 22.2465 18.2479 1.0000
      vertex 22.2465 18.2479 2.0000
    endloop
  endfacet
  facet normal 0.994561 -0.104153 0.000000
    outer loop
      vertex 22.2453 18.2360 1.0000
      vertex 22.2465 18.2479 2.0000
      vertex 22.2453 18.2360 2.0000
    endloop
  endfacet
  facet normal 0.991433 -0.130613 0.000000
    outer loop
      vertex 22.2465 18.2479 1.0000
      vertex 22.4504 19.7953 1.0000
      vertex 22.4504 19.7953 2.0000
    endloop
  endfacet
  facet normal 0.991433 -0.130613 0.000000
    outer loop
      vertex 22.2465 18.2479 1.0000
      vertex 22.4504 19.7953 2.0000
      vertex 22.2465 18.2479 2.0000
    endloop
  endfacet
  facet normal 0.989403 -0.145195 0.000000
    outer loop
      vertex 22.4504 19.7953 1.0000
      vertex 22.4513 19.8018 1.0000
      vertex 22.4513 19.8018 2.0000
    endloop
  endfacet
  facet normal 0.989403 -0.145195 0.000000
    outer loop
      vertex 22.4504 19.7953 1.0000
      vertex 22.4513 19.8018 2.0000
      vertex 22.4504 19.7953 2.0000
    endloop
  endfacet
  facet normal 0.984699 -0.174262 0.000000
    outer loop
      vertex 22.4513 19.8018 1.0000
      vertex 22.4525 19.8084 1.0000
      vertex 22.4525 19.8084 2.0000
    endloop
  endfacet
  facet normal 0.984699 -0.174262 0.000000
    outer loop
      vertex 22.4513 19.8018 1.0000
      vertex 22.4525 19.8084 2.0000
      vertex 22.4513 19.8018 2.0000
    endloop
  endfacet
  facet normal 0.982027 -0.188740 0.000000
    outer loop
      vertex 22.4525 19.8084 1.0000
      vertex 22.7644 21.4314 1.0000
      vertex 22.7644 21.4314 2.0000
    endloop
  endfacet
  facet normal 0.982027 -0.188740 0.000000
    outer loop
      vertex 22.4525 19.8084 1.0000
      vertex 22.7644 21.4314 2.0000
      vertex 22.4525 19.8084 2.0000
    endloop
  endfacet
  facet normal 0.979707 -0.200434 0.000000
    outer loop
      vertex 22.7644 21.4314 1.0000
      vertex 22.7656 21.4373 1.0000
      vertex 22.7656 21.4373 2.0000
    endloop
  endfacet
  facet normal 0.979707 -0.200434 0.000000
    outer loop
      vertex 22.7644 21.4314 1.0000
      vertex 22.7656 21.4373 2.0000
      vertex 22.7644 21.4314 2.0000
    endloop
  endfacet
  facet normal 0.976398 -0.215981 0.000000
    outer loop
      vertex 22.7656 21.4373 1.0000
      vertex 22.7663 21.4402 1.0000
      vertex 22.7663 21.4402 2.0000
    endloop
  endfacet
  facet normal 0.976398 -0.215981 0.000000
    outer loop
      vertex 22.7656 21.4373 1.0000
      vertex 22.7663 21.4402 2.0000
      vertex 22.7656 21.4373 2.0000
    endloop
  endfacet
  facet normal 0.974353 -0.225026 0.000000
    outer loop
      vertex 22.7663 21.4402 1.0000
      vertex 23.1217 22.9792 1.0000
      vertex 23.1217 22.9792 2.0000
    endloop
  endfacet
  facet normal 0.974353 -0.225026 0.000000
    outer loop
      vertex 22.7663 21.4402 1.0000
      vertex 23.1217 22.9792 2.0000
      vertex 22.7663 21.4402 2.0000
    endloop
  endfacet
  facet normal 0.972484 -0.232969 0.000000
    outer loop
      vertex 23.1217 22.9792 1.0000
      vertex 23.1227 22.9832 1.0000
      vertex 23.1227 22.9832 2.0000
    endloop
  endfacet
  facet normal 0.972484 -0.232969 0.000000
    outer loop
      vertex 23.1217 22.9792 1.0000
      vertex 23.1227 22.9832 2.0000
      vertex 23.1217 22.9792 2.0000
    endloop
  endfacet
  facet normal 0.969892 -0.243537 0.000000
    outer loop
      vertex 23.1227 22.9832 1.0000
      vertex 23.1232 22.9852 1.0000
      vertex 23.1232 22.9852 2.0000
    endloop
  endfacet
  facet normal 0.969892 -0.243537 0.000000
    outer loop
      vertex 23.1227 22.9832 1.0000
      vertex 23.1232 22.9852 2.0000
      vertex 23.1227 22.9832 2.0000
    endloop
  endfacet
  facet normal 0.968322 -0.249704 0.000000
    outer loop
      vertex 23.1232 22.9852 1.0000
      vertex 23.4580 24.2835 1.0000
      vertex 23.4580 24.2835 2.0000
    endloop
  endfacet
  facet normal 0.968322 -0.249704 0.000000
    outer loop
      vertex 23.1232 22.9852 1.0000
      vertex 23.4580 24.2835 2.0000
      vertex 23.1232 22.9852 2.0000
    endloop
  endfacet
  facet normal 0.965149 -0.261701 0.000000
    outer loop
      vertex 23.4580 24.2835 1.0000
      vertex 23.4584 24.2852 1.0000
      vertex 23.4584 24.2852 2.0000
    endloop
  endfacet
  facet normal 0.965149 -0.261701 0.000000
    outer loop
      vertex 23.4580 24.2835 1.0000
      vertex 23.4584 24.2852 2.0000
      vertex 23.4580 24.2835 2.0000
    endloop
  endfacet
  facet normal 0.963592 -0.267377 0.000000
    outer loop
      vertex 23.4584 24.2852 1.0000
      vertex 23.5880 24.7522 1.0000
      vertex 23.5880 24.7522 2.0000
    endloop
  endfacet
  facet normal 0.963592 -0.267377 0.000000
    outer loop
      vertex 23.4584 24.2852 1.0000
      vertex 23.5880 24.7522 2.0000
      vertex 23.4584 24.2852 2.0000
    endloop
  endfacet
  facet normal 0.979081 -0.203473 0.000000
    outer loop
      vertex 23.5880 24.7522 1.0000
      vertex 23.6014 24.8165 1.0000
      vertex 23.6014 24.8165 2.0000
    endloop
  endfacet
  facet normal 0.979081 -0.203473 0.000000
    outer loop
      vertex 23.5880 24.7522 1.0000
      vertex 23.6014 24.8165 2.0000
      vertex 23.5880 24.7522 2.0000
    endloop
  endfacet
  facet normal 0.997310 -0.073304 0.000000
    outer loop
      vertex 23.6014 24.8165 1.0000
      vertex 23.6062 24.8821 1.0000
      vertex 23.6062 24.8821 2.0000
    endloop
  endfacet
  facet normal 0.997310 -0.073304 0.000000
    outer loop
      vertex 23.6014 24.8165 1.0000
      vertex 23.6062 24.8821 2.0000
      vertex 23.6014 24.8165 2.0000
    endloop
  endfacet
  facet normal 0.998309 0.058130 0.000000
    outer loop
      vertex 23.6062 24.8821 1.0000
      vertex 23.6024 24.9477 1.0000
      vertex 23.6024 24.9477 2.0000
    endloop
  endfacet
  facet normal 0.998309 0.058130 -0.000000
    outer loop
      vertex 23.6062 24.8821 1.0000
      vertex 23.6024 24.9477 2.0000
      vertex 23.6062 24.8821 2.0000
    endloop
  endfacet
  facet normal 0.982062 0.188561 0.000000
    outer loop
      vertex 23.6024 24.9477 1.0000
      vertex 23.5900 25.0122 1.0000
      vertex 23.5900 25.0122 2.0000
    endloop
  endfacet
  facet normal 0.982062 0.188561 -0.000000
    outer loop
      vertex 23.6024 24.9477 1.0000
      vertex 23.5900 25.0122 2.0000
      vertex 23.6024 24.9477 2.0000
    endloop
  endfacet
  facet normal 0.948848 0.315734 0.000000
    outer loop
      vertex 23.5900 25.0122 1.0000
      vertex 23.5692 25.0746 1.0000
      vertex 23.5692 25.0746 2.0000
    endloop
  endfacet
  facet normal 0.948848 0.315734 -0.000000
    outer loop
      vertex 23.5900 25.0122 1.0000
      vertex 23.5692 25.0746 2.0000
      vertex 23.5900 25.0122 2.0000
    endloop
  endfacet
  facet normal 0.899242 0.437452 0.000000
    outer loop
      vertex 23.5692 25.0746 1.0000
      vertex 23.5405 25.1337 1.0000
      vertex 23.5405 25.1337 2.0000
    endloop
  endfacet
  facet normal 0.899242 0.437452 -0.000000
    outer loop
      vertex 23.5692 25.0746 1.0000
      vertex 23.5405 25.1337 2.0000
      vertex 23.5692 25.0746 2.0000
    endloop
  endfacet
  facet normal 0.834100 0.551613 0.000000
    outer loop
      vertex 23.5405 25.1337 1.0000
      vertex 23.5042 25.1885 1.0000
      vertex 23.5042 25.1885 2.0000
    endloop
  endfacet
  facet normal 0.834100 0.551613 -0.000000
    outer loop
      vertex 23.5405 25.1337 1.0000
      vertex 23.5042 25.1885 2.0000
      vertex 23.5405 25.1337 2.0000
    endloop
  endfacet
  facet normal 0.754549 0.656244 0.000000
    outer loop
      vertex 23.5042 25.1885 1.0000
      vertex 23.4611 25.2381 1.0000
      vertex 23.4611 25.2381 2.0000
    endloop
  endfacet
  facet normal 0.754549 0.656244 -0.000000
    outer loop
      vertex 23.5042 25.1885 1.0000
      vertex 23.4611 25.2381 2.0000
      vertex 23.5042 25.1885 2.0000
    endloop
  endfacet
  facet normal 0.661962 0.749537 0.000000
    outer loop
      vertex 23.4611 25.2381 1.0000
      vertex 23.4118 25.2816 1.0000
      vertex 23.4118 25.2816 2.0000
    endloop
  endfacet
  facet normal 0.661962 0.749537 -0.000000
    outer loop
      vertex 23.4611 25.2381 1.0000
      vertex 23.4118 25.2816 2.0000
      vertex 23.4611 25.2381 2.0000
    endloop
  endfacet
  facet normal 0.557939 0.829882 0.000000
    outer loop
      vertex 23.4118 25.2816 1.0000
      vertex 23.3573 25.3182 1.0000
      vertex 23.3573 25.3182 2.0000
    endloop
  endfacet
  facet normal 0.557939 0.829882 -0.000000
    outer loop
      vertex 23.4118 25.2816 1.0000
      vertex 23.3573 25.3182 2.0000
      vertex 23.4118 25.2816 2.0000
    endloop
  endfacet
  facet normal 0.444277 0.895890 0.000000
    outer loop
      vertex 23.3573 25.3182 1.0000
      vertex 23.2984 25.3474 1.0000
      vertex 23.2984 25.3474 2.0000
    endloop
  endfacet
  facet normal 0.444277 0.895890 -0.000000
    outer loop
      vertex 23.3573 25.3182 1.0000
      vertex 23.2984 25.3474 2.0000
      vertex 23.3573 25.3182 2.0000
    endloop
  endfacet
  facet normal 0.322939 0.946420 0.000000
    outer loop
      vertex 23.2984 25.3474 1.0000
      vertex 23.2362 25.3687 1.0000
      vertex 23.2362 25.3687 2.0000
    endloop
  endfacet
  facet normal 0.322939 0.946420 -0.000000
    outer loop
      vertex 23.2984 25.3474 1.0000
      vertex 23.2362 25.3687 2.0000
      vertex 23.2984 25.3474 2.0000
    endloop
  endfacet
  facet normal 0.196022 0.980599 0.000000
    outer loop
      vertex 23.2362 25.3687 1.0000
      vertex 23.1718 25.3815 1.0000
      vertex 23.1718 25.3815 2.0000
    endloop
  endfacet
  facet normal 0.196022 0.980599 -0.000000
    outer loop
      vertex 23.2362 25.3687 1.0000
      vertex 23.1718 25.3815 2.0000
      vertex 23.2362 25.3687 2.0000
    endloop
  endfacet
  facet normal 0.065719 0.997838 0.000000
    outer loop
      vertex 23.1718 25.3815 1.0000
      vertex 23.1062 25.3859 1.0000
      vertex 23.1062 25.3859 2.0000
    endloop
  endfacet
  facet normal 0.065719 0.997838 -0.000000
    outer loop
      vertex 23.1718 25.3815 1.0000
      vertex 23.1062 25.3859 2.0000
      vertex 23.1718 25.3815 2.0000
    endloop
  endfacet
  facet normal 0.000000 1.000000 0.000000
    outer loop
      vertex 23.1062 25.3859 1.0000
      vertex 0.5000 25.3859 1.0000
      vertex 0.5000 25.3859 2.0000
    endloop
  endfacet
  facet normal 0.000000 1.000000 -0.000000
    outer loop
      vertex 23.1062 25.3859 1.0000
      vertex 0.5000 25.3859 2.0000
      vertex 23.1062 25.3859 2.0000
    endloop
  endfacet
  facet normal -0.065403 0.997859 0.000000
    outer loop
      vertex 0.5000 25.3859 1.0000
      vertex 0.4347 25.3816 1.0000
      vertex 0.4347 25.3816 2.0000
    endloop
  endfacet
  facet normal -0.065403 0.997859 0.000000
    outer loop
      vertex 0.5000 25.3859 1.0000
      vertex 0.4347 25.3816 2.0000
      vertex 0.5000 25.3859 2.0000
    endloop
  endfacet
  facet normal -0.195090 0.980785 0.000000
    outer loop
      vertex 0.4347 25.3816 1.0000
      vertex 0.3706 25.3688 1.0000
      vertex 0.3706 25.3688 2.0000
    endloop
  endfacet
  facet normal -0.195090 0.980785 0.000000
    outer loop
      vertex 0.4347 25.3816 1.0000
      vertex 0.3706 25.3688 2.0000
      vertex 0.4347 25.3816 2.0000
    endloop
  endfacet
  facet normal -0.321439 0.946930 0.000000
    outer loop
      vertex 0.3706 25.3688 1.0000
      vertex 0.3087 25.3478 1.0000
      vertex 0.3087 25.3478 2.0000
    endloop
  endfacet
  facet normal -0.321439 0.946930 0.000000
    outer loop
      vertex 0.3706 25.3688 1.0000
      vertex 0.3087 25.3478 2.0000
      vertex 0.3706 25.3688 2.0000
    endloop
  endfacet
  facet normal -0.442289 0.896873 0.000000
    outer loop
      vertex 0.3087 25.3478 1.0000
      vertex 0.2500 25.3189 1.0000
      vertex 0.2500 25.3189 2.0000
    endloop
  endfacet
  facet normal -0.442289 0.896873 0.000000
    outer loop
      vertex 0.3087 25.3478 1.0000
      vertex 0.2500 25.3189 2.0000
      vertex 0.3087 25.3478 2.0000
    endloop
  endfacet
  facet normal -0.555570 0.831470 0.000000
    outer loop
      vertex 0.2500 25.3189 1.0000
      vertex 0.1956 25.2825 1.0000
      vertex 0.1956 25.2825 2.0000
    endloop
  endfacet
  facet normal -0.555570 0.831470 0.000000
    outer loop
      vertex 0.2500 25.3189 1.0000
      vertex 0.1956 25.2825 2.0000
      vertex 0.2500 25.3189 2.0000
    endloop
  endfacet
  facet normal -0.659346 0.751840 0.000000
    outer loop
      vertex 0.1956 25.2825 1.0000
      vertex 0.1464 25.2394 1.0000
      vertex 0.1464 25.2394 2.0000
    endloop
  endfacet
  facet normal -0.659346 0.751840 0.000000
    outer loop
      vertex 0.1956 25.2825 1.0000
      vertex 0.1464 25.2394 2.0000
      vertex 0.1956 25.2825 2.0000
    endloop
  endfacet
  facet normal -0.751840 0.659346 0.000000
    outer loop
      vertex 0.1464 25.2394 1.0000
      vertex 0.1033 25.1902 1.0000
      vertex 0.1033 25.1902 2.0000
    endloop
  endfacet
  facet normal -0.751840 0.659346 0.000000
    outer loop
      vertex 0.1464 25.2394 1.0000
      vertex 0.1033 25.1902 2.0000
      vertex 0.1464 25.2394 2.0000
    endloop
  endfacet
  facet normal -0.831470 0.555570 0.000000
    outer loop
      vertex 0.1033 25.1902 1.0000
      vertex 0.0670 25.1359 1.0000
      vertex 0.0670 25.1359 2.0000
    endloop
  endfacet
  facet normal -0.831470 0.555570 0.000000
    outer loop
      vertex 0.1033 25.1902 1.0000
      vertex 0.0670 25.1359 2.0000
      vertex 0.1033 25.1902 2.0000
    endloop
  endfacet
  facet normal -0.896873 0.442289 0.000000
    outer loop
      vertex 0.0670 25.1359 1.0000
      vertex 0.0381 25.0772 1.0000
      vertex 0.0381 25.0772 2.0000
    endloop
  endfacet
  facet normal -0.896873 0.442289 0.000000
    outer loop
      vertex 0.0670 25.1359 1.0000
      vertex 0.0381 25.0772 2.0000
      vertex 0.0670 25.1359 2.0000
    endloop
  endfacet
  facet normal -0.946930 0.321439 0.000000
    outer loop
      vertex 0.0381 25.0772 1.0000
      vertex 0.0170 25.0153 1.0000
      vertex 0.0170 25.0153 2.0000
    endloop
  endfacet
  facet normal -0.946930 0.321439 0.000000
    outer loop
      vertex 0.0381 25.0772 1.0000
      vertex 0.0170 25.0153 2.0000
      vertex 0.0381 25.0772 2.0000
    endloop
  endfacet
  facet normal -0.980785 0.195090 0.000000
    outer loop
      vertex 0.0170 25.0153 1.0000
      vertex 0.0043 24.9511 1.0000
      vertex 0.0043 24.9511 2.0000
    endloop
  endfacet
  facet normal -0.980785 0.195090 0.000000
    outer loop
      vertex 0.0170 25.0153 1.0000
      vertex 0.0043 24.9511 2.0000
      vertex 0.0170 25.0153 2.0000
    endloop
  endfacet
  facet normal -0.997859 0.065403 0.000000
    outer loop
      vertex 0.0043 24.9511 1.0000
      vertex 0.0000 24.8859 1.0000
      vertex 0.0000 24.8859 2.0000
    endloop
  endfacet
  facet normal -0.997859 0.065403 0.000000
    outer loop
      vertex 0.0043 24.9511 1.0000
      vertex 0.0000 24.8859 2.0000
      vertex 0.0043 24.9511 2.0000
    endloop
  endfacet
  facet normal -1.000000 0.000000 0.000000
    outer loop
      vertex 0.0000 24.8859 1.0000
      vertex 0.0000 1.9374 1.0000
      vertex 0.0000 1.9374 2.0000
    endloop
  endfacet
  facet normal -1.000000 0.000000 0.000000
    outer loop
      vertex 0.0000 24.8859 1.0000
      vertex 0.0000 1.9374 2.0000
      vertex 0.0000 24.8859 2.0000
    endloop
  endfacet
  facet normal -0.997888 -0.064961 0.000000
    outer loop
      vertex 0.0000 1.9374 1.0000
      vertex 0.0042 1.8726 1.0000
      vertex 0.0042 1.8726 2.0000
    endloop
  endfacet
  facet normal -0.997888 -0.064961 0.000000
    outer loop
      vertex 0.0000 1.9374 1.0000
      vertex 0.0042 1.8726 2.0000
      vertex 0.0000 1.9374 2.0000
    endloop
  endfacet
  facet normal -0.981044 -0.193785 0.000000
    outer loop
      vertex 0.0042 1.8726 1.0000
      vertex 0.0168 1.8089 1.0000
      vertex 0.0168 1.8089 2.0000
    endloop
  endfacet
  facet normal -0.981044 -0.193785 0.000000
    outer loop
      vertex 0.0042 1.8726 1.0000
      vertex 0.0168 1.8089 2.0000
      vertex 0.0042 1.8726 2.0000
    endloop
  endfacet
  facet normal -0.947641 -0.319339 0.000000
    outer loop
      vertex 0.0168 1.8089 1.0000
      vertex 0.0376 1.7473 1.0000
      vertex 0.0376 1.7473 2.0000
    endloop
  endfacet
  facet normal -0.947641 -0.319339 0.000000
    outer loop
      vertex 0.0168 1.8089 1.0000
      vertex 0.0376 1.7473 2.0000
      vertex 0.0168 1.8089 2.0000
    endloop
  endfacet
  facet normal -0.898242 -0.439502 0.000000
    outer loop
      vertex 0.0376 1.7473 1.0000
      vertex 0.0661 1.6890 1.0000
      vertex 0.0661 1.6890 2.0000
    endloop
  endfacet
  facet normal -0.898242 -0.439502 0.000000
    outer loop
      vertex 0.0376 1.7473 1.0000
      vertex 0.0661 1.6890 2.0000
      vertex 0.0376 1.7473 2.0000
    endloop
  endfacet
  facet normal -0.833681 -0.552247 0.000000
    outer loop
      vertex 0.0661 1.6890 1.0000
      vertex 0.1020 1.6348 1.0000
      vertex 0.1020 1.6348 2.0000
    endloop
  endfacet
  facet normal -0.833681 -0.552247 0.000000
    outer loop
      vertex 0.0661 1.6890 1.0000
      vertex 0.1020 1.6348 2.0000
      vertex 0.0661 1.6890 2.0000
    endloop
  endfacet
  facet normal -0.755048 -0.655670 0.000000
    outer loop
      vertex 0.1020 1.6348 1.0000
      vertex 0.1446 1.5857 1.0000
      vertex 0.1446 1.5857 2.0000
    endloop
  endfacet
  facet normal -0.755048 -0.655670 0.000000
    outer loop
      vertex 0.1020 1.6348 1.0000
      vertex 0.1446 1.5857 2.0000
      vertex 0.1020 1.6348 2.0000
    endloop
  endfacet
  facet normal -0.663670 -0.748025 0.000000
    outer loop
      vertex 0.1446 1.5857 1.0000
      vertex 0.1932 1.5426 1.0000
      vertex 0.1932 1.5426 2.0000
    endloop
  endfacet
  facet normal -0.663670 -0.748025 0.000000
    outer loop
      vertex 0.1446 1.5857 1.0000
      vertex 0.1932 1.5426 2.0000
      vertex 0.1446 1.5857 2.0000
    endloop
  endfacet
  facet normal -0.561090 -0.827755 0.000000
    outer loop
      vertex 0.1932 1.5426 1.0000
      vertex 0.2469 1.5062 1.0000
      vertex 0.2469 1.5062 2.0000
    endloop
  endfacet
  facet normal -0.561090 -0.827755 0.000000
    outer loop
      vertex 0.1932 1.5426 1.0000
      vertex 0.2469 1.5062 2.0000
      vertex 0.1932 1.5426 2.0000
    endloop
  endfacet
  facet normal -0.449039 -0.893512 0.000000
    outer loop
      vertex 0.2469 1.5062 1.0000
      vertex 0.3050 1.4770 1.0000
      vertex 0.3050 1.4770 2.0000
    endloop
  endfacet
  facet normal -0.449039 -0.893512 0.000000
    outer loop
      vertex 0.2469 1.5062 1.0000
      vertex 0.3050 1.4770 2.0000
      vertex 0.2469 1.5062 2.0000
    endloop
  endfacet
  facet normal -0.329408 -0.944188 0.000000
    outer loop
      vertex 0.3050 1.4770 1.0000
      vertex 0.3663 1.4556 1.0000
      vertex 0.3663 1.4556 2.0000
    endloop
  endfacet
  facet normal -0.329408 -0.944188 0.000000
    outer loop
      vertex 0.3050 1.4770 1.0000
      vertex 0.3663 1.4556 2.0000
      vertex 0.3050 1.4770 2.0000
    endloop
  endfacet
  facet normal -0.267377 -0.963592 0.000000
    outer loop
      vertex 0.3663 1.4556 1.0000
      vertex 1.1502 1.2381 1.0000
      vertex 1.1502 1.2381 2.0000
    endloop
  endfacet
  facet normal -0.267377 -0.963592 0.000000
    outer loop
      vertex 0.3663 1.4556 1.0000
      vertex 1.1502 1.2381 2.0000
      vertex 0.3663 1.4556 2.0000
    endloop
  endfacet
  facet normal -0.255113 -0.953180 0.162371
    outer loop
      vertex 1.1502 1.2381 2.0000
      vertex 1.1591 1.2357 2.0000
      vertex 1.3834 1.3460 3.0000
    endloop
  endfacet
  facet normal -0.248452 -0.955165 0.161032
    outer loop
      vertex 1.1502 1.2381 2.0000
      vertex 1.3834 1.3460 3.0000
      vertex 1.3746 1.3483 3.0000
    endloop
  endfacet
  facet normal -0.246058 -0.954246 0.169914
    outer loop
      vertex 1.1591 1.2357 2.0000
      vertex 2.4448 0.9042 2.0000
      vertex 2.6631 1.0260 3.0000
    endloop
  endfacet
  facet normal -0.239536 -0.957717 0.159377
    outer loop
      vertex 1.1591 1.2357 2.0000
      vertex 2.6631 1.0260 3.0000
      vertex 1.3834 1.3460 3.0000
    endloop
  endfacet
  facet normal -0.234011 -0.957646 0.167791
    outer loop
      vertex 2.4448 0.9042 2.0000
      vertex 2.4571 0.9012 2.0000
      vertex 2.6754 1.0231 3.0000
    endloop
  endfacet
  facet normal -0.226866 -0.959610 0.166376
    outer loop
      vertex 2.4448 0.9042 2.0000
      vertex 2.6754 1.0231 3.0000
      vertex 2.6631 1.0260 3.0000
    endloop
  endfacet
  facet normal -0.221467 -0.958946 0.177132
    outer loop
      vertex 2.4571 0.9012 2.0000
      vertex 3.9821 0.5490 2.0000
      vertex 4.1916 0.6853 3.0000
    endloop
  endfacet
  facet normal -0.214472 -0.962836 0.164158
    outer loop
      vertex 2.4571 0.9012 2.0000
      vertex 4.1916 0.6853 3.0000
      vertex 2.6754 1.0231 3.0000
    endloop
  endfacet
  facet normal -0.203756 -0.963404 0.174174
    outer loop
      vertex 3.9821 0.5490 2.0000
      vertex 4.0002 0.5452 2.0000
      vertex 4.2097 0.6817 3.0000
    endloop
  endfacet
  facet normal -0.196008 -0.965282 0.172660
    outer loop
      vertex 3.9821 0.5490 2.0000
      vertex 4.2097 0.6817 3.0000
      vertex 4.1916 0.6853 3.0000
    endloop
  endfacet
  facet normal -0.185519 -0.965269 0.183950
    outer loop
      vertex 4.0002 0.5452 2.0000
      vertex 5.6015 0.2374 2.0000
      vertex 5.7996 0.3899 3.0000
    endloop
  endfacet
  facet normal -0.177875 -0.969334 0.169563
    outer loop
      vertex 4.0002 0.5452 2.0000
      vertex 5.7996 0.3899 3.0000
      vertex 4.2097 0.6817 3.0000
    endloop
  endfacet
  facet normal -0.157152 -0.971129 0.179474
    outer loop
      vertex 5.6015 0.2374 2.0000
      vertex 5.6306 0.2327 2.0000
      vertex 5.8285 0.3855 3.0000
    endloop
  endfacet
  facet normal -0.148718 -0.972764 0.177803
    outer loop
      vertex 5.6015 0.2374 2.0000
      vertex 5.8285 0.3855 3.0000
      vertex 5.7996 0.3899 3.0000
    endloop
  endfacet
  facet normal -0.128295 -0.973838 0.187561
    outer loop
      vertex 5.6306 0.2327 2.0000
      vertex 7.1389 0.0340 2.0000
      vertex 7.3239 0.2022 3.0000
    endloop
  endfacet
  facet normal -0.119805 -0.977595 0.173072
    outer loop
      vertex 5.6306 0.2327 2.0000
      vertex 7.3239 0.2022 3.0000
      vertex 5.8285 0.3855 3.0000
    endloop
  endfacet
  facet normal -0.076357 -0.980770 0.179612
    outer loop
      vertex 7.1389 0.0340 2.0000
      vertex 7.1920 0.0299 2.0000
      vertex 7.3765 0.1986 3.0000
    endloop
  endfacet
  facet normal -0.067138 -0.981811 0.177593
    outer loop
      vertex 7.1389 0.0340 2.0000
      vertex 7.3765 0.1986 3.0000
      vertex 7.3239 0.2022 3.0000
    endloop
  endfacet
  facet normal -0.023998 -0.983013 0.181960
    outer loop
      vertex 7.1920 0.0299 2.0000
      vertex 8.4150 0.0000 2.0000
      vertex 8.5876 0.1809 3.0000
    endloop
  endfacet
  facet normal -0.014434 -0.985512 0.168992
    outer loop
      vertex 7.1920 0.0299 2.0000
      vertex 8.5876 0.1809 3.0000
      vertex 7.3765 0.1986 3.0000
    endloop
  endfacet
  facet normal 0.034974 -0.984367 0.172620
    outer loop
      vertex 8.4150 0.0000 2.0000
      vertex 8.4749 0.0021 2.0000
      vertex 8.6468 0.1836 3.0000
    endloop
  endfacet
  facet normal 0.044946 -0.984365 0.170308
    outer loop
      vertex 8.4150 0.0000 2.0000
      vertex 8.6468 0.1836 3.0000
      vertex 8.5876 0.1809 3.0000
    endloop
  endfacet
  facet normal 0.152949 -0.976554 0.151491
    outer loop
      vertex 8.4749 0.0021 2.0000
      vertex 8.5340 0.0114 2.0000
      vertex 8.7054 0.1934 3.0000
    endloop
  endfacet
  facet normal 0.162577 -0.975374 0.149046
    outer loop
      vertex 8.4749 0.0021 2.0000
      vertex 8.7054 0.1934 3.0000
      vertex 8.6468 0.1836 3.0000
    endloop
  endfacet
  facet normal 0.211331 -0.966437 0.146077
    outer loop
      vertex 8.5340 0.0114 2.0000
      vertex 9.1882 0.1545 2.0000
      vertex 9.3538 0.3418 3.0000
    endloop
  endfacet
  facet normal 0.221037 -0.965480 0.137805
    outer loop
      vertex 8.5340 0.0114 2.0000
      vertex 9.3538 0.3418 3.0000
      vertex 8.7054 0.1934 3.0000
    endloop
  endfacet
  facet normal 0.278835 -0.951127 0.132695
    outer loop
      vertex 9.1882 0.1545 2.0000
      vertex 9.2553 0.1741 2.0000
      vertex 9.4202 0.3620 3.0000
    endloop
  endfacet
  facet normal 0.288051 -0.948741 0.130062
    outer loop
      vertex 9.1882 0.1545 2.0000
      vertex 9.4202 0.3620 3.0000
      vertex 9.3538 0.3418 3.0000
    endloop
  endfacet
  facet normal 0.410078 -0.906197 0.103163
    outer loop
      vertex 9.2553 0.1741 2.0000
      vertex 9.3189 0.2029 2.0000
      vertex 9.4834 0.3912 3.0000
    endloop
  endfacet
  facet normal 0.417441 -0.903095 0.100810
    outer loop
      vertex 9.2553 0.1741 2.0000
      vertex 9.4834 0.3912 3.0000
      vertex 9.4202 0.3620 3.0000
    endloop
  endfacet
  facet normal 0.533832 -0.842585 0.071237
    outer loop
      vertex 9.3189 0.2029 2.0000
      vertex 9.3779 0.2403 2.0000
      vertex 9.5420 0.4288 3.0000
    endloop
  endfacet
  facet normal 0.538812 -0.839559 0.069442
    outer loop
      vertex 9.3189 0.2029 2.0000
      vertex 9.5420 0.4288 3.0000
      vertex 9.4834 0.3912 3.0000
    endloop
  endfacet
  facet normal 0.647208 -0.761388 0.037538
    outer loop
      vertex 9.3779 0.2403 2.0000
      vertex 9.4311 0.2855 2.0000
      vertex 9.5951 0.4742 3.0000
    endloop
  endfacet
  facet normal 0.649653 -0.759353 0.036531
    outer loop
      vertex 9.3779 0.2403 2.0000
      vertex 9.5951 0.4742 3.0000
      vertex 9.5420 0.4288 3.0000
    endloop
  endfacet
  facet normal 0.747501 -0.664255 0.002778
    outer loop
      vertex 9.4311 0.2855 2.0000
      vertex 9.4775 0.3377 2.0000
      vertex 9.6414 0.5264 3.0000
    endloop
  endfacet
  facet normal 0.747660 -0.664076 0.002702
    outer loop
      vertex 9.4311 0.2855 2.0000
      vertex 9.6414 0.5264 3.0000
      vertex 9.5951 0.4742 3.0000
    endloop
  endfacet
  facet normal 0.791980 -0.610368 -0.014804
    outer loop
      vertex 9.4775 0.3377 2.0000
      vertex 9.5347 0.4120 2.0000
      vertex 9.6988 0.6006 3.0000
    endloop
  endfacet
  facet normal 0.791202 -0.611386 -0.014364
    outer loop
      vertex 9.4775 0.3377 2.0000
      vertex 9.6988 0.6006 3.0000
      vertex 9.6414 0.5264 3.0000
    endloop
  endfacet
  facet normal 0.828318 -0.559425 -0.030541
    outer loop
      vertex 9.5347 0.4120 2.0000
      vertex 9.5697 0.4638 2.0000
      vertex 9.7339 0.6523 3.0000
    endloop
  endfacet
  facet normal 0.826852 -0.561633 -0.029718
    outer loop
      vertex 9.5347 0.4120 2.0000
      vertex 9.7339 0.6523 3.0000
      vertex 9.6988 0.6006 3.0000
    endloop
  endfacet
  facet normal 0.890420 -0.450963 -0.061513
    outer loop
      vertex 9.5697 0.4638 2.0000
      vertex 9.5980 0.5196 2.0000
      vertex 9.7624 0.7079 3.0000
    endloop
  endfacet
  facet normal 0.888124 -0.455682 -0.059919
    outer loop
      vertex 9.5697 0.4638 2.0000
      vertex 9.7624 0.7079 3.0000
      vertex 9.7339 0.6523 3.0000
    endloop
  endfacet
  facet normal 0.937599 -0.335466 -0.091490
    outer loop
      vertex 9.5980 0.5196 2.0000
      vertex 9.6191 0.5785 2.0000
      vertex 9.7839 0.7665 3.0000
    endloop
  endfacet
  facet normal 0.935220 -0.342626 -0.089280
    outer loop
      vertex 9.5980 0.5196 2.0000
      vertex 9.7839 0.7665 3.0000
      vertex 9.7624 0.7079 3.0000
    endloop
  endfacet
  facet normal 0.969203 -0.215101 -0.119908
    outer loop
      vertex 9.6191 0.5785 2.0000
      vertex 9.6326 0.6396 2.0000
      vertex 9.7980 0.8271 3.0000
    endloop
  endfacet
  facet normal 0.967431 -0.224316 -0.117300
    outer loop
      vertex 9.6191 0.5785 2.0000
      vertex 9.7980 0.8271 3.0000
      vertex 9.7839 0.7665 3.0000
    endloop
  endfacet
  facet normal 0.984956 -0.092057 -0.146245
    outer loop
      vertex 9.6326 0.6396 2.0000
      vertex 9.6384 0.7019 2.0000
      vertex 9.8044 0.8889 3.0000
    endloop
  endfacet
  facet normal 0.984312 -0.102666 -0.143490
    outer loop
      vertex 9.6326 0.6396 2.0000
      vertex 9.8044 0.8889 3.0000
      vertex 9.7980 0.8271 3.0000
    endloop
  endfacet
  facet normal 0.984932 0.031540 -0.170041
    outer loop
      vertex 9.6384 0.7019 2.0000
      vertex 9.6364 0.7644 2.0000
      vertex 9.8031 0.9508 3.0000
    endloop
  endfacet
  facet normal 0.985680 0.020385 -0.167389
    outer loop
      vertex 9.6384 0.7019 2.0000
      vertex 9.8031 0.9508 3.0000
      vertex 9.8044 0.8889 3.0000
    endloop
  endfacet
  facet normal 0.969502 0.153689 -0.190907
    outer loop
      vertex 9.6364 0.7644 2.0000
      vertex 9.6267 0.8262 2.0000
      vertex 9.7941 1.0118 3.0000
    endloop
  endfacet
  facet normal 0.971606 0.142906 -0.188571
    outer loop
      vertex 9.6364 0.7644 2.0000
      vertex 9.7941 1.0118 3.0000
      vertex 9.8031 0.9508 3.0000
    endloop
  endfacet
  facet normal 0.939272 0.272554 -0.208523
    outer loop
      vertex 9.6267 0.8262 2.0000
      vertex 9.6092 0.8863 2.0000
      vertex 9.7776 1.0711 3.0000
    endloop
  endfacet
  facet normal 0.942402 0.263006 -0.206657
    outer loop
      vertex 9.6267 0.8262 2.0000
      vertex 9.7776 1.0711 3.0000
      vertex 9.7941 1.0118 3.0000
    endloop
  endfacet
  facet normal 0.917844 0.329870 -0.220789
    outer loop
      vertex 9.6092 0.8863 2.0000
      vertex 9.4091 1.4432 2.0000
      vertex 9.5862 1.6196 3.0000
    endloop
  endfacet
  facet normal 0.922157 0.321743 -0.214730
    outer loop
      vertex 9.6092 0.8863 2.0000
      vertex 9.5862 1.6196 3.0000
      vertex 9.7776 1.0711 3.0000
    endloop
  endfacet
  facet normal 0.912235 0.344026 -0.222425
    outer loop
      vertex 9.4091 1.4432 2.0000
      vertex 9.4036 1.4578 2.0000
      vertex 9.5809 1.6340 3.0000
    endloop
  endfacet
  facet normal 0.915450 0.336022 -0.221450
    outer loop
      vertex 9.4091 1.4432 2.0000
      vertex 9.5809 1.6340 3.0000
      vertex 9.5862 1.6196 3.0000
    endloop
  endfacet
  facet normal 0.904838 0.357467 -0.231271
    outer loop
      vertex 9.4036 1.4578 2.0000
      vertex 9.0259 2.4139 2.0000
      vertex 9.2185 2.5732 3.0000
    endloop
  endfacet
  facet normal 0.909422 0.350941 -0.223144
    outer loop
      vertex 9.4036 1.4578 2.0000
      vertex 9.2185 2.5732 3.0000
      vertex 9.5809 1.6340 3.0000
    endloop
  endfacet
  facet normal 0.916071 0.329205 -0.228994
    outer loop
      vertex 9.0259 2.4139 2.0000
      vertex 9.0231 2.4217 2.0000
      vertex 9.2158 2.5809 3.0000
    endloop
  endfacet
  facet normal 0.918770 0.322078 -0.228316
    outer loop
      vertex 9.0259 2.4139 2.0000
      vertex 9.2158 2.5809 3.0000
      vertex 9.2185 2.5732 3.0000
    endloop
  endfacet
  facet normal 0.944682 0.242477 -0.220866
    outer loop
      vertex 9.0231 2.4217 2.0000
      vertex 9.0185 2.4392 2.0000
      vertex 9.2116 2.5981 3.0000
    endloop
  endfacet
  facet normal 0.947165 0.233623 -0.219772
    outer loop
      vertex 9.0231 2.4217 2.0000
      vertex 9.2116 2.5981 3.0000
      vertex 9.2158 2.5809 3.0000
    endloop
  endfacet
  facet normal 0.970545 0.123198 -0.207038
    outer loop
      vertex 9.0185 2.4392 2.0000
      vertex 9.0170 2.4515 2.0000
      vertex 9.2102 2.6102 3.0000
    endloop
  endfacet
  facet normal 0.972163 0.112514 -0.205522
    outer loop
      vertex 9.0185 2.4392 2.0000
      vertex 9.2102 2.6102 3.0000
      vertex 9.2116 2.5981 3.0000
    endloop
  endfacet
  facet normal 0.981783 0.001248 -0.190001
    outer loop
      vertex 9.0170 2.4515 2.0000
      vertex 9.0170 2.4639 2.0000
      vertex 9.2103 2.6224 3.0000
    endloop
  endfacet
  facet normal 0.982103 -0.010511 -0.188053
    outer loop
      vertex 9.0170 2.4515 2.0000
      vertex 9.2103 2.6224 3.0000
      vertex 9.2102 2.6102 3.0000
    endloop
  endfacet
  facet normal 0.977913 -0.121608 -0.169994
    outer loop
      vertex 9.0170 2.4639 2.0000
      vertex 9.0192 2.4819 2.0000
      vertex 9.2127 2.6402 3.0000
    endloop
  endfacet
  facet normal 0.976756 -0.133559 -0.167661
    outer loop
      vertex 9.0170 2.4639 2.0000
      vertex 9.2127 2.6402 3.0000
      vertex 9.2103 2.6224 3.0000
    endloop
  endfacet
  facet normal 0.964939 -0.213210 -0.153081
    outer loop
      vertex 9.0192 2.4819 2.0000
      vertex 9.0210 2.4901 2.0000
      vertex 9.2146 2.6482 3.0000
    endloop
  endfacet
  facet normal 0.962699 -0.224701 -0.150733
    outer loop
      vertex 9.0192 2.4819 2.0000
      vertex 9.2146 2.6482 3.0000
      vertex 9.2127 2.6402 3.0000
    endloop
  endfacet
  facet normal 0.957368 -0.243141 -0.155974
    outer loop
      vertex 9.0210 2.4901 2.0000
      vertex 9.2092 3.2311 2.0000
      vertex 9.4100 3.3801 3.0000
    endloop
  endfacet
  facet normal 0.955998 -0.255201 -0.144708
    outer loop
      vertex 9.0210 2.4901 2.0000
      vertex 9.4100 3.3801 3.0000
      vertex 9.2146 2.6482 3.0000
    endloop
  endfacet
  facet normal 0.950370 -0.272405 -0.150309
    outer loop
      vertex 9.2092 3.2311 2.0000
      vertex 9.2114 3.2389 2.0000
      vertex 9.4123 3.3878 3.0000
    endloop
  endfacet
  facet normal 0.947255 -0.284363 -0.147803
    outer loop
      vertex 9.2092 3.2311 2.0000
      vertex 9.4123 3.3878 3.0000
      vertex 9.4100 3.3801 3.0000
    endloop
  endfacet
  facet normal 0.923964 -0.358856 -0.132337
    outer loop
      vertex 9.2114 3.2389 2.0000
      vertex 9.2178 3.2554 2.0000
      vertex 9.4188 3.4041 3.0000
    endloop
  endfacet
  facet normal 0.920035 -0.369739 -0.129725
    outer loop
      vertex 9.2114 3.2389 2.0000
      vertex 9.4188 3.4041 3.0000
      vertex 9.4123 3.3878 3.0000
    endloop
  endfacet
  facet normal 0.876295 -0.469886 -0.106367
    outer loop
      vertex 9.2178 3.2554 2.0000
      vertex 9.2235 3.2660 2.0000
      vertex 9.4246 3.4146 3.0000
    endloop
  endfacet
  facet normal 0.871779 -0.478727 -0.104026
    outer loop
      vertex 9.2178 3.2554 2.0000
      vertex 9.4246 3.4146 3.0000
      vertex 9.4188 3.4041 3.0000
    endloop
  endfacet
  facet normal 0.814852 -0.574316 -0.078590
    outer loop
      vertex 9.2235 3.2660 2.0000
      vertex 9.2305 3.2759 2.0000
      vertex 9.4316 3.4244 3.0000
    endloop
  endfacet
  facet normal 0.810519 -0.580671 -0.076682
    outer loop
      vertex 9.2235 3.2660 2.0000
      vertex 9.4316 3.4244 3.0000
      vertex 9.4246 3.4146 3.0000
    endloop
  endfacet
  facet normal 0.740459 -0.670279 -0.049466
    outer loop
      vertex 9.2305 3.2759 2.0000
      vertex 9.2424 3.2890 2.0000
      vertex 9.4435 3.4374 3.0000
    endloop
  endfacet
  facet normal 0.737143 -0.674019 -0.048155
    outer loop
      vertex 9.2305 3.2759 2.0000
      vertex 9.4435 3.4374 3.0000
      vertex 9.4316 3.4244 3.0000
    endloop
  endfacet
  facet normal 0.676839 -0.735637 -0.026989
    outer loop
      vertex 9.2424 3.2890 2.0000
      vertex 9.2483 3.2945 2.0000
      vertex 9.4495 3.4429 3.0000
    endloop
  endfacet
  facet normal 0.674812 -0.737522 -0.026279
    outer loop
      vertex 9.2424 3.2890 2.0000
      vertex 9.4495 3.4429 3.0000
      vertex 9.4435 3.4374 3.0000
    endloop
  endfacet
  facet normal 0.654230 -0.755999 -0.021183
    outer loop
      vertex 9.2483 3.2945 2.0000
      vertex 9.8607 3.8244 2.0000
      vertex 10.0629 3.9714 3.0000
    endloop
  endfacet
  facet normal 0.652610 -0.757459 -0.018876
    outer loop
      vertex 9.2483 3.2945 2.0000
      vertex 10.0629 3.9714 3.0000
      vertex 9.4495 3.4429 3.0000
    endloop
  endfacet
  facet normal 0.630568 -0.776018 -0.013468
    outer loop
      vertex 9.8607 3.8244 2.0000
      vertex 9.8671 3.8296 2.0000
      vertex 10.0693 3.9766 3.0000
    endloop
  endfacet
  facet normal 0.629395 -0.776976 -0.013078
    outer loop
      vertex 9.8607 3.8244 2.0000
      vertex 10.0693 3.9766 3.0000
      vertex 10.0629 3.9714 3.0000
    endloop
  endfacet
  facet normal 0.555800 -0.831258 0.009791
    outer loop
      vertex 9.8671 3.8296 2.0000
      vertex 9.8821 3.8396 2.0000
      vertex 10.0843 3.9866 3.0000
    endloop
  endfacet
  facet normal 0.556718 -0.830647 0.009496
    outer loop
      vertex 9.8671 3.8296 2.0000
      vertex 10.0843 3.9866 3.0000
      vertex 10.0693 3.9766 3.0000
    endloop
  endfacet
  facet normal 0.448370 -0.892923 0.040661
    outer loop
      vertex 9.8821 3.8396 2.0000
      vertex 9.8981 3.8477 2.0000
      vertex 10.1003 3.9947 3.0000
    endloop
  endfacet
  facet normal 0.452440 -0.890921 0.039463
    outer loop
      vertex 9.8821 3.8396 2.0000
      vertex 10.1003 3.9947 3.0000
      vertex 10.0843 3.9866 3.0000
    endloop
  endfacet
  facet normal 0.363080 -0.929601 0.063356
    outer loop
      vertex 9.8981 3.8477 2.0000
      vertex 9.9058 3.8507 2.0000
      vertex 10.1080 3.9978 3.0000
    endloop
  endfacet
  facet normal 0.369583 -0.927152 0.061624
    outer loop
      vertex 9.8981 3.8477 2.0000
      vertex 10.1080 3.9978 3.0000
      vertex 10.1003 3.9947 3.0000
    endloop
  endfacet
  facet normal 0.333723 -0.939368 0.078844
    outer loop
      vertex 9.9058 3.8507 2.0000
      vertex 10.8035 4.1696 2.0000
      vertex 11.0005 4.3235 3.0000
    endloop
  endfacet
  facet normal 0.342018 -0.937177 0.068728
    outer loop
      vertex 9.9058 3.8507 2.0000
      vertex 11.0005 4.3235 3.0000
      vertex 10.1080 3.9978 3.0000
    endloop
  endfacet
  facet normal 0.305284 -0.948378 0.085914
    outer loop
      vertex 10.8035 4.1696 2.0000
      vertex 10.8111 4.1720 2.0000
      vertex 11.0080 4.3260 3.0000
    endloop
  endfacet
  facet normal 0.315064 -0.945395 0.083447
    outer loop
      vertex 10.8035 4.1696 2.0000
      vertex 11.0080 4.3260 3.0000
      vertex 11.0005 4.3235 3.0000
    endloop
  endfacet
  facet normal 0.218575 -0.969981 0.106596
    outer loop
      vertex 10.8111 4.1720 2.0000
      vertex 10.8334 4.1771 2.0000
      vertex 11.0301 4.3313 3.0000
    endloop
  endfacet
  facet normal 0.230578 -0.967526 0.103576
    outer loop
      vertex 10.8111 4.1720 2.0000
      vertex 11.0301 4.3313 3.0000
      vertex 11.0080 4.3260 3.0000
    endloop
  endfacet
  facet normal 0.130417 -0.983405 0.126122
    outer loop
      vertex 10.8334 4.1771 2.0000
      vertex 10.8413 4.1781 2.0000
      vertex 11.0379 4.3324 3.0000
    endloop
  endfacet
  facet normal 0.144215 -0.981865 0.123060
    outer loop
      vertex 10.8334 4.1771 2.0000
      vertex 11.0379 4.3324 3.0000
      vertex 11.0301 4.3313 3.0000
    endloop
  endfacet
  facet normal 0.100617 -0.983813 0.148284
    outer loop
      vertex 10.8413 4.1781 2.0000
      vertex 11.8835 4.2847 2.0000
      vertex 12.0672 4.4542 3.0000
    endloop
  endfacet
  facet normal 0.116506 -0.984768 0.129068
    outer loop
      vertex 10.8413 4.1781 2.0000
      vertex 12.0672 4.4542 3.0000
      vertex 11.0379 4.3324 3.0000
    endloop
  endfacet
  facet normal 0.075462 -0.985298 0.153274
    outer loop
      vertex 11.8835 4.2847 2.0000
      vertex 11.8903 4.2852 2.0000
      vertex 12.0739 4.4548 3.0000
    endloop
  endfacet
  facet normal 0.092810 -0.984349 0.149809
    outer loop
      vertex 11.8835 4.2847 2.0000
      vertex 12.0739 4.4548 3.0000
      vertex 12.0672 4.4542 3.0000
    endloop
  endfacet
  facet normal 0.000000 -0.985860 0.167570
    outer loop
      vertex 11.8903 4.2852 2.0000
      vertex 11.9097 4.2852 2.0000
      vertex 12.0931 4.4552 3.0000
    endloop
  endfacet
  facet normal 0.017832 -0.986295 0.164027
    outer loop
      vertex 11.8903 4.2852 2.0000
      vertex 12.0931 4.4552 3.0000
      vertex 12.0739 4.4548 3.0000
    endloop
  endfacet
  facet normal -0.075109 -0.980688 0.180579
    outer loop
      vertex 11.9097 4.2852 2.0000
      vertex 11.9165 4.2847 2.0000
      vertex 12.0997 4.4548 3.0000
    endloop
  endfacet
  facet normal -0.057328 -0.982450 0.177500
    outer loop
      vertex 11.9097 4.2852 2.0000
      vertex 12.0997 4.4548 3.0000
      vertex 12.0931 4.4552 3.0000
    endloop
  endfacet
  facet normal -0.099633 -0.974188 0.202561
    outer loop
      vertex 11.9165 4.2847 2.0000
      vertex 12.9587 4.1781 2.0000
      vertex 13.1195 4.3696 3.0000
    endloop
  endfacet
  facet normal -0.081878 -0.979941 0.181692
    outer loop
      vertex 11.9165 4.2847 2.0000
      vertex 13.1195 4.3696 3.0000
      vertex 12.0997 4.4548 3.0000
    endloop
  endfacet
  facet normal -0.128631 -0.969944 0.206548
    outer loop
      vertex 12.9587 4.1781 2.0000
      vertex 12.9666 4.1771 2.0000
      vertex 13.1271 4.3687 3.0000
    endloop
  endfacet
  facet normal -0.110896 -0.972653 0.204078
    outer loop
      vertex 12.9587 4.1781 2.0000
      vertex 13.1271 4.3687 3.0000
      vertex 13.1195 4.3696 3.0000
    endloop
  endfacet
  facet normal -0.214574 -0.952227 0.217305
    outer loop
      vertex 12.9666 4.1771 2.0000
      vertex 12.9889 4.1720 2.0000
      vertex 13.1489 4.3642 3.0000
    endloop
  endfacet
  facet normal -0.198915 -0.956102 0.215177
    outer loop
      vertex 12.9666 4.1771 2.0000
      vertex 13.1489 4.3642 3.0000
      vertex 13.1271 4.3687 3.0000
    endloop
  endfacet
  facet normal -0.298486 -0.927262 0.226031
    outer loop
      vertex 12.9889 4.1720 2.0000
      vertex 12.9965 4.1696 2.0000
      vertex 13.1562 4.3620 3.0000
    endloop
  endfacet
  facet normal -0.285453 -0.931682 0.224691
    outer loop
      vertex 12.9889 4.1720 2.0000
      vertex 13.1562 4.3620 3.0000
      vertex 13.1489 4.3642 3.0000
    endloop
  endfacet
  facet normal -0.325161 -0.915269 0.237807
    outer loop
      vertex 12.9965 4.1696 2.0000
      vertex 13.8942 3.8507 2.0000
      vertex 14.0238 4.0645 3.0000
    endloop
  endfacet
  facet normal -0.315840 -0.921106 0.227618
    outer loop
      vertex 12.9965 4.1696 2.0000
      vertex 14.0238 4.0645 3.0000
      vertex 13.1562 4.3620 3.0000
    endloop
  endfacet
  facet normal -0.353251 -0.904435 0.239188
    outer loop
      vertex 13.8942 3.8507 2.0000
      vertex 13.9019 3.8477 2.0000
      vertex 14.0312 4.0616 3.0000
    endloop
  endfacet
  facet normal -0.346732 -0.907045 0.238845
    outer loop
      vertex 13.8942 3.8507 2.0000
      vertex 14.0312 4.0616 3.0000
      vertex 14.0238 4.0645 3.0000
    endloop
  endfacet
  facet normal -0.435416 -0.867124 0.241887
    outer loop
      vertex 13.9019 3.8477 2.0000
      vertex 13.9179 3.8396 2.0000
      vertex 14.0466 4.0539 3.0000
    endloop
  endfacet
  facet normal -0.432575 -0.868575 0.241775
    outer loop
      vertex 13.9019 3.8477 2.0000
      vertex 14.0466 4.0539 3.0000
      vertex 14.0312 4.0616 3.0000
    endloop
  endfacet
  facet normal -0.539273 -0.806541 0.242232
    outer loop
      vertex 13.9179 3.8396 2.0000
      vertex 13.9329 3.8296 2.0000
      vertex 14.0610 4.0443 3.0000
    endloop
  endfacet
  facet normal -0.541002 -0.805379 0.242242
    outer loop
      vertex 13.9179 3.8396 2.0000
      vertex 14.0610 4.0443 3.0000
      vertex 14.0466 4.0539 3.0000
    endloop
  endfacet
  facet normal -0.612176 -0.753384 0.240108
    outer loop
      vertex 13.9329 3.8296 2.0000
      vertex 13.9393 3.8244 2.0000
      vertex 14.0671 4.0393 3.0000
    endloop
  endfacet
  facet normal -0.616817 -0.749641 0.239946
    outer loop
      vertex 13.9329 3.8296 2.0000
      vertex 14.0671 4.0393 3.0000
      vertex 14.0610 4.0443 3.0000
    endloop
  endfacet
  facet normal -0.636523 -0.735538 0.231997
    outer loop
      vertex 13.9393 3.8244 2.0000
      vertex 14.5517 3.2945 2.0000
      vertex 14.6511 3.5239 3.0000
    endloop
  endfacet
  facet normal -0.642612 -0.728105 0.238565
    outer loop
      vertex 13.9393 3.8244 2.0000
      vertex 14.6511 3.5239 3.0000
      vertex 14.0671 4.0393 3.0000
    endloop
  endfacet
  facet normal -0.658981 -0.716227 0.229702
    outer loop
      vertex 14.5517 3.2945 2.0000
      vertex 14.5576 3.2890 2.0000
      vertex 14.6568 3.5185 3.0000
    endloop
  endfacet
  facet normal -0.668278 -0.707852 0.228803
    outer loop
      vertex 14.5517 3.2945 2.0000
      vertex 14.6568 3.5185 3.0000
      vertex 14.6511 3.5239 3.0000
    endloop
  endfacet
  facet normal -0.722935 -0.654416 0.221596
    outer loop
      vertex 14.5576 3.2890 2.0000
      vertex 14.5695 3.2759 2.0000
      vertex 14.6680 3.5056 3.0000
    endloop
  endfacet
  facet normal -0.733258 -0.643267 0.220320
    outer loop
      vertex 14.5576 3.2890 2.0000
      vertex 14.6680 3.5056 3.0000
      vertex 14.6568 3.5185 3.0000
    endloop
  endfacet
  facet normal -0.799497 -0.563493 0.208039
    outer loop
      vertex 14.5695 3.2759 2.0000
      vertex 14.5765 3.2660 2.0000
      vertex 14.6746 3.4959 3.0000
    endloop
  endfacet
  facet normal -0.810043 -0.549009 0.205960
    outer loop
      vertex 14.5695 3.2759 2.0000
      vertex 14.6746 3.4959 3.0000
      vertex 14.6680 3.5056 3.0000
    endloop
  endfacet
  facet normal -0.865014 -0.463837 0.191327
    outer loop
      vertex 14.5765 3.2660 2.0000
      vertex 14.5822 3.2554 2.0000
      vertex 14.6800 3.4854 3.0000
    endloop
  endfacet
  facet normal -0.874540 -0.446789 0.188572
    outer loop
      vertex 14.5765 3.2660 2.0000
      vertex 14.6800 3.4854 3.0000
      vertex 14.6746 3.4959 3.0000
    endloop
  endfacet
  facet normal -0.918345 -0.356674 0.171543
    outer loop
      vertex 14.5822 3.2554 2.0000
      vertex 14.5886 3.2389 2.0000
      vertex 14.6859 3.4691 3.0000
    endloop
  endfacet
  facet normal -0.925884 -0.338213 0.168379
    outer loop
      vertex 14.5822 3.2554 2.0000
      vertex 14.6859 3.4691 3.0000
      vertex 14.6800 3.4854 3.0000
    endloop
  endfacet
  facet normal -0.949675 -0.272206 0.154989
    outer loop
      vertex 14.5886 3.2389 2.0000
      vertex 14.5908 3.2311 2.0000
      vertex 14.6880 3.4614 3.0000
    endloop
  endfacet
  facet normal -0.955381 -0.253612 0.151418
    outer loop
      vertex 14.5886 3.2389 2.0000
      vertex 14.6880 3.4614 3.0000
      vertex 14.6859 3.4691 3.0000
    endloop
  endfacet
  facet normal -0.960223 -0.243866 0.136015
    outer loop
      vertex 14.5908 3.2311 2.0000
      vertex 14.7790 2.4901 2.0000
      vertex 14.8606 2.7263 3.0000
    endloop
  endfacet
  facet normal -0.963117 -0.226221 0.145703
    outer loop
      vertex 14.5908 3.2311 2.0000
      vertex 14.8606 2.7263 3.0000
      vertex 14.6880 3.4614 3.0000
    endloop
  endfacet
  facet normal -0.968230 -0.213937 0.129465
    outer loop
      vertex 14.7790 2.4901 2.0000
      vertex 14.7808 2.4819 2.0000
      vertex 14.8623 2.7183 3.0000
    endloop
  endfacet
  facet normal -0.971982 -0.198299 0.126208
    outer loop
      vertex 14.7790 2.4901 2.0000
      vertex 14.8623 2.7183 3.0000
      vertex 14.8606 2.7263 3.0000
    endloop
  endfacet
  facet normal -0.986431 -0.122667 0.109121
    outer loop
      vertex 14.7808 2.4819 2.0000
      vertex 14.7830 2.4639 2.0000
      vertex 14.8643 2.7004 3.0000
    endloop
  endfacet
  facet normal -0.988397 -0.108583 0.106208
    outer loop
      vertex 14.7808 2.4819 2.0000
      vertex 14.8643 2.7004 3.0000
      vertex 14.8623 2.7183 3.0000
    endloop
  endfacet
  facet normal -0.996752 0.001267 0.080520
    outer loop
      vertex 14.7830 2.4639 2.0000
      vertex 14.7830 2.4515 2.0000
      vertex 14.8641 2.6880 3.0000
    endloop
  endfacet
  facet normal -0.996873 0.012259 0.078067
    outer loop
      vertex 14.7830 2.4639 2.0000
      vertex 14.8641 2.6880 3.0000
      vertex 14.8643 2.7004 3.0000
    endloop
  endfacet
  facet normal -0.990774 0.125765 0.050506
    outer loop
      vertex 14.7830 2.4515 2.0000
      vertex 14.7815 2.4392 2.0000
      vertex 14.8625 2.6758 3.0000
    endloop
  endfacet
  facet normal -0.989935 0.132822 0.048857
    outer loop
      vertex 14.7830 2.4515 2.0000
      vertex 14.8625 2.6758 3.0000
      vertex 14.8641 2.6880 3.0000
    endloop
  endfacet
  facet normal -0.968416 0.248569 0.019599
    outer loop
      vertex 14.7815 2.4392 2.0000
      vertex 14.7769 2.4217 2.0000
      vertex 14.8579 2.6582 3.0000
    endloop
  endfacet
  facet normal -0.967728 0.251282 0.018952
    outer loop
      vertex 14.7815 2.4392 2.0000
      vertex 14.8579 2.6582 3.0000
      vertex 14.8625 2.6758 3.0000
    endloop
  endfacet
  facet normal -0.941071 0.338189 -0.003808
    outer loop
      vertex 14.7769 2.4217 2.0000
      vertex 14.7741 2.4139 2.0000
      vertex 14.8551 2.6504 3.0000
    endloop
  endfacet
  facet normal -0.941255 0.337677 -0.003677
    outer loop
      vertex 14.7769 2.4217 2.0000
      vertex 14.8551 2.6504 3.0000
      vertex 14.8579 2.6582 3.0000
    endloop
  endfacet
  facet normal -0.930004 0.367409 -0.010131
    outer loop
      vertex 14.7741 2.4139 2.0000
      vertex 14.3964 1.4578 2.0000
      vertex 14.4788 1.6939 3.0000
    endloop
  endfacet
  facet normal -0.930523 0.366061 -0.011255
    outer loop
      vertex 14.7741 2.4139 2.0000
      vertex 14.4788 1.6939 3.0000
      vertex 14.8551 2.6504 3.0000
    endloop
  endfacet
  facet normal -0.935656 0.352858 -0.006219
    outer loop
      vertex 14.3964 1.4578 2.0000
      vertex 14.3909 1.4432 2.0000
      vertex 14.4733 1.6793 3.0000
    endloop
  endfacet
  facet normal -0.935930 0.352135 -0.006038
    outer loop
      vertex 14.3964 1.4578 2.0000
      vertex 14.4733 1.6793 3.0000
      vertex 14.4788 1.6939 3.0000
    endloop
  endfacet
  facet normal -0.941066 0.338216 -0.002158
    outer loop
      vertex 14.3909 1.4432 2.0000
      vertex 14.1908 0.8863 2.0000
      vertex 14.2733 1.1223 3.0000
    endloop
  endfacet
  facet normal -0.941157 0.337963 -0.002250
    outer loop
      vertex 14.3909 1.4432 2.0000
      vertex 14.2733 1.1223 3.0000
      vertex 14.4733 1.6793 3.0000
    endloop
  endfacet
  facet normal -0.960298 0.278655 0.013388
    outer loop
      vertex 14.1908 0.8863 2.0000
      vertex 14.1733 0.8262 2.0000
      vertex 14.2558 1.0622 3.0000
    endloop
  endfacet
  facet normal -0.959869 0.280141 0.013098
    outer loop
      vertex 14.1908 0.8863 2.0000
      vertex 14.2558 1.0622 3.0000
      vertex 14.2733 1.1223 3.0000
    endloop
  endfacet
  facet normal -0.986706 0.156416 0.044103
    outer loop
      vertex 14.1733 0.8262 2.0000
      vertex 14.1636 0.7644 2.0000
      vertex 14.2457 1.0006 3.0000
    endloop
  endfacet
  facet normal -0.985952 0.161349 0.043189
    outer loop
      vertex 14.1733 0.8262 2.0000
      vertex 14.2457 1.0006 3.0000
      vertex 14.2558 1.0622 3.0000
    endloop
  endfacet
  facet normal -0.996760 0.031919 0.073823
    outer loop
      vertex 14.1636 0.7644 2.0000
      vertex 14.1616 0.7019 2.0000
      vertex 14.2432 0.9382 3.0000
    endloop
  endfacet
  facet normal -0.996574 0.039978 0.072408
    outer loop
      vertex 14.1636 0.7644 2.0000
      vertex 14.2432 0.9382 3.0000
      vertex 14.2457 1.0006 3.0000
    endloop
  endfacet
  facet normal -0.990461 -0.092571 0.102066
    outer loop
      vertex 14.1616 0.7019 2.0000
      vertex 14.1674 0.6396 2.0000
      vertex 14.2483 0.8762 3.0000
    endloop
  endfacet
  facet normal -0.991566 -0.082039 0.100327
    outer loop
      vertex 14.1616 0.7019 2.0000
      vertex 14.2483 0.8762 3.0000
      vertex 14.2432 0.9382 3.0000
    endloop
  endfacet
  facet normal -0.968163 -0.214870 0.128417
    outer loop
      vertex 14.1674 0.6396 2.0000
      vertex 14.1809 0.5785 2.0000
      vertex 14.2610 0.8154 3.0000
    endloop
  endfacet
  facet normal -0.971018 -0.202753 0.126554
    outer loop
      vertex 14.1674 0.6396 2.0000
      vertex 14.2610 0.8154 3.0000
      vertex 14.2483 0.8762 3.0000
    endloop
  endfacet
  facet normal -0.930532 -0.332937 0.152526
    outer loop
      vertex 14.1809 0.5785 2.0000
      vertex 14.2020 0.5196 2.0000
      vertex 14.2811 0.7568 3.0000
    endloop
  endfacet
  facet normal -0.935267 -0.320240 0.150737
    outer loop
      vertex 14.1809 0.5785 2.0000
      vertex 14.2811 0.7568 3.0000
      vertex 14.2610 0.8154 3.0000
    endloop
  endfacet
  facet normal -0.878483 -0.444918 0.174115
    outer loop
      vertex 14.2020 0.5196 2.0000
      vertex 14.2303 0.4638 2.0000
      vertex 14.3082 0.7014 3.0000
    endloop
  endfacet
  facet normal -0.884901 -0.432633 0.172564
    outer loop
      vertex 14.2020 0.5196 2.0000
      vertex 14.3082 0.7014 3.0000
      vertex 14.2811 0.7568 3.0000
    endloop
  endfacet
  facet normal -0.813129 -0.549167 0.192968
    outer loop
      vertex 14.2303 0.4638 2.0000
      vertex 14.2653 0.4120 2.0000
      vertex 14.3419 0.6500 3.0000
    endloop
  endfacet
  facet normal -0.820736 -0.538161 0.191768
    outer loop
      vertex 14.2303 0.4638 2.0000
      vertex 14.3419 0.6500 3.0000
      vertex 14.3082 0.7014 3.0000
    endloop
  endfacet
  facet normal -0.775972 -0.598030 0.200567
    outer loop
      vertex 14.2653 0.4120 2.0000
      vertex 14.3225 0.3377 2.0000
      vertex 14.3971 0.5763 3.0000
    endloop
  endfacet
  facet normal -0.783854 -0.587876 0.199938
    outer loop
      vertex 14.2653 0.4120 2.0000
      vertex 14.3971 0.5763 3.0000
      vertex 14.3419 0.6500 3.0000
    endloop
  endfacet
  facet normal -0.731044 -0.649630 0.208702
    outer loop
      vertex 14.3225 0.3377 2.0000
      vertex 14.3689 0.2855 2.0000
      vertex 14.4419 0.5246 3.0000
    endloop
  endfacet
  facet normal -0.739136 -0.640639 0.207988
    outer loop
      vertex 14.3225 0.3377 2.0000
      vertex 14.4419 0.5246 3.0000
      vertex 14.3971 0.5763 3.0000
    endloop
  endfacet
  facet normal -0.631355 -0.742738 0.223005
    outer loop
      vertex 14.3689 0.2855 2.0000
      vertex 14.4221 0.2403 2.0000
      vertex 14.4935 0.4799 3.0000
    endloop
  endfacet
  facet normal -0.638964 -0.736295 0.222700
    outer loop
      vertex 14.3689 0.2855 2.0000
      vertex 14.4935 0.4799 3.0000
      vertex 14.4419 0.5246 3.0000
    endloop
  endfacet
  facet normal -0.520404 -0.821391 0.233447
    outer loop
      vertex 14.4221 0.2403 2.0000
      vertex 14.4811 0.2029 2.0000
      vertex 14.5507 0.4430 3.0000
    endloop
  endfacet
  facet normal -0.526454 -0.817528 0.233441
    outer loop
      vertex 14.4221 0.2403 2.0000
      vertex 14.5507 0.4430 3.0000
      vertex 14.4935 0.4799 3.0000
    endloop
  endfacet
  facet normal -0.400233 -0.884440 0.239957
    outer loop
      vertex 14.4811 0.2029 2.0000
      vertex 14.5447 0.1741 2.0000
      vertex 14.6125 0.4147 3.0000
    endloop
  endfacet
  facet normal -0.403781 -0.882794 0.240075
    outer loop
      vertex 14.4811 0.2029 2.0000
      vertex 14.6125 0.4147 3.0000
      vertex 14.5507 0.4430 3.0000
    endloop
  endfacet
  facet normal -0.272926 -0.930971 0.242498
    outer loop
      vertex 14.5447 0.1741 2.0000
      vertex 14.6118 0.1545 2.0000
      vertex 14.6777 0.3956 3.0000
    endloop
  endfacet
  facet normal -0.273297 -0.930856 0.242522
    outer loop
      vertex 14.5447 0.1741 2.0000
      vertex 14.6777 0.3956 3.0000
      vertex 14.6125 0.4147 3.0000
    endloop
  endfacet
  facet normal -0.207247 -0.947760 0.242485
    outer loop
      vertex 14.6118 0.1545 2.0000
      vertex 15.2660 0.0114 2.0000
      vertex 15.3142 0.2567 3.0000
    endloop
  endfacet
  facet normal -0.206854 -0.947913 0.242225
    outer loop
      vertex 14.6118 0.1545 2.0000
      vertex 15.3142 0.2567 3.0000
      vertex 14.6777 0.3956 3.0000
    endloop
  endfacet
  facet normal -0.150120 -0.958488 0.242415
    outer loop
      vertex 15.2660 0.0114 2.0000
      vertex 15.3251 0.0021 2.0000
      vertex 15.3718 0.2477 3.0000
    endloop
  endfacet
  facet normal -0.149168 -0.958652 0.242354
    outer loop
      vertex 15.2660 0.0114 2.0000
      vertex 15.3718 0.2477 3.0000
      vertex 15.3142 0.2567 3.0000
    endloop
  endfacet
  facet normal -0.034469 -0.970134 0.240109
    outer loop
      vertex 15.3251 0.0021 2.0000
      vertex 15.3850 0.0000 2.0000
      vertex 15.4301 0.2459 3.0000
    endloop
  endfacet
  facet normal -0.030494 -0.970356 0.239747
    outer loop
      vertex 15.3251 0.0021 2.0000
      vertex 15.4301 0.2459 3.0000
      vertex 15.3718 0.2477 3.0000
    endloop
  endfacet
  facet normal 0.023680 -0.970004 0.241932
    outer loop
      vertex 15.3850 0.0000 2.0000
      vertex 16.6080 0.0299 2.0000
      vertex 16.6200 0.2796 3.0000
    endloop
  endfacet
  facet normal 0.027470 -0.970992 0.237527
    outer loop
      vertex 15.3850 0.0000 2.0000
      vertex 16.6200 0.2796 3.0000
      vertex 15.4301 0.2459 3.0000
    endloop
  endfacet
  facet normal 0.075333 -0.967625 0.240889
    outer loop
      vertex 16.6080 0.0299 2.0000
      vertex 16.6611 0.0340 2.0000
      vertex 16.6717 0.2838 3.0000
    endloop
  endfacet
  facet normal 0.078696 -0.967423 0.240624
    outer loop
      vertex 16.6080 0.0299 2.0000
      vertex 16.6717 0.2838 3.0000
      vertex 16.6200 0.2796 3.0000
    endloop
  endfacet
  facet normal 0.126713 -0.961832 0.242534
    outer loop
      vertex 16.6611 0.0340 2.0000
      vertex 18.1694 0.2327 2.0000
      vertex 18.1377 0.4807 3.0000
    endloop
  endfacet
  facet normal 0.129266 -0.962375 0.239006
    outer loop
      vertex 16.6611 0.0340 2.0000
      vertex 18.1377 0.4807 3.0000
      vertex 16.6717 0.2838 3.0000
    endloop
  endfacet
  facet normal 0.154980 -0.957710 0.242432
    outer loop
      vertex 18.1694 0.2327 2.0000
      vertex 18.1985 0.2374 2.0000
      vertex 18.1660 0.4853 3.0000
    endloop
  endfacet
  facet normal 0.155861 -0.957575 0.242401
    outer loop
      vertex 18.1694 0.2327 2.0000
      vertex 18.1660 0.4853 3.0000
      vertex 18.1377 0.4807 3.0000
    endloop
  endfacet
  facet normal 0.183187 -0.953133 0.240791
    outer loop
      vertex 18.1985 0.2374 2.0000
      vertex 19.7998 0.5452 2.0000
      vertex 19.7227 0.7830 3.0000
    endloop
  endfacet
  facet normal 0.182242 -0.952971 0.242144
    outer loop
      vertex 18.1985 0.2374 2.0000
      vertex 19.7227 0.7830 3.0000
      vertex 18.1660 0.4853 3.0000
    endloop
  endfacet
  facet normal 0.200808 -0.949466 0.241225
    outer loop
      vertex 19.7998 0.5452 2.0000
      vertex 19.8179 0.5490 2.0000
      vertex 19.7403 0.7867 3.0000
    endloop
  endfacet
  facet normal 0.197930 -0.950077 0.241201
    outer loop
      vertex 19.7998 0.5452 2.0000
      vertex 19.7403 0.7867 3.0000
      vertex 19.7227 0.7830 3.0000
    endloop
  endfacet
  facet normal 0.218728 -0.947086 0.234916
    outer loop
      vertex 19.8179 0.5490 2.0000
      vertex 21.3429 0.9012 2.0000
      vertex 21.2262 1.1223 3.0000
    endloop
  endfacet
  facet normal 0.213804 -0.946545 0.241539
    outer loop
      vertex 19.8179 0.5490 2.0000
      vertex 21.2262 1.1223 3.0000
      vertex 19.7403 0.7867 3.0000
    endloop
  endfacet
  facet normal 0.230696 -0.944080 0.235568
    outer loop
      vertex 21.3429 0.9012 2.0000
      vertex 21.3552 0.9042 2.0000
      vertex 21.2382 1.1251 3.0000
    endloop
  endfacet
  facet normal 0.224480 -0.945651 0.235270
    outer loop
      vertex 21.3429 0.9012 2.0000
      vertex 21.2382 1.1251 3.0000
      vertex 21.2262 1.1223 3.0000
    endloop
  endfacet
  facet normal 0.243168 -0.943039 0.227040
    outer loop
      vertex 21.3552 0.9042 2.0000
      vertex 22.6409 1.2357 2.0000
      vertex 22.4953 1.4389 3.0000
    endloop
  endfacet
  facet normal 0.235361 -0.942859 0.235844
    outer loop
      vertex 21.3552 0.9042 2.0000
      vertex 22.4953 1.4389 3.0000
      vertex 21.2382 1.1251 3.0000
    endloop
  endfacet
  facet normal 0.251751 -0.940619 0.227722
    outer loop
      vertex 22.6409 1.2357 2.0000
      vertex 22.6498 1.2381 2.0000
      vertex 22.5039 1.4412 3.0000
    endloop
  endfacet
  facet normal 0.243509 -0.942944 0.227070
    outer loop
      vertex 22.6409 1.2357 2.0000
      vertex 22.5039 1.4412 3.0000
      vertex 22.4953 1.4389 3.0000
    endloop
  endfacet
  facet normal 0.260647 -0.939335 0.222965
    outer loop
      vertex 22.6498 1.2381 2.0000
      vertex 23.2920 1.4163 2.0000
      vertex 23.1336 1.6097 3.0000
    endloop
  endfacet
  facet normal 0.251788 -0.940609 0.227725
    outer loop
      vertex 22.6498 1.2381 2.0000
      vertex 23.1336 1.6097 3.0000
      vertex 22.5039 1.4412 3.0000
    endloop
  endfacet
  facet normal 0.321129 -0.919151 0.228119
    outer loop
      vertex 23.2920 1.4163 2.0000
      vertex 23.3537 1.4379 2.0000
      vertex 23.1941 1.6303 3.0000
    endloop
  endfacet
  facet normal 0.313405 -0.921857 0.227942
    outer loop
      vertex 23.2920 1.4163 2.0000
      vertex 23.1941 1.6303 3.0000
      vertex 23.1336 1.6097 3.0000
    endloop
  endfacet
  facet normal 0.437461 -0.867604 0.236413
    outer loop
      vertex 23.3537 1.4379 2.0000
      vertex 23.4121 1.4673 2.0000
      vertex 23.2513 1.6587 3.0000
    endloop
  endfacet
  facet normal 0.432490 -0.870082 0.236451
    outer loop
      vertex 23.3537 1.4379 2.0000
      vertex 23.2513 1.6587 3.0000
      vertex 23.1941 1.6303 3.0000
    endloop
  endfacet
  facet normal 0.546297 -0.802106 0.241216
    outer loop
      vertex 23.4121 1.4673 2.0000
      vertex 23.4662 1.5041 2.0000
      vertex 23.3041 1.6945 3.0000
    endloop
  endfacet
  facet normal 0.544132 -0.803548 0.241310
    outer loop
      vertex 23.4121 1.4673 2.0000
      vertex 23.3041 1.6945 3.0000
      vertex 23.2513 1.6587 3.0000
    endloop
  endfacet
  facet normal 0.646103 -0.723701 0.242504
    outer loop
      vertex 23.4662 1.5041 2.0000
      vertex 23.5150 1.5477 2.0000
      vertex 23.3516 1.7369 3.0000
    endloop
  endfacet
  facet normal 0.646485 -0.723371 0.242471
    outer loop
      vertex 23.4662 1.5041 2.0000
      vertex 23.3516 1.7369 3.0000
      vertex 23.3041 1.6945 3.0000
    endloop
  endfacet
  facet normal 0.735458 -0.633541 0.240265
    outer loop
      vertex 23.5150 1.5477 2.0000
      vertex 23.5577 1.5972 2.0000
      vertex 23.3931 1.7854 3.0000
    endloop
  endfacet
  facet normal 0.737853 -0.630880 0.239924
    outer loop
      vertex 23.5150 1.5477 2.0000
      vertex 23.3931 1.7854 3.0000
      vertex 23.3516 1.7369 3.0000
    endloop
  endfacet
  facet normal 0.813036 -0.532898 0.234505
    outer loop
      vertex 23.5577 1.5972 2.0000
      vertex 23.5935 1.6519 2.0000
      vertex 23.4277 1.8391 3.0000
    endloop
  endfacet
  facet normal 0.816714 -0.527600 0.233701
    outer loop
      vertex 23.5577 1.5972 2.0000
      vertex 23.4277 1.8391 3.0000
      vertex 23.3931 1.7854 3.0000
    endloop
  endfacet
  facet normal 0.877606 -0.423169 0.225247
    outer loop
      vertex 23.5935 1.6519 2.0000
      vertex 23.6219 1.7109 2.0000
      vertex 23.4550 1.8970 3.0000
    endloop
  endfacet
  facet normal 0.881736 -0.415236 0.223876
    outer loop
      vertex 23.5935 1.6519 2.0000
      vertex 23.4550 1.8970 3.0000
      vertex 23.4277 1.8391 3.0000
    endloop
  endfacet
  facet normal 0.928039 -0.305893 0.212538
    outer loop
      vertex 23.6219 1.7109 2.0000
      vertex 23.6424 1.7730 2.0000
      vertex 23.4744 1.9581 3.0000
    endloop
  endfacet
  facet normal 0.931801 -0.295653 0.210561
    outer loop
      vertex 23.6219 1.7109 2.0000
      vertex 23.4744 1.9581 3.0000
      vertex 23.4550 1.8970 3.0000
    endloop
  endfacet
  facet normal 0.963327 -0.182771 0.196457
    outer loop
      vertex 23.6424 1.7730 2.0000
      vertex 23.6546 1.8372 2.0000
      vertex 23.4856 2.0215 3.0000
    endloop
  endfacet
  facet normal 0.966025 -0.170853 0.193918
    outer loop
      vertex 23.6424 1.7730 2.0000
      vertex 23.4856 2.0215 3.0000
      vertex 23.4744 1.9581 3.0000
    endloop
  endfacet
  facet normal 0.982612 -0.055678 0.177123
    outer loop
      vertex 23.6546 1.8372 2.0000
      vertex 23.6583 1.9025 2.0000
      vertex 23.4884 2.0860 3.0000
    endloop
  endfacet
  facet normal 0.983782 -0.042948 0.174151
    outer loop
      vertex 23.6546 1.8372 2.0000
      vertex 23.4884 2.0860 3.0000
      vertex 23.4856 2.0215 3.0000
    endloop
  endfacet
  facet normal 0.985234 0.073332 0.154716
    outer loop
      vertex 23.6583 1.9025 2.0000
      vertex 23.6534 1.9677 2.0000
      vertex 23.4828 2.1505 3.0000
    endloop
  endfacet
  facet normal 0.984718 0.085869 0.151517
    outer loop
      vertex 23.6583 1.9025 2.0000
      vertex 23.4828 2.1505 3.0000
      vertex 23.4884 2.0860 3.0000
    endloop
  endfacet
  facet normal 0.970781 0.202039 0.129480
    outer loop
      vertex 23.6534 1.9677 2.0000
      vertex 23.6401 2.0318 2.0000
      vertex 23.4688 2.2139 3.0000
    endloop
  endfacet
  facet normal 0.968771 0.213366 0.126321
    outer loop
      vertex 23.6534 1.9677 2.0000
      vertex 23.4688 2.2139 3.0000
      vertex 23.4828 2.1505 3.0000
    endloop
  endfacet
  facet normal 0.956268 0.265314 0.123124
    outer loop
      vertex 23.6401 2.0318 2.0000
      vertex 23.4577 2.6893 2.0000
      vertex 23.2801 2.8653 3.0000
    endloop
  endfacet
  facet normal 0.954335 0.276501 0.113103
    outer loop
      vertex 23.6401 2.0318 2.0000
      vertex 23.2801 2.8653 3.0000
      vertex 23.4688 2.2139 3.0000
    endloop
  endfacet
  facet normal 0.959163 0.253356 0.125764
    outer loop
      vertex 23.4577 2.6893 2.0000
      vertex 23.4572 2.6911 2.0000
      vertex 23.2796 2.8671 3.0000
    endloop
  endfacet
  facet normal 0.956318 0.265113 0.123168
    outer loop
      vertex 23.4577 2.6893 2.0000
      vertex 23.2796 2.8671 3.0000
      vertex 23.2801 2.8653 3.0000
    endloop
  endfacet
  facet normal 0.958147 0.247064 0.144614
    outer loop
      vertex 23.4572 2.6911 2.0000
      vertex 23.1233 3.9861 2.0000
      vertex 22.9311 4.1460 3.0000
    endloop
  endfacet
  facet normal 0.957363 0.260864 0.124123
    outer loop
      vertex 23.4572 2.6911 2.0000
      vertex 22.9311 4.1460 3.0000
      vertex 23.2796 2.8671 3.0000
    endloop
  endfacet
  facet normal 0.959895 0.239177 0.146273
    outer loop
      vertex 23.1233 3.9861 2.0000
      vertex 23.1223 3.9901 2.0000
      vertex 22.9301 4.1500 3.0000
    endloop
  endfacet
  facet normal 0.956570 0.253896 0.143218
    outer loop
      vertex 23.1233 3.9861 2.0000
      vertex 22.9301 4.1500 3.0000
      vertex 22.9311 4.1460 3.0000
    endloop
  endfacet
  facet normal 0.962130 0.228645 0.148417
    outer loop
      vertex 23.1223 3.9901 2.0000
      vertex 23.1218 3.9921 2.0000
      vertex 22.9296 4.1519 3.0000
    endloop
  endfacet
  facet normal 0.958940 0.243503 0.145398
    outer loop
      vertex 23.1223 3.9901 2.0000
      vertex 22.9296 4.1519 3.0000
      vertex 22.9301 4.1500 3.0000
    endloop
  endfacet
  facet normal 0.959253 0.221538 0.175370
    outer loop
      vertex 23.1218 3.9921 2.0000
      vertex 22.7664 5.5309 2.0000
      vertex 22.5534 5.6617 3.0000
    endloop
  endfacet
  facet normal 0.959893 0.239165 0.146305
    outer loop
      vertex 23.1218 3.9921 2.0000
      vertex 22.5534 5.6617 3.0000
      vertex 22.9296 4.1519 3.0000
    endloop
  endfacet
  facet normal 0.961460 0.210007 0.177460
    outer loop
      vertex 22.7664 5.5309 2.0000
      vertex 22.7651 5.5367 2.0000
      vertex 22.5520 5.6674 3.0000
    endloop
  endfacet
  facet normal 0.957872 0.228342 0.174186
    outer loop
      vertex 22.7664 5.5309 2.0000
      vertex 22.5520 5.6674 3.0000
      vertex 22.5534 5.6617 3.0000
    endloop
  endfacet
  facet normal 0.964204 0.194602 0.180112
    outer loop
      vertex 22.7651 5.5367 2.0000
      vertex 22.7646 5.5397 2.0000
      vertex 22.5514 5.6703 3.0000
    endloop
  endfacet
  facet normal 0.960902 0.212967 0.176954
    outer loop
      vertex 22.7651 5.5367 2.0000
      vertex 22.5514 5.6703 3.0000
      vertex 22.5520 5.6674 3.0000
    endloop
  endfacet
  facet normal 0.959817 0.184472 0.211473
    outer loop
      vertex 22.7646 5.5397 2.0000
      vertex 22.4525 7.1634 2.0000
      vertex 22.2164 7.2455 3.0000
    endloop
  endfacet
  facet normal 0.962429 0.204689 0.178416
    outer loop
      vertex 22.7646 5.5397 2.0000
      vertex 22.2164 7.2455 3.0000
      vertex 22.5514 5.6703 3.0000
    endloop
  endfacet
  facet normal 0.962041 0.170252 0.213287
    outer loop
      vertex 22.4525 7.1634 2.0000
      vertex 22.4513 7.1699 2.0000
      vertex 22.2151 7.2518 3.0000
    endloop
  endfacet
  facet normal 0.959088 0.188818 0.210944
    outer loop
      vertex 22.4525 7.1634 2.0000
      vertex 22.2151 7.2518 3.0000
      vertex 22.2164 7.2455 3.0000
    endloop
  endfacet
  facet normal 0.965904 0.141746 0.216650
    outer loop
      vertex 22.4513 7.1699 2.0000
      vertex 22.4504 7.1765 2.0000
      vertex 22.2141 7.2581 3.0000
    endloop
  endfacet
  facet normal 0.963580 0.159673 0.214517
    outer loop
      vertex 22.4513 7.1699 2.0000
      vertex 22.2141 7.2581 3.0000
      vertex 22.2151 7.2518 3.0000
    endloop
  endfacet
  facet normal 0.962871 0.126850 0.238304
    outer loop
      vertex 22.4504 7.1765 2.0000
      vertex 22.2465 8.7238 2.0000
      vertex 21.9970 8.7392 3.0000
    endloop
  endfacet
  facet normal 0.965924 0.141580 0.216668
    outer loop
      vertex 22.4504 7.1765 2.0000
      vertex 21.9970 8.7392 3.0000
      vertex 22.2141 7.2581 3.0000
    endloop
  endfacet
  facet normal 0.965622 0.101122 0.239477
    outer loop
      vertex 22.2465 8.7238 2.0000
      vertex 22.2453 8.7357 2.0000
      vertex 21.9957 8.7506 3.0000
    endloop
  endfacet
  facet normal 0.964864 0.108998 0.239076
    outer loop
      vertex 22.2465 8.7238 2.0000
      vertex 21.9957 8.7506 3.0000
      vertex 21.9970 8.7392 3.0000
    endloop
  endfacet
  facet normal 0.969211 0.049523 0.241200
    outer loop
      vertex 22.2453 8.7357 2.0000
      vertex 22.2447 8.7477 2.0000
      vertex 21.9951 8.7620 3.0000
    endloop
  endfacet
  facet normal 0.968975 0.054822 0.241002
    outer loop
      vertex 22.2453 8.7357 2.0000
      vertex 21.9951 8.7620 3.0000
      vertex 21.9957 8.7506 3.0000
    endloop
  endfacet
  facet normal 0.970667 0.023696 0.239257
    outer loop
      vertex 22.2447 8.7477 2.0000
      vertex 22.2126 10.0607 2.0000
      vertex 21.9673 10.0125 3.0000
    endloop
  endfacet
  facet normal 0.970083 0.021544 0.241817
    outer loop
      vertex 22.2447 8.7477 2.0000
      vertex 21.9673 10.0125 3.0000
      vertex 21.9951 8.7620 3.0000
    endloop
  endfacet
  facet normal 0.971267 -0.005394 0.237931
    outer loop
      vertex 22.2126 10.0607 2.0000
      vertex 22.2127 10.0687 2.0000
      vertex 21.9674 10.0201 3.0000
    endloop
  endfacet
  facet normal 0.971263 -0.014810 0.237547
    outer loop
      vertex 22.2126 10.0607 2.0000
      vertex 21.9674 10.0201 3.0000
      vertex 21.9673 10.0125 3.0000
    endloop
  endfacet
  facet normal 0.968139 -0.092678 0.232633
    outer loop
      vertex 22.2127 10.0687 2.0000
      vertex 22.2148 10.0915 2.0000
      vertex 21.9698 10.0419 3.0000
    endloop
  endfacet
  facet normal 0.966932 -0.105955 0.231984
    outer loop
      vertex 22.2127 10.0687 2.0000
      vertex 21.9698 10.0419 3.0000
      vertex 21.9674 10.0201 3.0000
    endloop
  endfacet
  facet normal 0.957538 -0.179511 0.225602
    outer loop
      vertex 22.2148 10.0915 2.0000
      vertex 22.2163 10.0993 2.0000
      vertex 21.9713 10.0494 3.0000
    endloop
  endfacet
  facet normal 0.954625 -0.196027 0.224198
    outer loop
      vertex 22.2148 10.0915 2.0000
      vertex 21.9713 10.0494 3.0000
      vertex 21.9698 10.0419 3.0000
    endloop
  endfacet
  facet normal 0.955912 -0.209029 0.206250
    outer loop
      vertex 22.2163 10.0993 2.0000
      vertex 22.4180 11.0219 2.0000
      vertex 22.1834 10.9356 3.0000
    endloop
  endfacet
  facet normal 0.948490 -0.226979 0.221016
    outer loop
      vertex 22.2163 10.0993 2.0000
      vertex 22.1834 10.9356 3.0000
      vertex 21.9713 10.0494 3.0000
    endloop
  endfacet
  facet normal 0.948975 -0.242542 0.201545
    outer loop
      vertex 22.4180 11.0219 2.0000
      vertex 22.4203 11.0309 2.0000
      vertex 22.1858 10.9443 3.0000
    endloop
  endfacet
  facet normal 0.944195 -0.262569 0.198881
    outer loop
      vertex 22.4180 11.0219 2.0000
      vertex 22.1858 10.9443 3.0000
      vertex 22.1834 10.9356 3.0000
    endloop
  endfacet
  facet normal 0.921256 -0.341580 0.186038
    outer loop
      vertex 22.4203 11.0309 2.0000
      vertex 22.4274 11.0499 2.0000
      vertex 22.1931 10.9627 3.0000
    endloop
  endfacet
  facet normal 0.914018 -0.362054 0.182996
    outer loop
      vertex 22.4203 11.0309 2.0000
      vertex 22.1931 10.9627 3.0000
      vertex 22.1858 10.9443 3.0000
    endloop
  endfacet
  facet normal 0.868379 -0.468600 0.162274
    outer loop
      vertex 22.4274 11.0499 2.0000
      vertex 22.4340 11.0621 2.0000
      vertex 22.1998 10.9745 3.0000
    endloop
  endfacet
  facet normal 0.858407 -0.487851 0.158553
    outer loop
      vertex 22.4274 11.0499 2.0000
      vertex 22.1998 10.9745 3.0000
      vertex 22.1931 10.9627 3.0000
    endloop
  endfacet
  facet normal 0.797912 -0.587441 0.135091
    outer loop
      vertex 22.4340 11.0621 2.0000
      vertex 22.4422 11.0732 2.0000
      vertex 22.2081 10.9853 3.0000
    endloop
  endfacet
  facet normal 0.786352 -0.603680 0.131234
    outer loop
      vertex 22.4340 11.0621 2.0000
      vertex 22.2081 10.9853 3.0000
      vertex 22.1998 10.9745 3.0000
    endloop
  endfacet
  facet normal 0.710893 -0.695434 0.104898
    outer loop
      vertex 22.4422 11.0732 2.0000
      vertex 22.4563 11.0877 2.0000
      vertex 22.2224 10.9994 3.0000
    endloop
  endfacet
  facet normal 0.699425 -0.707463 0.101490
    outer loop
      vertex 22.4422 11.0732 2.0000
      vertex 22.2224 10.9994 3.0000
      vertex 22.2081 10.9853 3.0000
    endloop
  endfacet
  facet normal 0.635650 -0.767738 0.080794
    outer loop
      vertex 22.4563 11.0877 2.0000
      vertex 22.4635 11.0936 2.0000
      vertex 22.2296 11.0052 3.0000
    endloop
  endfacet
  facet normal 0.625523 -0.776318 0.077791
    outer loop
      vertex 22.4563 11.0877 2.0000
      vertex 22.2296 11.0052 3.0000
      vertex 22.2224 10.9994 3.0000
    endloop
  endfacet
  facet normal 0.609112 -0.790351 0.065779
    outer loop
      vertex 22.4635 11.0936 2.0000
      vertex 22.9580 11.4747 2.0000
      vertex 22.7267 11.3797 3.0000
    endloop
  endfacet
  facet normal 0.600238 -0.796757 0.069948
    outer loop
      vertex 22.4635 11.0936 2.0000
      vertex 22.7267 11.3797 3.0000
      vertex 22.2296 11.0052 3.0000
    endloop
  endfacet
  facet normal 0.584356 -0.809410 0.058170
    outer loop
      vertex 22.9580 11.4747 2.0000
      vertex 22.9647 11.4796 2.0000
      vertex 22.7335 11.3845 3.0000
    endloop
  endfacet
  facet normal 0.577213 -0.814664 0.056093
    outer loop
      vertex 22.9580 11.4747 2.0000
      vertex 22.7335 11.3845 3.0000
      vertex 22.7267 11.3797 3.0000
    endloop
  endfacet
  facet normal 0.506433 -0.861565 0.035096
    outer loop
      vertex 22.9647 11.4796 2.0000
      vertex 22.9804 11.4888 2.0000
      vertex 22.7492 11.3936 3.0000
    endloop
  endfacet
  facet normal 0.501764 -0.864342 0.033851
    outer loop
      vertex 22.9647 11.4796 2.0000
      vertex 22.7492 11.3936 3.0000
      vertex 22.7335 11.3845 3.0000
    endloop
  endfacet
  facet normal 0.395120 -0.918621 0.003925
    outer loop
      vertex 22.9804 11.4888 2.0000
      vertex 22.9918 11.4937 2.0000
      vertex 22.7606 11.3985 3.0000
    endloop
  endfacet
  facet normal 0.394558 -0.918863 0.003780
    outer loop
      vertex 22.9804 11.4888 2.0000
      vertex 22.7606 11.3985 3.0000
      vertex 22.7492 11.3936 3.0000
    endloop
  endfacet
  facet normal 0.277211 -0.960422 -0.027258
    outer loop
      vertex 22.9918 11.4937 2.0000
      vertex 23.0037 11.4971 2.0000
      vertex 22.7725 11.4020 3.0000
    endloop
  endfacet
  facet normal 0.281265 -0.959271 -0.026264
    outer loop
      vertex 22.9918 11.4937 2.0000
      vertex 22.7725 11.4020 3.0000
      vertex 22.7606 11.3985 3.0000
    endloop
  endfacet
  facet normal 0.154904 -0.986232 -0.057882
    outer loop
      vertex 23.0037 11.4971 2.0000
      vertex 23.0160 11.4991 2.0000
      vertex 22.7847 11.4040 3.0000
    endloop
  endfacet
  facet normal 0.163565 -0.984949 -0.055866
    outer loop
      vertex 23.0037 11.4971 2.0000
      vertex 22.7847 11.4040 3.0000
      vertex 22.7725 11.4020 3.0000
    endloop
  endfacet
  facet normal 0.030468 -0.995707 -0.087400
    outer loop
      vertex 23.0160 11.4991 2.0000
      vertex 23.0284 11.4994 2.0000
      vertex 22.7971 11.4046 3.0000
    endloop
  endfacet
  facet normal 0.043204 -0.995479 -0.084590
    outer loop
      vertex 23.0160 11.4991 2.0000
      vertex 22.7971 11.4046 3.0000
      vertex 22.7847 11.4040 3.0000
    endloop
  endfacet
  facet normal -0.093842 -0.988887 -0.115311
    outer loop
      vertex 23.0284 11.4994 2.0000
      vertex 23.0407 11.4983 2.0000
      vertex 22.8093 11.4036 3.0000
    endloop
  endfacet
  facet normal -0.078015 -0.990640 -0.112012
    outer loop
      vertex 23.0284 11.4994 2.0000
      vertex 22.8093 11.4036 3.0000
      vertex 22.7971 11.4046 3.0000
    endloop
  endfacet
  facet normal -0.215871 -0.966177 -0.141073
    outer loop
      vertex 23.0407 11.4983 2.0000
      vertex 23.0585 11.4943 2.0000
      vertex 22.8269 11.4000 3.0000
    endloop
  endfacet
  facet normal -0.198260 -0.970425 -0.137725
    outer loop
      vertex 23.0407 11.4983 2.0000
      vertex 22.8269 11.4000 3.0000
      vertex 22.8093 11.4036 3.0000
    endloop
  endfacet
  facet normal -0.304677 -0.939103 -0.158927
    outer loop
      vertex 23.0585 11.4943 2.0000
      vertex 23.0664 11.4917 2.0000
      vertex 22.8348 11.3976 3.0000
    endloop
  endfacet
  facet normal -0.286689 -0.945319 -0.155504
    outer loop
      vertex 23.0585 11.4943 2.0000
      vertex 22.8348 11.3976 3.0000
      vertex 22.8269 11.4000 3.0000
    endloop
  endfacet
  facet normal -0.334453 -0.930597 -0.148761
    outer loop
      vertex 23.0664 11.4917 2.0000
      vertex 23.9315 11.1808 2.0000
      vertex 23.6927 11.1068 3.0000
    endloop
  endfacet
  facet normal -0.316871 -0.934647 -0.161332
    outer loop
      vertex 23.0664 11.4917 2.0000
      vertex 23.6927 11.1068 3.0000
      vertex 22.8348 11.3976 3.0000
    endloop
  endfacet
  facet normal -0.343678 -0.926932 -0.150608
    outer loop
      vertex 23.9315 11.1808 2.0000
      vertex 23.9362 11.1791 2.0000
      vertex 23.6974 11.1051 3.0000
    endloop
  endfacet
  facet normal -0.328063 -0.933082 -0.147419
    outer loop
      vertex 23.9315 11.1808 2.0000
      vertex 23.6974 11.1051 3.0000
      vertex 23.6927 11.1068 3.0000
    endloop
  endfacet
  facet normal -0.355911 -0.921891 -0.153115
    outer loop
      vertex 23.9362 11.1791 2.0000
      vertex 23.9386 11.1782 2.0000
      vertex 23.6997 11.1043 3.0000
    endloop
  endfacet
  facet normal -0.340286 -0.928297 -0.149899
    outer loop
      vertex 23.9362 11.1791 2.0000
      vertex 23.6997 11.1043 3.0000
      vertex 23.6974 11.1051 3.0000
    endloop
  endfacet
  facet normal -0.363728 -0.920687 -0.141551
    outer loop
      vertex 23.9386 11.1782 2.0000
      vertex 24.7285 10.8661 2.0000
      vertex 24.4852 10.8085 3.0000
    endloop
  endfacet
  facet normal -0.348374 -0.925024 -0.151547
    outer loop
      vertex 23.9386 11.1782 2.0000
      vertex 24.4852 10.8085 3.0000
      vertex 23.6997 11.1043 3.0000
    endloop
  endfacet
  facet normal -0.306087 -0.943363 -0.127970
    outer loop
      vertex 24.7285 10.8661 2.0000
      vertex 24.7879 10.8468 2.0000
      vertex 24.5444 10.7902 3.0000
    endloop
  endfacet
  facet normal -0.292840 -0.947840 -0.125871
    outer loop
      vertex 24.7285 10.8661 2.0000
      vertex 24.5444 10.7902 3.0000
      vertex 24.4852 10.8085 3.0000
    endloop
  endfacet
  facet normal -0.186695 -0.977305 -0.100101
    outer loop
      vertex 24.7879 10.8468 2.0000
      vertex 24.8492 10.8351 2.0000
      vertex 24.6055 10.7792 3.0000
    endloop
  endfacet
  facet normal -0.175346 -0.979598 -0.098187
    outer loop
      vertex 24.7879 10.8468 2.0000
      vertex 24.6055 10.7792 3.0000
      vertex 24.5444 10.7902 3.0000
    endloop
  endfacet
  facet normal -0.063564 -0.995478 -0.070585
    outer loop
      vertex 24.8492 10.8351 2.0000
      vertex 24.9115 10.8311 2.0000
      vertex 24.6677 10.7758 3.0000
    endloop
  endfacet
  facet normal -0.055113 -0.996087 -0.069087
    outer loop
      vertex 24.8492 10.8351 2.0000
      vertex 24.6677 10.7758 3.0000
      vertex 24.6055 10.7792 3.0000
    endloop
  endfacet
  facet normal 0.061137 -0.997328 -0.039980
    outer loop
      vertex 24.9115 10.8311 2.0000
      vertex 24.9739 10.8349 2.0000
      vertex 24.7300 10.7799 3.0000
    endloop
  endfacet
  facet normal 0.066025 -0.997052 -0.039079
    outer loop
      vertex 24.9115 10.8311 2.0000
      vertex 24.7300 10.7799 3.0000
      vertex 24.6677 10.7758 3.0000
    endloop
  endfacet
  facet normal 0.185133 -0.982673 -0.008867
    outer loop
      vertex 24.9739 10.8349 2.0000
      vertex 25.0353 10.8465 2.0000
      vertex 24.7914 10.7915 3.0000
    endloop
  endfacet
  facet normal 0.186205 -0.982473 -0.008663
    outer loop
      vertex 24.9739 10.8349 2.0000
      vertex 24.7914 10.7915 3.0000
      vertex 24.7300 10.7799 3.0000
    endloop
  endfacet
  facet normal 0.246149 -0.969211 0.006441
    outer loop
      vertex 25.0353 10.8465 2.0000
      vertex 25.4207 10.9444 2.0000
      vertex 25.1769 10.8891 3.0000
    endloop
  endfacet
  facet normal 0.245387 -0.969403 0.006557
    outer loop
      vertex 25.0353 10.8465 2.0000
      vertex 25.1769 10.8891 3.0000
      vertex 24.7914 10.7915 3.0000
    endloop
  endfacet
  facet normal 0.304591 -0.952241 0.021477
    outer loop
      vertex 25.4207 10.9444 2.0000
      vertex 25.4787 10.9629 2.0000
      vertex 25.2349 10.9075 3.0000
    endloop
  endfacet
  facet normal 0.302220 -0.953007 0.021008
    outer loop
      vertex 25.4207 10.9444 2.0000
      vertex 25.2349 10.9075 3.0000
      vertex 25.1769 10.8891 3.0000
    endloop
  endfacet
  facet normal 0.417531 -0.907222 0.051152
    outer loop
      vertex 25.4787 10.9629 2.0000
      vertex 25.5339 10.9884 2.0000
      vertex 25.2902 10.9326 3.0000
    endloop
  endfacet
  facet normal 0.412282 -0.909678 0.050088
    outer loop
      vertex 25.4787 10.9629 2.0000
      vertex 25.2902 10.9326 3.0000
      vertex 25.2349 10.9075 3.0000
    endloop
  endfacet
  facet normal 0.523631 -0.848202 0.079773
    outer loop
      vertex 25.5339 10.9884 2.0000
      vertex 25.5857 11.0203 2.0000
      vertex 25.3421 10.9640 3.0000
    endloop
  endfacet
  facet normal 0.516272 -0.852843 0.078248
    outer loop
      vertex 25.5339 10.9884 2.0000
      vertex 25.3421 10.9640 3.0000
      vertex 25.2902 10.9326 3.0000
    endloop
  endfacet
  facet normal 0.621176 -0.776344 0.106910
    outer loop
      vertex 25.5857 11.0203 2.0000
      vertex 25.6332 11.0583 2.0000
      vertex 25.3898 11.0013 3.0000
    endloop
  endfacet
  facet normal 0.612622 -0.783357 0.105100
    outer loop
      vertex 25.5857 11.0203 2.0000
      vertex 25.3898 11.0013 3.0000
      vertex 25.3421 10.9640 3.0000
    endloop
  endfacet
  facet normal 0.708685 -0.693031 0.132192
    outer loop
      vertex 25.6332 11.0583 2.0000
      vertex 25.6757 11.1018 2.0000
      vertex 25.4325 11.0439 3.0000
    endloop
  endfacet
  facet normal 0.699881 -0.702275 0.130292
    outer loop
      vertex 25.6332 11.0583 2.0000
      vertex 25.4325 11.0439 3.0000
      vertex 25.3898 11.0013 3.0000
    endloop
  endfacet
  facet normal 0.748945 -0.648125 0.137898
    outer loop
      vertex 25.6757 11.1018 2.0000
      vertex 26.0185 11.4979 2.0000
      vertex 25.7773 11.4320 3.0000
    endloop
  endfacet
  facet normal 0.740033 -0.657436 0.141878
    outer loop
      vertex 25.6757 11.1018 2.0000
      vertex 25.7773 11.4320 3.0000
      vertex 25.4325 11.0439 3.0000
    endloop
  endfacet
  facet normal 0.786344 -0.599469 0.149333
    outer loop
      vertex 26.0185 11.4979 2.0000
      vertex 26.0561 11.5472 2.0000
      vertex 25.8152 11.4803 3.0000
    endloop
  endfacet
  facet normal 0.778664 -0.609836 0.147589
    outer loop
      vertex 26.0185 11.4979 2.0000
      vertex 25.8152 11.4803 3.0000
      vertex 25.7773 11.4320 3.0000
    endloop
  endfacet
  facet normal 0.851394 -0.495828 0.171120
    outer loop
      vertex 26.0561 11.5472 2.0000
      vertex 26.0872 11.6007 2.0000
      vertex 25.8467 11.5328 3.0000
    endloop
  endfacet
  facet normal 0.844851 -0.507414 0.169583
    outer loop
      vertex 26.0561 11.5472 2.0000
      vertex 25.8467 11.5328 3.0000
      vertex 25.8152 11.4803 3.0000
    endloop
  endfacet
  facet normal 0.902951 -0.385339 0.190245
    outer loop
      vertex 26.0872 11.6007 2.0000
      vertex 26.1116 11.6577 2.0000
      vertex 25.8713 11.5885 3.0000
    endloop
  endfacet
  facet normal 0.898002 -0.397317 0.189030
    outer loop
      vertex 26.0872 11.6007 2.0000
      vertex 25.8713 11.5885 3.0000
      vertex 25.8467 11.5328 3.0000
    endloop
  endfacet
  facet normal 0.925153 -0.328673 0.189912
    outer loop
      vertex 26.1116 11.6577 2.0000
      vertex 26.3736 12.3953 2.0000
      vertex 26.1383 12.3108 3.0000
    endloop
  endfacet
  facet normal 0.919529 -0.339868 0.197374
    outer loop
      vertex 26.1116 11.6577 2.0000
      vertex 26.1383 12.3108 3.0000
      vertex 25.8713 11.5885 3.0000
    endloop
  endfacet
  facet normal 0.941650 -0.272302 0.197854
    outer loop
      vertex 26.3736 12.3953 2.0000
      vertex 26.3902 12.4528 2.0000
      vertex 26.1553 12.3672 3.0000
    endloop
  endfacet
  facet normal 0.938462 -0.283804 0.196834
    outer loop
      vertex 26.3736 12.3953 2.0000
      vertex 26.1553 12.3672 3.0000
      vertex 26.1383 12.3108 3.0000
    endloop
  endfacet
  facet normal 0.964420 -0.157397 0.212414
    outer loop
      vertex 26.3902 12.4528 2.0000
      vertex 26.3999 12.5118 2.0000
      vertex 26.1654 12.4250 3.0000
    endloop
  endfacet
  facet normal 0.962781 -0.167974 0.211751
    outer loop
      vertex 26.3902 12.4528 2.0000
      vertex 26.1654 12.4250 3.0000
      vertex 26.1553 12.3672 3.0000
    endloop
  endfacet
  facet normal 0.972617 -0.099472 0.210049
    outer loop
      vertex 26.3999 12.5118 2.0000
      vertex 26.4943 13.4350 2.0000
      vertex 26.2675 13.3297 3.0000
    endloop
  endfacet
  facet normal 0.969826 -0.109456 0.217845
    outer loop
      vertex 26.3999 12.5118 2.0000
      vertex 26.2675 13.3297 3.0000
      vertex 26.1654 12.4250 3.0000
    endloop
  endfacet
  facet normal 0.975260 -0.049742 0.215392
    outer loop
      vertex 26.4943 13.4350 2.0000
      vertex 26.4969 13.4859 2.0000
      vertex 26.2706 13.3796 3.0000
    endloop
  endfacet
  facet normal 0.974848 -0.059610 0.214753
    outer loop
      vertex 26.4943 13.4350 2.0000
      vertex 26.2706 13.3796 3.0000
      vertex 26.2675 13.3297 3.0000
    endloop
  endfacet
  facet normal 0.973084 0.049631 0.225045
    outer loop
      vertex 26.4969 13.4859 2.0000
      vertex 26.4943 13.5367 2.0000
      vertex 26.2685 13.4294 3.0000
    endloop
  endfacet
  facet normal 0.973558 0.041271 0.224681
    outer loop
      vertex 26.4969 13.4859 2.0000
      vertex 26.2685 13.4294 3.0000
      vertex 26.2706 13.3796 3.0000
    endloop
  endfacet
  facet normal 0.969921 0.099196 0.222290
    outer loop
      vertex 26.4943 13.5367 2.0000
      vertex 26.3999 14.4599 2.0000
      vertex 26.1835 14.3347 3.0000
    endloop
  endfacet
  facet normal 0.969253 0.091004 0.228620
    outer loop
      vertex 26.4943 13.5367 2.0000
      vertex 26.1835 14.3347 3.0000
      vertex 26.2685 13.4294 3.0000
    endloop
  endfacet
  facet normal 0.961141 0.156862 0.227162
    outer loop
      vertex 26.3999 14.4599 2.0000
      vertex 26.3902 14.5189 2.0000
      vertex 26.1745 14.3926 3.0000
    endloop
  endfacet
  facet normal 0.962397 0.149301 0.226937
    outer loop
      vertex 26.3999 14.4599 2.0000
      vertex 26.1745 14.3926 3.0000
      vertex 26.1835 14.3347 3.0000
    endloop
  endfacet
  facet normal 0.933689 0.270000 0.235211
    outer loop
      vertex 26.3902 14.5189 2.0000
      vertex 26.3736 14.5764 2.0000
      vertex 26.1586 14.4489 3.0000
    endloop
  endfacet
  facet normal 0.935210 0.264701 0.235193
    outer loop
      vertex 26.3902 14.5189 2.0000
      vertex 26.1586 14.4489 3.0000
      vertex 26.1745 14.3926 3.0000
    endloop
  endfacet
  facet normal 0.915997 0.325420 0.234632
    outer loop
      vertex 26.3736 14.5764 2.0000
      vertex 26.1116 15.3140 2.0000
      vertex 25.9059 15.1718 3.0000
    endloop
  endfacet
  facet normal 0.916884 0.320418 0.238025
    outer loop
      vertex 26.3736 14.5764 2.0000
      vertex 25.9059 15.1718 3.0000
      vertex 26.1586 14.4489 3.0000
    endloop
  endfacet
  facet normal 0.893398 0.381262 0.237652
    outer loop
      vertex 26.1116 15.3140 2.0000
      vertex 26.0872 15.3710 2.0000
      vertex 25.8824 15.2277 3.0000
    endloop
  endfacet
  facet normal 0.895134 0.377143 0.237695
    outer loop
      vertex 26.1116 15.3140 2.0000
      vertex 25.8824 15.2277 3.0000
      vertex 25.9059 15.1718 3.0000
    endloop
  endfacet
  facet normal 0.838532 0.488338 0.241640
    outer loop
      vertex 26.0872 15.3710 2.0000
      vertex 26.0561 15.4245 2.0000
      vertex 25.8520 15.2801 3.0000
    endloop
  endfacet
  facet normal 0.839481 0.486669 0.241711
    outer loop
      vertex 26.0872 15.3710 2.0000
      vertex 25.8520 15.2801 3.0000
      vertex 25.8824 15.2277 3.0000
    endloop
  endfacet
  facet normal 0.771537 0.588180 0.242434
    outer loop
      vertex 26.0561 15.4245 2.0000
      vertex 26.0185 15.4738 2.0000
      vertex 25.8153 15.3282 3.0000
    endloop
  endfacet
  facet normal 0.771103 0.588770 0.242387
    outer loop
      vertex 26.0561 15.4245 2.0000
      vertex 25.8153 15.3282 3.0000
      vertex 25.8520 15.2801 3.0000
    endloop
  endfacet
  facet normal 0.733634 0.634875 0.242311
    outer loop
      vertex 26.0185 15.4738 2.0000
      vertex 25.6757 15.8699 2.0000
      vertex 25.4796 15.7149 3.0000
    endloop
  endfacet
  facet normal 0.732778 0.636156 0.241541
    outer loop
      vertex 26.0185 15.4738 2.0000
      vertex 25.4796 15.7149 3.0000
      vertex 25.8153 15.3282 3.0000
    endloop
  endfacet
  facet normal 0.693814 0.678489 0.241401
    outer loop
      vertex 25.6757 15.8699 2.0000
      vertex 25.6332 15.9134 2.0000
      vertex 25.4379 15.7573 3.0000
    endloop
  endfacet
  facet normal 0.692240 0.680161 0.241215
    outer loop
      vertex 25.6757 15.8699 2.0000
      vertex 25.4379 15.7573 3.0000
      vertex 25.4796 15.7149 3.0000
    endloop
  endfacet
  facet normal 0.606924 0.758532 0.237217
    outer loop
      vertex 25.6332 15.9134 2.0000
      vertex 25.5857 15.9514 2.0000
      vertex 25.3913 15.7942 3.0000
    endloop
  endfacet
  facet normal 0.603259 0.761612 0.236697
    outer loop
      vertex 25.6332 15.9134 2.0000
      vertex 25.3913 15.7942 3.0000
      vertex 25.4379 15.7573 3.0000
    endloop
  endfacet
  facet normal 0.511226 0.828108 0.229967
    outer loop
      vertex 25.5857 15.9514 2.0000
      vertex 25.5339 15.9834 2.0000
      vertex 25.3403 15.8252 3.0000
    endloop
  endfacet
  facet normal 0.505348 0.831971 0.229013
    outer loop
      vertex 25.5857 15.9514 2.0000
      vertex 25.3403 15.8252 3.0000
      vertex 25.3913 15.7942 3.0000
    endloop
  endfacet
  facet normal 0.407865 0.886220 0.219684
    outer loop
      vertex 25.5339 15.9834 2.0000
      vertex 25.4787 16.0088 2.0000
      vertex 25.2859 15.8496 3.0000
    endloop
  endfacet
  facet normal 0.399885 0.890205 0.218237
    outer loop
      vertex 25.5339 15.9834 2.0000
      vertex 25.2859 15.8496 3.0000
      vertex 25.3403 15.8252 3.0000
    endloop
  endfacet
  facet normal 0.298100 0.931948 0.206419
    outer loop
      vertex 25.4787 16.0088 2.0000
      vertex 25.4207 16.0273 2.0000
      vertex 25.2287 15.8673 3.0000
    endloop
  endfacet
  facet normal 0.288364 0.935433 0.204478
    outer loop
      vertex 25.4787 16.0088 2.0000
      vertex 25.2287 15.8673 3.0000
      vertex 25.2859 15.8496 3.0000
    endloop
  endfacet
  facet normal 0.241056 0.949158 0.202462
    outer loop
      vertex 25.4207 16.0273 2.0000
      vertex 25.0353 16.1252 2.0000
      vertex 24.8481 15.9594 3.0000
    endloop
  endfacet
  facet normal 0.230807 0.952880 0.196846
    outer loop
      vertex 25.4207 16.0273 2.0000
      vertex 24.8481 15.9594 3.0000
      vertex 25.2287 15.8673 3.0000
    endloop
  endfacet
  facet normal 0.181605 0.963948 0.194484
    outer loop
      vertex 25.0353 16.1252 2.0000
      vertex 24.9739 16.1368 2.0000
      vertex 24.7875 15.9701 3.0000
    endloop
  endfacet
  facet normal 0.170574 0.966431 0.192136
    outer loop
      vertex 25.0353 16.1252 2.0000
      vertex 24.7875 15.9701 3.0000
      vertex 24.8481 15.9594 3.0000
    endloop
  endfacet
  facet normal 0.060234 0.982600 0.175698
    outer loop
      vertex 24.9739 16.1368 2.0000
      vertex 24.9115 16.1406 2.0000
      vertex 24.7259 15.9732 3.0000
    endloop
  endfacet
  facet normal 0.048547 0.983727 0.172984
    outer loop
      vertex 24.9739 16.1368 2.0000
      vertex 24.7259 15.9732 3.0000
      vertex 24.7875 15.9701 3.0000
    endloop
  endfacet
  facet normal -0.062962 0.986045 0.154114
    outer loop
      vertex 24.9115 16.1406 2.0000
      vertex 24.8492 16.1366 2.0000
      vertex 24.6642 15.9685 3.0000
    endloop
  endfacet
  facet normal -0.074457 0.985694 0.151210
    outer loop
      vertex 24.9115 16.1406 2.0000
      vertex 24.6642 15.9685 3.0000
      vertex 24.7259 15.9732 3.0000
    endloop
  endfacet
  facet normal -0.186046 0.973909 0.129954
    outer loop
      vertex 24.8492 16.1366 2.0000
      vertex 24.7879 16.1249 2.0000
      vertex 24.6034 15.9562 3.0000
    endloop
  endfacet
  facet normal -0.196494 0.972235 0.127084
    outer loop
      vertex 24.8492 16.1366 2.0000
      vertex 24.6034 15.9562 3.0000
      vertex 24.6642 15.9685 3.0000
    endloop
  endfacet
  facet normal -0.306967 0.946075 0.103508
    outer loop
      vertex 24.7879 16.1249 2.0000
      vertex 24.7285 16.1056 2.0000
      vertex 24.5444 15.9365 3.0000
    endloop
  endfacet
  facet normal -0.315610 0.943507 0.100920
    outer loop
      vertex 24.7879 16.1249 2.0000
      vertex 24.5444 15.9365 3.0000
      vertex 24.6034 15.9562 3.0000
    endloop
  endfacet
  facet normal -0.365712 0.925708 0.096533
    outer loop
      vertex 24.7285 16.1056 2.0000
      vertex 23.9391 15.7938 2.0000
      vertex 23.7604 15.6189 3.0000
    endloop
  endfacet
  facet normal -0.374028 0.923299 0.087310
    outer loop
      vertex 24.7285 16.1056 2.0000
      vertex 23.7604 15.6189 3.0000
      vertex 24.5444 15.9365 3.0000
    endloop
  endfacet
  facet normal -0.356322 0.929119 0.098855
    outer loop
      vertex 23.9391 15.7938 2.0000
      vertex 23.9343 15.7920 2.0000
      vertex 23.7557 15.6171 3.0000
    endloop
  endfacet
  facet normal -0.365200 0.925897 0.096657
    outer loop
      vertex 23.9391 15.7938 2.0000
      vertex 23.7557 15.6171 3.0000
      vertex 23.7604 15.6189 3.0000
    endloop
  endfacet
  facet normal -0.343753 0.933516 0.101893
    outer loop
      vertex 23.9343 15.7920 2.0000
      vertex 23.9320 15.7911 2.0000
      vertex 23.7534 15.6162 3.0000
    endloop
  endfacet
  facet normal -0.352900 0.930336 0.099679
    outer loop
      vertex 23.9343 15.7920 2.0000
      vertex 23.7534 15.6162 3.0000
      vertex 23.7557 15.6171 3.0000
    endloop
  endfacet
  facet normal -0.336040 0.935013 0.113256
    outer loop
      vertex 23.9320 15.7911 2.0000
      vertex 23.0664 15.4800 2.0000
      vertex 22.8956 15.2975 3.0000
    endloop
  endfacet
  facet normal -0.346472 0.932581 0.101244
    outer loop
      vertex 23.9320 15.7911 2.0000
      vertex 22.8956 15.2975 3.0000
      vertex 23.7534 15.6162 3.0000
    endloop
  endfacet
  facet normal -0.306365 0.944305 0.120121
    outer loop
      vertex 23.0664 15.4800 2.0000
      vertex 23.0585 15.4774 2.0000
      vertex 22.8877 15.2948 3.0000
    endloop
  endfacet
  facet normal -0.317867 0.940836 0.117424
    outer loop
      vertex 23.0664 15.4800 2.0000
      vertex 22.8877 15.2948 3.0000
      vertex 22.8956 15.2975 3.0000
    endloop
  endfacet
  facet normal -0.215909 0.966349 0.139830
    outer loop
      vertex 23.0585 15.4774 2.0000
      vertex 23.0407 15.4735 2.0000
      vertex 22.8702 15.2907 3.0000
    endloop
  endfacet
  facet normal -0.228893 0.963777 0.136905
    outer loop
      vertex 23.0585 15.4774 2.0000
      vertex 22.8702 15.2907 3.0000
      vertex 22.8877 15.2948 3.0000
    endloop
  endfacet
  facet normal -0.093196 0.982080 0.163806
    outer loop
      vertex 23.0407 15.4735 2.0000
      vertex 23.0284 15.4723 2.0000
      vertex 22.8580 15.2893 3.0000
    endloop
  endfacet
  facet normal -0.107284 0.981098 0.161051
    outer loop
      vertex 23.0407 15.4735 2.0000
      vertex 22.8580 15.2893 3.0000
      vertex 22.8702 15.2907 3.0000
    endloop
  endfacet
  facet normal 0.030057 0.982276 0.185012
    outer loop
      vertex 23.0284 15.4723 2.0000
      vertex 23.0160 15.4727 2.0000
      vertex 22.8458 15.2895 3.0000
    endloop
  endfacet
  facet normal 0.015972 0.983060 0.182584
    outer loop
      vertex 23.0284 15.4723 2.0000
      vertex 22.8458 15.2895 3.0000
      vertex 22.8580 15.2893 3.0000
    endloop
  endfacet
  facet normal 0.151928 0.967285 0.203166
    outer loop
      vertex 23.0160 15.4727 2.0000
      vertex 23.0037 15.4746 2.0000
      vertex 22.8337 15.2913 3.0000
    endloop
  endfacet
  facet normal 0.138946 0.969640 0.201228
    outer loop
      vertex 23.0160 15.4727 2.0000
      vertex 22.8337 15.2913 3.0000
      vertex 22.8458 15.2895 3.0000
    endloop
  endfacet
  facet normal 0.270641 0.937661 0.218050
    outer loop
      vertex 23.0037 15.4746 2.0000
      vertex 22.9918 15.4781 2.0000
      vertex 22.8221 15.2945 3.0000
    endloop
  endfacet
  facet normal 0.259720 0.941061 0.216678
    outer loop
      vertex 23.0037 15.4746 2.0000
      vertex 22.8221 15.2945 3.0000
      vertex 22.8337 15.2913 3.0000
    endloop
  endfacet
  facet normal 0.384576 0.894109 0.229501
    outer loop
      vertex 22.9918 15.4781 2.0000
      vertex 22.9804 15.4830 2.0000
      vertex 22.8109 15.2992 3.0000
    endloop
  endfacet
  facet normal 0.376415 0.897784 0.228682
    outer loop
      vertex 22.9918 15.4781 2.0000
      vertex 22.8109 15.2992 3.0000
      vertex 22.8221 15.2945 3.0000
    endloop
  endfacet
  facet normal 0.492254 0.837442 0.237440
    outer loop
      vertex 22.9804 15.4830 2.0000
      vertex 22.9647 15.4922 2.0000
      vertex 22.7956 15.3080 3.0000
    endloop
  endfacet
  facet normal 0.487225 0.840489 0.237044
    outer loop
      vertex 22.9804 15.4830 2.0000
      vertex 22.7956 15.3080 3.0000
      vertex 22.8109 15.2992 3.0000
    endloop
  endfacet
  facet normal 0.568096 0.786888 0.240984
    outer loop
      vertex 22.9647 15.4922 2.0000
      vertex 22.9580 15.4970 2.0000
      vertex 22.7890 15.3127 3.0000
    endloop
  endfacet
  facet normal 0.565426 0.788845 0.240866
    outer loop
      vertex 22.9647 15.4922 2.0000
      vertex 22.7890 15.3127 3.0000
      vertex 22.7956 15.3080 3.0000
    endloop
  endfacet
  facet normal 0.592212 0.768422 0.242513
    outer loop
      vertex 22.9580 15.4970 2.0000
      vertex 22.4635 15.8781 2.0000
      vertex 22.3081 15.6823 3.0000
    endloop
  endfacet
  facet normal 0.591217 0.769452 0.241676
    outer loop
      vertex 22.9580 15.4970 2.0000
      vertex 22.3081 15.6823 3.0000
      vertex 22.7890 15.3127 3.0000
    endloop
  endfacet
  facet normal 0.618703 0.747269 0.242480
    outer loop
      vertex 22.4635 15.8781 2.0000
      vertex 22.4563 15.8840 2.0000
      vertex 22.3012 15.6880 3.0000
    endloop
  endfacet
  facet normal 0.619177 0.746875 0.242482
    outer loop
      vertex 22.4635 15.8781 2.0000
      vertex 22.3012 15.6880 3.0000
      vertex 22.3081 15.6823 3.0000
    endloop
  endfacet
  facet normal 0.693832 0.678744 0.240632
    outer loop
      vertex 22.4563 15.8840 2.0000
      vertex 22.4422 15.8985 2.0000
      vertex 22.2875 15.7021 3.0000
    endloop
  endfacet
  facet normal 0.696370 0.676155 0.240590
    outer loop
      vertex 22.4563 15.8840 2.0000
      vertex 22.2875 15.7021 3.0000
      vertex 22.3012 15.6880 3.0000
    endloop
  endfacet
  facet normal 0.782896 0.576386 0.234209
    outer loop
      vertex 22.4422 15.8985 2.0000
      vertex 22.4340 15.9097 2.0000
      vertex 22.2796 15.7130 3.0000
    endloop
  endfacet
  facet normal 0.787304 0.570504 0.233834
    outer loop
      vertex 22.4422 15.8985 2.0000
      vertex 22.2796 15.7130 3.0000
      vertex 22.2875 15.7021 3.0000
    endloop
  endfacet
  facet normal 0.857817 0.462901 0.223321
    outer loop
      vertex 22.4340 15.9097 2.0000
      vertex 22.4274 15.9218 2.0000
      vertex 22.2733 15.7250 3.0000
    endloop
  endfacet
  facet normal 0.862918 0.453749 0.222450
    outer loop
      vertex 22.4340 15.9097 2.0000
      vertex 22.2733 15.7250 3.0000
      vertex 22.2796 15.7130 3.0000
    endloop
  endfacet
  facet normal 0.917113 0.340044 0.208022
    outer loop
      vertex 22.4274 15.9218 2.0000
      vertex 22.4203 15.9408 2.0000
      vertex 22.2666 15.7437 3.0000
    endloop
  endfacet
  facet normal 0.921747 0.328145 0.206647
    outer loop
      vertex 22.4274 15.9218 2.0000
      vertex 22.2666 15.7437 3.0000
      vertex 22.2733 15.7250 3.0000
    endloop
  endfacet
  facet normal 0.950473 0.242925 0.193876
    outer loop
      vertex 22.4203 15.9408 2.0000
      vertex 22.4180 15.9498 2.0000
      vertex 22.2645 15.7526 3.0000
    endloop
  endfacet
  facet normal 0.954170 0.229602 0.191944
    outer loop
      vertex 22.4203 15.9408 2.0000
      vertex 22.2645 15.7526 3.0000
      vertex 22.2666 15.7437 3.0000
    endloop
  endfacet
  facet normal 0.961597 0.210273 0.176397
    outer loop
      vertex 22.4180 15.9498 2.0000
      vertex 22.2163 16.8724 2.0000
      vertex 22.0785 16.6638 3.0000
    endloop
  endfacet
  facet normal 0.962591 0.196488 0.186576
    outer loop
      vertex 22.4180 15.9498 2.0000
      vertex 22.0785 16.6638 3.0000
      vertex 22.2645 15.7526 3.0000
    endloop
  endfacet
  facet normal 0.968361 0.181540 0.171232
    outer loop
      vertex 22.2163 16.8724 2.0000
      vertex 22.2148 16.8802 2.0000
      vertex 22.0771 16.6716 3.0000
    endloop
  endfacet
  facet normal 0.971100 0.168531 0.169001
    outer loop
      vertex 22.2163 16.8724 2.0000
      vertex 22.0771 16.6716 3.0000
      vertex 22.0785 16.6638 3.0000
    endloop
  endfacet
  facet normal 0.983453 0.094144 0.154781
    outer loop
      vertex 22.2148 16.8802 2.0000
      vertex 22.2127 16.9030 2.0000
      vertex 22.0753 16.6942 3.0000
    endloop
  endfacet
  facet normal 0.984944 0.081247 0.152589
    outer loop
      vertex 22.2148 16.8802 2.0000
      vertex 22.0753 16.6942 3.0000
      vertex 22.0771 16.6716 3.0000
    endloop
  endfacet
  facet normal 0.990536 0.005501 0.137143
    outer loop
      vertex 22.2127 16.9030 2.0000
      vertex 22.2126 16.9110 2.0000
      vertex 22.0753 16.7021 3.0000
    endloop
  endfacet
  facet normal 0.990860 -0.006739 0.134728
    outer loop
      vertex 22.2127 16.9030 2.0000
      vertex 22.0753 16.7021 3.0000
      vertex 22.0753 16.6942 3.0000
    endloop
  endfacet
  facet normal 0.992826 -0.024237 0.117089
    outer loop
      vertex 22.2126 16.9110 2.0000
      vertex 22.2447 18.2240 2.0000
      vertex 22.1214 18.0065 3.0000
    endloop
  endfacet
  facet normal 0.991059 -0.035026 0.128747
    outer loop
      vertex 22.2126 16.9110 2.0000
      vertex 22.1214 18.0065 3.0000
      vertex 22.0753 16.7021 3.0000
    endloop
  endfacet
  facet normal 0.992506 -0.050714 0.111178
    outer loop
      vertex 22.2447 18.2240 2.0000
      vertex 22.2453 18.2360 2.0000
      vertex 22.1221 18.0184 3.0000
    endloop
  endfacet
  facet normal 0.992197 -0.060180 0.109194
    outer loop
      vertex 22.2447 18.2240 2.0000
      vertex 22.1221 18.0184 3.0000
      vertex 22.1214 18.0065 3.0000
    endloop
  endfacet
  facet normal 0.989655 -0.103639 0.099209
    outer loop
      vertex 22.2453 18.2360 2.0000
      vertex 22.2465 18.2479 2.0000
      vertex 22.1235 18.0303 3.0000
    endloop
  endfacet
  facet normal 0.988900 -0.112255 0.097344
    outer loop
      vertex 22.2453 18.2360 2.0000
      vertex 22.1235 18.0303 3.0000
      vertex 22.1221 18.0184 3.0000
    endloop
  endfacet
  facet normal 0.988101 -0.130174 0.081918
    outer loop
      vertex 22.2465 18.2479 2.0000
      vertex 22.4504 19.7953 2.0000
      vertex 22.3380 19.5719 3.0000
    endloop
  endfacet
  facet normal 0.986301 -0.137269 0.091477
    outer loop
      vertex 22.2465 18.2479 2.0000
      vertex 22.3380 19.5719 3.0000
      vertex 22.1235 18.0303 3.0000
    endloop
  endfacet
  facet normal 0.986356 -0.144748 0.078426
    outer loop
      vertex 22.4504 19.7953 2.0000
      vertex 22.4513 19.8018 2.0000
      vertex 22.3390 19.5785 3.0000
    endloop
  endfacet
  facet normal 0.985546 -0.150895 0.077003
    outer loop
      vertex 22.4504 19.7953 2.0000
      vertex 22.3390 19.5785 3.0000
      vertex 22.3380 19.5719 3.0000
    endloop
  endfacet
  facet normal 0.982184 -0.173817 0.071427
    outer loop
      vertex 22.4513 19.8018 2.0000
      vertex 22.4525 19.8084 2.0000
      vertex 22.3402 19.5850 3.0000
    endloop
  endfacet
  facet normal 0.981268 -0.179437 0.070106
    outer loop
      vertex 22.4513 19.8018 2.0000
      vertex 22.3402 19.5850 3.0000
      vertex 22.3390 19.5785 3.0000
    endloop
  endfacet
  facet normal 0.980258 -0.188400 0.059995
    outer loop
      vertex 22.4525 19.8084 2.0000
      vertex 22.7644 21.4314 2.0000
      vertex 22.6596 21.2045 3.0000
    endloop
  endfacet
  facet normal 0.978915 -0.193049 0.066764
    outer loop
      vertex 22.4525 19.8084 2.0000
      vertex 22.6596 21.2045 3.0000
      vertex 22.3402 19.5850 3.0000
    endloop
  endfacet
  facet normal 0.978109 -0.200107 0.057088
    outer loop
      vertex 22.7644 21.4314 2.0000
      vertex 22.7656 21.4373 2.0000
      vertex 22.6608 21.2103 3.0000
    endloop
  endfacet
  facet normal 0.977338 -0.204111 0.056123
    outer loop
      vertex 22.7644 21.4314 2.0000
      vertex 22.6608 21.2103 3.0000
      vertex 22.6596 21.2045 3.0000
    endloop
  endfacet
  facet normal 0.975014 -0.215675 0.053219
    outer loop
      vertex 22.7656 21.4373 2.0000
      vertex 22.7663 21.4402 2.0000
      vertex 22.6615 21.2133 3.0000
    endloop
  endfacet
  facet normal 0.974231 -0.219407 0.052301
    outer loop
      vertex 22.7656 21.4373 2.0000
      vertex 22.6615 21.2133 3.0000
      vertex 22.6608 21.2103 3.0000
    endloop
  endfacet
  facet normal 0.973331 -0.224790 0.045778
    outer loop
      vertex 22.7663 21.4402 2.0000
      vertex 23.1217 22.9792 2.0000
      vertex 23.0218 22.7500 3.0000
    endloop
  endfacet
  facet normal 0.972381 -0.227948 0.050158
    outer loop
      vertex 22.7663 21.4402 2.0000
      vertex 23.0218 22.7500 3.0000
      vertex 22.6615 21.2133 3.0000
    endloop
  endfacet
  facet normal 0.971552 -0.232746 0.043765
    outer loop
      vertex 23.1217 22.9792 2.0000
      vertex 23.1227 22.9832 2.0000
      vertex 23.0227 22.7540 3.0000
    endloop
  endfacet
  facet normal 0.970917 -0.235510 0.043080
    outer loop
      vertex 23.1217 22.9792 2.0000
      vertex 23.0227 22.7540 3.0000
      vertex 23.0218 22.7500 3.0000
    endloop
  endfacet
  facet normal 0.969073 -0.243332 0.041086
    outer loop
      vertex 23.1227 22.9832 2.0000
      vertex 23.1232 22.9852 2.0000
      vertex 23.0232 22.7560 3.0000
    endloop
  endfacet
  facet normal 0.968446 -0.245923 0.040435
    outer loop
      vertex 23.1227 22.9832 2.0000
      vertex 23.0232 22.7560 3.0000
      vertex 23.0227 22.7540 3.0000
    endloop
  endfacet
  facet normal 0.967682 -0.249539 0.036357
    outer loop
      vertex 23.1232 22.9852 2.0000
      vertex 23.4580 24.2835 2.0000
      vertex 23.3610 24.0530 3.0000
    endloop
  endfacet
  facet normal 0.966995 -0.251802 0.038937
    outer loop
      vertex 23.1232 22.9852 2.0000
      vertex 23.3610 24.0530 3.0000
      vertex 23.0232 22.7560 3.0000
    endloop
  endfacet
  facet normal 0.964614 -0.261556 0.033286
    outer loop
      vertex 23.4580 24.2835 2.0000
      vertex 23.4584 24.2852 2.0000
      vertex 23.3614 24.0548 3.0000
    endloop
  endfacet
  facet normal 0.964106 -0.263486 0.032796
    outer loop
      vertex 23.4580 24.2835 2.0000
      vertex 23.3614 24.0548 3.0000
      vertex 23.3610 24.0530 3.0000
    endloop
  endfacet
  facet normal 0.963131 -0.267249 0.030931
    outer loop
      vertex 23.4584 24.2852 2.0000
      vertex 23.5880 24.7522 2.0000
      vertex 23.4919 24.5214 3.0000
    endloop
  endfacet
  facet normal 0.962620 -0.269034 0.031370
    outer loop
      vertex 23.4584 24.2852 2.0000
      vertex 23.4919 24.5214 3.0000
      vertex 23.3614 24.0548 3.0000
    endloop
  endfacet
  facet normal 0.978001 -0.203248 0.046953
    outer loop
      vertex 23.5880 24.7522 2.0000
      vertex 23.6014 24.8165 2.0000
      vertex 23.5054 24.5857 3.0000
    endloop
  endfacet
  facet normal 0.977468 -0.205907 0.046466
    outer loop
      vertex 23.5880 24.7522 2.0000
      vertex 23.5054 24.5857 3.0000
      vertex 23.4919 24.5214 3.0000
    endloop
  endfacet
  facet normal 0.994250 -0.073080 0.078275
    outer loop
      vertex 23.6014 24.8165 2.0000
      vertex 23.6062 24.8821 2.0000
      vertex 23.5105 24.6511 3.0000
    endloop
  endfacet
  facet normal 0.993979 -0.077428 0.077531
    outer loop
      vertex 23.6014 24.8165 2.0000
      vertex 23.5105 24.6511 3.0000
      vertex 23.5054 24.5857 3.0000
    endloop
  endfacet
  facet normal 0.992474 0.057791 0.107957
    outer loop
      vertex 23.6062 24.8821 2.0000
      vertex 23.6024 24.9477 2.0000
      vertex 23.5071 24.7166 3.0000
    endloop
  endfacet
  facet normal 0.992886 0.052119 0.107059
    outer loop
      vertex 23.6062 24.8821 2.0000
      vertex 23.5071 24.7166 3.0000
      vertex 23.5105 24.6511 3.0000
    endloop
  endfacet
  facet normal 0.973006 0.186822 0.135490
    outer loop
      vertex 23.6024 24.9477 2.0000
      vertex 23.5900 25.0122 2.0000
      vertex 23.4951 24.7809 3.0000
    endloop
  endfacet
  facet normal 0.974357 0.180342 0.134554
    outer loop
      vertex 23.6024 24.9477 2.0000
      vertex 23.4951 24.7809 3.0000
      vertex 23.5071 24.7166 3.0000
    endloop
  endfacet
  facet normal 0.936556 0.311643 0.160442
    outer loop
      vertex 23.5900 25.0122 2.0000
      vertex 23.5692 25.0746 2.0000
      vertex 23.4750 24.8430 3.0000
    endloop
  endfacet
  facet normal 0.938906 0.304942 0.159579
    outer loop
      vertex 23.5900 25.0122 2.0000
      vertex 23.4750 24.8430 3.0000
      vertex 23.4951 24.7809 3.0000
    endloop
  endfacet
  facet normal 0.884145 0.430108 0.182469
    outer loop
      vertex 23.5692 25.0746 2.0000
      vertex 23.5405 25.1337 2.0000
      vertex 23.4469 24.9019 3.0000
    endloop
  endfacet
  facet normal 0.887350 0.423759 0.181764
    outer loop
      vertex 23.5692 25.0746 2.0000
      vertex 23.4469 24.9019 3.0000
      vertex 23.4750 24.8430 3.0000
    endloop
  endfacet
  facet normal 0.817026 0.540321 0.201301
    outer loop
      vertex 23.5405 25.1337 2.0000
      vertex 23.5042 25.1885 2.0000
      vertex 23.4113 24.9564 3.0000
    endloop
  endfacet
  facet normal 0.820764 0.534811 0.200807
    outer loop
      vertex 23.5405 25.1337 2.0000
      vertex 23.4113 24.9564 3.0000
      vertex 23.4469 24.9019 3.0000
    endloop
  endfacet
  facet normal 0.736613 0.640644 0.216742
    outer loop
      vertex 23.5042 25.1885 2.0000
      vertex 23.4611 25.2381 2.0000
      vertex 23.3690 25.0057 3.0000
    endloop
  endfacet
  facet normal 0.740437 0.636314 0.216467
    outer loop
      vertex 23.5042 25.1885 2.0000
      vertex 23.3690 25.0057 3.0000
      vertex 23.4113 24.9564 3.0000
    endloop
  endfacet
  facet normal 0.644426 0.729681 0.228650
    outer loop
      vertex 23.4611 25.2381 2.0000
      vertex 23.4118 25.2816 2.0000
      vertex 23.3206 25.0488 3.0000
    endloop
  endfacet
  facet normal 0.647830 0.726688 0.228562
    outer loop
      vertex 23.4611 25.2381 2.0000
      vertex 23.3206 25.0488 3.0000
      vertex 23.3690 25.0057 3.0000
    endloop
  endfacet
  facet normal 0.542052 0.806252 0.236932
    outer loop
      vertex 23.4118 25.2816 2.0000
      vertex 23.3573 25.3182 2.0000
      vertex 23.2669 25.0852 3.0000
    endloop
  endfacet
  facet normal 0.544540 0.804566 0.236961
    outer loop
      vertex 23.4118 25.2816 2.0000
      vertex 23.2669 25.0852 3.0000
      vertex 23.3206 25.0488 3.0000
    endloop
  endfacet
  facet normal 0.431123 0.869366 0.241527
    outer loop
      vertex 23.3573 25.3182 2.0000
      vertex 23.2984 25.3474 2.0000
      vertex 23.2089 25.1140 3.0000
    endloop
  endfacet
  facet normal 0.432274 0.868780 0.241578
    outer loop
      vertex 23.3573 25.3182 2.0000
      vertex 23.2089 25.1140 3.0000
      vertex 23.2669 25.0852 3.0000
    endloop
  endfacet
  facet normal 0.313307 0.918193 0.242406
    outer loop
      vertex 23.2984 25.3474 2.0000
      vertex 23.2362 25.3687 2.0000
      vertex 23.1476 25.1349 3.0000
    endloop
  endfacet
  facet normal 0.312835 0.918363 0.242371
    outer loop
      vertex 23.2984 25.3474 2.0000
      vertex 23.1476 25.1349 3.0000
      vertex 23.2089 25.1140 3.0000
    endloop
  endfacet
  facet normal 0.190315 0.952046 0.239559
    outer loop
      vertex 23.2362 25.3687 2.0000
      vertex 23.1718 25.3815 2.0000
      vertex 23.0840 25.1475 3.0000
    endloop
  endfacet
  facet normal 0.188105 0.952542 0.239332
    outer loop
      vertex 23.2362 25.3687 2.0000
      vertex 23.0840 25.1475 3.0000
      vertex 23.1476 25.1349 3.0000
    endloop
  endfacet
  facet normal 0.063910 0.970374 0.233002
    outer loop
      vertex 23.1718 25.3815 2.0000
      vertex 23.1062 25.3859 2.0000
      vertex 23.0193 25.1515 3.0000
    endloop
  endfacet
  facet normal 0.060039 0.970742 0.232497
    outer loop
      vertex 23.1718 25.3815 2.0000
      vertex 23.0193 25.1515 3.0000
      vertex 23.0840 25.1475 3.0000
    endloop
  endfacet
  facet normal 0.000000 0.984916 0.173031
    outer loop
      vertex 23.1062 25.3859 2.0000
      vertex 0.5000 25.3859 2.0000
      vertex 0.6779 25.2102 3.0000
    endloop
  endfacet
  facet normal 0.002558 0.973561 0.228414
    outer loop
      vertex 23.1062 25.3859 2.0000
      vertex 0.6779 25.2102 3.0000
      vertex 23.0193 25.1515 3.0000
    endloop
  endfacet
  facet normal -0.064294 0.980929 0.183423
    outer loop
      vertex 0.5000 25.3859 2.0000
      vertex 0.4347 25.3816 2.0000
      vertex 0.6130 25.2063 3.0000
    endloop
  endfacet
  facet normal -0.059034 0.981356 0.182906
    outer loop
      vertex 0.5000 25.3859 2.0000
      vertex 0.6130 25.2063 3.0000
      vertex 0.6779 25.2102 3.0000
    endloop
  endfacet
  facet normal -0.191064 0.960542 0.202124
    outer loop
      vertex 0.4347 25.3816 2.0000
      vertex 0.3706 25.3688 2.0000
      vertex 0.5492 25.1939 3.0000
    endloop
  endfacet
  facet normal -0.186246 0.961563 0.201764
    outer loop
      vertex 0.4347 25.3816 2.0000
      vertex 0.5492 25.1939 3.0000
      vertex 0.6130 25.2063 3.0000
    endloop
  endfacet
  facet normal -0.313750 0.924277 0.217423
    outer loop
      vertex 0.3706 25.3688 2.0000
      vertex 0.3087 25.3478 2.0000
      vertex 0.4877 25.1734 3.0000
    endloop
  endfacet
  facet normal -0.309731 0.925678 0.217226
    outer loop
      vertex 0.3706 25.3688 2.0000
      vertex 0.4877 25.1734 3.0000
      vertex 0.5492 25.1939 3.0000
    endloop
  endfacet
  facet normal -0.430517 0.873003 0.229173
    outer loop
      vertex 0.3087 25.3478 2.0000
      vertex 0.2500 25.3189 2.0000
      vertex 0.4295 25.1449 3.0000
    endloop
  endfacet
  facet normal -0.427545 0.874478 0.229113
    outer loop
      vertex 0.3087 25.3478 2.0000
      vertex 0.4295 25.1449 3.0000
      vertex 0.4877 25.1734 3.0000
    endloop
  endfacet
  facet normal -0.539704 0.807724 0.237279
    outer loop
      vertex 0.2500 25.3189 2.0000
      vertex 0.1956 25.2825 2.0000
      vertex 0.3756 25.1091 3.0000
    endloop
  endfacet
  facet normal -0.537894 0.808924 0.237303
    outer loop
      vertex 0.2500 25.3189 2.0000
      vertex 0.3756 25.1091 3.0000
      vertex 0.4295 25.1449 3.0000
    endloop
  endfacet
  facet normal -0.639800 0.729553 0.241678
    outer loop
      vertex 0.1956 25.2825 2.0000
      vertex 0.1464 25.2394 2.0000
      vertex 0.3269 25.0664 3.0000
    endloop
  endfacet
  facet normal -0.639126 0.730132 0.241715
    outer loop
      vertex 0.1956 25.2825 2.0000
      vertex 0.3269 25.0664 3.0000
      vertex 0.3756 25.1091 3.0000
    endloop
  endfacet
  facet normal -0.729429 0.639692 0.242340
    outer loop
      vertex 0.1464 25.2394 2.0000
      vertex 0.1033 25.1902 2.0000
      vertex 0.2843 25.0178 3.0000
    endloop
  endfacet
  facet normal -0.729730 0.639360 0.242308
    outer loop
      vertex 0.1464 25.2394 2.0000
      vertex 0.2843 25.0178 3.0000
      vertex 0.3269 25.0664 3.0000
    endloop
  endfacet
  facet normal -0.807320 0.539434 0.239258
    outer loop
      vertex 0.1033 25.1902 2.0000
      vertex 0.0670 25.1359 2.0000
      vertex 0.2484 24.9639 3.0000
    endloop
  endfacet
  facet normal -0.808332 0.537997 0.239079
    outer loop
      vertex 0.1033 25.1902 2.0000
      vertex 0.2484 24.9639 3.0000
      vertex 0.2843 25.0178 3.0000
    endloop
  endfacet
  facet normal -0.872306 0.430174 0.232451
    outer loop
      vertex 0.0670 25.1359 2.0000
      vertex 0.0381 25.0772 2.0000
      vertex 0.2200 24.9057 3.0000
    endloop
  endfacet
  facet normal -0.873693 0.427560 0.232062
    outer loop
      vertex 0.0670 25.1359 2.0000
      vertex 0.2200 24.9057 3.0000
      vertex 0.2484 24.9639 3.0000
    endloop
  endfacet
  facet normal -0.923309 0.313421 0.221964
    outer loop
      vertex 0.0381 25.0772 2.0000
      vertex 0.0170 25.0153 2.0000
      vertex 0.1994 24.8442 3.0000
    endloop
  endfacet
  facet normal -0.924716 0.309704 0.221325
    outer loop
      vertex 0.0381 25.0772 2.0000
      vertex 0.1994 24.8442 3.0000
      vertex 0.2200 24.9057 3.0000
    endloop
  endfacet
  facet normal -0.959360 0.190829 0.207878
    outer loop
      vertex 0.0170 25.0153 2.0000
      vertex 0.0043 24.9511 2.0000
      vertex 0.1870 24.7805 3.0000
    endloop
  endfacet
  facet normal -0.960459 0.186218 0.206983
    outer loop
      vertex 0.0170 25.0153 2.0000
      vertex 0.1870 24.7805 3.0000
      vertex 0.1994 24.8442 3.0000
    endloop
  endfacet
  facet normal -0.979621 0.064208 0.190318
    outer loop
      vertex 0.0043 24.9511 2.0000
      vertex 0.0000 24.8859 2.0000
      vertex 0.1831 24.7157 3.0000
    endloop
  endfacet
  facet normal -0.980163 0.059035 0.189197
    outer loop
      vertex 0.0043 24.9511 2.0000
      vertex 0.1831 24.7157 3.0000
      vertex 0.1870 24.7805 3.0000
    endloop
  endfacet
  facet normal -0.974398 0.000000 0.224832
    outer loop
      vertex 0.0000 24.8859 2.0000
      vertex 0.0000 1.9374 2.0000
      vertex 0.2307 2.0336 3.0000
    endloop
  endfacet
  facet normal -0.983704 -0.002065 0.179786
    outer loop
      vertex 0.0000 24.8859 2.0000
      vertex 0.2307 2.0336 3.0000
      vertex 0.1831 24.7157 3.0000
    endloop
  endfacet
  facet normal -0.971158 -0.063220 0.229904
    outer loop
      vertex 0.0000 1.9374 2.0000
      vertex 0.0042 1.8726 2.0000
      vertex 0.2346 1.9696 3.0000
    endloop
  endfacet
  facet normal -0.971432 -0.059125 0.229837
    outer loop
      vertex 0.0000 1.9374 2.0000
      vertex 0.2346 1.9696 3.0000
      vertex 0.2307 2.0336 3.0000
    endloop
  endfacet
  facet normal -0.952935 -0.188233 0.237661
    outer loop
      vertex 0.0042 1.8726 2.0000
      vertex 0.0168 1.8089 2.0000
      vertex 0.2469 1.9066 3.0000
    endloop
  endfacet
  facet normal -0.953438 -0.185628 0.237694
    outer loop
      vertex 0.0042 1.8726 2.0000
      vertex 0.2469 1.9066 3.0000
      vertex 0.2346 1.9696 3.0000
    endloop
  endfacet
  facet normal -0.919521 -0.309863 0.241799
    outer loop
      vertex 0.0168 1.8089 2.0000
      vertex 0.0376 1.7473 2.0000
      vertex 0.2673 1.8459 3.0000
    endloop
  endfacet
  facet normal -0.919842 -0.308873 0.241843
    outer loop
      vertex 0.0168 1.8089 2.0000
      vertex 0.2673 1.8459 3.0000
      vertex 0.2469 1.9066 3.0000
    endloop
  endfacet
  facet normal -0.871477 -0.426406 0.242292
    outer loop
      vertex 0.0376 1.7473 2.0000
      vertex 0.0661 1.6890 2.0000
      vertex 0.2955 1.7883 3.0000
    endloop
  endfacet
  facet normal -0.871208 -0.426982 0.242247
    outer loop
      vertex 0.0376 1.7473 2.0000
      vertex 0.2955 1.7883 3.0000
      vertex 0.2673 1.8459 3.0000
    endloop
  endfacet
  facet normal -0.809493 -0.536224 0.239135
    outer loop
      vertex 0.0661 1.6890 2.0000
      vertex 0.1020 1.6348 2.0000
      vertex 0.3310 1.7350 3.0000
    endloop
  endfacet
  facet normal -0.808283 -0.538149 0.238903
    outer loop
      vertex 0.0661 1.6890 2.0000
      vertex 0.3310 1.7350 3.0000
      vertex 0.2955 1.7883 3.0000
    endloop
  endfacet
  facet normal -0.734385 -0.637727 0.232343
    outer loop
      vertex 0.1020 1.6348 2.0000
      vertex 0.1446 1.5857 2.0000
      vertex 0.3733 1.6867 3.0000
    endloop
  endfacet
  facet normal -0.731995 -0.640648 0.231846
    outer loop
      vertex 0.1020 1.6348 2.0000
      vertex 0.3733 1.6867 3.0000
      vertex 0.3310 1.7350 3.0000
    endloop
  endfacet
  facet normal -0.647115 -0.729367 0.221959
    outer loop
      vertex 0.1446 1.5857 2.0000
      vertex 0.1932 1.5426 2.0000
      vertex 0.4215 1.6443 3.0000
    endloop
  endfacet
  facet normal -0.643457 -0.732841 0.221149
    outer loop
      vertex 0.1446 1.5857 2.0000
      vertex 0.4215 1.6443 3.0000
      vertex 0.3733 1.6867 3.0000
    endloop
  endfacet
  facet normal -0.548811 -0.809641 0.208056
    outer loop
      vertex 0.1932 1.5426 2.0000
      vertex 0.2469 1.5062 2.0000
      vertex 0.4750 1.6086 3.0000
    endloop
  endfacet
  facet normal -0.543968 -0.813192 0.206925
    outer loop
      vertex 0.1932 1.5426 2.0000
      vertex 0.4750 1.6086 3.0000
      vertex 0.4215 1.6443 3.0000
    endloop
  endfacet
  facet normal -0.440794 -0.877106 0.190750
    outer loop
      vertex 0.2469 1.5062 2.0000
      vertex 0.3050 1.4770 2.0000
      vertex 0.5328 1.5800 3.0000
    endloop
  endfacet
  facet normal -0.435023 -0.880288 0.189336
    outer loop
      vertex 0.2469 1.5062 2.0000
      vertex 0.5328 1.5800 3.0000
      vertex 0.4750 1.6086 3.0000
    endloop
  endfacet
  facet normal -0.324601 -0.930410 0.170208
    outer loop
      vertex 0.3050 1.4770 2.0000
      vertex 0.3663 1.4556 2.0000
      vertex 0.5939 1.5592 3.0000
    endloop
  endfacet
  facet normal -0.318310 -0.932875 0.168593
    outer loop
      vertex 0.3050 1.4770 2.0000
      vertex 0.5939 1.5592 3.0000
      vertex 0.5328 1.5800 3.0000
    endloop
  endfacet
  facet normal -0.263759 -0.950552 0.163958
    outer loop
      vertex 0.3663 1.4556 2.0000
      vertex 1.1502 1.2381 2.0000
      vertex 1.3746 1.3483 3.0000
    endloop
  endfacet
  facet normal -0.257471 -0.953395 0.157312
    outer loop
      vertex 0.3663 1.4556 2.0000
      vertex 1.3746 1.3483 3.0000
      vertex 0.5939 1.5592 3.0000
    endloop
  endfacet
  facet normal 0.000000 0.000000 1.000000
    outer loop
      vertex 0.5939 1.5592 3.0000
      vertex 1.3746 1.3483 3.0000
      vertex 1.3834 1.3460 3.0000
    endloop
  endfacet
  facet normal 0.000000 0.000000 1.000000
    outer loop
      vertex 0.5939 1.5592 3.0000
      vertex 1.3834 1.3460 3.0000
      vertex 2.6631 1.0260 3.0000
    endloop
  endfacet
  facet normal 0.000000 0.000000 1.000000
    outer loop
      vertex 0.5939 1.5592 3.0000
      vertex 2.6631 1.0260 3.0000
      vertex 2.6754 1.0231 3.0000
    endloop
  endfacet
  facet normal 0.000000 0.000000 1.000000
    outer loop
      vertex 0.5939 1.5592 3.0000
      vertex 2.6754 1.0231 3.0000
      vertex 4.1916 0.6853 3.0000
    endloop
  endfacet
  facet normal 0.000000 0.000000 1.000000
    outer loop
      vertex 0.5939 1.5592 3.0000
      vertex 4.1916 0.6853 3.0000
      vertex 4.2097 0.6817 3.0000
    endloop
  endfacet
  facet normal 0.000000 0.000000 1.000000
    outer loop
      vertex 0.5939 1.5592 3.0000
      vertex 4.2097 0.6817 3.0000
      vertex 5.7996 0.3899 3.0000
    endloop
  endfacet
  facet normal 0.000000 0.000000 1.000000
    outer loop
      vertex 0.5939 1.5592 3.0000
      vertex 5.7996 0.3899 3.0000
      vertex 5.8285 0.3855 3.0000
    endloop
  endfacet
  facet normal 0.000000 0.000000 1.000000
    outer loop
      vertex 0.5939 1.5592 3.0000
      vertex 5.8285 0.3855 3.0000
      vertex 7.3239 0.2022 3.0000
    endloop
  endfacet
  facet normal 0.000000 0.000000 1.000000
    outer loop
      vertex 0.5939 1.5592 3.0000
      vertex 7.3239 0.2022 3.0000
      vertex 7.3765 0.1986 3.0000
    endloop
  endfacet
  facet normal 0.000000 0.000000 1.000000
    outer loop
      vertex 0.5939 1.5592 3.0000
      vertex 7.3765 0.1986 3.0000
      vertex 8.5876 0.1809 3.0000
    endloop
  endfacet
  facet normal 0.000000 0.000000 1.000000
    outer loop
      vertex 0.5939 1.5592 3.0000
      vertex 8.5876 0.1809 3.0000
      vertex 8.6468 0.1836 3.0000
    endloop
  endfacet
  facet normal 0.000000 0.000000 1.000000
    outer loop
      vertex 0.5939 1.5592 3.0000
      vertex 8.6468 0.1836 3.0000
      vertex 8.7054 0.1934 3.0000
    endloop
  endfacet
  facet normal 0.000000 0.000000 1.000000
    outer loop
      vertex 0.5939 1.5592 3.0000
      vertex 8.7054 0.1934 3.0000
      vertex 9.3538 0.3418 3.0000
    endloop
  endfacet
  facet normal 0.000000 0.000000 1.000000
    outer loop
      vertex 0.5939 1.5592 3.0000
      vertex 9.3538 0.3418 3.0000
      vertex 9.4202 0.3620 3.0000
    endloop
  endfacet
  facet normal 0.000000 0.000000 1.000000
    outer loop
      vertex 0.5939 1.5592 3.0000
      vertex 9.4202 0.3620 3.0000
      vertex 9.4834 0.3912 3.0000
    endloop
  endfacet
  facet normal 0.000000 0.000000 1.000000
    outer loop
      vertex 0.5939 1.5592 3.0000
      vertex 9.4834 0.3912 3.0000
      vertex 9.5420 0.4288 3.0000
    endloop
  endfacet
  facet normal 0.000000 0.000000 1.000000
    outer loop
      vertex 0.5939 1.5592 3.0000
      vertex 9.5420 0.4288 3.0000
      vertex 9.5951 0.4742 3.0000
    endloop
  endfacet
  facet normal 0.000000 0.000000 1.000000
    outer loop
      vertex 0.5939 1.5592 3.0000
      vertex 9.5951 0.4742 3.0000
      vertex 9.6414 0.5264 3.0000
    endloop
  endfacet
  facet normal 0.000000 0.000000 1.000000
    outer loop
      vertex 0.5939 1.5592 3.0000
      vertex 9.6414 0.5264 3.0000
      vertex 9.6988 0.6006 3.0000
    endloop
  endfacet
  facet normal 0.000000 0.000000 1.000000
    outer loop
      vertex 0.5939 1.5592 3.0000
      vertex 9.6988 0.6006 3.0000
      vertex 9.7339 0.6523 3.0000
    endloop
  endfacet
  facet normal 0.000000 0.000000 1.000000
    outer loop
      vertex 0.5939 1.5592 3.0000
      vertex 9.7339 0.6523 3.0000
      vertex 9.7624 0.7079 3.0000
    endloop
  endfacet
  facet normal 0.000000 0.000000 1.000000
    outer loop
      vertex 0.5939 1.5592 3.0000
      vertex 9.7624 0.7079 3.0000
      vertex 9.7839 0.7665 3.0000
    endloop
  endfacet
  facet normal 0.000000 0.000000 1.000000
    outer loop
      vertex 0.5939 1.5592 3.0000
      vertex 9.7839 0.7665 3.0000
      vertex 9.7980 0.8271 3.0000
    endloop
  endfacet
  facet normal 0.000000 0.000000 1.000000
    outer loop
      vertex 0.5939 1.5592 3.0000
      vertex 9.7980 0.8271 3.0000
      vertex 9.8044 0.8889 3.0000
    endloop
  endfacet
  facet normal 0.000000 0.000000 1.000000
    outer loop
      vertex 0.5939 1.5592 3.0000
      vertex 9.8044 0.8889 3.0000
      vertex 9.8031 0.9508 3.0000
    endloop
  endfacet
  facet normal 0.000000 0.000000 1.000000
    outer loop
      vertex 0.5939 1.5592 3.0000
      vertex 9.8031 0.9508 3.0000
      vertex 9.7941 1.0118 3.0000
    endloop
  endfacet
  facet normal 0.000000 0.000000 1.000000
    outer loop
      vertex 0.5939 1.5592 3.0000
      vertex 9.7941 1.0118 3.0000
      vertex 9.7776 1.0711 3.0000
    endloop
  endfacet
  facet normal -0.000000 0.000000 1.000000
    outer loop
      vertex 0.5939 1.5592 3.0000
      vertex 9.7776 1.0711 3.0000
      vertex 9.5862 1.6196 3.0000
    endloop
  endfacet
  facet normal 0.000000 0.000000 1.000000
    outer loop
      vertex 0.5939 1.5592 3.0000
      vertex 9.5862 1.6196 3.0000
      vertex 9.5809 1.6340 3.0000
    endloop
  endfacet
  facet normal 0.000000 0.000000 1.000000
    outer loop
      vertex 0.5939 1.5592 3.0000
      vertex 9.5809 1.6340 3.0000
      vertex 9.2185 2.5732 3.0000
    endloop
  endfacet
  facet normal 0.000000 0.000000 1.000000
    outer loop
      vertex 0.5939 1.5592 3.0000
      vertex 9.2185 2.5732 3.0000
      vertex 9.2158 2.5809 3.0000
    endloop
  endfacet
  facet normal 0.000000 0.000000 1.000000
    outer loop
      vertex 0.5939 1.5592 3.0000
      vertex 9.2158 2.5809 3.0000
      vertex 9.2116 2.5981 3.0000
    endloop
  endfacet
  facet normal 0.000000 0.000000 1.000000
    outer loop
      vertex 0.5939 1.5592 3.0000
      vertex 9.2116 2.5981 3.0000
      vertex 9.2102 2.6102 3.0000
    endloop
  endfacet
  facet normal 0.000000 0.000000 1.000000
    outer loop
      vertex 0.5939 1.5592 3.0000
      vertex 9.2102 2.6102 3.0000
      vertex 9.2103 2.6224 3.0000
    endloop
  endfacet
  facet normal 0.000000 0.000000 1.000000
    outer loop
      vertex 0.5939 1.5592 3.0000
      vertex 9.2103 2.6224 3.0000
      vertex 9.2127 2.6402 3.0000
    endloop
  endfacet
  facet normal 0.000000 0.000000 1.000000
    outer loop
      vertex 0.5939 1.5592 3.0000
      vertex 9.2127 2.6402 3.0000
      vertex 9.2146 2.6482 3.0000
    endloop
  endfacet
  facet normal 0.000000 0.000000 1.000000
    outer loop
      vertex 0.5939 1.5592 3.0000
      vertex 9.2146 2.6482 3.0000
      vertex 9.4100 3.3801 3.0000
    endloop
  endfacet
  facet normal 0.000000 0.000000 1.000000
    outer loop
      vertex 0.5939 1.5592 3.0000
      vertex 9.4100 3.3801 3.0000
      vertex 9.4123 3.3878 3.0000
    endloop
  endfacet
  facet normal 0.000000 0.000000 1.000000
    outer loop
      vertex 0.5939 1.5592 3.0000
      vertex 9.4123 3.3878 3.0000
      vertex 9.4188 3.4041 3.0000
    endloop
  endfacet
  facet normal 0.000000 0.000000 1.000000
    outer loop
      vertex 0.5939 1.5592 3.0000
      vertex 9.4188 3.4041 3.0000
      vertex 9.4246 3.4146 3.0000
    endloop
  endfacet
  facet normal 0.000000 0.000000 1.000000
    outer loop
      vertex 0.5939 1.5592 3.0000
      vertex 9.4246 3.4146 3.0000
      vertex 9.4316 3.4244 3.0000
    endloop
  endfacet
  facet normal 0.000000 0.000000 1.000000
    outer loop
      vertex 0.5939 1.5592 3.0000
      vertex 9.4316 3.4244 3.0000
      vertex 9.4435 3.4374 3.0000
    endloop
  endfacet
  facet normal 0.000000 0.000000 1.000000
    outer loop
      vertex 0.5939 1.5592 3.0000
      vertex 9.4435 3.4374 3.0000
      vertex 9.4495 3.4429 3.0000
    endloop
  endfacet
  facet normal 0.000000 0.000000 1.000000
    outer loop
      vertex 0.5939 1.5592 3.0000
      vertex 9.4495 3.4429 3.0000
      vertex 10.0629 3.9714 3.0000
    endloop
  endfacet
  facet normal 0.000000 0.000000 1.000000
    outer loop
      vertex 0.5939 1.5592 3.0000
      vertex 10.0629 3.9714 3.0000
      vertex 10.0693 3.9766 3.0000
    endloop
  endfacet
  facet normal 0.000000 0.000000 1.000000
    outer loop
      vertex 0.5939 1.5592 3.0000
      vertex 10.0693 3.9766 3.0000
      vertex 10.0843 3.9866 3.0000
    endloop
  endfacet
  facet normal 0.000000 0.000000 1.000000
    outer loop
      vertex 0.5939 1.5592 3.0000
      vertex 10.0843 3.9866 3.0000
      vertex 10.1003 3.9947 3.0000
    endloop
  endfacet
  facet normal 0.000000 0.000000 1.000000
    outer loop
      vertex 0.5939 1.5592 3.0000
      vertex 10.1003 3.9947 3.0000
      vertex 10.1080 3.9978 3.0000
    endloop
  endfacet
  facet normal 0.000000 0.000000 1.000000
    outer loop
      vertex 0.5939 1.5592 3.0000
      vertex 10.1080 3.9978 3.0000
      vertex 11.0005 4.3235 3.0000
    endloop
  endfacet
  facet normal 0.000000 0.000000 1.000000
    outer loop
      vertex 0.5939 1.5592 3.0000
      vertex 11.0005 4.3235 3.0000
      vertex 11.0080 4.3260 3.0000
    endloop
  endfacet
  facet normal 0.000000 0.000000 1.000000
    outer loop
      vertex 14.8551 2.6504 3.0000
      vertex 14.4788 1.6939 3.0000
      vertex 14.4733 1.6793 3.0000
    endloop
  endfacet
  facet normal 0.000000 0.000000 1.000000
    outer loop
      vertex 14.8551 2.6504 3.0000
      vertex 14.4733 1.6793 3.0000
      vertex 14.2733 1.1223 3.0000
    endloop
  endfacet
  facet normal 0.000000 0.000000 1.000000
    outer loop
      vertex 14.8551 2.6504 3.0000
      vertex 14.2733 1.1223 3.0000
      vertex 14.2558 1.0622 3.0000
    endloop
  endfacet
  facet normal 0.000000 0.000000 1.000000
    outer loop
      vertex 14.8551 2.6504 3.0000
      vertex 14.2558 1.0622 3.0000
      vertex 14.2457 1.0006 3.0000
    endloop
  endfacet
  facet normal 0.000000 0.000000 1.000000
    outer loop
      vertex 14.8551 2.6504 3.0000
      vertex 14.2457 1.0006 3.0000
      vertex 14.2432 0.9382 3.0000
    endloop
  endfacet
  facet normal 0.000000 0.000000 1.000000
    outer loop
      vertex 14.8579 2.6582 3.0000
      vertex 14.8551 2.6504 3.0000
      vertex 14.2432 0.9382 3.0000
    endloop
  endfacet
  facet normal 0.000000 0.000000 1.000000
    outer loop
      vertex 14.8579 2.6582 3.0000
      vertex 14.2432 0.9382 3.0000
      vertex 14.2483 0.8762 3.0000
    endloop
  endfacet
  facet normal 0.000000 0.000000 1.000000
    outer loop
      vertex 14.8579 2.6582 3.0000
      vertex 14.2483 0.8762 3.0000
      vertex 14.2610 0.8154 3.0000
    endloop
  endfacet
  facet normal 0.000000 0.000000 1.000000
    outer loop
      vertex 14.8579 2.6582 3.0000
      vertex 14.2610 0.8154 3.0000
      vertex 14.2811 0.7568 3.0000
    endloop
  endfacet
  facet normal 0.000000 0.000000 1.000000
    outer loop
      vertex 14.8579 2.6582 3.0000
      vertex 14.2811 0.7568 3.0000
      vertex 14.3082 0.7014 3.0000
    endloop
  endfacet
  facet normal 0.000000 0.000000 1.000000
    outer loop
      vertex 14.8579 2.6582 3.0000
      vertex 14.3082 0.7014 3.0000
      vertex 14.3419 0.6500 3.0000
    endloop
  endfacet
  facet normal 0.000000 0.000000 1.000000
    outer loop
      vertex 14.8625 2.6758 3.0000
      vertex 14.8579 2.6582 3.0000
      vertex 14.3419 0.6500 3.0000
    endloop
  endfacet
  facet normal 0.000000 0.000000 1.000000
    outer loop
      vertex 14.8625 2.6758 3.0000
      vertex 14.3419 0.6500 3.0000
      vertex 14.3971 0.5763 3.0000
    endloop
  endfacet
  facet normal 0.000000 0.000000 1.000000
    outer loop
      vertex 14.8625 2.6758 3.0000
      vertex 14.3971 0.5763 3.0000
      vertex 14.4419 0.5246 3.0000
    endloop
  endfacet
  facet normal 0.000000 0.000000 1.000000
    outer loop
      vertex 14.8625 2.6758 3.0000
      vertex 14.4419 0.5246 3.0000
      vertex 14.4935 0.4799 3.0000
    endloop
  endfacet
  facet normal 0.000000 0.000000 1.000000
    outer loop
      vertex 14.8625 2.6758 3.0000
      vertex 14.4935 0.4799 3.0000
      vertex 14.5507 0.4430 3.0000
    endloop
  endfacet
  facet normal 0.000000 0.000000 1.000000
    outer loop
      vertex 14.8625 2.6758 3.0000
      vertex 14.5507 0.4430 3.0000
      vertex 14.6125 0.4147 3.0000
    endloop
  endfacet
  facet normal 0.000000 0.000000 1.000000
    outer loop
      vertex 14.8641 2.6880 3.0000
      vertex 14.8625 2.6758 3.0000
      vertex 14.6125 0.4147 3.0000
    endloop
  endfacet
  facet normal 0.000000 0.000000 1.000000
    outer loop
      vertex 14.8641 2.6880 3.0000
      vertex 14.6125 0.4147 3.0000
      vertex 14.6777 0.3956 3.0000
    endloop
  endfacet
  facet normal 0.000000 0.000000 1.000000
    outer loop
      vertex 14.8641 2.6880 3.0000
      vertex 14.6777 0.3956 3.0000
      vertex 15.3142 0.2567 3.0000
    endloop
  endfacet
  facet normal 0.000000 0.000000 1.000000
    outer loop
      vertex 14.8643 2.7004 3.0000
      vertex 14.8641 2.6880 3.0000
      vertex 15.3142 0.2567 3.0000
    endloop
  endfacet
  facet normal 0.000000 0.000000 1.000000
    outer loop
      vertex 14.8643 2.7004 3.0000
      vertex 15.3142 0.2567 3.0000
      vertex 15.3718 0.2477 3.0000
    endloop
  endfacet
  facet normal 0.000000 0.000000 1.000000
    outer loop
      vertex 14.8623 2.7183 3.0000
      vertex 14.8643 2.7004 3.0000
      vertex 15.3718 0.2477 3.0000
    endloop
  endfacet
  facet normal 0.000000 0.000000 1.000000
    outer loop
      vertex 14.8606 2.7263 3.0000
      vertex 14.8623 2.7183 3.0000
      vertex 15.3718 0.2477 3.0000
    endloop
  endfacet
  facet normal 0.000000 0.000000 1.000000
    outer loop
      vertex 14.8606 2.7263 3.0000
      vertex 15.3718 0.2477 3.0000
      vertex 15.4301 0.2459 3.0000
    endloop
  endfacet
  facet normal 0.000000 0.000000 1.000000
    outer loop
      vertex 14.8606 2.7263 3.0000
      vertex 15.4301 0.2459 3.0000
      vertex 16.6200 0.2796 3.0000
    endloop
  endfacet
  facet normal 0.000000 0.000000 1.000000
    outer loop
      vertex 14.6880 3.4614 3.0000
      vertex 14.8606 2.7263 3.0000
      vertex 16.6200 0.2796 3.0000
    endloop
  endfacet
  facet normal 0.000000 0.000000 1.000000
    outer loop
      vertex 14.6859 3.4691 3.0000
      vertex 14.6880 3.4614 3.0000
      vertex 16.6200 0.2796 3.0000
    endloop
  endfacet
  facet normal 0.000000 0.000000 1.000000
    outer loop
      vertex 14.6800 3.4854 3.0000
      vertex 14.6859 3.4691 3.0000
      vertex 16.6200 0.2796 3.0000
    endloop
  endfacet
  facet normal 0.000000 0.000000 1.000000
    outer loop
      vertex 14.6800 3.4854 3.0000
      vertex 16.6200 0.2796 3.0000
      vertex 16.6717 0.2838 3.0000
    endloop
  endfacet
  facet normal 0.000000 0.000000 1.000000
    outer loop
      vertex 14.6800 3.4854 3.0000
      vertex 16.6717 0.2838 3.0000
      vertex 18.1377 0.4807 3.0000
    endloop
  endfacet
  facet normal 0.000000 0.000000 1.000000
    outer loop
      vertex 14.6746 3.4959 3.0000
      vertex 14.6800 3.4854 3.0000
      vertex 18.1377 0.4807 3.0000
    endloop
  endfacet
  facet normal 0.000000 0.000000 1.000000
    outer loop
      vertex 14.6680 3.5056 3.0000
      vertex 14.6746 3.4959 3.0000
      vertex 18.1377 0.4807 3.0000
    endloop
  endfacet
  facet normal 0.000000 0.000000 1.000000
    outer loop
      vertex 14.6568 3.5185 3.0000
      vertex 14.6680 3.5056 3.0000
      vertex 18.1377 0.4807 3.0000
    endloop
  endfacet
  facet normal 0.000000 0.000000 1.000000
    outer loop
      vertex 14.6511 3.5239 3.0000
      vertex 14.6568 3.5185 3.0000
      vertex 18.1377 0.4807 3.0000
    endloop
  endfacet
  facet normal 0.000000 0.000000 1.000000
    outer loop
      vertex 14.0671 4.0393 3.0000
      vertex 14.6511 3.5239 3.0000
      vertex 18.1377 0.4807 3.0000
    endloop
  endfacet
  facet normal 0.000000 0.000000 1.000000
    outer loop
      vertex 14.0671 4.0393 3.0000
      vertex 18.1377 0.4807 3.0000
      vertex 18.1660 0.4853 3.0000
    endloop
  endfacet
  facet normal 0.000000 0.000000 1.000000
    outer loop
      vertex 14.0671 4.0393 3.0000
      vertex 18.1660 0.4853 3.0000
      vertex 19.7227 0.7830 3.0000
    endloop
  endfacet
  facet normal 0.000000 0.000000 1.000000
    outer loop
      vertex 14.0610 4.0443 3.0000
      vertex 14.0671 4.0393 3.0000
      vertex 19.7227 0.7830 3.0000
    endloop
  endfacet
  facet normal 0.000000 0.000000 1.000000
    outer loop
      vertex 14.0610 4.0443 3.0000
      vertex 19.7227 0.7830 3.0000
      vertex 19.7403 0.7867 3.0000
    endloop
  endfacet
  facet normal 0.000000 0.000000 1.000000
    outer loop
      vertex 14.0610 4.0443 3.0000
      vertex 19.7403 0.7867 3.0000
      vertex 21.2262 1.1223 3.0000
    endloop
  endfacet
  facet normal 0.000000 0.000000 1.000000
    outer loop
      vertex 14.0466 4.0539 3.0000
      vertex 14.0610 4.0443 3.0000
      vertex 21.2262 1.1223 3.0000
    endloop
  endfacet
  facet normal 0.000000 0.000000 1.000000
    outer loop
      vertex 14.0466 4.0539 3.0000
      vertex 21.2262 1.1223 3.0000
      vertex 21.2382 1.1251 3.0000
    endloop
  endfacet
  facet normal 0.000000 0.000000 1.000000
    outer loop
      vertex 14.0466 4.0539 3.0000
      vertex 21.2382 1.1251 3.0000
      vertex 22.4953 1.4389 3.0000
    endloop
  endfacet
  facet normal 0.000000 0.000000 1.000000
    outer loop
      vertex 14.0312 4.0616 3.0000
      vertex 14.0466 4.0539 3.0000
      vertex 22.4953 1.4389 3.0000
    endloop
  endfacet
  facet normal 0.000000 0.000000 1.000000
    outer loop
      vertex 14.0238 4.0645 3.0000
      vertex 14.0312 4.0616 3.0000
      vertex 22.4953 1.4389 3.0000
    endloop
  endfacet
  facet normal 0.000000 0.000000 1.000000
    outer loop
      vertex 13.1562 4.3620 3.0000
      vertex 14.0238 4.0645 3.0000
      vertex 22.4953 1.4389 3.0000
    endloop
  endfacet
  facet normal 0.000000 0.000000 1.000000
    outer loop
      vertex 13.1562 4.3620 3.0000
      vertex 22.4953 1.4389 3.0000
      vertex 22.5039 1.4412 3.0000
    endloop
  endfacet
  facet normal 0.000000 0.000000 1.000000
    outer loop
      vertex 13.1562 4.3620 3.0000
      vertex 22.5039 1.4412 3.0000
      vertex 23.1336 1.6097 3.0000
    endloop
  endfacet
  facet normal 0.000000 0.000000 1.000000
    outer loop
      vertex 13.1489 4.3642 3.0000
      vertex 13.1562 4.3620 3.0000
      vertex 23.1336 1.6097 3.0000
    endloop
  endfacet
  facet normal 0.000000 0.000000 1.000000
    outer loop
      vertex 13.1489 4.3642 3.0000
      vertex 23.1336 1.6097 3.0000
      vertex 23.1941 1.6303 3.0000
    endloop
  endfacet
  facet normal 0.000000 0.000000 1.000000
    outer loop
      vertex 13.1489 4.3642 3.0000
      vertex 23.1941 1.6303 3.0000
      vertex 23.2513 1.6587 3.0000
    endloop
  endfacet
  facet normal 0.000000 0.000000 1.000000
    outer loop
      vertex 13.1489 4.3642 3.0000
      vertex 23.2513 1.6587 3.0000
      vertex 23.3041 1.6945 3.0000
    endloop
  endfacet
  facet normal 0.000000 0.000000 1.000000
    outer loop
      vertex 13.1489 4.3642 3.0000
      vertex 23.3041 1.6945 3.0000
      vertex 23.3516 1.7369 3.0000
    endloop
  endfacet
  facet normal 0.000000 0.000000 1.000000
    outer loop
      vertex 13.1489 4.3642 3.0000
      vertex 23.3516 1.7369 3.0000
      vertex 23.3931 1.7854 3.0000
    endloop
  endfacet
  facet normal 0.000000 0.000000 1.000000
    outer loop
      vertex 13.1489 4.3642 3.0000
      vertex 23.3931 1.7854 3.0000
      vertex 23.4277 1.8391 3.0000
    endloop
  endfacet
  facet normal 0.000000 0.000000 1.000000
    outer loop
      vertex 13.1489 4.3642 3.0000
      vertex 23.4277 1.8391 3.0000
      vertex 23.4550 1.8970 3.0000
    endloop
  endfacet
  facet normal 0.000000 0.000000 1.000000
    outer loop
      vertex 13.1489 4.3642 3.0000
      vertex 23.4550 1.8970 3.0000
      vertex 23.4744 1.9581 3.0000
    endloop
  endfacet
  facet normal 0.000000 0.000000 1.000000
    outer loop
      vertex 13.1489 4.3642 3.0000
      vertex 23.4744 1.9581 3.0000
      vertex 23.4856 2.0215 3.0000
    endloop
  endfacet
  facet normal 0.000000 0.000000 1.000000
    outer loop
      vertex 13.1489 4.3642 3.0000
      vertex 23.4856 2.0215 3.0000
      vertex 23.4884 2.0860 3.0000
    endloop
  endfacet
  facet normal 0.000000 0.000000 1.000000
    outer loop
      vertex 13.1489 4.3642 3.0000
      vertex 23.4884 2.0860 3.0000
      vertex 23.4828 2.1505 3.0000
    endloop
  endfacet
  facet normal 0.000000 0.000000 1.000000
    outer loop
      vertex 13.1489 4.3642 3.0000
      vertex 23.4828 2.1505 3.0000
      vertex 23.4688 2.2139 3.0000
    endloop
  endfacet
  facet normal 0.000000 0.000000 1.000000
    outer loop
      vertex 13.1489 4.3642 3.0000
      vertex 23.4688 2.2139 3.0000
      vertex 23.2801 2.8653 3.0000
    endloop
  endfacet
  facet normal 0.000000 0.000000 1.000000
    outer loop
      vertex 13.1489 4.3642 3.0000
      vertex 23.2801 2.8653 3.0000
      vertex 23.2796 2.8671 3.0000
    endloop
  endfacet
  facet normal 0.000000 0.000000 1.000000
    outer loop
      vertex 13.1489 4.3642 3.0000
      vertex 23.2796 2.8671 3.0000
      vertex 22.9311 4.1460 3.0000
    endloop
  endfacet
  facet normal 0.000000 0.000000 1.000000
    outer loop
      vertex 13.1271 4.3687 3.0000
      vertex 13.1489 4.3642 3.0000
      vertex 22.9311 4.1460 3.0000
    endloop
  endfacet
  facet normal 0.000000 0.000000 1.000000
    outer loop
      vertex 13.1195 4.3696 3.0000
      vertex 13.1271 4.3687 3.0000
      vertex 22.9311 4.1460 3.0000
    endloop
  endfacet
  facet normal 0.000000 0.000000 1.000000
    outer loop
      vertex 12.0997 4.4548 3.0000
      vertex 13.1195 4.3696 3.0000
      vertex 22.9311 4.1460 3.0000
    endloop
  endfacet
  facet normal 0.000000 0.000000 1.000000
    outer loop
      vertex 12.0931 4.4552 3.0000
      vertex 12.0997 4.4548 3.0000
      vertex 22.9311 4.1460 3.0000
    endloop
  endfacet
  facet normal 0.000000 0.000000 1.000000
    outer loop
      vertex 12.0931 4.4552 3.0000
      vertex 22.9311 4.1460 3.0000
      vertex 22.9301 4.1500 3.0000
    endloop
  endfacet
  facet normal 0.000000 0.000000 1.000000
    outer loop
      vertex 12.0931 4.4552 3.0000
      vertex 22.9301 4.1500 3.0000
      vertex 22.9296 4.1519 3.0000
    endloop
  endfacet
  facet normal -0.000000 0.000000 1.000000
    outer loop
      vertex 12.0931 4.4552 3.0000
      vertex 22.9296 4.1519 3.0000
      vertex 22.5534 5.6617 3.0000
    endloop
  endfacet
  facet normal 0.000000 0.000000 1.000000
    outer loop
      vertex 12.0739 4.4548 3.0000
      vertex 12.0931 4.4552 3.0000
      vertex 22.5534 5.6617 3.0000
    endloop
  endfacet
  facet normal 0.000000 0.000000 1.000000
    outer loop
      vertex 12.0672 4.4542 3.0000
      vertex 12.0739 4.4548 3.0000
      vertex 22.5534 5.6617 3.0000
    endloop
  endfacet
  facet normal 0.000000 0.000000 1.000000
    outer loop
      vertex 12.0672 4.4542 3.0000
      vertex 22.5534 5.6617 3.0000
      vertex 22.5520 5.6674 3.0000
    endloop
  endfacet
  facet normal 0.000000 0.000000 1.000000
    outer loop
      vertex 12.0672 4.4542 3.0000
      vertex 22.5520 5.6674 3.0000
      vertex 22.5514 5.6703 3.0000
    endloop
  endfacet
  facet normal 0.000000 0.000000 1.000000
    outer loop
      vertex 12.0672 4.4542 3.0000
      vertex 22.5514 5.6703 3.0000
      vertex 22.2164 7.2455 3.0000
    endloop
  endfacet
  facet normal 0.000000 0.000000 1.000000
    outer loop
      vertex 11.0379 4.3324 3.0000
      vertex 12.0672 4.4542 3.0000
      vertex 22.2164 7.2455 3.0000
    endloop
  endfacet
  facet normal 0.000000 0.000000 1.000000
    outer loop
      vertex 11.0301 4.3313 3.0000
      vertex 11.0379 4.3324 3.0000
      vertex 22.2164 7.2455 3.0000
    endloop
  endfacet
  facet normal 0.000000 0.000000 1.000000
    outer loop
      vertex 11.0080 4.3260 3.0000
      vertex 11.0301 4.3313 3.0000
      vertex 22.2164 7.2455 3.0000
    endloop
  endfacet
  facet normal 0.000000 0.000000 1.000000
    outer loop
      vertex 11.0080 4.3260 3.0000
      vertex 22.2164 7.2455 3.0000
      vertex 22.2151 7.2518 3.0000
    endloop
  endfacet
  facet normal 0.000000 0.000000 1.000000
    outer loop
      vertex 11.0080 4.3260 3.0000
      vertex 22.2151 7.2518 3.0000
      vertex 22.2141 7.2581 3.0000
    endloop
  endfacet
  facet normal 0.000000 0.000000 1.000000
    outer loop
      vertex 11.0080 4.3260 3.0000
      vertex 22.2141 7.2581 3.0000
      vertex 21.9970 8.7392 3.0000
    endloop
  endfacet
  facet normal 0.000000 0.000000 1.000000
    outer loop
      vertex 0.5939 1.5592 3.0000
      vertex 11.0080 4.3260 3.0000
      vertex 21.9970 8.7392 3.0000
    endloop
  endfacet
  facet normal 0.000000 0.000000 1.000000
    outer loop
      vertex 0.5939 1.5592 3.0000
      vertex 21.9970 8.7392 3.0000
      vertex 21.9957 8.7506 3.0000
    endloop
  endfacet
  facet normal 0.000000 0.000000 1.000000
    outer loop
      vertex 0.5939 1.5592 3.0000
      vertex 21.9957 8.7506 3.0000
      vertex 21.9951 8.7620 3.0000
    endloop
  endfacet
  facet normal 0.000000 0.000000 1.000000
    outer loop
      vertex 0.5939 1.5592 3.0000
      vertex 21.9951 8.7620 3.0000
      vertex 21.9673 10.0125 3.0000
    endloop
  endfacet
  facet normal 0.000000 0.000000 1.000000
    outer loop
      vertex 0.5939 1.5592 3.0000
      vertex 21.9673 10.0125 3.0000
      vertex 21.9674 10.0201 3.0000
    endloop
  endfacet
  facet normal 0.000000 0.000000 1.000000
    outer loop
      vertex 0.5939 1.5592 3.0000
      vertex 21.9674 10.0201 3.0000
      vertex 21.9698 10.0419 3.0000
    endloop
  endfacet
  facet normal 0.000000 0.000000 1.000000
    outer loop
      vertex 0.5939 1.5592 3.0000
      vertex 21.9698 10.0419 3.0000
      vertex 21.9713 10.0494 3.0000
    endloop
  endfacet
  facet normal 0.000000 0.000000 1.000000
    outer loop
      vertex 0.5939 1.5592 3.0000
      vertex 21.9713 10.0494 3.0000
      vertex 22.1834 10.9356 3.0000
    endloop
  endfacet
  facet normal 0.000000 0.000000 1.000000
    outer loop
      vertex 0.5939 1.5592 3.0000
      vertex 22.1834 10.9356 3.0000
      vertex 22.1858 10.9443 3.0000
    endloop
  endfacet
  facet normal 0.000000 0.000000 1.000000
    outer loop
      vertex 0.5939 1.5592 3.0000
      vertex 22.1858 10.9443 3.0000
      vertex 22.1931 10.9627 3.0000
    endloop
  endfacet
  facet normal 0.000000 0.000000 1.000000
    outer loop
      vertex 0.5939 1.5592 3.0000
      vertex 22.1931 10.9627 3.0000
      vertex 22.1998 10.9745 3.0000
    endloop
  endfacet
  facet normal 0.000000 0.000000 1.000000
    outer loop
      vertex 0.5939 1.5592 3.0000
      vertex 22.1998 10.9745 3.0000
      vertex 22.2081 10.9853 3.0000
    endloop
  endfacet
  facet normal 0.000000 0.000000 1.000000
    outer loop
      vertex 0.5939 1.5592 3.0000
      vertex 22.2081 10.9853 3.0000
      vertex 22.2224 10.9994 3.0000
    endloop
  endfacet
  facet normal 0.000000 0.000000 1.000000
    outer loop
      vertex 0.5939 1.5592 3.0000
      vertex 22.2224 10.9994 3.0000
      vertex 22.2296 11.0052 3.0000
    endloop
  endfacet
  facet normal 0.000000 0.000000 1.000000
    outer loop
      vertex 0.5939 1.5592 3.0000
      vertex 22.2296 11.0052 3.0000
      vertex 22.7267 11.3797 3.0000
    endloop
  endfacet
  facet normal 0.000000 0.000000 1.000000
    outer loop
      vertex 0.5939 1.5592 3.0000
      vertex 22.7267 11.3797 3.0000
      vertex 22.7335 11.3845 3.0000
    endloop
  endfacet
  facet normal 0.000000 0.000000 1.000000
    outer loop
      vertex 24.4852 10.8085 3.0000
      vertex 24.5444 10.7902 3.0000
      vertex 24.6055 10.7792 3.0000
    endloop
  endfacet
  facet normal 0.000000 0.000000 1.000000
    outer loop
      vertex 24.4852 10.8085 3.0000
      vertex 24.6055 10.7792 3.0000
      vertex 24.6677 10.7758 3.0000
    endloop
  endfacet
  facet normal 0.000000 0.000000 1.000000
    outer loop
      vertex 23.6997 11.1043 3.0000
      vertex 24.4852 10.8085 3.0000
      vertex 24.6677 10.7758 3.0000
    endloop
  endfacet
  facet normal 0.000000 0.000000 1.000000
    outer loop
      vertex 23.6974 11.1051 3.0000
      vertex 23.6997 11.1043 3.0000
      vertex 24.6677 10.7758 3.0000
    endloop
  endfacet
  facet normal 0.000000 0.000000 1.000000
    outer loop
      vertex 23.6927 11.1068 3.0000
      vertex 23.6974 11.1051 3.0000
      vertex 24.6677 10.7758 3.0000
    endloop
  endfacet
  facet normal 0.000000 0.000000 1.000000
    outer loop
      vertex 23.6927 11.1068 3.0000
      vertex 24.6677 10.7758 3.0000
      vertex 24.7300 10.7799 3.0000
    endloop
  endfacet
  facet normal 0.000000 0.000000 1.000000
    outer loop
      vertex 22.8348 11.3976 3.0000
      vertex 23.6927 11.1068 3.0000
      vertex 24.7300 10.7799 3.0000
    endloop
  endfacet
  facet normal 0.000000 0.000000 1.000000
    outer loop
      vertex 22.8348 11.3976 3.0000
      vertex 24.7300 10.7799 3.0000
      vertex 24.7914 10.7915 3.0000
    endloop
  endfacet
  facet normal 0.000000 0.000000 1.000000
    outer loop
      vertex 22.8348 11.3976 3.0000
      vertex 24.7914 10.7915 3.0000
      vertex 25.1769 10.8891 3.0000
    endloop
  endfacet
  facet normal 0.000000 0.000000 1.000000
    outer loop
      vertex 22.8348 11.3976 3.0000
      vertex 25.1769 10.8891 3.0000
      vertex 25.2349 10.9075 3.0000
    endloop
  endfacet
  facet normal 0.000000 0.000000 1.000000
    outer loop
      vertex 22.8348 11.3976 3.0000
      vertex 25.2349 10.9075 3.0000
      vertex 25.2902 10.9326 3.0000
    endloop
  endfacet
  facet normal 0.000000 0.000000 1.000000
    outer loop
      vertex 22.8269 11.4000 3.0000
      vertex 22.8348 11.3976 3.0000
      vertex 25.2902 10.9326 3.0000
    endloop
  endfacet
  facet normal 0.000000 0.000000 1.000000
    outer loop
      vertex 22.8093 11.4036 3.0000
      vertex 22.8269 11.4000 3.0000
      vertex 25.2902 10.9326 3.0000
    endloop
  endfacet
  facet normal 0.000000 0.000000 1.000000
    outer loop
      vertex 22.8093 11.4036 3.0000
      vertex 25.2902 10.9326 3.0000
      vertex 25.3421 10.9640 3.0000
    endloop
  endfacet
  facet normal 0.000000 0.000000 1.000000
    outer loop
      vertex 22.8093 11.4036 3.0000
      vertex 25.3421 10.9640 3.0000
      vertex 25.3898 11.0013 3.0000
    endloop
  endfacet
  facet normal 0.000000 0.000000 1.000000
    outer loop
      vertex 22.8093 11.4036 3.0000
      vertex 25.3898 11.0013 3.0000
      vertex 25.4325 11.0439 3.0000
    endloop
  endfacet
  facet normal -0.000000 0.000000 1.000000
    outer loop
      vertex 22.8093 11.4036 3.0000
      vertex 25.4325 11.0439 3.0000
      vertex 25.7773 11.4320 3.0000
    endloop
  endfacet
  facet normal 0.000000 0.000000 1.000000
    outer loop
      vertex 22.8093 11.4036 3.0000
      vertex 25.7773 11.4320 3.0000
      vertex 25.8152 11.4803 3.0000
    endloop
  endfacet
  facet normal 0.000000 0.000000 1.000000
    outer loop
      vertex 22.8093 11.4036 3.0000
      vertex 25.8152 11.4803 3.0000
      vertex 25.8467 11.5328 3.0000
    endloop
  endfacet
  facet normal 0.000000 0.000000 1.000000
    outer loop
      vertex 22.8093 11.4036 3.0000
      vertex 25.8467 11.5328 3.0000
      vertex 25.8713 11.5885 3.0000
    endloop
  endfacet
  facet normal -0.000000 0.000000 1.000000
    outer loop
      vertex 22.7971 11.4046 3.0000
      vertex 22.8093 11.4036 3.0000
      vertex 25.8713 11.5885 3.0000
    endloop
  endfacet
  facet normal 0.000000 0.000000 1.000000
    outer loop
      vertex 22.7847 11.4040 3.0000
      vertex 22.7971 11.4046 3.0000
      vertex 25.8713 11.5885 3.0000
    endloop
  endfacet
  facet normal 0.000000 0.000000 1.000000
    outer loop
      vertex 22.7847 11.4040 3.0000
      vertex 25.8713 11.5885 3.0000
      vertex 26.1383 12.3108 3.0000
    endloop
  endfacet
  facet normal 0.000000 0.000000 1.000000
    outer loop
      vertex 22.7847 11.4040 3.0000
      vertex 26.1383 12.3108 3.0000
      vertex 26.1553 12.3672 3.0000
    endloop
  endfacet
  facet normal 0.000000 0.000000 1.000000
    outer loop
      vertex 22.7847 11.4040 3.0000
      vertex 26.1553 12.3672 3.0000
      vertex 26.1654 12.4250 3.0000
    endloop
  endfacet
  facet normal 0.000000 0.000000 1.000000
    outer loop
      vertex 22.7725 11.4020 3.0000
      vertex 22.7847 11.4040 3.0000
      vertex 26.1654 12.4250 3.0000
    endloop
  endfacet
  facet normal 0.000000 0.000000 1.000000
    outer loop
      vertex 22.7606 11.3985 3.0000
      vertex 22.7725 11.4020 3.0000
      vertex 26.1654 12.4250 3.0000
    endloop
  endfacet
  facet normal 0.000000 0.000000 1.000000
    outer loop
      vertex 22.7606 11.3985 3.0000
      vertex 26.1654 12.4250 3.0000
      vertex 26.2675 13.3297 3.0000
    endloop
  endfacet
  facet normal 0.000000 0.000000 1.000000
    outer loop
      vertex 22.7606 11.3985 3.0000
      vertex 26.2675 13.3297 3.0000
      vertex 26.2706 13.3796 3.0000
    endloop
  endfacet
  facet normal 0.000000 0.000000 1.000000
    outer loop
      vertex 22.7606 11.3985 3.0000
      vertex 26.2706 13.3796 3.0000
      vertex 26.2685 13.4294 3.0000
    endloop
  endfacet
  facet normal 0.000000 0.000000 1.000000
    outer loop
      vertex 22.7606 11.3985 3.0000
      vertex 26.2685 13.4294 3.0000
      vertex 26.1835 14.3347 3.0000
    endloop
  endfacet
  facet normal 0.000000 0.000000 1.000000
    outer loop
      vertex 22.7492 11.3936 3.0000
      vertex 22.7606 11.3985 3.0000
      vertex 26.1835 14.3347 3.0000
    endloop
  endfacet
  facet normal 0.000000 0.000000 1.000000
    outer loop
      vertex 0.5939 1.5592 3.0000
      vertex 22.7335 11.3845 3.0000
      vertex 22.7492 11.3936 3.0000
    endloop
  endfacet
  facet normal 0.000000 0.000000 1.000000
    outer loop
      vertex 0.5939 1.5592 3.0000
      vertex 22.7492 11.3936 3.0000
      vertex 26.1835 14.3347 3.0000
    endloop
  endfacet
  facet normal 0.000000 0.000000 1.000000
    outer loop
      vertex 0.5939 1.5592 3.0000
      vertex 26.1835 14.3347 3.0000
      vertex 26.1745 14.3926 3.0000
    endloop
  endfacet
  facet normal 0.000000 0.000000 1.000000
    outer loop
      vertex 0.5939 1.5592 3.0000
      vertex 26.1745 14.3926 3.0000
      vertex 26.1586 14.4489 3.0000
    endloop
  endfacet
  facet normal 0.000000 0.000000 1.000000
    outer loop
      vertex 0.5939 1.5592 3.0000
      vertex 26.1586 14.4489 3.0000
      vertex 25.9059 15.1718 3.0000
    endloop
  endfacet
  facet normal 0.000000 0.000000 1.000000
    outer loop
      vertex 0.5939 1.5592 3.0000
      vertex 25.9059 15.1718 3.0000
      vertex 25.8824 15.2277 3.0000
    endloop
  endfacet
  facet normal 0.000000 0.000000 1.000000
    outer loop
      vertex 0.5939 1.5592 3.0000
      vertex 25.8824 15.2277 3.0000
      vertex 25.8520 15.2801 3.0000
    endloop
  endfacet
  facet normal 0.000000 0.000000 1.000000
    outer loop
      vertex 0.5939 1.5592 3.0000
      vertex 25.8520 15.2801 3.0000
      vertex 25.8153 15.3282 3.0000
    endloop
  endfacet
  facet normal 0.000000 0.000000 1.000000
    outer loop
      vertex 0.5939 1.5592 3.0000
      vertex 25.8153 15.3282 3.0000
      vertex 25.4796 15.7149 3.0000
    endloop
  endfacet
  facet normal 0.000000 0.000000 1.000000
    outer loop
      vertex 0.5939 1.5592 3.0000
      vertex 25.4796 15.7149 3.0000
      vertex 25.4379 15.7573 3.0000
    endloop
  endfacet
  facet normal 0.000000 0.000000 1.000000
    outer loop
      vertex 0.5939 1.5592 3.0000
      vertex 25.4379 15.7573 3.0000
      vertex 25.3913 15.7942 3.0000
    endloop
  endfacet
  facet normal 0.000000 0.000000 1.000000
    outer loop
      vertex 0.5939 1.5592 3.0000
      vertex 25.3913 15.7942 3.0000
      vertex 25.3403 15.8252 3.0000
    endloop
  endfacet
  facet normal 0.000000 0.000000 1.000000
    outer loop
      vertex 0.5939 1.5592 3.0000
      vertex 25.3403 15.8252 3.0000
      vertex 25.2859 15.8496 3.0000
    endloop
  endfacet
  facet normal 0.000000 0.000000 1.000000
    outer loop
      vertex 0.5939 1.5592 3.0000
      vertex 25.2859 15.8496 3.0000
      vertex 25.2287 15.8673 3.0000
    endloop
  endfacet
  facet normal 0.000000 0.000000 1.000000
    outer loop
      vertex 0.5939 1.5592 3.0000
      vertex 25.2287 15.8673 3.0000
      vertex 24.8481 15.9594 3.0000
    endloop
  endfacet
  facet normal 0.000000 0.000000 1.000000
    outer loop
      vertex 0.5939 1.5592 3.0000
      vertex 24.8481 15.9594 3.0000
      vertex 24.7875 15.9701 3.0000
    endloop
  endfacet
  facet normal 0.000000 0.000000 1.000000
    outer loop
      vertex 0.5939 1.5592 3.0000
      vertex 24.7875 15.9701 3.0000
      vertex 24.7259 15.9732 3.0000
    endloop
  endfacet
  facet normal 0.000000 0.000000 1.000000
    outer loop
      vertex 0.5939 1.5592 3.0000
      vertex 24.7259 15.9732 3.0000
      vertex 24.6642 15.9685 3.0000
    endloop
  endfacet
  facet normal 0.000000 0.000000 1.000000
    outer loop
      vertex 0.5939 1.5592 3.0000
      vertex 24.6642 15.9685 3.0000
      vertex 24.6034 15.9562 3.0000
    endloop
  endfacet
  facet normal 0.000000 0.000000 1.000000
    outer loop
      vertex 0.5939 1.5592 3.0000
      vertex 24.6034 15.9562 3.0000
      vertex 24.5444 15.9365 3.0000
    endloop
  endfacet
  facet normal 0.000000 0.000000 1.000000
    outer loop
      vertex 0.5939 1.5592 3.0000
      vertex 24.5444 15.9365 3.0000
      vertex 23.7604 15.6189 3.0000
    endloop
  endfacet
  facet normal 0.000000 0.000000 1.000000
    outer loop
      vertex 0.5939 1.5592 3.0000
      vertex 23.7604 15.6189 3.0000
      vertex 23.7557 15.6171 3.0000
    endloop
  endfacet
  facet normal 0.000000 0.000000 1.000000
    outer loop
      vertex 0.5939 1.5592 3.0000
      vertex 23.7557 15.6171 3.0000
      vertex 23.7534 15.6162 3.0000
    endloop
  endfacet
  facet normal 0.000000 0.000000 1.000000
    outer loop
      vertex 0.5939 1.5592 3.0000
      vertex 23.7534 15.6162 3.0000
      vertex 22.8956 15.2975 3.0000
    endloop
  endfacet
  facet normal 0.000000 0.000000 1.000000
    outer loop
      vertex 0.5939 1.5592 3.0000
      vertex 22.8956 15.2975 3.0000
      vertex 22.8877 15.2948 3.0000
    endloop
  endfacet
  facet normal 0.000000 0.000000 1.000000
    outer loop
      vertex 0.5939 1.5592 3.0000
      vertex 22.8877 15.2948 3.0000
      vertex 22.8702 15.2907 3.0000
    endloop
  endfacet
  facet normal 0.000000 0.000000 1.000000
    outer loop
      vertex 0.5939 1.5592 3.0000
      vertex 22.8702 15.2907 3.0000
      vertex 22.8580 15.2893 3.0000
    endloop
  endfacet
  facet normal 0.000000 0.000000 1.000000
    outer loop
      vertex 0.5939 1.5592 3.0000
      vertex 22.8580 15.2893 3.0000
      vertex 22.8458 15.2895 3.0000
    endloop
  endfacet
  facet normal 0.000000 0.000000 1.000000
    outer loop
      vertex 0.5939 1.5592 3.0000
      vertex 22.8458 15.2895 3.0000
      vertex 22.8337 15.2913 3.0000
    endloop
  endfacet
  facet normal 0.000000 0.000000 1.000000
    outer loop
      vertex 0.5939 1.5592 3.0000
      vertex 22.8337 15.2913 3.0000
      vertex 22.8221 15.2945 3.0000
    endloop
  endfacet
  facet normal 0.000000 0.000000 1.000000
    outer loop
      vertex 0.5939 1.5592 3.0000
      vertex 22.8221 15.2945 3.0000
      vertex 22.8109 15.2992 3.0000
    endloop
  endfacet
  facet normal 0.000000 0.000000 1.000000
    outer loop
      vertex 0.5939 1.5592 3.0000
      vertex 22.8109 15.2992 3.0000
      vertex 22.7956 15.3080 3.0000
    endloop
  endfacet
  facet normal 0.000000 0.000000 1.000000
    outer loop
      vertex 0.5939 1.5592 3.0000
      vertex 22.7956 15.3080 3.0000
      vertex 22.7890 15.3127 3.0000
    endloop
  endfacet
  facet normal 0.000000 0.000000 1.000000
    outer loop
      vertex 0.5939 1.5592 3.0000
      vertex 22.7890 15.3127 3.0000
      vertex 22.3081 15.6823 3.0000
    endloop
  endfacet
  facet normal 0.000000 0.000000 1.000000
    outer loop
      vertex 0.5939 1.5592 3.0000
      vertex 22.3081 15.6823 3.0000
      vertex 22.3012 15.6880 3.0000
    endloop
  endfacet
  facet normal 0.000000 0.000000 1.000000
    outer loop
      vertex 0.5939 1.5592 3.0000
      vertex 22.3012 15.6880 3.0000
      vertex 22.2875 15.7021 3.0000
    endloop
  endfacet
  facet normal 0.000000 0.000000 1.000000
    outer loop
      vertex 0.5939 1.5592 3.0000
      vertex 22.2875 15.7021 3.0000
      vertex 22.2796 15.7130 3.0000
    endloop
  endfacet
  facet normal 0.000000 0.000000 1.000000
    outer loop
      vertex 0.5939 1.5592 3.0000
      vertex 22.2796 15.7130 3.0000
      vertex 22.2733 15.7250 3.0000
    endloop
  endfacet
  facet normal 0.000000 0.000000 1.000000
    outer loop
      vertex 0.5939 1.5592 3.0000
      vertex 22.2733 15.7250 3.0000
      vertex 22.2666 15.7437 3.0000
    endloop
  endfacet
  facet normal 0.000000 0.000000 1.000000
    outer loop
      vertex 0.5939 1.5592 3.0000
      vertex 22.2666 15.7437 3.0000
      vertex 22.2645 15.7526 3.0000
    endloop
  endfacet
  facet normal 0.000000 0.000000 1.000000
    outer loop
      vertex 0.5939 1.5592 3.0000
      vertex 22.2645 15.7526 3.0000
      vertex 22.0785 16.6638 3.0000
    endloop
  endfacet
  facet normal 0.000000 0.000000 1.000000
    outer loop
      vertex 0.5939 1.5592 3.0000
      vertex 22.0785 16.6638 3.0000
      vertex 22.0771 16.6716 3.0000
    endloop
  endfacet
  facet normal 0.000000 0.000000 1.000000
    outer loop
      vertex 0.5939 1.5592 3.0000
      vertex 22.0771 16.6716 3.0000
      vertex 22.0753 16.6942 3.0000
    endloop
  endfacet
  facet normal 0.000000 0.000000 1.000000
    outer loop
      vertex 0.5939 1.5592 3.0000
      vertex 22.0753 16.6942 3.0000
      vertex 22.0753 16.7021 3.0000
    endloop
  endfacet
  facet normal 0.000000 0.000000 1.000000
    outer loop
      vertex 0.5939 1.5592 3.0000
      vertex 22.0753 16.7021 3.0000
      vertex 22.1214 18.0065 3.0000
    endloop
  endfacet
  facet normal 0.000000 0.000000 1.000000
    outer loop
      vertex 0.5939 1.5592 3.0000
      vertex 22.1214 18.0065 3.0000
      vertex 22.1221 18.0184 3.0000
    endloop
  endfacet
  facet normal 0.000000 0.000000 1.000000
    outer loop
      vertex 0.5939 1.5592 3.0000
      vertex 22.1221 18.0184 3.0000
      vertex 22.1235 18.0303 3.0000
    endloop
  endfacet
  facet normal 0.000000 0.000000 1.000000
    outer loop
      vertex 0.5939 1.5592 3.0000
      vertex 22.1235 18.0303 3.0000
      vertex 22.3380 19.5719 3.0000
    endloop
  endfacet
  facet normal 0.000000 0.000000 1.000000
    outer loop
      vertex 0.5939 1.5592 3.0000
      vertex 22.3380 19.5719 3.0000
      vertex 22.3390 19.5785 3.0000
    endloop
  endfacet
  facet normal 0.000000 0.000000 1.000000
    outer loop
      vertex 0.5939 1.5592 3.0000
      vertex 22.3390 19.5785 3.0000
      vertex 22.3402 19.5850 3.0000
    endloop
  endfacet
  facet normal 0.000000 0.000000 1.000000
    outer loop
      vertex 0.5939 1.5592 3.0000
      vertex 22.3402 19.5850 3.0000
      vertex 22.6596 21.2045 3.0000
    endloop
  endfacet
  facet normal 0.000000 0.000000 1.000000
    outer loop
      vertex 0.5939 1.5592 3.0000
      vertex 22.6596 21.2045 3.0000
      vertex 22.6608 21.2103 3.0000
    endloop
  endfacet
  facet normal 0.000000 0.000000 1.000000
    outer loop
      vertex 0.5939 1.5592 3.0000
      vertex 22.6608 21.2103 3.0000
      vertex 22.6615 21.2133 3.0000
    endloop
  endfacet
  facet normal 0.000000 0.000000 1.000000
    outer loop
      vertex 0.5939 1.5592 3.0000
      vertex 22.6615 21.2133 3.0000
      vertex 23.0218 22.7500 3.0000
    endloop
  endfacet
  facet normal 0.000000 0.000000 1.000000
    outer loop
      vertex 0.5939 1.5592 3.0000
      vertex 23.0218 22.7500 3.0000
      vertex 23.0227 22.7540 3.0000
    endloop
  endfacet
  facet normal 0.000000 0.000000 1.000000
    outer loop
      vertex 0.5939 1.5592 3.0000
      vertex 23.0227 22.7540 3.0000
      vertex 23.0232 22.7560 3.0000
    endloop
  endfacet
  facet normal 0.000000 0.000000 1.000000
    outer loop
      vertex 0.5939 1.5592 3.0000
      vertex 23.0232 22.7560 3.0000
      vertex 23.3610 24.0530 3.0000
    endloop
  endfacet
  facet normal 0.000000 0.000000 1.000000
    outer loop
      vertex 0.5939 1.5592 3.0000
      vertex 23.3610 24.0530 3.0000
      vertex 23.3614 24.0548 3.0000
    endloop
  endfacet
  facet normal 0.000000 0.000000 1.000000
    outer loop
      vertex 0.5939 1.5592 3.0000
      vertex 23.3614 24.0548 3.0000
      vertex 23.4919 24.5214 3.0000
    endloop
  endfacet
  facet normal 0.000000 0.000000 1.000000
    outer loop
      vertex 0.5939 1.5592 3.0000
      vertex 23.4919 24.5214 3.0000
      vertex 23.5054 24.5857 3.0000
    endloop
  endfacet
  facet normal 0.000000 0.000000 1.000000
    outer loop
      vertex 0.5939 1.5592 3.0000
      vertex 23.5054 24.5857 3.0000
      vertex 23.5105 24.6511 3.0000
    endloop
  endfacet
  facet normal 0.000000 0.000000 1.000000
    outer loop
      vertex 0.5939 1.5592 3.0000
      vertex 23.5105 24.6511 3.0000
      vertex 23.5071 24.7166 3.0000
    endloop
  endfacet
  facet normal 0.000000 0.000000 1.000000
    outer loop
      vertex 0.5939 1.5592 3.0000
      vertex 23.5071 24.7166 3.0000
      vertex 23.4951 24.7809 3.0000
    endloop
  endfacet
  facet normal 0.000000 0.000000 1.000000
    outer loop
      vertex 0.5939 1.5592 3.0000
      vertex 23.4951 24.7809 3.0000
      vertex 23.4750 24.8430 3.0000
    endloop
  endfacet
  facet normal 0.000000 0.000000 1.000000
    outer loop
      vertex 0.5939 1.5592 3.0000
      vertex 23.4750 24.8430 3.0000
      vertex 23.4469 24.9019 3.0000
    endloop
  endfacet
  facet normal 0.000000 0.000000 1.000000
    outer loop
      vertex 0.5939 1.5592 3.0000
      vertex 23.4469 24.9019 3.0000
      vertex 23.4113 24.9564 3.0000
    endloop
  endfacet
  facet normal 0.000000 0.000000 1.000000
    outer loop
      vertex 0.5939 1.5592 3.0000
      vertex 23.4113 24.9564 3.0000
      vertex 23.3690 25.0057 3.0000
    endloop
  endfacet
  facet normal 0.000000 0.000000 1.000000
    outer loop
      vertex 0.5939 1.5592 3.0000
      vertex 23.3690 25.0057 3.0000
      vertex 23.3206 25.0488 3.0000
    endloop
  endfacet
  facet normal 0.000000 0.000000 1.000000
    outer loop
      vertex 0.5939 1.5592 3.0000
      vertex 23.3206 25.0488 3.0000
      vertex 23.2669 25.0852 3.0000
    endloop
  endfacet
  facet normal 0.000000 0.000000 1.000000
    outer loop
      vertex 0.5939 1.5592 3.0000
      vertex 23.2669 25.0852 3.0000
      vertex 23.2089 25.1140 3.0000
    endloop
  endfacet
  facet normal 0.000000 0.000000 1.000000
    outer loop
      vertex 0.5939 1.5592 3.0000
      vertex 23.2089 25.1140 3.0000
      vertex 23.1476 25.1349 3.0000
    endloop
  endfacet
  facet normal 0.000000 0.000000 1.000000
    outer loop
      vertex 0.5939 1.5592 3.0000
      vertex 23.1476 25.1349 3.0000
      vertex 23.0840 25.1475 3.0000
    endloop
  endfacet
  facet normal 0.000000 0.000000 1.000000
    outer loop
      vertex 0.5939 1.5592 3.0000
      vertex 23.0840 25.1475 3.0000
      vertex 23.0193 25.1515 3.0000
    endloop
  endfacet
  facet normal 0.000000 0.000000 1.000000
    outer loop
      vertex 0.5939 1.5592 3.0000
      vertex 23.0193 25.1515 3.0000
      vertex 0.6779 25.2102 3.0000
    endloop
  endfacet
  facet normal 0.000000 0.000000 1.000000
    outer loop
      vertex 0.5939 1.5592 3.0000
      vertex 0.6779 25.2102 3.0000
      vertex 0.6130 25.2063 3.0000
    endloop
  endfacet
  facet normal 0.000000 -0.000000 1.000000
    outer loop
      vertex 0.5939 1.5592 3.0000
      vertex 0.6130 25.2063 3.0000
      vertex 0.5492 25.1939 3.0000
    endloop
  endfacet
  facet normal 0.000000 0.000000 1.000000
    outer loop
      vertex 0.5939 1.5592 3.0000
      vertex 0.5492 25.1939 3.0000
      vertex 0.4877 25.1734 3.0000
    endloop
  endfacet
  facet normal 0.000000 0.000000 1.000000
    outer loop
      vertex 0.5939 1.5592 3.0000
      vertex 0.4877 25.1734 3.0000
      vertex 0.4295 25.1449 3.0000
    endloop
  endfacet
  facet normal 0.000000 0.000000 1.000000
    outer loop
      vertex 0.5939 1.5592 3.0000
      vertex 0.4295 25.1449 3.0000
      vertex 0.3756 25.1091 3.0000
    endloop
  endfacet
  facet normal 0.000000 0.000000 1.000000
    outer loop
      vertex 0.5939 1.5592 3.0000
      vertex 0.3756 25.1091 3.0000
      vertex 0.3269 25.0664 3.0000
    endloop
  endfacet
  facet normal 0.000000 0.000000 1.000000
    outer loop
      vertex 0.5939 1.5592 3.0000
      vertex 0.3269 25.0664 3.0000
      vertex 0.2843 25.0178 3.0000
    endloop
  endfacet
  facet normal 0.000000 0.000000 1.000000
    outer loop
      vertex 0.5939 1.5592 3.0000
      vertex 0.2843 25.0178 3.0000
      vertex 0.2484 24.9639 3.0000
    endloop
  endfacet
  facet normal 0.000000 0.000000 1.000000
    outer loop
      vertex 0.5939 1.5592 3.0000
      vertex 0.2484 24.9639 3.0000
      vertex 0.2200 24.9057 3.0000
    endloop
  endfacet
  facet normal 0.000000 0.000000 1.000000
    outer loop
      vertex 0.5939 1.5592 3.0000
      vertex 0.2200 24.9057 3.0000
      vertex 0.1994 24.8442 3.0000
    endloop
  endfacet
  facet normal 0.000000 0.000000 1.000000
    outer loop
      vertex 0.5939 1.5592 3.0000
      vertex 0.1994 24.8442 3.0000
      vertex 0.1870 24.7805 3.0000
    endloop
  endfacet
  facet normal 0.000000 0.000000 1.000000
    outer loop
      vertex 0.5939 1.5592 3.0000
      vertex 0.1870 24.7805 3.0000
      vertex 0.1831 24.7157 3.0000
    endloop
  endfacet
  facet normal 0.000000 0.000000 1.000000
    outer loop
      vertex 0.5939 1.5592 3.0000
      vertex 0.1831 24.7157 3.0000
      vertex 0.2307 2.0336 3.0000
    endloop
  endfacet
  facet normal 0.000000 0.000000 1.000000
    outer loop
      vertex 0.5939 1.5592 3.0000
      vertex 0.2307 2.0336 3.0000
      vertex 0.2346 1.9696 3.0000
    endloop
  endfacet
  facet normal 0.000000 0.000000 1.000000
    outer loop
      vertex 0.5939 1.5592 3.0000
      vertex 0.2346 1.9696 3.0000
      vertex 0.2469 1.9066 3.0000
    endloop
  endfacet
  facet normal 0.000000 0.000000 1.000000
    outer loop
      vertex 0.5939 1.5592 3.0000
      vertex 0.2469 1.9066 3.0000
      vertex 0.2673 1.8459 3.0000
    endloop
  endfacet
  facet normal 0.000000 0.000000 1.000000
    outer loop
      vertex 0.5939 1.5592 3.0000
      vertex 0.2673 1.8459 3.0000
      vertex 0.2955 1.7883 3.0000
    endloop
  endfacet
  facet normal 0.000000 0.000000 1.000000
    outer loop
      vertex 0.5939 1.5592 3.0000
      vertex 0.2955 1.7883 3.0000
      vertex 0.3310 1.7350 3.0000
    endloop
  endfacet
  facet normal 0.000000 0.000000 1.000000
    outer loop
      vertex 0.5939 1.5592 3.0000
      vertex 0.3310 1.7350 3.0000
      vertex 0.3733 1.6867 3.0000
    endloop
  endfacet
  facet normal 0.000000 0.000000 1.000000
    outer loop
      vertex 0.5939 1.5592 3.0000
      vertex 0.3733 1.6867 3.0000
      vertex 0.4215 1.6443 3.0000
    endloop
  endfacet
  facet normal 0.000000 0.000000 1.000000
    outer loop
      vertex 0.5939 1.5592 3.0000
      vertex 0.4215 1.6443 3.0000
      vertex 0.4750 1.6086 3.0000
    endloop
  endfacet
  facet normal 0.000000 0.000000 1.000000
    outer loop
      vertex 0.4750 1.6086 3.0000
      vertex 0.5328 1.5800 3.0000
      vertex 0.5939 1.5592 3.0000
    endloop
  endfacet
endsolid pyjigsaw-shrink-0p10-piece-03
